strategy,run_id,map_seed,timestep,coverage,total_distance,overlap_percentage
random,1,1,1,0.16999999999999998,5,75.71428571428571
random,1,1,2,0.22,10,84.39716312056737
random,1,1,3,0.24,15,88.9908256880734
random,1,1,4,0.29,20,90.46052631578947
random,1,1,5,0.35000000000000003,25,91.07142857142857
random,1,1,6,0.38,30,92.27642276422763
random,1,1,7,0.43,35,92.68707482993197
random,1,1,8,0.44,40,93.54838709677419
random,1,1,9,0.47000000000000003,45,93.88816644993499
random,1,1,10,0.47000000000000003,50,94.45754716981132
random,1,1,11,0.47000000000000003,55,94.97326203208556
random,1,1,12,0.47000000000000003,60,95.40566959921799
random,1,1,13,0.47000000000000003,65,95.77717879604673
random,1,1,14,0.47000000000000003,70,96.13486842105263
random,1,1,15,0.48,75,96.3855421686747
random,1,1,16,0.5,80,96.51324965132495
random,1,1,17,0.54,85,96.50259067357513
random,1,1,18,0.58,90,96.49758454106279
random,1,1,19,0.59,95,96.66289592760181
random,1,1,20,0.59,100,96.86337054758107
random,1,1,21,0.59,105,97.05294705294706
random,1,1,22,0.64,110,96.98539802166746
random,1,1,23,0.67,115,97.02750665483585
random,1,1,24,0.7100000000000001,120,97.02680067001675
random,1,1,25,0.72,125,97.15189873417721
random,1,1,26,0.72,130,97.3023604346197
random,1,1,27,0.79,135,97.187611249555
random,1,1,28,0.84,140,97.14770797962649
random,1,1,29,0.8699999999999999,145,97.16796875
random,1,1,30,0.91,150,97.15625
random,1,1,31,0.95,155,97.14714714714715
random,1,1,32,0.95,160,97.24876918621489
random,1,1,33,0.95,165,97.3411698852505
random,1,1,34,1.01,170,97.26287262872629
random,1,1,35,1.05,175,97.24047306176085
random,1,1,36,1.0999999999999999,180,97.19244512506381
random,1,1,37,1.1400000000000001,185,97.17542120911794
random,1,1,38,1.2,190,97.11260827718961
random,1,1,39,1.23,195,97.12415244330138
random,1,1,40,1.26,200,97.13180059185066
random,1,1,41,1.32,205,97.06927175843695
random,1,1,42,1.35,210,97.07792207792207
random,1,1,43,1.4200000000000002,215,97.00485129719468
random,1,1,44,1.43,220,97.05397610218377
random,1,1,45,1.4500000000000002,225,97.08308187487427
random,1,1,46,1.52,230,97.0102281667978
random,1,1,47,1.63,235,96.86176357335387
random,1,1,48,1.68,240,96.83436970039571
random,1,1,49,1.7000000000000002,245,96.86173158574857
random,1,1,50,1.76,250,96.81274900398407
random,1,1,51,1.78,255,96.83836589698046
random,1,1,52,1.7999999999999998,260,96.86465772513499
random,1,1,53,1.7999999999999998,265,96.92255086339546
random,1,1,54,1.8499999999999999,270,96.89232319838736
random,1,1,55,1.8900000000000001,275,96.88375927452597
random,1,1,56,1.91,280,96.90387420975847
random,1,1,57,1.97,285,96.86405603311047
random,1,1,58,1.97,290,96.92043145224324
random,1,1,59,1.9900000000000002,295,96.94410319410319
random,1,1,60,1.9900000000000002,300,96.99622641509434
random,1,1,61,2.0,305,97.03308114523068
random,1,1,62,2.0,310,97.0853978431944
random,1,1,63,2.0,315,97.13425992262502
random,1,1,64,2.0,320,97.1834952823546
random,1,1,65,2.02,325,97.20492597204927
random,1,1,66,2.0500000000000003,330,97.21429542057345
random,1,1,67,2.07,335,97.2385272145144
random,1,1,68,2.07,340,97.28986645718774
random,1,1,69,2.07,345,97.34001542020046
random,1,1,70,2.07,350,97.3876829883897
random,1,1,71,2.08,355,97.41967497829054
random,1,1,72,2.08,360,97.46310525673863
random,1,1,73,2.08,365,97.50659314313114
random,1,1,74,2.08,370,97.54716981132076
random,1,1,75,2.09,375,97.57315373896887
random,1,1,76,2.09,380,97.60978956999085
random,1,1,77,2.09,385,97.64533573681838
random,1,1,78,2.1,390,97.66899766899768
random,1,1,79,2.12,395,97.68103259680595
random,1,1,80,2.12,400,97.71576338756599
random,1,1,81,2.1399999999999997,405,97.72823779193206
random,1,1,82,2.15,410,97.750810754263
random,1,1,83,2.16,415,97.77388436566011
random,1,1,84,2.19,420,97.77597237737382
random,1,1,85,2.1999999999999997,425,97.79757733506858
random,1,1,86,2.1999999999999997,430,97.828447339848
random,1,1,87,2.1999999999999997,435,97.85762975947026
random,1,1,88,2.1999999999999997,440,97.88603824348996
random,1,1,89,2.1999999999999997,445,97.9125154189202
random,1,1,90,2.1999999999999997,450,97.9375644511109
random,1,1,91,2.1999999999999997,455,97.96183064665554
random,1,1,92,2.1999999999999997,460,97.986638601629
random,1,1,93,2.1999999999999997,465,98.00995024875621
random,1,1,94,2.1999999999999997,470,98.03360743653914
random,1,1,95,2.1999999999999997,475,98.0565371024735
random,1,1,96,2.1999999999999997,480,98.07809906525728
random,1,1,97,2.21,485,98.09054777950578
random,1,1,98,2.21,490,98.11111111111111
random,1,1,99,2.23,495,98.11432437003214
random,1,1,100,2.23,500,98.13498369156143
random,1,1,101,2.23,505,98.15611046800066
random,1,1,102,2.2399999999999998,510,98.16873773708306
random,1,1,103,2.25,515,98.18034775576223
random,1,1,104,2.27,520,98.18370939350297
random,1,1,105,2.27,525,98.20283429657192
random,1,1,106,2.27,530,98.22156063929802
random,1,1,107,2.27,535,98.2399007521129
random,1,1,108,2.27,540,98.25719769673704
random,1,1,109,2.27,545,98.27415798677109
random,1,1,110,2.27,550,98.2913059841927
random,1,1,111,2.2800000000000002,555,98.30002982403818
random,1,1,112,2.2800000000000002,560,98.31597606913361
random,1,1,113,2.2800000000000002,565,98.33162593297234
random,1,1,114,2.2800000000000002,570,98.3475866067546
random,1,1,115,2.29,575,98.35606604450825
random,1,1,116,2.29,580,98.37149765324989
random,1,1,117,2.29,585,98.3861874559549
random,1,1,118,2.34,590,98.36569353261628
random,1,1,119,2.34,595,98.38073489723894
random,1,1,120,2.34,600,98.39539189467187
random,1,1,121,2.36,605,98.39684804021466
random,1,1,122,2.41,610,98.37808735446531
random,1,1,123,2.44,615,98.37246531483459
random,1,1,124,2.44,620,98.38667019307061
random,1,1,125,2.44,625,98.4011532664963
random,1,1,126,2.44,630,98.41434884325449
random,1,1,127,2.44,635,98.42732839187883
random,1,1,128,2.44,640,98.44009717427438
random,1,1,129,2.44,645,98.45167840599022
random,1,1,130,2.44,650,98.46308893927942
random,1,1,131,2.44,655,98.47375992994309
random,1,1,132,2.44,660,98.48475439359126
random,1,1,133,2.45,665,98.48942598187311
random,1,1,134,2.46,670,98.49412340842312
random,1,1,135,2.46,675,98.50483194554185
random,1,1,136,2.48,680,98.50331925165963
random,1,1,137,2.5100000000000002,685,98.49583508120094
random,1,1,138,2.52,690,98.50124895920067
random,1,1,139,2.55,695,98.49477598724987
random,1,1,140,2.55,700,98.50606362411389
random,1,1,141,2.5700000000000003,705,98.50581395348837
random,1,1,142,2.59,710,98.50608525119686
random,1,1,143,2.63,715,98.49404489234998
random,1,1,144,2.63,720,98.50491728724916
random,1,1,145,2.63,725,98.51521481397843
random,1,1,146,2.63,730,98.52504065952554
random,1,1,147,2.63,735,98.53432902362907
random,1,1,148,2.63,740,98.54350113529378
random,1,1,149,2.64,745,98.54641559299637
random,1,1,150,2.64,750,98.55477089834127
random,1,1,151,2.64,755,98.56404677726407
random,1,1,152,2.64,760,98.57297297297298
random,1,1,153,2.65,765,98.5766462563111
random,1,1,154,2.6599999999999997,770,98.58050056032872
random,1,1,155,2.69,775,98.57370095440085
random,1,1,156,2.74,780,98.55645118803014
random,1,1,157,2.75,785,98.56073690270581
random,1,1,158,2.75,790,98.57016586076016
random,1,1,159,2.78,795,98.56375284149618
random,1,1,160,2.82,800,98.5520640788663
random,1,1,161,2.82,805,98.56093080220452
random,1,1,162,2.86,810,98.5497692814766
random,1,1,163,2.92,815,98.52896725440806
random,1,1,164,2.93,820,98.53316645807259
random,1,1,165,2.9499999999999997,825,98.53241132281975
random,1,1,166,3.01,830,98.5121107266436
random,1,1,167,3.02,835,98.5164079386913
random,1,1,168,3.05,840,98.51030575363876
random,1,1,169,3.05,845,98.51869839728023
random,1,1,170,3.05,850,98.5271392698474
random,1,1,171,3.05,855,98.53569542464832
random,1,1,172,3.05,860,98.54394424022533
random,1,1,173,3.05,865,98.55210064087349
random,1,1,174,3.05,870,98.55975822826652
random,1,1,175,3.05,875,98.5676043770253
random,1,1,176,3.09,880,98.55674918262494
random,1,1,177,3.1,885,98.55941261211024
random,1,1,178,3.1199999999999997,890,98.55762562988303
random,1,1,179,3.15,895,98.55105795768169
random,1,1,180,3.15,900,98.55795641823842
random,1,1,181,3.19,905,98.54735883424408
random,1,1,182,3.19,910,98.55499184634897
random,1,1,183,3.19,915,98.56248028480015
random,1,1,184,3.2,920,98.5652154418688
random,1,1,185,3.2,925,98.5723845639081
random,1,1,186,3.2099999999999995,930,98.57504328139566
random,1,1,187,3.2099999999999995,935,98.58159162211126
random,1,1,188,3.2099999999999995,940,98.58845257464492
random,1,1,189,3.2099999999999995,945,98.59549332749945
random,1,1,190,3.2099999999999995,950,98.60282916213275
random,1,1,191,3.2099999999999995,955,98.60978778692075
random,1,1,192,3.2099999999999995,960,98.61727331466724
random,1,1,193,3.2099999999999995,965,98.6243839725734
random,1,1,194,3.2399999999999998,970,98.61892583120205
random,1,1,195,3.2800000000000002,975,98.60899067005937
random,1,1,196,3.3099999999999996,980,98.60396457191058
random,1,1,197,3.3099999999999996,985,98.61111111111111
random,1,1,198,3.3099999999999996,990,98.6180694722779
random,1,1,199,3.3099999999999996,995,98.62524400880508
random,1,1,200,3.3099999999999996,1000,98.63240094203198
random,1,1,201,3.3099999999999996,1005,98.63926002055499
random,1,1,202,3.3099999999999996,1010,98.64582907171787
random,1,1,203,3.3099999999999996,1015,98.65249959290018
random,1,1,204,3.3099999999999996,1020,98.65910471946526
random,1,1,205,3.3099999999999996,1025,98.66591431220023
random,1,1,206,3.3099999999999996,1030,98.67244214494846
random,1,1,207,3.3099999999999996,1035,98.67911728321162
random,1,1,208,3.3099999999999996,1040,98.68577781307076
random,1,1,209,3.3099999999999996,1045,98.69206148496463
random,1,1,210,3.3099999999999996,1050,98.6983365448897
random,1,1,211,3.3099999999999996,1055,98.70450097847359
random,1,1,212,3.3099999999999996,1060,98.71080817916261
random,1,1,213,3.3099999999999996,1065,98.71690506648059
random,1,1,214,3.34,1070,98.71141975308642
random,1,1,215,3.35,1075,98.71366586030796
random,1,1,216,3.36,1080,98.71613618126935
random,1,1,217,3.36,1085,98.72233629933835
random,1,1,218,3.36,1090,98.72871736662883
random,1,1,219,3.36,1095,98.73508263373866
random,1,1,220,3.37,1100,98.73787498595559
random,1,1,221,3.37,1105,98.74408377743823
random,1,1,222,3.37,1110,98.75027812801306
random,1,1,223,3.37,1115,98.75613627136161
random,1,1,224,3.37,1120,98.76212165736116
random,1,1,225,3.37,1125,98.76782449725778
random,1,1,226,3.37,1130,98.77338574652399
random,1,1,227,3.38,1135,98.77527357054859
random,1,1,228,3.38,1140,98.78079572917794
random,1,1,229,3.4299999999999997,1145,98.76804827239422
random,1,1,230,3.4299999999999997,1150,98.7736422467732
random,1,1,231,3.4299999999999997,1155,98.7792290991921
random,1,1,232,3.4299999999999997,1160,98.78446381742151
random,1,1,233,3.4299999999999997,1165,98.78944024846474
random,1,1,234,3.4299999999999997,1170,98.7944608463377
random,1,1,235,3.44,1175,98.79610835024847
random,1,1,236,3.4799999999999995,1180,98.7873296860299
random,1,1,237,3.4799999999999995,1185,98.79250520471895
random,1,1,238,3.4799999999999995,1190,98.79763673427081
random,1,1,239,3.4799999999999995,1195,98.80272483313838
random,1,1,240,3.5000000000000004,1200,98.80112351853121
random,1,1,241,3.5000000000000004,1205,98.80656050738227
random,1,1,242,3.5000000000000004,1210,98.81194840461643
random,1,1,243,3.5000000000000004,1215,98.81728787213191
random,1,1,244,3.5000000000000004,1220,98.82257955998116
random,1,1,245,3.5000000000000004,1225,98.82786336235768
random,1,1,246,3.5000000000000004,1230,98.8332944431481
random,1,1,247,3.5000000000000004,1235,98.83867542637202
random,1,1,248,3.5000000000000004,1240,98.84419787332409
random,1,1,249,3.51,1245,98.84638138434234
random,1,1,250,3.51,1250,98.85181550539744
random,1,1,251,3.51,1255,98.85719867161555
random,1,1,252,3.53,1260,98.8560502948992
random,1,1,253,3.55,1265,98.85472787689132
random,1,1,254,3.55,1270,98.85980407901076
random,1,1,255,3.55,1275,98.86483548108592
random,1,1,256,3.5700000000000003,1280,98.86345547738054
random,1,1,257,3.58,1285,98.86525721892929
random,1,1,258,3.58,1290,98.87037738230468
random,1,1,259,3.58,1295,98.87545154703942
random,1,1,260,3.58,1300,98.88048033022703
random,1,1,261,3.58,1305,98.88542963885429
random,1,1,262,3.58,1310,98.89019778039557
random,1,1,263,3.58,1315,98.89475471581612
random,1,1,264,3.58,1320,98.89927438199484
random,1,1,265,3.58,1325,98.90375723428362
random,1,1,266,3.58,1330,98.90820372064654
random,1,1,267,3.58,1335,98.91244911598518
random,1,1,268,3.58,1340,98.91666162319191
random,1,1,269,3.58,1345,98.92067894720974
random,1,1,270,3.58,1350,98.92482806258822
random,1,1,271,3.61,1355,98.91997008227375
random,1,1,272,3.61,1360,98.92409024528358
random,1,1,273,3.61,1365,98.92817909206971
random,1,1,274,3.61,1370,98.9322369783194
random,1,1,275,3.61,1375,98.93626425435366
random,1,1,276,3.61,1380,98.94026126522823
random,1,1,277,3.61,1385,98.94422835083205
random,1,1,278,3.61,1390,98.9481351981352
random,1,1,279,3.61,1395,98.95186109981998
random,1,1,280,3.61,1400,98.95589298626174
random,1,1,281,3.61,1405,98.96004378762998
random,1,1,282,3.61,1410,98.96419143808103
random,1,1,283,3.61,1415,98.9683061358635
random,1,1,284,3.61,1420,98.97238827213208
random,1,1,285,3.61,1425,98.97643823187502
random,1,1,286,3.61,1430,98.98045639403524
random,1,1,287,3.61,1435,98.98444313162855
random,1,1,288,3.61,1440,98.9883704637803
random,1,1,289,3.61,1445,98.9922675376155
random,1,1,290,3.61,1450,98.99613470148216
random,1,1,291,3.61,1455,98.99986147665881
random,1,1,292,3.61,1460,99.00367068694284
random,1,1,293,3.61,1465,99.00734182088156
random,1,1,294,3.61,1470,99.01087760637861
random,1,1,295,3.61,1475,99.01446901446901
random,1,1,296,3.61,1480,99.01806114677402
random,1,1,297,3.64,1485,99.0136303281576
random,1,1,298,3.65,1490,99.01463203930673
random,1,1,299,3.6900000000000004,1495,99.00753093060786
random,1,1,300,3.6900000000000004,1500,99.01106852839493
random,1,1,301,3.73,1505,99.00376592505542
random,1,1,302,3.73,1510,99.00702800553721
random,1,1,303,3.73,1515,99.01026879295247
random,1,1,304,3.75,1520,99.00817265730382
random,1,1,305,3.7600000000000002,1525,99.00877863601613
random,1,1,306,3.7600000000000002,1530,99.01193041467388
random,1,1,307,3.7800000000000002,1535,99.0098231827112
random,1,1,308,3.7800000000000002,1540,99.0129517443075
random,1,1,309,3.7900000000000005,1545,99.01345758388214
random,1,1,310,3.81,1550,99.01149365643566
random,1,1,311,3.8699999999999997,1555,98.99909478856847
random,1,1,312,3.8699999999999997,1560,99.00224301956841
random,1,1,313,3.92,1565,98.99236562732952
random,1,1,314,3.93,1570,98.99277256650777
random,1,1,315,3.93,1575,98.99573250198043
random,1,1,316,3.94,1580,98.99615276822338
random,1,1,317,3.9600000000000004,1585,98.99387687695318
random,1,1,318,3.9899999999999998,1590,98.98920808633531
random,1,1,319,4.04,1595,98.97938561034762
random,1,1,320,4.04,1600,98.98234212448676
random,1,1,321,4.04,1605,98.98515411087945
random,1,1,322,4.05,1610,98.98544552719257
random,1,1,323,4.05,1615,98.98810713571858
random,1,1,324,4.07,1620,98.98602356810085
random,1,1,325,4.07,1625,98.98904592761866
random,1,1,326,4.07,1630,98.99192549660673
random,1,1,327,4.07,1635,98.99493764662304
random,1,1,328,4.07,1640,98.99795652066868
random,1,1,329,4.07,1645,99.00105539601894
random,1,1,330,4.07,1650,99.0041107957326
random,1,1,331,4.07,1655,99.00731707317073
random,1,1,332,4.07,1660,99.0104787143517
random,1,1,333,4.09,1665,99.00891732092663
random,1,1,334,4.09,1670,99.0120534312423
random,1,1,335,4.09,1675,99.01531201849
random,1,1,336,4.09,1680,99.01854918052456
random,1,1,337,4.09,1685,99.02178852455096
random,1,1,338,4.09,1690,99.0248670815154
random,1,1,339,4.09,1695,99.02781079153792
random,1,1,340,4.09,1700,99.03062191884717
random,1,1,341,4.09,1705,99.033531038068
random,1,1,342,4.09,1710,99.0364000471198
random,1,1,343,4.09,1715,99.03913921909505
random,1,1,344,4.09,1720,99.04197507729785
random,1,1,345,4.09,1725,99.04490577493404
random,1,1,346,4.09,1730,99.0479294210759
random,1,1,347,4.09,1735,99.0509560051977
random,1,1,348,4.09,1740,99.0539852893556
random,1,1,349,4.09,1745,99.05699529650465
random,1,1,350,4.09,1750,99.0600726203061
random,1,1,351,4.09,1755,99.06317284346513
random,1,1,352,4.09,1760,99.06612476025208
random,1,1,353,4.09,1765,99.06907932172527
random,1,1,354,4.09,1770,99.07197313487022
random,1,1,355,4.09,1775,99.07480715723754
random,1,1,356,4.09,1780,99.07774871471092
random,1,1,357,4.09,1785,99.08054762493536
random,1,1,358,4.09,1790,99.08314465690779
random,1,1,359,4.09,1795,99.08572705934951
random,1,1,360,4.09,1800,99.08841687654623
random,1,1,361,4.09,1805,99.09109091313141
random,1,1,362,4.09,1810,99.09382962224439
random,1,1,363,4.09,1815,99.09647204365211
random,1,1,364,4.09,1820,99.09909909909909
random,1,1,365,4.09,1825,99.1016122655186
random,1,1,366,4.09,1830,99.104013319313
random,1,1,367,4.09,1835,99.10667482089814
random,1,1,368,4.09,1840,99.10926236470152
random,1,1,369,4.09,1845,99.11183496199783
random,1,1,370,4.09,1850,99.11450778323844
random,1,1,371,4.09,1855,99.11716456570541
random,1,1,372,4.09,1860,99.11980545333248
random,1,1,373,4.09,1865,99.1223364305487
random,1,1,374,4.09,1870,99.12485289397668
random,1,1,375,4.09,1875,99.1273549681026
random,1,1,376,4.09,1880,99.12982426279733
random,1,1,377,4.09,1885,99.13216915275096
random,1,1,378,4.09,1890,99.1344098537597
random,1,1,379,4.09,1895,99.13663901378422
random,1,1,380,4.09,1900,99.13894736842104
random,1,1,381,4.09,1905,99.14133355727243
random,1,1,382,4.130000000000001,1910,99.13533204924211
random,1,1,383,4.17,1915,99.12927272347622
random,1,1,384,4.18,1920,99.12951123513609
random,1,1,385,4.18,1925,99.13180741910024
random,1,1,386,4.18,1930,99.13400182315407
random,1,1,387,4.22,1935,99.12799107327355
random,1,1,388,4.22,1940,99.13034518289543
random,1,1,389,4.22,1945,99.13270444129313
random,1,1,390,4.25,1950,99.12891986062718
random,1,1,391,4.25,1955,99.13121690958523
random,1,1,392,4.25,1960,99.13353720693169
random,1,1,393,4.2700000000000005,1965,99.13169025540914
random,1,1,394,4.3,1970,99.12800129785853
random,1,1,395,4.3,1975,99.13031167202637
random,1,1,396,4.33,1980,99.12650541647335
random,1,1,397,4.35,1985,99.12464281402181
random,1,1,398,4.35,1990,99.12687420967062
random,1,1,399,4.35,1995,99.1291814305447
random,1,1,400,4.35,2000,99.1314591486303
random,1,1,401,4.38,2005,99.1278548814241
random,1,1,402,4.42,2010,99.12237158231241
random,1,1,403,4.46,2015,99.11691911691912
random,1,1,404,4.52,2020,99.10746021089214
random,1,1,405,4.52,2025,99.10986825262411
random,1,1,406,4.52,2030,99.11228077066599
random,1,1,407,4.52,2035,99.11459353574926
random,1,1,408,4.58,2040,99.10515415575787
random,1,1,409,4.58,2045,99.10747344830946
random,1,1,410,4.62,2050,99.10209317240978
random,1,1,411,4.62,2055,99.10451232749263
random,1,1,412,4.62,2060,99.10690121786197
random,1,1,413,4.63,2065,99.10741826033312
random,1,1,414,4.63,2070,99.10985503902795
random,1,1,415,4.63,2075,99.11210831127987
random,1,1,416,4.63,2080,99.11450264884198
random,1,1,417,4.63,2085,99.1167156320348
random,1,1,418,4.67,2090,99.11132254995243
random,1,1,419,4.67,2095,99.11354921984739
random,1,1,420,4.68,2100,99.1138880999716
random,1,1,421,4.7,2105,99.11233663216741
random,1,1,422,4.7,2110,99.11447735322933
random,1,1,423,4.7,2115,99.11677378133574
random,1,1,424,4.71,2120,99.11718398560504
random,1,1,425,4.71,2125,99.11946158160404
random,1,1,426,4.71,2130,99.12174383262787
random,1,1,427,4.71,2135,99.12391652096277
random,1,1,428,4.71,2140,99.12607848594489
random,1,1,429,4.71,2145,99.12813298285883
random,1,1,430,4.71,2150,99.13017784261943
random,1,1,431,4.71,2155,99.13221313287642
random,1,1,432,4.71,2160,99.13423892064776
random,1,1,433,4.71,2165,99.13609684519442
random,1,1,434,4.71,2170,99.13794681259952
random,1,1,435,4.71,2175,99.13986741905441
random,1,1,436,4.71,2180,99.1417012901815
random,1,1,437,4.71,2185,99.14352735802738
random,1,1,438,4.71,2190,99.14534567229178
random,1,1,439,4.71,2195,99.14723348783315
random,1,1,440,4.71,2200,99.14895923677363
random,1,1,441,4.71,2205,99.15075458430248
random,1,1,442,4.71,2210,99.15261860640844
random,1,1,443,4.71,2215,99.15456552565921
random,1,1,444,4.75,2220,99.14934006697827
random,1,1,445,4.77,2225,99.14771204459771
random,1,1,446,4.81,2230,99.14244963451596
random,1,1,447,4.859999999999999,2235,99.13550820022057
random,1,1,448,4.859999999999999,2240,99.13762509759387
random,1,1,449,4.87,2245,99.13797681210727
random,1,1,450,4.87,2250,99.14009252392556
random,1,1,451,4.87,2255,99.1421978757508
random,1,1,452,4.87,2260,99.14435308173448
random,1,1,453,4.87,2265,99.14642268727873
random,1,1,454,4.87,2270,99.1483929633127
random,1,1,455,4.91,2275,99.14345027301432
random,1,1,456,4.91,2280,99.14549251653324
random,1,1,457,4.9399999999999995,2285,99.14231644009237
random,1,1,458,4.9399999999999995,2290,99.14427757279704
random,1,1,459,4.9399999999999995,2295,99.1463035288425
random,1,1,460,4.9399999999999995,2300,99.14831991448719
random,1,1,461,4.96,2305,99.1468868249054
random,1,1,462,4.96,2310,99.14881933003844
random,1,1,463,4.96,2315,99.15065584437824
random,1,1,464,4.96,2320,99.15255685215875
random,1,1,465,4.96,2325,99.1545070230465
random,1,1,466,4.99,2330,99.15112955906369
random,1,1,467,5.029999999999999,2335,99.1460681787315
random,1,1,468,5.029999999999999,2340,99.14777540578089
random,1,1,469,5.050000000000001,2345,99.14609401420358
random,1,1,470,5.050000000000001,2350,99.1478231522106
random,1,1,471,5.050000000000001,2355,99.14958826600206
random,1,1,472,5.050000000000001,2360,99.15134608274796
random,1,1,473,5.1,2365,99.14475449423128
random,1,1,474,5.1,2370,99.14642922894107
random,1,1,475,5.1,2375,99.1480974175659
random,1,1,476,5.140000000000001,2380,99.14316196572648
random,1,1,477,5.19,2385,99.13659729500425
random,1,1,478,5.19,2390,99.13843191288036
random,1,1,479,5.19,2395,99.1402587506419
random,1,1,480,5.21,2400,99.13884297520661
random,1,1,481,5.26,2405,99.13255714238596
random,1,1,482,5.26,2410,99.13445557914137
random,1,1,483,5.26,2415,99.13641662151734
random,1,1,484,5.28,2420,99.13510680120561
random,1,1,485,5.3100000000000005,2425,99.13216859790478
random,1,1,486,5.36,2430,99.126053708565
random,1,1,487,5.42,2435,99.11835513045742
random,1,1,488,5.46,2440,99.11393843008065
random,1,1,489,5.47,2445,99.11439950781984
random,1,1,490,5.47,2450,99.1164593765143
random,1,1,491,5.52,2455,99.11045218680505
random,1,1,492,5.58,2460,99.10286504389208
random,1,1,493,5.62,2465,99.09849213987809
random,1,1,494,5.62,2470,99.10055535105549
random,1,1,495,5.67,2475,99.09455294549751
random,1,1,496,5.7299999999999995,2480,99.08689624400428
random,1,1,497,5.800000000000001,2485,99.077549462434
random,1,1,498,5.800000000000001,2490,99.0793358519318
random,1,1,499,5.82,2495,99.07793215988846
random,1,1,500,5.82,2500,99.0796963946869
random,1,1,501,5.83,2505,99.0799627566399
random,1,1,502,5.83,2510,99.0818753051229
random,1,1,503,5.83,2515,99.08377991859314
random,1,1,504,5.83,2520,99.08561928512053
random,1,1,505,5.83,2525,99.08752269454705
random,1,1,506,5.84,2530,99.08778506716651
random,1,1,507,5.86,2535,99.08641628860515
random,1,1,508,5.88,2540,99.08505274950986
random,1,1,509,5.88,2545,99.08680054046498
random,1,1,510,5.88,2550,99.08854166666666
random,1,1,511,5.88,2555,99.09027616616383
random,1,1,512,5.88,2560,99.09200407671639
random,1,1,513,5.88,2565,99.0937952717073
random,1,1,514,5.88,2570,99.09557941366475
random,1,1,515,5.8999999999999995,2575,99.09435584140482
random,1,1,516,5.94,2580,99.0900038299502
random,1,1,517,5.94,2585,99.0918542074364
random,1,1,518,5.9799999999999995,2590,99.08760794604986
random,1,1,519,6.03,2595,99.08184240578606
random,1,1,520,6.04,2600,99.08224818804796
random,1,1,521,6.05,2605,99.08258271919449
random,1,1,522,6.069999999999999,2610,99.08131914700408
random,1,1,523,6.09,2615,99.08012989955441
random,1,1,524,6.09,2620,99.08197413247309
random,1,1,525,6.09,2625,99.08381098524168
random,1,1,526,6.09,2630,99.08572286443477
random,1,1,527,6.09,2635,99.08755843221863
random,1,1,528,6.09,2640,99.08938664433745
random,1,1,529,6.13,2645,99.08523846475258
random,1,1,530,6.13,2650,99.08711839166047
random,1,1,531,6.13,2655,99.08899060753775
random,1,1,532,6.13,2660,99.09086864312516
random,1,1,533,6.13,2665,99.0927255235699
random,1,1,534,6.140000000000001,2670,99.09304421040193
random,1,1,535,6.17,2675,99.0904132207038
random,1,1,536,6.21,2680,99.08632130298527
random,1,1,537,6.22,2685,99.08665070997489
random,1,1,538,6.22,2690,99.08844434674288
random,1,1,539,6.22,2695,99.09023095262472
random,1,1,540,6.23,2700,99.090550778798
random,1,1,541,6.23,2705,99.09232629631248
random,1,1,542,6.23,2710,99.09409489465037
random,1,1,543,6.23,2715,99.09585661417894
random,1,1,544,6.23,2720,99.09761149495213
random,1,1,545,6.23,2725,99.09935957671345
random,1,1,546,6.23,2730,99.10110089889909
random,1,1,547,6.23,2735,99.10290009503787
random,1,1,548,6.23,2740,99.10469210318315
random,1,1,549,6.23,2745,99.10647696632437
random,1,1,550,6.23,2750,99.10831854353924
random,1,1,551,6.23,2755,99.11015254527796
random,1,1,552,6.23,2760,99.11197901818804
random,1,1,553,6.23,2765,99.11379800853484
random,1,1,554,6.23,2770,99.11560956220544
random,1,1,555,6.23,2775,99.1173512035476
random,1,1,556,6.23,2780,99.11908599869913
random,1,1,557,6.239999999999999,2785,99.11940277444575
random,1,1,558,6.239999999999999,2790,99.12112676056339
random,1,1,559,6.239999999999999,2795,99.12284400961498
random,1,1,560,6.239999999999999,2800,99.12454227871544
random,1,1,561,6.239999999999999,2805,99.12629515541866
random,1,1,562,6.239999999999999,2810,99.12798010005869
random,1,1,563,6.239999999999999,2815,99.12959785747165
random,1,1,564,6.239999999999999,2820,99.13117333370462
random,1,1,565,6.239999999999999,2825,99.13270695502308
random,1,1,566,6.239999999999999,2830,99.13423517169615
random,1,1,567,6.239999999999999,2835,99.13575801224343
random,1,1,568,6.239999999999999,2840,99.137311286844
random,1,1,569,6.239999999999999,2845,99.13890652167913
random,1,1,570,6.239999999999999,2850,99.14044850955975
random,1,1,571,6.239999999999999,2855,99.14202037701605
random,1,1,572,6.239999999999999,2860,99.14358650599763
random,1,1,573,6.239999999999999,2865,99.14514692787178
random,1,1,574,6.239999999999999,2870,99.14670167377749
random,1,1,575,6.260000000000001,2875,99.14556746058828
random,1,1,576,6.279999999999999,2880,99.14433256577603
random,1,1,577,6.279999999999999,2885,99.14586875212514
random,1,1,578,6.32,2890,99.14203874400988
random,1,1,579,6.32,2895,99.14363143631437
random,1,1,580,6.329999999999999,2900,99.1438078234053
random,1,1,581,6.35,2905,99.14254077995031
random,1,1,582,6.39,2910,99.138558602281
random,1,1,583,6.39,2915,99.13993835551906
random,1,1,584,6.39,2920,99.1413483115871
random,1,1,585,6.39,2925,99.1427536523524
random,1,1,586,6.39,2930,99.14421171050518
random,1,1,587,6.39,2935,99.14561912529582
random,1,1,588,6.39,2940,99.1470674604234
random,1,1,589,6.39,2945,99.148522239693
random,1,1,590,6.39,2950,99.1500285984118
random,1,1,591,6.39,2955,99.15147330261463
random,1,1,592,6.39,2960,99.15302538272914
random,1,1,593,6.39,2965,99.15450467734892
random,1,1,594,6.39,2970,99.15603455107377
random,1,1,595,6.39,2975,99.15755889836653
random,1,1,596,6.4,2980,99.15771741419246
random,1,1,597,6.4,2985,99.1591891430298
random,1,1,598,6.4,2990,99.16064472976694
random,1,1,599,6.4,2995,99.16210625540049
random,1,1,600,6.4,3000,99.16355176830383
random,1,1,601,6.4,3005,99.16500319647213
random,1,1,602,6.4,3010,99.16644959624902
random,1,1,603,6.419999999999999,3015,99.16523638633173
random,1,1,604,6.419999999999999,3020,99.16662339685341
random,1,1,605,6.419999999999999,3025,99.16800580581618
random,1,1,606,6.43,3030,99.16808984112197
random,1,1,607,6.4399999999999995,3035,99.16811987340954
random,1,1,608,6.4399999999999995,3040,99.16949305546599
random,1,1,609,6.4399999999999995,3045,99.17086171157833
random,1,1,610,6.4399999999999995,3050,99.17227906020256
random,1,1,611,6.45,3055,99.17235538674743
random,1,1,612,6.47,3060,99.17115039713042
random,1,1,613,6.47,3065,99.17249670661363
random,1,1,614,6.47,3070,99.17389139289317
random,1,1,615,6.47,3075,99.17529189823077
random,1,1,616,6.47,3080,99.17672956775121
random,1,1,617,6.47,3085,99.17811003417131
random,1,1,618,6.5,3090,99.1757858564853
random,1,1,619,6.54,3095,99.17215189873417
random,1,1,620,6.54,3100,99.17363725960932
random,1,1,621,6.5600000000000005,3105,99.17259472276878
random,1,1,622,6.6000000000000005,3110,99.1690483085097
random,1,1,623,6.6000000000000005,3115,99.17048953685665
random,1,1,624,6.6000000000000005,3120,99.17193616380608
random,1,1,625,6.660000000000001,3125,99.16586300614956
random,1,1,626,6.660000000000001,3130,99.1673126453452
random,1,1,627,6.660000000000001,3135,99.16875725465233
random,1,1,628,6.660000000000001,3140,99.17024855167259
random,1,1,629,6.67,3145,99.17050118144509
random,1,1,630,6.67,3150,99.1719942896158
random,1,1,631,6.69,3155,99.17100371747212
random,1,1,632,6.69,3160,99.17249056837157
random,1,1,633,6.69,3165,99.17397209532041
random,1,1,634,6.69,3170,99.17544832686264
random,1,1,635,6.69,3175,99.1769091647289
random,1,1,636,6.7299999999999995,3180,99.17345221866057
random,1,1,637,6.75,3185,99.17246959591996
random,1,1,638,6.75,3190,99.17393805147285
random,1,1,639,6.79,3195,99.17051479391141
random,1,1,640,6.79,3200,99.17198151287148
random,1,1,641,6.79,3205,99.1734430540001
random,1,1,642,6.79,3210,99.17488941816944
random,1,1,643,6.79,3215,99.17633072929303
random,1,1,644,6.79,3220,99.1777670138048
random,1,1,645,6.79,3225,99.17914868409919
random,1,1,646,6.83,3230,99.1756981824326
random,1,1,647,6.83,3235,99.1770786895912
random,1,1,648,6.83,3240,99.1784545804465
random,1,1,649,6.83,3245,99.17987512007686
random,1,1,650,6.87,3250,99.17649597238206
random,1,1,651,6.909999999999999,3255,99.17313836470461
random,1,1,652,6.909999999999999,3260,99.17457056167427
random,1,1,653,6.909999999999999,3265,99.17599780584075
random,1,1,654,6.909999999999999,3270,99.17742012285129
random,1,1,655,6.909999999999999,3275,99.17883753817634
random,1,1,656,6.909999999999999,3280,99.18025007711107
random,1,1,657,6.909999999999999,3285,99.18165776477694
random,1,1,658,6.909999999999999,3290,99.18306062612314
random,1,1,659,6.909999999999999,3295,99.18445868592808
random,1,1,660,6.909999999999999,3300,99.1858519688008
random,1,1,661,6.909999999999999,3305,99.18724049918254
random,1,1,662,6.909999999999999,3310,99.18862430134799
random,1,1,663,6.909999999999999,3315,99.19000339940686
random,1,1,664,6.909999999999999,3320,99.19137781730521
random,1,1,665,6.909999999999999,3325,99.19274757882685
random,1,1,666,6.909999999999999,3330,99.19411270759471
random,1,1,667,6.909999999999999,3335,99.19547322707216
random,1,1,668,6.909999999999999,3340,99.19682916056442
random,1,1,669,6.909999999999999,3345,99.1981805312199
random,1,1,670,6.909999999999999,3350,99.19952736203142
random,1,1,671,6.909999999999999,3355,99.2008696758376
random,1,1,672,6.92,3360,99.20105294756044
random,1,1,673,6.94,3365,99.2000829885084
random,1,1,674,6.950000000000001,3370,99.2002669612446
random,1,1,675,6.950000000000001,3375,99.20159909935784
random,1,1,676,6.950000000000001,3380,99.20292680689037
random,1,1,677,6.950000000000001,3385,99.20425010590915
random,1,1,678,6.950000000000001,3390,99.20556901833478
random,1,1,679,6.950000000000001,3395,99.20688356594279
random,1,1,680,6.950000000000001,3400,99.2081937703648
random,1,1,681,6.950000000000001,3405,99.20949965308978
random,1,1,682,6.950000000000001,3410,99.21080123546511
random,1,1,683,6.959999999999999,3415,99.21096486753052
random,1,1,684,6.959999999999999,3420,99.21225977318514
random,1,1,685,6.959999999999999,3425,99.21355043559814
random,1,1,686,6.959999999999999,3430,99.21483687559225
random,1,1,687,6.98,3435,99.21386658257217
random,1,1,688,7.02,3440,99.21065059482312
random,1,1,689,7.02,3445,99.2119354730071
random,1,1,690,7.02,3450,99.21321617502016
random,1,1,691,7.049999999999999,3455,99.2111358524768
random,1,1,692,7.049999999999999,3460,99.21241370065019
random,1,1,693,7.06,3465,99.21257207865357
random,1,1,694,7.06,3470,99.2138434813594
random,1,1,695,7.07,3475,99.21399904390266
random,1,1,696,7.08,3480,99.21415410571181
random,1,1,697,7.08,3485,99.21541683750928
random,1,1,698,7.08,3490,99.21667551779076
random,1,1,699,7.08,3495,99.21793016602415
random,1,1,700,7.08,3500,99.21918080155282
random,1,1,701,7.08,3505,99.2204274435966
random,1,1,702,7.08,3510,99.2216701112528
random,1,1,703,7.090000000000001,3515,99.22181123708964
random,1,1,704,7.1,3520,99.22195191443663
random,1,1,705,7.16,3525,99.21662162605718
random,1,1,706,7.19,3530,99.21458533601329
random,1,1,707,7.24,3535,99.21035697536182
random,1,1,708,7.31,3540,99.20392917038747
random,1,1,709,7.32,3545,99.20404501712609
random,1,1,710,7.380000000000001,3550,99.19868836795189
random,1,1,711,7.380000000000001,3555,99.19985254735289
random,1,1,712,7.380000000000001,3560,99.20105659723725
random,1,1,713,7.39,3565,99.20121924856241
random,1,1,714,7.3999999999999995,3570,99.20133829798715
random,1,1,715,7.3999999999999995,3575,99.20256902088407
random,1,1,716,7.41,3580,99.20273716148607
random,1,1,717,7.41,3585,99.20397047922911
random,1,1,718,7.430000000000001,3590,99.20305477791722
random,1,1,719,7.4399999999999995,3595,99.20321285140562
random,1,1,720,7.4399999999999995,3600,99.20443973951816
random,1,1,721,7.48,3605,99.20134959106537
random,1,1,722,7.48,3610,99.20249061753668
random,1,1,723,7.5,3615,99.20154155710043
random,1,1,724,7.5600000000000005,3620,99.19638586234387
random,1,1,725,7.630000000000001,3625,99.19018456999119
random,1,1,726,7.6499999999999995,3630,99.18929229986647
random,1,1,727,7.6499999999999995,3635,99.19051902015767
random,1,1,728,7.6499999999999995,3640,99.19174203364044
random,1,1,729,7.66,3645,99.19190640461647
random,1,1,730,7.66,3650,99.19303864143947
random,1,1,731,7.7,3655,99.1900023142791
random,1,1,732,7.7,3660,99.19117647058823
random,1,1,733,7.7299999999999995,3665,99.18915800404896
random,1,1,734,7.7700000000000005,3670,99.18605503818313
random,1,1,735,7.8100000000000005,3675,99.18296038247078
random,1,1,736,7.86,3680,99.17887215060279
random,1,1,737,7.86,3685,99.18001147566638
random,1,1,738,7.870000000000001,3690,99.18010584656416
random,1,1,739,7.870000000000001,3695,99.18124031169047
random,1,1,740,7.89,3700,99.1803023219573
random,1,1,741,7.9399999999999995,3705,99.17625455186794
random,1,1,742,7.960000000000001,3710,99.17531754418681
random,1,1,743,7.960000000000001,3715,99.17645233045369
random,1,1,744,8.0,3720,99.17345125428773
random,1,1,745,8.01,3725,99.17351108176152
random,1,1,746,8.02,3730,99.17352816908665
random,1,1,747,8.02,3735,99.17457442209917
random,1,1,748,8.02,3740,99.17566039675198
random,1,1,749,8.02,3745,99.17674351762507
random,1,1,750,8.04,3750,99.17577348122937
random,1,1,751,8.04,3755,99.17685361508693
random,1,1,752,8.05,3760,99.17686636604395
random,1,1,753,8.05,3765,99.17794230278274
random,1,1,754,8.07,3770,99.17701768341186
random,1,1,755,8.09,3775,99.17605361253132
random,1,1,756,8.110000000000001,3780,99.17509205199666
random,1,1,757,8.110000000000001,3785,99.17620648673906
random,1,1,758,8.12,3790,99.17626172964748
random,1,1,759,8.12,3795,99.17728829358245
random,1,1,760,8.12,3800,99.17831230204106
random,1,1,761,8.129999999999999,3805,99.17836461207288
random,1,1,762,8.14,3810,99.17845824670475
random,1,1,763,8.14,3815,99.17951819373047
random,1,1,764,8.14,3820,99.18057540920896
random,1,1,765,8.15,3825,99.18062453501699
random,1,1,766,8.15,3830,99.18167761110107
random,1,1,767,8.15,3835,99.18272798379495
random,1,1,768,8.15,3840,99.18373478892283
random,1,1,769,8.15,3845,99.18477989057045
random,1,1,770,8.15,3850,99.18582231945734
random,1,1,771,8.16,3855,99.18586437059135
random,1,1,772,8.16,3860,99.1869837695657
random,1,1,773,8.16,3865,99.18810009452265
random,1,1,774,8.16,3870,99.18926169162138
random,1,1,775,8.16,3875,99.19041996964076
random,1,1,776,8.16,3880,99.1915749427861
random,1,1,777,8.16,3885,99.19268669120265
random,1,1,778,8.16,3890,99.19379538605938
random,1,1,779,8.16,3895,99.19494075513768
random,1,1,780,8.16,3900,99.1960432717886
random,1,1,781,8.16,3905,99.19714277280912
random,1,1,782,8.16,3910,99.19827865711675
random,1,1,783,8.16,3915,99.19941133186167
random,1,1,784,8.16,3920,99.20050164602601
random,1,1,785,8.16,3925,99.20158899445222
random,1,1,786,8.16,3930,99.20262664165104
random,1,1,787,8.16,3935,99.20366159521417
random,1,1,788,8.16,3940,99.20469386561666
random,1,1,789,8.16,3945,99.20572346327931
random,1,1,790,8.16,3950,99.20675039856904
random,1,1,791,8.16,3955,99.20777468179921
random,1,1,792,8.16,3960,99.20875796332749
random,1,1,793,8.16,3965,99.20977707191416
random,1,1,794,8.16,3970,99.21079355868272
random,1,1,795,8.16,3975,99.2118531110553
random,1,1,796,8.16,3980,99.2129098222295
random,1,1,797,8.16,3985,99.21396370361808
random,1,1,798,8.16,3990,99.21505252222093
random,1,1,799,8.16,3995,99.21610067726596
random,1,1,800,8.16,4000,99.21714603680181
random,1,1,801,8.16,4005,99.21818861199736
random,1,1,802,8.16,4010,99.21922841396203
random,1,1,803,8.16,4015,99.22022819792443
random,1,1,804,8.16,4020,99.22122542469937
random,1,1,805,8.16,4025,99.22222010408525
random,1,1,806,8.16,4030,99.22324921706186
random,1,1,807,8.16,4035,99.22427561031257
random,1,1,808,8.16,4040,99.22533606744133
random,1,1,809,8.16,4045,99.226393629124
random,1,1,810,8.16,4050,99.2274483072029
random,1,1,811,8.16,4055,99.22850011345587
random,1,1,812,8.16,4060,99.22951268565818
random,1,1,813,8.16,4065,99.23048632132854
random,1,1,814,8.16,4070,99.23145749941135
random,1,1,815,8.16,4075,99.23242622919979
random,1,1,816,8.16,4080,99.23339251994024
random,1,1,817,8.16,4085,99.23435638083264
random,1,1,818,8.16,4090,99.23535364893736
random,1,1,819,8.16,4095,99.2363483224931
random,1,1,820,8.16,4100,99.23737605024347
random,1,1,821,8.16,4105,99.23840101546531
random,1,1,822,8.16,4110,99.23938778173412
random,1,1,823,8.16,4115,99.24040735017593
random,1,1,824,8.16,4120,99.24142418890025
random,1,1,825,8.16,4125,99.24239610799569
random,1,1,826,8.16,4130,99.24336553975112
random,1,1,827,8.16,4135,99.24426250764073
random,1,1,828,8.16,4140,99.24515735139036
random,1,1,829,8.16,4145,99.24608490783943
random,1,1,830,8.16,4150,99.24701018750923
random,1,1,831,8.16,4155,99.24793319877236
random,1,1,832,8.16,4160,99.24889543446244
random,1,1,833,8.16,4165,99.24984141868227
random,1,1,834,8.16,4170,99.25078502304571
random,1,1,835,8.16,4175,99.25172625652218
random,1,1,836,8.16,4180,99.25270619264795
random,1,1,837,8.16,4185,99.25365626114714
random,1,1,838,8.16,4190,99.25460391698334
random,1,1,839,8.16,4195,99.25558312655087
random,1,1,840,8.16,4200,99.2565529933764
random,1,1,841,8.16,4205,99.25747979908277
random,1,1,842,8.16,4210,99.25840429689275
random,1,1,843,8.16,4215,99.25933321836055
random,1,1,844,8.16,4220,99.26025981560888
random,1,1,845,8.16,4225,99.26121754246189
random,1,1,846,8.219999999999999,4230,99.25670726744976
random,1,1,847,8.24,4235,99.25582067445767
random,1,1,848,8.25,4240,99.25580472315936
random,1,1,849,8.27,4245,99.25488782773223
random,1,1,850,8.27,4250,99.25573944580938
random,1,1,851,8.27,4255,99.25658911941319
random,1,1,852,8.27,4260,99.25740351633353
random,1,1,853,8.3,4265,99.25552525832376
random,1,1,854,8.3,4270,99.25630572106985
random,1,1,855,8.3,4275,99.25708454914877
random,1,1,856,8.3,4280,99.25785511185823
random,1,1,857,8.32,4285,99.2569040048587
random,1,1,858,8.32,4290,99.25774593856778
random,1,1,859,8.33,4295,99.25768822905621
random,1,1,860,8.38,4300,99.25407676422417
random,1,1,861,8.41,4305,99.25227828406312
random,1,1,862,8.459999999999999,4310,99.24872122762149
random,1,1,863,8.49,4315,99.24693986162852
random,1,1,864,8.51,4320,99.2460820184803
random,1,1,865,8.51,4325,99.2469892844186
random,1,1,866,8.51,4330,99.24786778028194
random,1,1,867,8.51,4335,99.24873759666654
random,1,1,868,8.55,4340,99.24608493227991
random,1,1,869,8.6,4345,99.24255768892021
random,1,1,870,8.6,4350,99.2434705349367
random,1,1,871,8.6,4355,99.24438782234327
random,1,1,872,8.62,4360,99.24354777847007
random,1,1,873,8.64,4365,99.24267657731886
random,1,1,874,8.64,4370,99.24355842723189
random,1,1,875,8.68,4375,99.24090706358714
random,1,1,876,8.72,4380,99.23828824500563
random,1,1,877,8.73,4385,99.23833288255669
random,1,1,878,8.76,4390,99.23663456929981
random,1,1,879,8.83,4395,99.23142538820416
random,1,1,880,8.85,4400,99.23060873193886
random,1,1,881,8.88,4405,99.22891901044606
random,1,1,882,8.89,4410,99.22896790980053
random,1,1,883,8.92,4415,99.2272506757225
random,1,1,884,9.02,4420,99.21948011491469
random,1,1,885,9.06,4425,99.21685913837217
random,1,1,886,9.11,4430,99.21344143117396
random,1,1,887,9.16,4435,99.2100247514079
random,1,1,888,9.17,4440,99.21006839756731
random,1,1,889,9.21,4445,99.20753061031328
random,1,1,890,9.21,4450,99.20843646864687
random,1,1,891,9.21,4455,99.20934025840236
random,1,1,892,9.21,4460,99.21023521441985
random,1,1,893,9.22,4465,99.21027160832213
random,1,1,894,9.229999999999999,4470,99.21027413669188
random,1,1,895,9.24,4475,99.21028340911423
random,1,1,896,9.24,4480,99.21118007119868
random,1,1,897,9.27,4485,99.20955020251544
random,1,1,898,9.32,4490,99.2062545776627
random,1,1,899,9.33,4495,99.20636945925945
random,1,1,900,9.33,4500,99.20729997706013
random,1,1,901,9.33,4505,99.20822831538482
random,1,1,902,9.33,4510,99.20915448188175
random,1,1,903,9.33,4515,99.21007848416346
random,1,1,904,9.33,4520,99.21100032980694
random,1,1,905,9.33,4525,99.2119200263538
random,1,1,906,9.33,4530,99.2128707859481
random,1,1,907,9.33,4535,99.21381925426586
random,1,1,908,9.33,4540,99.21476543957986
random,1,1,909,9.33,4545,99.21571594290613
random,1,1,910,9.33,4550,99.21666414790187
random,1,1,911,9.33,4555,99.21761662375997
random,1,1,912,9.33,4560,99.21856024121614
random,1,1,913,9.33,4565,99.21949505596547
random,1,1,914,9.33,4570,99.22042763680116
random,1,1,915,9.33,4575,99.2213709879325
random,1,1,916,9.33,4580,99.22230557639409
random,1,1,917,9.34,4585,99.2223730111815
random,1,1,918,9.34,4590,99.22323960646358
random,1,1,919,9.34,4595,99.22409782680933
random,1,1,920,9.34,4600,99.2249477213131
random,1,1,921,9.35,4605,99.22500538766307
random,1,1,922,9.379999999999999,4610,99.22340064413038
random,1,1,923,9.43,4615,99.22015200006616
random,1,1,924,9.43,4620,99.221040980018
random,1,1,925,9.43,4625,99.22190225508074
random,1,1,926,9.43,4630,99.22278725140319
random,1,1,927,9.43,4635,99.22370858201276
random,1,1,928,9.43,4640,99.22462773086443
random,1,1,929,9.43,4645,99.22555106599653
random,1,1,930,9.43,4650,99.22647220467726
random,1,1,931,9.43,4655,99.22739115473479
random,1,1,932,9.43,4660,99.2283016088643
random,1,1,933,9.43,4665,99.22917841699568
random,1,1,934,9.43,4670,99.23002180107943
random,1,1,935,9.43,4675,99.23086334162554
random,1,1,936,9.43,4680,99.23170304467203
random,1,1,937,9.43,4685,99.23254091623058
random,1,1,938,9.43,4690,99.2333769622867
random,1,1,939,9.43,4695,99.23421118879983
random,1,1,940,9.43,4700,99.23507462686567
random,1,1,941,9.43,4705,99.23593612004635
random,1,1,942,9.43,4710,99.23682655811206
random,1,1,943,9.43,4715,99.23771492316521
random,1,1,944,9.43,4720,99.23860122243664
random,1,1,945,9.43,4725,99.23948546312351
random,1,1,946,9.43,4730,99.24036765238966
random,1,1,947,9.43,4735,99.2412477973657
random,1,1,948,9.43,4740,99.24209544935782
random,1,1,949,9.43,4745,99.24297159738612
random,1,1,950,9.43,4750,99.24384572207522
random,1,1,951,9.43,4755,99.24471783042593
random,1,1,952,9.43,4760,99.24558792940688
random,1,1,953,9.43,4765,99.24645602595452
random,1,1,954,9.43,4770,99.24729208738755
random,1,1,955,9.43,4775,99.24812629564663
random,1,1,956,9.43,4780,99.2489586568864
random,1,1,957,9.43,4785,99.24975933425091
random,1,1,958,9.43,4790,99.25055830624588
random,1,1,959,9.43,4795,99.25135557831393
random,1,1,960,9.43,4800,99.25215115587453
random,1,1,961,9.43,4805,99.25297463440911
random,1,1,962,9.43,4810,99.25376677639909
random,1,1,963,9.43,4815,99.2545867027121
random,1,1,964,9.43,4820,99.2553754313374
random,1,1,965,9.43,4825,99.2561918283641
random,1,1,966,9.43,4830,99.25700643717647
random,1,1,967,9.43,4835,99.25779005611831
random,1,1,968,9.44,4840,99.25781495691552
random,1,1,969,9.46,4845,99.25708362128542
random,1,1,970,9.46,4850,99.2579228114214
random,1,1,971,9.46,4855,99.25875429977356
random,1,1,972,9.46,4860,99.25955495025869
random,1,1,973,9.51,4865,99.25644453826847
random,1,1,974,9.51,4870,99.2572459523419
random,1,1,975,9.51,4875,99.25801669657486
random,1,1,976,9.51,4880,99.25878584288755
random,1,1,977,9.51,4885,99.25952456961326
random,1,1,978,9.51,4890,99.26029059456769
random,1,1,979,9.51,4895,99.26102058419004
random,1,1,980,9.51,4900,99.26174913443774
random,1,1,981,9.51,4905,99.26251056602896
random,1,1,982,9.51,4910,99.26327042855814
random,1,1,983,9.51,4915,99.26402872687031
random,1,1,984,9.51,4920,99.2647854657905
random,1,1,985,9.51,4925,99.26554632232553
random,1,1,986,9.51,4930,99.26630560570291
random,1,1,987,9.51,4935,99.2670633207966
random,1,1,988,9.51,4940,99.26781947246046
random,1,1,989,9.51,4945,99.26856843999722
random,1,1,990,9.51,4950,99.26931587682095
random,1,1,991,9.51,4955,99.27008979967763
random,1,1,992,9.51,4960,99.27086208482841
random,1,1,993,9.51,4965,99.27163831596039
random,1,1,994,9.51,4970,99.272412896118
random,1,1,995,9.51,4975,99.27318027574822
random,1,1,996,9.51,4980,99.27394603838695
random,1,1,997,9.51,4985,99.2747378455672
random,1,1,998,9.51,4990,99.27550033139575
random,1,1,999,9.51,4995,99.27626121566807
random,1,1,1000,9.51,5000,99.27699851750485
random,1,1,1001,9.51,5005,99.27773431863233
random,1,1,1002,9.51,5010,99.27846314926936
random,1,1,1003,9.51,5015,99.27919051047864
random,1,1,1004,9.51,5020,99.27994911943304
random,1,1,1005,9.51,5025,99.28067348930087
random,1,1,1006,9.51,5030,99.28136925227642
random,1,1,1007,9.51,5035,99.28206367060992
random,1,1,1008,9.51,5040,99.28277297615277
random,1,1,1009,9.51,5045,99.28345388788426
random,1,1,1010,9.51,5050,99.28413889662544
random,1,1,1011,9.51,5055,99.28482259689864
random,1,1,1012,9.51,5060,99.28555866908069
random,1,1,1013,9.51,5065,99.28629858385429
random,1,1,1014,9.51,5070,99.2870423126518
random,1,1,1015,9.51,5075,99.28777915911508
random,1,1,1016,9.51,5080,99.28851448407949
random,1,1,1017,9.51,5085,99.28922173142895
random,1,1,1018,9.51,5090,99.28992757410587
random,1,1,1019,9.51,5095,99.29063730755459
random,1,1,1020,9.51,5100,99.29134562363076
random,1,1,1021,9.51,5105,99.29205252657594
random,1,1,1022,9.51,5110,99.29275802061488
random,1,1,1023,9.51,5115,99.29348835481593
random,1,1,1024,9.51,5120,99.2942171822122
random,1,1,1025,9.51,5125,99.29491314308592
random,1,1,1026,9.51,5130,99.29560773276054
random,1,1,1027,9.51,5135,99.29627491897172
random,1,1,1028,9.51,5140,99.29694084248814
random,1,1,1029,9.51,5145,99.29757956702538
random,1,1,1030,9.51,5150,99.29824302486034
random,1,1,1031,9.51,5155,99.29890523056508
random,1,1,1032,9.51,5160,99.29956618768091
random,1,1,1033,9.51,5165,99.30022589973584
random,1,1,1034,9.51,5170,99.300910066601
random,1,1,1035,9.51,5175,99.30159289695742
random,1,1,1036,9.51,5180,99.30227439471754
random,1,1,1037,9.51,5185,99.30295456377856
random,1,1,1038,9.51,5190,99.3036589026953
random,1,1,1039,9.51,5195,99.3043872609974
random,1,1,1040,9.51,5200,99.30511409719635
random,1,1,1041,9.51,5205,99.30581408080586
random,1,1,1042,9.51,5210,99.30653793988537
random,1,1,1043,9.51,5215,99.30726533704346
random,1,1,1044,9.51,5220,99.30798617427688
random,1,1,1045,9.51,5225,99.30868541188102
random,1,1,1046,9.51,5230,99.30935816061236
random,1,1,1047,9.51,5235,99.31005462974383
random,1,1,1048,9.51,5240,99.31077467187511
random,1,1,1049,9.51,5245,99.31146828844483
random,1,1,1050,9.51,5250,99.31216051034653
random,1,1,1051,9.51,5255,99.31287616597906
random,1,1,1052,9.51,5260,99.31359033396609
random,1,1,1053,9.51,5265,99.31430301894139
random,1,1,1054,9.51,5270,99.31498955557157
random,1,1,1055,9.51,5275,99.3156747188222
random,1,1,1056,9.51,5280,99.3163339395987
random,1,1,1057,9.51,5285,99.31699189152309
random,1,1,1058,9.51,5290,99.31764857825516
random,1,1,1059,9.51,5295,99.31832843523762
random,1,1,1060,9.51,5300,99.31903132026294
random,1,1,1061,9.51,5305,99.31973275726406
random,1,1,1062,9.51,5310,99.320432750711
random,1,1,1063,9.53,5315,99.31970361063918
random,1,1,1064,9.53,5320,99.32040219639164
random,1,1,1065,9.53,5325,99.32107516616917
random,1,1,1066,9.53,5330,99.32174680445242
random,1,1,1067,9.53,5335,99.32241711518908
random,1,1,1068,9.53,5340,99.32308610231131
random,1,1,1069,9.53,5345,99.32375376973567
random,1,1,1070,9.55,5350,99.32297832821727
random,1,1,1071,9.55,5355,99.32364481083302
random,1,1,1072,9.55,5360,99.32430998252404
random,1,1,1073,9.569999999999999,5365,99.32358408549558
random,1,1,1074,9.58,5370,99.32357053083474
random,1,1,1075,9.58,5375,99.32426236677459
random,1,1,1076,9.58,5380,99.32494803227284
random,1,1,1077,9.59,5385,99.32492837483018
random,1,1,1078,9.59,5390,99.3256119772438
random,1,1,1079,9.59,5395,99.32629419657597
random,1,1,1080,9.65,5400,99.32276424475933
random,1,1,1081,9.67,5405,99.32204578118974
random,1,1,1082,9.77,5410,99.31572570195897
random,1,1,1083,9.8,5415,99.31429211156048
random,1,1,1084,9.82,5420,99.313584320085
random,1,1,1085,9.83,5425,99.31357145351069
random,1,1,1086,9.83,5430,99.31426099937913
random,1,1,1087,9.83,5435,99.31494916128312
random,1,1,1088,9.83,5440,99.31563594338506
random,1,1,1089,9.83,5445,99.31632134983064
random,1,1,1090,9.83,5450,99.317005384749
random,1,1,1091,9.83,5455,99.31768805225273
random,1,1,1092,9.83,5460,99.31836935643804
random,1,1,1093,9.83,5465,99.31904930138477
random,1,1,1094,9.83,5470,99.31970435167756
random,1,1,1095,9.83,5475,99.32035814291147
random,1,1,1096,9.84,5480,99.3203199469518
random,1,1,1097,9.84,5485,99.32097189348092
random,1,1,1098,9.84,5490,99.32159920577467
random,1,1,1099,9.84,5495,99.32222536006778
random,1,1,1100,9.86,5500,99.32147403915633
random,1,1,1101,9.87,5505,99.32141162881834
random,1,1,1102,9.87,5510,99.32203622675725
random,1,1,1103,9.879999999999999,5515,99.32197341422071
random,1,1,1104,9.9,5520,99.32124835454147
random,1,1,1105,9.9,5525,99.321894585431
random,1,1,1106,9.9,5530,99.32251640673651
random,1,1,1107,9.91,5535,99.3224533887586
random,1,1,1108,9.91,5540,99.32307356025055
random,1,1,1109,9.91,5545,99.32369259747085
random,1,1,1110,9.91,5550,99.32431050352845
random,1,1,1111,9.91,5555,99.32492728152098
random,1,1,1112,9.91,5560,99.32554293453478
random,1,1,1113,9.91,5565,99.32618037423848
random,1,1,1114,9.91,5570,99.32679374482018
random,1,1,1115,9.91,5575,99.32740599972853
random,1,1,1116,9.91,5580,99.32801714200468
random,1,1,1117,9.91,5585,99.32862717467887
random,1,1,1118,9.91,5590,99.32925426069065
random,1,1,1119,9.91,5595,99.32988017635444
random,1,1,1120,9.94,5600,99.32850088159593
random,1,1,1121,9.94,5605,99.32915347807601
random,1,1,1122,9.94,5610,99.3298093260336
random,1,1,1123,9.94,5615,99.33046389287422
random,1,1,1124,9.94,5620,99.33111718234795
random,1,1,1125,9.94,5625,99.33176919819027
random,1,1,1126,9.94,5630,99.33241546055946
random,1,1,1127,9.94,5635,99.33305599914117
random,1,1,1128,9.94,5640,99.33367744357375
random,1,1,1129,9.94,5645,99.33429327261159
random,1,1,1130,9.94,5650,99.33488571275628
random,1,1,1131,9.94,5655,99.33548154189675
random,1,1,1132,9.94,5660,99.33609847649963
random,1,1,1133,9.94,5665,99.3367363960898
random,1,1,1134,9.94,5670,99.33737750816613
random,1,1,1135,9.94,5675,99.33801738203856
random,1,1,1136,9.94,5680,99.33865162110193
random,1,1,1137,9.94,5685,99.33928464601212
random,1,1,1138,9.94,5690,99.33991646025221
random,1,1,1139,9.94,5695,99.34052519140693
random,1,1,1140,9.94,5700,99.34113280084844
random,1,1,1141,9.94,5705,99.34176108708752
random,1,1,1142,9.94,5710,99.3423881762188
random,1,1,1143,9.94,5715,99.34301407166038
random,1,1,1144,9.94,5720,99.34363877681737
random,1,1,1145,9.94,5725,99.34424066499538
random,1,1,1146,9.94,5730,99.34484145031274
random,1,1,1147,9.94,5735,99.34544113579791
random,1,1,1148,9.94,5740,99.34606123603636
random,1,1,1149,9.94,5745,99.34668016247552
random,1,1,1150,9.94,5750,99.34729791844508
random,1,1,1151,9.94,5755,99.34791450726216
random,1,1,1152,9.94,5760,99.34852993223139
random,1,1,1153,9.94,5765,99.34911862542235
random,1,1,1154,9.94,5770,99.34968923781486
random,1,1,1155,9.959999999999999,5775,99.34895152434241
random,1,1,1156,10.0,5780,99.34690465461053
random,1,1,1157,10.0,5785,99.34745016150609
random,1,1,1158,10.0,5790,99.34799475787786
random,1,1,1159,10.0,5795,99.3485342019544
random,1,1,1160,10.03,5800,99.34714122057905
random,1,1,1161,10.07,5805,99.34512583728946
random,1,1,1162,10.07,5810,99.345734278456
random,1,1,1163,10.09,5815,99.34502210306975
random,1,1,1164,10.09,5820,99.34560406776144
random,1,1,1165,10.09,5825,99.34618923577362
random,1,1,1166,10.09,5830,99.34677758715567
random,1,1,1167,10.09,5835,99.34738176549726
random,1,1,1168,10.09,5840,99.3479848272386
random,1,1,1169,10.09,5845,99.34858677547226
random,1,1,1170,10.09,5850,99.34919181103987
random,1,1,1171,10.09,5855,99.34979572373085
random,1,1,1172,10.100000000000001,5860,99.3497547094498
random,1,1,1173,10.11,5865,99.34971377114556
random,1,1,1174,10.13,5870,99.34903029290425
random,1,1,1175,10.16,5875,99.34770605683175
random,1,1,1176,10.16,5880,99.34831273291726
random,1,1,1177,10.18,5885,99.34763244407134
random,1,1,1178,10.23,5890,99.3450117167992
random,1,1,1179,10.23,5895,99.34559411482489
random,1,1,1180,10.23,5900,99.34615458362894
random,1,1,1181,10.23,5905,99.34671409322256
random,1,1,1182,10.23,5910,99.34727264606609
random,1,1,1183,10.23,5915,99.34783024461147
random,1,1,1184,10.25,5920,99.34711296538107
random,1,1,1185,10.25,5925,99.34769050619217
random,1,1,1186,10.25,5930,99.34826702612655
random,1,1,1187,10.25,5935,99.3488425278886
random,1,1,1188,10.25,5940,99.34939636677542
random,1,1,1189,10.25,5945,99.34996987665282
random,1,1,1190,10.25,5950,99.35054237631792
random,1,1,1191,10.25,5955,99.35111386843755
random,1,1,1192,10.25,5960,99.351663851939
random,1,1,1193,10.25,5965,99.35221290391895
random,1,1,1194,10.25,5970,99.35278146113532
random,1,1,1195,10.25,5975,99.35334902119124
random,1,1,1196,10.25,5980,99.35391151424231
random,1,1,1197,10.25,5985,99.35447302956828
random,1,1,1198,10.25,5990,99.35503356971616
random,1,1,1199,10.26,5995,99.35496444760187
random,1,1,1200,10.27,6000,99.35489544532314
random,1,1,1201,10.280000000000001,6005,99.35482656256865
random,1,1,1202,10.280000000000001,6010,99.35534443294767
random,1,1,1203,10.280000000000001,6015,99.35586147262097
random,1,1,1204,10.290000000000001,6020,99.35573142327631
random,1,1,1205,10.290000000000001,6025,99.35624734115763
random,1,1,1206,10.290000000000001,6030,99.35676243342584
random,1,1,1207,10.290000000000001,6035,99.35731684466928
random,1,1,1208,10.290000000000001,6040,99.35789434273092
random,1,1,1209,10.299999999999999,6045,99.35784335118487
random,1,1,1210,10.31,6050,99.35779245047964
random,1,1,1211,10.34,6055,99.35649695362919
random,1,1,1212,10.38,6060,99.35456190422892
random,1,1,1213,10.39,6065,99.35449801192843
random,1,1,1214,10.4,6070,99.3544342298835
random,1,1,1215,10.4,6075,99.35501076015703
random,1,1,1216,10.4,6080,99.3555862615948
random,1,1,1217,10.4,6085,99.35615675106791
random,1,1,1218,10.4,6090,99.35672623134352
random,1,1,1219,10.43,6095,99.3554407475157
random,1,1,1220,10.45,6100,99.35477497391315
random,1,1,1221,10.47,6105,99.3540904520133
random,1,1,1222,10.47,6110,99.35463589629794
random,1,1,1223,10.47,6115,99.35518042014891
random,1,1,1224,10.47,6120,99.35570816718358
random,1,1,1225,10.47,6125,99.35623505106464
random,1,1,1226,10.47,6130,99.35677688082863
random,1,1,1227,10.48,6135,99.35666447719781
random,1,1,1228,10.48,6140,99.35718535511215
random,1,1,1229,10.48,6145,99.35772507201078
random,1,1,1230,10.48,6150,99.35824423460828
random,1,1,1231,10.48,6155,99.35872332093206
random,1,1,1232,10.48,6160,99.35926045940047
random,1,1,1233,10.48,6165,99.35980060965552
random,1,1,1234,10.48,6170,99.36036327459824
random,1,1,1235,10.48,6175,99.36092105423634
random,1,1,1236,10.48,6180,99.36145451886695
random,1,1,1237,10.48,6185,99.36198709363204
random,1,1,1238,10.48,6190,99.36253816863541
random,1,1,1239,10.48,6195,99.3630882924932
random,1,1,1240,10.48,6200,99.36364133173838
random,1,1,1241,10.48,6205,99.36418569660495
random,1,1,1242,10.48,6210,99.36471372715424
random,1,1,1243,10.48,6215,99.36525625961504
random,1,1,1244,10.48,6220,99.36575948486114
random,1,1,1245,10.48,6225,99.36622742034
random,1,1,1246,10.48,6230,99.36671380056319
random,1,1,1247,10.48,6235,99.36721853904768
random,1,1,1248,10.48,6240,99.36770721465375
random,1,1,1249,10.48,6245,99.36817609077043
random,1,1,1250,10.48,6250,99.36864046845913
random,1,1,1251,10.48,6255,99.36912315342106
random,1,1,1252,10.48,6260,99.36958614051973
random,1,1,1253,10.48,6265,99.3700673811513
random,1,1,1254,10.48,6270,99.37055166821827
random,1,1,1255,10.48,6275,99.37105408454762
random,1,1,1256,10.48,6280,99.37153685624506
random,1,1,1257,10.489999999999998,6285,99.37141966875195
random,1,1,1258,10.489999999999998,6290,99.37193902599658
random,1,1,1259,10.5,6295,99.37185929648241
random,1,1,1260,10.5,6300,99.37237743427895
random,1,1,1261,10.54,6305,99.37050950506757
random,1,1,1262,10.549999999999999,6310,99.37041612212137
random,1,1,1263,10.57,6315,99.36972660326168
random,1,1,1264,10.57,6320,99.37022605131138
random,1,1,1265,10.57,6325,99.37072470843181
random,1,1,1266,10.57,6330,99.37122257650026
random,1,1,1267,10.57,6335,99.37172339186154
random,1,1,1268,10.57,6340,99.3722383237516
random,1,1,1269,10.57,6345,99.37274869001205
random,1,1,1270,10.59,6350,99.372079785594
random,1,1,1271,10.63,6355,99.37022708556735
random,1,1,1272,10.63,6360,99.3707452791097
random,1,1,1273,10.63,6365,99.37126262058686
random,1,1,1274,10.63,6370,99.37177911209872
random,1,1,1275,10.63,6375,99.37229475573822
random,1,1,1276,10.63,6380,99.37280955359145
random,1,1,1277,10.66,6385,99.37155490051585
random,1,1,1278,10.66,6390,99.37205096636997
random,1,1,1279,10.68,6395,99.3713838384433
random,1,1,1280,10.68,6400,99.3718755513733
random,1,1,1281,10.72,6405,99.3700343190259
random,1,1,1282,10.76,6410,99.36821461913793
random,1,1,1283,10.76,6415,99.3687261292234
random,1,1,1284,10.76,6420,99.36925899655907
random,1,1,1285,10.81,6425,99.36686248440584
random,1,1,1286,10.81,6430,99.36739602413375
random,1,1,1287,10.82,6435,99.36734765474256
random,1,1,1288,10.82,6440,99.3678835784099
random,1,1,1289,10.82,6445,99.36841490821003
random,1,1,1290,10.82,6450,99.36894166501418
random,1,1,1291,10.82,6455,99.36946754389542
random,1,1,1292,10.82,6460,99.3699742050437
random,1,1,1293,10.82,6465,99.37047638995556
random,1,1,1294,10.82,6470,99.37096314727718
random,1,1,1295,10.82,6475,99.37145280377361
random,1,1,1296,10.82,6480,99.37193805289188
random,1,1,1297,10.82,6485,99.37240435256723
random,1,1,1298,10.82,6490,99.37290267240829
random,1,1,1299,10.83,6495,99.3727847661408
random,1,1,1300,10.83,6500,99.37324575363871
random,1,1,1301,10.83,6505,99.37372417262776
random,1,1,1302,10.85,6510,99.37304618656066
random,1,1,1303,10.85,6515,99.37352041110918
random,1,1,1304,10.85,6520,99.37395779840864
random,1,1,1305,10.85,6525,99.37441261091924
random,1,1,1306,10.85,6530,99.37486676307739
random,1,1,1307,10.85,6535,99.37532385284126
random,1,1,1308,10.85,6540,99.37578386588271
random,1,1,1309,10.85,6545,99.37625754527163
random,1,1,1310,10.85,6550,99.37671618469881
random,1,1,1311,10.85,6555,99.37714197144612
random,1,1,1312,10.85,6560,99.37758145938503
random,1,1,1313,10.85,6565,99.3780345893022
random,1,1,1314,10.85,6570,99.37845857727163
random,1,1,1315,10.85,6575,99.37889620983576
random,1,1,1316,10.85,6580,99.37933322655196
random,1,1,1317,10.85,6585,99.37975544643317
random,1,1,1318,10.85,6590,99.38018417384549
random,1,1,1319,10.85,6595,99.38062291638124
random,1,1,1320,10.85,6600,99.38107516086342
random,1,1,1321,10.85,6605,99.38149854067858
random,1,1,1322,10.85,6610,99.38194950783813
random,1,1,1323,10.85,6615,99.3823963023469
random,1,1,1324,10.85,6620,99.38282840923311
random,1,1,1325,10.85,6625,99.38327393437125
random,1,1,1326,10.85,6630,99.38372231720408
random,1,1,1327,10.85,6635,99.38418053442913
random,1,1,1328,10.85,6640,99.38463807076945
random,1,1,1329,10.85,6645,99.38506704752837
random,1,1,1330,10.85,6650,99.38550586742785
random,1,1,1331,10.85,6655,99.38594753671582
random,1,1,1332,10.85,6660,99.38640592217251
random,1,1,1333,10.85,6665,99.38684976406431
random,1,1,1334,10.85,6670,99.38731026382364
random,1,1,1335,10.85,6675,99.38777007239548
random,1,1,1336,10.85,6680,99.38822919133484
random,1,1,1337,10.85,6685,99.38870484303519
random,1,1,1338,10.85,6690,99.38915912264108
random,1,1,1339,10.85,6695,99.38963332995804
random,1,1,1340,10.85,6700,99.39012394255361
random,1,1,1341,10.85,6705,99.39061718965004
random,1,1,1342,10.85,6710,99.39110622250156
random,1,1,1343,10.85,6715,99.39157741266192
random,1,1,1344,10.85,6720,99.39204787412869
random,1,1,1345,10.85,6725,99.39253121325794
random,1,1,1346,10.85,6730,99.39299680554079
random,1,1,1347,10.85,6735,99.39346507532773
random,1,1,1348,10.85,6740,99.39393600857986
random,1,1,1349,10.85,6745,99.39440283095746
random,1,1,1350,10.85,6750,99.39487230969152
random,1,1,1351,10.85,6755,99.39532421211024
random,1,1,1352,10.85,6760,99.3957720752027
random,1,1,1353,10.85,6765,99.39621927535184
random,1,1,1354,10.85,6770,99.39666916896044
random,1,1,1355,10.85,6775,99.3971351417427
random,1,1,1356,10.85,6780,99.39758032724991
random,1,1,1357,10.85,6785,99.39802485574789
random,1,1,1358,10.85,6790,99.39848873760249
random,1,1,1359,10.85,6795,99.39896855248361
random,1,1,1360,10.85,6800,99.3994476024952
random,1,1,1361,10.86,6805,99.39935621605478
random,1,1,1362,10.870000000000001,6810,99.39926497001852
random,1,1,1363,10.870000000000001,6815,99.39972609396744
random,1,1,1364,10.870000000000001,6820,99.40018320071515
random,1,1,1365,10.870000000000001,6825,99.40061978230422
random,1,1,1366,10.870000000000001,6830,99.40105572881654
random,1,1,1367,10.879999999999999,6835,99.40092394266931
random,1,1,1368,10.879999999999999,6840,99.40135904701643
random,1,1,1369,10.879999999999999,6845,99.40179351979634
random,1,1,1370,10.879999999999999,6850,99.40222736238317
random,1,1,1371,10.879999999999999,6855,99.40266057614706
random,1,1,1372,10.879999999999999,6860,99.40308006298383
random,1,1,1373,10.89,6865,99.4029507064261
random,1,1,1374,10.89,6870,99.40338574480907
random,1,1,1375,10.89,6875,99.40383320468393
random,1,1,1376,10.92,6880,99.402658497894
random,1,1,1377,10.92,6885,99.4031090801758
random,1,1,1378,10.96,6890,99.40137421758081
random,1,1,1379,10.96,6895,99.40182835311775
random,1,1,1380,10.96,6900,99.40227854038164
random,1,1,1381,10.96,6905,99.40272805052834
random,1,1,1382,10.96,6910,99.40315738456596
random,1,1,1383,10.96,6915,99.40360557432892
random,1,1,1384,10.96,6920,99.40404985101246
random,1,1,1385,10.96,6925,99.40451611501098
random,1,1,1386,10.96,6930,99.40498164998154
random,1,1,1387,10.96,6935,99.40544645763264
random,1,1,1388,10.96,6940,99.4058944378493
random,1,1,1389,10.96,6945,99.40634174349196
random,1,1,1390,10.96,6950,99.4067851652991
random,1,1,1391,10.96,6955,99.40721510087079
random,1,1,1392,10.96,6960,99.40764121217363
random,1,1,1393,10.96,6965,99.40808269560004
random,1,1,1394,10.97,6970,99.40796787807484
random,1,1,1395,10.97,6975,99.40842442446761
random,1,1,1396,10.97,6980,99.40886434056311
random,1,1,1397,10.97,6985,99.4093036028711
random,1,1,1398,10.97,6990,99.40972633255491
random,1,1,1399,10.97,6995,99.41016431520991
random,1,1,1400,10.97,7000,99.41061748161202
random,1,1,1401,10.97,7005,99.41107311390394
random,1,1,1402,10.97,7010,99.41151225792608
random,1,1,1403,11.01,7015,99.40980653876461
random,1,1,1404,11.01,7020,99.41023017628815
random,1,1,1405,11.01,7025,99.41066582450581
random,1,1,1406,11.01,7030,99.41110082959366
random,1,1,1407,11.01,7035,99.41153519297477
random,1,1,1408,11.01,7040,99.41198461867123
random,1,1,1409,11.01,7045,99.41243649404431
random,1,1,1410,11.01,7050,99.41288767544046
random,1,1,1411,11.01,7055,99.41333816445714
random,1,1,1412,11.01,7060,99.41379108387419
random,1,1,1413,11.01,7065,99.41424330449772
random,1,1,1414,11.01,7070,99.41469482794368
random,1,1,1415,11.01,7075,99.41514254904357
random,1,1,1416,11.01,7080,99.41558958571088
random,1,1,1417,11.01,7085,99.41603284218566
random,1,1,1418,11.01,7090,99.41647851941362
random,1,1,1419,11.01,7095,99.41692042896862
random,1,1,1420,11.01,7100,99.4173647529489
random,1,1,1421,11.020000000000001,7105,99.41727961589103
random,1,1,1422,11.04,7110,99.41666314410111
random,1,1,1423,11.04,7115,99.41710357499247
random,1,1,1424,11.04,7120,99.4175433413175
random,1,1,1425,11.04,7125,99.41796403397318
random,1,1,1426,11.04,7130,99.41836879843635
random,1,1,1427,11.04,7135,99.41875769988101
random,1,1,1428,11.04,7140,99.41914608160366
random,1,1,1429,11.08,7145,99.41743080676369
random,1,1,1430,11.110000000000001,7150,99.41624632198402
random,1,1,1431,11.17,7155,99.41348819625304
random,1,1,1432,11.17,7160,99.4138821257661
random,1,1,1433,11.18,7165,99.41376652386622
random,1,1,1434,11.200000000000001,7170,99.41312401423174
random,1,1,1435,11.200000000000001,7175,99.41351737716593
random,1,1,1436,11.21,7180,99.41337156971511
random,1,1,1437,11.219999999999999,7185,99.4132412927518
random,1,1,1438,11.23,7190,99.41312652532231
random,1,1,1439,11.23,7195,99.41353414871061
random,1,1,1440,11.23,7200,99.41394120624781
random,1,1,1441,11.23,7205,99.41434769911135
random,1,1,1442,11.23,7210,99.41473837815302
random,1,1,1443,11.23,7215,99.41512853631099
random,1,1,1444,11.23,7220,99.4155181746263
random,1,1,1445,11.25,7225,99.41486705779553
random,1,1,1446,11.28,7230,99.41369703521976
random,1,1,1447,11.31,7235,99.41252856846042
random,1,1,1448,11.31,7240,99.41293413546636
random,1,1,1449,11.32,7245,99.412820433019
random,1,1,1450,11.34,7250,99.41218853508468
random,1,1,1451,11.37,7255,99.4110578168219
random,1,1,1452,11.42,7260,99.40889351283923
random,1,1,1453,11.43,7265,99.40880125791368
random,1,1,1454,11.43,7270,99.40922294468507
random,1,1,1455,11.450000000000001,7275,99.40862630864025
random,1,1,1456,11.52,7280,99.40545310975894
random,1,1,1457,11.59,7285,99.40228462391377
random,1,1,1458,11.690000000000001,7290,99.3975748393447
random,1,1,1459,11.690000000000001,7295,99.39800295591364
random,1,1,1460,11.709999999999999,7300,99.39740126077447
random,1,1,1461,11.709999999999999,7305,99.39782889289994
random,1,1,1462,11.76,7310,99.39567103126478
random,1,1,1463,11.799999999999999,7315,99.3940140917401
random,1,1,1464,11.86,7320,99.39134852738162
random,1,1,1465,11.87,7325,99.39125083337606
random,1,1,1466,11.87,7330,99.3916813578779
random,1,1,1467,11.89,7335,99.39108703000011
random,1,1,1468,11.89,7340,99.39151706208675
random,1,1,1469,11.92,7345,99.39041228994283
random,1,1,1470,11.98,7350,99.38777596075225
random,1,1,1471,12.02,7355,99.38615216480946
random,1,1,1472,12.030000000000001,7360,99.38606160818176
random,1,1,1473,12.030000000000001,7365,99.3864968100894
random,1,1,1474,12.08,7370,99.38439899913877
random,1,1,1475,12.1,7375,99.38383195416932
random,1,1,1476,12.1,7380,99.38428658660696
random,1,1,1477,12.1,7385,99.38473429165629
random,1,1,1478,12.1,7390,99.3851657257839
random,1,1,1479,12.11,7395,99.3850856614772
random,1,1,1480,12.139999999999999,7400,99.38397836312801
random,1,1,1481,12.18,7405,99.38235920528189
random,1,1,1482,12.18,7410,99.3827379474263
random,1,1,1483,12.18,7415,99.38311934969232
random,1,1,1484,12.18,7420,99.3835158828174
random,1,1,1485,12.18,7425,99.3839119064841
random,1,1,1486,12.22,7430,99.38231666632969
random,1,1,1487,12.23,7435,99.38224211260065
random,1,1,1488,12.24,7440,99.38215518807922
random,1,1,1489,12.24,7445,99.38256970051604
random,1,1,1490,12.24,7450,99.38298676748583
random,1,1,1491,12.24,7455,99.3834188016966
random,1,1,1492,12.24,7460,99.38384712965387
random,1,1,1493,12.24,7465,99.3842624732124
random,1,1,1494,12.24,7470,99.38467725718883
random,1,1,1495,12.24,7475,99.3851069280967
random,1,1,1496,12.24,7480,99.38552057552224
random,1,1,1497,12.24,7485,99.38594906989344
random,1,1,1498,12.24,7490,99.38637696707792
random,1,1,1499,12.26,7495,99.3858023145133
random,1,1,1500,12.31,7500,99.38372657685395
random,1,1,1501,12.31,7505,99.38416745042323
random,1,1,1502,12.370000000000001,7510,99.38161440133575
random,1,1,1503,12.370000000000001,7515,99.38205923639106
random,1,1,1504,12.41,7520,99.38050667665046
random,1,1,1505,12.41,7525,99.38093622795115
random,1,1,1506,12.45,7530,99.3793526323923
random,1,1,1507,12.45,7535,99.37977931103195
random,1,1,1508,12.45,7540,99.38018997550631
random,1,1,1509,12.45,7545,99.3805846882525
random,1,1,1510,12.479999999999999,7550,99.37948728147809
random,1,1,1511,12.509999999999998,7555,99.3783758267204
random,1,1,1512,12.559999999999999,7560,99.37628492258186
random,1,1,1513,12.559999999999999,7565,99.37669349796036
random,1,1,1514,12.559999999999999,7570,99.37710462757701
random,1,1,1515,12.590000000000002,7575,99.37602838847809
random,1,1,1516,12.590000000000002,7580,99.3764239722635
random,1,1,1517,12.590000000000002,7585,99.37683447753585
random,1,1,1518,12.590000000000002,7590,99.37725984438916
random,1,1,1519,12.61,7595,99.37669604417006
random,1,1,1520,12.61,7600,99.37711784871027
random,1,1,1521,12.61,7605,99.37752679201695
random,1,1,1522,12.61,7610,99.37793826740268
random,1,1,1523,12.620000000000001,7615,99.3778562167545
random,1,1,1524,12.620000000000001,7620,99.37826693138767
random,1,1,1525,12.620000000000001,7625,99.37867710410359
random,1,1,1526,12.620000000000001,7630,99.3790867359741
random,1,1,1527,12.629999999999999,7635,99.3790041448892
random,1,1,1528,12.65,7640,99.37843030311964
random,1,1,1529,12.690000000000001,7645,99.37687208445864
random,1,1,1530,12.72,7650,99.37580661782386
random,1,1,1531,12.72,7655,99.37621373506738
random,1,1,1532,12.72,7660,99.37662032158943
random,1,1,1533,12.72,7665,99.37702637842709
random,1,1,1534,12.72,7670,99.37741667074543
random,1,1,1535,12.72,7675,99.37779125679317
random,1,1,1536,12.72,7680,99.37818059160837
random,1,1,1537,12.72,7685,99.37856943949113
random,1,1,1538,12.73,7690,99.37848473308532
random,1,1,1539,12.73,7695,99.37889107906088
random,1,1,1540,12.740000000000002,7700,99.37882141847153
random,1,1,1541,12.740000000000002,7705,99.37923910501286
random,1,1,1542,12.740000000000002,7710,99.37965623021863
random,1,1,1543,12.740000000000002,7715,99.38005771205286
random,1,1,1544,12.740000000000002,7720,99.3804255319149
random,1,1,1545,12.740000000000002,7725,99.38079291557106
random,1,1,1546,12.740000000000002,7730,99.38117489338138
random,1,1,1547,12.75,7735,99.38108598778676
random,1,1,1548,12.770000000000001,7740,99.38051508933292
random,1,1,1549,12.770000000000001,7745,99.38091151931198
random,1,1,1550,12.770000000000001,7750,99.38131043972017
random,1,1,1551,12.78,7755,99.38122467160848
random,1,1,1552,12.78,7760,99.38163783718399
random,1,1,1553,12.8,7765,99.38108040152409
random,1,1,1554,12.8,7770,99.38149012558651
random,1,1,1555,12.8,7775,99.38188438340553
random,1,1,1556,12.8,7780,99.38229304404057
random,1,1,1557,12.8,7785,99.3826892563817
random,1,1,1558,12.8,7790,99.38308496076806
random,1,1,1559,12.8,7795,99.38348015817587
random,1,1,1560,12.83,7800,99.38243080625752
random,1,1,1561,12.879999999999999,7805,99.38040581494916
random,1,1,1562,12.889999999999999,7810,99.3803063373172
random,1,1,1563,12.9,7815,99.38020698204042
random,1,1,1564,12.91,7820,99.38010774889322
random,1,1,1565,12.950000000000001,7825,99.37858393915401
random,1,1,1566,12.97,7830,99.37800626309807
random,1,1,1567,12.989999999999998,7835,99.37744123073973
random,1,1,1568,12.989999999999998,7840,99.37780502641574
random,1,1,1569,13.01,7845,99.37722590280703
random,1,1,1570,13.01,7850,99.37759236845001
random,1,1,1571,13.01,7855,99.37795840306
random,1,1,1572,13.03,7860,99.37738319364672
random,1,1,1573,13.05,7865,99.37680868743016
random,1,1,1574,13.11,7870,99.3743228990183
random,1,1,1575,13.170000000000002,7875,99.37185510218683
random,1,1,1576,13.200000000000001,7880,99.37082036444752
random,1,1,1577,13.29,7885,99.36691374021073
random,1,1,1578,13.370000000000001,7890,99.36348791483974
random,1,1,1579,13.41,7895,99.3619845563152
random,1,1,1580,13.469999999999999,7900,99.35950472169125
random,1,1,1581,13.5,7905,99.358453445105
random,1,1,1582,13.569999999999999,7910,99.35550362855732
random,1,1,1583,13.639999999999999,7915,99.35255725643765
random,1,1,1584,13.71,7920,99.34962974910223
random,1,1,1585,13.750000000000002,7925,99.34812806083507
random,1,1,1586,13.79,7930,99.34664367206155
random,1,1,1587,13.86,7935,99.34374067813462
random,1,1,1588,13.87,7940,99.34368049969243
random,1,1,1589,13.91,7945,99.34221415161704
random,1,1,1590,13.950000000000001,7950,99.34074970227405
random,1,1,1591,13.950000000000001,7955,99.34112957312753
random,1,1,1592,13.950000000000001,7960,99.34150900645746
random,1,1,1593,13.99,7965,99.33998537494398
random,1,1,1594,14.000000000000002,7970,99.33989353425717
random,1,1,1595,14.000000000000002,7975,99.34027303271775
random,1,1,1596,14.000000000000002,7980,99.34063656829592
random,1,1,1597,14.000000000000002,7985,99.34101521313451
random,1,1,1598,14.000000000000002,7990,99.34140891450076
random,1,1,1599,14.030000000000001,7995,99.34039172175156
random,1,1,1600,14.030000000000001,8000,99.34076983798819
random,1,1,1601,14.030000000000001,8005,99.34113205066191
random,1,1,1602,14.030000000000001,8010,99.34150931883997
random,1,1,1603,14.030000000000001,8015,99.34187071957969
random,1,1,1604,14.030000000000001,8020,99.34224714254907
random,1,1,1605,14.030000000000001,8025,99.34263853553172
random,1,1,1606,14.030000000000001,8030,99.34304484433018
random,1,1,1607,14.030000000000001,8035,99.34343528883231
random,1,1,1608,14.030000000000001,8040,99.3438099246995
random,1,1,1609,14.05,8045,99.34324925677318
random,1,1,1610,14.06,8050,99.34318708423649
random,1,1,1611,14.06,8055,99.34357652749182
random,1,1,1612,14.06,8060,99.34395020367407
random,1,1,1613,14.06,8065,99.34432345465993
random,1,1,1614,14.06,8070,99.3446962811747
random,1,1,1615,14.06,8075,99.34508698791252
random,1,1,1616,14.09,8080,99.34408066550907
random,1,1,1617,14.09,8085,99.34446822369033
random,1,1,1618,14.09,8090,99.3448553241548
random,1,1,1619,14.09,8095,99.34525718056311
random,1,1,1620,14.09,8100,99.34562815517297
random,1,1,1621,14.09,8105,99.3460290643435
random,1,1,1622,14.099999999999998,8110,99.34593528934246
random,1,1,1623,14.13,8115,99.34491439380241
random,1,1,1624,14.13,8120,99.34529987397138
random,1,1,1625,14.13,8125,99.34566975077102
random,1,1,1626,14.13,8130,99.34602407631108
random,1,1,1627,14.13,8135,99.34636290042789
random,1,1,1628,14.16,8140,99.34532946202356
random,1,1,1629,14.16,8145,99.345683405034
random,1,1,1630,14.21,8150,99.3437429282643
random,1,1,1631,14.27,8155,99.34134306933207
random,1,1,1632,14.37,8160,99.33710373842123
random,1,1,1633,14.399999999999999,8165,99.33609346328689
random,1,1,1634,14.44,8170,99.33462353700119
random,1,1,1635,14.44,8175,99.33498206201614
random,1,1,1636,14.44,8180,99.33534020087087
random,1,1,1637,14.44,8185,99.33571323421168
random,1,1,1638,14.46,8190,99.335178527094
random,1,1,1639,14.46,8195,99.33556954464
random,1,1,1640,14.46,8200,99.33592960670133
random,1,1,1641,14.48,8205,99.33537128326586
random,1,1,1642,14.499999999999998,8210,99.33480440955863
random,1,1,1643,14.580000000000002,8215,99.33151157246084
random,1,1,1644,14.64,8220,99.32915122049572
random,1,1,1645,14.64,8225,99.32953832485335
random,1,1,1646,14.64,8230,99.32991271472315
random,1,1,1647,14.719999999999999,8235,99.32661472938787
random,1,1,1648,14.719999999999999,8240,99.32699033920235
random,1,1,1649,14.74,8245,99.32646393566222
random,1,1,1650,14.75,8250,99.32639789562135
random,1,1,1651,14.75,8255,99.32679141944317
random,1,1,1652,14.75,8260,99.32719982849298
random,1,1,1653,14.75,8265,99.32762306777103
random,1,1,1654,14.75,8270,99.32804883604392
random,1,1,1655,14.77,8275,99.32754515281617
random,1,1,1656,14.77,8280,99.32795515454302
random,1,1,1657,14.77,8285,99.32836465661109
random,1,1,1658,14.77,8290,99.3287736599332
random,1,1,1659,14.77,8295,99.32917607197845
random,1,1,1660,14.77,8300,99.32959321695398
random,1,1,1661,14.77,8305,99.33000984345728
random,1,1,1662,14.77,8310,99.33042898784618
random,1,1,1663,14.77,8315,99.33083244986906
random,1,1,1664,14.77,8320,99.33123845401529
random,1,1,1665,14.77,8325,99.33164094140432
random,1,1,1666,14.77,8330,99.3320429446188
random,1,1,1667,14.77,8335,99.33244446453187
random,1,1,1668,14.77,8340,99.332842488493
random,1,1,1669,14.77,8345,99.33322498803687
random,1,1,1670,14.77,8350,99.3336250885417
random,1,1,1671,14.77,8355,99.33403672041266
random,1,1,1672,14.78,8360,99.33399723324968
random,1,1,1673,14.799999999999999,8365,99.33352246884894
random,1,1,1674,14.799999999999999,8370,99.33393339333934
random,1,1,1675,14.799999999999999,8375,99.33432884155228
random,1,1,1676,14.799999999999999,8380,99.33471484889486
random,1,1,1677,14.799999999999999,8385,99.33509144738912
random,1,1,1678,14.799999999999999,8390,99.33547657105912
random,1,1,1679,14.799999999999999,8395,99.33585528825228
random,1,1,1680,14.799999999999999,8400,99.33623357402341
random,1,1,1681,14.799999999999999,8405,99.33662034961901
random,1,1,1682,14.829999999999998,8410,99.3356716972849
random,1,1,1683,14.829999999999998,8415,99.33608212346276
random,1,1,1684,14.829999999999998,8420,99.33647719951321
random,1,1,1685,14.829999999999998,8425,99.33688663131255
random,1,1,1686,14.829999999999998,8430,99.3372837122837
random,1,1,1687,14.829999999999998,8435,99.3376803179849
random,1,1,1688,14.829999999999998,8440,99.33808826679997
random,1,1,1689,14.829999999999998,8445,99.33851046652184
random,1,1,1690,14.829999999999998,8450,99.33891739364951
random,1,1,1691,14.829999999999998,8455,99.3393267637258
random,1,1,1692,14.829999999999998,8460,99.33973562711759
random,1,1,1693,14.84,8465,99.33969610002448
random,1,1,1694,14.84,8470,99.34010423151491
random,1,1,1695,14.84,8475,99.34051185878778
random,1,1,1696,14.84,8480,99.34090434674472
random,1,1,1697,14.84,8485,99.34129636780874
random,1,1,1698,14.84,8490,99.34168792281245
random,1,1,1699,14.85,8495,99.34163566960308
random,1,1,1700,14.860000000000001,8500,99.34158347844195
random,1,1,1701,14.860000000000001,8505,99.34197125220302
random,1,1,1702,14.860000000000001,8510,99.34237312138217
random,1,1,1703,14.860000000000001,8515,99.3427774067571
random,1,1,1704,14.860000000000001,8520,99.34319571088236
random,1,1,1705,14.860000000000001,8525,99.34361348286814
random,1,1,1706,14.860000000000001,8530,99.34403072372923
random,1,1,1707,14.87,8535,99.34400628201112
random,1,1,1708,14.89,8540,99.34354389306246
random,1,1,1709,14.92,8545,99.34263571356189
random,1,1,1710,14.92,8550,99.3430525161705
random,1,1,1711,14.92,8555,99.34346879056565
random,1,1,1712,14.92,8560,99.34388453775082
random,1,1,1713,14.96,8565,99.34253895984038
random,1,1,1714,15.0,8570,99.34119507213914
random,1,1,1715,15.0,8575,99.3415941322869
random,1,1,1716,15.02,8580,99.34110091421151
random,1,1,1717,15.049999999999999,8585,99.34016695310582
random,1,1,1718,15.09,8590,99.33878141226475
random,1,1,1719,15.15,8595,99.336507004997
random,1,1,1720,15.160000000000002,8600,99.3364148895192
random,1,1,1721,15.160000000000002,8605,99.33676036311932
random,1,1,1722,15.2,8610,99.33535641512239
random,1,1,1723,15.260000000000002,8615,99.33308859520314
random,1,1,1724,15.27,8620,99.33299844934152
random,1,1,1725,15.310000000000002,8625,99.33161033450043
random,1,1,1726,15.35,8630,99.33021201953075
random,1,1,1727,15.409999999999998,8635,99.32795171370132
random,1,1,1728,15.43,8640,99.32745198887659
random,1,1,1729,15.43,8645,99.32781529078632
random,1,1,1730,15.5,8650,99.325127463829
random,1,1,1731,15.53,8655,99.32418318856725
random,1,1,1732,15.590000000000002,8660,99.32192331948764
random,1,1,1733,15.64,8665,99.32010937370944
random,1,1,1734,15.64,8670,99.32046976220786
random,1,1,1735,15.690000000000001,8675,99.31865850851786
random,1,1,1736,15.690000000000001,8680,99.31901041666666
random,1,1,1737,15.690000000000001,8685,99.31938558173229
random,1,1,1738,15.72,8690,99.31847445796609
random,1,1,1739,15.740000000000002,8695,99.31799766888658
random,1,1,1740,15.78,8700,99.31665829450382
random,1,1,1741,15.83,8705,99.31488766841082
random,1,1,1742,15.86,8710,99.31399603795946
random,1,1,1743,15.86,8715,99.31441712487464
random,1,1,1744,15.879999999999999,8720,99.31397664582964
random,1,1,1745,15.920000000000002,8725,99.31267620227698
random,1,1,1746,15.98,8730,99.31049956420811
random,1,1,1747,16.07,8735,99.30703187998327
random,1,1,1748,16.17,8740,99.30313739010515
random,1,1,1749,16.23,8745,99.30097037199747
random,1,1,1750,16.23,8750,99.30138560673562
random,1,1,1751,16.27,8755,99.30009463993805
random,1,1,1752,16.31,8760,99.29880827500817
random,1,1,1753,16.41,8765,99.29494560640693
random,1,1,1754,16.53,8770,99.29022894732323
random,1,1,1755,16.619999999999997,8775,99.28680547211589
random,1,1,1756,16.66,8780,99.28553049146582
random,1,1,1757,16.71,8785,99.28382849599699
random,1,1,1758,16.71,8790,99.28425182684977
random,1,1,1759,16.76,8795,99.28253424657534
random,1,1,1760,16.81,8800,99.2807848472791
random,1,1,1761,16.81,8805,99.2811754342453
random,1,1,1762,16.81,8810,99.28155331506943
random,1,1,1763,16.830000000000002,8815,99.28107646304997
random,1,1,1764,16.830000000000002,8820,99.28145093116787
random,1,1,1765,16.86,8825,99.28054484006418
random,1,1,1766,16.89,8830,99.27963969189562
random,1,1,1767,16.939999999999998,8835,99.2778983175116
random,1,1,1768,16.939999999999998,8840,99.27828902522154
random,1,1,1769,16.97,8845,99.2773864981562
random,1,1,1770,17.0,8850,99.27648490832638
random,1,1,1771,17.0,8855,99.27684500236089
random,1,1,1772,17.02,8860,99.27633900668812
random,1,1,1773,17.02,8865,99.27671419161548
random,1,1,1774,17.06,8870,99.27539001941071
random,1,1,1775,17.080000000000002,8875,99.27493165339357
random,1,1,1776,17.119999999999997,8880,99.2736282945539
random,1,1,1777,17.119999999999997,8885,99.27402255957935
random,1,1,1778,17.119999999999997,8890,99.2744163968332
random,1,1,1779,17.16,8895,99.27311543740151
random,1,1,1780,17.169999999999998,8900,99.27308597652876
random,1,1,1781,17.169999999999998,8905,99.27347968112656
random,1,1,1782,17.22,8910,99.27175535716552
random,1,1,1783,17.22,8915,99.27213089808563
random,1,1,1784,17.22,8920,99.27249068433194
random,1,1,1785,17.26,8925,99.27119180829726
random,1,1,1786,17.26,8930,99.27159780044481
random,1,1,1787,17.31,8935,99.26987903021714
random,1,1,1788,17.330000000000002,8940,99.26944219614191
random,1,1,1789,17.380000000000003,8945,99.26772954024538
random,1,1,1790,17.419999999999998,8950,99.26643983290661
random,1,1,1791,17.419999999999998,8955,99.26681958795429
random,1,1,1792,17.419999999999998,8960,99.26719895001641
random,1,1,1793,17.419999999999998,8965,99.2675933166839
random,1,1,1794,17.47,8970,99.26588618924757
random,1,1,1795,17.53,8975,99.26377636944736
random,1,1,1796,17.57,8980,99.26252387248421
random,1,1,1797,17.630000000000003,8985,99.26043383966139
random,1,1,1798,17.69,8990,99.25834622527996
random,1,1,1799,17.69,8995,99.25877507238361
random,1,1,1800,17.69,9000,99.25921893451478
random,1,1,1801,17.7,9005,99.25922825814013
random,1,1,1802,17.7,9010,99.2596589411868
random,1,1,1803,17.7,9015,99.26008603067508
random,1,1,1804,17.72,9020,99.25969560621823
random,1,1,1805,17.75,9025,99.25888812342122
random,1,1,1806,17.8,9030,99.25723156014755
random,1,1,1807,17.82,9035,99.25682804869402
random,1,1,1808,17.87,9040,99.25517459841116
random,1,1,1809,17.93,9045,99.25310650209738
random,1,1,1810,17.97,9050,99.25188901146937
random,1,1,1811,18.02,9055,99.25025691806498
random,1,1,1812,18.02,9060,99.25070584175008
random,1,1,1813,18.02,9065,99.25115422815279
random,1,1,1814,18.060000000000002,9070,99.24993770246698
random,1,1,1815,18.11,9075,99.2482950701273
random,1,1,1816,18.11,9080,99.24874098779567
random,1,1,1817,18.11,9085,99.24918637673349
random,1,1,1818,18.16,9090,99.24756577584421
random,1,1,1819,18.16,9095,99.24801755729933
random,1,1,1820,18.21,9100,99.24639960271479
random,1,1,1821,18.23,9105,99.2460212421004
random,1,1,1822,18.27,9110,99.2448197611696
random,1,1,1823,18.279999999999998,9115,99.24485901005478
random,1,1,1824,18.279999999999998,9120,99.24531106147742
random,1,1,1825,18.279999999999998,9125,99.24576257199914
random,1,1,1826,18.279999999999998,9130,99.24621354259017
random,1,1,1827,18.279999999999998,9135,99.24666397421844
random,1,1,1828,18.279999999999998,9140,99.24711386784954
random,1,1,1829,18.279999999999998,9145,99.2475632244468
random,1,1,1830,18.279999999999998,9150,99.24801204497118
random,1,1,1831,18.279999999999998,9155,99.24846033038143
random,1,1,1832,18.29,9160,99.24849719984059
random,1,1,1833,18.29,9165,99.24894466253839
random,1,1,1834,18.29,9170,99.24938851223797
random,1,1,1835,18.29,9175,99.2498318376454
random,1,1,1836,18.29,9180,99.25027463968912
random,1,1,1837,18.29,9185,99.25071998885707
random,1,1,1838,18.29,9190,99.25116480924969
random,1,1,1839,18.29,9195,99.25160603952699
random,1,1,1840,18.29,9200,99.25204675014517
random,1,1,1841,18.29,9205,99.25248694202176
random,1,1,1842,18.29,9210,99.25292661607209
random,1,1,1843,18.29,9215,99.25336882110652
random,1,1,1844,18.29,9220,99.25381050295375
random,1,1,1845,18.29,9225,99.25425166254173
random,1,1,1846,18.29,9230,99.25469230079625
random,1,1,1847,18.29,9235,99.25513241864084
random,1,1,1848,18.29,9240,99.2555720169969
random,1,1,1849,18.29,9245,99.25601109678364
random,1,1,1850,18.29,9250,99.25644965891813
random,1,1,1851,18.29,9255,99.25688770431526
random,1,1,1852,18.29,9260,99.25732523388774
random,1,1,1853,18.29,9265,99.25776224854617
random,1,1,1854,18.29,9270,99.25819874919898
random,1,1,1855,18.29,9275,99.25863173169684
random,1,1,1856,18.29,9280,99.25906721058452
random,1,1,1857,18.29,9285,99.25950217817294
random,1,1,1858,18.29,9290,99.25993364085134
random,1,1,1859,18.29,9295,99.26034964554208
random,1,1,1860,18.29,9300,99.26075024351995
random,1,1,1861,18.29,9305,99.26116533092038
random,1,1,1862,18.29,9310,99.26157995244074
random,1,1,1863,18.29,9315,99.262008997922
random,1,1,1864,18.29,9320,99.26243754511471
random,1,1,1865,18.29,9325,99.2628655948864
random,1,1,1866,18.310000000000002,9330,99.26249053442248
random,1,1,1867,18.32,9335,99.26251846722998
random,1,1,1868,18.32,9340,99.26294572271149
random,1,1,1869,18.32,9345,99.26337544531206
random,1,1,1870,18.33,9350,99.26340281377713
random,1,1,1871,18.35,9355,99.26302853103715
random,1,1,1872,18.39,9360,99.261851912803
random,1,1,1873,18.39,9365,99.26228127181264
random,1,1,1874,18.41,9370,99.26190829380941
random,1,1,1875,18.44,9375,99.26113506322824
random,1,1,1876,18.48,9380,99.2599622772979
random,1,1,1877,18.48,9385,99.2603917362384
random,1,1,1878,18.48,9390,99.26082069702048
random,1,1,1879,18.490000000000002,9395,99.26084940356263
random,1,1,1880,18.509999999999998,9400,99.26047855148084
random,1,1,1881,18.52,9405,99.26050742287636
random,1,1,1882,18.56,9410,99.25933907185927
random,1,1,1883,18.6,9415,99.25817207217268
random,1,1,1884,18.6,9420,99.25860082829433
random,1,1,1885,18.6,9425,99.25902908908382
random,1,1,1886,18.63,9430,99.25826243097222
random,1,1,1887,18.64,9435,99.2582924810594
random,1,1,1888,18.66,9440,99.25792481418294
random,1,1,1889,18.67,9445,99.25795502420489
random,1,1,1890,18.68,9450,99.25798519942641
random,1,1,1891,18.709999999999997,9455,99.25722134883203
random,1,1,1892,18.73,9460,99.25685514428437
random,1,1,1893,18.77,9465,99.25569628284335
random,1,1,1894,18.77,9470,99.25612399782821
random,1,1,1895,18.77,9475,99.25655122152159
random,1,1,1896,18.77,9480,99.25697501345915
random,1,1,1897,18.77,9485,99.25738363237127
random,1,1,1898,18.77,9490,99.25779180209891
random,1,1,1899,18.78,9495,99.25780431801385
random,1,1,1900,18.81,9500,99.2570268434108
random,1,1,1901,18.85,9505,99.25585545041471
random,1,1,1902,18.85,9510,99.2562635628329
random,1,1,1903,18.86,9515,99.25627688898177
random,1,1,1904,18.87,9520,99.2562902005297
random,1,1,1905,18.91,9525,99.25512177636321
random,1,1,1906,18.92,9530,99.25515036750377
random,1,1,1907,18.92,9535,99.25557238692923
random,1,1,1908,18.92,9540,99.25597929955092
random,1,1,1909,18.92,9545,99.25638576756945
random,1,1,1910,18.92,9550,99.25677719421606
random,1,1,1911,18.92,9555,99.25716820899801
random,1,1,1912,18.92,9560,99.257558812565
random,1,1,1913,18.92,9565,99.25794900556538
random,1,1,1914,18.94,9570,99.25756934318014
random,1,1,1915,18.95,9575,99.25758187167723
random,1,1,1916,18.95,9580,99.25797142308942
random,1,1,1917,18.95,9585,99.2583605659159
random,1,1,1918,18.95,9590,99.25874930079914
random,1,1,1919,18.95,9595,99.25913762838032
random,1,1,1920,18.95,9600,99.25952554929918
random,1,1,1921,18.98,9605,99.2587558971475
random,1,1,1922,18.98,9610,99.2591725214676
random,1,1,1923,18.98,9615,99.25957423568009
random,1,1,1924,18.98,9620,99.25997551446908
random,1,1,1925,18.98,9625,99.26037635854212
random,1,1,1926,19.02,9630,99.25921886927667
random,1,1,1927,19.02,9635,99.25960527852388
random,1,1,1928,19.02,9640,99.25999128486056
random,1,1,1929,19.06,9645,99.25882142496053
random,1,1,1930,19.06,9650,99.25920743746404
random,1,1,1931,19.12,9655,99.25727670715648
random,1,1,1932,19.18,9660,99.25534806072136
random,1,1,1933,19.25,9665,99.25303346022064
random,1,1,1934,19.29,9670,99.25188483137353
random,1,1,1935,19.3,9675,99.25190028954948
random,1,1,1936,19.3,9680,99.2523031387772
random,1,1,1937,19.34,9685,99.25115675759393
random,1,1,1938,19.39,9690,99.24963913795573
random,1,1,1939,19.39,9695,99.25005994879213
random,1,1,1940,19.39,9700,99.25048028790215
random,1,1,1941,19.43,9705,99.24935482375486
random,1,1,1942,19.48,9710,99.24784450304838
random,1,1,1943,19.49,9715,99.24787947548373
random,1,1,1944,19.49,9720,99.24830009372143
random,1,1,1945,19.49,9725,99.24872024176638
random,1,1,1946,19.49,9730,99.2491341349247
random,1,1,1947,19.52,9735,99.24837796730907
random,1,1,1948,19.54,9740,99.24799298024153
random,1,1,1949,19.54,9745,99.24834879078016
random,1,1,1950,19.57,9750,99.24755079128282
random,1,1,1951,19.57,9755,99.24790647446072
random,1,1,1952,19.57,9760,99.24826182153421
random,1,1,1953,19.57,9765,99.24861683297947
random,1,1,1954,19.57,9770,99.24897150927177
random,1,1,1955,19.57,9775,99.24932585088551
random,1,1,1956,19.580000000000002,9780,99.24931084588636
random,1,1,1957,19.61,9785,99.24852943994176
random,1,1,1958,19.650000000000002,9790,99.24735136625836
random,1,1,1959,19.66,9795,99.24733735059684
random,1,1,1960,19.66,9800,99.24769160713124
random,1,1,1961,19.66,9805,99.24807428995418
random,1,1,1962,19.689999999999998,9810,99.2473097727403
random,1,1,1963,19.74,9815,99.24581069619236
random,1,1,1964,19.78,9820,99.24469799375291
random,1,1,1965,19.81,9825,99.24397104115225
random,1,1,1966,19.84,9830,99.24324489266589
random,1,1,1967,19.86,9835,99.2429007651048
random,1,1,1968,19.900000000000002,9840,99.24179500270516
random,1,1,1969,19.91,9845,99.24183285289425
random,1,1,1970,19.939999999999998,9850,99.24110659902341
random,1,1,1971,19.96,9855,99.24076152075924
random,1,1,1972,20.01,9860,99.23927630503462
random,1,1,1973,20.01,9865,99.23969253333233
random,1,1,1974,20.03,9870,99.23935168307206
random,1,1,1975,20.03,9875,99.23976741361511
random,1,1,1976,20.03,9880,99.2401826899733
random,1,1,1977,20.03,9885,99.2405975128905
random,1,1,1978,20.03,9890,99.24101188310901
random,1,1,1979,20.03,9895,99.24142580136945
random,1,1,1980,20.03,9900,99.24182491946992
random,1,1,1981,20.05,9905,99.2414526276762
random,1,1,1982,20.07,9910,99.2410807131648
random,1,1,1983,20.07,9915,99.24146506468523
random,1,1,1984,20.09,9920,99.24109352039679
random,1,1,1985,20.09,9925,99.24147747652506
random,1,1,1986,20.119999999999997,9930,99.24074325650199
random,1,1,1987,20.16,9935,99.23963263997587
random,1,1,1988,20.16,9940,99.24002819736648
random,1,1,1989,20.16,9945,99.24044051436042
random,1,1,1990,20.16,9950,99.24085238419799
random,1,1,1991,20.16,9955,99.24124952954459
random,1,1,1992,20.16,9960,99.24164625957816
random,1,1,1993,20.16,9965,99.24202832618349
random,1,1,1994,20.16,9970,99.2424100080043
random,1,1,1995,20.16,9975,99.24280552571682
random,1,1,1996,20.16,9980,99.24320063066614
random,1,1,1997,20.18,9985,99.24284492203329
random,1,1,1998,20.18,9990,99.24322540482565
random,1,1,1999,20.18,9995,99.24360267025499
random,1,1,2000,20.18,10000,99.24396539774239
random,1,1,2001,20.19,10005,99.24396746701018
random,1,1,2002,20.19,10010,99.24434380672568
random,1,1,2003,20.19,10015,99.244719771957
random,1,1,2004,20.19,10020,99.24506713630295
random,1,1,2005,20.21,10025,99.24466669656606
random,1,1,2006,20.21,10030,99.24504196909191
random,1,1,2007,20.21,10035,99.24543095562566
random,1,1,2008,20.21,10040,99.24581954152097
random,1,1,2009,20.21,10045,99.24620772739648
random,1,1,2010,20.21,10050,99.24660955661425
random,1,1,2011,20.21,10055,99.2470137631428
random,1,1,2012,20.21,10060,99.24741753617684
random,1,1,2013,20.21,10065,99.24782087641336
random,1,1,2014,20.21,10070,99.24822378454785
random,1,1,2015,20.21,10075,99.24862626127432
random,1,1,2016,20.21,10080,99.24902830728529
random,1,1,2017,20.22,10085,99.24905574888305
random,1,1,2018,20.22,10090,99.24944042108545
random,1,1,2019,20.22,10095,99.24981078313522
random,1,1,2020,20.22,10100,99.25016687680784
random,1,1,2021,20.22,10105,99.25050874221132
random,1,1,2022,20.25,10110,99.24973879795188
random,1,1,2023,20.26,10115,99.2497102163101
random,1,1,2024,20.29,10120,99.24894133672896
random,1,1,2025,20.29,10125,99.24928313754509
random,1,1,2026,20.29,10130,99.24963850253141
random,1,1,2027,20.31,10135,99.24925424443039
random,1,1,2028,20.380000000000003,10140,99.24703691661986
random,1,1,2029,20.47,10145,99.24406924872227
random,1,1,2030,20.47,10150,99.24444034326844
random,1,1,2031,20.48,10155,99.24444214891278
random,1,1,2032,20.48,10160,99.24481269658654
random,1,1,2033,20.48,10165,99.24519679061213
random,1,1,2034,20.48,10170,99.24558049413004
random,1,1,2035,20.48,10175,99.24596380773549
random,1,1,2036,20.57,10180,99.24302085096674
random,1,1,2037,20.64,10185,99.24081920903954
random,1,1,2038,20.68,10190,99.23972265317677
random,1,1,2039,20.69,10195,99.23972955096642
random,1,1,2040,20.69,10200,99.24010371904772
random,1,1,2041,20.69,10205,99.240488671571
random,1,1,2042,20.69,10210,99.24087323426895
random,1,1,2043,20.69,10215,99.24124349519406
random,1,1,2044,20.69,10220,99.24159949562151
random,1,1,2045,20.74,10225,99.24010933046084
random,1,1,2046,20.79,10230,99.23862050780606
random,1,1,2047,20.82,10235,99.2378651438612
random,1,1,2048,20.86,10240,99.23674456555544
random,1,1,2049,20.86,10245,99.23708791409742
random,1,1,2050,20.9,10250,99.23596869299467
random,1,1,2051,20.9,10255,99.23631208161595
random,1,1,2052,20.93,10260,99.23557341124909
random,1,1,2053,20.93,10265,99.23594455578554
random,1,1,2054,20.95,10270,99.23558558887275
random,1,1,2055,21.0,10275,99.23411890851004
random,1,1,2056,21.060000000000002,10280,99.23228906175953
random,1,1,2057,21.099999999999998,10285,99.23117564539344
random,1,1,2058,21.099999999999998,10290,99.2315200606043
random,1,1,2059,21.099999999999998,10295,99.23186416737352
random,1,1,2060,21.13,10300,99.23111631867371
random,1,1,2061,21.13,10305,99.2314602981774
random,1,1,2062,21.13,10310,99.2318039700429
random,1,1,2063,21.14,10315,99.23179789816416
random,1,1,2064,21.15,10320,99.2317778802881
random,1,1,2065,21.15,10325,99.23212094367435
random,1,1,2066,21.15,10330,99.23249155377822
random,1,1,2067,21.15,10335,99.2328618063112
random,1,1,2068,21.15,10340,99.23323170179059
random,1,1,2069,21.15,10345,99.23361512622702
random,1,1,2070,21.15,10350,99.23399816739041
random,1,1,2071,21.16,10355,99.23400496665967
random,1,1,2072,21.16,10360,99.23437358661239
random,1,1,2073,21.17,10365,99.2343801987646
random,1,1,2074,21.2,10370,99.23366661605975
random,1,1,2075,21.23,10375,99.23295372431136
random,1,1,2076,21.23,10380,99.2333249070095
random,1,1,2077,21.240000000000002,10385,99.2333347771473
random,1,1,2078,21.240000000000002,10390,99.23370541673582
random,1,1,2079,21.240000000000002,10395,99.23407293616192
random,1,1,2080,21.240000000000002,10400,99.23445389963561
random,1,1,2081,21.240000000000002,10405,99.2348234582089
random,1,1,2082,21.240000000000002,10410,99.23518164435946
random,1,1,2083,21.240000000000002,10415,99.23554499811046
random,1,1,2084,21.240000000000002,10420,99.23590800677754
random,1,1,2085,21.25,10425,99.23590010967081
random,1,1,2086,21.25,10430,99.23624888582191
random,1,1,2087,21.25,10435,99.23661105602736
random,1,1,2088,21.25,10440,99.23697288291395
random,1,1,2089,21.25,10445,99.23732068063296
random,1,1,2090,21.26,10450,99.23732309734355
random,1,1,2091,21.27,10455,99.23730363347545
random,1,1,2092,21.27,10460,99.23763440860215
random,1,1,2093,21.27,10465,99.23796489694433
random,1,1,2094,21.3,10470,99.23722895665097
random,1,1,2095,21.3,10475,99.23755933077038
random,1,1,2096,21.310000000000002,10480,99.23755344460545
random,1,1,2097,21.37,10485,99.23575944840213
random,1,1,2098,21.38,10490,99.23575439762934
random,1,1,2099,21.39,10495,99.2357575432767
random,1,1,2100,21.39,10500,99.2361314468149
random,1,1,2101,21.39,10505,99.23650770988007
random,1,1,2102,21.39,10510,99.23688360245167
random,1,1,2103,21.39,10515,99.23725912507668
random,1,1,2104,21.4,10520,99.2372778660888
random,1,1,2105,21.4,10525,99.2376501098995
random,1,1,2106,21.42,10530,99.23730986156212
random,1,1,2107,21.46,10535,99.23625816324714
random,1,1,2108,21.52,10540,99.23448243969592
random,1,1,2109,21.59,10545,99.23236647301016
random,1,1,2110,21.63,10550,99.23132143060215
random,1,1,2111,21.68,10555,99.22992494609831
random,1,1,2112,21.73,10560,99.22852983988355
random,1,1,2113,21.740000000000002,10565,99.22856919812358
random,1,1,2114,21.740000000000002,10570,99.22896317891318
random,1,1,2115,21.75,10575,99.22900227577259
random,1,1,2116,21.75,10580,99.22938198206496
random,1,1,2117,21.77,10585,99.2290530490828
random,1,1,2118,21.77,10590,99.22943235676185
random,1,1,2119,21.77,10595,99.22981129138392
random,1,1,2120,21.77,10600,99.23017624260942
random,1,1,2121,21.77,10605,99.23055444613705
random,1,1,2122,21.77,10610,99.23093227823506
random,1,1,2123,21.78,10615,99.23095664332702
random,1,1,2124,21.78,10620,99.23134747117554
random,1,1,2125,21.790000000000003,10625,99.23138516456964
random,1,1,2126,21.8,10630,99.23140927103753
random,1,1,2127,21.81,10635,99.23143335388951
random,1,1,2128,21.83,10640,99.23111873456865
random,1,1,2129,21.88,10645,99.22973206081878
random,1,1,2130,21.94,10650,99.22799486268231
random,1,1,2131,21.98,10655,99.22696275142174
random,1,1,2132,22.03,10660,99.22558283416294
random,1,1,2133,22.03,10665,99.22596104858913
random,1,1,2134,22.040000000000003,10670,99.22598770851624
random,1,1,2135,22.040000000000003,10675,99.22636535633177
random,1,1,2136,22.040000000000003,10680,99.22674263581122
random,1,1,2137,22.040000000000003,10685,99.22711954749323
random,1,1,2138,22.05,10690,99.22714559104962
random,1,1,2139,22.05,10695,99.22752193942792
random,1,1,2140,22.07,10700,99.22719760210657
random,1,1,2141,22.11,10705,99.22617360170514
random,1,1,2142,22.11,10710,99.2265634018617
random,1,1,2143,22.12,10715,99.22660046851509
random,1,1,2144,22.15,10720,99.22594127637566
random,1,1,2145,22.220000000000002,10725,99.22387204716846
random,1,1,2146,22.23,10730,99.22388601633226
random,1,1,2147,22.23,10735,99.22424893827143
random,1,1,2148,22.259999999999998,10740,99.22356511275049
random,1,1,2149,22.259999999999998,10745,99.22392784551074
random,1,1,2150,22.259999999999998,10750,99.22430375512252
random,1,1,2151,22.259999999999998,10755,99.22467930074849
random,1,1,2152,22.259999999999998,10760,99.2250409934515
random,1,1,2153,22.29,10765,99.22435841670291
random,1,1,2154,22.33,10770,99.22332866101583
random,1,1,2155,22.33,10775,99.22369047743209
random,1,1,2156,22.36,10780,99.22300948303722
random,1,1,2157,22.36,10785,99.22338459828562
random,1,1,2158,22.36,10790,99.22375665673798
random,1,1,2159,22.36,10795,99.22411489761856
random,1,1,2160,22.36,10800,99.22447280799112
random,1,1,2161,22.38,10805,99.22415048291259
random,1,1,2162,22.38,10810,99.22450804079129
random,1,1,2163,22.38,10815,99.2248679539354
random,1,1,2164,22.38,10820,99.22522485096484
random,1,1,2165,22.38,10825,99.22556802059616
random,1,1,2166,22.38,10830,99.22592427339607
random,1,1,2167,22.38,10835,99.22628019858116
random,1,1,2168,22.41,10840,99.22558573501969
random,1,1,2169,22.46,10845,99.22420105834726
random,1,1,2170,22.52,10850,99.22245892186955
random,1,1,2171,22.57,10855,99.22107682591394
random,1,1,2172,22.59,10860,99.22074427717908
random,1,1,2173,22.6,10865,99.22075683130764
random,1,1,2174,22.6,10870,99.22111401374424
random,1,1,2175,22.6,10875,99.22147086888674
random,1,1,2176,22.6,10880,99.22181399977275
random,1,1,2177,22.6,10885,99.22215682832726
random,1,1,2178,22.6,10890,99.22249935494969
random,1,1,2179,22.6,10895,99.22285494209237
random,1,1,2180,22.6,10900,99.22321287404363
random,1,1,2181,22.6,10905,99.22357047643914
random,1,1,2182,22.6,10910,99.22392774973386
random,1,1,2183,22.6,10915,99.22428469438191
random,1,1,2184,22.6,10920,99.22464131083649
random,1,1,2185,22.6,10925,99.2249975995501
random,1,1,2186,22.6,10930,99.22535356097427
random,1,1,2187,22.6,10935,99.22570654277972
random,1,1,2188,22.6,10940,99.22606185341064
random,1,1,2189,22.6,10945,99.22641683809863
random,1,1,2190,22.6,10950,99.22677149729199
random,1,1,2191,22.6,10955,99.2271258314382
random,1,1,2192,22.6,10960,99.2274798409839
random,1,1,2193,22.6,10965,99.22783352637495
random,1,1,2194,22.6,10970,99.22820006693486
random,1,1,2195,22.6,10975,99.22857942559887
random,1,1,2196,22.6,10980,99.22895841151787
random,1,1,2197,22.6,10985,99.22933702524091
random,1,1,2198,22.6,10990,99.22969951464252
random,1,1,2199,22.6,10995,99.23003543199782
random,1,1,2200,22.6,11000,99.23038416089739
random,1,1,2201,22.6,11005,99.23073257405049
random,1,1,2202,22.6,11010,99.2310937521264
random,1,1,2203,22.6,11015,99.2314415232421
random,1,1,2204,22.6,11020,99.23180203606452
random,1,1,2205,22.6,11025,99.23216481955873
random,1,1,2206,22.6,11030,99.23254029163469
random,1,1,2207,22.6,11035,99.23291539667778
random,1,1,2208,22.6,11040,99.2332901352259
random,1,1,2209,22.6,11045,99.23366450781594
random,1,1,2210,22.6,11050,99.23403851498371
random,1,1,2211,22.6,11055,99.23441215726395
random,1,1,2212,22.6,11060,99.23478543519039
random,1,1,2213,22.6,11065,99.23514540698048
random,1,1,2214,22.6,11070,99.23550504025438
random,1,1,2215,22.6,11075,99.23586175183765
random,1,1,2216,22.6,11080,99.23620780555066
random,1,1,2217,22.61,11085,99.23622605816979
random,1,1,2218,22.61,11090,99.23657162923246
random,1,1,2219,22.61,11095,99.23692718915161
random,1,1,2220,22.61,11100,99.23726955319042
random,1,1,2221,22.61,11105,99.2376141808483
random,1,1,2222,22.63,11110,99.23728442246961
random,1,1,2223,22.66,11115,99.23663093497551
random,1,1,2224,22.71,11120,99.23530461544678
random,1,1,2225,22.75,11125,99.23431610123856
random,1,1,2226,22.8,11130,99.23299210452838
random,1,1,2227,22.8,11135,99.2333505941533
random,1,1,2228,22.81,11140,99.23337265617386
random,1,1,2229,22.830000000000002,11145,99.23304330298652
random,1,1,2230,22.86,11150,99.23237845152669
random,1,1,2231,22.919999999999998,11155,99.23070726599002
random,1,1,2232,22.919999999999998,11160,99.23105052856889
random,1,1,2233,22.919999999999998,11165,99.23139348495316
random,1,1,2234,22.919999999999998,11170,99.23175158627208
random,1,1,2235,22.96,11175,99.23075634475249
random,1,1,2236,22.96,11180,99.2310989658683
random,1,1,2237,22.96,11185,99.23144385456347
random,1,1,2238,22.96,11190,99.23178843399938
random,1,1,2239,22.97,11195,99.23181111315486
random,1,1,2240,22.97,11200,99.23218088040139
random,1,1,2241,22.97,11205,99.23255285595916
random,1,1,2242,22.97,11210,99.23292447127892
random,1,1,2243,22.97,11215,99.23329572688372
random,1,1,2244,22.97,11220,99.2336666232956
random,1,1,2245,22.99,11225,99.23337023649145
random,1,1,2246,22.99,11230,99.2337407383953
random,1,1,2247,22.99,11235,99.2341108823549
random,1,1,2248,22.99,11240,99.23448066888875
random,1,1,2249,22.99,11245,99.2348500985143
random,1,1,2250,23.02,11250,99.23422119763546
random,1,1,2251,23.05,11255,99.23359290317003
random,1,1,2252,23.05,11260,99.23396222652784
random,1,1,2253,23.09,11265,99.23300248468662
random,1,1,2254,23.150000000000002,11270,99.23137708009615
random,1,1,2255,23.200000000000003,11275,99.23008253382493
random,1,1,2256,23.200000000000003,11280,99.23043241737099
random,1,1,2257,23.25,11285,99.22911140583554
random,1,1,2258,23.3,11290,99.22779155011733
random,1,1,2259,23.32,11295,99.2274538774726
random,1,1,2260,23.32,11300,99.22776854249591
random,1,1,2261,23.32,11305,99.22807273064306
random,1,1,2262,23.32,11310,99.22836901961173
random,1,1,2263,23.34,11315,99.22801121930569
random,1,1,2264,23.34,11320,99.22832516142684
random,1,1,2265,23.34,11325,99.22862865112467
random,1,1,2266,23.34,11330,99.22893190219922
random,1,1,2267,23.369999999999997,11335,99.22823656844322
random,1,1,2268,23.41,11340,99.22721930994415
random,1,1,2269,23.45,11345,99.22621051033809
random,1,1,2270,23.45,11350,99.22652443951883
random,1,1,2271,23.45,11355,99.2268355649046
random,1,1,2272,23.47,11360,99.2264898392338
random,1,1,2273,23.5,11365,99.22581240281475
random,1,1,2274,23.53,11370,99.2251278555504
random,1,1,2275,23.53,11375,99.22543139488185
random,1,1,2276,23.57,11380,99.22442613456882
random,1,1,2277,23.57,11385,99.2247399079687
random,1,1,2278,23.57,11390,99.22505342758508
random,1,1,2279,23.57,11395,99.2253794227647
random,1,1,2280,23.57,11400,99.22569242545195
random,1,1,2281,23.57,11405,99.22600517528996
random,1,1,2282,23.57,11410,99.22633037038983
random,1,1,2283,23.57,11415,99.22665275494703
random,1,1,2284,23.57,11420,99.2269875471859
random,1,1,2285,23.57,11425,99.22730938440456
random,1,1,2286,23.57,11430,99.22763095374634
random,1,1,2287,23.57,11435,99.22797754354704
random,1,1,2288,23.57,11440,99.22831118997884
random,1,1,2289,23.57,11445,99.22866979082127
random,1,1,2290,23.57,11450,99.22902805853761
random,1,1,2291,23.57,11455,99.22939103255717
random,1,1,2292,23.57,11460,99.22975366496082
random,1,1,2293,23.57,11465,99.2301159562306
random,1,1,2294,23.57,11470,99.23047539447522
random,1,1,2295,23.57,11475,99.23083449725229
random,1,1,2296,23.599999999999998,11480,99.23021723530563
random,1,1,2297,23.61,11485,99.23025009536292
random,1,1,2298,23.62,11490,99.23025784081132
random,1,1,2299,23.630000000000003,11495,99.23027811618468
random,1,1,2300,23.630000000000003,11500,99.2306214612006
random,1,1,2301,23.630000000000003,11505,99.23097951665288
random,1,1,2302,23.630000000000003,11510,99.23133973937766
random,1,1,2303,23.630000000000003,11515,99.2316996247911
random,1,1,2304,23.630000000000003,11520,99.23205418194108
random,1,1,2305,23.630000000000003,11525,99.23240841199821
random,1,1,2306,23.630000000000003,11530,99.23276729763954
random,1,1,2307,23.630000000000003,11535,99.23312584784541
random,1,1,2308,23.630000000000003,11540,99.23348157663399
random,1,1,2309,23.630000000000003,11545,99.23382455457744
random,1,1,2310,23.630000000000003,11550,99.23416474370609
random,1,1,2311,23.630000000000003,11555,99.23449223153776
random,1,1,2312,23.630000000000003,11560,99.2348219171872
random,1,1,2313,23.630000000000003,11565,99.23515379461469
random,1,1,2314,23.630000000000003,11570,99.23548538427941
random,1,1,2315,23.630000000000003,11575,99.23581421521386
random,1,1,2316,23.630000000000003,11580,99.23614276339822
random,1,1,2317,23.630000000000003,11585,99.23647102919698
random,1,1,2318,23.630000000000003,11590,99.23678668785448
random,1,1,2319,23.630000000000003,11595,99.2371020856202
random,1,1,2320,23.630000000000003,11600,99.23741722281746
random,1,1,2321,23.630000000000003,11605,99.23773209976903
random,1,1,2322,23.630000000000003,11610,99.23805654439457
random,1,1,2323,23.66,11615,99.23741623987546
random,1,1,2324,23.66,11620,99.23771598315629
random,1,1,2325,23.669999999999998,11625,99.23769343488833
random,1,1,2326,23.669999999999998,11630,99.23799283384895
random,1,1,2327,23.669999999999998,11635,99.23829199772165
random,1,1,2328,23.669999999999998,11640,99.23860317296929
random,1,1,2329,23.669999999999998,11645,99.23890675241157
random,1,1,2330,23.669999999999998,11650,99.2392100898677
random,1,1,2331,23.669999999999998,11655,99.23950585551576
random,1,1,2332,23.669999999999998,11660,99.23980871570387
random,1,1,2333,23.669999999999998,11665,99.2401040161803
random,1,1,2334,23.669999999999998,11670,99.24039908732361
random,1,1,2335,23.669999999999998,11675,99.24068175037773
random,1,1,2336,23.669999999999998,11680,99.24096420314068
random,1,1,2337,23.669999999999998,11685,99.24125860676232
random,1,1,2338,23.669999999999998,11690,99.24156007279998
random,1,1,2339,23.669999999999998,11695,99.24187101237605
random,1,1,2340,23.669999999999998,11700,99.24219140189788
random,1,1,2341,23.669999999999998,11705,99.24252364113477
random,1,1,2342,23.669999999999998,11710,99.24285801108684
random,1,1,2343,23.669999999999998,11715,99.24318966619772
random,1,1,2344,23.669999999999998,11720,99.24350894238268
random,1,1,2345,23.68,11725,99.24352056838184
random,1,1,2346,23.72,11730,99.24257906299493
random,1,1,2347,23.74,11735,99.24228641828726
random,1,1,2348,23.74,11740,99.24262001154894
random,1,1,2349,23.74,11745,99.24295331120231
random,1,1,2350,23.74,11750,99.24329837758582
random,1,1,2351,23.74,11755,99.2436479490243
random,1,1,2352,23.74,11760,99.24399719763073
random,1,1,2353,23.74,11765,99.24434612385211
random,1,1,2354,23.74,11770,99.24469472813465
random,1,1,2355,23.74,11775,99.24504061007333
random,1,1,2356,23.74,11780,99.24538617537301
random,1,1,2357,23.74,11785,99.24573382092692
random,1,1,2358,23.74,11790,99.24608114631233
random,1,1,2359,23.75,11795,99.24611072490819
random,1,1,2360,23.75,11800,99.24645755731682
random,1,1,2361,23.75,11805,99.2468040707465
random,1,1,2362,23.75,11810,99.24715026563709
random,1,1,2363,23.75,11815,99.2474961424276
random,1,1,2364,23.75,11820,99.24784170155625
random,1,1,2365,23.75,11825,99.2481869434605
random,1,1,2366,23.75,11830,99.24853186857693
random,1,1,2367,23.75,11835,99.24887647734137
random,1,1,2368,23.75,11840,99.24922077018886
random,1,1,2369,23.75,11845,99.24956474755358
random,1,1,2370,23.75,11850,99.24990604086196
random,1,1,2371,23.75,11855,99.25024702387529
random,1,1,2372,23.75,11860,99.25058769701654
random,1,1,2373,23.75,11865,99.25092806070795
random,1,1,2374,23.75,11870,99.25126811537092
random,1,1,2375,23.75,11875,99.25160550314168
random,1,1,2376,23.75,11880,99.25193080596188
random,1,1,2377,23.75,11885,99.25225582610776
random,1,1,2378,23.75,11890,99.25256880300861
random,1,1,2379,23.75,11895,99.25288386826848
random,1,1,2380,23.75,11900,99.25319866802087
random,1,1,2381,23.75,11905,99.25351085630948
random,1,1,2382,23.75,11910,99.25381575061422
random,1,1,2383,23.75,11915,99.25411336848684
random,1,1,2384,23.75,11920,99.2544107490425
random,1,1,2385,23.75,11925,99.25471490883987
random,1,1,2386,23.75,11930,99.2550118100233
random,1,1,2387,23.75,11935,99.25530847474634
random,1,1,2388,23.75,11940,99.25561190268732
random,1,1,2389,23.75,11945,99.25592207702695
random,1,1,2390,23.75,11950,99.25623432220242
random,1,1,2391,23.75,11955,99.25654397816274
random,1,1,2392,23.75,11960,99.2568533763889
random,1,1,2393,23.75,11965,99.25717413402143
random,1,1,2394,23.75,11970,99.25750622131629
random,1,1,2395,23.75,11975,99.25784033098759
random,1,1,2396,23.75,11980,99.25816255454457
random,1,1,2397,23.75,11985,99.2584844984233
random,1,1,2398,23.75,11990,99.25880384985084
random,1,1,2399,23.75,11995,99.2591136815967
random,1,1,2400,23.76,12000,99.25911143263401
random,1,1,2401,23.76,12005,99.25941164369472
random,1,1,2402,23.77,12010,99.2593931198649
random,1,1,2403,23.79,12015,99.25907008468215
random,1,1,2404,23.82,12020,99.25844291691573
random,1,1,2405,23.82,12025,99.25874291262377
random,1,1,2406,23.82,12030,99.25904266570443
random,1,1,2407,23.82,12035,99.25935138832747
random,1,1,2408,23.82,12040,99.2596598537968
random,1,1,2409,23.82,12045,99.25996806243359
random,1,1,2410,23.82,12050,99.26026682566894
random,1,1,2411,23.830000000000002,12055,99.26026181082197
random,1,1,2412,23.830000000000002,12060,99.26056709508059
random,1,1,2413,23.830000000000002,12065,99.26087441998958
random,1,1,2414,23.830000000000002,12070,99.26117919892354
random,1,1,2415,23.830000000000002,12075,99.26149517012263
random,1,1,2416,23.830000000000002,12080,99.26181087117469
random,1,1,2417,23.830000000000002,12085,99.26211487846416
random,1,1,2418,23.830000000000002,12090,99.262418635459
random,1,1,2419,23.830000000000002,12095,99.26271529919897
random,1,1,2420,23.830000000000002,12100,99.26302084138712
random,1,1,2421,23.830000000000002,12105,99.26331702099377
random,1,1,2422,23.830000000000002,12110,99.26361296263678
random,1,1,2423,23.830000000000002,12115,99.26391548773708
random,1,1,2424,23.830000000000002,12120,99.26422912331186
random,1,1,2425,23.830000000000002,12125,99.26453114246121
random,1,1,2426,23.830000000000002,12130,99.26483518178593
random,1,1,2427,23.849999999999998,12135,99.26452221697983
random,1,1,2428,23.849999999999998,12140,99.26483733948179
random,1,1,2429,23.849999999999998,12145,99.26515219206487
random,1,1,2430,23.87,12150,99.26485081430015
random,1,1,2431,23.87,12155,99.26517670237655
random,1,1,2432,23.87,12160,99.26550230165178
random,1,1,2433,23.91,12165,99.26459958970132
random,1,1,2434,23.95,12170,99.26369768256916
random,1,1,2435,23.95,12175,99.2640257637077
random,1,1,2436,23.95,12180,99.2643535526041
random,1,1,2437,23.95,12185,99.26467879204687
random,1,1,2438,23.95,12190,99.26500148841035
random,1,1,2439,23.95,12195,99.26531263324836
random,1,1,2440,23.95,12200,99.26562351476572
random,1,1,2441,23.95,12205,99.26593413329655
random,1,1,2442,23.97,12210,99.26562275006971
random,1,1,2443,23.97,12215,99.26593311018354
random,1,1,2444,24.0,12220,99.26532711310288
random,1,1,2445,24.0,12225,99.26563958202654
random,1,1,2446,24.0,12230,99.26595178526642
random,1,1,2447,24.0,12235,99.2662637231613
random,1,1,2448,24.0,12240,99.26657539604929
random,1,1,2449,24.0,12245,99.26687560711865
random,1,1,2450,24.0,12250,99.26718676050747
random,1,1,2451,24.03,12255,99.26658202195065
random,1,1,2452,24.03,12260,99.2669042185803
random,1,1,2453,24.08,12265,99.26570142590538
random,1,1,2454,24.08,12270,99.26602372620978
random,1,1,2455,24.08,12275,99.26634574370848
random,1,1,2456,24.08,12280,99.26666971205823
random,1,1,2457,24.08,12285,99.26699339441721
random,1,1,2458,24.12,12290,99.26609970942172
random,1,1,2459,24.169999999999998,12295,99.26490267639903
random,1,1,2460,24.2,12300,99.26431470306586
random,1,1,2461,24.21,12305,99.26433498435078
random,1,1,2462,24.23,12310,99.26405151335672
random,1,1,2463,24.25,12315,99.26376829194243
random,1,1,2464,24.3,12320,99.26257491844322
random,1,1,2465,24.33,12325,99.26198926198926
random,1,1,2466,24.34,12330,99.26201052104969
random,1,1,2467,24.34,12335,99.26233482846406
random,1,1,2468,24.34,12340,99.26265885097166
random,1,1,2469,24.37,12345,99.26207418622256
random,1,1,2470,24.41,12350,99.2611873666369
random,1,1,2471,24.41,12355,99.26151146608579
random,1,1,2472,24.41,12360,99.26183528131001
random,1,1,2473,24.44,12365,99.26125200253907
random,1,1,2474,24.44,12370,99.26157564770753
random,1,1,2475,24.44,12375,99.26189900942256
random,1,1,2476,24.44,12380,99.26222208805639
random,1,1,2477,24.44,12385,99.26254488398057
random,1,1,2478,24.44,12390,99.26286739756601
random,1,1,2479,24.44,12395,99.263189629183
random,1,1,2480,24.45,12400,99.26321023369344
random,1,1,2481,24.45,12405,99.26353203409741
random,1,1,2482,24.46,12410,99.26355247113372
random,1,1,2483,24.5,12415,99.26267003731792
random,1,1,2484,24.52,12420,99.26239001278483
random,1,1,2485,24.55,12425,99.26180954385543
random,1,1,2486,24.55,12430,99.26213125347519
random,1,1,2487,24.57,12435,99.26185182959803
random,1,1,2488,24.610000000000003,12440,99.26096983820014
random,1,1,2489,24.62,12445,99.2609913282045
random,1,1,2490,24.62,12450,99.26131283491452
random,1,1,2491,24.62,12455,99.26163406200234
random,1,1,2492,24.62,12460,99.2619550098326
random,1,1,2493,24.64,12465,99.26167639012492
random,1,1,2494,24.65,12470,99.26169752661184
random,1,1,2495,24.65,12475,99.26201802891453
random,1,1,2496,24.65,12480,99.26233825307335
random,1,1,2497,24.67,12485,99.26205995052482
random,1,1,2498,24.68,12490,99.26208088406776
random,1,1,2499,24.68,12495,99.26240066467622
random,1,1,2500,24.68,12500,99.26272016824798
random,1,1,2501,24.68,12505,99.26303939514287
random,1,1,2502,24.68,12510,99.26335834572014
random,1,1,2503,24.68,12515,99.26367702033838
random,1,1,2504,24.69,12520,99.26369720031968
random,1,1,2505,24.7,12525,99.26371736285618
random,1,1,2506,24.73,12530,99.26314158527356
random,1,1,2507,24.73,12535,99.26345980301348
random,1,1,2508,24.73,12540,99.26377774602267
random,1,1,2509,24.73,12545,99.2640954146568
random,1,1,2510,24.73,12550,99.26441280927084
random,1,1,2511,24.75,12555,99.26413529207139
random,1,1,2512,24.759999999999998,12560,99.26415520500231
random,1,1,2513,24.759999999999998,12565,99.26447216371733
random,1,1,2514,24.77,12570,99.26449191445896
random,1,1,2515,24.779999999999998,12575,99.2645116482003
random,1,1,2516,24.79,12580,99.26453136496333
random,1,1,2517,24.79,12585,99.26484761675994
random,1,1,2518,24.79,12590,99.26516359669665
random,1,1,2519,24.79,12595,99.26547930512388
random,1,1,2520,24.79,12600,99.2657947423914
random,1,1,2521,24.79,12605,99.26610990884842
random,1,1,2522,24.79,12610,99.26642480484354
random,1,1,2523,24.79,12615,99.26673943072477
random,1,1,2524,24.81,12620,99.26646246274659
random,1,1,2525,24.81,12625,99.2667768028395
random,1,1,2526,24.81,12630,99.26709087364186
random,1,1,2527,24.81,12635,99.26740467549955
random,1,1,2528,24.81,12640,99.26771820875787
random,1,1,2529,24.81,12645,99.26803147376154
random,1,1,2530,24.82,12650,99.2680495673766
random,1,1,2531,24.82,12655,99.26836242295255
random,1,1,2532,24.82,12660,99.26867501119676
random,1,1,2533,24.82,12665,99.26898733245172
random,1,1,2534,24.82,12670,99.26929938705936
random,1,1,2535,24.82,12675,99.269611175361
random,1,1,2536,24.82,12680,99.2699226976974
random,1,1,2537,24.84,12685,99.26964590763549
random,1,1,2538,24.84,12690,99.26995714965878
random,1,1,2539,24.84,12695,99.27026812652211
random,1,1,2540,24.84,12700,99.27057669662862
random,1,1,2541,24.84,12705,99.27088500588516
random,1,1,2542,24.84,12710,99.27119305462237
random,1,1,2543,24.84,12715,99.27150297968186
random,1,1,2544,24.84,12720,99.27181264126219
random,1,1,2545,24.84,12725,99.27212203969924
random,1,1,2546,24.84,12730,99.27242904425763
random,1,1,2547,24.84,12735,99.2727357899483
random,1,1,2548,24.86,12740,99.27245696492224
random,1,1,2549,24.89,12745,99.27188584199718
random,1,1,2550,24.9,12750,99.27188937397106
random,1,1,2551,24.9,12755,99.27218519817608
random,1,1,2552,24.9,12760,99.27247015374546
random,1,1,2553,24.9,12765,99.27276550630417
random,1,1,2554,24.9,12770,99.27306061915382
random,1,1,2555,24.9,12775,99.27335549258618
random,1,1,2556,24.9,12780,99.27363953267893
random,1,1,2557,24.9,12785,99.2739233508
random,1,1,2558,24.9,12790,99.27420694720949
random,1,1,2559,24.9,12795,99.27450089157722
random,1,1,2560,24.91,12800,99.27450335079845
random,1,1,2561,24.91,12805,99.27478638077353
random,1,1,2562,24.91,12810,99.27507973831862
random,1,1,2563,24.91,12815,99.27537285862644
random,1,1,2564,24.91,12820,99.27566574198462
random,1,1,2565,24.91,12825,99.27595838868042
random,1,1,2566,24.91,12830,99.27624028473888
random,1,1,2567,24.91,12835,99.27652196137771
random,1,1,2568,24.91,12840,99.27680341885305
random,1,1,2569,24.91,12845,99.2770951471638
random,1,1,2570,24.92,12850,99.27708606505064
random,1,1,2571,24.92,12855,99.27737744849284
random,1,1,2572,24.92,12860,99.27766859713503
random,1,1,2573,24.92,12865,99.27795951126087
random,1,1,2574,24.92,12870,99.27825019115363
random,1,1,2575,24.92,12875,99.2785406370961
random,1,1,2576,24.92,12880,99.27883084937056
random,1,1,2577,24.92,12885,99.27911040140707
random,1,1,2578,24.92,12890,99.27938973679798
random,1,1,2579,24.92,12895,99.27966885579502
random,1,1,2580,24.92,12900,99.27994775864958
random,1,1,2581,24.92,12905,99.28023684020508
random,1,1,2582,24.92,12910,99.28053607568806
random,1,1,2583,24.92,12915,99.28083506246519
random,1,1,2584,24.92,12920,99.28112343214521
random,1,1,2585,24.92,12925,99.28141157065782
random,1,1,2586,24.92,12930,99.28169947828091
random,1,1,2587,24.92,12935,99.28198715529189
random,1,1,2588,24.92,12940,99.2822746019677
random,1,1,2589,24.92,12945,99.28255149103765
random,1,1,2590,24.92,12950,99.28282816654963
random,1,1,2591,24.92,12955,99.2831046287506
random,1,1,2592,24.92,12960,99.28338087788718
random,1,1,2593,24.92,12965,99.28365691420555
random,1,1,2594,24.92,12970,99.28393273795156
random,1,1,2595,24.92,12975,99.28420834937066
random,1,1,2596,24.92,12980,99.28448374870794
random,1,1,2597,24.92,12985,99.28475893620808
random,1,1,2598,24.92,12990,99.28503391211541
random,1,1,2599,24.92,12995,99.28530867667388
random,1,1,2600,24.92,13000,99.28558323012706
random,1,1,2601,24.92,13005,99.28585757271816
random,1,1,2602,24.92,13010,99.28613170468998
random,1,1,2603,24.92,13015,99.28641584317184
random,1,1,2604,24.92,13020,99.28670996402064
random,1,1,2605,24.92,13025,99.2870038425114
random,1,1,2606,24.92,13030,99.2872995172398
random,1,1,2607,24.92,13035,99.28759291023442
random,1,1,2608,24.92,13040,99.28787588694028
random,1,1,2609,24.92,13045,99.28816880568321
random,1,1,2610,24.92,13050,99.28846351519582
random,1,1,2611,24.92,13055,99.28875798078049
random,1,1,2612,24.94,13060,99.288481618633
random,1,1,2613,24.94,13065,99.28877583320738
random,1,1,2614,24.94,13070,99.28906980456546
random,1,1,2615,24.94,13075,99.2893635330087
random,1,1,2616,24.94,13080,99.28965701883804
random,1,1,2617,24.94,13085,99.28994824081403
random,1,1,2618,24.94,13090,99.29024124398455
random,1,1,2619,24.94,13095,99.29053400543904
random,1,1,2620,24.94,13100,99.2908265254765
random,1,1,2621,24.94,13105,99.29111880439541
random,1,1,2622,24.94,13110,99.29141084249376
random,1,1,2623,24.94,13115,99.29170264006906
random,1,1,2624,24.94,13120,99.29199419741836
random,1,1,2625,24.94,13125,99.29228551483817
random,1,1,2626,24.94,13130,99.29257659262453
random,1,1,2627,24.94,13135,99.292867431073
random,1,1,2628,24.94,13140,99.29315602716277
random,1,1,2629,24.94,13145,99.293444387784
random,1,1,2630,24.94,13150,99.29373451327433
random,1,1,2631,24.94,13155,99.2940224021921
random,1,1,2632,24.94,13160,99.29431005650613
random,1,1,2633,24.94,13165,99.2945994716567
random,1,1,2634,24.94,13170,99.2948886495167
random,1,1,2635,24.94,13175,99.29517759037779
random,1,1,2636,24.94,13180,99.29546629453124
random,1,1,2637,24.94,13185,99.29575476226782
random,1,1,2638,24.94,13190,99.29604299387778
random,1,1,2639,24.94,13195,99.29633098965093
random,1,1,2640,24.94,13200,99.29661874987661
random,1,1,2641,24.94,13205,99.29690627484368
random,1,1,2642,24.94,13210,99.29719356484051
random,1,1,2643,24.94,13215,99.29748062015504
random,1,1,2644,24.94,13220,99.29776546380141
random,1,1,2645,24.94,13225,99.29804019803485
random,1,1,2646,24.94,13230,99.29832458818068
random,1,1,2647,24.94,13235,99.29861072051297
random,1,1,2648,24.94,13240,99.2988946486602
random,1,1,2649,24.94,13245,99.29917834702755
random,1,1,2650,24.94,13250,99.29946181589384
random,1,1,2651,24.94,13255,99.29974505553746
random,1,1,2652,24.94,13260,99.30002806623631
random,1,1,2653,24.94,13265,99.3003108482679
random,1,1,2654,24.94,13270,99.30058359484327
random,1,1,2655,24.94,13275,99.30085612886225
random,1,1,2656,24.94,13280,99.30112649218181
random,1,1,2657,24.94,13285,99.30139664647982
random,1,1,2658,24.94,13290,99.30166659199855
random,1,1,2659,24.94,13295,99.30193632898
random,1,1,2660,24.94,13300,99.30220585766565
random,1,1,2661,24.94,13305,99.30247712913682
random,1,1,2662,24.94,13310,99.3027364936648
random,1,1,2663,24.94,13315,99.30300540492199
random,1,1,2664,24.94,13320,99.30327410883898
random,1,1,2665,24.94,13325,99.30354260565544
random,1,1,2666,24.94,13330,99.30381089561071
random,1,1,2667,24.94,13335,99.30407897894379
random,1,1,2668,24.94,13340,99.30433715380732
random,1,1,2669,24.94,13345,99.30458544202322
random,1,1,2670,24.94,13350,99.30483355306986
random,1,1,2671,24.94,13355,99.30508148713676
random,1,1,2672,24.94,13360,99.30534859301059
random,1,1,2673,24.94,13365,99.30560582689706
random,1,1,2674,24.94,13370,99.3058628703433
random,1,1,2675,24.94,13375,99.3061293759894
random,1,1,2676,24.94,13380,99.3063879610754
random,1,1,2677,24.94,13385,99.30664442591049
random,1,1,2678,24.94,13390,99.30691033187156
random,1,1,2679,24.94,13395,99.30715678702988
random,1,1,2680,24.94,13400,99.30739344995266
random,1,1,2681,24.94,13405,99.30762995125093
random,1,1,2682,24.94,13410,99.30786629109024
random,1,1,2683,24.94,13415,99.30810246963586
random,1,1,2684,24.94,13420,99.30833848705284
random,1,1,2685,24.94,13425,99.30858392776449
random,1,1,2686,24.94,13430,99.3088387715399
random,1,1,2687,24.94,13435,99.30909342752268
random,1,1,2688,24.94,13440,99.30933833283024
random,1,1,2689,24.94,13445,99.3095926208905
random,1,1,2690,24.94,13450,99.30985627078871
random,1,1,2691,24.94,13455,99.31012926086463
random,1,1,2692,24.94,13460,99.31040394181291
random,1,1,2693,24.94,13465,99.31067840411272
random,1,1,2694,24.94,13470,99.31095455173366
random,1,1,2695,24.94,13475,99.31123047818943
random,1,1,2696,24.94,13480,99.31150428308382
random,1,1,2697,24.94,13485,99.31177787037471
random,1,1,2698,24.94,13490,99.31205124032141
random,1,1,2699,24.94,13495,99.3123243931828
random,1,1,2700,24.94,13500,99.31258785590254
random,1,1,2701,24.94,13505,99.31285111682358
random,1,1,2702,24.94,13510,99.31312363499158
random,1,1,2703,24.94,13515,99.31339593708792
random,1,1,2704,24.94,13520,99.3136680233694
random,1,1,2705,24.94,13525,99.31393989409256
random,1,1,2706,24.94,13530,99.31421343525724
random,1,1,2707,24.94,13535,99.31448675837996
random,1,1,2708,24.94,13540,99.31475986372129
random,1,1,2709,24.94,13545,99.31503275154145
random,1,1,2710,24.94,13550,99.31530354235701
random,1,1,2711,24.94,13555,99.31557411915158
random,1,1,2712,24.94,13560,99.31584635895298
random,1,1,2713,24.94,13565,99.31611838226624
random,1,1,2714,24.94,13570,99.3163901893495
random,1,1,2715,24.94,13575,99.31666178046046
random,1,1,2716,24.94,13580,99.31693128504013
random,1,1,2717,24.94,13585,99.31719123026042
random,1,1,2718,24.94,13590,99.31744163770219
random,1,1,2719,24.94,13595,99.31770119470686
random,1,1,2720,24.94,13600,99.31796055438267
random,1,1,2721,24.94,13605,99.31822903567952
random,1,1,2722,24.94,13610,99.31849730568703
random,1,1,2723,24.94,13615,99.31876536465447
random,1,1,2724,24.94,13620,99.31903321283079
random,1,1,2725,24.94,13625,99.31930085046453
random,1,1,2726,24.94,13630,99.31955899565381
random,1,1,2727,24.94,13635,99.31981694512172
random,1,1,2728,24.94,13640,99.3200746990908
random,1,1,2729,24.94,13645,99.32032299646535
random,1,1,2730,24.94,13650,99.32057111255799
random,1,1,2731,24.95,13655,99.32054672160389
random,1,1,2732,24.95,13660,99.32079457506785
random,1,1,2733,24.95,13665,99.32104224777196
random,1,1,2734,24.95,13670,99.32128973991388
random,1,1,2735,24.959999999999997,13675,99.32126512265359
random,1,1,2736,24.959999999999997,13680,99.32152157485281
random,1,1,2737,24.959999999999997,13685,99.32177783333016
random,1,1,2738,24.959999999999997,13690,99.32202469068734
random,1,1,2739,24.959999999999997,13695,99.32227136840905
random,1,1,2740,24.959999999999997,13700,99.32251786669127
random,1,1,2741,24.959999999999997,13705,99.32276418572975
random,1,1,2742,24.959999999999997,13710,99.3230103257199
random,1,1,2743,24.959999999999997,13715,99.3232562868569
random,1,1,2744,24.959999999999997,13720,99.32351123686864
random,1,1,2745,24.959999999999997,13725,99.32376599485781
random,1,1,2746,24.959999999999997,13730,99.3240114073075
random,1,1,2747,24.959999999999997,13735,99.32425664169628
random,1,1,2748,24.959999999999997,13740,99.32450169821789
random,1,1,2749,24.959999999999997,13745,99.32474657706574
random,1,1,2750,24.959999999999997,13750,99.32499127843299
random,1,1,2751,24.959999999999997,13755,99.32524492311686
random,1,1,2752,24.959999999999997,13760,99.32548926349696
random,1,1,2753,24.959999999999997,13765,99.32573342698147
random,1,1,2754,24.959999999999997,13770,99.32597741376237
random,1,1,2755,24.959999999999997,13775,99.32622122403144
random,1,1,2756,24.959999999999997,13780,99.32646485798014
random,1,1,2757,24.959999999999997,13785,99.32671739664059
random,1,1,2758,24.959999999999997,13790,99.3269697459958
random,1,1,2759,24.959999999999997,13795,99.32721283902166
random,1,1,2760,24.959999999999997,13800,99.32745575650449
random,1,1,2761,24.959999999999997,13805,99.32769849863439
random,1,1,2762,24.959999999999997,13810,99.32794106560114
random,1,1,2763,24.959999999999997,13815,99.32818345759428
random,1,1,2764,24.959999999999997,13820,99.32843470937851
random,1,1,2765,24.959999999999997,13825,99.32868577330235
random,1,1,2766,24.959999999999997,13830,99.32893664957642
random,1,1,2767,24.959999999999997,13835,99.32919635250516
random,1,1,2768,24.959999999999997,13840,99.32945765589572
random,1,1,2769,24.959999999999997,13845,99.32971875579044
random,1,1,2770,24.959999999999997,13850,99.32997965242694
random,1,1,2771,24.959999999999997,13855,99.33024034604249
random,1,1,2772,24.959999999999997,13860,99.33050083687395
random,1,1,2773,24.959999999999997,13865,99.33076112515786
random,1,1,2774,24.959999999999997,13870,99.33102121113035
random,1,1,2775,24.959999999999997,13875,99.33128109502721
random,1,1,2776,24.959999999999997,13880,99.33154077708384
random,1,1,2777,24.959999999999997,13885,99.33180025753532
random,1,1,2778,24.959999999999997,13890,99.3320595366163
random,1,1,2779,24.97,13895,99.33205111400606
random,1,1,2780,24.97,13900,99.33230830937897
random,1,1,2781,25.0,13905,99.33176342286812
random,1,1,2782,25.0,13910,99.33202053101697
random,1,1,2783,25.0,13915,99.33227744139398
random,1,1,2784,25.0,13920,99.33253415422733
random,1,1,2785,25.0,13925,99.3327817662601
random,1,1,2786,25.0,13930,99.33302741524113
random,1,1,2787,25.0,13935,99.3332728834081
random,1,1,2788,25.03,13940,99.33271839276574
random,1,1,2789,25.03,13945,99.33296379403158
random,1,1,2790,25.06,13950,99.33240982471095
random,1,1,2791,25.06,13955,99.33266404454587
random,1,1,2792,25.11,13960,99.33158710130807
random,1,1,2793,25.169999999999998,13965,99.33024488503467
random,1,1,2794,25.169999999999998,13970,99.33048182964393
random,1,1,2795,25.180000000000003,13975,99.33045270225354
random,1,1,2796,25.180000000000003,13980,99.33068940586058
random,1,1,2797,25.180000000000003,13985,99.33092594216416
random,1,1,2798,25.180000000000003,13990,99.33115342830352
random,1,1,2799,25.180000000000003,13995,99.33138075980425
random,1,1,2800,25.180000000000003,14000,99.33159906561903
random,1,1,2801,25.180000000000003,14005,99.33183495952002
random,1,1,2802,25.180000000000003,14010,99.33206182804969
random,1,1,2803,25.180000000000003,14015,99.33228854256993
random,1,1,2804,25.180000000000003,14020,99.33252395014341
random,1,1,2805,25.180000000000003,14025,99.33275919178536
random,1,1,2806,25.180000000000003,14030,99.33299426767115
random,1,1,2807,25.180000000000003,14035,99.33322917797591
random,1,1,2808,25.180000000000003,14040,99.33346392287451
random,1,1,2809,25.180000000000003,14045,99.33368968674418
random,1,1,2810,25.180000000000003,14050,99.3339152977277
random,1,1,2811,25.240000000000002,14055,99.33256294243488
random,1,1,2812,25.31,14060,99.3309295083614
random,1,1,2813,25.35,14065,99.33008992915073
random,1,1,2814,25.35,14070,99.3303076093963
random,1,1,2815,25.35,14075,99.33053398827444
random,1,1,2816,25.39,14080,99.3297130622794
random,1,1,2817,25.419999999999998,14085,99.32915661633142
random,1,1,2818,25.419999999999998,14090,99.3293919943861
random,1,1,2819,25.419999999999998,14095,99.32963781454544
random,1,1,2820,25.419999999999998,14100,99.3298834545536
random,1,1,2821,25.419999999999998,14105,99.33012891460857
random,1,1,2822,25.419999999999998,14110,99.330374194908
random,1,1,2823,25.419999999999998,14115,99.33061929564929
random,1,1,2824,25.419999999999998,14120,99.33086421702953
random,1,1,2825,25.419999999999998,14125,99.33111775958656
random,1,1,2826,25.419999999999998,14130,99.3313728687839
random,1,1,2827,25.419999999999998,14135,99.33162778346002
random,1,1,2828,25.419999999999998,14140,99.33188250383735
random,1,1,2829,25.419999999999998,14145,99.33213703013791
random,1,1,2830,25.419999999999998,14150,99.33239136258345
random,1,1,2831,25.419999999999998,14155,99.33264550139536
random,1,1,2832,25.419999999999998,14160,99.33289944679467
random,1,1,2833,25.419999999999998,14165,99.33315319900208
random,1,1,2834,25.419999999999998,14170,99.33340675823801
random,1,1,2835,25.419999999999998,14175,99.33366012472247
random,1,1,2836,25.419999999999998,14180,99.33391329867516
random,1,1,2837,25.419999999999998,14185,99.33416628031547
random,1,1,2838,25.419999999999998,14190,99.33441906986243
random,1,1,2839,25.44,14195,99.33414819913786
random,1,1,2840,25.44,14200,99.33439906229805
random,1,1,2841,25.44,14205,99.33464973650142
random,1,1,2842,25.45,14210,99.33463878336937
random,1,1,2843,25.480000000000004,14215,99.33410515807162
random,1,1,2844,25.490000000000002,14220,99.33409615766429
random,1,1,2845,25.490000000000002,14225,99.33434830636169
random,1,1,2846,25.490000000000002,14230,99.33459852718906
random,1,1,2847,25.490000000000002,14235,99.33484855996932
random,1,1,2848,25.490000000000002,14240,99.33510013929248
random,1,1,2849,25.490000000000002,14245,99.33534979531173
random,1,1,2850,25.490000000000002,14250,99.33559926392009
random,1,1,2851,25.490000000000002,14255,99.33584854532853
random,1,1,2852,25.490000000000002,14260,99.33609591056958
random,1,1,2853,25.490000000000002,14265,99.3363448195061
random,1,1,2854,25.490000000000002,14270,99.33659354187216
random,1,1,2855,25.490000000000002,14275,99.33684207787748
random,1,1,2856,25.490000000000002,14280,99.33708180758988
random,1,1,2857,25.490000000000002,14285,99.33732997795433
random,1,1,2858,25.490000000000002,14290,99.33757968404447
random,1,1,2859,25.490000000000002,14295,99.33782920201794
random,1,1,2860,25.490000000000002,14300,99.33807853208722
random,1,1,2861,25.490000000000002,14305,99.3383276744645
random,1,1,2862,25.490000000000002,14310,99.3385766293616
random,1,1,2863,25.490000000000002,14315,99.33882539699009
random,1,1,2864,25.490000000000002,14320,99.33907397756118
random,1,1,2865,25.490000000000002,14325,99.3393223712858
random,1,1,2866,25.490000000000002,14330,99.3395705783745
random,1,1,2867,25.490000000000002,14335,99.33981859903757
random,1,1,2868,25.490000000000002,14340,99.34006643348496
random,1,1,2869,25.490000000000002,14345,99.34031408192632
random,1,1,2870,25.490000000000002,14350,99.34055983856781
random,1,1,2871,25.490000000000002,14355,99.34080711690395
random,1,1,2872,25.490000000000002,14360,99.34105250640464
random,1,1,2873,25.490000000000002,14365,99.34129771327716
random,1,1,2874,25.490000000000002,14370,99.34153423298685
random,1,1,2875,25.490000000000002,14375,99.34176208404993
random,1,1,2876,25.5,14380,99.34173163302184
random,1,1,2877,25.509999999999998,14385,99.34170120305332
random,1,1,2878,25.509999999999998,14390,99.34192876011227
random,1,1,2879,25.509999999999998,14395,99.34215615990428
random,1,1,2880,25.509999999999998,14400,99.34239187875882
random,1,1,2881,25.509999999999998,14405,99.34262742874813
random,1,1,2882,25.509999999999998,14410,99.34287127386632
random,1,1,2883,25.540000000000003,14415,99.3423424351355
random,1,1,2884,25.540000000000003,14420,99.34258789733663
random,1,1,2885,25.540000000000003,14425,99.34283317637494
random,1,1,2886,25.540000000000003,14430,99.34307827245533
random,1,1,2887,25.540000000000003,14435,99.3433214973504
random,1,1,2888,25.540000000000003,14440,99.34356454220438
random,1,1,2889,25.540000000000003,14445,99.34380740721708
random,1,1,2890,25.540000000000003,14450,99.34405009258808
random,1,1,2891,25.540000000000003,14455,99.34429259851657
random,1,1,2892,25.540000000000003,14460,99.34453492520153
random,1,1,2893,25.540000000000003,14465,99.3447770728416
random,1,1,2894,25.55,14470,99.34476258863657
random,1,1,2895,25.55,14475,99.34500615258408
random,1,1,2896,25.55,14480,99.34524953552437
random,1,1,2897,25.56,14485,99.34523657043319
random,1,1,2898,25.56,14490,99.34547968707989
random,1,1,2899,25.56,14495,99.34572262325295
random,1,1,2900,25.56,14500,99.34596537915328
random,1,1,2901,25.56,14505,99.34620795498145
random,1,1,2902,25.56,14510,99.34644867985702
random,1,1,2903,25.56,14515,99.34668922752903
random,1,1,2904,25.56,14520,99.34692959819307
random,1,1,2905,25.56,14525,99.34716979204447
random,1,1,2906,25.56,14530,99.34740147830416
random,1,1,2907,25.56,14535,99.34762467489708
random,1,1,2908,25.580000000000002,14540,99.34734575366512
random,1,1,2909,25.61,14545,99.34680364830949
random,1,1,2910,25.61,14550,99.34702681753976
random,1,1,2911,25.669999999999998,14555,99.34572888656666
random,1,1,2912,25.669999999999998,14560,99.34596059966776
random,1,1,2913,25.69,14565,99.34568275419423
random,1,1,2914,25.72,14570,99.34515883462714
random,1,1,2915,25.729999999999997,14575,99.34514432021501
random,1,1,2916,25.729999999999997,14580,99.3453825682985
random,1,1,2917,25.729999999999997,14585,99.3456206430873
random,1,1,2918,25.729999999999997,14590,99.34585854477042
random,1,1,2919,25.729999999999997,14595,99.34608796425721
random,1,1,2920,25.75,14600,99.34581742335902
random,1,1,2921,25.790000000000003,14605,99.34503916051239
random,1,1,2922,25.8,14610,99.34501474986163
random,1,1,2923,25.8,14615,99.34523749099067
random,1,1,2924,25.840000000000003,14620,99.34444529010325
random,1,1,2925,25.869999999999997,14625,99.34391555861014
random,1,1,2926,25.869999999999997,14630,99.34414675698699
random,1,1,2927,25.869999999999997,14635,99.34437779247669
random,1,1,2928,25.869999999999997,14640,99.34461696699778
random,1,1,2929,25.869999999999997,14645,99.34485762619151
random,1,1,2930,25.869999999999997,14650,99.34509810870814
random,1,1,2931,25.900000000000002,14655,99.34457924011681
random,1,1,2932,25.929999999999996,14660,99.34406075216728
random,1,1,2933,25.95,14665,99.34379551707396
random,1,1,2934,25.95,14670,99.34403603630932
random,1,1,2935,25.95,14675,99.34427637929379
random,1,1,2936,25.95,14680,99.34451654622106
random,1,1,2937,25.97,14685,99.34425153268894
random,1,1,2938,26.02,14690,99.34322948349366
random,1,1,2939,26.02,14695,99.34346976983595
random,1,1,2940,26.02,14700,99.34370988042001
random,1,1,2941,26.02,14705,99.34394981543862
random,1,1,2942,26.06,14710,99.34317975602379
random,1,1,2943,26.06,14715,99.34341971000617
random,1,1,2944,26.1,14720,99.34265040335072
random,1,1,2945,26.1,14725,99.34288044956041
random,1,1,2946,26.1,14730,99.34310206834759
random,1,1,2947,26.1,14735,99.34332353769977
random,1,1,2948,26.1,14740,99.34355311309247
random,1,1,2949,26.1,14745,99.34378252802124
random,1,1,2950,26.1,14750,99.34400353886214
random,1,1,2951,26.1,14755,99.34422440088241
random,1,1,2952,26.1,14760,99.34445334692987
random,1,1,2953,26.1,14765,99.34468213317264
random,1,1,2954,26.1,14770,99.34490253856542
random,1,1,2955,26.1,14775,99.34512279574857
random,1,1,2956,26.11,14780,99.34509207839832
random,1,1,2957,26.11,14785,99.34531212388671
random,1,1,2958,26.11,14790,99.34553202155658
random,1,1,2959,26.11,14795,99.34575996832787
random,1,1,2960,26.11,14800,99.34599594722881
random,1,1,2961,26.11,14805,99.34622357100648
random,1,1,2962,26.11,14810,99.3464428569283
random,1,1,2963,26.119999999999997,14815,99.34641013514697
random,1,1,2964,26.119999999999997,14820,99.3466275777193
random,1,1,2965,26.13,14825,99.34658664666166
random,1,1,2966,26.13,14830,99.34680388867918
random,1,1,2967,26.13,14835,99.347012827337
random,1,1,2968,26.13,14840,99.34721347843032
random,1,1,2969,26.13,14845,99.34741400624864
random,1,1,2970,26.13,14850,99.34762255483291
random,1,1,2971,26.13,14855,99.34782283144227
random,1,1,2972,26.13,14860,99.34803111885145
random,1,1,2973,26.13,14865,99.34824740159483
random,1,1,2974,26.13,14870,99.34846354088747
random,1,1,2975,26.13,14875,99.34868765422867
random,1,1,2976,26.14,14880,99.34866244069688
random,1,1,2977,26.14,14885,99.34888633159471
random,1,1,2978,26.14,14890,99.34911006862481
random,1,1,2979,26.169999999999998,14895,99.34858690403293
random,1,1,2980,26.169999999999998,14900,99.34881059022594
random,1,1,2981,26.169999999999998,14905,99.34902602652153
random,1,1,2982,26.169999999999998,14910,99.34924941129078
random,1,1,2983,26.169999999999998,14915,99.34947264280157
random,1,1,2984,26.169999999999998,14920,99.34970541680231
random,1,1,2985,26.169999999999998,14925,99.34993802427859
random,1,1,2986,26.19,14930,99.34967545850488
random,1,1,2987,26.229999999999997,14935,99.34891663998292
random,1,1,2988,26.26,14940,99.34840649906207
random,1,1,2989,26.26,14945,99.3486392364246
random,1,1,2990,26.26,14950,99.3488718075874
random,1,1,2991,26.27,14955,99.34885634685358
random,1,1,2992,26.27,14960,99.34908061043205
random,1,1,2993,26.27,14965,99.34930471958427
random,1,1,2994,26.27,14970,99.34952867446968
random,1,1,2995,26.27,14975,99.34974281796264
random,1,1,2996,26.290000000000003,14980,99.34946192657259
random,1,1,2997,26.290000000000003,14985,99.34967595112056
random,1,1,2998,26.290000000000003,14990,99.34989144250409
random,1,1,2999,26.32,14995,99.34936518609342
random,1,1,3000,26.369999999999997,15000,99.34835309031871
random,1,1,3001,26.44,15005,99.34683955820267
random,1,1,3002,26.51,15010,99.34532702779458
random,1,1,3003,26.58,15015,99.34381549810031
random,1,1,3004,26.61,15020,99.34329212764959
random,1,1,3005,26.640000000000004,15025,99.34276910324003
random,1,1,3006,26.69,15030,99.3417531710036
random,1,1,3007,26.71,15035,99.34148566356845
random,1,1,3008,26.71,15040,99.34171125498769
random,1,1,3009,26.75,15045,99.34095119836014
random,1,1,3010,26.790000000000003,15050,99.34019166213083
random,1,1,3011,26.840000000000003,15055,99.3391864410118
random,1,1,3012,26.889999999999997,15060,99.33818027880602
random,1,1,3013,26.900000000000002,15065,99.33815895010851
random,1,1,3014,26.900000000000002,15070,99.3383673168212
random,1,1,3015,26.91,15075,99.33832966968119
random,1,1,3016,26.91,15080,99.33855411025573
random,1,1,3017,26.91,15085,99.33878002334295
random,1,1,3018,26.91,15090,99.33900578216421
random,1,1,3019,26.93,15095,99.33874029166145
random,1,1,3020,26.93,15100,99.338957796886
random,1,1,3021,26.93,15105,99.33917515907156
random,1,1,3022,26.93,15110,99.33940048079282
random,1,1,3023,26.93,15115,99.33962564891037
random,1,1,3024,26.93,15120,99.33985066358123
random,1,1,3025,26.93,15125,99.34007390780148
random,1,1,3026,26.93,15130,99.34030508134114
random,1,1,3027,26.950000000000003,15135,99.34003825084423
random,1,1,3028,26.97,15140,99.33976351930279
random,1,1,3029,26.99,15145,99.33948896660246
random,1,1,3030,27.0,15150,99.33945115730603
random,1,1,3031,27.0,15155,99.33965794281437
random,1,1,3032,27.0,15160,99.3398645988944
random,1,1,3033,27.0,15165,99.34007112566756
random,1,1,3034,27.0,15170,99.34027752325521
random,1,1,3035,27.0,15175,99.34047573683516
random,1,1,3036,27.01,15180,99.34042963646709
random,1,1,3037,27.01,15185,99.34062768533708
random,1,1,3038,27.05,15190,99.3398494222157
random,1,1,3039,27.11,15195,99.33858206242361
random,1,1,3040,27.11,15200,99.33878210053146
random,1,1,3041,27.11,15205,99.33897395884131
random,1,1,3042,27.12,15210,99.3389283912218
random,1,1,3043,27.12,15215,99.33913297755684
random,1,1,3044,27.12,15220,99.33935353112128
random,1,1,3045,27.12,15225,99.3395675043834
random,1,1,3046,27.12,15230,99.33977973182203
random,1,1,3047,27.12,15235,99.33998379163737
random,1,1,3048,27.12,15240,99.34018933062791
random,1,1,3049,27.12,15245,99.3403883244842
random,1,1,3050,27.12,15250,99.34059200832527
random,1,1,3051,27.13,15255,99.34056852569789
random,1,1,3052,27.13,15260,99.34078163422006
random,1,1,3053,27.139999999999997,15265,99.34075169852386
random,1,1,3054,27.139999999999997,15270,99.34096621055572
random,1,1,3055,27.139999999999997,15275,99.3411885793074
random,1,1,3056,27.139999999999997,15280,99.3414028071674
random,1,1,3057,27.150000000000002,15285,99.3413727102695
random,1,1,3058,27.150000000000002,15290,99.34158035266071
random,1,1,3059,27.169999999999998,15295,99.34130938094718
random,1,1,3060,27.169999999999998,15300,99.34152329388613
random,1,1,3061,27.169999999999998,15305,99.34173068862674
random,1,1,3062,27.189999999999998,15310,99.3414583343425
random,1,1,3063,27.22,15315,99.34093924631729
random,1,1,3064,27.22,15320,99.3411466275518
random,1,1,3065,27.22,15325,99.34136025319641
random,1,1,3066,27.22,15330,99.34158011097834
random,1,1,3067,27.22,15335,99.34179186404447
random,1,1,3068,27.22,15340,99.3419987091378
random,1,1,3069,27.22,15345,99.34220542426783
random,1,1,3070,27.22,15350,99.34241200955701
random,1,1,3071,27.22,15355,99.34261370222961
random,1,1,3072,27.22,15360,99.34282003119311
random,1,1,3073,27.22,15365,99.34303098760158
random,1,1,3074,27.22,15370,99.34324180861844
random,1,1,3075,27.22,15375,99.34345249437399
random,1,1,3076,27.22,15380,99.34365829722489
random,1,1,3077,27.22,15385,99.34386871589179
random,1,1,3078,27.22,15390,99.34407425792678
random,1,1,3079,27.22,15395,99.34428441001255
random,1,1,3080,27.22,15400,99.34450232024987
random,1,1,3081,27.22,15405,99.34472166318405
random,1,1,3082,27.22,15410,99.34494085937406
random,1,1,3083,27.22,15415,99.34515990896712
random,1,1,3084,27.22,15420,99.34538668359714
random,1,1,3085,27.22,15425,99.34560543517719
random,1,1,3086,27.22,15430,99.34582404060602
random,1,1,3087,27.22,15435,99.34603464430724
random,1,1,3088,27.22,15440,99.34624511244968
random,1,1,3089,27.22,15445,99.34645544516421
random,1,1,3090,27.22,15450,99.34666564258147
random,1,1,3091,27.22,15455,99.34687570483197
random,1,1,3092,27.22,15460,99.34708563204605
random,1,1,3093,27.22,15465,99.34729542435389
random,1,1,3094,27.22,15470,99.3475129023211
random,1,1,3095,27.22,15475,99.34772242018465
random,1,1,3096,27.22,15480,99.3479318035363
random,1,1,3097,27.22,15485,99.3481488577039
random,1,1,3098,27.22,15490,99.34835640738976
random,1,1,3099,27.22,15495,99.34856382494986
random,1,1,3100,27.22,15500,99.34877111051034
random,1,1,3101,27.22,15505,99.34898604935938
random,1,1,3102,27.22,15510,99.34920084637362
random,1,1,3103,27.22,15515,99.34941550169339
random,1,1,3104,27.22,15520,99.34961447573718
random,1,1,3105,27.22,15525,99.34980556272154
random,1,1,3106,27.22,15530,99.35000429828165
random,1,1,3107,27.22,15535,99.35020291238959
random,1,1,3108,27.22,15540,99.3504014051567
random,1,1,3109,27.22,15545,99.35061526936822
random,1,1,3110,27.22,15550,99.35082899280712
random,1,1,3111,27.22,15555,99.35104257561235
random,1,1,3112,27.22,15560,99.3512544717443
random,1,1,3113,27.22,15565,99.35147395531794
random,1,1,3114,27.22,15570,99.35169483451784
random,1,1,3115,27.22,15575,99.35191710634084
random,1,1,3116,27.22,15580,99.3521315158742
random,1,1,3117,27.22,15585,99.35235348841636
random,1,1,3118,27.22,15590,99.35257530890625
random,1,1,3119,27.22,15595,99.35279543865822
random,1,1,3120,27.22,15600,99.35301695656514
random,1,1,3121,27.22,15605,99.35323678614283
random,1,1,3122,27.22,15610,99.35345646638544
random,1,1,3123,27.22,15615,99.35366832404914
random,1,1,3124,27.22,15620,99.35387237436473
random,1,1,3125,27.22,15625,99.35407629588147
random,1,1,3126,27.22,15630,99.35427855692407
random,1,1,3127,27.22,15635,99.35448987625747
random,1,1,3128,27.22,15640,99.35470870621702
random,1,1,3129,27.22,15645,99.3549273878588
random,1,1,3130,27.22,15650,99.35513828280101
random,1,1,3131,27.22,15655,99.35535667343203
random,1,1,3132,27.22,15660,99.35557644184443
random,1,1,3133,27.22,15665,99.3557945358502
random,1,1,3134,27.22,15670,99.35601400586732
random,1,1,3135,27.22,15675,99.35623484893277
random,1,1,3136,27.22,15680,99.35645249758846
random,1,1,3137,27.22,15685,99.35667304006259
random,1,1,3138,27.22,15690,99.35689191200619
random,1,1,3139,27.22,15695,99.35711215346173
random,1,1,3140,27.22,15700,99.3573322441193
random,1,1,3141,27.22,15705,99.35755218413375
random,1,1,3142,27.22,15710,99.35777045838485
random,1,1,3143,27.22,15715,99.35798858436719
random,1,1,3144,27.22,15720,99.35820504900701
random,1,1,3145,27.22,15725,99.35841380659546
random,1,1,3146,27.22,15730,99.35862091715795
random,1,1,3147,27.22,15735,99.35881430112643
random,1,1,3148,27.22,15740,99.35901360624314
random,1,1,3149,27.22,15745,99.359212787495
random,1,1,3150,27.22,15750,99.35941184499744
random,1,1,3151,27.22,15755,99.35961228546894
random,1,1,3152,27.22,15760,99.35981862311614
random,1,1,3153,27.22,15765,99.36001128562025
random,1,1,3154,27.22,15770,99.36021135119508
random,1,1,3155,27.22,15775,99.36040377742428
random,1,1,3156,27.22,15780,99.36060960541954
random,1,1,3157,27.22,15785,99.36080779617235
random,1,1,3158,27.22,15790,99.361001363917
random,1,1,3159,27.22,15795,99.36120081105437
random,1,1,3160,27.22,15800,99.36140163192148
random,1,1,3161,27.22,15805,99.36160232656316
random,1,1,3162,27.22,15810,99.3618028950984
random,1,1,3163,27.22,15815,99.36200184227242
random,1,1,3164,27.22,15820,99.36220066544824
random,1,1,3165,27.22,15825,99.36239787122405
random,1,1,3166,27.22,15830,99.3626024179895
random,1,1,3167,27.22,15835,99.36280086707772
random,1,1,3168,27.22,15840,99.3630066460732
random,1,1,3169,27.22,15845,99.36320335382686
random,1,1,3170,27.22,15850,99.36339845129484
random,1,1,3171,27.22,15855,99.36359342925412
random,1,1,3172,27.22,15860,99.36378977482552
random,1,1,3173,27.22,15865,99.36397411033484
random,1,1,3174,27.22,15870,99.3641538831697
random,1,1,3175,27.22,15875,99.36433800777647
random,1,1,3176,27.22,15880,99.36452647650708
random,1,1,3177,27.22,15885,99.36472224685745
random,1,1,3178,27.22,15890,99.36491196961283
random,1,1,3179,27.22,15895,99.36510750255403
random,1,1,3180,27.22,15900,99.36529699530385
random,1,1,3181,27.22,15905,99.36548489588311
random,1,1,3182,27.22,15910,99.36566529406144
random,1,1,3183,27.22,15915,99.36584558969138
random,1,1,3184,27.22,15920,99.36602578286033
random,1,1,3185,27.22,15925,99.36621472794033
random,1,1,3186,27.22,15930,99.36641093441585
random,1,1,3187,27.22,15935,99.3665996500242
random,1,1,3188,27.22,15940,99.36678678022012
random,1,1,3189,27.22,15945,99.36698116059655
random,1,1,3190,27.22,15950,99.36717689288969
random,1,1,3191,27.22,15955,99.36737250417762
random,1,1,3192,27.22,15960,99.36756064749522
random,1,1,3193,27.22,15965,99.36774133605873
random,1,1,3194,27.22,15970,99.36792045364827
random,1,1,3195,27.22,15975,99.36809946977928
random,1,1,3196,27.22,15980,99.3682783845379
random,1,1,3197,27.22,15985,99.36845719801025
random,1,1,3198,27.22,15990,99.36863737471904
random,1,1,3199,27.22,15995,99.36881744864975
random,1,1,3200,27.22,16000,99.36899741989026
random,1,1,3201,27.22,16005,99.3691758265952
random,1,1,3202,27.22,16010,99.36935559355177
random,1,1,3203,27.22,16015,99.36954109911082
random,1,1,3204,27.22,16020,99.36972211738173
random,1,1,3205,27.22,16025,99.36991324154405
random,1,1,3206,27.22,16030,99.37011445311957
random,1,1,3207,27.22,16035,99.37031553622651
random,1,1,3208,27.22,16040,99.37051503525532
random,1,1,3209,27.22,16045,99.37070858860247
random,1,1,3210,27.22,16050,99.37090638476863
random,1,1,3211,27.22,16055,99.3711055096425
random,1,1,3212,27.22,16060,99.37130596058306
random,1,1,3213,27.22,16065,99.37149902792466
random,1,1,3214,27.22,16070,99.37169197672353
random,1,1,3215,27.22,16075,99.3718920540422
random,1,1,3216,27.22,16080,99.37209345242489
random,1,1,3217,27.22,16085,99.37230195919271
random,1,1,3218,27.22,16090,99.37250309483686
random,1,1,3219,27.22,16095,99.3727098840827
random,1,1,3220,27.22,16100,99.37291653708017
random,1,1,3221,27.22,16105,99.3731086166474
random,1,1,3222,27.22,16110,99.37330779290147
random,1,1,3223,27.22,16115,99.373506842631
random,1,1,3224,27.22,16120,99.37370576595647
random,1,1,3225,27.22,16125,99.37389736241037
random,1,1,3226,27.22,16130,99.37409747707477
random,1,1,3227,27.22,16135,99.37430465524693
random,1,1,3228,27.22,16140,99.37450450968002
random,1,1,3229,27.22,16145,99.37471141852296
random,1,1,3230,27.229999999999997,16150,99.37468854988828
random,1,1,3231,27.250000000000004,16155,99.37443613165078
random,1,1,3232,27.27,16160,99.37418388024354
random,1,1,3233,27.279999999999998,16165,99.37416120854793
random,1,1,3234,27.3,16170,99.37391065039904
random,1,1,3235,27.310000000000002,16175,99.37388808392788
random,1,1,3236,27.32,16180,99.37386553235181
random,1,1,3237,27.33,16185,99.37384299565608
random,1,1,3238,27.35,16190,99.37358426608583
random,1,1,3239,27.35,16195,99.37379079804467
random,1,1,3240,27.38,16200,99.37331053630244
random,1,1,3241,27.38,16205,99.37350985497828
random,1,1,3242,27.42,16210,99.37278691224508
random,1,1,3243,27.47,16215,99.37183573973374
random,1,1,3244,27.51,16220,99.37111231508851
random,1,1,3245,27.51,16225,99.37129915510468
random,1,1,3246,27.51,16230,99.3714901919571
random,1,1,3247,27.529999999999998,16235,99.37121857520368
random,1,1,3248,27.529999999999998,16240,99.37140378116723
random,1,1,3249,27.529999999999998,16245,99.37158887805903
random,1,1,3250,27.560000000000002,16250,99.37109501576826
random,1,1,3251,27.57,16255,99.37106344343334
random,1,1,3252,27.57,16260,99.37125420760242
random,1,1,3253,27.57,16265,99.37144485608435
random,1,1,3254,27.57,16270,99.3716439817305
random,1,1,3255,27.57,16275,99.37184011884229
random,1,1,3256,27.57,16280,99.3720304122232
random,1,1,3257,27.57,16285,99.37222773765177
random,1,1,3258,27.57,16290,99.37241922486831
random,1,1,3259,27.57,16295,99.37261630605948
random,1,1,3260,27.57,16300,99.37280612952907
random,1,1,3261,27.57,16305,99.37299156028901
random,1,1,3262,27.57,16310,99.37318115678428
random,1,1,3263,27.61,16315,99.37246149195519
random,1,1,3264,27.66,16320,99.371515044103
random,1,1,3265,27.689999999999998,16325,99.37102489551154
random,1,1,3266,27.689999999999998,16330,99.37121628434012
random,1,1,3267,27.689999999999998,16335,99.37140755672996
random,1,1,3268,27.689999999999998,16340,99.37160584322598
random,1,1,3269,27.689999999999998,16345,99.37181113044504
random,1,1,3270,27.689999999999998,16350,99.37201770778526
random,1,1,3271,27.689999999999998,16355,99.3722227260361
random,1,1,3272,27.689999999999998,16360,99.37242618811803
random,1,1,3273,27.689999999999998,16365,99.3726295183589
random,1,1,3274,27.689999999999998,16370,99.37283271688686
random,1,1,3275,27.700000000000003,16375,99.37280936121653
random,1,1,3276,27.700000000000003,16380,99.3730123699906
random,1,1,3277,27.750000000000004,16385,99.37207676276721
random,1,1,3278,27.750000000000004,16390,99.37227277971186
random,1,1,3279,27.750000000000004,16395,99.37247009339454
random,1,1,3280,27.77,16400,99.37221515138499
random,1,1,3281,27.810000000000002,16405,99.37150127801519
random,1,1,3282,27.810000000000002,16410,99.371690133208
random,1,1,3283,27.839999999999996,16415,99.3712083911156
random,1,1,3284,27.88,16420,99.37050116055381
random,1,1,3285,27.889999999999997,16425,99.37047152563032
random,1,1,3286,27.900000000000002,16430,99.37043338553396
random,1,1,3287,27.900000000000002,16435,99.37061517291164
random,1,1,3288,27.900000000000002,16440,99.3708039501785
random,1,1,3289,27.900000000000002,16445,99.37099261423586
random,1,1,3290,27.92,16450,99.37073039899569
random,1,1,3291,27.92,16455,99.37091897202032
random,1,1,3292,27.92,16460,99.37110743205956
random,1,1,3293,27.96,16465,99.37038796801498
random,1,1,3294,27.96,16470,99.37056939157293
random,1,1,3295,28.02,16475,99.36940039024259
random,1,1,3296,28.060000000000002,16480,99.3686820393865
random,1,1,3297,28.060000000000002,16485,99.36885669943094
random,1,1,3298,28.060000000000002,16490,99.36903835689134
random,1,1,3299,28.060000000000002,16495,99.36921281986147
random,1,1,3300,28.08,16500,99.36894480289638
random,1,1,3301,28.08,16505,99.36912628033889
random,1,1,3302,28.08,16510,99.36930057050446
random,1,1,3303,28.110000000000003,16515,99.36880821290318
random,1,1,3304,28.15,16520,99.36809875168639
random,1,1,3305,28.21,16525,99.36694089503472
random,1,1,3306,28.249999999999996,16530,99.3662253052214
random,1,1,3307,28.310000000000002,16535,99.36506156503016
random,1,1,3308,28.37,16540,99.3639056239532
random,1,1,3309,28.439999999999998,16545,99.36252765406141
random,1,1,3310,28.48,16550,99.36182989898627
random,1,1,3311,28.48,16555,99.36202860566962
random,1,1,3312,28.53,16560,99.36110750323589
random,1,1,3313,28.53,16565,99.36130631104584
random,1,1,3314,28.53,16570,99.36150499516597
random,1,1,3315,28.58,16575,99.36058491490499
random,1,1,3316,28.64,16580,99.35944031544881
random,1,1,3317,28.68,16585,99.35874503631095
random,1,1,3318,28.7,16590,99.35850439882698
random,1,1,3319,28.7,16595,99.35870364287614
random,1,1,3320,28.7,16600,99.35890992349361
random,1,1,3321,28.749999999999996,16605,99.35799954892491
random,1,1,3322,28.78,16610,99.35752905406311
random,1,1,3323,28.78,16615,99.35772691566093
random,1,1,3324,28.83,16620,99.35680055685945
random,1,1,3325,28.87,16625,99.3560992146953
random,1,1,3326,28.93,16630,99.35495235164797
random,1,1,3327,28.95,16635,99.35469777788674
random,1,1,3328,28.95,16640,99.35488902754255
random,1,1,3329,28.95,16645,99.35508016386979
random,1,1,3330,28.95,16650,99.35527118696913
random,1,1,3331,28.95,16655,99.35546927180273
random,1,1,3332,28.98,16660,99.35499235472305
random,1,1,3333,28.98,16665,99.35518323209399
random,1,1,3334,28.98,16670,99.35537399652551
random,1,1,3335,28.98,16675,99.35557181327148
random,1,1,3336,28.98,16680,99.35577666924534
random,1,1,3337,28.98,16685,99.35597567019198
random,1,1,3338,29.01,16690,99.35550663043938
random,1,1,3339,29.04,16695,99.35503071599587
random,1,1,3340,29.080000000000002,16700,99.35432731697244
random,1,1,3341,29.13,16705,99.35340665682608
random,1,1,3342,29.189999999999998,16710,99.35225744604365
random,1,1,3343,29.2,16715,99.35221953546154
random,1,1,3344,29.2,16720,99.35240198981143
random,1,1,3345,29.2,16725,99.35257859961865
random,1,1,3346,29.21,16730,99.35252627799032
random,1,1,3347,29.21,16735,99.3526927185133
random,1,1,3348,29.21,16740,99.35286624203822
random,1,1,3349,29.21,16745,99.35303967255524
random,1,1,3350,29.24,16750,99.3525487304508
random,1,1,3351,29.24,16755,99.35272215310644
random,1,1,3352,29.24,16760,99.35290693943129
random,1,1,3353,29.24,16765,99.35308017027
random,1,1,3354,29.26,16770,99.35282238889491
random,1,1,3355,29.299999999999997,16775,99.35212824765064
random,1,1,3356,29.299999999999997,16780,99.3523144259251
random,1,1,3357,29.299999999999997,16785,99.35249906631691
random,1,1,3358,29.299999999999997,16790,99.35268217136469
random,1,1,3359,29.299999999999997,16795,99.35285802632741
random,1,1,3360,29.299999999999997,16800,99.3530280715158
random,1,1,3361,29.299999999999997,16805,99.35320231081167
random,1,1,3362,29.32,16810,99.35293507502378
random,1,1,3363,29.32,16815,99.35311638168781
random,1,1,3364,29.32,16820,99.35329188107805
random,1,1,3365,29.360000000000003,16825,99.35259238678636
random,1,1,3366,29.38,16830,99.35232132622018
random,1,1,3367,29.38,16835,99.35249547099453
random,1,1,3368,29.38,16840,99.35267665339559
random,1,1,3369,29.38,16845,99.35285773442938
random,1,1,3370,29.38,16850,99.35304726190135
random,1,1,3371,29.38,16855,99.35323667839265
random,1,1,3372,29.38,16860,99.35342598400071
random,1,1,3373,29.38,16865,99.35361517882286
random,1,1,3374,29.38,16870,99.35379715653153
random,1,1,3375,29.38,16875,99.35397192922277
random,1,1,3376,29.38,16880,99.35414660740115
random,1,1,3377,29.38,16885,99.35431977214388
random,1,1,3378,29.38,16890,99.3544885893005
random,1,1,3379,29.38,16895,99.35467007562528
random,1,1,3380,29.38,16900,99.35485145992855
random,1,1,3381,29.38,16905,99.35504548487935
random,1,1,3382,29.38,16910,99.3552323182668
random,1,1,3383,29.38,16915,99.35541338669054
random,1,1,3384,29.38,16920,99.35558728633815
random,1,1,3385,29.38,16925,99.3557681554752
random,1,1,3386,29.38,16930,99.35594892311065
random,1,1,3387,29.38,16935,99.3561295893299
random,1,1,3388,29.38,16940,99.35630310280308
random,1,1,3389,29.38,16945,99.35647652278288
random,1,1,3390,29.38,16950,99.35664984934482
random,1,1,3391,29.38,16955,99.35682308256439
random,1,1,3392,29.38,16960,99.35699481525091
random,1,1,3393,29.39,16965,99.35695469145203
random,1,1,3394,29.39,16970,99.3571403573241
random,1,1,3395,29.39,16975,99.35732591601284
random,1,1,3396,29.39,16980,99.3574987265839
random,1,1,3397,29.39,16985,99.35766582887116
random,1,1,3398,29.39,16990,99.35782863485598
random,1,1,3399,29.39,16995,99.35799837042117
random,1,1,3400,29.4,17000,99.35794262103545
random,1,1,3401,29.439999999999998,17005,99.35723611529578
random,1,1,3402,29.49,17010,99.35631732311822
random,1,1,3403,29.5,17015,99.3562662570047
random,1,1,3404,29.54,17020,99.35556636641093
random,1,1,3405,29.54,17025,99.35573362180648
random,1,1,3406,29.56,17030,99.35547173102502
random,1,1,3407,29.56,17035,99.35564173157115
random,1,1,3408,29.599999999999998,17040,99.35493993967816
random,1,1,3409,29.599999999999998,17045,99.35511420578828
random,1,1,3410,29.659999999999997,17050,99.35397730861632
random,1,1,3411,29.7,17055,99.35326947323037
random,1,1,3412,29.7,17060,99.35343279293086
random,1,1,3413,29.7,17065,99.35359603016552
random,1,1,3414,29.7,17070,99.35376340342572
random,1,1,3415,29.7,17075,99.35394193308404
random,1,1,3416,29.7,17080,99.35412036412824
random,1,1,3417,29.709999999999997,17085,99.35408971435156
random,1,1,3418,29.74,17090,99.3536173736522
random,1,1,3419,29.78,17095,99.35292801161167
random,1,1,3420,29.78,17100,99.35312197929903
random,1,1,3421,29.78,17105,99.3533102134858
random,1,1,3422,29.78,17110,99.35350535561547
random,1,1,3423,29.78,17115,99.35369897737729
random,1,1,3424,29.78,17120,99.35389108139714
random,1,1,3425,29.78,17125,99.35408307125041
random,1,1,3426,29.799999999999997,17130,99.3538356791122
random,1,1,3427,29.830000000000002,17135,99.35337866691523
random,1,1,3428,29.830000000000002,17140,99.35357203998622
random,1,1,3429,29.87,17145,99.35289173122584
random,1,1,3430,29.93,17150,99.35177865612647
random,1,1,3431,29.99,17155,99.35065919242703
random,1,1,3432,30.06,17160,99.34933093210617
random,1,1,3433,30.130000000000003,17165,99.34799638184518
random,1,1,3434,30.2,17170,99.34666963766125
random,1,1,3435,30.240000000000002,17175,99.34599954583302
random,1,1,3436,30.25,17180,99.345971400032
random,1,1,3437,30.25,17185,99.34615941606091
random,1,1,3438,30.25,17190,99.34635438612412
random,1,1,3439,30.270000000000003,17195,99.34611720638459
random,1,1,3440,30.270000000000003,17200,99.34631913101691
random,1,1,3441,30.270000000000003,17205,99.34651387713511
random,1,1,3442,30.270000000000003,17210,99.34670850724943
random,1,1,3443,30.29,17215,99.34647855720416
random,1,1,3444,30.3,17220,99.34645879886462
random,1,1,3445,30.320000000000004,17225,99.34622342685012
random,1,1,3446,30.36,17230,99.34556412760206
random,1,1,3447,30.37,17235,99.34555171262028
random,1,1,3448,30.42,17240,99.34467760594056
random,1,1,3449,30.42,17245,99.3448822424754
random,1,1,3450,30.42,17250,99.34508675124707
random,1,1,3451,30.42,17255,99.34528972328698
random,1,1,3452,30.42,17260,99.34549256955486
random,1,1,3453,30.42,17265,99.34569669751056
random,1,1,3454,30.42,17270,99.34589929171344
random,1,1,3455,30.45,17275,99.34545689043658
random,1,1,3456,30.5,17280,99.34458498261537
random,1,1,3457,30.53,17285,99.34414326162518
random,1,1,3458,30.53,17290,99.34433904522191
random,1,1,3459,30.53,17295,99.34454174816062
random,1,1,3460,30.580000000000002,17300,99.34367119171542
random,1,1,3461,30.620000000000005,17305,99.34301573372183
random,1,1,3462,30.680000000000003,17310,99.34192322294602
random,1,1,3463,30.740000000000002,17315,99.34083277223348
random,1,1,3464,30.81,17320,99.33953568136509
random,1,1,3465,30.880000000000003,17325,99.33823230017852
random,1,1,3466,30.95,17330,99.33693537744338
random,1,1,3467,31.019999999999996,17335,99.33564067198382
random,1,1,3468,31.03,17340,99.33562997394334
random,1,1,3469,31.03,17345,99.33583616578625
random,1,1,3470,31.069999999999997,17350,99.33518633826112
random,1,1,3471,31.080000000000002,17355,99.33517863330866
random,1,1,3472,31.080000000000002,17360,99.33538477329735
random,1,1,3473,31.1,17365,99.33516323773365
random,1,1,3474,31.11,17370,99.33515554710223
random,1,1,3475,31.11,17375,99.33536150266839
random,1,1,3476,31.11,17380,99.33556591160527
random,1,1,3477,31.119999999999997,17385,99.33555668478655
random,1,1,3478,31.130000000000003,17390,99.33554746363974
random,1,1,3479,31.15,17395,99.33531777784891
random,1,1,3480,31.169999999999998,17400,99.33509532006937
random,1,1,3481,31.2,17405,99.33465832999241
random,1,1,3482,31.2,17410,99.33486258090373
random,1,1,3483,31.209999999999997,17415,99.33484649893973
random,1,1,3484,31.209999999999997,17420,99.33505056896746
random,1,1,3485,31.209999999999997,17425,99.33525451381567
random,1,1,3486,31.209999999999997,17430,99.33545833359949
random,1,1,3487,31.22,17435,99.33545058238539
random,1,1,3488,31.22,17440,99.3356542167444
random,1,1,3489,31.22,17445,99.33585772634446
random,1,1,3490,31.22,17450,99.33606111130014
random,1,1,3491,31.22,17455,99.33626437172597
random,1,1,3492,31.22,17460,99.33646609749826
random,1,1,3493,31.22,17465,99.33666629130165
random,1,1,3494,31.230000000000004,17470,99.33664832165441
random,1,1,3495,31.230000000000004,17475,99.33683707596751
random,1,1,3496,31.230000000000004,17480,99.33702009319506
random,1,1,3497,31.230000000000004,17485,99.33720863602503
random,1,1,3498,31.230000000000004,17490,99.33739144825479
random,1,1,3499,31.240000000000002,17495,99.33736626422201
random,1,1,3500,31.240000000000002,17500,99.33754752629983
random,1,1,3501,31.259999999999998,17505,99.33731031938844
random,1,1,3502,31.290000000000003,17510,99.3368570968371
random,1,1,3503,31.330000000000002,17515,99.33619646720074
random,1,1,3504,31.330000000000002,17520,99.33637784734785
random,1,1,3505,31.330000000000002,17525,99.33656474793484
random,1,1,3506,31.330000000000002,17530,99.33674452279689
random,1,1,3507,31.34,17535,99.3367069425661
random,1,1,3508,31.34,17540,99.3368837769272
random,1,1,3509,31.34,17545,99.3370647239744
random,1,1,3510,31.34,17550,99.33723435976712
random,1,1,3511,31.34,17555,99.33740110700951
random,1,1,3512,31.34,17560,99.33757197088191
random,1,1,3513,31.34,17565,99.33773854830768
random,1,1,3514,31.34,17570,99.3379106369494
random,1,1,3515,31.34,17575,99.33807704411483
random,1,1,3516,31.34,17580,99.33825594334424
random,1,1,3517,31.34,17585,99.33842915977971
random,1,1,3518,31.34,17590,99.3386092645352
random,1,1,3519,31.34,17595,99.33879485129214
random,1,1,3520,31.34,17600,99.33897475701944
random,1,1,3521,31.35,17605,99.33894927727229
random,1,1,3522,31.36,17610,99.33892938602223
random,1,1,3523,31.39,17615,99.33848105640719
random,1,1,3524,31.4,17620,99.3384571303366
random,1,1,3525,31.4,17625,99.33864384075217
random,1,1,3526,31.4,17630,99.33883044580514
random,1,1,3527,31.4,17635,99.33901694558467
random,1,1,3528,31.41,17640,99.33899845955706
random,1,1,3529,31.41,17645,99.3391917564119
random,1,1,3530,31.41,17650,99.3393766037101
random,1,1,3531,31.41,17655,99.33956134762286
random,1,1,3532,31.430000000000003,17660,99.33933252195042
random,1,1,3533,31.430000000000003,17665,99.33952411272851
random,1,1,3534,31.430000000000003,17670,99.33971697954657
random,1,1,3535,31.46,17675,99.33928661435843
random,1,1,3536,31.46,17680,99.33948636982045
random,1,1,3537,31.46,17685,99.33968600453362
random,1,1,3538,31.46,17690,99.33988690370028
random,1,1,3539,31.46,17695,99.34008768065782
random,1,1,3540,31.46,17700,99.34028833551768
random,1,1,3541,31.46,17705,99.34048886839126
random,1,1,3542,31.46,17710,99.34068927938972
random,1,1,3543,31.490000000000002,17715,99.3402610462802
random,1,1,3544,31.490000000000002,17720,99.34046140473971
random,1,1,3545,31.490000000000002,17725,99.34066164154103
random,1,1,3546,31.490000000000002,17730,99.34086175679494
random,1,1,3547,31.490000000000002,17735,99.34106175061207
random,1,1,3548,31.509999999999998,17740,99.34084324369555
random,1,1,3549,31.509999999999998,17745,99.34104312183698
random,1,1,3550,31.509999999999998,17750,99.3412428787958
random,1,1,3551,31.53,17755,99.34102451564361
random,1,1,3552,31.56,17760,99.3405973485996
random,1,1,3553,31.6,17765,99.33996018873796
random,1,1,3554,31.64,17770,99.33931651416377
random,1,1,3555,31.65,17775,99.3392994695608
random,1,1,3556,31.65,17780,99.33949801849406
random,1,1,3557,31.65,17785,99.33969644813018
random,1,1,3558,31.65,17790,99.33989475857668
random,1,1,3559,31.65,17795,99.3400929499409
random,1,1,3560,31.65,17800,99.34029102233005
random,1,1,3561,31.65,17805,99.34048897585127
random,1,1,3562,31.65,17810,99.3406868106115
random,1,1,3563,31.65,17815,99.34088452671762
random,1,1,3564,31.65,17820,99.34108349606731
random,1,1,3565,31.65,17825,99.34128097436303
random,1,1,3566,31.65,17830,99.3414797044669
random,1,1,3567,31.65,17835,99.34167694538102
random,1,1,3568,31.65,17840,99.34187543667032
random,1,1,3569,31.66,17845,99.3418659327273
random,1,1,3570,31.680000000000003,17850,99.34164862157681
random,1,1,3571,31.69,17855,99.341639191685
random,1,1,3572,31.69,17860,99.34183608831732
random,1,1,3573,31.69,17865,99.34203286721272
random,1,1,3574,31.69,17870,99.34222952847675
random,1,1,3575,31.69,17875,99.34242607221485
random,1,1,3576,31.69,17880,99.34262249853236
random,1,1,3577,31.69,17885,99.34281880753446
random,1,1,3578,31.7,17890,99.34280768313793
random,1,1,3579,31.7,17895,99.3429970113618
random,1,1,3580,31.7,17900,99.34317942597612
random,1,1,3581,31.7,17905,99.34336173932496
random,1,1,3582,31.7,17910,99.34354395149266
random,1,1,3583,31.7,17915,99.34372606256339
random,1,1,3584,31.7,17920,99.3439080726213
random,1,1,3585,31.7,17925,99.3440899817504
random,1,1,3586,31.7,17930,99.34427179003458
random,1,1,3587,31.7,17935,99.34445349755772
random,1,1,3588,31.7,17940,99.34464187883111
random,1,1,3589,31.7,17945,99.34483692226294
random,1,1,3590,31.7,17950,99.34502508326652
random,1,1,3591,31.7,17955,99.34521313622253
random,1,1,3592,31.7,17960,99.34540108122395
random,1,1,3593,31.7,17965,99.34558891836377
random,1,1,3594,31.7,17970,99.34577664773478
random,1,1,3595,31.7,17975,99.34596426942971
random,1,1,3596,31.7,17980,99.34615178354119
random,1,1,3597,31.7,17985,99.34634592940536
random,1,1,3598,31.7,17990,99.34654130704106
random,1,1,3599,31.7,17995,99.34673656791468
random,1,1,3600,31.7,18000,99.34693036670788
random,1,1,3601,31.7,18005,99.34712405054948
random,1,1,3602,31.7,18010,99.34731761954177
random,1,1,3603,31.7,18015,99.34751107378682
random,1,1,3604,31.72,18020,99.34729287042981
random,1,1,3605,31.75,18025,99.34686908582243
random,1,1,3606,31.790000000000003,18030,99.34623990260435
random,1,1,3607,31.8,18035,99.34622920217348
random,1,1,3608,31.819999999999997,18040,99.34601163696453
random,1,1,3609,31.819999999999997,18045,99.34620513378961
random,1,1,3610,31.819999999999997,18050,99.34639985868105
random,1,1,3611,31.819999999999997,18055,99.34659312588042
random,1,1,3612,31.819999999999997,18060,99.3467795740313
random,1,1,3613,31.819999999999997,18065,99.34697261676814
random,1,1,3614,31.830000000000002,18070,99.34695368151529
random,1,1,3615,31.830000000000002,18075,99.3471465607771
random,1,1,3616,31.830000000000002,18080,99.34734066438793
random,1,1,3617,31.830000000000002,18085,99.34753465261294
random,1,1,3618,31.830000000000002,18090,99.34772852555498
random,1,1,3619,31.830000000000002,18095,99.3479222833168
random,1,1,3620,31.830000000000002,18100,99.34811592600103
random,1,1,3621,31.830000000000002,18105,99.34830945371012
random,1,1,3622,31.830000000000002,18110,99.34850153305797
random,1,1,3623,31.830000000000002,18115,99.34869349921222
random,1,1,3624,31.830000000000002,18120,99.3488866841906
random,1,1,3625,31.830000000000002,18125,99.34907842347326
random,1,1,3626,31.840000000000003,18130,99.34906694143238
random,1,1,3627,31.840000000000003,18135,99.34925984438645
random,1,1,3628,31.840000000000003,18140,99.34945263304144
random,1,1,3629,31.840000000000003,18145,99.34964530749889
random,1,1,3630,31.840000000000003,18150,99.34983786786027
random,1,1,3631,31.85,18155,99.34982617801901
random,1,1,3632,31.85,18160,99.35001857089797
random,1,1,3633,31.879999999999995,18165,99.3495988036535
random,1,1,3634,31.900000000000002,18170,99.34938323978592
random,1,1,3635,31.900000000000002,18175,99.34957559297705
random,1,1,3636,31.900000000000002,18180,99.34976783246432
random,1,1,3637,31.94,18185,99.34914353483937
random,1,1,3638,31.94,18190,99.34933446327223
random,1,1,3639,31.95,18195,99.34932162451683
random,1,1,3640,31.96,18200,99.3493087932895
random,1,1,3641,31.96,18205,99.34949950540795
random,1,1,3642,31.990000000000002,18210,99.34907967720538
random,1,1,3643,31.990000000000002,18215,99.34927034470975
random,1,1,3644,31.990000000000002,18220,99.34946222346043
random,1,1,3645,32.01,18225,99.34924739576981
random,1,1,3646,32.01,18230,99.34943916819263
random,1,1,3647,32.01,18235,99.34963082762067
random,1,1,3648,32.01,18240,99.34982237415376
random,1,1,3649,32.01,18245,99.35001380789161
random,1,1,3650,32.01,18250,99.35020512893384
random,1,1,3651,32.01,18255,99.3503963373799
random,1,1,3652,32.01,18260,99.35058743332921
random,1,1,3653,32.01,18265,99.35077841688098
random,1,1,3654,32.01,18270,99.35096928813437
random,1,1,3655,32.01,18275,99.35116004718836
random,1,1,3656,32.01,18280,99.3513506941419
random,1,1,3657,32.019999999999996,18285,99.35133864903409
random,1,1,3658,32.04,18290,99.3511240904295
random,1,1,3659,32.04,18295,99.3513145800349
random,1,1,3660,32.07,18300,99.35089775273394
random,1,1,3661,32.07,18305,99.3510881969681
random,1,1,3662,32.07,18310,99.35127852948375
random,1,1,3663,32.07,18315,99.35146875037917
random,1,1,3664,32.07,18320,99.35165885975252
random,1,1,3665,32.07,18325,99.35184885770182
random,1,1,3666,32.08,18330,99.35183669840808
random,1,1,3667,32.11,18335,99.3514205727536
random,1,1,3668,32.11,18340,99.35161047358079
random,1,1,3669,32.11,18345,99.35180026323653
random,1,1,3670,32.11,18350,99.35198994181835
random,1,1,3671,32.11,18355,99.35217950942376
random,1,1,3672,32.11,18360,99.35236896615014
random,1,1,3673,32.11,18365,99.35255831209471
random,1,1,3674,32.11,18370,99.35274754735465
random,1,1,3675,32.11,18375,99.35293667202696
random,1,1,3676,32.11,18380,99.35312568620854
random,1,1,3677,32.11,18385,99.35331458999622
random,1,1,3678,32.11,18390,99.35350338348665
random,1,1,3679,32.11,18395,99.35369206677643
random,1,1,3680,32.11,18400,99.35388063996201
random,1,1,3681,32.11,18405,99.35406910313974
random,1,1,3682,32.11,18410,99.35425745640585
random,1,1,3683,32.11,18415,99.35444569985646
random,1,1,3684,32.11,18420,99.35463383358758
random,1,1,3685,32.11,18425,99.35482185769511
random,1,1,3686,32.11,18430,99.35500977227485
random,1,1,3687,32.11,18435,99.35519757742247
random,1,1,3688,32.11,18440,99.35538527323354
random,1,1,3689,32.11,18445,99.35557285980347
random,1,1,3690,32.11,18450,99.35576033722766
random,1,1,3691,32.11,18455,99.35594770560131
random,1,1,3692,32.11,18460,99.35613496501954
random,1,1,3693,32.11,18465,99.35632211557737
random,1,1,3694,32.11,18470,99.35650915736969
random,1,1,3695,32.11,18475,99.35669609049128
random,1,1,3696,32.11,18480,99.35688291503683
random,1,1,3697,32.11,18485,99.35706963110094
random,1,1,3698,32.129999999999995,18490,99.35685590009147
random,1,1,3699,32.129999999999995,18495,99.3570425156387
random,1,1,3700,32.129999999999995,18500,99.35722902292011
random,1,1,3701,32.15,18505,99.35701543162963
random,1,1,3702,32.15,18510,99.35720183862267
random,1,1,3703,32.15,18515,99.35738813756491
random,1,1,3704,32.15,18520,99.35757432855029
random,1,1,3705,32.15,18525,99.35776041167259
random,1,1,3706,32.15,18530,99.35794638702552
random,1,1,3707,32.15,18535,99.3581322547027
random,1,1,3708,32.15,18540,99.3583180147976
random,1,1,3709,32.15,18545,99.35850366740361
random,1,1,3710,32.15,18550,99.35868921261397
random,1,1,3711,32.15,18555,99.35887465052188
random,1,1,3712,32.15,18560,99.35905998122035
random,1,1,3713,32.15,18565,99.35924520480238
random,1,1,3714,32.15,18570,99.35943032136075
random,1,1,3715,32.15,18575,99.35961533098825
random,1,1,3716,32.15,18580,99.35980023377746
random,1,1,3717,32.15,18585,99.35998502982092
random,1,1,3718,32.15,18590,99.36016971921103
random,1,1,3719,32.15,18595,99.3603543020401
random,1,1,3720,32.15,18600,99.36053877840033
random,1,1,3721,32.15,18605,99.36072314838381
random,1,1,3722,32.15,18610,99.36090741208253
random,1,1,3723,32.15,18615,99.36109156958835
random,1,1,3724,32.16,18620,99.36107695089073
random,1,1,3725,32.17,18625,99.36106234061316
random,1,1,3726,32.17,18630,99.36124629445415
random,1,1,3727,32.17,18635,99.36143014240287
random,1,1,3728,32.17,18640,99.36161388455074
random,1,1,3729,32.17,18645,99.36179752098907
random,1,1,3730,32.17,18650,99.36198105180904
random,1,1,3731,32.17,18655,99.36216447710177
random,1,1,3732,32.17,18660,99.36234779695822
random,1,1,3733,32.17,18665,99.36253101146929
random,1,1,3734,32.17,18670,99.36271412072576
random,1,1,3735,32.17,18675,99.36289712481829
random,1,1,3736,32.18,18680,99.36288203814392
random,1,1,3737,32.190000000000005,18685,99.36286696012921
random,1,1,3738,32.190000000000005,18690,99.36304976285031
random,1,1,3739,32.190000000000005,18695,99.36323246070398
random,1,1,3740,32.190000000000005,18700,99.36341505378046
random,1,1,3741,32.190000000000005,18705,99.36359754216981
random,1,1,3742,32.190000000000005,18710,99.36377992596209
random,1,1,3743,32.190000000000005,18715,99.36396220524716
random,1,1,3744,32.190000000000005,18720,99.36414438011485
random,1,1,3745,32.190000000000005,18725,99.36432645065483
random,1,1,3746,32.190000000000005,18730,99.36450841695671
random,1,1,3747,32.190000000000005,18735,99.36469027910998
random,1,1,3748,32.190000000000005,18740,99.36487203720402
random,1,1,3749,32.190000000000005,18745,99.36505369132811
random,1,1,3750,32.190000000000005,18750,99.36523524157147
random,1,1,3751,32.190000000000005,18755,99.36541668802316
random,1,1,3752,32.190000000000005,18760,99.36559803077213
random,1,1,3753,32.190000000000005,18765,99.36577926990732
random,1,1,3754,32.190000000000005,18770,99.36596040551746
random,1,1,3755,32.190000000000005,18775,99.36614143769124
random,1,1,3756,32.190000000000005,18780,99.36632236651725
random,1,1,3757,32.190000000000005,18785,99.36650319208394
random,1,1,3758,32.190000000000005,18790,99.36668391447971
random,1,1,3759,32.190000000000005,18795,99.36686453379279
random,1,1,3760,32.190000000000005,18800,99.36704505011139
random,1,1,3761,32.190000000000005,18805,99.36722546352357
random,1,1,3762,32.21,18810,99.36701273638762
random,1,1,3763,32.22,18815,99.36699659333362
random,1,1,3764,32.23,18820,99.36698045947438
random,1,1,3765,32.25,18825,99.36676798378926
random,1,1,3766,32.25,18830,99.36694821930877
random,1,1,3767,32.269999999999996,18835,99.36673587371611
random,1,1,3768,32.29,18840,99.36652364893365
random,1,1,3769,32.29,18845,99.36670380016946
random,1,1,3770,32.29,18850,99.36688384896975
random,1,1,3771,32.300000000000004,18855,99.36686777925443
random,1,1,3772,32.31,18860,99.36685171867131
random,1,1,3773,32.31,18865,99.36703157201853
random,1,1,3774,32.31,18870,99.36721132321577
random,1,1,3775,32.31,18875,99.36739097235004
random,1,1,3776,32.31,18880,99.36757051950823
random,1,1,3777,32.32,18885,99.36755428231501
random,1,1,3778,32.32,18890,99.36773368128847
random,1,1,3779,32.33,18895,99.36771740703509
random,1,1,3780,32.33,18900,99.3678966580444
random,1,1,3781,32.33,18905,99.36807580744784
random,1,1,3782,32.33,18910,99.36825485533173
random,1,1,3783,32.33,18915,99.36843380178237
random,1,1,3784,32.34,18920,99.36841735231337
random,1,1,3785,32.34,18925,99.36859615144321
random,1,1,3786,32.34,18930,99.36877484936673
random,1,1,3787,32.34,18935,99.36895344616981
random,1,1,3788,32.35,18940,99.36893686832727
random,1,1,3789,32.35,18945,99.36911531830911
random,1,1,3790,32.36,18950,99.36909870407882
random,1,1,3791,32.37,18955,99.36908209923946
random,1,1,3792,32.39,18960,99.36886942085634
random,1,1,3793,32.39,18965,99.36904645953052
random,1,1,3794,32.39,18970,99.36921725684485
random,1,1,3795,32.4,18975,99.36919326827976
random,1,1,3796,32.43,18980,99.36878001117238
random,1,1,3797,32.43,18985,99.36895074196448
random,1,1,3798,32.440000000000005,18990,99.36893298317284
random,1,1,3799,32.440000000000005,18995,99.36910971345445
random,1,1,3800,32.440000000000005,19000,99.36928634477718
random,1,1,3801,32.440000000000005,19005,99.3694567492813
random,1,1,3802,32.440000000000005,19010,99.36963318636434
random,1,1,3803,32.440000000000005,19015,99.36981074896167
random,1,1,3804,32.46,19020,99.36959979491601
random,1,1,3805,32.49,19025,99.36919480600169
random,1,1,3806,32.51,19030,99.36898291925466
random,1,1,3807,32.550000000000004,19035,99.36838306063522
random,1,1,3808,32.550000000000004,19040,99.36855950090012
random,1,1,3809,32.550000000000004,19045,99.36873584261645
random,1,1,3810,32.550000000000004,19050,99.36890596795864
random,1,1,3811,32.550000000000004,19055,99.36907600162819
random,1,1,3812,32.550000000000004,19060,99.36924594369914
random,1,1,3813,32.550000000000004,19065,99.36942190227299
random,1,1,3814,32.550000000000004,19070,99.36959776270149
random,1,1,3815,32.550000000000004,19075,99.36977352506675
random,1,1,3816,32.550000000000004,19080,99.36994918945075
random,1,1,3817,32.6,19085,99.36915720563734
random,1,1,3818,32.61,19090,99.36913338543802
random,1,1,3819,32.62,19095,99.36910347708697
random,1,1,3820,32.62,19100,99.36926694200814
random,1,1,3821,32.62,19105,99.36943641688333
random,1,1,3822,32.62,19110,99.36961189195665
random,1,1,3823,32.66,19115,99.36901569539648
random,1,1,3824,32.71,19120,99.36822668899408
random,1,1,3825,32.769999999999996,19125,99.36724503469821
random,1,1,3826,32.769999999999996,19130,99.36742214389264
random,1,1,3827,32.83,19135,99.36644126410695
random,1,1,3828,32.89,19140,99.36546093311391
random,1,1,3829,32.89,19145,99.3656383926677
random,1,1,3830,32.89,19150,99.36581575299014
random,1,1,3831,32.910000000000004,19155,99.36560748240048
random,1,1,3832,32.910000000000004,19160,99.36578475223979
random,1,1,3833,32.910000000000004,19165,99.3659619230369
random,1,1,3834,32.96,19170,99.36517597298916
random,1,1,3835,33.019999999999996,19175,99.36419791121108
random,1,1,3836,33.03,19180,99.36418287971449
random,1,1,3837,33.050000000000004,19185,99.36397541346409
random,1,1,3838,33.050000000000004,19190,99.36415284188088
random,1,1,3839,33.050000000000004,19195,99.36433017133274
random,1,1,3840,33.050000000000004,19200,99.36450740190243
random,1,1,3841,33.050000000000004,19205,99.36468453367267
random,1,1,3842,33.050000000000004,19210,99.36486156672605
random,1,1,3843,33.06,19215,99.36484637966278
random,1,1,3844,33.06,19220,99.36502326903538
random,1,1,3845,33.06,19225,99.36520005990852
random,1,1,3846,33.07,19230,99.36518479130953
random,1,1,3847,33.07,19235,99.3653614388467
random,1,1,3848,33.07,19240,99.36553798810121
random,1,1,3849,33.07,19245,99.365714439155
random,1,1,3850,33.07,19250,99.36589079209003
random,1,1,3851,33.1,19255,99.36549196417617
random,1,1,3852,33.1,19260,99.36566828092272
random,1,1,3853,33.1,19265,99.36584449970687
random,1,1,3854,33.1,19270,99.36602062061026
random,1,1,3855,33.1,19275,99.36619664371443
random,1,1,3856,33.1,19280,99.3663725691008
random,1,1,3857,33.1,19285,99.36654839685073
random,1,1,3858,33.1,19290,99.36672412704547
random,1,1,3859,33.1,19295,99.3668997597662
random,1,1,3860,33.11,19300,99.36688407917103
random,1,1,3861,33.11,19305,99.36705957018928
random,1,1,3862,33.11,19310,99.3672349639471
random,1,1,3863,33.15,19315,99.36664603251026
random,1,1,3864,33.15,19320,99.36682144364711
random,1,1,3865,33.21,19325,99.36585105042258
random,1,1,3866,33.22,19330,99.36583568615548
random,1,1,3867,33.22,19335,99.36601117591377
random,1,1,3868,33.22,19340,99.36618656857377
random,1,1,3869,33.22,19345,99.36636186421603
random,1,1,3870,33.22,19350,99.36653706292105
random,1,1,3871,33.22,19355,99.36671216476923
random,1,1,3872,33.22,19360,99.36688716984081
random,1,1,3873,33.22,19365,99.36706207821604
random,1,1,3874,33.22,19370,99.36723688997503
random,1,1,3875,33.22,19375,99.3674116051978
random,1,1,3876,33.25,19380,99.36701510977767
random,1,1,3877,33.25,19385,99.36718978977379
random,1,1,3878,33.269999999999996,19390,99.36698384067857
random,1,1,3879,33.269999999999996,19395,99.367158432942
random,1,1,3880,33.300000000000004,19400,99.36676244463925
random,1,1,3881,33.31,19405,99.36674689266826
random,1,1,3882,33.339999999999996,19410,99.36635123603321
random,1,1,3883,33.39,19415,99.36557578889767
random,1,1,3884,33.410000000000004,19420,99.36537062469489
random,1,1,3885,33.410000000000004,19425,99.36554537271599
random,1,1,3886,33.42,19430,99.36553017718452
random,1,1,3887,33.42,19435,99.36570478511399
random,1,1,3888,33.43,19440,99.36568835052407
random,1,1,3889,33.43,19445,99.36586161632258
random,1,1,3890,33.43,19450,99.36603478748985
random,1,1,3891,33.43,19455,99.36620185608251
random,1,1,3892,33.43,19460,99.36637484149894
random,1,1,3893,33.43,19465,99.36654893281592
random,1,1,3894,33.43,19470,99.36672292849444
random,1,1,3895,33.43,19475,99.3668968286133
random,1,1,3896,33.43,19480,99.36707063325123
random,1,1,3897,33.45,19485,99.36686578690349
random,1,1,3898,33.48,19490,99.36647182710811
random,1,1,3899,33.5,19495,99.36626725739386
random,1,1,3900,33.5,19500,99.36644104402951
random,1,1,3901,33.54,19505,99.36585725548919
random,1,1,3902,33.54,19510,99.36602986124106
random,1,1,3903,33.54,19515,99.36620237305624
random,1,1,3904,33.56,19520,99.36599695844787
random,1,1,3905,33.56,19525,99.36617058245825
random,1,1,3906,33.56,19530,99.36634411139957
random,1,1,3907,33.56,19535,99.36651634957879
random,1,1,3908,33.56,19540,99.36668968927034
random,1,1,3909,33.56,19545,99.3668629341262
random,1,1,3910,33.56,19550,99.36703608422418
random,1,1,3911,33.56,19555,99.36720913964201
random,1,1,3912,33.56,19560,99.36738210045732
random,1,1,3913,33.589999999999996,19565,99.36698841771603
random,1,1,3914,33.62,19570,99.3665949485853
random,1,1,3915,33.629999999999995,19575,99.3665795862708
random,1,1,3916,33.629999999999995,19580,99.36675133833329
random,1,1,3917,33.629999999999995,19585,99.36692299727981
random,1,1,3918,33.64,19590,99.3669063665055
random,1,1,3919,33.67,19595,99.36650749391343
random,1,1,3920,33.67,19600,99.36667312470728
random,1,1,3921,33.67,19605,99.36683866891323
random,1,1,3922,33.67,19610,99.36701007670327
random,1,1,3923,33.69,19615,99.36680549708305
random,1,1,3924,33.71,19620,99.36660102816943
random,1,1,3925,33.72,19625,99.36658451550853
random,1,1,3926,33.72,19630,99.3667558066164
random,1,1,3927,33.72,19635,99.3669281936614
random,1,1,3928,33.739999999999995,19640,99.36672510163555
random,1,1,3929,33.739999999999995,19645,99.36689740322856
random,1,1,3930,33.75,19650,99.36688202057493
random,1,1,3931,33.76,19655,99.36686664628738
random,1,1,3932,33.79,19660,99.36647630332642
random,1,1,3933,33.839999999999996,19665,99.36571129742404
random,1,1,3934,33.839999999999996,19670,99.36588364039756
random,1,1,3935,33.839999999999996,19675,99.36605588974167
random,1,1,3936,33.910000000000004,19680,99.36491705153705
random,1,1,3937,33.98,19685,99.36377883169723
random,1,1,3938,33.98,19690,99.36395151206582
random,1,1,3939,33.98,19695,99.36412409872358
random,1,1,3940,33.98,19700,99.36429659174671
random,1,1,3941,33.98,19705,99.36446899121142
random,1,1,3942,33.98,19710,99.3646412971938
random,1,1,3943,33.989999999999995,19715,99.36462658025539
random,1,1,3944,33.989999999999995,19720,99.36479875015416
random,1,1,3945,33.989999999999995,19725,99.36496964035497
random,1,1,3946,33.989999999999995,19730,99.36514043863023
random,1,1,3947,33.989999999999995,19735,99.36531114505414
random,1,1,3948,33.989999999999995,19740,99.36548175970071
random,1,1,3949,33.989999999999995,19745,99.36565228264399
random,1,1,3950,33.989999999999995,19750,99.36581679773866
random,1,1,3951,33.989999999999995,19755,99.365975314261
random,1,1,3952,33.989999999999995,19760,99.36613375155949
random,1,1,3953,33.989999999999995,19765,99.36629210969356
random,1,1,3954,34.0,19770,99.36626399578007
random,1,1,3955,34.0,19775,99.36642224230621
random,1,1,3956,34.0,19780,99.36658631006719
random,1,1,3957,34.0,19785,99.366750292878
random,1,1,3958,34.0,19790,99.36691419080461
random,1,1,3959,34.01,19795,99.36688595756405
random,1,1,3960,34.01,19800,99.36704384724186
random,1,1,3961,34.01,19805,99.36720165818842
random,1,1,3962,34.01,19810,99.36735939046258
random,1,1,3963,34.01,19815,99.36752292520183
random,1,1,3964,34.01,19820,99.36768637541692
random,1,1,3965,34.01,19825,99.36785561606662
random,1,1,3966,34.01,19830,99.368024766145
random,1,1,3967,34.01,19835,99.3681949994334
random,1,1,3968,34.01,19840,99.36836514103602
random,1,1,3969,34.01,19845,99.36853401858193
random,1,1,3970,34.01,19850,99.3687028058478
random,1,1,3971,34.01,19855,99.36887267409817
random,1,1,3972,34.01,19860,99.3690412803954
random,1,1,3973,34.01,19865,99.36921096656688
random,1,1,3974,34.02,19870,99.36919513972458
random,1,1,3975,34.04,19875,99.36899394946019
random,1,1,3976,34.04,19880,99.36916351155762
random,1,1,3977,34.04,19885,99.36933298255106
random,1,1,3978,34.04,19890,99.36950236251391
random,1,1,3979,34.050000000000004,19895,99.3694864786792
random,1,1,3980,34.089999999999996,19900,99.36891523396787
random,1,1,3981,34.1,19905,99.368899516218
random,1,1,3982,34.12,19910,99.36869878309844
random,1,1,3983,34.14,19915,99.36849815765719
random,1,1,3984,34.14,19920,99.36866748896462
random,1,1,3985,34.14,19925,99.3688367294872
random,1,1,3986,34.14,19930,99.36900587929789
random,1,1,3987,34.14,19935,99.36917493846961
random,1,1,3988,34.14,19940,99.3693439070752
random,1,1,3989,34.14,19945,99.36951278518742
random,1,1,3990,34.14,19950,99.36968157287896
random,1,1,3991,34.150000000000006,19955,99.36966569209415
random,1,1,3992,34.18,19960,99.36928076232515
random,1,1,3993,34.22,19965,99.36871155910903
random,1,1,3994,34.22,19970,99.36888038051606
random,1,1,3995,34.22,19975,99.3690491116536
random,1,1,3996,34.239999999999995,19980,99.3688490896791
random,1,1,3997,34.239999999999995,19985,99.3690177390048
random,1,1,3998,34.239999999999995,19990,99.36918629822529
random,1,1,3999,34.239999999999995,19995,99.36935476741273
random,1,1,4000,34.239999999999995,20000,99.36952314663927
random,1,1,4001,34.239999999999995,20005,99.36969143597693
random,1,1,4002,34.239999999999995,20010,99.36985963549766
random,1,1,4003,34.239999999999995,20015,99.37002774527338
random,1,1,4004,34.239999999999995,20020,99.37019576537584
random,1,1,4005,34.239999999999995,20025,99.37036369587685
random,1,1,4006,34.239999999999995,20030,99.37053153684798
random,1,1,4007,34.239999999999995,20035,99.37069928836088
random,1,1,4008,34.239999999999995,20040,99.37086695048701
random,1,1,4009,34.25,20045,99.37085083010952
random,1,1,4010,34.27,20050,99.37065107404354
random,1,1,4011,34.300000000000004,20055,99.37026782894786
random,1,1,4012,34.33,20060,99.36988478784775
random,1,1,4013,34.33,20065,99.37005244363868
random,1,1,4014,34.33,20070,99.37022001023644
random,1,1,4015,34.33,20075,99.3703874877122
random,1,1,4016,34.33,20080,99.370554876137
random,1,1,4017,34.33,20085,99.37072217558189
random,1,1,4018,34.33,20090,99.3708893861178
random,1,1,4019,34.33,20095,99.37105650781554
random,1,1,4020,34.33,20100,99.37122354074592
random,1,1,4021,34.33,20105,99.37139048497966
random,1,1,4022,34.33,20110,99.37155734058737
random,1,1,4023,34.33,20115,99.37172410763961
random,1,1,4024,34.33,20120,99.37189078620685
random,1,1,4025,34.339999999999996,20125,99.3718744626911
random,1,1,4026,34.339999999999996,20130,99.37204101299989
random,1,1,4027,34.339999999999996,20135,99.37220747500895
random,1,1,4028,34.339999999999996,20140,99.37237384878853
random,1,1,4029,34.339999999999996,20145,99.37254013440871
random,1,1,4030,34.35,20150,99.37252366051612
random,1,1,4031,34.35,20155,99.37268981839964
random,1,1,4032,34.35,20160,99.3728558883081
random,1,1,4033,34.35,20165,99.37302187031135
random,1,1,4034,34.35,20170,99.37318776447917
random,1,1,4035,34.35,20175,99.37335242768924
random,1,1,4036,34.35,20180,99.37351814699981
random,1,1,4037,34.35,20185,99.37368377868336
random,1,1,4038,34.35,20190,99.37384932280938
random,1,1,4039,34.35,20195,99.37401477944728
random,1,1,4040,34.35,20200,99.37418014866638
random,1,1,4041,34.35,20205,99.37434543053595
random,1,1,4042,34.36,20210,99.37432853214851
random,1,1,4043,34.39,20215,99.37394755286128
random,1,1,4044,34.43,20220,99.37338477778182
random,1,1,4045,34.48,20225,99.3726403507974
random,1,1,4046,34.56,20230,99.37135061391542
random,1,1,4047,34.61,20235,99.37060711590394
random,1,1,4048,34.65,20240,99.37004581484983
random,1,1,4049,34.699999999999996,20245,99.36930305260958
random,1,1,4050,34.77,20250,99.3681972634601
random,1,1,4051,34.83,20255,99.3672737181525
random,1,1,4052,34.89,20260,99.36635065925684
random,1,1,4053,34.93,20265,99.36579121766997
random,1,1,4054,34.94,20270,99.36577662413099
random,1,1,4055,34.949999999999996,20275,99.36576203827204
random,1,1,4056,34.949999999999996,20280,99.36592888243831
random,1,1,4057,34.949999999999996,20285,99.36609563884682
random,1,1,4058,34.97,20290,99.36589965366552
random,1,1,4059,34.98,20295,99.36588505080351
random,1,1,4060,34.98,20300,99.36605168726666
random,1,1,4061,34.99,20305,99.36603705213571
random,1,1,4062,34.99,20310,99.36620356114261
random,1,1,4063,34.99,20315,99.36636998270602
random,1,1,4064,35.010000000000005,20320,99.36617423419509
random,1,1,4065,35.010000000000005,20325,99.36634057610338
random,1,1,4066,35.010000000000005,20330,99.36650683072469
random,1,1,4067,35.010000000000005,20335,99.3666729981277
random,1,1,4068,35.010000000000005,20340,99.36683907838102
random,1,1,4069,35.02,20345,99.36682426751766
random,1,1,4070,35.02,20350,99.36699022106538
random,1,1,4071,35.04,20355,99.36679466907611
random,1,1,4072,35.04,20360,99.36696054343113
random,1,1,4073,35.04,20365,99.36712633090407
random,1,1,4074,35.04,20370,99.36729203156317
random,1,1,4075,35.04,20375,99.36745764547662
random,1,1,4076,35.04,20380,99.3676231727125
random,1,1,4077,35.04,20385,99.36778861333887
random,1,1,4078,35.04,20390,99.36795396742365
random,1,1,4079,35.04,20395,99.36811923503475
random,1,1,4080,35.04,20400,99.36828441623999
random,1,1,4081,35.05,20405,99.36826927409544
random,1,1,4082,35.05,20410,99.3684343297836
random,1,1,4083,35.05,20415,99.3685992992443
random,1,1,4084,35.06,20420,99.36858408673415
random,1,1,4085,35.06,20425,99.3687489309603
random,1,1,4086,35.06,20430,99.36891368913689
random,1,1,4087,35.06,20435,99.3690783613313
random,1,1,4088,35.06,20440,99.36924294761083
random,1,1,4089,35.06,20445,99.36940744804267
random,1,1,4090,35.07,20450,99.36939204862173
random,1,1,4091,35.07,20455,99.36955642443036
random,1,1,4092,35.07,20460,99.36972071456813
random,1,1,4093,35.07,20465,99.36988491910199
random,1,1,4094,35.07,20470,99.37004903809883
random,1,1,4095,35.07,20475,99.37021307162547
random,1,1,4096,35.07,20480,99.37037701974866
random,1,1,4097,35.07,20485,99.37054088253507
random,1,1,4098,35.07,20490,99.37070466005132
random,1,1,4099,35.07,20495,99.37086835236396
random,1,1,4100,35.07,20500,99.37103195953944
random,1,1,4101,35.07,20505,99.37119548164418
random,1,1,4102,35.08,20510,99.37117966551348
random,1,1,4103,35.13,20515,99.37044703099379
random,1,1,4104,35.160000000000004,20520,99.37007309731976
random,1,1,4105,35.17,20525,99.37005758501178
random,1,1,4106,35.17,20530,99.37022114781986
random,1,1,4107,35.17,20535,99.37038462571273
random,1,1,4108,35.17,20540,99.3705480187565
random,1,1,4109,35.17,20545,99.37071132701718
random,1,1,4110,35.18,20550,99.37069566928429
random,1,1,4111,35.21,20555,99.37032234989046
random,1,1,4112,35.21,20560,99.37048558964456
random,1,1,4113,35.22,20565,99.37047000259176
random,1,1,4114,35.23,20570,99.37045442361645
random,1,1,4115,35.23,20575,99.37061750230012
random,1,1,4116,35.23,20580,99.37078049651723
random,1,1,4117,35.25,20585,99.37058629217294
random,1,1,4118,35.29,20590,99.3700351666399
random,1,1,4119,35.36,20595,99.36894893233512
random,1,1,4120,35.38,20600,99.36875535255496
random,1,1,4121,35.38,20605,99.36891861761427
random,1,1,4122,35.38,20610,99.3690817982417
random,1,1,4123,35.38,20615,99.36924489450273
random,1,1,4124,35.42,20620,99.36869497023491
random,1,1,4125,35.42,20625,99.36885808216249
random,1,1,4126,35.449999999999996,20630,99.36848668388706
random,1,1,4127,35.449999999999996,20635,99.36864976535855
random,1,1,4128,35.449999999999996,20640,99.36881276262375
random,1,1,4129,35.449999999999996,20645,99.36897567574783
random,1,1,4130,35.449999999999996,20650,99.36913850479597
random,1,1,4131,35.449999999999996,20655,99.36930124983321
random,1,1,4132,35.449999999999996,20660,99.36946391092455
random,1,1,4133,35.5,20665,99.3687373858615
random,1,1,4134,35.5,20670,99.36890010844252
random,1,1,4135,35.510000000000005,20675,99.3688850183505
random,1,1,4136,35.510000000000005,20680,99.36904761904762
random,1,1,4137,35.510000000000005,20685,99.3692101359813
random,1,1,4138,35.53,20690,99.36901738620824
random,1,1,4139,35.53,20695,99.36917982724796
random,1,1,4140,35.53,20700,99.3693421846711
random,1,1,4141,35.53,20705,99.36950445854221
random,1,1,4142,35.53,20710,99.36966664892579
random,1,1,4143,35.53,20715,99.36982875588623
random,1,1,4144,35.53,20720,99.3699907794879
random,1,1,4145,35.53,20725,99.37015271979507
random,1,1,4146,35.53,20730,99.37031457687195
random,1,1,4147,35.53,20735,99.3704763507827
random,1,1,4148,35.53,20740,99.37063804159139
random,1,1,4149,35.55,20745,99.3704454695981
random,1,1,4150,35.55,20750,99.37060708531772
random,1,1,4151,35.55,20755,99.37076861808045
random,1,1,4152,35.58,20760,99.37039920724801
random,1,1,4153,35.58,20765,99.37056071046322
random,1,1,4154,35.589999999999996,20770,99.37054526803558
random,1,1,4155,35.63,20775,99.36999938113888
random,1,1,4156,35.63,20780,99.37016086264805
random,1,1,4157,35.64,20785,99.37014553455451
random,1,1,4158,35.64,20790,99.37030689588155
random,1,1,4159,35.64,20795,99.370468174552
random,1,1,4160,35.64,20800,99.37062937062937
random,1,1,4161,35.64,20805,99.37079048417708
random,1,1,4162,35.64,20810,99.37095151525848
random,1,1,4163,35.64,20815,99.3711124639369
random,1,1,4164,35.64,20820,99.37127333027556
random,1,1,4165,35.64,20825,99.37143411433762
random,1,1,4166,35.64,20830,99.37159481618619
random,1,1,4167,35.64,20835,99.37175543588432
random,1,1,4168,35.65,20840,99.371739743409
random,1,1,4169,35.65,20845,99.37190024401632
random,1,1,4170,35.65,20850,99.37206066263893
random,1,1,4171,35.65,20855,99.37222099933965
random,1,1,4172,35.65,20860,99.37238125418119
random,1,1,4173,35.65,20865,99.37254142722625
random,1,1,4174,35.65,20870,99.37270151853743
random,1,1,4175,35.67,20875,99.37250969733752
random,1,1,4176,35.709999999999994,20880,99.37196623285261
random,1,1,4177,35.78,20885,99.37089556831269
random,1,1,4178,35.85,20890,99.36982544955967
random,1,1,4179,35.870000000000005,20895,99.36963455674959
random,1,1,4180,35.9,20900,99.36926806985488
random,1,1,4181,35.9,20905,99.36942870943662
random,1,1,4182,35.91,20910,99.36941366533794
random,1,1,4183,35.91,20915,99.36957418607305
random,1,1,4184,35.91,20920,99.36973462510531
random,1,1,4185,35.91,20925,99.36989498249709
random,1,1,4186,35.92,20930,99.36987983510218
random,1,1,4187,35.93,20935,99.36986469541121
random,1,1,4188,35.949999999999996,20940,99.36967422940702
random,1,1,4189,35.96,20945,99.3696591496709
random,1,1,4190,35.99,20950,99.36929358778893
random,1,1,4191,35.99,20955,99.3694538127984
random,1,1,4192,36.0,20960,99.36943880053248
random,1,1,4193,36.01,20965,99.36942379589013
random,1,1,4194,36.01,20970,99.36958386582869
random,1,1,4195,36.01,20975,99.36974385452126
random,1,1,4196,36.01,20980,99.36990376202974
random,1,1,4197,36.02,20985,99.36988865467204
random,1,1,4198,36.02,20990,99.37004844435894
random,1,1,4199,36.02,20995,99.3702081530244
random,1,1,4200,36.02,21000,99.37036778072996
random,1,1,4201,36.04,21005,99.3701778146708
random,1,1,4202,36.059999999999995,21010,99.36998794486084
random,1,1,4203,36.08,21015,99.36979817122695
random,1,1,4204,36.08,21020,99.36995774106799
random,1,1,4205,36.08,21025,99.37011723012195
random,1,1,4206,36.08,21030,99.37027663845012
random,1,1,4207,36.09,21035,99.3702614749736
random,1,1,4208,36.09,21040,99.37042076617124
random,1,1,4209,36.1,21045,99.37040557391632
random,1,1,4210,36.1,21050,99.37056474813872
random,1,1,4211,36.1,21055,99.37072384189655
random,1,1,4212,36.1,21060,99.37088285525077
random,1,1,4213,36.11,21065,99.3708675616109
random,1,1,4214,36.11,21070,99.37102536277955
random,1,1,4215,36.11,21075,99.37118308480757
random,1,1,4216,36.13,21080,99.3709925365209
random,1,1,4217,36.14,21085,99.3709761357327
random,1,1,4218,36.17,21090,99.37061063123386
random,1,1,4219,36.18,21095,99.37059323935723
random,1,1,4220,36.19,21100,99.37057585613162
random,1,1,4221,36.19,21105,99.37073236042309
random,1,1,4222,36.21,21110,99.37054330404791
random,1,1,4223,36.21,21115,99.37070192543314
random,1,1,4224,36.21,21120,99.37086046689416
random,1,1,4225,36.22,21125,99.37084522479863
random,1,1,4226,36.26,21130,99.37030901052032
random,1,1,4227,36.26,21135,99.37046753115978
random,1,1,4228,36.26,21140,99.37062597200622
random,1,1,4229,36.26,21145,99.37078433311989
random,1,1,4230,36.26,21150,99.37094261456096
random,1,1,4231,36.26,21155,99.37110081638953
random,1,1,4232,36.26,21160,99.37125893866566
random,1,1,4233,36.26,21165,99.37141698144934
random,1,1,4234,36.26,21170,99.3715749448005
random,1,1,4235,36.26,21175,99.371732828779
random,1,1,4236,36.26,21180,99.37189063344466
random,1,1,4237,36.26,21185,99.37204835885723
random,1,1,4238,36.26,21190,99.37220600507636
random,1,1,4239,36.27,21195,99.37219047882809
random,1,1,4240,36.309999999999995,21200,99.37165581066957
random,1,1,4241,36.33,21205,99.37146742374307
random,1,1,4242,36.370000000000005,21210,99.37093320511002
random,1,1,4243,36.370000000000005,21215,99.37109093329967
random,1,1,4244,36.370000000000005,21220,99.37124858241363
random,1,1,4245,36.370000000000005,21225,99.37140615251136
random,1,1,4246,36.39,21230,99.37121806413265
random,1,1,4247,36.39,21235,99.37137556293759
random,1,1,4248,36.39,21240,99.37153298286093
random,1,1,4249,36.4,21245,99.3715176639795
random,1,1,4250,36.4,21250,99.37167496953315
random,1,1,4251,36.4,21255,99.37183219636111
random,1,1,4252,36.4,21260,99.3719893445225
random,1,1,4253,36.4,21265,99.37214641407634
random,1,1,4254,36.4,21270,99.37230340508158
random,1,1,4255,36.449999999999996,21275,99.37159831253891
random,1,1,4256,36.47,21280,99.37141064620434
random,1,1,4257,36.51,21285,99.37087844392788
random,1,1,4258,36.55,21290,99.37034650753344
random,1,1,4259,36.59,21295,99.36981483682182
random,1,1,4260,36.64,21300,99.36911124579866
random,1,1,4261,36.7,21305,99.36823586320155
random,1,1,4262,36.74,21310,99.36770402903674
random,1,1,4263,36.75,21315,99.36768971889292
random,1,1,4264,36.8,21320,99.36698626979458
random,1,1,4265,36.8,21325,99.36714302911486
random,1,1,4266,36.8,21330,99.36730079861081
random,1,1,4267,36.84,21335,99.36677094434322
random,1,1,4268,36.86,21340,99.36658504102762
random,1,1,4269,36.86,21345,99.3667428316182
random,1,1,4270,36.86,21350,99.36690054361361
random,1,1,4271,36.86,21355,99.3670581770726
random,1,1,4272,36.86,21360,99.36721573205381
random,1,1,4273,36.86,21365,99.3673732086158
random,1,1,4274,36.86,21370,99.36753060681714
random,1,1,4275,36.86,21375,99.3676879267163
random,1,1,4276,36.86,21380,99.36784516837169
random,1,1,4277,36.86,21385,99.36800233184164
random,1,1,4278,36.86,21390,99.36815941718449
random,1,1,4279,36.86,21395,99.36831642445846
random,1,1,4280,36.86,21400,99.36847335372174
random,1,1,4281,36.89,21405,99.36811633921995
random,1,1,4282,36.93,21410,99.36758825594438
random,1,1,4283,36.93,21415,99.36774524910118
random,1,1,4284,36.93,21420,99.36790216433174
random,1,1,4285,36.97,21425,99.36737452728485
random,1,1,4286,36.99,21430,99.36718930431881
random,1,1,4287,37.03,21435,99.36666210576726
random,1,1,4288,37.03,21440,99.36681913392896
random,1,1,4289,37.03,21445,99.36697608424365
random,1,1,4290,37.03,21450,99.36713295676918
random,1,1,4291,37.05,21455,99.36694802310085
random,1,1,4292,37.05,21460,99.36710482486484
random,1,1,4293,37.05,21465,99.36726154897106
random,1,1,4294,37.05,21470,99.36741819547717
random,1,1,4295,37.05,21475,99.3675747644408
random,1,1,4296,37.05,21480,99.36773125591952
random,1,1,4297,37.05,21485,99.36788766997083
random,1,1,4298,37.05,21490,99.36804400665217
random,1,1,4299,37.05,21495,99.36820026602095
random,1,1,4300,37.05,21500,99.36835644813448
random,1,1,4301,37.08,21505,99.36800122718208
random,1,1,4302,37.12,21510,99.36747578192228
random,1,1,4303,37.16,21515,99.36695059625214
random,1,1,4304,37.2,21520,99.36642566997931
random,1,1,4305,37.24,21525,99.36590100291168
random,1,1,4306,37.24,21530,99.36605752125767
random,1,1,4307,37.24,21535,99.36621396235407
random,1,1,4308,37.24,21540,99.36637032625802
random,1,1,4309,37.26,21545,99.36618640175548
random,1,1,4310,37.31,21550,99.36549237689515
random,1,1,4311,37.31,21555,99.3656488030468
random,1,1,4312,37.31,21560,99.36580515208948
random,1,1,4313,37.35,21565,99.36528167218965
random,1,1,4314,37.36,21570,99.3652681385333
random,1,1,4315,37.36,21575,99.36542446580833
random,1,1,4316,37.36,21580,99.36558071609906
random,1,1,4317,37.36,21585,99.36573688946234
random,1,1,4318,37.36,21590,99.36589298595494
random,1,1,4319,37.36,21595,99.36604900563361
random,1,1,4320,37.36,21600,99.36620494855505
random,1,1,4321,37.38,21605,99.36602160750326
random,1,1,4322,37.38,21610,99.36617748047918
random,1,1,4323,37.38,21615,99.36633327682658
random,1,1,4324,37.41,21620,99.36598056080469
random,1,1,4325,37.45,21625,99.36545858113489
random,1,1,4326,37.45,21630,99.36561443925906
random,1,1,4327,37.45,21635,99.36577022083728
random,1,1,4328,37.45,21640,99.36592592592592
random,1,1,4329,37.47,21645,99.36574301335546
random,1,1,4330,37.5,21650,99.365390961475
random,1,1,4331,37.55,21655,99.36470070720401
random,1,1,4332,37.55,21660,99.36485652184945
random,1,1,4333,37.55,21665,99.36501226008286
random,1,1,4334,37.55,21670,99.36516792196045
random,1,1,4335,37.55,21675,99.36532350753838
random,1,1,4336,37.55,21680,99.36547901687268
random,1,1,4337,37.55,21685,99.36563445001943
random,1,1,4338,37.55,21690,99.36578980703457
random,1,1,4339,37.55,21695,99.36594508797405
random,1,1,4340,37.55,21700,99.36610029289375
random,1,1,4341,37.55,21705,99.36625435225457
random,1,1,4342,37.55,21710,99.36640299132031
random,1,1,4343,37.55,21715,99.36654621766517
random,1,1,4344,37.55,21720,99.36668937927126
random,1,1,4345,37.55,21725,99.36683781436798
random,1,1,4346,37.55,21730,99.36698617990068
random,1,1,4347,37.56,21735,99.36697127101247
random,1,1,4348,37.580000000000005,21740,99.36678787225223
random,1,1,4349,37.580000000000005,21745,99.36694254136015
random,1,1,4350,37.580000000000005,21750,99.3670971349272
random,1,1,4351,37.580000000000005,21755,99.3672505876252
random,1,1,4352,37.580000000000005,21760,99.36740503079649
random,1,1,4353,37.580000000000005,21765,99.3675593985924
random,1,1,4354,37.580000000000005,21770,99.36771369106808
random,1,1,4355,37.580000000000005,21775,99.36786684496926
random,1,1,4356,37.580000000000005,21780,99.36801992469381
random,1,1,4357,37.580000000000005,21785,99.36817293029559
random,1,1,4358,37.580000000000005,21790,99.36832586182842
random,1,1,4359,37.580000000000005,21795,99.3684787193461
random,1,1,4360,37.580000000000005,21800,99.36863150290232
random,1,1,4361,37.580000000000005,21805,99.36878527277614
random,1,1,4362,37.580000000000005,21810,99.36893896776685
random,1,1,4363,37.580000000000005,21815,99.36909258792916
random,1,1,4364,37.580000000000005,21820,99.36924613331767
random,1,1,4365,37.580000000000005,21825,99.36939960398698
random,1,1,4366,37.580000000000005,21830,99.36955194234369
random,1,1,4367,37.580000000000005,21835,99.36970526425249
random,1,1,4368,37.580000000000005,21840,99.36985851160513
random,1,1,4369,37.580000000000005,21845,99.37001168445599
random,1,1,4370,37.580000000000005,21850,99.37016478285936
random,1,1,4371,37.580000000000005,21855,99.37031780686954
random,1,1,4372,37.580000000000005,21860,99.37047075654071
random,1,1,4373,37.580000000000005,21865,99.37062363192703
random,1,1,4374,37.580000000000005,21870,99.37077643308263
random,1,1,4375,37.580000000000005,21875,99.37092916006154
random,1,1,4376,37.580000000000005,21880,99.37108181291777
random,1,1,4377,37.580000000000005,21885,99.37123439170524
random,1,1,4378,37.580000000000005,21890,99.3713868964779
random,1,1,4379,37.6,21895,99.3712048617905
random,1,1,4380,37.63,21900,99.37085572315645
random,1,1,4381,37.66,21905,99.37050675376385
random,1,1,4382,37.7,21910,99.3699908423072
random,1,1,4383,37.76,21915,99.36914103941365
random,1,1,4384,37.76,21920,99.36929382956903
random,1,1,4385,37.8,21925,99.368778586565
random,1,1,4386,37.8,21930,99.36893139048789
random,1,1,4387,37.8,21935,99.36908412044818
random,1,1,4388,37.81,21940,99.36906990792191
random,1,1,4389,37.81,21945,99.36922253048368
random,1,1,4390,37.81,21950,99.36937507922423
random,1,1,4391,37.81,21955,99.36952755419712
random,1,1,4392,37.81,21960,99.36967995545582
random,1,1,4393,37.81,21965,99.36983228305381
random,1,1,4394,37.81,21970,99.36998453704445
random,1,1,4395,37.830000000000005,21975,99.369803544626
random,1,1,4396,37.830000000000005,21980,99.36995573202051
random,1,1,4397,37.830000000000005,21985,99.37010784592869
random,1,1,4398,37.830000000000005,21990,99.37025988640374
random,1,1,4399,37.830000000000005,21995,99.37041185349885
random,1,1,4400,37.830000000000005,22000,99.37056374726711
random,1,1,4401,37.830000000000005,22005,99.37071556776161
random,1,1,4402,37.84,22010,99.37070100980534
random,1,1,4403,37.85,22015,99.37068645886849
random,1,1,4404,37.85,22020,99.37083814000805
random,1,1,4405,37.85,22025,99.37098974804691
random,1,1,4406,37.85,22030,99.37114128303793
random,1,1,4407,37.85,22035,99.37129274503388
random,1,1,4408,37.85,22040,99.37144309027472
random,1,1,4409,37.87,22045,99.37126131256466
random,1,1,4410,37.87,22050,99.3714126368136
random,1,1,4411,37.87,22055,99.37156388823894
random,1,1,4412,37.87,22060,99.37171506689319
random,1,1,4413,37.9,22065,99.37136857539514
random,1,1,4414,37.9,22070,99.3715197283108
random,1,1,4415,37.9,22075,99.37167080855522
random,1,1,4416,37.9,22080,99.37182181618081
random,1,1,4417,37.9,22085,99.3719727512399
random,1,1,4418,37.9,22090,99.3721236137848
random,1,1,4419,37.91,22095,99.37210877706136
random,1,1,4420,37.93,22100,99.37192836042338
random,1,1,4421,37.93,22105,99.37207912498323
random,1,1,4422,37.93,22110,99.37222981718034
random,1,1,4423,37.93,22115,99.37238043706678
random,1,1,4424,37.96,22120,99.37203470021109
random,1,1,4425,37.96,22125,99.37218529464786
random,1,1,4426,37.980000000000004,22130,99.37200511919998
random,1,1,4427,37.980000000000004,22135,99.3721556485328
random,1,1,4428,37.980000000000004,22140,99.37230610571966
random,1,1,4429,37.980000000000004,22145,99.37245649081238
random,1,1,4430,38.0,22150,99.37227642303283
random,1,1,4431,38.0,22155,99.37242674320859
random,1,1,4432,38.0,22160,99.3725769914076
random,1,1,4433,38.0,22165,99.37272716768159
random,1,1,4434,38.0,22170,99.37287727208215
random,1,1,4435,38.0,22175,99.37302730466088
random,1,1,4436,38.0,22180,99.37317726546932
random,1,1,4437,38.0,22185,99.37332715455896
random,1,1,4438,38.0,22190,99.37347697198123
random,1,1,4439,38.0,22195,99.37362671778752
random,1,1,4440,38.0,22200,99.37377639202917
random,1,1,4441,38.0,22205,99.37392599475746
random,1,1,4442,38.0,22210,99.37407552602363
random,1,1,4443,38.0,22215,99.3742249858789
random,1,1,4444,38.0,22220,99.37437437437437
random,1,1,4445,38.0,22225,99.37452369156117
random,1,1,4446,38.0,22230,99.37467293749033
random,1,1,4447,38.0,22235,99.37482211221284
random,1,1,4448,38.0,22240,99.37497121577967
random,1,1,4449,38.0,22245,99.3751202482417
random,1,1,4450,38.0,22250,99.37526920964979
random,1,1,4451,38.0,22255,99.37541810005473
random,1,1,4452,38.0,22260,99.37556691950729
random,1,1,4453,38.0,22265,99.37571566805816
random,1,1,4454,38.0,22270,99.37586434575802
random,1,1,4455,38.0,22275,99.37601295265745
random,1,1,4456,38.0,22280,99.37616148880703
random,1,1,4457,38.0,22285,99.37630995425725
random,1,1,4458,38.0,22290,99.37645834905862
random,1,1,4459,38.0,22295,99.37660565057762
random,1,1,4460,38.0,22300,99.37674777146324
random,1,1,4461,38.0,22305,99.37688982756245
random,1,1,4462,38.0,22310,99.37703692531656
random,1,1,4463,38.0,22315,99.3771849744236
random,1,1,4464,38.0,22320,99.37733295317871
random,1,1,4465,38.0,22325,99.37748086163202
random,1,1,4466,38.0,22330,99.3776286998336
random,1,1,4467,38.0,22335,99.3777764678335
random,1,1,4468,38.0,22340,99.3779241656817
random,1,1,4469,38.0,22345,99.37807179342818
random,1,1,4470,38.0,22350,99.37821833372331
random,1,1,4471,38.0,22355,99.37836480497832
random,1,1,4472,38.0,22360,99.37851120724198
random,1,1,4473,38.0,22365,99.37865754056303
random,1,1,4474,38.0,22370,99.37879872751823
random,1,1,4475,38.0,22375,99.37893477507632
random,1,1,4476,38.0,22380,99.37907583608255
random,1,1,4477,38.0,22385,99.37921683302567
random,1,1,4478,38.0,22390,99.37935776594928
random,1,1,4479,38.0,22395,99.37950370093385
random,1,1,4480,38.0,22400,99.3796445036503
random,1,1,4481,38.0,22405,99.37978524247949
random,1,1,4482,38.0,22410,99.37992591746487
random,1,1,4483,38.0,22415,99.3800665286499
random,1,1,4484,38.0,22420,99.38020707607795
random,1,1,4485,38.0,22425,99.38034755979238
random,1,1,4486,38.0,22430,99.38048292985926
random,1,1,4487,38.0,22435,99.38061824079281
random,1,1,4488,38.0,22440,99.38075349263178
random,1,1,4489,38.0,22445,99.38088868541487
random,1,1,4490,38.0,22450,99.38102381918077
random,1,1,4491,38.0,22455,99.38115889396809
random,1,1,4492,38.0,22460,99.38129390981545
random,1,1,4493,38.01,22465,99.38127112077666
random,1,1,4494,38.01,22470,99.38141108577734
random,1,1,4495,38.01,22475,99.38155098746832
random,1,1,4496,38.01,22480,99.38169082589253
random,1,1,4497,38.01,22485,99.38183060109289
random,1,1,4498,38.01,22490,99.38197031311228
random,1,1,4499,38.01,22495,99.3821099619935
random,1,1,4500,38.01,22500,99.38224452780143
random,1,1,4501,38.01,22505,99.38237903500989
random,1,1,4502,38.01,22510,99.3825184992649
random,1,1,4503,38.01,22515,99.38265790054962
random,1,1,4504,38.01,22520,99.38279723890668
random,1,1,4505,38.01,22525,99.38293651437866
random,1,1,4506,38.01,22530,99.38307072044876
random,1,1,4507,38.01,22535,99.38320486815417
random,1,1,4508,38.01,22540,99.38333895753296
random,1,1,4509,38.01,22545,99.3834729886232
random,1,1,4510,38.01,22550,99.38360696146287
random,1,1,4511,38.01,22555,99.38374087608992
random,1,1,4512,38.01,22560,99.38387473254231
random,1,1,4513,38.01,22565,99.38401352220777
random,1,1,4514,38.01,22570,99.3841522493592
random,1,1,4515,38.01,22575,99.38429590081348
random,1,1,4516,38.01,22580,99.38443948526768
random,1,1,4517,38.01,22585,99.3845780206436
random,1,1,4518,38.01,22590,99.38471649367719
random,1,1,4519,38.01,22595,99.38485490441056
random,1,1,4520,38.01,22600,99.38499325288572
random,1,1,4521,38.01,22605,99.38513651231183
random,1,1,4522,38.01,22610,99.38527970501188
random,1,1,4523,38.01,22615,99.38542283103251
random,1,1,4524,38.01,22620,99.38556688365536
random,1,1,4525,38.01,22625,99.38571086876418
random,1,1,4526,38.01,22630,99.3858547864064
random,1,1,4527,38.01,22635,99.38599863662944
random,1,1,4528,38.01,22640,99.38614241948065
random,1,1,4529,38.01,22645,99.38628613500737
random,1,1,4530,38.01,22650,99.38642978325684
random,1,1,4531,38.01,22655,99.38657336427633
random,1,1,4532,38.01,22660,99.386716878113
random,1,1,4533,38.01,22665,99.38686032481401
random,1,1,4534,38.01,22670,99.38700370442645
random,1,1,4535,38.01,22675,99.38714701699736
random,1,1,4536,38.01,22680,99.38729026257377
random,1,1,4537,38.01,22685,99.38743245399297
random,1,1,4538,38.01,22690,99.38757457943082
random,1,1,4539,38.01,22695,99.38771663893323
random,1,1,4540,38.01,22700,99.38785863254608
random,1,1,4541,38.01,22705,99.38800154569459
random,1,1,4542,38.01,22710,99.38814439212845
random,1,1,4543,38.01,22715,99.38828717189436
random,1,1,4544,38.01,22720,99.38842890103842
random,1,1,4545,38.01,22725,99.38857056452261
random,1,1,4546,38.01,22730,99.38871216239254
random,1,1,4547,38.01,22735,99.38885467732781
random,1,1,4548,38.01,22740,99.38899712582705
random,1,1,4549,38.01,22745,99.38913950793669
random,1,1,4550,38.01,22750,99.38928182370313
random,1,1,4551,38.03,22755,99.38910280196683
random,1,1,4552,38.07,22760,99.38860266721484
random,1,1,4553,38.09,22765,99.38842388695235
random,1,1,4554,38.12,22770,99.38808466648045
random,1,1,4555,38.16,22775,99.3875851178048
random,1,1,4556,38.18,22780,99.38740669905593
random,1,1,4557,38.22,22785,99.38690754045977
random,1,1,4558,38.279999999999994,22790,99.38608786577328
random,1,1,4559,38.35,22795,99.3851082353809
random,1,1,4560,38.35,22800,99.38525115736287
random,1,1,4561,38.39,22805,99.3847529636509
random,1,1,4562,38.4,22810,99.38473567667859
random,1,1,4563,38.440000000000005,22815,99.38423783413187
random,1,1,4564,38.47,22820,99.38390037347136
random,1,1,4565,38.47,22825,99.38404340996898
random,1,1,4566,38.47,22830,99.38418638006603
random,1,1,4567,38.47,22835,99.38432928380868
random,1,1,4568,38.51,22840,99.38383211305106
random,1,1,4569,38.51,22845,99.38397503267284
random,1,1,4570,38.54,22850,99.38363810248816
random,1,1,4571,38.57,22855,99.38330132853235
random,1,1,4572,38.57,22860,99.38344427180245
random,1,1,4573,38.57,22865,99.38358714882287
random,1,1,4574,38.57,22870,99.38372995963967
random,1,1,4575,38.57,22875,99.38387270429884
random,1,1,4576,38.57,22880,99.38401439908266
random,1,1,4577,38.57,22885,99.38415602870852
random,1,1,4578,38.57,22890,99.38429857608071
random,1,1,4579,38.57,22895,99.38444105747823
random,1,1,4580,38.57,22900,99.38458347294689
random,1,1,4581,38.57,22905,99.3847258225324
random,1,1,4582,38.57,22910,99.38486810628049
random,1,1,4583,38.59,22915,99.38469142889032
random,1,1,4584,38.59,22920,99.38483267416855
random,1,1,4585,38.59,22925,99.38497385461541
random,1,1,4586,38.59,22930,99.38511497027551
random,1,1,4587,38.59,22935,99.38525602119346
random,1,1,4588,38.59,22940,99.38539700741377
random,1,1,4589,38.59,22945,99.38553890737704
random,1,1,4590,38.59,22950,99.3856807418315
random,1,1,4591,38.59,22955,99.3858215333294
random,1,1,4592,38.59,22960,99.3859632373533
random,1,1,4593,38.61,22965,99.38578671320329
random,1,1,4594,38.62,22970,99.38576931518527
random,1,1,4595,38.62,22975,99.38591093323411
random,1,1,4596,38.62,22980,99.38605248599463
random,1,1,4597,38.62,22985,99.38619397351194
random,1,1,4598,38.62,22990,99.38633539583115
random,1,1,4599,38.62,22995,99.38647577834332
random,1,1,4600,38.62,23000,99.38661707085033
random,1,1,4601,38.62,23005,99.38675829829397
random,1,1,4602,38.62,23010,99.38689946071918
random,1,1,4603,38.62,23015,99.38704055817084
random,1,1,4604,38.64,23020,99.38686423263616
random,1,1,4605,38.64,23025,99.38700527327762
random,1,1,4606,38.64,23030,99.38714624904638
random,1,1,4607,38.64,23035,99.3872871599872
random,1,1,4608,38.64,23040,99.38742703501369
random,1,1,4609,38.65,23045,99.38740834899814
random,1,1,4610,38.65,23050,99.38754910303278
random,1,1,4611,38.65,23055,99.3876897924007
random,1,1,4612,38.65,23060,99.38783041714645
random,1,1,4613,38.66,23065,99.3878126256916
random,1,1,4614,38.66,23070,99.38795315767727
random,1,1,4615,38.66,23075,99.3880936251575
random,1,1,4616,38.66,23080,99.38823402817668
random,1,1,4617,38.66,23085,99.3883743667792
random,1,1,4618,38.68,23090,99.38819830093747
random,1,1,4619,38.68,23095,99.38833858337445
random,1,1,4620,38.68,23100,99.38847880149434
random,1,1,4621,38.68,23105,99.38861798898311
random,1,1,4622,38.68,23110,99.38875711312576
random,1,1,4623,38.7,23115,99.388580194738
random,1,1,4624,38.7,23120,99.38871926418858
random,1,1,4625,38.71,23125,99.38870035263035
random,1,1,4626,38.71,23130,99.38883933152822
random,1,1,4627,38.71,23135,99.38897824724677
random,1,1,4628,38.71,23140,99.3891170998291
random,1,1,4629,38.71,23145,99.3892558893182
random,1,1,4630,38.71,23150,99.38939557891483
random,1,1,4631,38.71,23155,99.38953520462634
random,1,1,4632,38.71,23160,99.3896747664966
random,1,1,4633,38.71,23165,99.38981426456934
random,1,1,4634,38.71,23170,99.38995369888833
random,1,1,4635,38.71,23175,99.39009306949724
random,1,1,4636,38.71,23180,99.39023237643974
random,1,1,4637,38.71,23185,99.39037161975945
random,1,1,4638,38.71,23190,99.39051079949994
random,1,1,4639,38.71,23195,99.39064895650012
random,1,1,4640,38.71,23200,99.39078705088053
random,1,1,4641,38.71,23205,99.39092508268376
random,1,1,4642,38.71,23210,99.39106209404795
random,1,1,4643,38.71,23215,99.3911990437846
random,1,1,4644,38.72,23220,99.39118060960557
random,1,1,4645,38.72,23225,99.39131842755164
random,1,1,4646,38.72,23230,99.39145713953423
random,1,1,4647,38.72,23235,99.39159578830927
random,1,1,4648,38.72,23240,99.39173341837336
random,1,1,4649,38.72,23245,99.39187098618359
random,1,1,4650,38.72,23250,99.39200371832436
random,1,1,4651,38.72,23255,99.39214116391152
random,1,1,4652,38.72,23260,99.39227759353227
random,1,1,4653,38.72,23265,99.39241396192544
random,1,1,4654,38.72,23270,99.39255122211415
random,1,1,4655,38.72,23275,99.39268842029976
random,1,1,4656,38.72,23280,99.3928255565243
random,1,1,4657,38.72,23285,99.39296263082971
random,1,1,4658,38.72,23290,99.39309964325795
random,1,1,4659,38.72,23295,99.39323659385087
random,1,1,4660,38.72,23300,99.39337348265036
random,1,1,4661,38.72,23305,99.3935103096982
random,1,1,4662,38.73,23310,99.39349047562374
random,1,1,4663,38.73,23315,99.39362816395993
random,1,1,4664,38.73,23320,99.39376484086523
random,1,1,4665,38.73,23325,99.39390145617014
random,1,1,4666,38.73,23330,99.39403895799109
random,1,1,4667,38.73,23335,99.3941763974378
random,1,1,4668,38.73,23340,99.39431377455273
random,1,1,4669,38.73,23345,99.39445108937826
random,1,1,4670,38.73,23350,99.39458834195676
random,1,1,4671,38.73,23355,99.39472458640294
random,1,1,4672,38.73,23360,99.39486076954086
random,1,1,4673,38.73,23365,99.39499689141186
random,1,1,4674,38.73,23370,99.39513389670893
random,1,1,4675,38.73,23375,99.39527083996927
random,1,1,4676,38.73,23380,99.39540772123505
random,1,1,4677,38.73,23385,99.3955445405483
random,1,1,4678,38.73,23390,99.39568129795113
random,1,1,4679,38.73,23395,99.39581799348551
random,1,1,4680,38.73,23400,99.39595462719343
random,1,1,4681,38.73,23405,99.39609119911682
random,1,1,4682,38.73,23410,99.39622770929759
random,1,1,4683,38.73,23415,99.3963641577776
random,1,1,4684,38.73,23420,99.39650054459865
random,1,1,4685,38.73,23425,99.39663686980256
random,1,1,4686,38.73,23430,99.39677313343104
random,1,1,4687,38.73,23435,99.39690933552583
random,1,1,4688,38.73,23440,99.39704547612858
random,1,1,4689,38.73,23445,99.39718155528092
random,1,1,4690,38.74,23450,99.39716196176008
random,1,1,4691,38.74,23455,99.39729795324003
random,1,1,4692,38.74,23460,99.39743388337841
random,1,1,4693,38.74,23465,99.39756975221674
random,1,1,4694,38.74,23470,99.39770555979646
random,1,1,4695,38.74,23475,99.397841306159
random,1,1,4696,38.74,23480,99.39797699134573
random,1,1,4697,38.74,23485,99.398112615398
random,1,1,4698,38.74,23490,99.39824817835714
random,1,1,4699,38.74,23495,99.39838368026437
random,1,1,4700,38.74,23500,99.39851912116097
random,1,1,4701,38.76,23505,99.39834404910108
random,1,1,4702,38.76,23510,99.39847943796003
random,1,1,4703,38.76,23515,99.3986147659004
random,1,1,4704,38.79,23520,99.39828466921169
random,1,1,4705,38.79,23525,99.3984199800869
random,1,1,4706,38.79,23530,99.39855523011968
random,1,1,4707,38.79,23535,99.39869041935104
random,1,1,4708,38.79,23540,99.39882554782197
random,1,1,4709,38.79,23545,99.39895968427952
random,1,1,4710,38.79,23550,99.3990937608923
random,1,1,4711,38.79,23555,99.39922312534073
random,1,1,4712,38.79,23560,99.39935243410142
random,1,1,4713,38.79,23565,99.39948633556624
random,1,1,4714,38.79,23570,99.39962017734344
random,1,1,4715,38.79,23575,99.39975488830706
random,1,1,4716,38.79,23580,99.39988953883237
random,1,1,4717,38.79,23585,99.40002412896001
random,1,1,4718,38.79,23590,99.40015865873065
random,1,1,4719,38.79,23595,99.40029312818484
random,1,1,4720,38.79,23600,99.40042753736314
random,1,1,4721,38.79,23605,99.40056188630611
random,1,1,4722,38.79,23610,99.4006961750542
random,1,1,4723,38.81,23615,99.40052147371932
random,1,1,4724,38.86,23620,99.39988355949662
random,1,1,4725,38.86,23625,99.40001790991315
random,1,1,4726,38.86,23630,99.400152200188
random,1,1,4727,38.86,23635,99.40028643036162
random,1,1,4728,38.86,23640,99.40042060047429
random,1,1,4729,38.86,23645,99.40055471056635
random,1,1,4730,38.86,23650,99.40068876067802
random,1,1,4731,38.89,23655,99.40036018477973
random,1,1,4732,38.92,23660,99.40003175577039
random,1,1,4733,38.92,23665,99.40016583287868
random,1,1,4734,38.940000000000005,23670,99.39999167939155
random,1,1,4735,38.940000000000005,23675,99.40012570555324
random,1,1,4736,38.940000000000005,23680,99.4002596718524
random,1,1,4737,38.97,23685,99.39993163193344
random,1,1,4738,39.01,23690,99.39944979070802
random,1,1,4739,39.07,23695,99.39866033774757
random,1,1,4740,39.1,23700,99.3983328742608
random,1,1,4741,39.11,23705,99.39831324633927
random,1,1,4742,39.11,23710,99.39844743759527
random,1,1,4743,39.11,23715,99.39858156900857
random,1,1,4744,39.11,23720,99.3987156406192
random,1,1,4745,39.11,23725,99.39884965246716
random,1,1,4746,39.11,23730,99.39898360459237
random,1,1,4747,39.12,23735,99.39896385793915
random,1,1,4748,39.12,23740,99.39909772495818
random,1,1,4749,39.12,23745,99.39923153235888
random,1,1,4750,39.12,23750,99.39936528018106
random,1,1,4751,39.12,23755,99.39949896846448
random,1,1,4752,39.12,23760,99.39963259724894
random,1,1,4753,39.12,23765,99.3997661665741
random,1,1,4754,39.12,23770,99.39989967647965
random,1,1,4755,39.12,23775,99.40003312700526
random,1,1,4756,39.12,23780,99.4001665181905
random,1,1,4757,39.12,23785,99.40029985007496
random,1,1,4758,39.12,23790,99.40043312269817
random,1,1,4759,39.12,23795,99.40056633609964
random,1,1,4760,39.12,23800,99.40069949031881
random,1,1,4761,39.12,23805,99.40083258539514
random,1,1,4762,39.12,23810,99.40096562136802
random,1,1,4763,39.12,23815,99.40109859827679
random,1,1,4764,39.12,23820,99.40123151616078
random,1,1,4765,39.12,23825,99.4013643750593
random,1,1,4766,39.12,23830,99.40149717501158
random,1,1,4767,39.12,23835,99.40162991605688
random,1,1,4768,39.12,23840,99.40176259823434
random,1,1,4769,39.12,23845,99.40189522158315
random,1,1,4770,39.12,23850,99.40202778614238
random,1,1,4771,39.12,23855,99.40216029195116
random,1,1,4772,39.12,23860,99.40229273904852
random,1,1,4773,39.12,23865,99.40242512747346
random,1,1,4774,39.129999999999995,23870,99.4024047367786
random,1,1,4775,39.15,23875,99.40223166843784
random,1,1,4776,39.160000000000004,23880,99.40221132959131
random,1,1,4777,39.160000000000004,23885,99.40234361884296
random,1,1,4778,39.160000000000004,23890,99.40247584955696
random,1,1,4779,39.160000000000004,23895,99.40260802177217
random,1,1,4780,39.160000000000004,23900,99.40274013552735
random,1,1,4781,39.160000000000004,23905,99.40287219086133
random,1,1,4782,39.160000000000004,23910,99.4030041878128
random,1,1,4783,39.17,23915,99.40298370970102
random,1,1,4784,39.190000000000005,23920,99.40281085759652
random,1,1,4785,39.190000000000005,23925,99.40294278061994
random,1,1,4786,39.190000000000005,23930,99.40307464537089
random,1,1,4787,39.190000000000005,23935,99.403206451888
random,1,1,4788,39.190000000000005,23940,99.4033382002098
random,1,1,4789,39.190000000000005,23945,99.40346989037484
random,1,1,4790,39.190000000000005,23950,99.40360152242162
random,1,1,4791,39.190000000000005,23955,99.40373309638862
random,1,1,4792,39.190000000000005,23960,99.40386461231425
random,1,1,4793,39.190000000000005,23965,99.40399607023691
random,1,1,4794,39.190000000000005,23970,99.40412747019496
random,1,1,4795,39.190000000000005,23975,99.40425881222676
random,1,1,4796,39.190000000000005,23980,99.40439009637056
random,1,1,4797,39.190000000000005,23985,99.40452132266465
random,1,1,4798,39.190000000000005,23990,99.40465249114726
random,1,1,4799,39.190000000000005,23995,99.40478360185658
random,1,1,4800,39.190000000000005,24000,99.40491465483076
random,1,1,4801,39.190000000000005,24005,99.40504565010794
random,1,1,4802,39.190000000000005,24010,99.4051765877262
random,1,1,4803,39.190000000000005,24015,99.40530746772363
random,1,1,4804,39.190000000000005,24020,99.40543829013822
random,1,1,4805,39.190000000000005,24025,99.40556905500799
random,1,1,4806,39.190000000000005,24030,99.40569976237089
random,1,1,4807,39.190000000000005,24035,99.40583041226485
random,1,1,4808,39.190000000000005,24040,99.40596100472776
random,1,1,4809,39.190000000000005,24045,99.40609153979747
random,1,1,4810,39.190000000000005,24050,99.40622201751182
random,1,1,4811,39.190000000000005,24055,99.40635243790862
random,1,1,4812,39.190000000000005,24060,99.4064828010256
random,1,1,4813,39.190000000000005,24065,99.4066131069005
random,1,1,4814,39.190000000000005,24070,99.406743355571
random,1,1,4815,39.190000000000005,24075,99.40687354707478
random,1,1,4816,39.190000000000005,24080,99.40700368144945
random,1,1,4817,39.190000000000005,24085,99.40713375873264
random,1,1,4818,39.190000000000005,24090,99.40726377896188
random,1,1,4819,39.190000000000005,24095,99.4073937421747
random,1,1,4820,39.190000000000005,24100,99.4075236484086
random,1,1,4821,39.190000000000005,24105,99.40765349770105
random,1,1,4822,39.190000000000005,24110,99.40778329008948
random,1,1,4823,39.190000000000005,24115,99.40791302561126
random,1,1,4824,39.190000000000005,24120,99.40804270430381
random,1,1,4825,39.190000000000005,24125,99.40817232620442
random,1,1,4826,39.190000000000005,24130,99.40830189135039
random,1,1,4827,39.190000000000005,24135,99.408431399779
random,1,1,4828,39.190000000000005,24140,99.4085608515275
random,1,1,4829,39.190000000000005,24145,99.40869024663304
random,1,1,4830,39.190000000000005,24150,99.40881958513285
random,1,1,4831,39.190000000000005,24155,99.40894886706401
random,1,1,4832,39.190000000000005,24160,99.40907809246367
random,1,1,4833,39.190000000000005,24165,99.40920726136888
random,1,1,4834,39.190000000000005,24170,99.40933637381667
random,1,1,4835,39.190000000000005,24175,99.40946542984406
random,1,1,4836,39.190000000000005,24180,99.40959442948804
random,1,1,4837,39.190000000000005,24185,99.40972337278552
random,1,1,4838,39.190000000000005,24190,99.40985225977343
random,1,1,4839,39.190000000000005,24195,99.40998109048864
random,1,1,4840,39.190000000000005,24200,99.41010986496799
random,1,1,4841,39.190000000000005,24205,99.41023858324832
random,1,1,4842,39.190000000000005,24210,99.41036724536636
random,1,1,4843,39.190000000000005,24215,99.41049585135892
random,1,1,4844,39.190000000000005,24220,99.41062440126267
random,1,1,4845,39.190000000000005,24225,99.41075289511431
random,1,1,4846,39.190000000000005,24230,99.41088133295051
random,1,1,4847,39.190000000000005,24235,99.41100971480786
random,1,1,4848,39.190000000000005,24240,99.41113804072297
random,1,1,4849,39.190000000000005,24245,99.4112663107324
random,1,1,4850,39.190000000000005,24250,99.41139452487268
random,1,1,4851,39.190000000000005,24255,99.41152268318028
random,1,1,4852,39.190000000000005,24260,99.41165078569166
random,1,1,4853,39.190000000000005,24265,99.41177883244328
random,1,1,4854,39.190000000000005,24270,99.41190682347151
random,1,1,4855,39.190000000000005,24275,99.41203475881272
random,1,1,4856,39.190000000000005,24280,99.41216263850328
random,1,1,4857,39.190000000000005,24285,99.41229046257945
random,1,1,4858,39.190000000000005,24290,99.41241823107751
random,1,1,4859,39.190000000000005,24295,99.41254594403372
random,1,1,4860,39.190000000000005,24300,99.41267360148429
random,1,1,4861,39.190000000000005,24305,99.41280120346536
random,1,1,4862,39.190000000000005,24310,99.41292875001311
random,1,1,4863,39.190000000000005,24315,99.41305624116364
random,1,1,4864,39.190000000000005,24320,99.41318367695304
random,1,1,4865,39.190000000000005,24325,99.41331105741737
random,1,1,4866,39.190000000000005,24330,99.41343838259263
random,1,1,4867,39.190000000000005,24335,99.41356565251482
random,1,1,4868,39.190000000000005,24340,99.41369286721992
random,1,1,4869,39.190000000000005,24345,99.4138200267438
random,1,1,4870,39.190000000000005,24350,99.41394713112241
random,1,1,4871,39.190000000000005,24355,99.4140741803916
random,1,1,4872,39.190000000000005,24360,99.41420117458718
random,1,1,4873,39.190000000000005,24365,99.41432811374499
random,1,1,4874,39.190000000000005,24370,99.41445499790076
random,1,1,4875,39.190000000000005,24375,99.41458182709026
random,1,1,4876,39.190000000000005,24380,99.4147086013492
random,1,1,4877,39.190000000000005,24385,99.41483532071325
random,1,1,4878,39.190000000000005,24390,99.41496198521806
random,1,1,4879,39.190000000000005,24395,99.41508859489923
random,1,1,4880,39.190000000000005,24400,99.41521514979237
random,1,1,4881,39.190000000000005,24405,99.41534164993303
random,1,1,4882,39.190000000000005,24410,99.4154680953567
random,1,1,4883,39.190000000000005,24415,99.41559448609894
random,1,1,4884,39.190000000000005,24420,99.41572082219515
random,1,1,4885,39.190000000000005,24425,99.4158471036808
random,1,1,4886,39.190000000000005,24430,99.41597333059129
random,1,1,4887,39.190000000000005,24435,99.41609950296197
random,1,1,4888,39.190000000000005,24440,99.41622475123637
random,1,1,4889,39.190000000000005,24445,99.41634994579009
random,1,1,4890,39.190000000000005,24450,99.41647595550387
random,1,1,4891,39.190000000000005,24455,99.41660191081854
random,1,1,4892,39.190000000000005,24460,99.41672781176932
random,1,1,4893,39.190000000000005,24465,99.41685365839142
random,1,1,4894,39.190000000000005,24470,99.41697945071996
random,1,1,4895,39.190000000000005,24475,99.4171051887901
random,1,1,4896,39.190000000000005,24480,99.41723087263692
random,1,1,4897,39.190000000000005,24485,99.41735650229549
random,1,1,4898,39.190000000000005,24490,99.41748207780084
random,1,1,4899,39.190000000000005,24495,99.417607599188
random,1,1,4900,39.190000000000005,24500,99.41773306649195
random,1,1,4901,39.190000000000005,24505,99.4178584797476
random,1,1,4902,39.190000000000005,24510,99.41798383898988
random,1,1,4903,39.190000000000005,24515,99.41810914425369
random,1,1,4904,39.190000000000005,24520,99.41823439557389
random,1,1,4905,39.190000000000005,24525,99.41835959298528
random,1,1,4906,39.190000000000005,24530,99.4184847365227
random,1,1,4907,39.190000000000005,24535,99.41860982622086
random,1,1,4908,39.190000000000005,24540,99.41873486211453
random,1,1,4909,39.190000000000005,24545,99.41885984423843
random,1,1,4910,39.190000000000005,24550,99.4189847726272
random,1,1,4911,39.190000000000005,24555,99.41910964731552
random,1,1,4912,39.22,24560,99.41878989150842
random,1,1,4913,39.22,24565,99.41891475440926
random,1,1,4914,39.26,24570,99.41844704920388
random,1,1,4915,39.269999999999996,24575,99.41842383529266
random,1,1,4916,39.269999999999996,24580,99.4185486963616
random,1,1,4917,39.269999999999996,24585,99.41867350382813
random,1,1,4918,39.31,24590,99.41820625187778
random,1,1,4919,39.31,24595,99.41833107926146
random,1,1,4920,39.31,24600,99.41845585309169
random,1,1,4921,39.31,24605,99.4185805734029
random,1,1,4922,39.31,24610,99.41870524022957
random,1,1,4923,39.33,24615,99.41853416795536
random,1,1,4924,39.33,24620,99.41865879128919
random,1,1,4925,39.33,24625,99.4187833612144
random,1,1,4926,39.33,24630,99.41890787776528
random,1,1,4927,39.33,24635,99.41903234097616
random,1,1,4928,39.33,24640,99.41915675088131
random,1,1,4929,39.33,24645,99.41928110751495
random,1,1,4930,39.33,24650,99.41940541091128
random,1,1,4931,39.33,24655,99.4195296611045
random,1,1,4932,39.33,24660,99.41965385812875
random,1,1,4933,39.33,24665,99.41977800201816
random,1,1,4934,39.33,24670,99.41990209280681
random,1,1,4935,39.33,24675,99.42002613052877
random,1,1,4936,39.33,24680,99.42015011521808
random,1,1,4937,39.33,24685,99.42027404690872
random,1,1,4938,39.379999999999995,24690,99.41966108089228
random,1,1,4939,39.4,24695,99.41949038917718
random,1,1,4940,39.4,24700,99.41961438236805
random,1,1,4941,39.4,24705,99.41973832260193
random,1,1,4942,39.4,24710,99.41986220991271
random,1,1,4943,39.4,24715,99.41998604433427
random,1,1,4944,39.410000000000004,24720,99.41996264565324
random,1,1,4945,39.410000000000004,24725,99.4200864058012
random,1,1,4946,39.410000000000004,24730,99.42021011314803
random,1,1,4947,39.43,24735,99.42003959557212
random,1,1,4948,39.47,24740,99.41957504128561
random,1,1,4949,39.489999999999995,24745,99.41940473179997
random,1,1,4950,39.519999999999996,24750,99.41908750288472
random,1,1,4951,39.519999999999996,24755,99.41921129128494
random,1,1,4952,39.519999999999996,24760,99.4193350269395
random,1,1,4953,39.550000000000004,24765,99.41901801558295
random,1,1,4954,39.550000000000004,24770,99.41914173969619
random,1,1,4955,39.550000000000004,24775,99.41926541112484
random,1,1,4956,39.550000000000004,24780,99.41938902990256
random,1,1,4957,39.550000000000004,24785,99.41951259606296
random,1,1,4958,39.550000000000004,24790,99.41963610963963
random,1,1,4959,39.58,24795,99.4193194388613
random,1,1,4960,39.61,24800,99.4190029027853
random,1,1,4961,39.61,24805,99.41912644595133
random,1,1,4962,39.61,24810,99.41924993658814
random,1,1,4963,39.61,24815,99.41937252361134
random,1,1,4964,39.61,24820,99.41949590965181
random,1,1,4965,39.62,24825,99.41947186885514
random,1,1,4966,39.62,24830,99.41959433130295
random,1,1,4967,39.62,24835,99.41971674209469
random,1,1,4968,39.62,24840,99.41983485354564
random,1,1,4969,39.62,24845,99.41995716291416
random,1,1,4970,39.62,24850,99.42007942072345
random,1,1,4971,39.62,24855,99.42020162700614
random,1,1,4972,39.62,24860,99.42032378179478
random,1,1,4973,39.660000000000004,24865,99.41986077243651
random,1,1,4974,39.660000000000004,24870,99.41998294755716
random,1,1,4975,39.660000000000004,24875,99.4201050712294
random,1,1,4976,39.660000000000004,24880,99.42022714348575
random,1,1,4977,39.660000000000004,24885,99.42034492838351
random,1,1,4978,39.660000000000004,24890,99.42046266543336
random,1,1,4979,39.660000000000004,24895,99.42058035466444
random,1,1,4980,39.660000000000004,24900,99.42069799610586
random,1,1,4981,39.660000000000004,24905,99.42081558978673
random,1,1,4982,39.660000000000004,24910,99.42093313573614
random,1,1,4983,39.660000000000004,24915,99.42104640825426
random,1,1,4984,39.660000000000004,24920,99.42116386054222
random,1,1,4985,39.68,24925,99.42098942517732
random,1,1,4986,39.68,24930,99.42110261860613
random,1,1,4987,39.68,24935,99.42121576778617
random,1,1,4988,39.68,24940,99.4213288727434
random,1,1,4989,39.68,24945,99.42144193350373
random,1,1,4990,39.68,24950,99.4215591662755
random,1,1,4991,39.68,24955,99.42167213707303
random,1,1,4992,39.69,24960,99.42164355815258
random,1,1,4993,39.69,24965,99.42176067972622
random,1,1,4994,39.69,24970,99.42187775387345
random,1,1,4995,39.69,24975,99.42199478062307
random,1,1,4996,39.69,24980,99.42210755293344
random,1,1,4997,39.69,24985,99.42222028124728
random,1,1,4998,39.69,24990,99.42233296559031
random,1,1,4999,39.69,24995,99.4224498081381
random,1,1,5000,39.69,25000,99.4225666034288
random,1,1,5001,39.69,25005,99.4226875501821
random,1,1,5002,39.69,25010,99.42280844628003
random,1,1,5003,39.69,25015,99.42292929175439
random,1,1,5004,39.69,25020,99.42305092531352
random,1,1,5005,39.69,25025,99.4231716692851
random,1,1,5006,39.69,25030,99.42329236272862
random,1,1,5007,39.69,25035,99.4234130056758
random,1,1,5008,39.69,25040,99.4235294117647
random,1,1,5009,39.69,25045,99.42364577086109
random,1,1,5010,39.69,25050,99.42376208299336
random,1,1,5011,39.69,25055,99.42387834818999
random,1,1,5012,39.69,25060,99.42399456647935
random,1,1,5013,39.69,25065,99.42411073788986
random,1,1,5014,39.69,25070,99.4242226861194
random,1,1,5015,39.69,25075,99.42433876554097
random,1,1,5016,39.69,25080,99.42445062514321
random,1,1,5017,39.69,25085,99.42456244128188
random,1,1,5018,39.69,25090,99.42467838376517
random,1,1,5019,39.69,25095,99.42479427953636
random,1,1,5020,39.69,25100,99.42491012862365
random,1,1,5021,39.69,25105,99.42502593105527
random,1,1,5022,39.69,25110,99.42514584986878
random,1,1,5023,39.69,25115,99.42526571867127
random,1,1,5024,39.69,25120,99.425385537494
random,1,1,5025,39.69,25125,99.42550613792194
random,1,1,5026,39.69,25130,99.42562668773715
random,1,1,5027,39.69,25135,99.42574718697145
random,1,1,5028,39.69,25140,99.42586763565667
random,1,1,5029,39.69,25145,99.42598803382462
random,1,1,5030,39.69,25150,99.42610838150708
random,1,1,5031,39.69,25155,99.42622867873577
random,1,1,5032,39.69,25160,99.42634892554243
random,1,1,5033,39.69,25165,99.42646912195876
random,1,1,5034,39.69,25170,99.42658926801641
random,1,1,5035,39.69,25175,99.42670853567292
random,1,1,5036,39.69,25180,99.42682361504036
random,1,1,5037,39.69,25185,99.42693864821628
random,1,1,5038,39.69,25190,99.42705363522848
random,1,1,5039,39.69,25195,99.42717270980937
random,1,1,5040,39.69,25200,99.42729173490635
random,1,1,5041,39.69,25205,99.42741071055026
random,1,1,5042,39.69,25210,99.42752963677195
random,1,1,5043,39.69,25215,99.42764851360218
random,1,1,5044,39.69,25220,99.42776734107171
random,1,1,5045,39.69,25225,99.42788694388707
random,1,1,5046,39.69,25230,99.42800567238517
random,1,1,5047,39.71,25235,99.4278361804643
random,1,1,5048,39.75,25240,99.42737864748997
random,1,1,5049,39.75,25245,99.42749823208572
random,1,1,5050,39.75,25250,99.42761776674452
random,1,1,5051,39.77,25255,99.42744849627849
random,1,1,5052,39.77,25260,99.42756716765935
random,1,1,5053,39.77,25265,99.42768578985692
random,1,1,5054,39.78,25270,99.42766048670441
random,1,1,5055,39.78,25275,99.4277798635475
random,1,1,5056,39.78,25280,99.42789919060247
random,1,1,5057,39.78,25285,99.42801846790044
random,1,1,5058,39.78,25290,99.42813769547254
random,1,1,5059,39.78,25295,99.42825687334984
random,1,1,5060,39.78,25300,99.42837600156341
random,1,1,5061,39.78,25305,99.4284950801443
random,1,1,5062,39.78,25310,99.4286141091235
random,1,1,5063,39.78,25315,99.42873308853201
random,1,1,5064,39.78,25320,99.42885201840078
random,1,1,5065,39.78,25325,99.42897089876077
random,1,1,5066,39.78,25330,99.42908972964284
random,1,1,5067,39.78,25335,99.42920851107792
random,1,1,5068,39.800000000000004,25340,99.42904032868914
random,1,1,5069,39.82,25345,99.42887221625405
random,1,1,5070,39.82,25350,99.4289909688225
random,1,1,5071,39.82,25355,99.42910967201762
random,1,1,5072,39.82,25360,99.4292283258702
random,1,1,5073,39.82,25365,99.42934693041099
random,1,1,5074,39.82,25370,99.42946548567073
random,1,1,5075,39.82,25375,99.42958399168012
random,1,1,5076,39.82,25380,99.42970244846985
random,1,1,5077,39.82,25385,99.42982085607058
random,1,1,5078,39.82,25390,99.42993921451293
random,1,1,5079,39.82,25395,99.43005752382751
random,1,1,5080,39.82,25400,99.43017578404493
random,1,1,5081,39.82,25405,99.4302939951957
random,1,1,5082,39.82,25410,99.43041215731037
random,1,1,5083,39.82,25415,99.43053027041947
random,1,1,5084,39.839999999999996,25420,99.43036237188872
random,1,1,5085,39.839999999999996,25425,99.43048044635238
random,1,1,5086,39.839999999999996,25430,99.43059847187723
random,1,1,5087,39.839999999999996,25435,99.4307164484937
random,1,1,5088,39.839999999999996,25440,99.43083437623218
random,1,1,5089,39.839999999999996,25445,99.43095144233241
random,1,1,5090,39.839999999999996,25450,99.43106764782745
random,1,1,5091,39.839999999999996,25455,99.43117974520165
random,1,1,5092,39.839999999999996,25460,99.4312877392831
random,1,1,5093,39.879999999999995,25465,99.43082074278749
random,1,1,5094,39.910000000000004,25470,99.43049255045442
random,1,1,5095,39.910000000000004,25475,99.43059655390357
random,1,1,5096,39.910000000000004,25480,99.43070051937343
random,1,1,5097,39.910000000000004,25485,99.43080850578319
random,1,1,5098,39.910000000000004,25490,99.4309172626992
random,1,1,5099,39.910000000000004,25495,99.43102597806221
random,1,1,5100,39.910000000000004,25500,99.43113465189603
random,1,1,5101,39.910000000000004,25505,99.43124328422445
random,1,1,5102,39.910000000000004,25510,99.43135187507124
random,1,1,5103,39.910000000000004,25515,99.43146042446016
random,1,1,5104,39.910000000000004,25520,99.43156893241496
random,1,1,5105,39.910000000000004,25525,99.43168144541735
random,1,1,5106,39.910000000000004,25530,99.4317939138878
random,1,1,5107,39.910000000000004,25535,99.43190633785275
random,1,1,5108,39.910000000000004,25540,99.43201467568194
random,1,1,5109,39.910000000000004,25545,99.43212297219807
random,1,1,5110,39.910000000000004,25550,99.43223526600012
random,1,1,5111,39.910000000000004,25555,99.43234347842166
random,1,1,5112,39.96,25560,99.43174061433447
random,1,1,5113,39.98,25565,99.43156451984406
random,1,1,5114,39.98,25570,99.43167683763272
random,1,1,5115,39.98,25575,99.43178507320137
random,1,1,5116,40.03,25580,99.43118277889167
random,1,1,5117,40.03,25585,99.43129106730598
random,1,1,5118,40.03,25590,99.43140335277424
random,1,1,5119,40.050000000000004,25595,99.43122752603146
random,1,1,5120,40.050000000000004,25600,99.43133493591336
random,1,1,5121,40.089999999999996,25605,99.4308704176125
random,1,1,5122,40.089999999999996,25610,99.43097785511722
random,1,1,5123,40.089999999999996,25615,99.43109332538653
random,1,1,5124,40.150000000000006,25620,99.43035909368217
random,1,1,5125,40.150000000000006,25625,99.43047625802333
random,1,1,5126,40.150000000000006,25630,99.43059337417745
random,1,1,5127,40.22,25635,99.42971790745322
random,1,1,5128,40.26,25640,99.42926808522702
random,1,1,5129,40.26,25645,99.4293853774688
random,1,1,5130,40.26,25650,99.42950262151055
random,1,1,5131,40.26,25655,99.429619817382
random,1,1,5132,40.300000000000004,25660,99.42917038484964
random,1,1,5133,40.300000000000004,25665,99.42928760081287
random,1,1,5134,40.33,25670,99.42898000792887
random,1,1,5135,40.33,25675,99.42909721484942
random,1,1,5136,40.33,25680,99.42921437366432
random,1,1,5137,40.33,25685,99.42933148440319
random,1,1,5138,40.33,25690,99.42944854709562
random,1,1,5139,40.33,25695,99.42956556177114
random,1,1,5140,40.33,25700,99.42968252845931
random,1,1,5141,40.339999999999996,25705,99.42965806346716
random,1,1,5142,40.339999999999996,25710,99.42977496324777
random,1,1,5143,40.38,25715,99.42932651200915
random,1,1,5144,40.38,25720,99.42944343181722
random,1,1,5145,40.43,25725,99.42885396432986
random,1,1,5146,40.43,25730,99.42897093302449
random,1,1,5147,40.43,25735,99.42908785381938
random,1,1,5148,40.46,25740,99.42878118338015
random,1,1,5149,40.46,25745,99.42889809515071
random,1,1,5150,40.46,25750,99.42901495907424
random,1,1,5151,40.46,25755,99.42913177518007
random,1,1,5152,40.46,25760,99.42924854349758
random,1,1,5153,40.46,25765,99.42936526405607
random,1,1,5154,40.46,25770,99.42948193688486
random,1,1,5155,40.46,25775,99.42959856201318
random,1,1,5156,40.46,25780,99.4297151394703
random,1,1,5157,40.46,25785,99.42983166928546
random,1,1,5158,40.46,25790,99.42994815148782
random,1,1,5159,40.46,25795,99.4300645861066
random,1,1,5160,40.46,25800,99.4301809731709
random,1,1,5161,40.46,25805,99.4302973127099
random,1,1,5162,40.46,25810,99.43041360475266
random,1,1,5163,40.46,25815,99.43052904780403
random,1,1,5164,40.46,25820,99.43064524526862
random,1,1,5165,40.46,25825,99.43076139532397
random,1,1,5166,40.46,25830,99.43087749799908
random,1,1,5167,40.46,25835,99.4309935533229
random,1,1,5168,40.46,25840,99.43110956132445
random,1,1,5169,40.46,25845,99.43122552203263
random,1,1,5170,40.46,25850,99.43134143547637
random,1,1,5171,40.46,25855,99.43145650276894
random,1,1,5172,40.46,25860,99.43157152350352
random,1,1,5173,40.46,25865,99.4316825063279
random,1,1,5174,40.46,25870,99.43179344582308
random,1,1,5175,40.46,25875,99.43190035369328
random,1,1,5176,40.46,25880,99.43201120816242
random,1,1,5177,40.46,25885,99.43212201937747
random,1,1,5178,40.46,25890,99.43223278736374
random,1,1,5179,40.46,25895,99.43234351214653
random,1,1,5180,40.46,25900,99.43245419375111
random,1,1,5181,40.46,25905,99.43256483220271
random,1,1,5182,40.46,25910,99.43267145002504
random,1,1,5183,40.46,25915,99.4327820037964
random,1,1,5184,40.46,25920,99.43289251448955
random,1,1,5185,40.46,25925,99.43300298212965
random,1,1,5186,40.46,25930,99.43310943537924
random,1,1,5187,40.46,25935,99.4332198185351
random,1,1,5188,40.46,25940,99.43333015871238
random,1,1,5189,40.46,25945,99.4334404559362
random,1,1,5190,40.46,25950,99.43355071023164
random,1,1,5191,40.46,25955,99.4336569579288
random,1,1,5192,40.46,25960,99.43376316577613
random,1,1,5193,40.46,25965,99.43387329451882
random,1,1,5194,40.46,25970,99.43398338043143
random,1,1,5195,40.46,25975,99.43409342353897
random,1,1,5196,40.46,25980,99.43420737991589
random,1,1,5197,40.46,25985,99.43431733595062
random,1,1,5198,40.46,25990,99.43442724925599
random,1,1,5199,40.46,25995,99.4345410712414
random,1,1,5200,40.46,26000,99.43465484742248
random,1,1,5201,40.46,26005,99.43476857782689
random,1,1,5202,40.46,26010,99.43488226248225
random,1,1,5203,40.46,26015,99.43499669041562
random,1,1,5204,40.46,26020,99.43511107201846
random,1,1,5205,40.46,26025,99.43522461895809
random,1,1,5206,40.46,26030,99.43533890830328
random,1,1,5207,40.46,26035,99.43545315140209
random,1,1,5208,40.46,26040,99.43556734828258
random,1,1,5209,40.46,26045,99.43568149897276
random,1,1,5210,40.46,26050,99.4357956035007
random,1,1,5211,40.46,26055,99.43590887544266
random,1,1,5212,40.46,26060,99.43602210191189
random,1,1,5213,40.46,26065,99.43613606875627
random,1,1,5214,40.46,26070,99.43624920404686
random,1,1,5215,40.46,26075,99.43635836797468
random,1,1,5216,40.46,26080,99.43646748963398
random,1,1,5217,40.46,26085,99.4365726460615
random,1,1,5218,40.46,26090,99.43667776325151
random,1,1,5219,40.46,26095,99.43678284122593
random,1,1,5220,40.46,26100,99.43688788000674
random,1,1,5221,40.46,26105,99.43699287961583
random,1,1,5222,40.46,26110,99.43709784007513
random,1,1,5223,40.46,26115,99.43720276140652
random,1,1,5224,40.46,26120,99.43731155639122
random,1,1,5225,40.46,26125,99.43742422051413
random,1,1,5226,40.46,26130,99.43753683952978
random,1,1,5227,40.46,26135,99.43764941346528
random,1,1,5228,40.46,26140,99.43776272364079
random,1,1,5229,40.46,26145,99.43787598816289
random,1,1,5230,40.46,26150,99.43798920705916
random,1,1,5231,40.46,26155,99.4381023803572
random,1,1,5232,40.46,26160,99.43821550808451
random,1,1,5233,40.46,26165,99.43832859026863
random,1,1,5234,40.46,26170,99.43844162693703
random,1,1,5235,40.46,26175,99.43855461811722
random,1,1,5236,40.46,26180,99.43866756383665
random,1,1,5237,40.46,26185,99.43878046412273
random,1,1,5238,40.46,26190,99.43889331900287
random,1,1,5239,40.46,26195,99.43900612850449
random,1,1,5240,40.46,26200,99.4391188926549
random,1,1,5241,40.46,26205,99.43923161148147
random,1,1,5242,40.46,26210,99.43934428501153
random,1,1,5243,40.46,26215,99.43945691327237
random,1,1,5244,40.46,26220,99.43956949629127
random,1,1,5245,40.46,26225,99.43968203409548
random,1,1,5246,40.46,26230,99.43979452671222
random,1,1,5247,40.46,26235,99.4399061988236
random,1,1,5248,40.46,26240,99.44001860145822
random,1,1,5249,40.46,26245,99.44013095898676
random,1,1,5250,40.46,26250,99.44024327143636
random,1,1,5251,40.46,26255,99.44035553883415
random,1,1,5252,40.46,26260,99.44046776120724
random,1,1,5253,40.46,26265,99.4405799385827
random,1,1,5254,40.46,26270,99.4406920709876
random,1,1,5255,40.46,26275,99.44080415844896
random,1,1,5256,40.46,26280,99.4409162009938
random,1,1,5257,40.46,26285,99.44102819864912
random,1,1,5258,40.46,26290,99.4411401514419
random,1,1,5259,40.46,26295,99.44125205939908
random,1,1,5260,40.46,26300,99.44136315123097
random,1,1,5261,40.46,26305,99.44147419889647
random,1,1,5262,40.46,26310,99.4415852024219
random,1,1,5263,40.46,26315,99.4416969322309
random,1,1,5264,40.46,26320,99.44180861733814
random,1,1,5265,40.46,26325,99.4419202577705
random,1,1,5266,40.46,26330,99.44203185355474
random,1,1,5267,40.46,26335,99.44214340471765
random,1,1,5268,40.46,26340,99.442254911286
random,1,1,5269,40.46,26345,99.4423663732865
random,1,1,5270,40.46,26350,99.4424777907459
random,1,1,5271,40.46,26355,99.44258916369087
random,1,1,5272,40.46,26360,99.44270049214808
random,1,1,5273,40.46,26365,99.4428117761442
random,1,1,5274,40.46,26370,99.44292301570583
random,1,1,5275,40.46,26375,99.4430342108596
random,1,1,5276,40.46,26380,99.44314536163208
random,1,1,5277,40.46,26385,99.44325646804985
random,1,1,5278,40.46,26390,99.44336753013945
random,1,1,5279,40.47,26395,99.44334099937278
random,1,1,5280,40.5,26400,99.4430394369335
random,1,1,5281,40.5,26405,99.44315047586572
random,1,1,5282,40.5,26410,99.44326147053204
random,1,1,5283,40.5,26415,99.44337242095888
random,1,1,5284,40.5,26420,99.44348332717271
random,1,1,5285,40.5,26425,99.44359418919996
random,1,1,5286,40.5,26430,99.44370500706701
random,1,1,5287,40.5,26435,99.44381578080025
random,1,1,5288,40.5,26440,99.44392651042604
random,1,1,5289,40.5,26445,99.44403719597071
random,1,1,5290,40.5,26450,99.44414783746059
random,1,1,5291,40.5,26455,99.44425843492198
random,1,1,5292,40.5,26460,99.44436898838114
random,1,1,5293,40.510000000000005,26465,99.44434233230824
random,1,1,5294,40.54,26470,99.44404141027522
random,1,1,5295,40.54,26475,99.44415117881358
random,1,1,5296,40.54,26480,99.44425633299656
random,1,1,5297,40.54,26485,99.44435763960274
random,1,1,5298,40.550000000000004,26490,99.44432187398509
random,1,1,5299,40.550000000000004,26495,99.4444231317272
random,1,1,5300,40.550000000000004,26500,99.44452435257293
random,1,1,5301,40.550000000000004,26505,99.4446255365424
random,1,1,5302,40.550000000000004,26510,99.44472668365579
random,1,1,5303,40.550000000000004,26515,99.44482779393323
random,1,1,5304,40.550000000000004,26520,99.44493266643123
random,1,1,5305,40.550000000000004,26525,99.4450374993157
random,1,1,5306,40.550000000000004,26530,99.4451422926091
random,1,1,5307,40.550000000000004,26535,99.44524325159962
random,1,1,5308,40.550000000000004,26540,99.4453441738569
random,1,1,5309,40.550000000000004,26545,99.44544505940097
random,1,1,5310,40.550000000000004,26550,99.44554211760523
random,1,1,5311,40.550000000000004,26555,99.44563914184118
random,1,1,5312,40.550000000000004,26560,99.44573992012093
random,1,1,5313,40.550000000000004,26565,99.44583687514861
random,1,1,5314,40.550000000000004,26570,99.44593379626212
random,1,1,5315,40.550000000000004,26575,99.44603446744856
random,1,1,5316,40.550000000000004,26580,99.44613510205865
random,1,1,5317,40.550000000000004,26585,99.4462394812814
random,1,1,5318,40.550000000000004,26590,99.44634760086237
random,1,1,5319,40.550000000000004,26595,99.44645643386895
random,1,1,5320,40.550000000000004,26600,99.44656522409673
random,1,1,5321,40.550000000000004,26605,99.44667472661229
random,1,1,5322,40.57,26610,99.44651132966888
random,1,1,5323,40.589999999999996,26615,99.44634799735927
random,1,1,5324,40.589999999999996,26620,99.44645747786988
random,1,1,5325,40.589999999999996,26625,99.44656691509117
random,1,1,5326,40.589999999999996,26630,99.4466763090488
random,1,1,5327,40.589999999999996,26635,99.44678565976841
random,1,1,5328,40.6,26640,99.44675870094582
random,1,1,5329,40.6,26645,99.4468679921853
random,1,1,5330,40.6,26650,99.44697724025298
random,1,1,5331,40.6,26655,99.4470864451744
random,1,1,5332,40.62,26660,99.44692328954015
random,1,1,5333,40.62,26665,99.4470324619988
random,1,1,5334,40.62,26670,99.44714159136659
random,1,1,5335,40.660000000000004,26675,99.44670636519012
random,1,1,5336,40.68,26680,99.4465434132816
random,1,1,5337,40.68,26685,99.44665257453458
random,1,1,5338,40.68,26690,99.44676169273514
random,1,1,5339,40.68,26695,99.4468707679087
random,1,1,5340,40.68,26700,99.44697980008075
random,1,1,5341,40.68,26705,99.44708878927668
random,1,1,5342,40.69,26710,99.44706184509306
random,1,1,5343,40.71,26715,99.44689904786749
random,1,1,5344,40.739999999999995,26720,99.4466004778742
random,1,1,5345,40.78,26725,99.44616621532427
random,1,1,5346,40.78,26730,99.4462752574114
random,1,1,5347,40.78,26735,99.44638425656926
random,1,1,5348,40.78,26740,99.44649321282323
random,1,1,5349,40.78,26745,99.4466021261986
random,1,1,5350,40.79,26750,99.44657532016275
random,1,1,5351,40.82,26755,99.44627722492919
random,1,1,5352,40.82,26760,99.44638611652474
random,1,1,5353,40.849999999999994,26765,99.44608817571141
random,1,1,5354,40.849999999999994,26770,99.44619706165854
random,1,1,5355,40.910000000000004,26775,99.44549264542432
random,1,1,5356,40.94,26780,99.4451950558125
random,1,1,5357,40.94,26785,99.44530405304704
random,1,1,5358,40.94,26790,99.44541300746268
random,1,1,5359,40.94,26795,99.44552191908467
random,1,1,5360,40.97,26800,99.44522455744573
random,1,1,5361,41.03,26805,99.44452116180776
random,1,1,5362,41.099999999999994,26810,99.44368268526652
random,1,1,5363,41.14,26815,99.44325052914206
random,1,1,5364,41.19,26820,99.44268323868826
random,1,1,5365,41.25,26825,99.44198089342578
random,1,1,5366,41.25,26830,99.44209032861893
random,1,1,5367,41.25,26835,99.44219972089702
random,1,1,5368,41.25,26840,99.44230907028529
random,1,1,5369,41.260000000000005,26845,99.44228320550634
random,1,1,5370,41.28,26850,99.44212220604989
random,1,1,5371,41.31,26855,99.44182615134335
random,1,1,5372,41.4,26860,99.44071966140574
random,1,1,5373,41.410000000000004,26865,99.44069412816627
random,1,1,5374,41.410000000000004,26870,99.44080364389144
random,1,1,5375,41.410000000000004,26875,99.44091311673724
random,1,1,5376,41.47,26880,99.44021263010973
random,1,1,5377,41.510000000000005,26885,99.43978233701594
random,1,1,5378,41.510000000000005,26890,99.43989194542759
random,1,1,5379,41.56,26895,99.4393269765208
random,1,1,5380,41.56,26900,99.43943663111666
random,1,1,5381,41.589999999999996,26905,99.43914168044427
random,1,1,5382,41.620000000000005,26910,99.43884684509773
random,1,1,5383,41.64,26915,99.43868692641999
random,1,1,5384,41.64,26920,99.43879662038042
random,1,1,5385,41.64,26925,99.43890627147557
random,1,1,5386,41.65,26930,99.4388811573194
random,1,1,5387,41.65,26935,99.43899074907195
random,1,1,5388,41.65,26940,99.43910029802426
random,1,1,5389,41.65,26945,99.43920980420141
random,1,1,5390,41.65,26950,99.43931926762846
random,1,1,5391,41.65,26955,99.43942868833042
random,1,1,5392,41.65,26960,99.43953806633232
random,1,1,5393,41.65,26965,99.43964740165913
random,1,1,5394,41.69,26970,99.43921789122253
random,1,1,5395,41.69,26975,99.43932649246204
random,1,1,5396,41.71,26980,99.43916613106651
random,1,1,5397,41.75,26985,99.4387377177664
random,1,1,5398,41.82,26990,99.43790624781587
random,1,1,5399,41.89,26995,99.4370751018949
random,1,1,5400,41.89,27000,99.43718476838454
random,1,1,5401,41.89,27005,99.43729439215302
random,1,1,5402,41.93,27010,99.43686676049983
random,1,1,5403,41.94,27015,99.4368421264648
random,1,1,5404,41.959999999999994,27020,99.43668325112704
random,1,1,5405,42.03,27025,99.43585331380811
random,1,1,5406,42.120000000000005,27030,99.43475530218852
random,1,1,5407,42.120000000000005,27035,99.43486527064613
random,1,1,5408,42.230000000000004,27040,99.43349882554634
random,1,1,5409,42.27,27045,99.43307175323936
random,1,1,5410,42.35,27050,99.4321084666124
random,1,1,5411,42.44,27055,99.43101224583918
random,1,1,5412,42.46,27060,99.43085475000369
random,1,1,5413,42.46,27065,99.43096534865768
random,1,1,5414,42.46,27070,99.43107590433607
random,1,1,5415,42.49,27075,99.43078452334065
random,1,1,5416,42.53,27080,99.43035931696693
random,1,1,5417,42.57,27085,99.42993427572058
random,1,1,5418,42.620000000000005,27090,99.42937551295286
random,1,1,5419,42.620000000000005,27095,99.4294862699218
random,1,1,5420,42.64,27100,99.42932931472676
random,1,1,5421,42.67,27105,99.42903861181584
random,1,1,5422,42.69,27110,99.42888180435355
random,1,1,5423,42.730000000000004,27115,99.42845754428016
random,1,1,5424,42.74,27120,99.42843464108664
random,1,1,5425,42.79,27125,99.42787692735547
random,1,1,5426,42.83,27130,99.42745310877054
random,1,1,5427,42.89,27135,99.42676214839229
random,1,1,5428,42.95,27140,99.42607145577409
random,1,1,5429,42.95,27145,99.42618263825057
random,1,1,5430,42.96,27150,99.42616020228654
random,1,1,5431,42.96,27155,99.42627132451729
random,1,1,5432,42.96,27160,99.42638240371944
random,1,1,5433,42.96,27165,99.42649343991799
random,1,1,5434,42.96,27170,99.42660443313788
random,1,1,5435,43.0,27175,99.42618159884489
random,1,1,5436,43.05,27180,99.4256255078311
random,1,1,5437,43.1,27185,99.42506963193784
random,1,1,5438,43.11,27190,99.42504744592232
random,1,1,5439,43.11,27195,99.42515861142002
random,1,1,5440,43.15,27200,99.42473646530887
random,1,1,5441,43.169999999999995,27205,99.42458106515816
random,1,1,5442,43.169999999999995,27210,99.42469225633378
random,1,1,5443,43.19,27215,99.4245369247701
random,1,1,5444,43.22,27220,99.42424843906319
random,1,1,5445,43.269999999999996,27225,99.42369368793419
random,1,1,5446,43.269999999999996,27230,99.42380496457206
random,1,1,5447,43.269999999999996,27235,99.42391619824632
random,1,1,5448,43.35,27240,99.42296249855241
random,1,1,5449,43.38,27245,99.42267459502047
random,1,1,5450,43.39,27250,99.42265292246198
random,1,1,5451,43.44,27255,99.4220991211756
random,1,1,5452,43.46,27260,99.4219445593491
random,1,1,5453,43.47,27265,99.42192304009703
random,1,1,5454,43.480000000000004,27270,99.42190152914225
random,1,1,5455,43.480000000000004,27275,99.42201295818235
random,1,1,5456,43.49,27280,99.42199143819003
random,1,1,5457,43.49,27285,99.42210280696719
random,1,1,5458,43.5,27290,99.42208127795766
random,1,1,5459,43.519999999999996,27295,99.42192692795074
random,1,1,5460,43.519999999999996,27300,99.42203824481301
random,1,1,5461,43.55,27305,99.42175041659198
random,1,1,5462,43.59,27310,99.42133071367884
random,1,1,5463,43.62,27315,99.4210438995255
random,1,1,5464,43.65,27320,99.42075719574824
random,1,1,5465,43.669999999999995,27325,99.42060327842752
random,1,1,5466,43.669999999999995,27330,99.42071472156634
random,1,1,5467,43.7,27335,99.42042747783832
random,1,1,5468,43.7,27340,99.42053891207175
random,1,1,5469,43.7,27345,99.42065030346258
random,1,1,5470,43.72,27350,99.4204965543934
random,1,1,5471,43.72,27355,99.42060791111393
random,1,1,5472,43.72,27360,99.42071922504634
random,1,1,5473,43.72,27365,99.42083049621526
random,1,1,5474,43.730000000000004,27370,99.42080927764732
random,1,1,5475,43.730000000000004,27375,99.42092048879448
random,1,1,5476,43.730000000000004,27380,99.42103165724227
random,1,1,5477,43.75,27385,99.42087804154852
random,1,1,5478,43.79,27390,99.42045979415008
random,1,1,5479,43.79,27395,99.42057098700089
random,1,1,5480,43.79,27400,99.4206821371921
random,1,1,5481,43.79,27405,99.42079324474825
random,1,1,5482,43.8,27410,99.4207720658733
random,1,1,5483,43.82,27415,99.42061867665181
random,1,1,5484,43.82,27420,99.42072973248077
random,1,1,5485,43.82,27425,99.42084074574353
random,1,1,5486,43.82,27430,99.42095171646456
random,1,1,5487,43.85,27435,99.42066629321552
random,1,1,5488,43.88,27440,99.42038097930252
random,1,1,5489,43.9,27445,99.42022784121374
random,1,1,5490,43.9,27450,99.42033884429561
random,1,1,5491,43.9,27455,99.42044980488036
random,1,1,5492,43.9,27460,99.42056072299239
random,1,1,5493,43.9,27465,99.42067159865606
random,1,1,5494,43.9,27470,99.42078243189576
random,1,1,5495,43.9,27475,99.42089322273581
random,1,1,5496,43.9,27480,99.42100397120055
random,1,1,5497,43.9,27485,99.42111467731429
random,1,1,5498,43.9,27490,99.4212253411013
random,1,1,5499,43.9,27495,99.42133596258587
random,1,1,5500,43.9,27500,99.42144654179225
random,1,1,5501,43.9,27505,99.42155707874466
random,1,1,5502,43.91,27510,99.42153583487358
random,1,1,5503,43.93,27515,99.42138288568327
random,1,1,5504,43.99,27520,99.42070324177047
random,1,1,5505,44.019999999999996,27525,99.42041884678888
random,1,1,5506,44.03,27530,99.42039783639764
random,1,1,5507,44.03,27535,99.42050844691525
random,1,1,5508,44.03,27540,99.4206190152234
random,1,1,5509,44.03,27545,99.42072954134619
random,1,1,5510,44.06,27550,99.42044541256105
random,1,1,5511,44.06,27555,99.42055592963555
random,1,1,5512,44.06,27560,99.42066640456841
random,1,1,5513,44.06,27565,99.42077683738368
random,1,1,5514,44.07,27570,99.42075579079912
random,1,1,5515,44.07,27575,99.42086616449662
random,1,1,5516,44.080000000000005,27580,99.42084510891344
random,1,1,5517,44.080000000000005,27585,99.42095542355113
random,1,1,5518,44.080000000000005,27590,99.42106569617243
random,1,1,5519,44.080000000000005,27595,99.42117592680134
random,1,1,5520,44.080000000000005,27600,99.42128611546183
random,1,1,5521,44.080000000000005,27605,99.42139626217785
random,1,1,5522,44.080000000000005,27610,99.42150636697336
random,1,1,5523,44.1,27615,99.42135400538496
random,1,1,5524,44.14,27620,99.42093856753793
random,1,1,5525,44.14,27625,99.42104793733571
random,1,1,5526,44.14,27630,99.42115726582703
random,1,1,5527,44.18,27635,99.42074210043266
random,1,1,5528,44.18,27640,99.42085220457629
random,1,1,5529,44.18,27645,99.42096226687113
random,1,1,5530,44.18,27650,99.42107228734103
random,1,1,5531,44.18,27655,99.42118226600985
random,1,1,5532,44.18,27660,99.4212922029014
random,1,1,5533,44.18,27665,99.42140209803947
random,1,1,5534,44.18,27670,99.42151195144785
random,1,1,5535,44.18,27675,99.42162176315031
random,1,1,5536,44.18,27680,99.4217315331706
random,1,1,5537,44.18,27685,99.42184126153242
random,1,1,5538,44.18,27690,99.42195094825951
random,1,1,5539,44.18,27695,99.42205983734476
random,1,1,5540,44.18,27700,99.42216944116015
random,1,1,5541,44.18,27705,99.42227900341166
random,1,1,5542,44.18,27710,99.42238852412292
random,1,1,5543,44.18,27715,99.42249800331756
random,1,1,5544,44.18,27720,99.42260744101918
random,1,1,5545,44.18,27725,99.42271683725136
random,1,1,5546,44.18,27730,99.42282619203766
random,1,1,5547,44.18,27735,99.42293550540165
random,1,1,5548,44.18,27740,99.42304477736685
random,1,1,5549,44.18,27745,99.42315400795677
random,1,1,5550,44.18,27750,99.4232631971949
random,1,1,5551,44.2,27755,99.42311130949817
random,1,1,5552,44.22,27760,99.42295947928031
random,1,1,5553,44.230000000000004,27765,99.42293817492946
random,1,1,5554,44.24,27770,99.42291687863775
random,1,1,5555,44.269999999999996,27775,99.42263475224941
random,1,1,5556,44.28,27780,99.42261352137946
random,1,1,5557,44.28,27785,99.4227226683041
random,1,1,5558,44.330000000000005,27790,99.42218004833198
random,1,1,5559,44.37,27795,99.42176795392909
random,1,1,5560,44.41,27800,99.42135601523941
random,1,1,5561,44.41,27805,99.42146531723007
random,1,1,5562,44.440000000000005,27810,99.42118383795231
random,1,1,5563,44.47,27815,99.42090246497351
random,1,1,5564,44.51,27820,99.42049100074993
random,1,1,5565,44.519999999999996,27825,99.42047021058072
random,1,1,5566,44.519999999999996,27830,99.42057957660141
random,1,1,5567,44.519999999999996,27835,99.42068890135187
random,1,1,5568,44.529999999999994,27840,99.4206680856157
random,1,1,5569,44.529999999999994,27845,99.4207773524335
random,1,1,5570,44.529999999999994,27850,99.42088657804182
random,1,1,5571,44.529999999999994,27855,99.42099576246393
random,1,1,5572,44.529999999999994,27860,99.42110490572317
random,1,1,5573,44.529999999999994,27865,99.42121400784279
random,1,1,5574,44.529999999999994,27870,99.42132306884605
random,1,1,5575,44.529999999999994,27875,99.42143208875619
random,1,1,5576,44.529999999999994,27880,99.42154106759644
random,1,1,5577,44.55,27885,99.42139024792552
random,1,1,5578,44.58,27890,99.42110963077234
random,1,1,5579,44.62,27895,99.42069928944133
random,1,1,5580,44.67,27900,99.42015929718167
random,1,1,5581,44.73,27905,99.41948972718743
random,1,1,5582,44.73,27910,99.41959894845292
random,1,1,5583,44.73,27915,99.41970812862682
random,1,1,5584,44.75,27920,99.41955785224732
random,1,1,5585,44.769999999999996,27925,99.41940763238401
random,1,1,5586,44.769999999999996,27930,99.41951678694697
random,1,1,5587,44.81,27935,99.4191073620785
random,1,1,5588,44.83,27940,99.41895731157264
random,1,1,5589,44.83,27945,99.4190664892204
random,1,1,5590,44.83,27950,99.41917562584702
random,1,1,5591,44.879999999999995,27955,99.41863703546339
random,1,1,5592,44.940000000000005,27960,99.41796913449134
random,1,1,5593,44.940000000000005,27965,99.41807841568159
random,1,1,5594,44.95,27970,99.41805819159156
random,1,1,5595,44.95,27975,99.41816741504532
random,1,1,5596,44.95,27980,99.41827659750693
random,1,1,5597,44.95,27985,99.41838573899948
random,1,1,5598,44.98,27990,99.4181067382153
random,1,1,5599,44.99,27995,99.41808652777831
random,1,1,5600,44.99,28000,99.41819564351519
random,1,1,5601,44.99,28005,99.41830471833872
random,1,1,5602,44.99,28010,99.41841375227192
random,1,1,5603,44.99,28015,99.41852274533778
random,1,1,5604,45.01,28020,99.41837325421521
random,1,1,5605,45.01,28025,99.4184822140311
random,1,1,5606,45.050000000000004,28030,99.4180744399693
random,1,1,5607,45.050000000000004,28035,99.41818266352232
random,1,1,5608,45.07,28040,99.41803259637261
random,1,1,5609,45.07,28045,99.41814078746583
random,1,1,5610,45.07,28050,99.4182489383398
random,1,1,5611,45.07,28055,99.418357049017
random,1,1,5612,45.08,28060,99.41833233765111
random,1,1,5613,45.1,28065,99.41817862819164
random,1,1,5614,45.1,28070,99.41828669308238
random,1,1,5615,45.1,28075,99.41839471783761
random,1,1,5616,45.1,28080,99.41850345223283
random,1,1,5617,45.1,28085,99.41861214597863
random,1,1,5618,45.129999999999995,28090,99.41833413887547
random,1,1,5619,45.190000000000005,28095,99.4176696476895
random,1,1,5620,45.25,28100,99.41700540477862
random,1,1,5621,45.25,28105,99.41711429712358
random,1,1,5622,45.31,28110,99.41645040601193
random,1,1,5623,45.35,28115,99.41604354370789
random,1,1,5624,45.37,28120,99.41589055769127
random,1,1,5625,45.37,28125,99.41599506743025
random,1,1,5626,45.37,28130,99.41609953977782
random,1,1,5627,45.37,28135,99.41620773071182
random,1,1,5628,45.37,28140,99.41631588155985
random,1,1,5629,45.37,28145,99.41642399234418
random,1,1,5630,45.42,28150,99.4158890523565
random,1,1,5631,45.51,28155,99.41483623515072
random,1,1,5632,45.59,28160,99.41390858310889
random,1,1,5633,45.64,28165,99.41336685522732
random,1,1,5634,45.64,28170,99.41346787759933
random,1,1,5635,45.739999999999995,28175,99.412283959104
random,1,1,5636,45.75,28180,99.41226043992467
random,1,1,5637,45.769999999999996,28185,99.41210848441644
random,1,1,5638,45.769999999999996,28190,99.41220965250123
random,1,1,5639,45.800000000000004,28195,99.4119255841903
random,1,1,5640,45.800000000000004,28200,99.41203052306176
random,1,1,5641,45.800000000000004,28205,99.41213542448828
random,1,1,5642,45.800000000000004,28210,99.4122365170522
random,1,1,5643,45.82,28215,99.41208095370683
random,1,1,5644,45.82,28220,99.41218202087767
random,1,1,5645,45.82,28225,99.41228305330625
random,1,1,5646,45.82,28230,99.4123840510105
random,1,1,5647,45.82,28235,99.4124850140083
random,1,1,5648,45.82,28240,99.41258970762813
random,1,1,5649,45.82,28245,99.41269059997335
random,1,1,5650,45.82,28250,99.4127914576664
random,1,1,5651,45.839999999999996,28255,99.4126360137154
random,1,1,5652,45.87,28260,99.4123562758223
random,1,1,5653,45.87,28265,99.41246090117508
random,1,1,5654,45.87,28270,99.41256548927903
random,1,1,5655,45.9,28275,99.4122821506632
random,1,1,5656,45.9,28280,99.41238297267645
random,1,1,5657,45.93,28285,99.41210352507488
random,1,1,5658,45.93,28290,99.41220810367047
random,1,1,5659,45.93,28295,99.41230888522942
random,1,1,5660,45.93,28300,99.41241339078285
random,1,1,5661,45.93,28305,99.4125178591757
random,1,1,5662,45.93,28310,99.41262229042778
random,1,1,5663,45.94,28315,99.41260257718382
random,1,1,5664,45.94,28320,99.41271070952831
random,1,1,5665,45.94,28325,99.41281880206856
random,1,1,5666,45.94,28330,99.41292685482654
random,1,1,5667,45.94,28335,99.41303111803902
random,1,1,5668,45.96,28340,99.41287985242793
random,1,1,5669,46.01,28345,99.4123454708708
random,1,1,5670,46.07,28350,99.41168357847582
random,1,1,5671,46.07,28355,99.41178423321281
random,1,1,5672,46.089999999999996,28360,99.41162953979703
random,1,1,5673,46.089999999999996,28365,99.41173016934614
random,1,1,5674,46.089999999999996,28370,99.41183076447963
random,1,1,5675,46.12,28375,99.41154855107229
random,1,1,5676,46.12,28380,99.41164914286006
random,1,1,5677,46.129999999999995,28385,99.41162215249612
random,1,1,5678,46.129999999999995,28390,99.4117226973273
random,1,1,5679,46.18,28395,99.41118568689053
random,1,1,5680,46.18,28400,99.41129002443823
random,1,1,5681,46.19,28405,99.41126311402174
random,1,1,5682,46.19,28410,99.41136365084523
random,1,1,5683,46.19,28415,99.41146415333786
random,1,1,5684,46.19,28420,99.41156462151719
random,1,1,5685,46.19,28425,99.4116650554008
random,1,1,5686,46.19,28430,99.41176545500623
random,1,1,5687,46.19,28435,99.41186582035104
random,1,1,5688,46.19,28440,99.41196615145277
random,1,1,5689,46.19,28445,99.41207019008755
random,1,1,5690,46.19,28450,99.41217793230183
random,1,1,5691,46.19,28455,99.41228563503434
random,1,1,5692,46.19,28460,99.41239404583047
random,1,1,5693,46.19,28465,99.41250166939068
random,1,1,5694,46.19,28470,99.41260925353433
random,1,1,5695,46.19,28475,99.41271754498388
random,1,1,5696,46.19,28480,99.41282579651153
random,1,1,5697,46.19,28485,99.41293400813936
random,1,1,5698,46.19,28490,99.41304217988942
random,1,1,5699,46.19,28495,99.41314956618298
random,1,1,5700,46.19,28500,99.41325765851823
random,1,1,5701,46.19,28505,99.41336571104166
random,1,1,5702,46.19,28510,99.4134737237752
random,1,1,5703,46.19,28515,99.41358169674086
random,1,1,5704,46.19,28520,99.4136896299606
random,1,1,5705,46.19,28525,99.41379752345635
random,1,1,5706,46.19,28530,99.41390537725003
random,1,1,5707,46.19,28535,99.41401319136358
random,1,1,5708,46.19,28540,99.41412096581887
random,1,1,5709,46.2,28545,99.41410188286349
random,1,1,5710,46.21,28550,99.41408280692501
random,1,1,5711,46.239999999999995,28555,99.41381019569663
random,1,1,5712,46.25,28560,99.41379118037742
random,1,1,5713,46.27,28565,99.41364544748345
random,1,1,5714,46.33,28570,99.41299296301082
random,1,1,5715,46.39,28575,99.41234071823898
random,1,1,5716,46.400000000000006,28580,99.41232198675698
random,1,1,5717,46.400000000000006,28585,99.41242989364221
random,1,1,5718,46.400000000000006,28590,99.41253701713138
random,1,1,5719,46.45,28595,99.41201117495231
random,1,1,5720,46.489999999999995,28600,99.4116128313712
random,1,1,5721,46.5,28605,99.41159350601693
random,1,1,5722,46.51,28610,99.41157046541727
random,1,1,5723,46.56,28615,99.41104145478833
random,1,1,5724,46.56,28620,99.41114499163386
random,1,1,5725,46.56,28625,99.41124849208296
random,1,1,5726,46.56,28630,99.41135567720647
random,1,1,5727,46.56,28635,99.41146282330992
random,1,1,5728,46.589999999999996,28640,99.41119078732854
random,1,1,5729,46.589999999999996,28645,99.41129420505764
random,1,1,5730,46.63,28650,99.41088851857982
random,1,1,5731,46.64,28655,99.41086191760404
random,1,1,5732,46.660000000000004,28660,99.41071275214574
random,1,1,5733,46.660000000000004,28665,99.41081618247777
random,1,1,5734,46.67,28670,99.41079332695352
random,1,1,5735,46.69,28675,99.41064425204583
random,1,1,5736,46.69,28680,99.41074763996164
random,1,1,5737,46.69,28685,99.41085099161009
random,1,1,5738,46.69,28690,99.41095059125725
random,1,1,5739,46.69,28695,99.4110538717311
random,1,1,5740,46.69,28700,99.4111571159941
random,1,1,5741,46.69,28705,99.41126032406532
random,1,1,5742,46.69,28710,99.41136349596376
random,1,1,5743,46.69,28715,99.41147034095393
random,1,1,5744,46.72,28720,99.41119906437112
random,1,1,5745,46.72,28725,99.4113059004235
random,1,1,5746,46.72,28730,99.41140899012296
random,1,1,5747,46.78,28735,99.41075628008097
random,1,1,5748,46.81,28740,99.41048532636142
random,1,1,5749,46.81,28745,99.4105885049019
random,1,1,5750,46.839999999999996,28750,99.41031396626805
random,1,1,5751,46.87,28755,99.41004323664353
random,1,1,5752,46.9,28760,99.4097726051429
random,1,1,5753,46.9,28765,99.40987954748205
random,1,1,5754,46.92,28770,99.40973484614987
random,1,1,5755,46.92,28775,99.40984175658866
random,1,1,5756,46.92,28780,99.40994491813174
random,1,1,5757,46.92,28785,99.4100480436152
random,1,1,5758,46.92,28790,99.41015113305794
random,1,1,5759,46.92,28795,99.41025418647882
random,1,1,5760,46.92,28800,99.41036090888869
random,1,1,5761,46.92,28805,99.41046833340454
random,1,1,5762,46.94,28810,99.41032373151766
random,1,1,5763,46.94,28815,99.41043038330817
random,1,1,5764,46.94,28820,99.41053699652652
random,1,1,5765,46.94,28825,99.4106435711936
random,1,1,5766,46.94,28830,99.41075010733034
random,1,1,5767,46.94,28835,99.41085290776849
random,1,1,5768,46.94,28840,99.41095567234377
random,1,1,5769,46.94,28845,99.411058401075
random,1,1,5770,46.94,28850,99.41115740061242
random,1,1,5771,46.94,28855,99.41126005899942
random,1,1,5772,46.96,28860,99.41111187745709
random,1,1,5773,46.97,28865,99.41108912777999
random,1,1,5774,46.97,28870,99.41119543497827
random,1,1,5775,46.97,28875,99.41130170380342
random,1,1,5776,46.97,28880,99.41140424636059
random,1,1,5777,46.97,28885,99.4115067532012
random,1,1,5778,46.97,28890,99.41160922434386
random,1,1,5779,46.97,28895,99.41170797569679
random,1,1,5780,46.97,28900,99.4118066939078
random,1,1,5781,46.98,28905,99.4117801725595
random,1,1,5782,46.989999999999995,28910,99.41175366010904
random,1,1,5783,46.989999999999995,28915,99.4118523209867
random,1,1,5784,46.989999999999995,28920,99.41195462827623
random,1,1,5785,46.989999999999995,28925,99.4120568999796
random,1,1,5786,46.989999999999995,28930,99.41215913611538
random,1,1,5787,46.989999999999995,28935,99.41226133670207
random,1,1,5788,46.989999999999995,28940,99.41236350175828
random,1,1,5789,46.989999999999995,28945,99.4124656313025
random,1,1,5790,46.989999999999995,28950,99.41256405352055
random,1,1,5791,46.989999999999995,28955,99.41266611337205
random,1,1,5792,46.989999999999995,28960,99.41276813776642
random,1,1,5793,46.989999999999995,28965,99.41286645866887
random,1,1,5794,46.989999999999995,28970,99.41296841347813
random,1,1,5795,46.989999999999995,28975,99.41306666733283
random,1,1,5796,46.989999999999995,28980,99.41316855262812
random,1,1,5797,46.989999999999995,28985,99.41326673950367
random,1,1,5798,46.989999999999995,28990,99.41336489352804
random,1,1,5799,46.989999999999995,28995,99.41346301471772
random,1,1,5800,46.989999999999995,29000,99.41356476246814
random,1,1,5801,46.989999999999995,29005,99.41366647492391
random,1,1,5802,46.989999999999995,29010,99.41376449526234
random,1,1,5803,46.989999999999995,29015,99.41386248283311
random,1,1,5804,47.0,29020,99.4138393770235
random,1,1,5805,47.0,29025,99.41394097263354
random,1,1,5806,47.02,29030,99.41379684357901
random,1,1,5807,47.02,29035,99.41390206355834
random,1,1,5808,47.02,29040,99.41400724577174
random,1,1,5809,47.02,29045,99.41411239023952
random,1,1,5810,47.02,29050,99.41421749698202
random,1,1,5811,47.02,29055,99.41432329553382
random,1,1,5812,47.02,29060,99.41442905587581
random,1,1,5813,47.02,29065,99.41453477802874
random,1,1,5814,47.02,29070,99.41464046201325
random,1,1,5815,47.02,29075,99.41474610785002
random,1,1,5816,47.02,29080,99.41485171555969
random,1,1,5817,47.03,29085,99.41483286093602
random,1,1,5818,47.03,29090,99.41493841489736
random,1,1,5819,47.03,29095,99.41504393078539
random,1,1,5820,47.03,29100,99.41514940862068
random,1,1,5821,47.03,29105,99.4152548484238
random,1,1,5822,47.03,29110,99.41536025021537
random,1,1,5823,47.03,29115,99.4154656140159
random,1,1,5824,47.03,29120,99.41557093984594
random,1,1,5825,47.03,29125,99.415676227726
random,1,1,5826,47.03,29130,99.41578147767659
random,1,1,5827,47.03,29135,99.4158866897182
random,1,1,5828,47.05,29140,99.41574350829569
random,1,1,5829,47.07,29145,99.41560037842576
random,1,1,5830,47.07,29150,99.41570556625169
random,1,1,5831,47.08,29155,99.41568660547179
random,1,1,5832,47.099999999999994,29160,99.41554356309959
random,1,1,5833,47.13,29165,99.41527650610033
random,1,1,5834,47.160000000000004,29170,99.41500954516867
random,1,1,5835,47.199999999999996,29175,99.4146186587822
random,1,1,5836,47.199999999999996,29180,99.41472390964428
random,1,1,5837,47.21,29185,99.41470514578441
random,1,1,5838,47.21,29190,99.41481034326746
random,1,1,5839,47.21,29195,99.41491550294216
random,1,1,5840,47.21,29200,99.41502062482886
random,1,1,5841,47.21,29205,99.41512570894791
random,1,1,5842,47.22,29210,99.41510688977328
random,1,1,5843,47.23,29215,99.41508807735748
random,1,1,5844,47.24,29220,99.41506927169685
random,1,1,5845,47.27,29225,99.4148028751043
random,1,1,5846,47.27,29230,99.4149079040038
random,1,1,5847,47.27,29235,99.41501289520971
random,1,1,5848,47.27,29240,99.41511784874233
random,1,1,5849,47.27,29245,99.4152227646219
random,1,1,5850,47.27,29250,99.41532764286872
random,1,1,5851,47.27,29255,99.41543248350301
random,1,1,5852,47.29,29260,99.41528999959198
random,1,1,5853,47.29,29265,99.4153948093883
random,1,1,5854,47.31,29270,99.41525238330077
random,1,1,5855,47.31,29275,99.41535716227638
random,1,1,5856,47.31,29280,99.41546190370875
random,1,1,5857,47.36,29285,99.4149489439186
random,1,1,5858,47.410000000000004,29290,99.41443616786081
random,1,1,5859,47.44,29295,99.41417055243815
random,1,1,5860,47.44,29300,99.41427543129898
random,1,1,5861,47.44,29305,99.41438027261438
random,1,1,5862,47.449999999999996,29310,99.41436165420308
random,1,1,5863,47.449999999999996,29315,99.41446644257206
random,1,1,5864,47.449999999999996,29320,99.41457119344813
random,1,1,5865,47.46,29325,99.41455255087817
random,1,1,5866,47.47,29330,99.41453391497606
random,1,1,5867,47.47,29335,99.41463859759887
random,1,1,5868,47.47,29340,99.4147432427934
random,1,1,5869,47.47,29345,99.41484785057972
random,1,1,5870,47.47,29350,99.41495242097791
random,1,1,5871,47.47,29355,99.41505695400798
random,1,1,5872,47.47,29360,99.41516144968996
random,1,1,5873,47.47,29365,99.41526590804388
random,1,1,5874,47.47,29370,99.41537032908973
random,1,1,5875,47.47,29375,99.41547471284748
random,1,1,5876,47.47,29380,99.41557905933713
random,1,1,5877,47.47,29385,99.41568336857861
random,1,1,5878,47.48,29390,99.41566457078791
random,1,1,5879,47.49,29395,99.41564577970497
random,1,1,5880,47.49,29400,99.41575002122197
random,1,1,5881,47.5,29405,99.41573122160146
random,1,1,5882,47.5,29410,99.4158354107046
random,1,1,5883,47.5,29415,99.41593956265554
random,1,1,5884,47.5,29420,99.41604367747416
random,1,1,5885,47.5,29425,99.4161477551803
random,1,1,5886,47.510000000000005,29430,99.41612890143504
random,1,1,5887,47.510000000000005,29435,99.41623292687123
random,1,1,5888,47.510000000000005,29440,99.41633691524662
random,1,1,5889,47.52,29445,99.41631803788529
random,1,1,5890,47.52,29450,99.41642197407057
random,1,1,5891,47.53,29455,99.4164030882873
random,1,1,5892,47.53,29460,99.41650697233042
random,1,1,5893,47.53,29465,99.41661081939607
random,1,1,5894,47.53,29470,99.41671462950396
random,1,1,5895,47.53,29475,99.41681840267383
random,1,1,5896,47.53,29480,99.41692213892539
random,1,1,5897,47.54,29485,99.4169031843415
random,1,1,5898,47.54,29490,99.41700686862542
random,1,1,5899,47.54,29495,99.41711051604234
random,1,1,5900,47.55,29500,99.41709153808151
random,1,1,5901,47.55,29505,99.41719513361001
random,1,1,5902,47.55,29510,99.41729869232267
random,1,1,5903,47.57,29515,99.41715716785188
random,1,1,5904,47.57,29520,99.41726069651862
random,1,1,5905,47.57,29525,99.41736418841293
random,1,1,5906,47.58,29530,99.41734518562785
random,1,1,5907,47.58,29535,99.41744862577625
random,1,1,5908,47.58,29540,99.4175520292032
random,1,1,5909,47.58,29545,99.41765539592824
random,1,1,5910,47.620000000000005,29550,99.41726924192382
random,1,1,5911,47.620000000000005,29555,99.4173719092999
random,1,1,5912,47.620000000000005,29560,99.41747454050582
random,1,1,5913,47.620000000000005,29565,99.41757357383803
random,1,1,5914,47.620000000000005,29570,99.41767257350324
random,1,1,5915,47.620000000000005,29575,99.41777153951867
random,1,1,5916,47.620000000000005,29580,99.41786691376558
random,1,1,5917,47.620000000000005,29585,99.41796225677129
random,1,1,5918,47.620000000000005,29590,99.41805756855115
random,1,1,5919,47.620000000000005,29595,99.41815284912052
random,1,1,5920,47.620000000000005,29600,99.41824809849467
random,1,1,5921,47.620000000000005,29605,99.41834331668899
random,1,1,5922,47.620000000000005,29610,99.41843850371872
random,1,1,5923,47.620000000000005,29615,99.4185336595992
random,1,1,5924,47.620000000000005,29620,99.41862878434571
random,1,1,5925,47.620000000000005,29625,99.41872387797352
random,1,1,5926,47.620000000000005,29630,99.4188189404979
random,1,1,5927,47.620000000000005,29635,99.41891751728177
random,1,1,5928,47.63,29640,99.41889760129031
random,1,1,5929,47.64,29645,99.4188776922955
random,1,1,5930,47.64,29650,99.4189797508833
random,1,1,5931,47.64,29655,99.41907823177364
random,1,1,5932,47.64,29660,99.41917313858646
random,1,1,5933,47.660000000000004,29665,99.41902775526026
random,1,1,5934,47.71,29670,99.41851678513275
random,1,1,5935,47.77,29675,99.41788413006152
random,1,1,5936,47.870000000000005,29680,99.41676078663582
random,1,1,5937,47.92,29685,99.41624690124803
random,1,1,5938,47.980000000000004,29690,99.4156149440827
random,1,1,5939,47.99,29695,99.4155920859551
random,1,1,5940,48.03,29700,99.41520396633679
random,1,1,5941,48.1,29705,99.4144543347422
random,1,1,5942,48.1,29710,99.41455696202532
random,1,1,5943,48.13,29715,99.4142909123213
random,1,1,5944,48.16,29720,99.41402495260854
random,1,1,5945,48.16,29725,99.41412403879724
random,1,1,5946,48.22,29730,99.41348973607037
random,1,1,5947,48.26,29735,99.41309886474883
random,1,1,5948,48.29,29740,99.4128332830754
random,1,1,5949,48.309999999999995,29745,99.41268936239534
random,1,1,5950,48.309999999999995,29750,99.41278502291853
random,1,1,5951,48.309999999999995,29755,99.41288421994176
random,1,1,5952,48.309999999999995,29760,99.41298694986513
random,1,1,5953,48.309999999999995,29765,99.41308964384467
random,1,1,5954,48.309999999999995,29770,99.41319230189926
random,1,1,5955,48.309999999999995,29775,99.41329492404775
random,1,1,5956,48.309999999999995,29780,99.41339751030895
random,1,1,5957,48.309999999999995,29785,99.41350077273185
random,1,1,5958,48.309999999999995,29790,99.4136039988056
random,1,1,5959,48.309999999999995,29795,99.4137071885494
random,1,1,5960,48.309999999999995,29800,99.41380963070371
random,1,1,5961,48.309999999999995,29805,99.41391203706512
random,1,1,5962,48.339999999999996,29810,99.41365051678568
random,1,1,5963,48.339999999999996,29815,99.41375291516638
random,1,1,5964,48.339999999999996,29820,99.41385598851478
random,1,1,5965,48.35,29825,99.4138370818664
random,1,1,5966,48.35,29830,99.4139393939394
random,1,1,5967,48.35,29835,99.41403811963802
random,1,1,5968,48.4,29840,99.4135309556295
random,1,1,5969,48.4,29845,99.41362971685827
random,1,1,5970,48.4,29850,99.41373199557634
random,1,1,5971,48.4,29855,99.41383423862034
random,1,1,5972,48.4,29860,99.4139371556578
random,1,1,5973,48.4,29865,99.41404003656197
random,1,1,5974,48.4,29870,99.41414288135184
random,1,1,5975,48.4,29875,99.41424569004641
random,1,1,5976,48.4,29880,99.41434846266472
random,1,1,5977,48.4,29885,99.41445119922572
random,1,1,5978,48.41,29890,99.41443293981034
random,1,1,5979,48.42,29895,99.41441468679893
random,1,1,5980,48.44,29900,99.41427552266599
random,1,1,5981,48.44,29905,99.4143781999746
random,1,1,5982,48.44,29910,99.41448084129094
random,1,1,5983,48.44,29915,99.41458344663391
random,1,1,5984,48.44,29920,99.41468601602243
random,1,1,5985,48.44,29925,99.41478784247113
random,1,1,5986,48.44,29930,99.41489034025504
random,1,1,5987,48.44,29935,99.414992802141
random,1,1,5988,48.44,29940,99.41509522814788
random,1,1,5989,48.46,29945,99.4149561639668
random,1,1,5990,48.49,29950,99.4146957359335
random,1,1,5991,48.49,29955,99.41479392273929
random,1,1,5992,48.53,29960,99.41440941385436
random,1,1,5993,48.53,29965,99.41450408387323
random,1,1,5994,48.53,29970,99.41460225401654
random,1,1,5995,48.53,29975,99.41470039124499
random,1,1,5996,48.53,29980,99.41479849557511
random,1,1,5997,48.53,29985,99.41489656702346
random,1,1,5998,48.54,29990,99.41487758718372
random,1,1,5999,48.54,29995,99.41497913738951
random,1,1,6000,48.55,30000,99.41496014980876
random,1,1,6001,48.55,30005,99.41506165045385
random,1,1,6002,48.58,30010,99.41480243860424
random,1,1,6003,48.58,30015,99.4149046359594
random,1,1,6004,48.59,30020,99.41488567451314
random,1,1,6005,48.6,30025,99.4148667196417
random,1,1,6006,48.6,30030,99.41496814826584
random,1,1,6007,48.6,30035,99.41506954173227
random,1,1,6008,48.6,30040,99.4151709000592
random,1,1,6009,48.620000000000005,30045,99.41503159455024
random,1,1,6010,48.620000000000005,30050,99.41513292433538
random,1,1,6011,48.620000000000005,30055,99.41523492233401
random,1,1,6012,48.63,30060,99.41521663319665
random,1,1,6013,48.64,30065,99.41519835043614
random,1,1,6014,48.64,30070,99.41530028369476
random,1,1,6015,48.64,30075,99.41540218142484
random,1,1,6016,48.64,30080,99.41550404364493
random,1,1,6017,48.64,30085,99.4156058703736
random,1,1,6018,48.64,30090,99.41570766162938
random,1,1,6019,48.64,30095,99.41580941743084
random,1,1,6020,48.64,30100,99.41591113779646
random,1,1,6021,48.66,30105,99.41577269643832
random,1,1,6022,48.66,30110,99.4158743877845
random,1,1,6023,48.66,30115,99.41597604373578
random,1,1,6024,48.66,30120,99.41607766431065
random,1,1,6025,48.66,30125,99.41617924952759
random,1,1,6026,48.66,30130,99.416280099182
random,1,1,6027,48.66,30135,99.41638091400074
random,1,1,6028,48.66,30140,99.41648169400185
random,1,1,6029,48.66,30145,99.41658243920337
random,1,1,6030,48.66,30150,99.41668384887964
random,1,1,6031,48.66,30155,99.41678522330798
random,1,1,6032,48.66,30160,99.41688656250675
random,1,1,6033,48.66,30165,99.4169878664943
random,1,1,6034,48.66,30170,99.41708913528899
random,1,1,6035,48.66,30175,99.41719036890916
random,1,1,6036,48.66,30180,99.41729156737313
random,1,1,6037,48.66,30185,99.41739273069918
random,1,1,6038,48.66,30190,99.41749385890566
random,1,1,6039,48.66,30195,99.41759495201083
random,1,1,6040,48.66,30200,99.41769601003296
random,1,1,6041,48.66,30205,99.41779703299031
random,1,1,6042,48.66,30210,99.41789802090112
random,1,1,6043,48.66,30215,99.41799897378364
random,1,1,6044,48.66,30220,99.41809989165608
random,1,1,6045,48.66,30225,99.41820077453666
random,1,1,6046,48.66,30230,99.41830162244356
random,1,1,6047,48.66,30235,99.41840243539498
random,1,1,6048,48.66,30240,99.41850321340908
random,1,1,6049,48.66,30245,99.41860395650403
random,1,1,6050,48.66,30250,99.41870466469796
random,1,1,6051,48.66,30255,99.41880533800901
random,1,1,6052,48.66,30260,99.4189059764553
random,1,1,6053,48.69,30265,99.4186483843583
random,1,1,6054,48.730000000000004,30270,99.41827150354075
random,1,1,6055,48.75,30275,99.41813346765002
random,1,1,6056,48.75,30280,99.41823415269832
random,1,1,6057,48.8,30285,99.41773822321865
random,1,1,6058,48.86,30290,99.41712317001011
random,1,1,6059,48.86,30295,99.41722397754774
random,1,1,6060,48.86,30300,99.41732475022242
random,1,1,6061,48.86,30305,99.41742548805222
random,1,1,6062,48.86,30310,99.41752619105523
random,1,1,6063,48.86,30315,99.4176268592495
random,1,1,6064,48.86,30320,99.41772749265307
random,1,1,6065,48.86,30325,99.417828091284
random,1,1,6066,48.86,30330,99.41792865516025
random,1,1,6067,48.86,30335,99.4180291842999
random,1,1,6068,48.88,30340,99.41789150012028
random,1,1,6069,48.88,30345,99.41799200096207
random,1,1,6070,48.88,30350,99.41809246710699
random,1,1,6071,48.88,30355,99.41819289857298
random,1,1,6072,48.88,30360,99.418293295378
random,1,1,6073,48.88,30365,99.41839365754001
random,1,1,6074,48.88,30370,99.41849398507689
random,1,1,6075,48.88,30375,99.41859427800661
random,1,1,6076,48.88,30380,99.41869453634705
random,1,1,6077,48.88,30385,99.4187947601161
random,1,1,6078,48.88,30390,99.41889494933164
random,1,1,6079,48.88,30395,99.41899510401151
random,1,1,6080,48.88,30400,99.41909522417363
random,1,1,6081,48.88,30405,99.41919530983577
random,1,1,6082,48.88,30410,99.4192953610158
random,1,1,6083,48.88,30415,99.41939537773153
random,1,1,6084,48.88,30420,99.41949536000077
random,1,1,6085,48.88,30425,99.41959530784128
random,1,1,6086,48.88,30430,99.41969522127087
random,1,1,6087,48.88,30435,99.41979510030731
random,1,1,6088,48.88,30440,99.41989494496835
random,1,1,6089,48.88,30445,99.41999475527172
random,1,1,6090,48.88,30450,99.42009453123516
random,1,1,6091,48.88,30455,99.4201942728764
random,1,1,6092,48.88,30460,99.42029398021315
random,1,1,6093,48.88,30465,99.42039365326308
random,1,1,6094,48.88,30470,99.42049329204387
random,1,1,6095,48.88,30475,99.42059289657323
random,1,1,6096,48.88,30480,99.42069246686877
random,1,1,6097,48.88,30485,99.42079200294818
random,1,1,6098,48.88,30490,99.42089150482907
random,1,1,6099,48.88,30495,99.42099097252905
random,1,1,6100,48.88,30500,99.42109040606576
random,1,1,6101,48.88,30505,99.42118980545678
random,1,1,6102,48.88,30510,99.42128917071969
random,1,1,6103,48.88,30515,99.42138850187209
random,1,1,6104,48.88,30520,99.42148779893151
random,1,1,6105,48.88,30525,99.4215870619155
random,1,1,6106,48.88,30530,99.42168629084162
random,1,1,6107,48.88,30535,99.4217854857274
random,1,1,6108,48.88,30540,99.42188464659033
random,1,1,6109,48.88,30545,99.4219837734479
random,1,1,6110,48.88,30550,99.42208286631765
random,1,1,6111,48.88,30555,99.422181925217
random,1,1,6112,48.88,30560,99.42228095016345
random,1,1,6113,48.88,30565,99.42237994117446
random,1,1,6114,48.88,30570,99.42247889826744
random,1,1,6115,48.88,30575,99.42257782145984
random,1,1,6116,48.88,30580,99.42267671076907
random,1,1,6117,48.88,30585,99.42277556621252
random,1,1,6118,48.88,30590,99.42287438780764
random,1,1,6119,48.88,30595,99.42297317557176
random,1,1,6120,48.89,30600,99.42295390004791
random,1,1,6121,48.89,30605,99.4230526403986
random,1,1,6122,48.9,30610,99.42303335787507
random,1,1,6123,48.91,30615,99.42301408194828
random,1,1,6124,48.94,30620,99.42275891515476
random,1,1,6125,48.94,30625,99.42285762131017
random,1,1,6126,48.94,30630,99.42295629371453
random,1,1,6127,48.980000000000004,30635,99.422583379408
random,1,1,6128,48.980000000000004,30640,99.42268206495474
random,1,1,6129,49.03,30645,99.4221914770002
random,1,1,6130,49.09,30650,99.42158322885933
random,1,1,6131,49.09,30655,99.42168203468023
random,1,1,6132,49.09,30660,99.42178080675063
random,1,1,6133,49.09,30665,99.42187954508786
random,1,1,6134,49.09,30670,99.42197824970917
random,1,1,6135,49.09,30675,99.42207692063182
random,1,1,6136,49.09,30680,99.42217555787309
random,1,1,6137,49.09,30685,99.42227416145019
random,1,1,6138,49.09,30690,99.42237273138036
random,1,1,6139,49.09,30695,99.42247126768086
random,1,1,6140,49.09,30700,99.42256977036885
random,1,1,6141,49.09,30705,99.42266823946156
random,1,1,6142,49.120000000000005,30710,99.42241391474491
random,1,1,6143,49.120000000000005,30715,99.42251237683418
random,1,1,6144,49.16,30720,99.4221406187186
random,1,1,6145,49.220000000000006,30725,99.42153393405111
random,1,1,6146,49.220000000000006,30730,99.42163249574627
random,1,1,6147,49.230000000000004,30735,99.42161353727438
random,1,1,6148,49.230000000000004,30740,99.42171205183566
random,1,1,6149,49.29,30745,99.42110585341963
random,1,1,6150,49.38,30750,99.42014758171716
random,1,1,6151,49.46,30755,99.41930704286867
random,1,1,6152,49.46,30760,99.41940588294678
random,1,1,6153,49.46,30765,99.41950468938336
random,1,1,6154,49.46,30770,99.41960346219561
random,1,1,6155,49.47,30775,99.4195848747127
random,1,1,6156,49.49,30780,99.41944898682176
random,1,1,6157,49.5,30785,99.41943043193203
random,1,1,6158,49.5,30790,99.41952915019068
random,1,1,6159,49.5,30795,99.41962783488353
random,1,1,6160,49.5,30800,99.41972648602771
random,1,1,6161,49.5,30805,99.41982510364033
random,1,1,6162,49.5,30810,99.41992368773847
random,1,1,6163,49.5,30815,99.42002223833923
random,1,1,6164,49.5,30820,99.42012075545965
random,1,1,6165,49.5,30825,99.42021923911682
random,1,1,6166,49.54,30830,99.41984925917772
random,1,1,6167,49.55,30835,99.41983066783287
random,1,1,6168,49.559999999999995,30840,99.4198120827997
random,1,1,6169,49.62,30845,99.41920826451891
random,1,1,6170,49.66,30850,99.41883870726136
random,1,1,6171,49.72,30855,99.41823525901519
random,1,1,6172,49.79,30860,99.41751502715299
random,1,1,6173,49.86,30865,99.41679503959969
random,1,1,6174,49.93,30870,99.41607529623097
random,1,1,6175,49.93,30875,99.41617429880696
random,1,1,6176,49.93,30880,99.41627326781753
random,1,1,6177,49.96,30885,99.41602153566699
random,1,1,6178,49.99,30890,99.41576988883382
random,1,1,6179,49.99,30895,99.4158688760588
random,1,1,6180,50.0,30900,99.41585099994626
random,1,1,6181,50.029999999999994,30905,99.41559950986519
random,1,1,6182,50.029999999999994,30910,99.41569847565391
random,1,1,6183,50.05,30915,99.41556386701713
random,1,1,6184,50.09,30920,99.41519580257926
random,1,1,6185,50.09,30925,99.41529478644661
random,1,1,6186,50.12,30930,99.41504360329405
random,1,1,6187,50.13999999999999,30935,99.41490919656786
random,1,1,6188,50.13999999999999,30940,99.41500817868501
random,1,1,6189,50.13999999999999,30945,99.41510712731744
random,1,1,6190,50.13999999999999,30950,99.41520604248211
random,1,1,6191,50.13999999999999,30955,99.41530492419605
random,1,1,6192,50.160000000000004,30960,99.41517058690476
random,1,1,6193,50.19,30965,99.41491972194989
random,1,1,6194,50.19,30970,99.41501860191893
random,1,1,6195,50.19,30975,99.41511744847172
random,1,1,6196,50.2,30980,99.41509974763069
random,1,1,6197,50.2,30985,99.41519854708292
random,1,1,6198,50.2,30990,99.41529731316304
random,1,1,6199,50.2,30995,99.41539604588792
random,1,1,6200,50.2,31000,99.41549474527447
random,1,1,6201,50.2,31005,99.41559341133959
random,1,1,6202,50.2,31010,99.41569204410013
random,1,1,6203,50.22,31015,99.4155578908413
random,1,1,6204,50.22,31020,99.41565649631265
random,1,1,6205,50.22,31025,99.41575506851675
random,1,1,6206,50.22,31030,99.41585360747037
random,1,1,6207,50.22,31035,99.41595211319039
random,1,1,6208,50.23,31040,99.41593430743507
random,1,1,6209,50.23,31045,99.41603276633987
random,1,1,6210,50.23,31050,99.41613119205482
random,1,1,6211,50.23,31055,99.41622958459673
random,1,1,6212,50.24999999999999,31060,99.41609554419895
random,1,1,6213,50.24999999999999,31065,99.41619390959545
random,1,1,6214,50.24999999999999,31070,99.41629224185597
random,1,1,6215,50.24999999999999,31075,99.41639054099726
random,1,1,6216,50.28,31080,99.41614044214472
random,1,1,6217,50.32,31085,99.41577432541789
random,1,1,6218,50.33,31090,99.41575657955833
random,1,1,6219,50.36000000000001,31095,99.41550671366444
random,1,1,6220,50.36000000000001,31100,99.41560506228053
random,1,1,6221,50.39,31105,99.41535530594936
random,1,1,6222,50.44,31110,99.41487362476741
random,1,1,6223,50.44,31115,99.41497203023495
random,1,1,6224,50.480000000000004,31120,99.41460654091377
random,1,1,6225,50.529999999999994,31125,99.41412522855842
random,1,1,6226,50.529999999999994,31130,99.41422371020245
random,1,1,6227,50.57000000000001,31135,99.41385853092571
random,1,1,6228,50.580000000000005,31140,99.4138411368098
random,1,1,6229,50.63999999999999,31145,99.41324440849961
random,1,1,6230,50.63999999999999,31150,99.41334297193222
random,1,1,6231,50.63999999999999,31155,99.41344150225693
random,1,1,6232,50.67,31160,99.41319257058018
random,1,1,6233,50.67,31165,99.413291093071
random,1,1,6234,50.72,31170,99.41281072870744
random,1,1,6235,50.79,31175,99.41209902294307
random,1,1,6236,50.83,31180,99.4117347517435
random,1,1,6237,50.88,31185,99.41125489029878
random,1,1,6238,50.88,31190,99.41135365520688
random,1,1,6239,50.92,31195,99.41098969231962
random,1,1,6240,51.019999999999996,31200,99.409931925898
random,1,1,6241,51.080000000000005,31205,99.40933705369274
random,1,1,6242,51.13999999999999,31210,99.40874238093916
random,1,1,6243,51.160000000000004,31215,99.40861029198422
random,1,1,6244,51.2,31220,99.4082470938229
random,1,1,6245,51.22,31225,99.40811513212252
random,1,1,6246,51.22,31230,99.40821429066592
random,1,1,6247,51.25999999999999,31235,99.40785134134494
random,1,1,6248,51.25999999999999,31240,99.40795051085347
random,1,1,6249,51.32,31245,99.40735676729977
random,1,1,6250,51.35999999999999,31250,99.40699414383624
random,1,1,6251,51.35999999999999,31255,99.40709340703107
random,1,1,6252,51.44,31260,99.40626926104531
random,1,1,6253,51.53,31265,99.4053299881943
random,1,1,6254,51.53,31270,99.40542947999022
random,1,1,6255,51.53,31275,99.40552893850057
random,1,1,6256,51.61,31280,99.40470560552548
random,1,1,6257,51.62,31285,99.40468982633135
random,1,1,6258,51.62,31290,99.40478935862075
random,1,1,6259,51.67,31295,99.40431242297392
random,1,1,6260,51.7,31300,99.40406618208141
random,1,1,6261,51.7,31305,99.40416576868955
random,1,1,6262,51.739999999999995,31310,99.40380440544065
random,1,1,6263,51.790000000000006,31315,99.40332795303122
random,1,1,6264,51.82,31320,99.4030820410862
random,1,1,6265,51.949999999999996,31325,99.4016844971213
random,1,1,6266,52.05,31330,99.40063287640946
random,1,1,6267,52.059999999999995,31335,99.40061780347034
random,1,1,6268,52.080000000000005,31340,99.40048762181912
random,1,1,6269,52.080000000000005,31345,99.40058767268496
random,1,1,6270,52.080000000000005,31350,99.40068769016199
random,1,1,6271,52.129999999999995,31355,99.40021239361623
random,1,1,6272,52.129999999999995,31360,99.40031244032458
random,1,1,6273,52.129999999999995,31365,99.40041245366223
random,1,1,6274,52.2,31370,99.39970744362769
random,1,1,6275,52.22,31375,99.39957756567911
random,1,1,6276,52.25,31380,99.39933277079459
random,1,1,6277,52.26,31385,99.39931793965823
random,1,1,6278,52.290000000000006,31390,99.39907326962062
random,1,1,6279,52.31,31395,99.39894358388649
random,1,1,6280,52.33,31400,99.3988139413588
random,1,1,6281,52.33,31405,99.39891407101614
random,1,1,6282,52.35999999999999,31410,99.39866963120853
random,1,1,6283,52.35999999999999,31415,99.39876975155045
random,1,1,6284,52.39,31420,99.39852541715173
random,1,1,6285,52.39,31425,99.39862552816841
random,1,1,6286,52.39,31430,99.39872560586515
random,1,1,6287,52.39,31435,99.39882565025859
random,1,1,6288,52.39,31440,99.39892566136534
random,1,1,6289,52.400000000000006,31445,99.39891023802696
random,1,1,6290,52.410000000000004,31450,99.39889481978314
random,1,1,6291,52.410000000000004,31455,99.39899476972933
random,1,1,6292,52.410000000000004,31460,99.39909468644231
random,1,1,6293,52.42,31465,99.39907993429085
random,1,1,6294,52.42,31470,99.39917980363884
random,1,1,6295,52.42,31475,99.39927963979697
random,1,1,6296,52.42,31480,99.3993794427818
random,1,1,6297,52.42,31485,99.39947921260979
random,1,1,6298,52.42,31490,99.39957894929752
random,1,1,6299,52.44,31495,99.39944892223757
random,1,1,6300,52.459999999999994,31500,99.39931893805634
random,1,1,6301,52.459999999999994,31505,99.39941796434059
random,1,1,6302,52.49,31510,99.39917356317892
random,1,1,6303,52.52,31515,99.39892580304405
random,1,1,6304,52.55,31520,99.39868156212346
random,1,1,6305,52.580000000000005,31525,99.3984380899208
random,1,1,6306,52.59,31530,99.39842347829966
random,1,1,6307,52.59,31535,99.3985232424618
random,1,1,6308,52.61,31540,99.39839426959392
random,1,1,6309,52.61,31545,99.39849400551999
random,1,1,6310,52.61,31550,99.39859370838253
random,1,1,6311,52.61,31555,99.39869337819798
random,1,1,6312,52.61,31560,99.39879301498274
random,1,1,6313,52.61,31565,99.39889261875327
random,1,1,6314,52.61,31570,99.39899218952594
random,1,1,6315,52.61,31575,99.39909172731717
random,1,1,6316,52.64,31580,99.39884794416047
random,1,1,6317,52.68000000000001,31585,99.39848662523364
random,1,1,6318,52.68000000000001,31590,99.3985820784766
random,1,1,6319,52.690000000000005,31595,99.39856335516951
random,1,1,6320,52.690000000000005,31600,99.39865533443734
random,1,1,6321,52.7,31605,99.39863660534357
random,1,1,6322,52.739999999999995,31610,99.39827903697264
random,1,1,6323,52.739999999999995,31615,99.3983778789227
random,1,1,6324,52.739999999999995,31620,99.39847325806456
random,1,1,6325,52.75,31625,99.39845456992067
random,1,1,6326,52.78,31630,99.39820784975035
random,1,1,6327,52.800000000000004,31635,99.39807520867866
random,1,1,6328,52.800000000000004,31640,99.39817057532842
random,1,1,6329,52.800000000000004,31645,99.3982659117639
random,1,1,6330,52.81,31650,99.39824727126046
random,1,1,6331,52.81,31655,99.39833913803338
random,1,1,6332,52.839999999999996,31660,99.39808924090214
random,1,1,6333,52.88,31665,99.39772552548106
random,1,1,6334,52.910000000000004,31670,99.39747922891917
random,1,1,6335,52.959999999999994,31675,99.39700529328246
random,1,1,6336,52.959999999999994,31680,99.39710414183534
random,1,1,6337,52.959999999999994,31685,99.39720295798519
random,1,1,6338,52.959999999999994,31690,99.3973017417479
random,1,1,6339,52.959999999999994,31695,99.39740117879981
random,1,1,6340,52.96999999999999,31700,99.39738681804995
random,1,1,6341,52.96999999999999,31705,99.39748620826934
random,1,1,6342,52.96999999999999,31710,99.3975855657089
random,1,1,6343,52.980000000000004,31715,99.39757049664615
random,1,1,6344,52.980000000000004,31720,99.39766980754538
random,1,1,6345,52.980000000000004,31725,99.39776908570708
random,1,1,6346,52.980000000000004,31730,99.39786833114741
random,1,1,6347,52.980000000000004,31735,99.39796754388257
random,1,1,6348,52.980000000000004,31740,99.39806672392872
random,1,1,6349,53.0,31745,99.39793867835044
random,1,1,6350,53.0,31750,99.3980378304829
random,1,1,6351,53.0,31755,99.39813694996246
random,1,1,6352,53.010000000000005,31760,99.39812249643484
random,1,1,6353,53.010000000000005,31765,99.39822156934642
random,1,1,6354,53.010000000000005,31770,99.3983206096473
random,1,1,6355,53.02,31775,99.39830613303313
random,1,1,6356,53.02,31780,99.3984051268319
random,1,1,6357,53.1,31785,99.3975965121859
random,1,1,6358,53.169999999999995,31790,99.39690159185312
random,1,1,6359,53.25,31795,99.39609349039817
random,1,1,6360,53.300000000000004,31800,99.3956258277545
random,1,1,6361,53.38,31805,99.39481820170988
random,1,1,6362,53.44,31810,99.39423754865709
random,1,1,6363,53.49,31815,99.39377042157265
random,1,1,6364,53.52,31820,99.39353008099864
random,1,1,6365,53.53,31825,99.39351641516424
random,1,1,6366,53.53,31830,99.39361603309568
random,1,1,6367,53.53,31835,99.393715618307
random,1,1,6368,53.53,31840,99.39381517081435
random,1,1,6369,53.56999999999999,31845,99.39346179669818
random,1,1,6370,53.56999999999999,31850,99.39356135818709
random,1,1,6371,53.56999999999999,31855,99.39366088699592
random,1,1,6372,53.59,31860,99.39353404764815
random,1,1,6373,53.59,31865,99.39363354827906
random,1,1,6374,53.63,31870,99.39328049379253
random,1,1,6375,53.63,31875,99.39338000337074
random,1,1,6376,53.66,31880,99.39314019976838
random,1,1,6377,53.690000000000005,31885,99.3929004748018
random,1,1,6378,53.690000000000005,31890,99.39299999773887
random,1,1,6379,53.71,31895,99.39287341224133
random,1,1,6380,53.73,31900,99.39274686823296
random,1,1,6381,53.73,31905,99.39284636741779
random,1,1,6382,53.73,31910,99.39294583400181
random,1,1,6383,53.73,31915,99.39304526800107
random,1,1,6384,53.73,31920,99.39314466943156
random,1,1,6385,53.73,31925,99.3932440383093
random,1,1,6386,53.73,31930,99.39334337465027
random,1,1,6387,53.73,31935,99.39344267847044
random,1,1,6388,53.73,31940,99.39354194978577
random,1,1,6389,53.73,31945,99.39364118861224
random,1,1,6390,53.74,31950,99.3936275604962
random,1,1,6391,53.74,31955,99.39372675285057
random,1,1,6392,53.74,31960,99.39382591275786
random,1,1,6393,53.74,31965,99.39392504023394
random,1,1,6394,53.74,31970,99.39402413529477
random,1,1,6395,53.75,31975,99.3940104557154
random,1,1,6396,53.75,31980,99.39410950442102
random,1,1,6397,53.769999999999996,31985,99.39398310997004
random,1,1,6398,53.769999999999996,31990,99.39408213077549
random,1,1,6399,53.790000000000006,31995,99.3939557820945
random,1,1,6400,53.839999999999996,32000,99.39349152420176
random,1,1,6401,53.92,32005,99.39268952265532
random,1,1,6402,53.93,32010,99.39267607664016
random,1,1,6403,53.93,32015,99.39277523000342
random,1,1,6404,53.93,32020,99.39287435099585
random,1,1,6405,54.010000000000005,32025,99.3920729737548
random,1,1,6406,54.03,32030,99.3919470972592
random,1,1,6407,54.03,32035,99.39204630485001
random,1,1,6408,54.03,32040,99.39214548007345
random,1,1,6409,54.1,32045,99.39145722934188
random,1,1,6410,54.14,32050,99.39110660245582
random,1,1,6411,54.22,32055,99.39030629743202
random,1,1,6412,54.279999999999994,32060,99.38973111291997
random,1,1,6413,54.31,32065,99.38949335029997
random,1,1,6414,54.379999999999995,32070,99.38880609260745
random,1,1,6415,54.44,32075,99.38823143371177
random,1,1,6416,54.44,32080,99.3883311011838
random,1,1,6417,54.48,32085,99.38798138331036
random,1,1,6418,54.53,32090,99.38751945942667
random,1,1,6419,54.58,32095,99.38705768597993
random,1,1,6420,54.58,32100,99.38715747964302
random,1,1,6421,54.58,32105,99.38725724081644
random,1,1,6422,54.58,32110,99.38735696951602
random,1,1,6423,54.6,32115,99.3872322086912
random,1,1,6424,54.63,32120,99.38699527819172
random,1,1,6425,54.669999999999995,32125,99.38664623276028
random,1,1,6426,54.71,32130,99.38629730087473
random,1,1,6427,54.76,32135,99.3858363269513
random,1,1,6428,54.769999999999996,32140,99.38582405210347
random,1,1,6429,54.769999999999996,32145,99.38592390030821
random,1,1,6430,54.82,32150,99.38546321186834
random,1,1,6431,54.82,32155,99.38556308626214
random,1,1,6432,54.82,32160,99.38566292819809
random,1,1,6433,54.85,32165,99.38542659909534
random,1,1,6434,54.87,32170,99.38530237476951
random,1,1,6435,54.87,32175,99.38540221040145
random,1,1,6436,54.87,32180,99.38550201360921
random,1,1,6437,54.87,32185,99.38560178440859
random,1,1,6438,54.87,32190,99.38570152281537
random,1,1,6439,54.87,32195,99.3858012288453
random,1,1,6440,54.89000000000001,32200,99.38567706468018
random,1,1,6441,54.89000000000001,32205,99.38577674232278
random,1,1,6442,54.89000000000001,32210,99.385876387624
random,1,1,6443,54.89000000000001,32215,99.3859760005996
random,1,1,6444,54.900000000000006,32220,99.38596373495108
random,1,1,6445,54.92,32225,99.3858396451021
random,1,1,6446,54.92,32230,99.38593921558542
random,1,1,6447,54.92,32235,99.38603875378836
random,1,1,6448,54.94,32240,99.38591471211538
random,1,1,6449,54.94,32245,99.3860142220295
random,1,1,6450,54.94,32250,99.38611369969853
random,1,1,6451,54.94,32255,99.38621314513813
random,1,1,6452,54.94,32260,99.38631255836398
random,1,1,6453,54.94,32265,99.3864119393917
random,1,1,6454,54.94,32270,99.38651128823696
random,1,1,6455,54.97,32275,99.38627566349105
random,1,1,6456,54.97,32280,99.38637500223258
random,1,1,6457,54.97,32285,99.38647430882095
random,1,1,6458,54.99000000000001,32290,99.38635039738247
random,1,1,6459,54.99000000000001,32295,99.38644967581915
random,1,1,6460,54.99000000000001,32300,99.38654892213779
random,1,1,6461,55.03,32305,99.38620198115218
random,1,1,6462,55.03,32310,99.38630123542703
random,1,1,6463,55.04,32315,99.38628895487372
random,1,1,6464,55.04,32320,99.38638816299957
random,1,1,6465,55.06999999999999,32325,99.38615293898648
random,1,1,6466,55.120000000000005,32330,99.38569489364453
random,1,1,6467,55.120000000000005,32335,99.38579414966699
random,1,1,6468,55.120000000000005,32340,99.38589337362015
random,1,1,6469,55.120000000000005,32345,99.38599256551956
random,1,1,6470,55.120000000000005,32350,99.38609172538074
random,1,1,6471,55.120000000000005,32355,99.38619085321922
random,1,1,6472,55.120000000000005,32360,99.3862899490505
random,1,1,6473,55.120000000000005,32365,99.38638901289006
random,1,1,6474,55.120000000000005,32370,99.38648804475343
random,1,1,6475,55.120000000000005,32375,99.38658704465607
random,1,1,6476,55.120000000000005,32380,99.38668601261344
random,1,1,6477,55.14,32385,99.38656244680816
random,1,1,6478,55.14,32390,99.38666138680821
random,1,1,6479,55.14,32395,99.3867602948978
random,1,1,6480,55.14,32400,99.38685917109231
random,1,1,6481,55.16,32405,99.38673565705226
random,1,1,6482,55.16,32410,99.38683450534353
random,1,1,6483,55.169999999999995,32415,99.38682217843174
random,1,1,6484,55.169999999999995,32420,99.38692098092643
random,1,1,6485,55.169999999999995,32425,99.38701975158578
random,1,1,6486,55.169999999999995,32430,99.38711849042518
random,1,1,6487,55.169999999999995,32435,99.38721719746
random,1,1,6488,55.17999999999999,32440,99.38720481884896
random,1,1,6489,55.21,32445,99.38697037227033
random,1,1,6490,55.21,32450,99.38706905548018
random,1,1,6491,55.21,32455,99.38716770692386
random,1,1,6492,55.230000000000004,32460,99.38704436187355
random,1,1,6493,55.26,32465,99.38681009200067
random,1,1,6494,55.26,32470,99.38690873749354
random,1,1,6495,55.26,32475,99.38700735125278
random,1,1,6496,55.26,32480,99.3871059332937
random,1,1,6497,55.26,32485,99.38720448363162
random,1,1,6498,55.28999999999999,32490,99.386970376333
random,1,1,6499,55.28999999999999,32495,99.38706891677818
random,1,1,6500,55.300000000000004,32500,99.38705658587193
random,1,1,6501,55.300000000000004,32505,99.38715508079468
random,1,1,6502,55.300000000000004,32510,99.38725354406789
random,1,1,6503,55.33,32515,99.38701961692327
random,1,1,6504,55.33,32520,99.38711807032469
random,1,1,6505,55.33,32525,99.38721649210514
random,1,1,6506,55.33,32530,99.38731488227985
random,1,1,6507,55.33,32535,99.38741324086406
random,1,1,6508,55.33,32540,99.38751156787298
random,1,1,6509,55.37,32545,99.38716714498693
random,1,1,6510,55.400000000000006,32550,99.38693281602562
random,1,1,6511,55.45,32555,99.38647727310446
random,1,1,6512,55.489999999999995,32560,99.38613250201064
random,1,1,6513,55.489999999999995,32565,99.38623027702042
random,1,1,6514,55.55,32570,99.38566447216358
random,1,1,6515,55.57,32575,99.38553774569644
random,1,1,6516,55.57,32580,99.38563217310646
random,1,1,6517,55.57,32585,99.3857299665838
random,1,1,6518,55.57,32590,99.38582433492856
random,1,1,6519,55.57,32595,99.38591867428273
random,1,1,6520,55.57,32600,99.38601298465971
random,1,1,6521,55.57,32605,99.38610726607284
random,1,1,6522,55.57,32610,99.38620490837255
random,1,1,6523,55.57,32615,99.38629913085732
random,1,1,6524,55.57,32620,99.38639671213757
random,1,1,6525,55.58,32625,99.38638386006285
random,1,1,6526,55.58,32630,99.38648139685316
random,1,1,6527,55.58,32635,99.38657890264065
random,1,1,6528,55.58,32640,99.38667637744011
random,1,1,6529,55.58,32645,99.3867738212663
random,1,1,6530,55.58,32650,99.38687191050404
random,1,1,6531,55.58,32655,99.38696996836686
random,1,1,6532,55.58,32660,99.38706799486981
random,1,1,6533,55.58,32665,99.38716599002794
random,1,1,6534,55.58,32670,99.38726395385628
random,1,1,6535,55.58,32675,99.3873612110804
random,1,1,6536,55.58,32680,99.3874584374349
random,1,1,6537,55.58,32685,99.38755630779538
random,1,1,6538,55.58,32690,99.38765347224059
random,1,1,6539,55.58,32695,99.38775060586032
random,1,1,6540,55.58,32700,99.38784770866926
random,1,1,6541,55.58,32705,99.38794478068205
random,1,1,6542,55.58,32710,99.38803845294183
random,1,1,6543,55.58,32715,99.38813209653378
random,1,1,6544,55.58,32720,99.38822907838109
random,1,1,6545,55.58,32725,99.38832602948978
random,1,1,6546,55.58,32730,99.38842294987444
random,1,1,6547,55.60000000000001,32735,99.38829980350782
random,1,1,6548,55.61000000000001,32740,99.38828736963569
random,1,1,6549,55.65,32745,99.38794431778064
random,1,1,6550,55.65,32750,99.3880412371134
random,1,1,6551,55.65,32755,99.38813812575658
random,1,1,6552,55.65,32760,99.38823498372474
random,1,1,6553,55.65,32765,99.38833181103244
random,1,1,6554,55.669999999999995,32770,99.38820545395002
random,1,1,6555,55.669999999999995,32775,99.38829889515814
random,1,1,6556,55.669999999999995,32780,99.38839230782752
random,1,1,6557,55.669999999999995,32785,99.38848233332381
random,1,1,6558,55.69,32790,99.38835602972883
random,1,1,6559,55.69,32795,99.38844939141435
random,1,1,6560,55.71,32800,99.38831977337857
random,1,1,6561,55.71,32805,99.38840975558347
random,1,1,6562,55.720000000000006,32810,99.38839330306034
random,1,1,6563,55.720000000000006,32815,99.38848995870222
random,1,1,6564,55.720000000000006,32820,99.38858322927251
random,1,1,6565,55.730000000000004,32825,99.38856675791172
random,1,1,6566,55.730000000000004,32830,99.38866334141062
random,1,1,6567,55.730000000000004,32835,99.38875654237795
random,1,1,6568,55.730000000000004,32840,99.38884971493178
random,1,1,6569,55.730000000000004,32845,99.38894285908516
random,1,1,6570,55.730000000000004,32850,99.38903597485104
random,1,1,6571,55.730000000000004,32855,99.3891324101812
random,1,1,6572,55.730000000000004,32860,99.38922881507321
random,1,1,6573,55.730000000000004,32865,99.3893251895415
random,1,1,6574,55.730000000000004,32870,99.38942153360044
random,1,1,6575,55.730000000000004,32875,99.3895185160031
random,1,1,6576,55.730000000000004,32880,99.38961546760187
random,1,1,6577,55.730000000000004,32885,99.38971238841144
random,1,1,6578,55.730000000000004,32890,99.38980927844646
random,1,1,6579,55.730000000000004,32895,99.38990613772161
random,1,1,6580,55.730000000000004,32900,99.3900029662515
random,1,1,6581,55.730000000000004,32905,99.3900997640508
random,1,1,6582,55.730000000000004,32910,99.39019653113411
random,1,1,6583,55.730000000000004,32915,99.39029326751607
random,1,1,6584,55.730000000000004,32920,99.39038997321128
random,1,1,6585,55.74,32925,99.39037727924965
random,1,1,6586,55.74,32930,99.39047394095667
random,1,1,6587,55.74,32935,99.39056990569905
random,1,1,6588,55.74,32940,99.39066650633492
random,1,1,6589,55.74,32945,99.39076241045606
random,1,1,6590,55.76,32950,99.39063638936761
random,1,1,6591,55.76,32955,99.39072561126852
random,1,1,6592,55.76,32960,99.39081480704584
random,1,1,6593,55.76,32965,99.39090397671103
random,1,1,6594,55.76,32970,99.39099312027558
random,1,1,6595,55.779999999999994,32975,99.39086383109303
random,1,1,6596,55.81,32980,99.39062539239204
random,1,1,6597,55.81,32985,99.39071453758825
random,1,1,6598,55.81,32990,99.39080365670624
random,1,1,6599,55.81,32995,99.39089274975744
random,1,1,6600,55.81,33000,99.39098181675328
random,1,1,6601,55.81,33005,99.39107085770523
random,1,1,6602,55.81,33010,99.39115987262467
random,1,1,6603,55.81,33015,99.39124886152302
random,1,1,6604,55.81,33020,99.3913378244117
random,1,1,6605,55.81,33025,99.3914300793398
random,1,1,6606,55.81,33030,99.39151898927389
random,1,1,6607,55.81,33035,99.39161118929603
random,1,1,6608,55.81,33040,99.39170667640343
random,1,1,6609,55.81,33045,99.39179881956008
random,1,1,6610,55.81,33050,99.3918909348056
random,1,1,6611,55.81,33055,99.3919830221527
random,1,1,6612,55.81,33060,99.39207839258599
random,1,1,6613,55.81,33065,99.39217373310535
random,1,1,6614,55.81,33070,99.39226970549963
random,1,1,6615,55.81,33075,99.39236564759167
random,1,1,6616,55.81,33080,99.39246155939584
random,1,1,6617,55.81,33085,99.39255744092645
random,1,1,6618,55.81,33090,99.39265329219786
random,1,1,6619,55.81,33095,99.39274911322438
random,1,1,6620,55.81,33100,99.39284490402032
random,1,1,6621,55.81,33105,99.39294066459999
random,1,1,6622,55.81,33110,99.39303639497767
random,1,1,6623,55.83,33115,99.39291461876387
random,1,1,6624,55.83,33120,99.3930096631383
random,1,1,6625,55.83,33125,99.39310533747712
random,1,1,6626,55.83,33130,99.39320098166017
random,1,1,6627,55.83,33135,99.39329659570167
random,1,1,6628,55.83,33140,99.39339217961589
random,1,1,6629,55.83,33145,99.39348773341705
random,1,1,6630,55.83,33150,99.3935832571194
random,1,1,6631,55.83,33155,99.39367875073714
random,1,1,6632,55.83,33160,99.39377421428446
random,1,1,6633,55.87,33165,99.39343537920874
random,1,1,6634,55.87,33170,99.39353085101071
random,1,1,6635,55.87,33175,99.39362629276334
random,1,1,6636,55.910000000000004,33180,99.39328764090789
random,1,1,6637,55.92,33185,99.39327459207156
random,1,1,6638,55.92,33190,99.39337002909481
random,1,1,6639,55.92,33195,99.39346543609857
random,1,1,6640,55.92,33200,99.393560813097
random,1,1,6641,55.92,33205,99.39365616010427
random,1,1,6642,55.92,33210,99.3937514771345
random,1,1,6643,55.95,33215,99.39352157469766
random,1,1,6644,55.98,33220,99.39329174451925
random,1,1,6645,55.98,33225,99.39338707387826
random,1,1,6646,55.98,33230,99.39348237328463
random,1,1,6647,56.02,33235,99.393144329171
random,1,1,6648,56.05,33240,99.39291470262027
random,1,1,6649,56.05,33245,99.39301003130791
random,1,1,6650,56.05,33250,99.39310533006191
random,1,1,6651,56.05,33255,99.39320059889639
random,1,1,6652,56.05,33260,99.39329583782543
random,1,1,6653,56.05,33265,99.39339104686312
random,1,1,6654,56.05,33270,99.3934862260235
random,1,1,6655,56.07,33275,99.3933649904412
random,1,1,6656,56.07,33280,99.3934601438301
random,1,1,6657,56.07,33285,99.39355526737323
random,1,1,6658,56.07,33290,99.39365036108462
random,1,1,6659,56.07,33295,99.39374542497829
random,1,1,6660,56.089999999999996,33300,99.39362424378704
random,1,1,6661,56.14,33305,99.39317882849141
random,1,1,6662,56.14,33310,99.393273921586
random,1,1,6663,56.21000000000001,33315,99.39261258710731
random,1,1,6664,56.24,33320,99.39238361942299
random,1,1,6665,56.28999999999999,33325,99.39193867751793
random,1,1,6666,56.28999999999999,33330,99.39203390526141
random,1,1,6667,56.28999999999999,33335,99.39212910318254
random,1,1,6668,56.28999999999999,33340,99.39222427129536
random,1,1,6669,56.28999999999999,33345,99.39231940961385
random,1,1,6670,56.28999999999999,33350,99.39241451815201
random,1,1,6671,56.28999999999999,33355,99.3925095969238
random,1,1,6672,56.28999999999999,33360,99.39260464594322
random,1,1,6673,56.28999999999999,33365,99.3926996652242
random,1,1,6674,56.31,33370,99.39257891296329
random,1,1,6675,56.31,33375,99.3926739065488
random,1,1,6676,56.31,33380,99.39276887042716
random,1,1,6677,56.32,33385,99.39275598429705
random,1,1,6678,56.32,33390,99.39285090565689
random,1,1,6679,56.32,33395,99.39294579734607
random,1,1,6680,56.32,33400,99.39304065937856
random,1,1,6681,56.34,33405,99.39291998590592
random,1,1,6682,56.36,33410,99.39279935013585
random,1,1,6683,56.36,33415,99.39289419059202
random,1,1,6684,56.39999999999999,33420,99.3925581916328
random,1,1,6685,56.410000000000004,33425,99.39254535449571
random,1,1,6686,56.410000000000004,33430,99.3926401901862
random,1,1,6687,56.410000000000004,33435,99.39273499626987
random,1,1,6688,56.44,33440,99.39250686712649
random,1,1,6689,56.44,33445,99.39260166442641
random,1,1,6690,56.44,33450,99.39269643214534
random,1,1,6691,56.49999999999999,33455,99.39214566126483
random,1,1,6692,56.49999999999999,33460,99.39224047054572
random,1,1,6693,56.49999999999999,33465,99.3923352502557
random,1,1,6694,56.53,33470,99.39210739686902
random,1,1,6695,56.57,33475,99.39177209677888
random,1,1,6696,56.58,33480,99.39175940418652
random,1,1,6697,56.58,33485,99.39185419978524
random,1,1,6698,56.58,33490,99.39194896584038
random,1,1,6699,56.58,33495,99.39204370236574
random,1,1,6700,56.58,33500,99.39213840937512
random,1,1,6701,56.599999999999994,33505,99.39201825234251
random,1,1,6702,56.63,33510,99.39179073219245
random,1,1,6703,56.68,33515,99.39134851525763
random,1,1,6704,56.68,33520,99.39144327151851
random,1,1,6705,56.68,33525,99.39153799828024
random,1,1,6706,56.68,33530,99.3916326955566
random,1,1,6707,56.68,33535,99.39172736336134
random,1,1,6708,56.699999999999996,33540,99.39160740114426
random,1,1,6709,56.730000000000004,33545,99.39138019265987
random,1,1,6710,56.779999999999994,33550,99.39093852104683
random,1,1,6711,56.84,33555,99.39038973658273
random,1,1,6712,56.879999999999995,33560,99.39005558987029
random,1,1,6713,56.89999999999999,33565,99.38993598080388
random,1,1,6714,56.89999999999999,33570,99.39003080934013
random,1,1,6715,56.89999999999999,33575,99.39012560840061
random,1,1,6716,56.940000000000005,33580,99.38979171042648
random,1,1,6717,56.98,33585,99.38945791620637
random,1,1,6718,56.99999999999999,33590,99.3893384928874
random,1,1,6719,57.04,33595,99.3890048727504
random,1,1,6720,57.04,33600,99.38909975752487
random,1,1,6721,57.04,33605,99.38919461283355
random,1,1,6722,57.04,33610,99.38928943869018
random,1,1,6723,57.06,33615,99.38917013420915
random,1,1,6724,57.06,33620,99.38926493443108
random,1,1,6725,57.06,33625,99.38935970523175
random,1,1,6726,57.089999999999996,33630,99.38913344475665
random,1,1,6727,57.14,33635,99.38869328643153
random,1,1,6728,57.18,33640,99.38836023207654
random,1,1,6729,57.24,33645,99.38781337933645
random,1,1,6730,57.28,33650,99.38748056469844
random,1,1,6731,57.330000000000005,33655,99.38704093557249
random,1,1,6732,57.38999999999999,33660,99.38649454162943
random,1,1,6733,57.43000000000001,33665,99.3861620861297
random,1,1,6734,57.47,33670,99.38582973366363
random,1,1,6735,57.47,33675,99.38592488986289
random,1,1,6736,57.47,33680,99.38602001658077
random,1,1,6737,57.47,33685,99.38611511383094
random,1,1,6738,57.48,33690,99.38610337984906
random,1,1,6739,57.48,33695,99.38619843474193
random,1,1,6740,57.48,33700,99.38629346020304
random,1,1,6741,57.48,33705,99.38638845624602
random,1,1,6742,57.48,33710,99.38648342288455
random,1,1,6743,57.48,33715,99.38657836013229
random,1,1,6744,57.48,33720,99.38667326800287
random,1,1,6745,57.48,33725,99.38676814650992
random,1,1,6746,57.48,33730,99.38686299566709
random,1,1,6747,57.48,33735,99.38695781548795
random,1,1,6748,57.52,33740,99.386626059435
random,1,1,6749,57.52,33745,99.38672088656789
random,1,1,6750,57.52,33750,99.38681568438491
random,1,1,6751,57.52,33755,99.38691045289964
random,1,1,6752,57.52,33760,99.3870051921257
random,1,1,6753,57.52,33765,99.38709990207664
random,1,1,6754,57.52,33770,99.38719458276601
random,1,1,6755,57.52,33775,99.38728923420742
random,1,1,6756,57.52,33780,99.38738385641437
random,1,1,6757,57.52,33785,99.38747844940042
random,1,1,6758,57.52,33790,99.38757301317911
random,1,1,6759,57.52,33795,99.38766754776395
random,1,1,6760,57.52,33800,99.38776205316849
random,1,1,6761,57.52,33805,99.38785652940619
random,1,1,6762,57.52,33810,99.38795097649059
random,1,1,6763,57.52,33815,99.38804539443518
random,1,1,6764,57.52,33820,99.38813978325342
random,1,1,6765,57.56,33825,99.38780871468546
random,1,1,6766,57.599999999999994,33830,99.38747774821508
random,1,1,6767,57.65,33835,99.38704055952086
random,1,1,6768,57.65,33840,99.38713504503201
random,1,1,6769,57.65,33845,99.38722950141846
random,1,1,6770,57.699999999999996,33850,99.38679255308973
random,1,1,6771,57.699999999999996,33855,99.38688703313892
random,1,1,6772,57.720000000000006,33860,99.38676899932429
random,1,1,6773,57.720000000000006,33865,99.38686345389631
random,1,1,6774,57.76,33870,99.38653304076114
random,1,1,6775,57.78,33875,99.386415115979
random,1,1,6776,57.809999999999995,33880,99.38619105055722
random,1,1,6777,57.809999999999995,33885,99.3862855359359
random,1,1,6778,57.809999999999995,33890,99.38637999223025
random,1,1,6779,57.830000000000005,33895,99.38626216358772
random,1,1,6780,57.830000000000005,33900,99.38635659441174
random,1,1,6781,57.830000000000005,33905,99.38645099618164
random,1,1,6782,57.85,33910,99.38633256001688
random,1,1,6783,57.85,33915,99.38642628577368
random,1,1,6784,57.85,33920,99.38651998290527
random,1,1,6785,57.86,33925,99.3865043684791
random,1,1,6786,57.86,33930,99.38659477407583
random,1,1,6787,57.86,33935,99.38668515303192
random,1,1,6788,57.86,33940,99.38677875494677
random,1,1,6789,57.86,33945,99.38687232829564
random,1,1,6790,57.86,33950,99.38696262548672
random,1,1,6791,57.86,33955,99.38705289608501
random,1,1,6792,57.86,33960,99.38714638579485
random,1,1,6793,57.86,33965,99.38723984699
random,1,1,6794,57.879999999999995,33970,99.38712150411479
random,1,1,6795,57.879999999999995,33975,99.387214940606
random,1,1,6796,57.879999999999995,33980,99.38730834861181
random,1,1,6797,57.879999999999995,33985,99.38740172814524
random,1,1,6798,57.879999999999995,33990,99.38749572739115
random,1,1,6799,57.879999999999995,33995,99.38758969779435
random,1,1,6800,57.879999999999995,34000,99.38768363936809
random,1,1,6801,57.879999999999995,34005,99.38777755212564
random,1,1,6802,57.879999999999995,34010,99.38787143608026
random,1,1,6803,57.879999999999995,34015,99.3879652912452
random,1,1,6804,57.879999999999995,34020,99.38805911763369
random,1,1,6805,57.879999999999995,34025,99.38815291525897
random,1,1,6806,57.879999999999995,34030,99.38824668413426
random,1,1,6807,57.879999999999995,34035,99.38834042427278
random,1,1,6808,57.879999999999995,34040,99.38843413568775
random,1,1,6809,57.89,34045,99.38842217357865
random,1,1,6810,57.89,34050,99.3885158437668
random,1,1,6811,57.89,34055,99.38860948526602
random,1,1,6812,57.89,34060,99.38870309808945
random,1,1,6813,57.89,34065,99.38879668225029
random,1,1,6814,57.89,34070,99.3888902377617
random,1,1,6815,57.89,34075,99.38898376463683
random,1,1,6816,57.92,34080,99.38876066793092
random,1,1,6817,57.92,34085,99.38885418601117
random,1,1,6818,57.92,34090,99.38894767547973
random,1,1,6819,57.92,34095,99.38904113634973
random,1,1,6820,57.92,34100,99.38913456863429
random,1,1,6821,57.92,34105,99.38922797234653
random,1,1,6822,57.92,34110,99.38932134749956
random,1,1,6823,57.92,34115,99.38941469410646
random,1,1,6824,57.92,34120,99.38950801218033
random,1,1,6825,57.92,34125,99.38960130173425
random,1,1,6826,57.92,34130,99.38969456278127
random,1,1,6827,57.92,34135,99.3897877953345
random,1,1,6828,57.92,34140,99.38988099940694
random,1,1,6829,57.92,34145,99.38997417501169
random,1,1,6830,57.92,34150,99.39006732216177
random,1,1,6831,57.92,34155,99.3901604408702
random,1,1,6832,57.92,34160,99.39025353115002
random,1,1,6833,57.92,34165,99.39034659301424
random,1,1,6834,57.92,34170,99.39043962647588
random,1,1,6835,57.92,34175,99.39053263154793
random,1,1,6836,57.92,34180,99.39062560824338
random,1,1,6837,57.92,34185,99.39071855657524
random,1,1,6838,57.92,34190,99.39081147655644
random,1,1,6839,57.92,34195,99.3909043682
random,1,1,6840,57.92,34200,99.39099723151884
random,1,1,6841,57.92,34205,99.39109006652593
random,1,1,6842,57.92,34210,99.39118287323423
random,1,1,6843,57.92,34215,99.39127565165666
random,1,1,6844,57.92,34220,99.39136840180613
random,1,1,6845,57.92,34225,99.3914611236956
random,1,1,6846,57.92,34230,99.39155381733798
random,1,1,6847,57.92,34235,99.39164648274617
random,1,1,6848,57.92,34240,99.39173911993305
random,1,1,6849,57.92,34245,99.39183172891151
random,1,1,6850,57.92,34250,99.39192430969446
random,1,1,6851,57.92,34255,99.39201686229477
random,1,1,6852,57.92,34260,99.39210938672527
random,1,1,6853,57.92,34265,99.39220188299886
random,1,1,6854,57.92,34270,99.39229435112837
random,1,1,6855,57.92,34275,99.39238679112667
random,1,1,6856,57.92,34280,99.39247920300656
random,1,1,6857,57.92,34285,99.39257158678087
random,1,1,6858,57.92,34290,99.39266394246246
random,1,1,6859,57.92,34295,99.3927562700641
random,1,1,6860,57.92,34300,99.39284856959861
random,1,1,6861,57.92,34305,99.3929408410788
random,1,1,6862,57.92,34310,99.39303308451743
random,1,1,6863,57.92,34315,99.39312529992729
random,1,1,6864,57.92,34320,99.39321748732117
random,1,1,6865,57.92,34325,99.3933096467118
random,1,1,6866,57.92,34330,99.393401778112
random,1,1,6867,57.92,34335,99.39349388153444
random,1,1,6868,57.92,34340,99.39358595699193
random,1,1,6869,57.92,34345,99.39367800449716
random,1,1,6870,57.92,34350,99.39377002406289
random,1,1,6871,57.92,34355,99.39386201570181
random,1,1,6872,57.92,34360,99.39395397942667
random,1,1,6873,57.92,34365,99.39404591525013
random,1,1,6874,57.92,34370,99.3941378231849
random,1,1,6875,57.92,34375,99.39422970324368
random,1,1,6876,57.92,34380,99.39432155543913
random,1,1,6877,57.92,34385,99.39441337978394
random,1,1,6878,57.92,34390,99.39450517629078
random,1,1,6879,57.92,34395,99.39459694497229
random,1,1,6880,57.92,34400,99.39468868584113
random,1,1,6881,57.92,34405,99.39478039890993
random,1,1,6882,57.92,34410,99.39487208419135
random,1,1,6883,57.92,34415,99.39496374169798
random,1,1,6884,57.92,34420,99.39505537144248
random,1,1,6885,57.940000000000005,34425,99.39493811534814
random,1,1,6886,57.95,34430,99.39492530799295
random,1,1,6887,57.95,34435,99.39501690194366
random,1,1,6888,57.97,34440,99.39489970491314
random,1,1,6889,57.99999999999999,34445,99.3946781775221
random,1,1,6890,57.99999999999999,34450,99.39476976728898
random,1,1,6891,57.99999999999999,34455,99.39486132934358
random,1,1,6892,58.02,34460,99.39474422675497
random,1,1,6893,58.03,34465,99.39473146228207
random,1,1,6894,58.03,34470,99.39482298859205
random,1,1,6895,58.03,34475,99.39491448722573
random,1,1,6896,58.03,34480,99.39500595819567
random,1,1,6897,58.03,34485,99.39509740151439
random,1,1,6898,58.03,34490,99.39518881719444
random,1,1,6899,58.07,34495,99.39486337271705
random,1,1,6900,58.099999999999994,34500,99.39464221896446
random,1,1,6901,58.099999999999994,34505,99.39473366197595
random,1,1,6902,58.099999999999994,34510,99.39482507736552
random,1,1,6903,58.099999999999994,34515,99.39491646514573
random,1,1,6904,58.099999999999994,34520,99.39500782532907
random,1,1,6905,58.099999999999994,34525,99.39509915792806
random,1,1,6906,58.099999999999994,34530,99.39519046295516
random,1,1,6907,58.099999999999994,34535,99.39528174042287
random,1,1,6908,58.099999999999994,34540,99.39537299034366
random,1,1,6909,58.099999999999994,34545,99.39546421273
random,1,1,6910,58.099999999999994,34550,99.39555540759436
random,1,1,6911,58.099999999999994,34555,99.39564657494918
random,1,1,6912,58.099999999999994,34560,99.39573771480693
random,1,1,6913,58.099999999999994,34565,99.39582882718001
random,1,1,6914,58.099999999999994,34570,99.39591991208087
random,1,1,6915,58.099999999999994,34575,99.39601096952194
random,1,1,6916,58.099999999999994,34580,99.39610199951562
random,1,1,6917,58.099999999999994,34585,99.39619300207436
random,1,1,6918,58.099999999999994,34590,99.3962839772105
random,1,1,6919,58.099999999999994,34595,99.39637492493647
random,1,1,6920,58.099999999999994,34600,99.39646584526464
random,1,1,6921,58.099999999999994,34605,99.39655673820741
random,1,1,6922,58.099999999999994,34610,99.39664760377713
random,1,1,6923,58.099999999999994,34615,99.39673844198617
random,1,1,6924,58.099999999999994,34620,99.3968292528469
random,1,1,6925,58.099999999999994,34625,99.39692003637164
random,1,1,6926,58.099999999999994,34630,99.39701079257274
random,1,1,6927,58.099999999999994,34635,99.39710152146256
random,1,1,6928,58.099999999999994,34640,99.3971922230534
random,1,1,6929,58.099999999999994,34645,99.39728289735758
random,1,1,6930,58.099999999999994,34650,99.39737354438743
random,1,1,6931,58.099999999999994,34655,99.39746416415524
random,1,1,6932,58.099999999999994,34660,99.3975547566733
random,1,1,6933,58.099999999999994,34665,99.3976453219539
random,1,1,6934,58.099999999999994,34670,99.39773586000935
random,1,1,6935,58.120000000000005,34675,99.39761908216717
random,1,1,6936,58.13,34680,99.39760596818805
random,1,1,6937,58.13,34685,99.39769647134888
random,1,1,6938,58.13,34690,99.39778694731956
random,1,1,6939,58.13,34695,99.39787739611235
random,1,1,6940,58.13,34700,99.3979678177395
random,1,1,6941,58.14,34705,99.39795466124336
random,1,1,6942,58.14,34710,99.39804504412162
random,1,1,6943,58.14,34715,99.39813539986625
random,1,1,6944,58.14,34720,99.39822572848946
random,1,1,6945,58.14,34725,99.39831603000347
random,1,1,6946,58.14,34730,99.39840630442049
random,1,1,6947,58.14,34735,99.39849655175269
random,1,1,6948,58.14,34740,99.39858677201225
random,1,1,6949,58.14,34745,99.39867696521138
random,1,1,6950,58.14,34750,99.39876713136225
random,1,1,6951,58.14,34755,99.39885727047701
random,1,1,6952,58.14,34760,99.39894738256781
random,1,1,6953,58.14,34765,99.39903746764685
random,1,1,6954,58.14,34770,99.3991275257262
random,1,1,6955,58.14,34775,99.39921755681806
random,1,1,6956,58.14,34780,99.39930756093453
random,1,1,6957,58.14,34785,99.39939753808774
random,1,1,6958,58.14,34790,99.3994874882898
random,1,1,6959,58.14,34795,99.39957741155283
random,1,1,6960,58.14,34800,99.39966730788889
random,1,1,6961,58.14,34805,99.39975717731012
random,1,1,6962,58.14,34810,99.39984701982858
random,1,1,6963,58.14,34815,99.39993683545636
random,1,1,6964,58.14,34820,99.40002662420552
random,1,1,6965,58.14,34825,99.40011576713266
random,1,1,6966,58.14,34830,99.40020488357433
random,1,1,6967,58.14,34835,99.40029397354239
random,1,1,6968,58.14,34840,99.40038303704857
random,1,1,6969,58.14,34845,99.40047207410471
random,1,1,6970,58.17,34850,99.40024868491868
random,1,1,6971,58.209999999999994,34855,99.3999191782573
random,1,1,6972,58.209999999999994,34860,99.40000206149438
random,1,1,6973,58.209999999999994,34865,99.40008801319992
random,1,1,6974,58.25,34870,99.39976485208454
random,1,1,6975,58.309999999999995,34875,99.39923572811374
random,1,1,6976,58.37,34880,99.39870676112372
random,1,1,6977,58.39,34885,99.39858994628612
random,1,1,6978,58.39,34890,99.39867603684358
random,1,1,6979,58.39,34895,99.3987621027572
random,1,1,6980,58.42,34900,99.39853556485355
random,1,1,6981,58.42,34905,99.39861791237445
random,1,1,6982,58.42,34910,99.39870395072707
random,1,1,6983,58.42,34915,99.39879243931581
random,1,1,6984,58.42,34920,99.39888152039141
random,1,1,6985,58.42,34925,99.39897119341565
random,1,1,6986,58.42,34930,99.39906083968955
random,1,1,6987,58.42,34935,99.39915045922513
random,1,1,6988,58.42,34940,99.39923943424438
random,1,1,6989,58.42,34945,99.39932838291632
random,1,1,6990,58.42,34950,99.39941730525268
random,1,1,6991,58.42,34955,99.39950681850654
random,1,1,6992,58.42,34960,99.39959630508154
random,1,1,6993,58.42,34965,99.39968576498963
random,1,1,6994,58.42,34970,99.39977458155288
random,1,1,6995,58.45,34975,99.39955518801781
random,1,1,6996,58.5,34980,99.39913043388945
random,1,1,6997,58.5,34985,99.39921929317379
random,1,1,6998,58.51,34990,99.39920235924228
random,1,1,6999,58.51,34995,99.39928809838904
random,1,1,7000,58.51,35000,99.3993738130678
random,1,1,7001,58.51,35005,99.39945950328907
random,1,1,7002,58.51,35010,99.39954516906329
random,1,1,7003,58.51,35015,99.39963081040094
random,1,1,7004,58.51,35020,99.39971334799081
random,1,1,7005,58.51,35025,99.39979894136474
random,1,1,7006,58.51,35030,99.39988758789889
random,1,1,7007,58.51,35035,99.39997620825164
random,1,1,7008,58.52,35040,99.39996288218786
random,1,1,7009,58.52,35045,99.40005208023636
random,1,1,7010,58.540000000000006,35050,99.3999362419444
random,1,1,7011,58.540000000000006,35055,99.40002480252781
random,1,1,7012,58.57,35060,99.39980591299286
random,1,1,7013,58.620000000000005,35065,99.39938216896603
random,1,1,7014,58.63,35070,99.39936525108233
random,1,1,7015,58.63,35075,99.39945384408949
random,1,1,7016,58.63,35080,99.39954241096575
random,1,1,7017,58.650000000000006,35085,99.39942676744145
random,1,1,7018,58.650000000000006,35090,99.39951592690578
random,1,1,7019,58.68,35095,99.39929795251506
random,1,1,7020,58.730000000000004,35100,99.39887533495325
random,1,1,7021,58.76,35105,99.39865752031169
random,1,1,7022,58.809999999999995,35110,99.3982351231771
random,1,1,7023,58.809999999999995,35115,99.3983243932857
random,1,1,7024,58.830000000000005,35120,99.39820905049397
random,1,1,7025,58.830000000000005,35125,99.39829768258183
random,1,1,7026,58.830000000000005,35130,99.39838628856596
random,1,1,7027,58.830000000000005,35135,99.39847179320435
random,1,1,7028,58.830000000000005,35140,99.39855727354143
random,1,1,7029,58.84,35145,99.39854051009571
random,1,1,7030,58.84,35150,99.398625956383
random,1,1,7031,58.84,35155,99.39871137839592
random,1,1,7032,58.879999999999995,35160,99.39838807238961
random,1,1,7033,58.89,35165,99.39836826931526
random,1,1,7034,58.91,35170,99.39824939707471
random,1,1,7035,58.919999999999995,35175,99.39822961850086
random,1,1,7036,58.919999999999995,35180,99.39831196483004
random,1,1,7037,58.919999999999995,35185,99.39839735997322
random,1,1,7038,58.919999999999995,35190,99.3984796604044
random,1,1,7039,58.919999999999995,35195,99.39856193832095
random,1,1,7040,58.919999999999995,35200,99.39864357996908
random,1,1,7041,58.919999999999995,35205,99.3987282674251
random,1,1,7042,58.919999999999995,35210,99.39880986392615
random,1,1,7043,58.919999999999995,35215,99.39889143828384
random,1,1,7044,58.919999999999995,35220,99.398973603598
random,1,1,7045,58.919999999999995,35225,99.39905574645293
random,1,1,7046,58.919999999999995,35230,99.39913786685784
random,1,1,7047,58.919999999999995,35235,99.39921996482194
random,1,1,7048,58.919999999999995,35240,99.39930204035441
random,1,1,7049,58.919999999999995,35245,99.39938715471386
random,1,1,7050,58.919999999999995,35250,99.39947530530748
random,1,1,7051,58.93000000000001,35255,99.3994615229403
random,1,1,7052,58.93000000000001,35260,99.39954963675454
random,1,1,7053,58.93000000000001,35265,99.3996377247156
random,1,1,7054,58.93000000000001,35270,99.39972578683492
random,1,1,7055,58.93000000000001,35275,99.39981382312382
random,1,1,7056,58.93000000000001,35280,99.39990183359369
random,1,1,7057,58.93000000000001,35285,99.39999042917026
random,1,1,7058,58.93000000000001,35290,99.40007838785701
random,1,1,7059,58.93000000000001,35295,99.40016693131388
random,1,1,7060,58.93000000000001,35300,99.40025544863803
random,1,1,7061,58.93000000000001,35305,99.40034393984105
random,1,1,7062,58.93000000000001,35310,99.4004317949198
random,1,1,7063,58.93000000000001,35315,99.40051962425916
random,1,1,7064,58.93000000000001,35320,99.40060803752786
random,1,1,7065,58.93000000000001,35325,99.40069642472145
random,1,1,7066,58.93000000000001,35330,99.40078478585149
random,1,1,7067,58.93000000000001,35335,99.40087312092949
random,1,1,7068,58.93000000000001,35340,99.40096142996697
random,1,1,7069,58.93000000000001,35345,99.40104971297546
random,1,1,7070,58.93000000000001,35350,99.40113796996646
random,1,1,7071,58.93000000000001,35355,99.40122620095146
random,1,1,7072,58.93000000000001,35360,99.40131440594196
random,1,1,7073,58.93000000000001,35365,99.40140258494944
random,1,1,7074,58.93000000000001,35370,99.40149073798537
random,1,1,7075,58.93000000000001,35375,99.40157886506127
random,1,1,7076,58.93000000000001,35380,99.40166696618856
random,1,1,7077,58.93000000000001,35385,99.40175443405238
random,1,1,7078,58.93000000000001,35390,99.40184187634682
random,1,1,7079,58.93000000000001,35395,99.40192625820791
random,1,1,7080,58.93000000000001,35400,99.40201365028403
random,1,1,7081,58.93000000000001,35405,99.40210101682396
random,1,1,7082,58.93000000000001,35410,99.40218835783891
random,1,1,7083,58.93000000000001,35415,99.40227567334006
random,1,1,7084,58.93000000000001,35420,99.40236296333858
random,1,1,7085,58.93000000000001,35425,99.4024471982551
random,1,1,7086,58.93000000000001,35430,99.40253140942973
random,1,1,7087,58.93000000000001,35435,99.40261559687248
random,1,1,7088,58.93000000000001,35440,99.40269673353261
random,1,1,7089,58.93000000000001,35445,99.4027778481558
random,1,1,7090,58.93000000000001,35450,99.40286196616792
random,1,1,7091,58.93000000000001,35455,99.40294848011736
random,1,1,7092,58.93000000000001,35460,99.40303194533786
random,1,1,7093,58.93000000000001,35465,99.40310934149579
random,1,1,7094,58.93000000000001,35470,99.40318973968418
random,1,1,7095,58.93000000000001,35475,99.40327072046985
random,1,1,7096,58.93000000000001,35480,99.40335167928204
random,1,1,7097,58.93000000000001,35485,99.40343261612969
random,1,1,7098,58.93000000000001,35490,99.40351353102174
random,1,1,7099,58.93000000000001,35495,99.40359442396715
random,1,1,7100,58.93000000000001,35500,99.40367831212528
random,1,1,7101,58.93000000000001,35505,99.40376217668793
random,1,1,7102,58.93000000000001,35510,99.40384903308825
random,1,1,7103,58.93000000000001,35515,99.40393284964199
random,1,1,7104,58.93000000000001,35520,99.40401905359076
random,1,1,7105,58.93000000000001,35525,99.40410523260928
random,1,1,7106,58.93000000000001,35530,99.4041913867084
random,1,1,7107,58.93000000000001,35535,99.40427450480887
random,1,1,7108,58.93000000000001,35540,99.40435759972183
random,1,1,7109,58.93000000000001,35545,99.4044376620161
random,1,1,7110,58.93000000000001,35550,99.4045213131452
random,1,1,7111,58.93000000000001,35555,99.40460794852936
random,1,1,7112,58.93000000000001,35560,99.40469455870826
random,1,1,7113,58.93000000000001,35565,99.40478174488943
random,1,1,7114,58.93000000000001,35570,99.40486890553645
random,1,1,7115,58.93000000000001,35575,99.4049560406605
random,1,1,7116,58.93000000000001,35580,99.4050431502728
random,1,1,7117,58.93000000000001,35585,99.40512963389176
random,1,1,7118,58.93000000000001,35590,99.40521609237166
random,1,1,7119,58.96,35595,99.404999777985
random,1,1,7120,58.989999999999995,35600,99.40478352645833
random,1,1,7121,58.989999999999995,35605,99.40486999753837
random,1,1,7122,58.989999999999995,35610,99.4049564434976
random,1,1,7123,58.989999999999995,35615,99.40504346440397
random,1,1,7124,58.989999999999995,35620,99.40513045986168
random,1,1,7125,58.989999999999995,35625,99.40521683017575
random,1,1,7126,58.989999999999995,35630,99.40530317541288
random,1,1,7127,58.989999999999995,35635,99.40539009494204
random,1,1,7128,58.989999999999995,35640,99.40547698906698
random,1,1,7129,58.989999999999995,35645,99.40556385779887
random,1,1,7130,58.989999999999995,35650,99.4056507011488
random,1,1,7131,58.989999999999995,35655,99.40573751912792
random,1,1,7132,58.989999999999995,35660,99.40582431174734
random,1,1,7133,58.989999999999995,35665,99.40591107901817
random,1,1,7134,58.989999999999995,35670,99.40599782095148
random,1,1,7135,58.989999999999995,35675,99.40608393959958
random,1,1,7136,58.989999999999995,35680,99.40616704433462
random,1,1,7137,58.989999999999995,35685,99.40625012581579
random,1,1,7138,58.989999999999995,35690,99.40633318405283
random,1,1,7139,58.989999999999995,35695,99.40641621905546
random,1,1,7140,58.989999999999995,35700,99.40649923083346
random,1,1,7141,58.989999999999995,35705,99.40657923459888
random,1,1,7142,58.989999999999995,35710,99.40666220079139
random,1,1,7143,58.989999999999995,35715,99.40674514378813
random,1,1,7144,58.989999999999995,35720,99.40682508127371
random,1,1,7145,58.989999999999995,35725,99.40690440091211
random,1,1,7146,58.989999999999995,35730,99.4069842954885
random,1,1,7147,58.989999999999995,35735,99.40706416854293
random,1,1,7148,58.989999999999995,35740,99.40714342425677
random,1,1,7149,58.989999999999995,35745,99.40722325445387
random,1,1,7150,58.989999999999995,35750,99.40730306315503
random,1,1,7151,58.989999999999995,35755,99.40738285036895
random,1,1,7152,58.989999999999995,35760,99.40746261610428
random,1,1,7153,58.989999999999995,35765,99.40754236036972
random,1,1,7154,58.989999999999995,35770,99.4076250574902
random,1,1,7155,58.989999999999995,35775,99.40770773152764
random,1,1,7156,58.989999999999995,35780,99.40779038249173
random,1,1,7157,58.989999999999995,35785,99.4078730103921
random,1,1,7158,58.989999999999995,35790,99.40795858620632
random,1,1,7159,58.989999999999995,35795,99.40804116717945
random,1,1,7160,58.989999999999995,35800,99.40812075580742
random,1,1,7161,58.989999999999995,35805,99.40820032303694
random,1,1,7162,58.989999999999995,35810,99.40828283659117
random,1,1,7163,58.989999999999995,35815,99.40836532713917
random,1,1,7164,58.989999999999995,35820,99.40844779469057
random,1,1,7165,58.989999999999995,35825,99.40853023925497
random,1,1,7166,58.989999999999995,35830,99.40861266084202
random,1,1,7167,58.989999999999995,35835,99.40869505946128
random,1,1,7168,58.989999999999995,35840,99.40877684257367
random,1,1,7169,58.989999999999995,35845,99.40886156497864
random,1,1,7170,58.989999999999995,35850,99.40894685531472
random,1,1,7171,58.989999999999995,35855,99.40903212104273
random,1,1,7172,58.989999999999995,35860,99.40911795403962
random,1,1,7173,58.989999999999995,35865,99.40920317041268
random,1,1,7174,58.989999999999995,35870,99.40928895373348
random,1,1,7175,58.989999999999995,35875,99.40937471214652
random,1,1,7176,58.989999999999995,35880,99.40946044566266
random,1,1,7177,58.989999999999995,35885,99.40954615429273
random,1,1,7178,58.989999999999995,35890,99.40963183804757
random,1,1,7179,58.989999999999995,35895,99.40971749693801
random,1,1,7180,58.989999999999995,35900,99.40980313097488
random,1,1,7181,58.989999999999995,35905,99.40988874016898
random,1,1,7182,58.989999999999995,35910,99.40997373437915
random,1,1,7183,58.989999999999995,35915,99.4100592940913
random,1,1,7184,58.989999999999995,35920,99.41014423918206
random,1,1,7185,58.989999999999995,35925,99.41022621159073
random,1,1,7186,58.989999999999995,35930,99.4103052137856
random,1,1,7187,58.989999999999995,35935,99.41038714146211
random,1,1,7188,58.989999999999995,35940,99.41047199217294
random,1,1,7189,58.989999999999995,35945,99.4105568184657
random,1,1,7190,58.989999999999995,35950,99.41064162035089
random,1,1,7191,58.989999999999995,35955,99.4107263978391
random,1,1,7192,58.989999999999995,35960,99.41080820853334
random,1,1,7193,58.989999999999995,35965,99.41088705489466
random,1,1,7194,59.019999999999996,35970,99.41066632050885
random,1,1,7195,59.019999999999996,35975,99.41074516475574
random,1,1,7196,59.03,35980,99.41072416140747
random,1,1,7197,59.03,35985,99.41080591729325
random,1,1,7198,59.03,35990,99.4108876504966
random,1,1,7199,59.03,35995,99.41096642219229
random,1,1,7200,59.03,36000,99.41104517282527
random,1,1,7201,59.03,36005,99.41112683966749
random,1,1,7202,59.07,36010,99.41080950604551
random,1,1,7203,59.13,36015,99.4102927991495
random,1,1,7204,59.19,36020,99.40977917823791
random,1,1,7205,59.24,36025,99.40936540679908
random,1,1,7206,59.3,36030,99.40884911995279
random,1,1,7207,59.34,36035,99.40853232489457
random,1,1,7208,59.4,36040,99.40801629649414
random,1,1,7209,59.46,36045,99.40750041104285
random,1,1,7210,59.489999999999995,36050,99.40728652002761
random,1,1,7211,59.540000000000006,36055,99.40687345405063
random,1,1,7212,59.57,36060,99.40665971431616
random,1,1,7213,59.61,36065,99.40634644629482
random,1,1,7214,59.61,36070,99.40643216040371
random,1,1,7215,59.67,36075,99.4059204847418
random,1,1,7216,59.709999999999994,36080,99.40560804972544
random,1,1,7217,59.709999999999994,36085,99.4056938332897
random,1,1,7218,59.75,36090,99.40538152114851
random,1,1,7219,59.78,36095,99.4051688025067
random,1,1,7220,59.78,36100,99.40525461231117
random,1,1,7221,59.830000000000005,36105,99.40484302399031
random,1,1,7222,59.830000000000005,36110,99.4049288560272
random,1,1,7223,59.86,36115,99.40471632535147
random,1,1,7224,59.86,36120,99.40480215090543
random,1,1,7225,59.91,36125,99.40439086513942
random,1,1,7226,59.97,36130,99.40388029494855
random,1,1,7227,59.97,36135,99.40396620387993
random,1,1,7228,60.01,36140,99.40365459069697
random,1,1,7229,60.01,36145,99.40373991494774
random,1,1,7230,60.01,36150,99.40382580706051
random,1,1,7231,60.06,36155,99.40341501693602
random,1,1,7232,60.08,36160,99.40330229671012
random,1,1,7233,60.11,36165,99.40309030605152
random,1,1,7234,60.11,36170,99.40317564964593
random,1,1,7235,60.11,36175,99.40326096883972
random,1,1,7236,60.129999999999995,36180,99.40314774301903
random,1,1,7237,60.17,36185,99.40283664997017
random,1,1,7238,60.17,36190,99.40292257343646
random,1,1,7239,60.17,36195,99.40300847217992
random,1,1,7240,60.18,36200,99.40299514301132
random,1,1,7241,60.18,36205,99.40308100660896
random,1,1,7242,60.18,36210,99.40316684551165
random,1,1,7243,60.18,36215,99.40325265973007
random,1,1,7244,60.19,36220,99.40323871145566
random,1,1,7245,60.19,36225,99.40332449075892
random,1,1,7246,60.199999999999996,36230,99.40331053622758
random,1,1,7247,60.22,36235,99.40319748197304
random,1,1,7248,60.22,36240,99.40328263911185
random,1,1,7249,60.22,36245,99.40336777195215
random,1,1,7250,60.25,36250,99.40315569661884
random,1,1,7251,60.28,36255,99.40294368178127
random,1,1,7252,60.28,36260,99.40302882653769
random,1,1,7253,60.28,36265,99.403113947013
random,1,1,7254,60.28,36270,99.40319904321757
random,1,1,7255,60.28,36275,99.4032847058544
random,1,1,7256,60.28,36280,99.4033697533803
random,1,1,7257,60.3,36285,99.40325685190776
random,1,1,7258,60.33,36290,99.4030450343301
random,1,1,7259,60.39,36295,99.40253647455957
random,1,1,7260,60.440000000000005,36300,99.40212697976195
random,1,1,7261,60.519999999999996,36305,99.40142088360643
random,1,1,7262,60.529999999999994,36310,99.40140723196582
random,1,1,7263,60.529999999999994,36315,99.40149246204821
random,1,1,7264,60.529999999999994,36320,99.40157766786325
random,1,1,7265,60.529999999999994,36325,99.4016634408751
random,1,1,7266,60.540000000000006,36330,99.40165035388023
random,1,1,7267,60.58,36335,99.40134080685581
random,1,1,7268,60.58,36340,99.40142657693664
random,1,1,7269,60.58,36345,99.40151232244438
random,1,1,7270,60.58,36350,99.40159804338957
random,1,1,7271,60.6,36355,99.40148621047933
random,1,1,7272,60.6,36360,99.40157191061499
random,1,1,7273,60.64000000000001,36365,99.40126264072401
random,1,1,7274,60.64000000000001,36370,99.4013483483276
random,1,1,7275,60.64000000000001,36375,99.40143403139707
random,1,1,7276,60.64000000000001,36380,99.40151968994299
random,1,1,7277,60.64000000000001,36385,99.40160532397584
random,1,1,7278,60.64000000000001,36390,99.40169093350619
random,1,1,7279,60.64000000000001,36395,99.40177651854454
random,1,1,7280,60.64000000000001,36400,99.40186207910138
random,1,1,7281,60.64000000000001,36405,99.40194761518721
random,1,1,7282,60.64000000000001,36410,99.40203253716095
random,1,1,7283,60.64000000000001,36415,99.4021174350207
random,1,1,7284,60.64000000000001,36420,99.4022023087767
random,1,1,7285,60.64000000000001,36425,99.40228715843924
random,1,1,7286,60.64000000000001,36430,99.40236903908945
random,1,1,7287,60.64000000000001,36435,99.40245089730905
random,1,1,7288,60.64000000000001,36440,99.40253273310731
random,1,1,7289,60.64000000000001,36445,99.4026174890035
random,1,1,7290,60.64000000000001,36450,99.40270222085637
random,1,1,7291,60.64000000000001,36455,99.40278692867618
random,1,1,7292,60.64000000000001,36460,99.40287220047108
random,1,1,7293,60.64000000000001,36465,99.40295744791877
random,1,1,7294,60.64000000000001,36470,99.40304267102965
random,1,1,7295,60.64000000000001,36475,99.40312786981416
random,1,1,7296,60.64000000000001,36480,99.4032130442827
random,1,1,7297,60.64000000000001,36485,99.40329760728638
random,1,1,7298,60.64000000000001,36490,99.40338273332172
random,1,1,7299,60.64000000000001,36495,99.40346724824674
random,1,1,7300,60.64000000000001,36500,99.4035523258902
random,1,1,7301,60.64000000000001,36505,99.40363737926951
random,1,1,7302,60.64000000000001,36510,99.40372182207035
random,1,1,7303,60.64000000000001,36515,99.40380624096099
random,1,1,7304,60.64000000000001,36520,99.40388770597036
random,1,1,7305,60.64000000000001,36525,99.40396914871971
random,1,1,7306,60.64000000000001,36530,99.40404764080898
random,1,1,7307,60.64000000000001,36535,99.40412552669643
random,1,1,7308,60.64000000000001,36540,99.40420339222851
random,1,1,7309,60.64000000000001,36545,99.40427831127047
random,1,1,7310,60.64000000000001,36550,99.40435321147328
random,1,1,7311,60.64000000000001,36555,99.40443394215819
random,1,1,7312,60.64000000000001,36560,99.40451172711239
random,1,1,7313,60.64000000000001,36565,99.40458949175076
random,1,1,7314,60.64000000000001,36570,99.40466372925552
random,1,1,7315,60.64000000000001,36575,99.4047356109264
random,1,1,7316,60.64000000000001,36580,99.4048092278126
random,1,1,7317,60.64000000000001,36585,99.40488107435453
random,1,1,7318,60.64000000000001,36590,99.40495582307248
random,1,1,7319,60.64000000000001,36595,99.40503288802374
random,1,1,7320,60.64000000000001,36600,99.40510409697274
random,1,1,7321,60.64000000000001,36605,99.40517528887843
random,1,1,7322,60.64000000000001,36610,99.40524588041558
random,1,1,7323,60.64000000000001,36615,99.40531470561412
random,1,1,7324,60.64000000000001,36620,99.40538059956148
random,1,1,7325,60.64000000000001,36625,99.40545405701131
random,1,1,7326,60.64000000000001,36630,99.40552574796997
random,1,1,7327,60.64000000000001,36635,99.40559567370887
random,1,1,7328,60.64000000000001,36640,99.40566791302601
random,1,1,7329,60.64000000000001,36645,99.40574188186963
random,1,1,7330,60.64000000000001,36650,99.40581583230367
random,1,1,7331,60.64000000000001,36655,99.40589209260402
random,1,1,7332,60.64000000000001,36660,99.40596949716063
random,1,1,7333,60.64000000000001,36665,99.40604106387605
random,1,1,7334,60.64000000000001,36670,99.40611261334934
random,1,1,7335,60.64000000000001,36675,99.40618705303677
random,1,1,7336,60.64000000000001,36680,99.40626438075843
random,1,1,7337,60.64000000000001,36685,99.40634168834309
random,1,1,7338,60.64000000000001,36690,99.40641607061926
random,1,1,7339,60.64000000000001,36695,99.40649043425834
random,1,1,7340,60.64000000000001,36700,99.40656477926734
random,1,1,7341,60.64000000000001,36705,99.40663852505054
random,1,1,7342,60.64000000000001,36710,99.40671515478824
random,1,1,7343,60.64000000000001,36715,99.4067917647358
random,1,1,7344,60.64000000000001,36720,99.4068718358021
random,1,1,7345,60.64000000000001,36725,99.40695246524501
random,1,1,7346,60.64000000000001,36730,99.40703249293749
random,1,1,7347,60.64000000000001,36735,99.40710960063981
random,1,1,7348,60.64000000000001,36740,99.40718668829106
random,1,1,7349,60.64000000000001,36745,99.4072666527867
random,1,1,7350,60.64000000000001,36750,99.40734659571245
random,1,1,7351,60.64000000000001,36755,99.40742362175178
random,1,1,7352,60.64000000000001,36760,99.40750352234467
random,1,1,7353,60.64000000000001,36765,99.40758340139351
random,1,1,7354,60.64000000000001,36770,99.40766615189104
random,1,1,7355,60.64000000000001,36775,99.40774945770595
random,1,1,7356,60.64000000000001,36780,99.40783216182275
random,1,1,7357,60.64000000000001,36785,99.40791599905876
random,1,1,7358,60.64000000000001,36790,99.40799923461643
random,1,1,7359,60.64000000000001,36795,99.40808186899321
random,1,1,7360,60.64000000000001,36800,99.40816390268277
random,1,1,7361,60.64000000000001,36805,99.40824591363747
random,1,1,7362,60.64000000000001,36810,99.40832847916808
random,1,1,7363,60.64000000000001,36815,99.40840813594906
random,1,1,7364,60.64000000000001,36820,99.40848488632062
random,1,1,7365,60.64000000000001,36825,99.4085645009958
random,1,1,7366,60.64000000000001,36830,99.4086469776536
random,1,1,7367,60.64000000000001,36835,99.40872366606928
random,1,1,7368,60.64000000000001,36840,99.40880033459717
random,1,1,7369,60.64000000000001,36845,99.40887698324502
random,1,1,7370,60.64000000000001,36850,99.40895361202054
random,1,1,7371,60.64000000000001,36855,99.40903252465125
random,1,1,7372,60.64000000000001,36860,99.409111416213
random,1,1,7373,60.64000000000001,36865,99.40919028671419
random,1,1,7374,60.64000000000001,36870,99.40926913616327
random,1,1,7375,60.64000000000001,36875,99.40934566330755
random,1,1,7376,60.64000000000001,36880,99.40942389612717
random,1,1,7377,60.64000000000001,36885,99.40950498327548
random,1,1,7378,60.64000000000001,36890,99.40958029961074
random,1,1,7379,60.64000000000001,36895,99.40964984954054
random,1,1,7380,60.64000000000001,36900,99.40971938308667
random,1,1,7381,60.64000000000001,36905,99.4097946447429
random,1,1,7382,60.64000000000001,36910,99.40986414418623
random,1,1,7383,60.64000000000001,36915,99.40993362726371
random,1,1,7384,60.64000000000001,36920,99.41000596415475
random,1,1,7385,60.64000000000001,36925,99.41007943109244
random,1,1,7386,60.64000000000001,36930,99.41015230598933
random,1,1,7387,60.64000000000001,36935,99.4102280308969
random,1,1,7388,60.64000000000001,36940,99.41030430981584
random,1,1,7389,60.64000000000001,36945,99.41038056900608
random,1,1,7390,60.64000000000001,36950,99.41045680847526
random,1,1,7391,60.64000000000001,36955,99.41053016318322
random,1,1,7392,60.64000000000001,36960,99.41060292676858
random,1,1,7393,60.64000000000001,36965,99.41067853602597
random,1,1,7394,60.64000000000001,36970,99.41075412588717
random,1,1,7395,60.64000000000001,36975,99.41083255849654
random,1,1,7396,60.64000000000001,36980,99.41091154250053
random,1,1,7397,60.64000000000001,36985,99.41099336590483
random,1,1,7398,60.64000000000001,36990,99.41107230680181
random,1,1,7399,60.64000000000001,36995,99.41115122654169
random,1,1,7400,60.64000000000001,37000,99.41123298338073
random,1,1,7401,60.64000000000001,37005,99.41131243155924
random,1,1,7402,60.64000000000001,37010,99.41139128696034
random,1,1,7403,60.64000000000001,37015,99.41147297715672
random,1,1,7404,60.64000000000001,37020,99.41155521570325
random,1,1,7405,60.64000000000001,37025,99.41163800213067
random,1,1,7406,60.64000000000001,37030,99.41172019456694
random,1,1,7407,60.64000000000001,37035,99.41180236404234
random,1,1,7408,60.64000000000001,37040,99.41188451056648
random,1,1,7409,60.64000000000001,37045,99.41196663414898
random,1,1,7410,60.64000000000001,37050,99.41204930486272
random,1,1,7411,60.64000000000001,37055,99.4121319523346
random,1,1,7412,60.64000000000001,37060,99.41221457657447
random,1,1,7413,60.64000000000001,37065,99.4122971775921
random,1,1,7414,60.64000000000001,37070,99.41237975539727
random,1,1,7415,60.64000000000001,37075,99.41246174073711
random,1,1,7416,60.64000000000001,37080,99.4125408576671
random,1,1,7417,60.64000000000001,37085,99.41261653953262
random,1,1,7418,60.64000000000001,37090,99.41269220190061
random,1,1,7419,60.64000000000001,37095,99.41276841344823
random,1,1,7420,60.64000000000001,37100,99.41284744781323
random,1,1,7421,60.64000000000001,37105,99.41292646090695
random,1,1,7422,60.64000000000001,37110,99.41300545273793
random,1,1,7423,60.64000000000001,37115,99.41308726358712
random,1,1,7424,60.64000000000001,37120,99.41316621215435
random,1,1,7425,60.64000000000001,37125,99.4132451394849
random,1,1,7426,60.650000000000006,37130,99.4132272982334
random,1,1,7427,60.650000000000006,37135,99.41330619612502
random,1,1,7428,60.650000000000006,37140,99.41338223587934
random,1,1,7429,60.660000000000004,37145,99.41336154665207
random,1,1,7430,60.660000000000004,37150,99.41343982826724
random,1,1,7431,60.660000000000004,37155,99.41351525382433
random,1,1,7432,60.660000000000004,37160,99.41359065998601
random,1,1,7433,60.67,37165,99.41356938768409
random,1,1,7434,60.69,37170,99.41344580534984
random,1,1,7435,60.699999999999996,37175,99.41342172272338
random,1,1,7436,60.699999999999996,37180,99.41349426973272
random,1,1,7437,60.699999999999996,37185,99.41356396596932
random,1,1,7438,60.699999999999996,37190,99.4136364778003
random,1,1,7439,60.709999999999994,37195,99.41361238339377
random,1,1,7440,60.72,37200,99.41358829494422
random,1,1,7441,60.72,37205,99.41365737968968
random,1,1,7442,60.72,37210,99.4137264481594
random,1,1,7443,60.72,37215,99.4137988959493
random,1,1,7444,60.73,37220,99.41377705959917
random,1,1,7445,60.73,37225,99.41385231163021
random,1,1,7446,60.78,37230,99.41344219105108
random,1,1,7447,60.809999999999995,37235,99.4132251580799
random,1,1,7448,60.86,37240,99.4128152162482
random,1,1,7449,60.9,37245,99.41250467873942
random,1,1,7450,60.91,37250,99.41248075683976
random,1,1,7451,60.91,37255,99.41255611868469
random,1,1,7452,60.91,37260,99.41263146119857
random,1,1,7453,60.91,37265,99.41270678438886
random,1,1,7454,60.91,37270,99.41278208826297
random,1,1,7455,60.91,37275,99.41286303254171
random,1,1,7456,60.91,37280,99.41294452031755
random,1,1,7457,60.91,37285,99.41302598547743
random,1,1,7458,60.91,37290,99.41310742803074
random,1,1,7459,60.91,37295,99.41318884798692
random,1,1,7460,60.91,37300,99.41327024535533
random,1,1,7461,60.91,37305,99.4133521851692
random,1,1,7462,60.95,37310,99.41304833515663
random,1,1,7463,60.980000000000004,37315,99.412841421929
random,1,1,7464,61.029999999999994,37320,99.41244088787566
random,1,1,7465,61.029999999999994,37325,99.41252176692043
random,1,1,7466,61.029999999999994,37330,99.41260262370186
random,1,1,7467,61.029999999999994,37335,99.4126806322224
random,1,1,7468,61.029999999999994,37340,99.41275862002605
random,1,1,7469,61.050000000000004,37345,99.41264416915848
random,1,1,7470,61.050000000000004,37350,99.41272553071143
random,1,1,7471,61.050000000000004,37355,99.4128068697268
random,1,1,7472,61.07,37360,99.41269584819145
random,1,1,7473,61.07,37365,99.41277660414298
random,1,1,7474,61.07,37370,99.4128573378892
random,1,1,7475,61.07,37375,99.41293522773152
random,1,1,7476,61.07,37380,99.41301253271587
random,1,1,7477,61.07,37385,99.41309038139035
random,1,1,7478,61.07,37390,99.41316820941833
random,1,1,7479,61.07,37395,99.4132426343071
random,1,1,7480,61.07,37400,99.41332267637065
random,1,1,7481,61.07,37405,99.41340269659943
random,1,1,7482,61.07,37410,99.41348044182489
random,1,1,7483,61.07,37415,99.413558166445
random,1,1,7484,61.1,37420,99.41335120483836
random,1,1,7485,61.14000000000001,37425,99.41304829919369
random,1,1,7486,61.14000000000001,37430,99.41312886592002
random,1,1,7487,61.150000000000006,37435,99.41311399888669
random,1,1,7488,61.150000000000006,37440,99.41319509751612
random,1,1,7489,61.150000000000006,37445,99.4132761737355
random,1,1,7490,61.17,37450,99.41316535747315
random,1,1,7491,61.18,37455,99.41315049361353
random,1,1,7492,61.18,37460,99.41322816581531
random,1,1,7493,61.18,37465,99.41330581745929
random,1,1,7494,61.18,37470,99.41338344855359
random,1,1,7495,61.18,37475,99.4134582474884
random,1,1,7496,61.18,37480,99.41353302735057
random,1,1,7497,61.18,37485,99.41360722610723
random,1,1,7498,61.18,37490,99.41368140609127
random,1,1,7499,61.18,37495,99.41375556730982
random,1,1,7500,61.18,37500,99.4138325178279
random,1,1,7501,61.18,37505,99.41391000960851
random,1,1,7502,61.18,37510,99.41398691959034
random,1,1,7503,61.18,37515,99.41406380938973
random,1,1,7504,61.18,37520,99.41414348409387
random,1,1,7505,61.18,37525,99.4142203328163
random,1,1,7506,61.18,37530,99.41429716138038
random,1,1,7507,61.18,37535,99.41437677263978
random,1,1,7508,61.18,37540,99.41445075806517
random,1,1,7509,61.199999999999996,37545,99.4143361327811
random,1,1,7510,61.23,37550,99.41412024744162
random,1,1,7511,61.260000000000005,37555,99.41390441456456
random,1,1,7512,61.260000000000005,37560,99.41397281660392
random,1,1,7513,61.260000000000005,37565,99.41404400504653
random,1,1,7514,61.260000000000005,37570,99.41411517619582
random,1,1,7515,61.260000000000005,37575,99.41419193199042
random,1,1,7516,61.28,37580,99.4140774396867
random,1,1,7517,61.28,37585,99.41414857949195
random,1,1,7518,61.31999999999999,37590,99.41383733890564
random,1,1,7519,61.31999999999999,37595,99.41390905076588
random,1,1,7520,61.31999999999999,37600,99.41398018503776
random,1,1,7521,61.31999999999999,37605,99.41405186195246
random,1,1,7522,61.31999999999999,37610,99.41412632017442
random,1,1,7523,61.31999999999999,37615,99.41420075947553
random,1,1,7524,61.31999999999999,37620,99.41427238244613
random,1,1,7525,61.31999999999999,37625,99.41434622529333
random,1,1,7526,61.31999999999999,37630,99.41441781269965
random,1,1,7527,61.31999999999999,37635,99.4144921779516
random,1,1,7528,61.31999999999999,37640,99.4145637296835
random,1,1,7529,61.31999999999999,37645,99.41463470513608
random,1,1,7530,61.33,37650,99.41460462665653
random,1,1,7531,61.339999999999996,37655,99.41457734851448
random,1,1,7532,61.339999999999996,37660,99.41465109044375
random,1,1,7533,61.339999999999996,37665,99.41472537223714
random,1,1,7534,61.339999999999996,37670,99.41479963517995
random,1,1,7535,61.339999999999996,37675,99.41487667004348
random,1,1,7536,61.339999999999996,37680,99.41495368462819
random,1,1,7537,61.35,37685,99.41493531387505
random,1,1,7538,61.35,37690,99.41500951145905
random,1,1,7539,61.35,37695,99.41508647853458
random,1,1,7540,61.35,37700,99.4151634253597
random,1,1,7541,61.35,37705,99.41523756510068
random,1,1,7542,61.35,37710,99.41531168604668
random,1,1,7543,61.35,37715,99.41538857363388
random,1,1,7544,61.35,37720,99.41546599793817
random,1,1,7545,61.35,37725,99.41554340173747
random,1,1,7546,61.35,37730,99.41562078503989
random,1,1,7547,61.35,37735,99.4156981478536
random,1,1,7548,61.35,37740,99.41577549018675
random,1,1,7549,61.35,37745,99.4158500310404
random,1,1,7550,61.35,37750,99.41592455287524
random,1,1,7551,61.35,37755,99.41599849977773
random,1,1,7552,61.35,37760,99.41607242795847
random,1,1,7553,61.35,37765,99.41614633742459
random,1,1,7554,61.35,37770,99.41621745067347
random,1,1,7555,61.35,37775,99.41628576974162
random,1,1,7556,61.35,37780,99.41635684903098
random,1,1,7557,61.35,37785,99.41642791101167
random,1,1,7558,61.35,37790,99.41650173052177
random,1,1,7559,61.35,37795,99.41657553135848
random,1,1,7560,61.35,37800,99.41664986821137
random,1,1,7561,61.35,37805,99.41672418612345
random,1,1,7562,61.35,37810,99.41679793070209
random,1,1,7563,61.35,37815,99.416871102375
random,1,1,7564,61.35,37820,99.41694425568919
random,1,1,7565,61.35,37825,99.4170179446343
random,1,1,7566,61.35,37830,99.4170910611128
random,1,1,7567,61.35,37835,99.41716194442756
random,1,1,7568,61.35,37840,99.4172328105052
random,1,1,7569,61.35,37845,99.41730310591217
random,1,1,7570,61.35,37850,99.41737615088391
random,1,1,7571,61.35,37855,99.41745194334614
random,1,1,7572,61.35,37860,99.41752771609153
random,1,1,7573,61.35,37865,99.41760125763953
random,1,1,7574,61.35,37870,99.41767201693355
random,1,1,7575,61.35,37875,99.41774275903566
random,1,1,7576,61.35,37880,99.41781569382894
random,1,1,7577,61.35,37885,99.41788308701295
random,1,1,7578,61.35,37890,99.41795322563965
random,1,1,7579,61.35,37895,99.41802334736654
random,1,1,7580,61.35,37900,99.4180906924863
random,1,1,7581,61.35,37905,99.41816078109663
random,1,1,7582,61.35,37910,99.4182308528252
random,1,1,7583,61.35,37915,99.41830366539803
random,1,1,7584,61.35,37920,99.41837370271739
random,1,1,7585,61.35,37925,99.41844372317352
random,1,1,7586,61.35,37930,99.41851097104403
random,1,1,7587,61.35,37935,99.41857544824659
random,1,1,7588,61.35,37940,99.41864266565841
random,1,1,7589,61.35,37945,99.41871262137394
random,1,1,7590,61.35,37950,99.41878256025572
random,1,1,7591,61.35,37955,99.41885248230982
random,1,1,7592,61.35,37960,99.41892293791047
random,1,1,7593,61.35,37965,99.41899337642978
random,1,1,7594,61.35,37970,99.41906379787397
random,1,1,7595,61.35,37975,99.41913420224924
random,1,1,7596,61.35,37980,99.41920733871999
random,1,1,7597,61.35,37985,99.41927715861354
random,1,1,7598,61.35,37990,99.41934751128653
random,1,1,7599,61.35,37995,99.41941784691558
random,1,1,7600,61.35,38000,99.4194881655069
random,1,1,7601,61.35,38005,99.4195612128758
random,1,1,7602,61.35,38010,99.41963424186353
random,1,1,7603,61.35,38015,99.41970999687864
random,1,1,7604,61.35,38020,99.41978847577913
random,1,1,7605,61.35,38025,99.41986693345538
random,1,1,7606,61.35,38030,99.41994536991601
random,1,1,7607,61.35,38035,99.42002378516962
random,1,1,7608,61.35,38040,99.42009943853148
random,1,1,7609,61.35,38045,99.42017233215478
random,1,1,7610,61.35,38050,99.42024246811334
random,1,1,7611,61.35,38055,99.42031532578562
random,1,1,7612,61.35,38060,99.42038542715753
random,1,1,7613,61.35,38065,99.42045551157672
random,1,1,7614,61.35,38070,99.42052557904938
random,1,1,7615,61.35,38075,99.42059562958164
random,1,1,7616,61.35,38080,99.42066839852347
random,1,1,7617,61.35,38085,99.42074114918913
random,1,1,7618,61.35,38090,99.42081934944844
random,1,1,7619,61.35,38095,99.42089752859643
random,1,1,7620,61.35,38100,99.42097568664167
random,1,1,7621,61.35,38105,99.4210538235927
random,1,1,7622,61.35,38110,99.42112920848972
random,1,1,7623,61.35,38115,99.42120730401476
random,1,1,7624,61.35,38120,99.42128592437193
random,1,1,7625,61.35,38125,99.421361794599
random,1,1,7626,61.35,38130,99.42143709932043
random,1,1,7627,61.35,38135,99.42151238444393
random,1,1,7628,61.35,38140,99.42158492330697
random,1,1,7629,61.35,38145,99.42165744398042
random,1,1,7630,61.35,38150,99.4217304915338
random,1,1,7631,61.35,38155,99.42180352063696
random,1,1,7632,61.35,38160,99.42187653129689
random,1,1,7633,61.35,38165,99.42194952352058
random,1,1,7634,61.35,38170,99.42202249731503
random,1,1,7635,61.35,38175,99.42209817454614
random,1,1,7636,61.35,38180,99.42217383196231
random,1,1,7637,61.35,38185,99.42224946957133
random,1,1,7638,61.35,38190,99.42232236765909
random,1,1,7639,61.35,38195,99.42239524735324
random,1,1,7640,61.35,38200,99.4224675649877
random,1,1,7641,61.35,38205,99.42254040805261
random,1,1,7642,61.35,38210,99.42261323274475
random,1,1,7643,61.35,38215,99.42268549580824
random,1,1,7644,61.35,38220,99.42275774078576
random,1,1,7645,61.35,38225,99.42282725271417
random,1,1,7646,61.35,38230,99.42289674790324
random,1,1,7647,61.35,38235,99.42296351267082
random,1,1,7648,61.35,38240,99.42303297505264
random,1,1,7649,61.35,38245,99.42309970830567
random,1,1,7650,61.35,38250,99.42316913790347
random,1,1,7651,61.35,38255,99.4232412618936
random,1,1,7652,61.35,38260,99.42331336784993
random,1,1,7653,61.35,38265,99.42338816550028
random,1,1,7654,61.35,38270,99.42346294375028
random,1,1,7655,61.35,38275,99.42353824426756
random,1,1,7656,61.35,38280,99.42361298359904
random,1,1,7657,61.35,38285,99.42368770355284
random,1,1,7658,61.35,38290,99.42376240413651
random,1,1,7659,61.35,38295,99.4238343798542
random,1,1,7660,61.35,38300,99.4239063375937
random,1,1,7661,61.35,38305,99.42397827736174
random,1,1,7662,61.370000000000005,38310,99.42386568569559
random,1,1,7663,61.38,38315,99.42384969404335
random,1,1,7664,61.4,38320,99.42373985326952
random,1,1,7665,61.4,38325,99.42381772370464
random,1,1,7666,61.4,38330,99.42389557309723
random,1,1,7667,61.4,38335,99.42397340145583
random,1,1,7668,61.4,38340,99.42405066853271
random,1,1,7669,61.4,38345,99.42412791488347
random,1,1,7670,61.4,38350,99.42420514051645
random,1,1,7671,61.4,38355,99.42428234543998
random,1,1,7672,61.4,38360,99.42435952966237
random,1,1,7673,61.4,38365,99.42443453505278
random,1,1,7674,61.4,38370,99.42450952089949
random,1,1,7675,61.4,38375,99.42458718347609
random,1,1,7676,61.41,38380,99.42456842631974
random,1,1,7677,61.41,38385,99.4246406697816
random,1,1,7678,61.41,38390,99.4247128951059
random,1,1,7679,61.41,38395,99.42478510229945
random,1,1,7680,61.41,38400,99.42485729136912
random,1,1,7681,61.41,38405,99.42492946232169
random,1,1,7682,61.41,38410,99.42500161516399
random,1,1,7683,61.41,38415,99.42507374990286
random,1,1,7684,61.44,38420,99.4248650389274
random,1,1,7685,61.45,38425,99.42484357523598
random,1,1,7686,61.45,38430,99.42491839362721
random,1,1,7687,61.45,38435,99.4249931925557
random,1,1,7688,61.45,38440,99.42506474453975
random,1,1,7689,61.45,38445,99.4251389676263
random,1,1,7690,61.45,38450,99.42521317155119
random,1,1,7691,61.45,38455,99.42529004381637
random,1,1,7692,61.45,38460,99.42536689552244
random,1,1,7693,61.45,38465,99.42544372667764
random,1,1,7694,61.45,38470,99.42552107435505
random,1,1,7695,61.45,38475,99.42559840120994
random,1,1,7696,61.45,38480,99.42567570725069
random,1,1,7697,61.45,38485,99.42575299248573
random,1,1,7698,61.45,38490,99.42583025692345
random,1,1,7699,61.45,38495,99.42590750057222
random,1,1,7700,61.45,38500,99.42598472344046
random,1,1,7701,61.45,38505,99.42606246158961
random,1,1,7702,61.45,38510,99.42613964277777
random,1,1,7703,61.45,38515,99.42621412437661
random,1,1,7704,61.45,38520,99.42628858664396
random,1,1,7705,61.45,38525,99.42636302958735
random,1,1,7706,61.45,38530,99.42643745321429
random,1,1,7707,61.45,38535,99.42650918145269
random,1,1,7708,61.45,38540,99.42658089175302
random,1,1,7709,61.45,38545,99.42665258412205
random,1,1,7710,61.45,38550,99.42672425856648
random,1,1,7711,61.45,38555,99.42679591509304
random,1,1,7712,61.45,38560,99.42686755370843
random,1,1,7713,61.45,38565,99.42693917441939
random,1,1,7714,61.45,38570,99.42701077723261
random,1,1,7715,61.45,38575,99.4270823621548
random,1,1,7716,61.45,38580,99.42715659925851
random,1,1,7717,61.45,38585,99.42723081712585
random,1,1,7718,61.45,38590,99.42730768442183
random,1,1,7719,61.45,38595,99.42738453108898
random,1,1,7720,61.45,38600,99.42746135713554
random,1,1,7721,61.45,38605,99.42753549605983
random,1,1,7722,61.45,38610,99.42760694994146
random,1,1,7723,61.45,38615,99.42767838598785
random,1,1,7724,61.45,38620,99.42774927129993
random,1,1,7725,61.45,38625,99.42782280291405
random,1,1,7726,61.45,38630,99.42789365245913
random,1,1,7727,61.45,38635,99.42796448446055
random,1,1,7728,61.45,38640,99.42803263704413
random,1,1,7729,61.45,38645,99.42810343463674
random,1,1,7730,61.45,38650,99.42817687526812
random,1,1,7731,61.45,38655,99.4282476371601
random,1,1,7732,61.45,38660,99.42831838154096
random,1,1,7733,61.45,38665,99.42839229869084
random,1,1,7734,61.45,38670,99.42846353885703
random,1,1,7735,61.45,38675,99.42853476126795
random,1,1,7736,61.45,38680,99.42860543461786
random,1,1,7737,61.45,38685,99.42867609048952
random,1,1,7738,61.45,38690,99.42874938412768
random,1,1,7739,61.45,38695,99.42882531349542
random,1,1,7740,61.45,38700,99.42890175344355
random,1,1,7741,61.45,38705,99.428978703554
random,1,1,7742,61.45,38710,99.42905563293061
random,1,1,7743,61.45,38715,99.42913254158182
random,1,1,7744,61.45,38720,99.42920836913359
random,1,1,7745,61.45,38725,99.42928099621811
random,1,1,7746,61.45,38730,99.42935360482295
random,1,1,7747,61.45,38735,99.42942407579699
random,1,1,7748,61.45,38740,99.4294945293678
random,1,1,7749,61.45,38745,99.42956231788
random,1,1,7750,61.45,38750,99.42963009028459
random,1,1,7751,61.45,38755,99.42970049299122
random,1,1,7752,61.45,38760,99.42977087831989
random,1,1,7753,61.45,38765,99.4298465363989
random,1,1,7754,61.45,38770,99.42991953005702
random,1,1,7755,61.45,38775,99.42998986133308
random,1,1,7756,61.45,38780,99.43006017525765
random,1,1,7757,61.45,38785,99.43013100031716
random,1,1,7758,61.45,38790,99.43020444950518
random,1,1,7759,61.45,38795,99.43027523871422
random,1,1,7760,61.45,38800,99.43034601033628
random,1,1,7761,61.45,38805,99.43041676437792
random,1,1,7762,61.45,38810,99.43049013992612
random,1,1,7763,61.45,38815,99.43056560727467
random,1,1,7764,61.45,38820,99.43063894448152
random,1,1,7765,61.45,38825,99.43071437240081
random,1,1,7766,61.45,38830,99.43079030759554
random,1,1,7767,61.45,38835,99.43086569541822
random,1,1,7768,61.45,38840,99.43094053629572
random,1,1,7769,61.45,38845,99.4310164111719
random,1,1,7770,61.45,38850,99.43109173911876
random,1,1,7771,61.45,38855,99.43116704712288
random,1,1,7772,61.45,38860,99.43123970307843
random,1,1,7773,61.45,38865,99.43130707751993
random,1,1,7774,61.45,38870,99.43137969771053
random,1,1,7775,61.47,38875,99.43126725535333
random,1,1,7776,61.47,38880,99.4313398620858
random,1,1,7777,61.47,38885,99.43140982059856
random,1,1,7778,61.47,38890,99.43147976190035
random,1,1,7779,61.47,38895,99.43154968599755
random,1,1,7780,61.47,38900,99.4316195928965
random,1,1,7781,61.47,38905,99.43168948260353
random,1,1,7782,61.47,38910,99.43175935512498
random,1,1,7783,61.47,38915,99.43183183627292
random,1,1,7784,61.47,38920,99.43190429893275
random,1,1,7785,61.47,38925,99.4319793675538
random,1,1,7786,61.47,38930,99.43205494108506
random,1,1,7787,61.47,38935,99.4321304945093
random,1,1,7788,61.47,38940,99.43220602783455
random,1,1,7789,61.47,38945,99.43228154106885
random,1,1,7790,61.47,38950,99.43235703422017
random,1,1,7791,61.47,38955,99.43243250729658
random,1,1,7792,61.47,38960,99.4325084842151
random,1,1,7793,61.47,38965,99.43258444079521
random,1,1,7794,61.47,38970,99.43265985341637
random,1,1,7795,61.47,38975,99.43273524599468
random,1,1,7796,61.47,38980,99.43281061853814
random,1,1,7797,61.47,38985,99.43288597105476
random,1,1,7798,61.47,38990,99.4329613035525
random,1,1,7799,61.47,38995,99.43303609310493
random,1,1,7800,61.480000000000004,39000,99.4330186408494
random,1,1,7801,61.480000000000004,39005,99.43309078938512
random,1,1,7802,61.480000000000004,39010,99.43316553262895
random,1,1,7803,61.480000000000004,39015,99.43323764378783
random,1,1,7804,61.480000000000004,39020,99.43330973660149
random,1,1,7805,61.480000000000004,39025,99.43338442212676
random,1,1,7806,61.480000000000004,39030,99.43345961003813
random,1,1,7807,61.480000000000004,39035,99.43353477799778
random,1,1,7808,61.480000000000004,39040,99.43360731704172
random,1,1,7809,61.480000000000004,39045,99.43367983750996
random,1,1,7810,61.480000000000004,39050,99.43375233940965
random,1,1,7811,61.480000000000004,39055,99.4338274297165
random,1,1,7812,61.480000000000004,39060,99.43390250011049
random,1,1,7813,61.480000000000004,39065,99.43397807171391
random,1,1,7814,61.480000000000004,39070,99.43405362314304
random,1,1,7815,61.480000000000004,39075,99.43412915440598
random,1,1,7816,61.480000000000004,39080,99.43420414481355
random,1,1,7817,61.480000000000004,39085,99.43427911534799
random,1,1,7818,61.480000000000004,39090,99.4343545864385
random,1,1,7819,61.480000000000004,39095,99.43443003739496
random,1,1,7820,61.480000000000004,39100,99.43450546822542
random,1,1,7821,61.480000000000004,39105,99.43458087893795
random,1,1,7822,61.480000000000004,39110,99.43465626954058
random,1,1,7823,61.480000000000004,39115,99.43473112031363
random,1,1,7824,61.480000000000004,39120,99.43480595126903
random,1,1,7825,61.480000000000004,39125,99.43487816513728
random,1,1,7826,61.480000000000004,39130,99.43495036055461
random,1,1,7827,61.480000000000004,39135,99.43502253752808
random,1,1,7828,61.480000000000004,39140,99.43509469606478
random,1,1,7829,61.480000000000004,39145,99.43516424152334
random,1,1,7830,61.480000000000004,39150,99.43523376986052
random,1,1,7831,61.480000000000004,39155,99.43530276240557
random,1,1,7832,61.480000000000004,39160,99.43537173809625
random,1,1,7833,61.480000000000004,39165,99.43543551264898
random,1,1,7834,61.480000000000004,39170,99.43549927279672
random,1,1,7835,61.480000000000004,39175,99.43556560953039
random,1,1,7836,61.480000000000004,39180,99.4356345210283
random,1,1,7837,61.480000000000004,39185,99.43570341570155
random,1,1,7838,61.480000000000004,39190,99.43577229355625
random,1,1,7839,61.480000000000004,39195,99.43584115459862
random,1,1,7840,61.480000000000004,39200,99.43590999883475
random,1,1,7841,61.480000000000004,39205,99.43597882627083
random,1,1,7842,61.480000000000004,39210,99.43604763691302
random,1,1,7843,61.480000000000004,39215,99.43611384483592
random,1,1,7844,61.480000000000004,39220,99.43618262253949
random,1,1,7845,61.480000000000004,39225,99.43625138346735
random,1,1,7846,61.5,39230,99.43613675746545
random,1,1,7847,61.5,39235,99.43620809146813
random,1,1,7848,61.5,39240,99.43627940742424
random,1,1,7849,61.5,39245,99.43635070534064
random,1,1,7850,61.5,39250,99.43641940293448
random,1,1,7851,61.5,39255,99.43648550210058
random,1,1,7852,61.5,39260,99.43655158576372
random,1,1,7853,61.5,39265,99.43661765392933
random,1,1,7854,61.53999999999999,39270,99.43631990356802
random,1,1,7855,61.550000000000004,39275,99.43629956076242
random,1,1,7856,61.550000000000004,39280,99.43637131180341
random,1,1,7857,61.550000000000004,39285,99.4364456245565
random,1,1,7858,61.550000000000004,39290,99.43652043357258
random,1,1,7859,61.550000000000004,39295,99.43659522273025
random,1,1,7860,61.58,39300,99.43639490430704
random,1,1,7861,61.61,39305,99.43619515462765
random,1,1,7862,61.61,39310,99.43626944143004
random,1,1,7863,61.61,39315,99.43634370865895
random,1,1,7864,61.629999999999995,39320,99.43623500483906
random,1,1,7865,61.629999999999995,39325,99.43630925704042
random,1,1,7866,61.629999999999995,39330,99.43638348968517
random,1,1,7867,61.629999999999995,39335,99.43645770278104
random,1,1,7868,61.629999999999995,39340,99.43652932049807
random,1,1,7869,61.629999999999995,39345,99.43660349519746
random,1,1,7870,61.629999999999995,39350,99.4366781652691
random,1,1,7871,61.629999999999995,39355,99.43675281555049
random,1,1,7872,61.650000000000006,39360,99.4366446868238
random,1,1,7873,61.650000000000006,39365,99.43671880710474
random,1,1,7874,61.650000000000006,39370,99.43679033526735
random,1,1,7875,61.650000000000006,39375,99.43686390283915
random,1,1,7876,61.650000000000006,39380,99.4369374511944
random,1,1,7877,61.660000000000004,39385,99.43692017434836
random,1,1,7878,61.69,39390,99.4367202858309
random,1,1,7879,61.73,39395,99.4364286392486
random,1,1,7880,61.73,39400,99.4364996339484
random,1,1,7881,61.75000000000001,39405,99.43638806438776
random,1,1,7882,61.78,39410,99.4361852612366
random,1,1,7883,61.78,39415,99.43625883183851
random,1,1,7884,61.78,39420,99.43633238324288
random,1,1,7885,61.78,39425,99.43640591545724
random,1,1,7886,61.78,39430,99.43647685842689
random,1,1,7887,61.78,39435,99.43654778353877
random,1,1,7888,61.78,39440,99.43661612200754
random,1,1,7889,61.78,39445,99.43668187570893
random,1,1,7890,61.78,39450,99.43675018165673
random,1,1,7891,61.78,39455,99.43681847104145
random,1,1,7892,61.78,39460,99.43688674386915
random,1,1,7893,61.78,39465,99.43695756584853
random,1,1,7894,61.78,39470,99.43703144805389
random,1,1,7895,61.78,39475,99.43710531087221
random,1,1,7896,61.78,39480,99.4371765906275
random,1,1,7897,61.78,39485,99.43725041536713
random,1,1,7898,61.78,39490,99.43732422074231
random,1,1,7899,61.78,39495,99.43739800676069
random,1,1,7900,61.78,39500,99.43747177342988
random,1,1,7901,61.78,39505,99.43754552075747
random,1,1,7902,61.78,39510,99.43761924875108
random,1,1,7903,61.78,39515,99.43769244561918
random,1,1,7904,61.78,39520,99.43776613510175
random,1,1,7905,61.78,39525,99.43783724760458
random,1,1,7906,61.78,39530,99.43790578507584
random,1,1,7907,61.78,39535,99.43797430583732
random,1,1,7908,61.78,39540,99.4380428098951
random,1,1,7909,61.78,39545,99.43811078621744
random,1,1,7910,61.78,39550,99.43817874609644
random,1,1,7911,61.78,39555,99.4382472003288
random,1,1,7912,61.78,39560,99.4383181911991
random,1,1,7913,61.78,39565,99.43838865359635
random,1,1,7914,61.78,39570,99.43846165033013
random,1,1,7915,61.78,39575,99.43853258701245
random,1,1,7916,61.78,39580,99.43860350577481
random,1,1,7917,61.78,39585,99.43867389660987
random,1,1,7918,61.78,39590,99.43874426979521
random,1,1,7919,61.78,39595,99.43881462533746
random,1,1,7920,61.79,39600,99.43879668709305
random,1,1,7921,61.79,39605,99.43886701811263
random,1,1,7922,61.8,39610,99.43884143456827
random,1,1,7923,61.809999999999995,39615,99.43881330941261
random,1,1,7924,61.82,39620,99.43878773793875
random,1,1,7925,61.82,39625,99.43885294352584
random,1,1,7926,61.82,39630,99.4389181339626
random,1,1,7927,61.82,39635,99.43898585485688
random,1,1,7928,61.82,39640,99.43905406840055
random,1,1,7929,61.82,39645,99.43912430083333
random,1,1,7930,61.82,39650,99.43919451568159
random,1,1,7931,61.82,39655,99.43926725600144
random,1,1,7932,61.82,39660,99.43933997745388
random,1,1,7933,61.82,39665,99.43941064666367
random,1,1,7934,61.82,39670,99.43948383914582
random,1,1,7935,61.82,39675,99.43955701251795
random,1,1,7936,61.82,39680,99.4396306747365
random,1,1,7937,61.82,39685,99.43970431759394
random,1,1,7938,61.82,39690,99.43977794109784
random,1,1,7939,61.82,39695,99.43985154525586
random,1,1,7940,61.82,39700,99.43992513007562
random,1,1,7941,61.82,39705,99.43999869556474
random,1,1,7942,61.82,39710,99.44007224173083
random,1,1,7943,61.82,39715,99.44014576858152
random,1,1,7944,61.82,39720,99.44021927612438
random,1,1,7945,61.82,39725,99.44029276436706
random,1,1,7946,61.82,39730,99.44036623331714
random,1,1,7947,61.82,39735,99.4404396829822
random,1,1,7948,61.82,39740,99.44051311336986
random,1,1,7949,61.82,39745,99.44058652448768
random,1,1,7950,61.82,39750,99.44065991634328
random,1,1,7951,61.82,39755,99.44073328894422
random,1,1,7952,61.82,39760,99.44080664229806
random,1,1,7953,61.82,39765,99.4408799764124
random,1,1,7954,61.83,39770,99.44086285992815
random,1,1,7955,61.83,39775,99.44093616744246
random,1,1,7956,61.85000000000001,39780,99.44082864042252
random,1,1,7957,61.85000000000001,39785,99.44090142780307
random,1,1,7958,61.85000000000001,39790,99.4409716698723
random,1,1,7959,61.85000000000001,39795,99.44104189429412
random,1,1,7960,61.85000000000001,39800,99.44111210107512
random,1,1,7961,61.85000000000001,39805,99.44118481468297
random,1,1,7962,61.85000000000001,39810,99.4412575093726
random,1,1,7963,61.870000000000005,39815,99.44115003680804
random,1,1,7964,61.870000000000005,39820,99.44122322170442
random,1,1,7965,61.870000000000005,39825,99.44129638743526
random,1,1,7966,61.870000000000005,39830,99.4413695340081
random,1,1,7967,61.870000000000005,39835,99.44144266143049
random,1,1,7968,61.870000000000005,39840,99.44151576970988
random,1,1,7969,61.870000000000005,39845,99.44158885885385
random,1,1,7970,61.870000000000005,39850,99.44166192886988
random,1,1,7971,61.870000000000005,39855,99.44173497976549
random,1,1,7972,61.870000000000005,39860,99.44180801154818
random,1,1,7973,61.870000000000005,39865,99.44188102422545
random,1,1,7974,61.870000000000005,39870,99.4419540178048
random,1,1,7975,61.870000000000005,39875,99.4420269922937
random,1,1,7976,61.870000000000005,39880,99.44209944462429
random,1,1,7977,61.870000000000005,39885,99.44217187814156
random,1,1,7978,61.870000000000005,39890,99.44224479566705
random,1,1,7979,61.870000000000005,39895,99.44231769413194
random,1,1,7980,61.870000000000005,39900,99.4423905735437
random,1,1,7981,61.870000000000005,39905,99.4424634339098
random,1,1,7982,61.870000000000005,39910,99.44253627523769
random,1,1,7983,61.870000000000005,39915,99.44260859537727
random,1,1,7984,61.870000000000005,39920,99.44268139878231
random,1,1,7985,61.870000000000005,39925,99.44275418317147
random,1,1,7986,61.870000000000005,39930,99.44282694855222
random,1,1,7987,61.870000000000005,39935,99.44289969493198
random,1,1,7988,61.870000000000005,39940,99.44297242231819
random,1,1,7989,61.870000000000005,39945,99.44304462934606
random,1,1,7990,61.870000000000005,39950,99.44311431143115
random,1,1,7991,61.870000000000005,39955,99.44318147046171
random,1,1,7992,61.870000000000005,39960,99.4432486132958
random,1,1,7993,61.870000000000005,39965,99.44331573993928
random,1,1,7994,61.870000000000005,39970,99.44338285039801
random,1,1,7995,61.870000000000005,39975,99.44344994467784
random,1,1,7996,61.870000000000005,39980,99.44351952538611
random,1,1,7997,61.870000000000005,39985,99.44358908869839
random,1,1,7998,61.870000000000005,39990,99.44366113594918
random,1,1,7999,61.870000000000005,39995,99.44373316454421
random,1,1,8000,61.870000000000005,40000,99.44380567449463
random,1,1,8001,61.870000000000005,40005,99.44387816554399
random,1,1,8002,61.870000000000005,40010,99.44395063769973
random,1,1,8003,61.870000000000005,40015,99.44402309096921
random,1,1,8004,61.870000000000005,40020,99.44409552535983
random,1,1,8005,61.870000000000005,40025,99.44416794087894
random,1,1,8006,61.870000000000005,40030,99.44424033753394
random,1,1,8007,61.870000000000005,40035,99.44431271533219
random,1,1,8008,61.870000000000005,40040,99.44438507428104
random,1,1,8009,61.870000000000005,40045,99.4444574143879
random,1,1,8010,61.870000000000005,40050,99.44452973566008
random,1,1,8011,61.870000000000005,40055,99.44460203810495
random,1,1,8012,61.870000000000005,40060,99.44467432172986
random,1,1,8013,61.870000000000005,40065,99.44474658654218
random,1,1,8014,61.870000000000005,40070,99.44481833436527
random,1,1,8015,61.870000000000005,40075,99.44489006364878
random,1,1,8016,61.870000000000005,40080,99.44496227232644
random,1,1,8017,61.870000000000005,40085,99.44503396442369
random,1,1,8018,61.870000000000005,40090,99.44510613567141
random,1,1,8019,61.870000000000005,40095,99.44517828815039
random,1,1,8020,61.870000000000005,40100,99.44525042186791
random,1,1,8021,61.870000000000005,40105,99.44532253683131
random,1,1,8022,61.870000000000005,40110,99.44539413589682
random,1,1,8023,61.870000000000005,40115,99.44546323135306
random,1,1,8024,61.870000000000005,40120,99.44553479410315
random,1,1,8025,61.870000000000005,40125,99.44560385451828
random,1,1,8026,61.870000000000005,40130,99.44567289773217
random,1,1,8027,61.870000000000005,40135,99.44574192375121
random,1,1,8028,61.870000000000005,40140,99.44581093258188
random,1,1,8029,61.870000000000005,40145,99.44587992423055
random,1,1,8030,61.870000000000005,40150,99.44594889870366
random,1,1,8031,61.870000000000005,40155,99.44601785600761
random,1,1,8032,61.870000000000005,40160,99.44608679614883
random,1,1,8033,61.870000000000005,40165,99.4461581980582
random,1,1,8034,61.870000000000005,40170,99.44622958156188
random,1,1,8035,61.870000000000005,40175,99.44630144219367
random,1,1,8036,61.870000000000005,40180,99.44637328417775
random,1,1,8037,61.870000000000005,40185,99.44644510752136
random,1,1,8038,61.870000000000005,40190,99.44651691223173
random,1,1,8039,61.870000000000005,40195,99.44658869831615
random,1,1,8040,61.870000000000005,40200,99.44666046578185
random,1,1,8041,61.870000000000005,40205,99.44673221463607
random,1,1,8042,61.870000000000005,40210,99.44680394488604
random,1,1,8043,61.870000000000005,40215,99.446875656539
random,1,1,8044,61.870000000000005,40220,99.44694734960223
random,1,1,8045,61.870000000000005,40225,99.44701902408288
random,1,1,8046,61.870000000000005,40230,99.44709067998821
random,1,1,8047,61.870000000000005,40235,99.44716231732544
random,1,1,8048,61.870000000000005,40240,99.44723393610178
random,1,1,8049,61.870000000000005,40245,99.44730553632445
random,1,1,8050,61.870000000000005,40250,99.44737711800066
random,1,1,8051,61.870000000000005,40255,99.4474486811376
random,1,1,8052,61.870000000000005,40260,99.44752022574251
random,1,1,8053,61.870000000000005,40265,99.44759175182254
random,1,1,8054,61.870000000000005,40270,99.4476632593849
random,1,1,8055,61.870000000000005,40275,99.4477347484368
random,1,1,8056,61.870000000000005,40280,99.4478062189854
random,1,1,8057,61.870000000000005,40285,99.4478776710379
random,1,1,8058,61.870000000000005,40290,99.44794910460146
random,1,1,8059,61.870000000000005,40295,99.44802051968328
random,1,1,8060,61.870000000000005,40300,99.44809191629052
random,1,1,8061,61.870000000000005,40305,99.44816329443034
random,1,1,8062,61.870000000000005,40310,99.44823465410992
random,1,1,8063,61.870000000000005,40315,99.44830550339113
random,1,1,8064,61.870000000000005,40320,99.44837633447992
random,1,1,8065,61.870000000000005,40325,99.44844714738326
random,1,1,8066,61.870000000000005,40330,99.44851843367469
random,1,1,8067,61.870000000000005,40335,99.4485897015415
random,1,1,8068,61.870000000000005,40340,99.44866045967834
random,1,1,8069,61.870000000000005,40345,99.44873169084424
random,1,1,8070,61.870000000000005,40350,99.44880290360688
random,1,1,8071,61.870000000000005,40355,99.44887409797339
random,1,1,8072,61.870000000000005,40360,99.44894478314504
random,1,1,8073,61.870000000000005,40365,99.44901545018742
random,1,1,8074,61.870000000000005,40370,99.44908364632363
random,1,1,8075,61.870000000000005,40375,99.44915182558047
random,1,1,8076,61.870000000000005,40380,99.44921998796421
random,1,1,8077,61.870000000000005,40385,99.44928813348109
random,1,1,8078,61.870000000000005,40390,99.44935381175857
random,1,1,8079,61.870000000000005,40395,99.44941947437225
random,1,1,8080,61.870000000000005,40400,99.44948512132771
random,1,1,8081,61.870000000000005,40405,99.44955075263057
random,1,1,8082,61.870000000000005,40410,99.44961881632908
random,1,1,8083,61.870000000000005,40415,99.4496893106129
random,1,1,8084,61.870000000000005,40420,99.44976027619597
random,1,1,8085,61.870000000000005,40425,99.44983122347861
random,1,1,8086,61.870000000000005,40430,99.44990215246789
random,1,1,8087,61.870000000000005,40435,99.44997306317086
random,1,1,8088,61.870000000000005,40440,99.45004395559462
random,1,1,8089,61.870000000000005,40445,99.45011482974624
random,1,1,8090,61.870000000000005,40450,99.45018568563275
random,1,1,8091,61.870000000000005,40455,99.45025652326125
random,1,1,8092,61.870000000000005,40460,99.45032734263877
random,1,1,8093,61.870000000000005,40465,99.45039814377236
random,1,1,8094,61.870000000000005,40470,99.45046843857361
random,1,1,8095,61.870000000000005,40475,99.45053871539558
random,1,1,8096,61.870000000000005,40480,99.450609462091
random,1,1,8097,61.870000000000005,40485,99.45067970285031
random,1,1,8098,61.870000000000005,40490,99.45074748766024
random,1,1,8099,61.870000000000005,40495,99.45081525574328
random,1,1,8100,61.870000000000005,40500,99.45088300710559
random,1,1,8101,61.870000000000005,40505,99.45095074175339
random,1,1,8102,61.870000000000005,40510,99.45101602408538
random,1,1,8103,61.870000000000005,40515,99.45108129089498
random,1,1,8104,61.870000000000005,40520,99.45114654218773
random,1,1,8105,61.870000000000005,40525,99.45121177796918
random,1,1,8106,61.870000000000005,40530,99.45127699824484
random,1,1,8107,61.870000000000005,40535,99.45134220302023
random,1,1,8108,61.870000000000005,40540,99.45140739230091
random,1,1,8109,61.870000000000005,40545,99.45147256609236
random,1,1,8110,61.870000000000005,40550,99.45153772440014
random,1,1,8111,61.870000000000005,40555,99.45160286722975
random,1,1,8112,61.870000000000005,40560,99.45166799458669
random,1,1,8113,61.870000000000005,40565,99.4517331064765
random,1,1,8114,61.870000000000005,40570,99.45179820290465
random,1,1,8115,61.870000000000005,40575,99.45186328387669
random,1,1,8116,61.870000000000005,40580,99.45192834939812
random,1,1,8117,61.870000000000005,40585,99.4519933994744
random,1,1,8118,61.870000000000005,40590,99.45205843411107
random,1,1,8119,61.870000000000005,40595,99.45212587910463
random,1,1,8120,61.870000000000005,40600,99.45219088230294
random,1,1,8121,61.870000000000005,40605,99.4522582946969
random,1,1,8122,61.870000000000005,40610,99.45232569050161
random,1,1,8123,61.870000000000005,40615,99.45239064629764
random,1,1,8124,61.870000000000005,40620,99.4524555866876
random,1,1,8125,61.870000000000005,40625,99.45252051167697
random,1,1,8126,61.870000000000005,40630,99.45258784297314
random,1,1,8127,61.870000000000005,40635,99.45265515770998
random,1,1,8128,61.870000000000005,40640,99.4527224558936
random,1,1,8129,61.870000000000005,40645,99.45278973753011
random,1,1,8130,61.870000000000005,40650,99.45285700262562
random,1,1,8131,61.870000000000005,40655,99.45292183245985
random,1,1,8132,61.88,40660,99.45290065213393
random,1,1,8133,61.88,40665,99.45296787910131
random,1,1,8134,61.88,40670,99.45303508954915
random,1,1,8135,61.88,40675,99.45310228348356
random,1,1,8136,61.89,40680,99.45308109139881
random,1,1,8137,61.9,40685,99.4530574881643
random,1,1,8138,61.9,40690,99.45312223910662
random,1,1,8139,61.9,40695,99.4531869747194
random,1,1,8140,61.9,40700,99.45325410964773
random,1,1,8141,61.919999999999995,40705,99.45314459521042
random,1,1,8142,61.96,40710,99.45285849645586
random,1,1,8143,61.96,40715,99.45292564697988
random,1,1,8144,61.96,40720,99.45299036641522
random,1,1,8145,61.96,40725,99.45305748457642
random,1,1,8146,61.96,40730,99.4531245862688
random,1,1,8147,61.96,40735,99.45319167149846
random,1,1,8148,61.96,40740,99.45325874027144
random,1,1,8149,61.96,40745,99.45332579259379
random,1,1,8150,61.96,40750,99.45339523952774
random,1,1,8151,61.96,40755,99.45346466881952
random,1,1,8152,61.96,40760,99.45353408047583
random,1,1,8153,61.96,40765,99.45360106528392
random,1,1,8154,61.96,40770,99.45366803367224
random,1,1,8155,61.96,40775,99.45373498564688
random,1,1,8156,61.96,40780,99.45380192121384
random,1,1,8157,61.96,40785,99.45386643349924
random,1,1,8158,61.96,40790,99.45393093054717
random,1,1,8159,61.96,40795,99.453995412363
random,1,1,8160,61.96,40800,99.45405987895214
random,1,1,8161,61.96,40805,99.45412433031997
random,1,1,8162,61.96,40810,99.4541887664719
random,1,1,8163,61.96,40815,99.4542531874133
random,1,1,8164,61.96,40820,99.45431759314955
random,1,1,8165,61.96,40825,99.45438198368606
random,1,1,8166,61.96,40830,99.45444635902818
random,1,1,8167,61.96,40835,99.45451071918131
random,1,1,8168,61.96,40840,99.45457746478873
random,1,1,8169,61.96,40845,99.45464419406427
random,1,1,8170,61.96,40850,99.45471330645623
random,1,1,8171,61.96,40855,99.45478240133329
random,1,1,8172,61.96,40860,99.45485147870217
random,1,1,8173,61.96,40865,99.45492053856947
random,1,1,8174,61.96,40870,99.45498958094188
random,1,1,8175,61.96,40875,99.45505620942166
random,1,1,8176,61.96,40880,99.45512282161252
random,1,1,8177,61.96,40885,99.4551918127534
random,1,1,8178,61.96,40890,99.45526078642548
random,1,1,8179,61.96,40895,99.45532734861511
random,1,1,8180,61.96,40900,99.45539389454014
random,1,1,8181,61.96,40905,99.45546042420652
random,1,1,8182,61.96,40910,99.45552454533312
random,1,1,8183,61.96,40915,99.4555886513606
random,1,1,8184,61.96,40920,99.45565274229428
random,1,1,8185,61.96,40925,99.4557192087373
random,1,1,8186,61.96,40930,99.4557832689367
random,1,1,8187,61.96,40935,99.45584731405847
random,1,1,8188,61.96,40940,99.45591134410797
random,1,1,8189,61.96,40945,99.45597535909052
random,1,1,8190,61.96,40950,99.4560393590114
random,1,1,8191,61.96,40955,99.45610334387594
random,1,1,8192,61.96,40960,99.45616731368946
random,1,1,8193,61.96,40965,99.45623126845729
random,1,1,8194,61.96,40970,99.45629520818471
random,1,1,8195,61.96,40975,99.45635913287703
random,1,1,8196,61.96,40980,99.45642304253954
random,1,1,8197,61.96,40985,99.45648693717757
random,1,1,8198,61.96,40990,99.45655081679641
random,1,1,8199,61.96,40995,99.45661706411848
random,1,1,8200,61.96,41000,99.45668567740668
random,1,1,8201,61.96,41005,99.45675427336938
random,1,1,8202,61.96,41010,99.45682285201316
random,1,1,8203,61.96,41015,99.45689141334455
random,1,1,8204,61.96,41020,99.45695995737013
random,1,1,8205,61.96,41025,99.45702848409643
random,1,1,8206,61.96,41030,99.45709699353003
random,1,1,8207,61.96,41035,99.45716310776749
random,1,1,8208,61.96,41040,99.45723158323516
random,1,1,8209,61.96,41045,99.45730004142949
random,1,1,8210,61.96,41050,99.45736848235704
random,1,1,8211,61.96,41055,99.45743453049172
random,1,1,8212,61.96,41060,99.45749818757464
random,1,1,8213,61.96,41065,99.45756182972204
random,1,1,8214,61.96,41070,99.45762545693917
random,1,1,8215,61.96,41075,99.4576890692313
random,1,1,8216,61.96,41080,99.45775266660365
random,1,1,8217,61.96,41085,99.4578186212527
random,1,1,8218,61.96,41090,99.45788455985931
random,1,1,8219,61.96,41095,99.45795048242933
random,1,1,8220,61.96,41100,99.45801638896859
random,1,1,8221,61.96,41105,99.45808464934683
random,1,1,8222,61.96,41110,99.45815289253306
random,1,1,8223,61.96,41115,99.45821874986336
random,1,1,8224,61.96,41120,99.45828459118673
random,1,1,8225,61.96,41125,99.45835041650895
random,1,1,8226,61.96,41130,99.45841622583589
random,1,1,8227,61.96,41135,99.45848201917337
random,1,1,8228,61.96,41140,99.45854543071243
random,1,1,8229,61.96,41145,99.4586088274023
random,1,1,8230,61.96,41150,99.45867220924818
random,1,1,8231,61.96,41155,99.4587355762553
random,1,1,8232,61.96,41160,99.45879892842888
random,1,1,8233,61.96,41165,99.45886226577409
random,1,1,8234,61.96,41170,99.45892558829617
random,1,1,8235,61.96,41175,99.45899125794138
random,1,1,8236,61.96,41180,99.45905927299522
random,1,1,8237,61.96,41185,99.45912491019605
random,1,1,8238,61.96,41190,99.45919289165091
random,1,1,8239,61.96,41195,99.45926085601904
random,1,1,8240,61.96,41200,99.45932880330686
random,1,1,8241,61.96,41205,99.4593967335208
random,1,1,8242,61.96,41210,99.45946511822675
random,1,1,8243,61.96,41215,99.45953348563393
random,1,1,8244,61.96,41220,99.45960183574896
random,1,1,8245,61.96,41225,99.45967016857837
random,1,1,8246,61.96,41230,99.45973848412872
random,1,1,8247,61.96,41235,99.45980678240657
random,1,1,8248,61.96,41240,99.45987506341848
random,1,1,8249,61.96,41245,99.45994332717098
random,1,1,8250,61.96,41250,99.4600115736706
random,1,1,8251,61.96,41255,99.4600798029239
random,1,1,8252,61.96,41260,99.46014801493742
random,1,1,8253,61.96,41265,99.46021620971767
random,1,1,8254,61.96,41270,99.46028438727122
random,1,1,8255,61.96,41275,99.46035254760454
random,1,1,8256,61.96,41280,99.46042069072422
random,1,1,8257,61.96,41285,99.46048881663673
random,1,1,8258,61.96,41290,99.46055645569224
random,1,1,8259,61.96,41295,99.46062173008453
random,1,1,8260,61.96,41300,99.46068464152414
random,1,1,8261,61.96,41305,99.46074753828988
random,1,1,8262,61.96,41310,99.46081042038686
random,1,1,8263,61.96,41315,99.46087328782023
random,1,1,8264,61.96,41320,99.4609361405951
random,1,1,8265,61.96,41325,99.4609989787166
random,1,1,8266,61.96,41330,99.46106180218986
random,1,1,8267,61.96,41335,99.46112461101998
random,1,1,8268,61.96,41340,99.46118740521212
random,1,1,8269,61.96,41345,99.46125018477136
random,1,1,8270,61.96,41350,99.46131294970284
random,1,1,8271,61.96,41355,99.46137570001164
random,1,1,8272,61.96,41360,99.4614384357029
random,1,1,8273,61.96,41365,99.46150115678172
random,1,1,8274,61.96,41370,99.4615638632532
random,1,1,8275,61.96,41375,99.46162655512245
random,1,1,8276,61.96,41380,99.46168923239456
random,1,1,8277,61.96,41385,99.46175189507464
random,1,1,8278,61.96,41390,99.46181688050095
random,1,1,8279,61.96,41395,99.4618818502371
random,1,1,8280,61.96,41400,99.46194680428879
random,1,1,8281,61.96,41405,99.4620117426617
random,1,1,8282,61.96,41410,99.46207666536151
random,1,1,8283,61.96,41415,99.46214157239388
random,1,1,8284,61.96,41420,99.462204129814
random,1,1,8285,61.96,41425,99.46226900609156
random,1,1,8286,61.96,41430,99.4623338667185
random,1,1,8287,61.96,41435,99.46239637941835
random,1,1,8288,61.96,41440,99.46245887758359
random,1,1,8289,61.96,41445,99.4625213612193
random,1,1,8290,61.96,41450,99.4625861609865
random,1,1,8291,61.96,41455,99.4626532752046
random,1,1,8292,61.96,41460,99.46272037266186
random,1,1,8293,61.970000000000006,41465,99.46270121609693
random,1,1,8294,61.970000000000006,41470,99.46276875649649
random,1,1,8295,61.970000000000006,41475,99.46283627991804
random,1,1,8296,61.970000000000006,41480,99.46290378636796
random,1,1,8297,61.970000000000006,41485,99.46297081046605
random,1,1,8298,61.970000000000006,41490,99.46303781783837
random,1,1,8299,61.970000000000006,41495,99.46310480849121
random,1,1,8300,61.970000000000006,41500,99.46316945722681
random,1,1,8301,61.970000000000006,41505,99.46323409039529
random,1,1,8302,61.980000000000004,41510,99.46320977689169
random,1,1,8303,61.980000000000004,41515,99.46327438992708
random,1,1,8304,61.980000000000004,41520,99.46333898740951
random,1,1,8305,61.99,41525,99.46331699360552
random,1,1,8306,62.0,41530,99.46329732808634
random,1,1,8307,62.0,41535,99.46336189921418
random,1,1,8308,62.0,41540,99.46342877666088
random,1,1,8309,62.0,41545,99.46349563744073
random,1,1,8310,62.0,41550,99.46356016086273
random,1,1,8311,62.0,41555,99.4636246687666
random,1,1,8312,62.0,41560,99.46368684155665
random,1,1,8313,62.0,41565,99.46374899993513
random,1,1,8314,62.0,41570,99.46381114390704
random,1,1,8315,62.0,41575,99.46387327347738
random,1,1,8316,62.0,41580,99.46393538865117
random,1,1,8317,62.0,41585,99.4639974894334
random,1,1,8318,62.0,41590,99.46405957582908
random,1,1,8319,62.019999999999996,41595,99.46394878385865
random,1,1,8320,62.019999999999996,41600,99.46401086151482
random,1,1,8321,62.019999999999996,41605,99.46407524031066
random,1,1,8322,62.06,41610,99.46379168229096
random,1,1,8323,62.06,41615,99.46385607222307
random,1,1,8324,62.06,41620,99.46392276203302
random,1,1,8325,62.06,41625,99.46398989820472
random,1,1,8326,62.06,41630,99.4640570175628
random,1,1,8327,62.06,41635,99.46412412011357
random,1,1,8328,62.06,41640,99.46419120586333
random,1,1,8329,62.06,41645,99.46425827481842
random,1,1,8330,62.06,41650,99.4643253269851
random,1,1,8331,62.06,41655,99.46439236236972
random,1,1,8332,62.06,41660,99.46445938097855
random,1,1,8333,62.06,41665,99.46452592079366
random,1,1,8334,62.06,41670,99.46459244407596
random,1,1,8335,62.06,41675,99.46465664184615
random,1,1,8336,62.06,41680,99.46472082422298
random,1,1,8337,62.06,41685,99.46478499121199
random,1,1,8338,62.06,41690,99.46484914281871
random,1,1,8339,62.06,41695,99.46491558582086
random,1,1,8340,62.06,41700,99.46498201232627
random,1,1,8341,62.06,41705,99.46504842234108
random,1,1,8342,62.06,41710,99.46511481587143
random,1,1,8343,62.06,41715,99.46518165381758
random,1,1,8344,62.06,41720,99.46524847506201
random,1,1,8345,62.06,41725,99.46531527961099
random,1,1,8346,62.06,41730,99.46538206747074
random,1,1,8347,62.06,41735,99.4654483782138
random,1,1,8348,62.06,41740,99.46551467250931
random,1,1,8349,62.06,41745,99.46557864932453
random,1,1,8350,62.06,41750,99.46564491131393
random,1,1,8351,62.06,41755,99.46570885695616
random,1,1,8352,62.06,41760,99.46577278729562
random,1,1,8353,62.06,41765,99.46583670233781
random,1,1,8354,62.06,41770,99.46590290035552
random,1,1,8355,62.06,41775,99.46596954150482
random,1,1,8356,62.06,41780,99.4660361660261
random,1,1,8357,62.06,41785,99.46610277392558
random,1,1,8358,62.06,41790,99.4661693652095
random,1,1,8359,62.06,41795,99.46623593988403
random,1,1,8360,62.06,41800,99.46630249795541
random,1,1,8361,62.06,41805,99.46636858057998
random,1,1,8362,62.06,41810,99.4664346468418
random,1,1,8363,62.07,41815,99.46641519036092
random,1,1,8364,62.1,41820,99.46622383014056
random,1,1,8365,62.1,41825,99.46629034836371
random,1,1,8366,62.1,41830,99.46635685001019
random,1,1,8367,62.1,41835,99.46642333508613
random,1,1,8368,62.1,41840,99.4664898035978
random,1,1,8369,62.1,41845,99.46655579731869
random,1,1,8370,62.1,41850,99.46662223283442
random,1,1,8371,62.1,41855,99.46668865180438
random,1,1,8372,62.1,41860,99.4667550542347
random,1,1,8373,62.1,41865,99.4668214401316
random,1,1,8374,62.1,41870,99.46688780950124
random,1,1,8375,62.1,41875,99.4669541623498
random,1,1,8376,62.1,41880,99.46702049868344
random,1,1,8377,62.1,41885,99.4670868185083
random,1,1,8378,62.1,41890,99.46715312183059
random,1,1,8379,62.1,41895,99.46721940865643
random,1,1,8380,62.1,41900,99.46728567899201
random,1,1,8381,62.1,41905,99.46735193284346
random,1,1,8382,62.1,41910,99.46741817021693
random,1,1,8383,62.1,41915,99.46748439111856
random,1,1,8384,62.1,41920,99.46755059555453
random,1,1,8385,62.1,41925,99.46761678353093
random,1,1,8386,62.1,41930,99.46768295505393
random,1,1,8387,62.1,41935,99.46774911012966
random,1,1,8388,62.1,41940,99.46781524876424
random,1,1,8389,62.1,41945,99.46788137096381
random,1,1,8390,62.12,41950,99.46777612326483
random,1,1,8391,62.12,41955,99.46784223389756
random,1,1,8392,62.12,41960,99.46790787234244
random,1,1,8393,62.12,41965,99.46797349459709
random,1,1,8394,62.12,41970,99.46803910066751
random,1,1,8395,62.12,41975,99.46810514598853
random,1,1,8396,62.150000000000006,41980,99.46791387995658
random,1,1,8397,62.160000000000004,41985,99.46789432189483
random,1,1,8398,62.19,41990,99.46770358476257
random,1,1,8399,62.23,41995,99.46742731362738
random,1,1,8400,62.23,42000,99.46749339394022
random,1,1,8401,62.23,42005,99.46755900229985
random,1,1,8402,62.23,42010,99.46762459449471
random,1,1,8403,62.23,42015,99.46769017053076
random,1,1,8404,62.23,42020,99.46775573041396
random,1,1,8405,62.23,42025,99.4678212741503
random,1,1,8406,62.23,42030,99.46788725674205
random,1,1,8407,62.23,42035,99.46795322297403
random,1,1,8408,62.23,42040,99.46801917285231
random,1,1,8409,62.23,42045,99.46808510638297
random,1,1,8410,62.23,42050,99.46815102357212
random,1,1,8411,62.239999999999995,42055,99.46813146997044
random,1,1,8412,62.239999999999995,42060,99.468197365082
random,1,1,8413,62.239999999999995,42065,99.4682632438676
random,1,1,8414,62.239999999999995,42070,99.46832910633331
random,1,1,8415,62.239999999999995,42075,99.46839495248524
random,1,1,8416,62.239999999999995,42080,99.46846078232939
random,1,1,8417,62.239999999999995,42085,99.46852659587185
random,1,1,8418,62.239999999999995,42090,99.46859239311868
random,1,1,8419,62.25000000000001,42095,99.46857280424527
random,1,1,8420,62.25000000000001,42100,99.46863857948527
random,1,1,8421,62.25000000000001,42105,99.46870433844515
random,1,1,8422,62.25000000000001,42110,99.46877008113097
random,1,1,8423,62.25000000000001,42115,99.46883580754876
random,1,1,8424,62.25000000000001,42120,99.46890151770457
random,1,1,8425,62.25000000000001,42125,99.46896721160441
random,1,1,8426,62.25000000000001,42130,99.46903288925434
random,1,1,8427,62.25000000000001,42135,99.46909855066036
random,1,1,8428,62.25000000000001,42140,99.46916374315882
random,1,1,8429,62.25000000000001,42145,99.46922665684417
random,1,1,8430,62.25000000000001,42150,99.46928955561846
random,1,1,8431,62.25000000000001,42155,99.46935470121899
random,1,1,8432,62.25000000000001,42160,99.4694175696512
random,1,1,8433,62.25000000000001,42165,99.46947816252802
random,1,1,8434,62.25000000000001,42170,99.46954100171111
random,1,1,8435,62.25000000000001,42175,99.4696038260096
random,1,1,8436,62.25000000000001,42180,99.46966663542882
random,1,1,8437,62.25000000000001,42185,99.46972717143528
random,1,1,8438,62.25000000000001,42190,99.46978769362332
random,1,1,8439,62.25000000000001,42195,99.46985045950552
random,1,1,8440,62.25000000000001,42200,99.46991321052919
random,1,1,8441,62.25000000000001,42205,99.46997594669959
random,1,1,8442,62.25000000000001,42210,99.47004092390809
random,1,1,8443,62.25000000000001,42215,99.47010362985398
random,1,1,8444,62.25000000000001,42220,99.4701663209626
random,1,1,8445,62.25000000000001,42225,99.47022674295401
random,1,1,8446,62.25000000000001,42230,99.47028940493716
random,1,1,8447,62.25000000000001,42235,99.47035205209865
random,1,1,8448,62.25000000000001,42240,99.47041468444372
random,1,1,8449,62.25000000000001,42245,99.47047730197765
random,1,1,8450,62.25000000000001,42250,99.47053990470569
random,1,1,8451,62.25000000000001,42255,99.47060249263309
random,1,1,8452,62.25000000000001,42260,99.47066731632155
random,1,1,8453,62.25000000000001,42265,99.4707321241369
random,1,1,8454,62.25000000000001,42270,99.4707946666304
random,1,1,8455,62.25000000000001,42275,99.47085719434459
random,1,1,8456,62.260000000000005,42280,99.47083471446663
random,1,1,8457,62.28,42285,99.47072725712135
random,1,1,8458,62.31,42290,99.47053260290456
random,1,1,8459,62.370000000000005,42295,99.47008310272844
random,1,1,8460,62.370000000000005,42300,99.47014342742528
random,1,1,8461,62.370000000000005,42305,99.4702037383892
random,1,1,8462,62.370000000000005,42310,99.4702640356249
random,1,1,8463,62.370000000000005,42315,99.47032431913702
random,1,1,8464,62.370000000000005,42320,99.47038683753775
random,1,1,8465,62.370000000000005,42325,99.47044934118192
random,1,1,8466,62.370000000000005,42330,99.4705118300748
random,1,1,8467,62.370000000000005,42335,99.47057655121834
random,1,1,8468,62.370000000000005,42340,99.47064125654165
random,1,1,8469,62.370000000000005,42345,99.470703700152
random,1,1,8470,62.370000000000005,42350,99.47076612903226
random,1,1,8471,62.38,42355,99.47074145406107
random,1,1,8472,62.38,42360,99.4708016193233
random,1,1,8473,62.38,42365,99.47086401510556
random,1,1,8474,62.38,42370,99.47092639617587
random,1,1,8475,62.38,42375,99.47099100565984
random,1,1,8476,62.38,42380,99.47105559936574
random,1,1,8477,62.38,42385,99.47112017729938
random,1,1,8478,62.38,42390,99.4711847394665
random,1,1,8479,62.38,42395,99.4712470449423
random,1,1,8480,62.38,42400,99.47130933573807
random,1,1,8481,62.38,42405,99.47137161185897
random,1,1,8482,62.38,42410,99.47143387331022
random,1,1,8483,62.38,42415,99.47149612009696
random,1,1,8484,62.38,42420,99.47155611391278
random,1,1,8485,62.39,42425,99.47153139005286
random,1,1,8486,62.39,42430,99.47159136624842
random,1,1,8487,62.39,42435,99.47165132883205
random,1,1,8488,62.39,42440,99.47171351444723
random,1,1,8489,62.39,42445,99.47177792151936
random,1,1,8490,62.39,42450,99.47184231288877
random,1,1,8491,62.39,42455,99.47190668856122
random,1,1,8492,62.39,42460,99.47197104854244
random,1,1,8493,62.39,42465,99.47203539283817
random,1,1,8494,62.39,42470,99.47210016812582
random,1,1,8495,62.39,42475,99.47216492752102
random,1,1,8496,62.39,42480,99.47222922457708
random,1,1,8497,62.39,42485,99.47229127424022
random,1,1,8498,62.39,42490,99.4723533093148
random,1,1,8499,62.39,42495,99.47241309910584
random,1,1,8500,62.39,42500,99.47247287534836
random,1,1,8501,62.39,42505,99.47253263804697
random,1,1,8502,62.39,42510,99.47259238720628
random,1,1,8503,62.39,42515,99.4726521228309
random,1,1,8504,62.39,42520,99.47271407309997
random,1,1,8505,62.39,42525,99.47277378116436
random,1,1,8506,62.39,42530,99.47283347570801
random,1,1,8507,62.39,42535,99.4728931567355
random,1,1,8508,62.39,42540,99.47295505038986
random,1,1,8509,62.39,42545,99.47301692951062
random,1,1,8510,62.39,42550,99.47307879410295
random,1,1,8511,62.39,42555,99.473142868724
random,1,1,8512,62.39,42560,99.47320692776374
random,1,1,8513,62.39,42565,99.47327097122788
random,1,1,8514,62.39,42570,99.47333499912209
random,1,1,8515,62.39,42575,99.47339945592769
random,1,1,8516,62.39,42580,99.47346389695792
random,1,1,8517,62.39,42585,99.47352832221856
random,1,1,8518,62.39,42590,99.47359273171539
random,1,1,8519,62.39,42595,99.4736571254542
random,1,1,8520,62.39,42600,99.47372150344076
random,1,1,8521,62.39,42605,99.47378586568087
random,1,1,8522,62.39,42610,99.4738502121803
random,1,1,8523,62.41,42615,99.47374589878484
random,1,1,8524,62.41,42620,99.47381023443731
random,1,1,8525,62.419999999999995,42625,99.47379025289597
random,1,1,8526,62.419999999999995,42630,99.4738545674009
random,1,1,8527,62.419999999999995,42635,99.47391842280035
random,1,1,8528,62.419999999999995,42640,99.47398226270212
random,1,1,8529,62.419999999999995,42645,99.47404608711186
random,1,1,8530,62.419999999999995,42650,99.47410989603517
random,1,1,8531,62.419999999999995,42655,99.47417368947774
random,1,1,8532,62.419999999999995,42660,99.47423746744516
random,1,1,8533,62.419999999999995,42665,99.47429901622667
random,1,1,8534,62.419999999999995,42670,99.47436055059933
random,1,1,8535,62.419999999999995,42675,99.47442207056822
random,1,1,8536,62.419999999999995,42680,99.47448578830078
random,1,1,8537,62.419999999999995,42685,99.47454949058574
random,1,1,8538,62.419999999999995,42690,99.47461317742874
random,1,1,8539,62.419999999999995,42695,99.47467684883536
random,1,1,8540,62.419999999999995,42700,99.47474050481124
random,1,1,8541,62.419999999999995,42705,99.47480414536196
random,1,1,8542,62.419999999999995,42710,99.47486777049316
random,1,1,8543,62.419999999999995,42715,99.47493138021042
random,1,1,8544,62.419999999999995,42720,99.47499497451933
random,1,1,8545,62.419999999999995,42725,99.47505855342553
random,1,1,8546,62.419999999999995,42730,99.47512211693459
random,1,1,8547,62.419999999999995,42735,99.4751856650521
random,1,1,8548,62.419999999999995,42740,99.47524963892938
random,1,1,8549,62.419999999999995,42745,99.47531359721198
random,1,1,8550,62.419999999999995,42750,99.4753775399056
random,1,1,8551,62.419999999999995,42755,99.47544146701593
random,1,1,8552,62.419999999999995,42760,99.47550537854866
random,1,1,8553,62.419999999999995,42765,99.4755692745095
random,1,1,8554,62.419999999999995,42770,99.47563315490412
random,1,1,8555,62.419999999999995,42775,99.47569701973822
random,1,1,8556,62.419999999999995,42780,99.47576042873088
random,1,1,8557,62.419999999999995,42785,99.47582426256821
random,1,1,8558,62.43,42790,99.47580411547928
random,1,1,8559,62.43,42795,99.47586792845678
random,1,1,8560,62.43,42800,99.47593172589961
random,1,1,8561,62.43,42805,99.47599550781348
random,1,1,8562,62.43,42810,99.47605927420405
random,1,1,8563,62.43,42815,99.47612258546889
random,1,1,8564,62.43,42820,99.47618588143493
random,1,1,8565,62.43,42825,99.47624960150338
random,1,1,8566,62.43,42830,99.47631330607109
random,1,1,8567,62.43,42835,99.47637699514372
random,1,1,8568,62.43,42840,99.47644066872691
random,1,1,8569,62.44,42845,99.476420473603
random,1,1,8570,62.46000000000001,42850,99.47631644036036
random,1,1,8571,62.46000000000001,42855,99.47638009808442
random,1,1,8572,62.46000000000001,42860,99.47644374033419
random,1,1,8573,62.46000000000001,42865,99.47650736711535
random,1,1,8574,62.46000000000001,42870,99.47657097843349
random,1,1,8575,62.46000000000001,42875,99.47663457429427
random,1,1,8576,62.46000000000001,42880,99.4766981547033
random,1,1,8577,62.46000000000001,42885,99.47676171966626
random,1,1,8578,62.46000000000001,42890,99.47682526918872
random,1,1,8579,62.46000000000001,42895,99.47688880327635
random,1,1,8580,62.46000000000001,42900,99.47695232193475
random,1,1,8581,62.46000000000001,42905,99.47701582516956
random,1,1,8582,62.46000000000001,42910,99.47707931298636
random,1,1,8583,62.46000000000001,42915,99.47714278539081
random,1,1,8584,62.46000000000001,42920,99.47720624238848
random,1,1,8585,62.46000000000001,42925,99.477269683985
random,1,1,8586,62.46000000000001,42930,99.47733311018598
random,1,1,8587,62.46000000000001,42935,99.477396520997
random,1,1,8588,62.46000000000001,42940,99.47745991642371
random,1,1,8589,62.46000000000001,42945,99.47752329647165
random,1,1,8590,62.46000000000001,42950,99.47758666114645
random,1,1,8591,62.46000000000001,42955,99.47765001045369
random,1,1,8592,62.470000000000006,42960,99.47762972501766
random,1,1,8593,62.480000000000004,42965,99.47760944450017
random,1,1,8594,62.480000000000004,42970,99.47767276800829
random,1,1,8595,62.480000000000004,42975,99.47773607616628
random,1,1,8596,62.480000000000004,42980,99.47779936897972
random,1,1,8597,62.480000000000004,42985,99.47786264645417
random,1,1,8598,62.480000000000004,42990,99.47792590859525
random,1,1,8599,62.480000000000004,42995,99.47798915540851
random,1,1,8600,62.480000000000004,43000,99.47805238689952
random,1,1,8601,62.480000000000004,43005,99.47811560307383
random,1,1,8602,62.480000000000004,43010,99.47817880393704
random,1,1,8603,62.480000000000004,43015,99.47824198949469
random,1,1,8604,62.49,43020,99.47822166185858
random,1,1,8605,62.49,43025,99.47828482692982
random,1,1,8606,62.49,43030,99.47834797670973
random,1,1,8607,62.51,43035,99.47824417604981
random,1,1,8608,62.529999999999994,43040,99.47814040051243
random,1,1,8609,62.529999999999994,43045,99.47820354484462
random,1,1,8610,62.529999999999994,43050,99.47826667389789
random,1,1,8611,62.529999999999994,43055,99.4783297876778
random,1,1,8612,62.529999999999994,43060,99.47839288618988
random,1,1,8613,62.529999999999994,43065,99.47845596943966
random,1,1,8614,62.529999999999994,43070,99.4785190374327
random,1,1,8615,62.529999999999994,43075,99.47858209017453
random,1,1,8616,62.529999999999994,43080,99.47864512767066
random,1,1,8617,62.529999999999994,43085,99.47870814992665
random,1,1,8618,62.56,43090,99.47852108713683
random,1,1,8619,62.56,43095,99.47858410915062
random,1,1,8620,62.56,43100,99.47864711593351
random,1,1,8621,62.580000000000005,43105,99.47854345471211
random,1,1,8622,62.580000000000005,43110,99.47860645118288
random,1,1,8623,62.580000000000005,43115,99.47866943243446
random,1,1,8624,62.580000000000005,43120,99.47873239847235
random,1,1,8625,62.580000000000005,43125,99.47879534930206
random,1,1,8626,62.580000000000005,43130,99.4788582849291
random,1,1,8627,62.580000000000005,43135,99.478921205359
random,1,1,8628,62.580000000000005,43140,99.47898411059724
random,1,1,8629,62.580000000000005,43145,99.47904700064932
random,1,1,8630,62.580000000000005,43150,99.47910987552075
random,1,1,8631,62.61,43155,99.47892305771711
random,1,1,8632,62.61,43160,99.47898593237052
random,1,1,8633,62.61,43165,99.47904879185249
random,1,1,8634,62.61,43170,99.47911163616851
random,1,1,8635,62.61,43175,99.47917446532405
random,1,1,8636,62.61,43180,99.47923727932462
random,1,1,8637,62.62,43185,99.47921691255968
random,1,1,8638,62.64999999999999,43190,99.47903023952968
random,1,1,8639,62.64999999999999,43195,99.47909304819949
random,1,1,8640,62.64999999999999,43200,99.47915584172657
random,1,1,8641,62.64999999999999,43205,99.47921862011637
random,1,1,8642,62.64999999999999,43210,99.47928138337441
random,1,1,8643,62.64999999999999,43215,99.47934413150612
random,1,1,8644,62.64999999999999,43220,99.47940686451699
random,1,1,8645,62.64999999999999,43225,99.47946958241248
random,1,1,8646,62.64999999999999,43230,99.47953228519803
random,1,1,8647,62.64999999999999,43235,99.47959497287913
random,1,1,8648,62.64999999999999,43240,99.47965764546123
random,1,1,8649,62.64999999999999,43245,99.47972030294977
random,1,1,8650,62.64999999999999,43250,99.47978294535022
random,1,1,8651,62.64999999999999,43255,99.47984557266803
random,1,1,8652,62.64999999999999,43260,99.47990818490862
random,1,1,8653,62.64999999999999,43265,99.47997078207746
random,1,1,8654,62.64999999999999,43270,99.48003336417999
random,1,1,8655,62.64999999999999,43275,99.48009593122164
random,1,1,8656,62.64999999999999,43280,99.48015848320783
random,1,1,8657,62.64999999999999,43285,99.48022058890635
random,1,1,8658,62.64999999999999,43290,99.48028052408297
random,1,1,8659,62.64999999999999,43295,99.48034044543907
random,1,1,8660,62.64999999999999,43300,99.48039819827143
random,1,1,8661,62.64999999999999,43305,99.48045593826838
random,1,1,8662,62.64999999999999,43310,99.48051366543422
random,1,1,8663,62.64999999999999,43315,99.48057353304513
random,1,1,8664,62.64999999999999,43320,99.48063553961677
random,1,1,8665,62.64999999999999,43325,99.4806975313861
random,1,1,8666,62.64999999999999,43330,99.48075735662812
random,1,1,8667,62.64999999999999,43335,99.48081716808763
random,1,1,8668,62.64999999999999,43340,99.48087696576937
random,1,1,8669,62.64999999999999,43345,99.48093674967812
random,1,1,8670,62.64999999999999,43350,99.48099651981865
random,1,1,8671,62.64999999999999,43355,99.48105627619567
random,1,1,8672,62.64999999999999,43360,99.48111816757275
random,1,1,8673,62.64999999999999,43365,99.48118047383583
random,1,1,8674,62.64999999999999,43370,99.48124276513752
random,1,1,8675,62.64999999999999,43375,99.48130504148318
random,1,1,8676,62.64999999999999,43380,99.48136730287818
random,1,1,8677,62.64999999999999,43385,99.48142954932793
random,1,1,8678,62.64999999999999,43390,99.4814917808378
random,1,1,8679,62.64999999999999,43395,99.48155399741316
random,1,1,8680,62.64999999999999,43400,99.48161619905937
random,1,1,8681,62.64999999999999,43405,99.48167838578186
random,1,1,8682,62.64999999999999,43410,99.48174055758594
random,1,1,8683,62.64999999999999,43415,99.48180271447701
random,1,1,8684,62.64999999999999,43420,99.48186485646043
random,1,1,8685,62.64999999999999,43425,99.48192698354157
random,1,1,8686,62.64999999999999,43430,99.48198909572577
random,1,1,8687,62.64999999999999,43435,99.48205119301839
random,1,1,8688,62.64999999999999,43440,99.48211327542481
random,1,1,8689,62.64999999999999,43445,99.48217534295036
random,1,1,8690,62.64999999999999,43450,99.48223739560038
random,1,1,8691,62.64999999999999,43455,99.48229943338023
random,1,1,8692,62.64999999999999,43460,99.48236145629528
random,1,1,8693,62.64999999999999,43465,99.48242346435083
random,1,1,8694,62.64999999999999,43470,99.48248545755224
random,1,1,8695,62.64999999999999,43475,99.48254743590485
random,1,1,8696,62.64999999999999,43480,99.48260939941397
random,1,1,8697,62.64999999999999,43485,99.48267134808498
random,1,1,8698,62.64999999999999,43490,99.48273328192316
random,1,1,8699,62.64999999999999,43495,99.48279520093386
random,1,1,8700,62.64999999999999,43500,99.4828571051224
random,1,1,8701,62.64999999999999,43505,99.4829189944941
random,1,1,8702,62.64999999999999,43510,99.48298086905429
random,1,1,8703,62.64999999999999,43515,99.48304272880826
random,1,1,8704,62.68,43520,99.4828570579946
random,1,1,8705,62.73,43525,99.48250644082731
random,1,1,8706,62.73,43530,99.48256833512876
random,1,1,8707,62.739999999999995,43535,99.48254773897115
random,1,1,8708,62.739999999999995,43540,99.4826096135323
random,1,1,8709,62.739999999999995,43545,99.48267147329788
random,1,1,8710,62.739999999999995,43550,99.48273331827319
random,1,1,8711,62.79,43555,99.48238296735774
random,1,1,8712,62.849999999999994,43560,99.4819502738204
random,1,1,8713,62.88,43565,99.48176493325498
random,1,1,8714,62.91,43570,99.48157963698213
random,1,1,8715,62.94,43575,99.48139438498598
random,1,1,8716,62.94,43580,99.48145633819526
random,1,1,8717,62.94,43585,99.48151827660432
random,1,1,8718,62.96000000000001,43590,99.48141546561412
random,1,1,8719,62.96000000000001,43595,99.48147739411095
random,1,1,8720,62.96000000000001,43600,99.48153930781875
random,1,1,8721,62.96000000000001,43605,99.48160120674281
random,1,1,8722,62.96000000000001,43610,99.48166309088845
random,1,1,8723,62.96000000000001,43615,99.48172496026092
random,1,1,8724,62.980000000000004,43620,99.48162219822477
random,1,1,8725,63.01,43625,99.4814371622161
random,1,1,8726,63.07000000000001,43630,99.48100530432822
random,1,1,8727,63.11,43635,99.48073810720771
random,1,1,8728,63.160000000000004,43640,99.48038870478905
random,1,1,8729,63.160000000000004,43645,99.48045068188792
random,1,1,8730,63.21,43650,99.4801013970887
random,1,1,8731,63.260000000000005,43655,99.47975219559211
random,1,1,8732,63.260000000000005,43660,99.47981422641485
random,1,1,8733,63.260000000000005,43665,99.47987624244706
random,1,1,8734,63.28,43670,99.47977382328423
random,1,1,8735,63.32,43675,99.47950702772374
random,1,1,8736,63.32,43680,99.47956905819424
random,1,1,8737,63.32,43685,99.47963107388138
random,1,1,8738,63.32,43690,99.47969307479042
random,1,1,8739,63.32,43695,99.47975506092666
random,1,1,8740,63.32,43700,99.47981703229539
random,1,1,8741,63.32,43705,99.47987898890183
random,1,1,8742,63.32,43710,99.47994093075133
random,1,1,8743,63.32,43715,99.4800028578491
random,1,1,8744,63.32,43720,99.48006477020044
random,1,1,8745,63.32,43725,99.48012666781064
random,1,1,8746,63.32,43730,99.4801885506849
random,1,1,8747,63.32,43735,99.48025041882853
random,1,1,8748,63.32,43740,99.48031227224678
random,1,1,8749,63.33,43745,99.48029204747536
random,1,1,8750,63.36000000000001,43750,99.48010772010495
random,1,1,8751,63.36000000000001,43755,99.48016956842423
random,1,1,8752,63.41,43760,99.47982123110343
random,1,1,8753,63.43,43765,99.47971904992745
random,1,1,8754,63.43,43770,99.47978092240264
random,1,1,8755,63.43,43775,99.47984278016366
random,1,1,8756,63.43,43780,99.47990462321579
random,1,1,8757,63.43,43785,99.47996645156424
random,1,1,8758,63.43,43790,99.48002826521427
random,1,1,8759,63.43,43795,99.48009006417114
random,1,1,8760,63.43,43800,99.48015184844004
random,1,1,8761,63.44,43805,99.48013167156843
random,1,1,8762,63.46000000000001,43810,99.48002956276926
random,1,1,8763,63.46000000000001,43815,99.48009133220657
random,1,1,8764,63.51,43820,99.47974350068482
random,1,1,8765,63.57000000000001,43825,99.47931384425611
random,1,1,8766,63.629999999999995,43830,99.47888428987235
random,1,1,8767,63.7,43835,99.47837294942019
random,1,1,8768,63.73,43840,99.47818924380427
random,1,1,8769,63.73,43845,99.47825118770922
random,1,1,8770,63.73,43850,99.47831311690926
random,1,1,8771,63.73,43855,99.47837503140963
random,1,1,8772,63.73,43860,99.47843693121554
random,1,1,8773,63.73,43865,99.47849881633223
random,1,1,8774,63.73,43870,99.47856068676495
random,1,1,8775,63.73,43875,99.47862254251889
random,1,1,8776,63.73,43880,99.47868438359929
random,1,1,8777,63.73,43885,99.47874621001138
random,1,1,8778,63.73,43890,99.47880802176036
random,1,1,8779,63.73,43895,99.47886981885145
random,1,1,8780,63.73,43900,99.47893160128987
random,1,1,8781,63.73,43905,99.47899336908084
random,1,1,8782,63.74999999999999,43910,99.478891637253
random,1,1,8783,63.79,43915,99.47862646393662
random,1,1,8784,63.79,43920,99.47868824592774
random,1,1,8785,63.79,43925,99.47875001327843
random,1,1,8786,63.79,43930,99.47881176599391
random,1,1,8787,63.79,43935,99.47887350407939
random,1,1,8788,63.79,43940,99.47893522754005
random,1,1,8789,63.82,43945,99.47875191220947
random,1,1,8790,63.82,43950,99.47881363545046
random,1,1,8791,63.82,43955,99.47887534407536
random,1,1,8792,63.849999999999994,43960,99.47869210094024
random,1,1,8793,63.870000000000005,43965,99.4785905372387
random,1,1,8794,63.870000000000005,43970,99.47865225035794
random,1,1,8795,63.870000000000005,43975,99.47871394887038
random,1,1,8796,63.870000000000005,43980,99.47877563278124
random,1,1,8797,63.91,43985,99.47851091243048
random,1,1,8798,63.959999999999994,43990,99.47816466695059
random,1,1,8799,63.970000000000006,43995,99.47814481583333
random,1,1,8800,63.970000000000006,44000,99.47820653787551
random,1,1,8801,63.970000000000006,44005,99.47826824531913
random,1,1,8802,64.0,44010,99.4780852906494
random,1,1,8803,64.0,44015,99.47814699783676
random,1,1,8804,64.0,44020,99.47820869043426
random,1,1,8805,64.0,44025,99.4782703684471
random,1,1,8806,64.0,44030,99.47833203188043
random,1,1,8807,64.0,44035,99.47839368073944
random,1,1,8808,64.0,44040,99.4784553150293
random,1,1,8809,64.0,44045,99.47851693475513
random,1,1,8810,64.0,44050,99.47857853992215
random,1,1,8811,64.0,44055,99.47864013053548
random,1,1,8812,64.02,44060,99.4785388008836
random,1,1,8813,64.02,44065,99.47860038164302
random,1,1,8814,64.05,44070,99.47841764699176
random,1,1,8815,64.08,44075,99.47823495548957
random,1,1,8816,64.08,44080,99.47829655030921
random,1,1,8817,64.08,44085,99.47835813058794
random,1,1,8818,64.12,44090,99.47809411561697
random,1,1,8819,64.17,44095,99.47774877738523
random,1,1,8820,64.18,44100,99.47772902452996
random,1,1,8821,64.18,44105,99.4777906427048
random,1,1,8822,64.19,44110,99.4777708895712
random,1,1,8823,64.19,44115,99.47783248827177
random,1,1,8824,64.21,44120,99.47773139728201
random,1,1,8825,64.24,44125,99.47754900214625
random,1,1,8826,64.24,44130,99.4776106052203
random,1,1,8827,64.27000000000001,44135,99.47742826733361
random,1,1,8828,64.29,44140,99.477327271663
random,1,1,8829,64.29,44145,99.47738887908896
random,1,1,8830,64.29,44150,99.47745047199334
random,1,1,8831,64.29,44155,99.4775120503812
random,1,1,8832,64.29,44160,99.47757361425772
random,1,1,8833,64.29,44165,99.477635163628
random,1,1,8834,64.29,44170,99.47769669849718
random,1,1,8835,64.29,44175,99.4777582188704
random,1,1,8836,64.29,44180,99.47781972475276
random,1,1,8837,64.29,44185,99.47788121614937
random,1,1,8838,64.29,44190,99.47794269306539
random,1,1,8839,64.29,44195,99.47800415550589
random,1,1,8840,64.29,44200,99.478065603476
random,1,1,8841,64.29,44205,99.47812703698081
random,1,1,8842,64.29,44210,99.47818845602546
random,1,1,8843,64.29,44215,99.47824986061504
random,1,1,8844,64.29,44220,99.47831125075466
random,1,1,8845,64.29,44225,99.47837262644941
random,1,1,8846,64.29,44230,99.47843398770438
random,1,1,8847,64.29,44235,99.47849533452468
random,1,1,8848,64.29,44240,99.4785566669154
random,1,1,8849,64.29,44245,99.47861798488162
random,1,1,8850,64.29,44250,99.47867928842845
random,1,1,8851,64.29,44255,99.47874057756096
random,1,1,8852,64.29,44260,99.47880185228422
random,1,1,8853,64.29,44265,99.47886311260335
random,1,1,8854,64.29,44270,99.47892435852339
random,1,1,8855,64.29,44275,99.47898559004943
random,1,1,8856,64.29,44280,99.47904680718655
random,1,1,8857,64.29,44285,99.47910800993981
random,1,1,8858,64.29,44290,99.47916919831428
random,1,1,8859,64.29,44295,99.47923037231506
random,1,1,8860,64.3,44300,99.4792105382517
random,1,1,8861,64.32,44305,99.47910972466187
random,1,1,8862,64.36,44310,99.47884698539379
random,1,1,8863,64.41,44315,99.47850334264703
random,1,1,8864,64.41,44320,99.47856455890496
random,1,1,8865,64.47,44325,99.47814008381167
random,1,1,8866,64.53,44330,99.47771570834959
random,1,1,8867,64.53,44335,99.47777699548183
random,1,1,8868,64.53,44340,99.47783826823236
random,1,1,8869,64.53999999999999,44345,99.47781861842813
random,1,1,8870,64.53999999999999,44350,99.47787987192119
random,1,1,8871,64.53999999999999,44355,99.4779411110455
random,1,1,8872,64.56,44360,99.47784057638118
random,1,1,8873,64.58,44365,99.47774006529461
random,1,1,8874,64.58,44370,99.47780129927047
random,1,1,8875,64.58,44375,99.47786251888888
random,1,1,8876,64.58,44380,99.47792372415488
random,1,1,8877,64.61,44385,99.47774241813102
random,1,1,8878,64.63,44390,99.47764197744397
random,1,1,8879,64.63,44395,99.4777031870369
random,1,1,8880,64.63,44400,99.4777643822865
random,1,1,8881,64.63,44405,99.47782556319781
random,1,1,8882,64.67,44410,99.47756358989025
random,1,1,8883,64.71000000000001,44415,99.47730167794965
random,1,1,8884,64.75999999999999,44420,99.47695906130465
random,1,1,8885,64.82,44425,99.4765357683061
random,1,1,8886,64.86,44430,99.47627406870289
random,1,1,8887,64.87,44435,99.47625464342606
random,1,1,8888,64.87,44440,99.47631595093014
random,1,1,8889,64.87,44445,99.47637724408311
random,1,1,8890,64.89,44450,99.47627710421351
random,1,1,8891,64.91,44455,99.47617698777962
random,1,1,8892,64.91,44460,99.47623827567732
random,1,1,8893,64.91,44465,99.47629954923518
random,1,1,8894,64.94,44470,99.47611879373409
random,1,1,8895,64.94,44475,99.47618006693344
random,1,1,8896,64.94,44480,99.47624132580145
random,1,1,8897,64.97,44485,99.47606064051729
random,1,1,8898,64.97,44490,99.47612189902385
random,1,1,8899,64.98,44495,99.4761025187875
random,1,1,8900,65.0,44500,99.47600252808625
random,1,1,8901,65.03,44505,99.47582195518491
random,1,1,8902,65.09,44510,99.47539963602777
random,1,1,8903,65.14999999999999,44515,99.47497741556727
random,1,1,8904,65.22,44520,99.47447471644841
random,1,1,8905,65.25999999999999,44525,99.47421383850485
random,1,1,8906,65.31,44530,99.47387246301157
random,1,1,8907,65.31,44535,99.47393391269607
random,1,1,8908,65.31,44540,99.47399534802807
random,1,1,8909,65.34,44545,99.4738151781853
random,1,1,8910,65.36999999999999,44550,99.47363505041412
random,1,1,8911,65.36999999999999,44555,99.4736964991196
random,1,1,8912,65.36999999999999,44560,99.47375793347952
random,1,1,8913,65.36999999999999,44565,99.4738193534989
random,1,1,8914,65.36999999999999,44570,99.47388075918275
random,1,1,8915,65.41,44575,99.4736202549574
random,1,1,8916,65.41,44580,99.47368166954193
random,1,1,8917,65.41,44585,99.47374306979722
random,1,1,8918,65.41,44590,99.4738044557283
random,1,1,8919,65.45,44595,99.47354408193569
random,1,1,8920,65.45,44600,99.473605476755
random,1,1,8921,65.49000000000001,44605,99.47334518688646
random,1,1,8922,65.53999999999999,44610,99.47300454949689
random,1,1,8923,65.60000000000001,44615,99.4725835926866
random,1,1,8924,65.67,44620,99.47208234454284
random,1,1,8925,65.74,44625,99.47158121324118
random,1,1,8926,65.78,44630,99.47132131094311
random,1,1,8927,65.78,44635,99.47138291469079
random,1,1,8928,65.84,44640,99.47096239204708
random,1,1,8929,65.84,44645,99.47102402325437
random,1,1,8930,65.84,44650,99.47108564010367
random,1,1,8931,65.86,44655,99.47098659473926
random,1,1,8932,65.86,44660,99.47104820159602
random,1,1,8933,65.86,44665,99.47110979410544
random,1,1,8934,65.88000000000001,44670,99.47101078052407
random,1,1,8935,65.88000000000001,44675,99.47107236304925
random,1,1,8936,65.88000000000001,44680,99.47113393123777
random,1,1,8937,65.88000000000001,44685,99.47119548509467
random,1,1,8938,65.88000000000001,44690,99.47125702462492
random,1,1,8939,65.88000000000001,44695,99.47131854983353
random,1,1,8940,65.88000000000001,44700,99.4713800607255
random,1,1,8941,65.88000000000001,44705,99.47144155730582
random,1,1,8942,65.89,44710,99.47142281842584
random,1,1,8943,65.89,44715,99.47148429572816
random,1,1,8944,65.89,44720,99.47154575873165
random,1,1,8945,65.89,44725,99.47160720744128
random,1,1,8946,65.89,44730,99.47166864186207
random,1,1,8947,65.89,44735,99.47173006199897
random,1,1,8948,65.89,44740,99.47179146785696
random,1,1,8949,65.89,44745,99.47185285944104
random,1,1,8950,65.89,44750,99.47191423675618
random,1,1,8951,65.89,44755,99.47197559980735
random,1,1,8952,65.91,44760,99.4718766927029
random,1,1,8953,65.91,44765,99.47193804585831
random,1,1,8954,65.91,44770,99.47199938476032
random,1,1,8955,65.91,44775,99.47206070941391
random,1,1,8956,65.91,44780,99.47212201982406
random,1,1,8957,65.91,44785,99.4721833159957
random,1,1,8958,65.94,44790,99.4720043815469
random,1,1,8959,65.94,44795,99.47206567714342
random,1,1,8960,65.94,44800,99.47212695850986
random,1,1,8961,65.94,44805,99.47218822565114
random,1,1,8962,65.94,44810,99.47224947857224
random,1,1,8963,65.96,44815,99.47215066593364
random,1,1,8964,66.0,44820,99.47189184344953
random,1,1,8965,66.0,44825,99.47195310943611
random,1,1,8966,66.03999999999999,44830,99.47169436991314
random,1,1,8967,66.09,44835,99.4713557018635
random,1,1,8968,66.14999999999999,44840,99.4709371330951
random,1,1,8969,66.21000000000001,44845,99.47051866139824
random,1,1,8970,66.24,44850,99.47034016890903
random,1,1,8971,66.24,44855,99.47040157216537
random,1,1,8972,66.29,44860,99.47006325025741
random,1,1,8973,66.29,44865,99.47012467137579
random,1,1,8974,66.29,44870,99.47018607825805
random,1,1,8975,66.29,44875,99.47024747090916
random,1,1,8976,66.29,44880,99.47030884933406
random,1,1,8977,66.3,44885,99.47029031765803
random,1,1,8978,66.3,44890,99.47035167690015
random,1,1,8979,66.3,44895,99.47041302192874
random,1,1,8980,66.3,44900,99.47047435274874
random,1,1,8981,66.3,44905,99.4705356693651
random,1,1,8982,66.3,44910,99.47059697178274
random,1,1,8983,66.3,44915,99.4706582600066
random,1,1,8984,66.3,44920,99.47071953404159
random,1,1,8985,66.3,44925,99.47078079389267
random,1,1,8986,66.3,44930,99.47084203956473
random,1,1,8987,66.3,44935,99.47090327106271
random,1,1,8988,66.3,44940,99.47096448839154
random,1,1,8989,66.3,44945,99.47102569155611
random,1,1,8990,66.3,44950,99.47108688056136
random,1,1,8991,66.3,44955,99.4711480554122
random,1,1,8992,66.32000000000001,44960,99.47104970154825
random,1,1,8993,66.35,44965,99.47087162237061
random,1,1,8994,66.35,44970,99.47093280089052
random,1,1,8995,66.35,44975,99.470993965265
random,1,1,8996,66.35,44980,99.47105511549891
random,1,1,8997,66.35,44985,99.47111625159721
random,1,1,8998,66.35,44990,99.47117737356477
random,1,1,8999,66.36,44995,99.47115878863805
random,1,1,9000,66.38,45000,99.47106052444532
random,1,1,9001,66.38,45005,99.47112163166705
random,1,1,9002,66.38,45010,99.47118272477124
random,1,1,9003,66.38,45015,99.47124380376279
random,1,1,9004,66.38,45020,99.47130486864658
random,1,1,9005,66.38,45025,99.4713659194275
random,1,1,9006,66.38,45030,99.47142695611045
random,1,1,9007,66.4,45035,99.47132874036907
random,1,1,9008,66.43,45040,99.47115093732785
random,1,1,9009,66.47,45045,99.47089357454495
random,1,1,9010,66.47,45050,99.47095463756374
random,1,1,9011,66.47,45055,99.47101568648985
random,1,1,9012,66.47,45060,99.47107672132817
random,1,1,9013,66.47,45065,99.47113774208357
random,1,1,9014,66.47,45070,99.47119874876094
random,1,1,9015,66.47,45075,99.47125974136512
random,1,1,9016,66.47,45080,99.47132071990099
random,1,1,9017,66.49000000000001,45085,99.47122262966737
random,1,1,9018,66.49000000000001,45090,99.47128359842044
random,1,1,9019,66.51,45095,99.47118553508375
random,1,1,9020,66.51,45100,99.47124649405659
random,1,1,9021,66.51,45105,99.471307438977
random,1,1,9022,66.51,45110,99.4713683698498
random,1,1,9023,66.56,45115,99.47103192484458
random,1,1,9024,66.56,45120,99.47109287342147
random,1,1,9025,66.58,45125,99.47099489984419
random,1,1,9026,66.61,45130,99.47081750393649
random,1,1,9027,66.61,45135,99.47087845615027
random,1,1,9028,66.61,45140,99.4709393943245
random,1,1,9029,66.61,45145,99.471000318464
random,1,1,9030,66.61,45150,99.47106122857366
random,1,1,9031,66.61,45155,99.47112212465828
random,1,1,9032,66.63,45160,99.47102422666171
random,1,1,9033,66.66,45165,99.47084697030917
random,1,1,9034,66.66,45170,99.47090787002716
random,1,1,9035,66.66,45175,99.47096875572899
random,1,1,9036,66.66,45180,99.47102962741948
random,1,1,9037,66.66,45185,99.4710904851035
random,1,1,9038,66.66,45190,99.47115132878584
random,1,1,9039,66.66,45195,99.47121215847136
random,1,1,9040,66.66,45200,99.47127297416488
random,1,1,9041,66.66,45205,99.47133377587122
random,1,1,9042,66.66,45210,99.47139456359521
random,1,1,9043,66.67999999999999,45215,99.47129675808497
random,1,1,9044,66.67999999999999,45220,99.47135753608849
random,1,1,9045,66.71000000000001,45225,99.47118048591783
random,1,1,9046,66.75,45230,99.47092421415402
random,1,1,9047,66.79,45235,99.47066800129024
random,1,1,9048,66.79,45240,99.47072882360585
random,1,1,9049,66.84,45245,99.47039345709308
random,1,1,9050,66.84,45250,99.47045429697341
random,1,1,9051,66.84,45255,99.47051512287709
random,1,1,9052,66.84,45260,99.47057593480892
random,1,1,9053,66.84,45265,99.47063673277373
random,1,1,9054,66.89,45270,99.47030156937711
random,1,1,9055,66.93,45275,99.47004566332974
random,1,1,9056,66.97,45280,99.46978981603756
random,1,1,9057,66.97,45285,99.46985067632235
random,1,1,9058,66.97,45290,99.469911522637
random,1,1,9059,66.99000000000001,45295,99.46981406690362
random,1,1,9060,67.02,45300,99.46963749857557
random,1,1,9061,67.07,45305,99.46930271900264
random,1,1,9062,67.08,45310,99.4692844834543
random,1,1,9063,67.08,45315,99.46934535981755
random,1,1,9064,67.08,45320,99.46940622221659
random,1,1,9065,67.08,45325,99.46946707065626
random,1,1,9066,67.08,45330,99.46952790514135
random,1,1,9067,67.11,45335,99.46935151133212
random,1,1,9068,67.11,45340,99.4694123451168
random,1,1,9069,67.11,45345,99.46947316495503
random,1,1,9070,67.11,45350,99.46953397085164
random,1,1,9071,67.11,45355,99.46959476281141
random,1,1,9072,67.16,45360,99.46926041011407
random,1,1,9073,67.16,45365,99.46932121948656
random,1,1,9074,67.16,45370,99.4693820149262
random,1,1,9075,67.16,45375,99.46944279643778
random,1,1,9076,67.16,45380,99.46950356402608
random,1,1,9077,67.16,45385,99.4695643176959
random,1,1,9078,67.16,45390,99.46962505745202
random,1,1,9079,67.16,45395,99.46968578329921
random,1,1,9080,67.16,45400,99.46974649524225
random,1,1,9081,67.16,45405,99.4698071932859
random,1,1,9082,67.17999999999999,45410,99.46971000604647
random,1,1,9083,67.17999999999999,45415,99.46977069437308
random,1,1,9084,67.17999999999999,45420,99.46983136881049
random,1,1,9085,67.17999999999999,45425,99.46989202936348
random,1,1,9086,67.17999999999999,45430,99.46995267603678
random,1,1,9087,67.17999999999999,45435,99.47001330883519
random,1,1,9088,67.17999999999999,45440,99.47007392776345
random,1,1,9089,67.17999999999999,45445,99.47013453282634
random,1,1,9090,67.17999999999999,45450,99.4701951240286
random,1,1,9091,67.2,45455,99.47009799244417
random,1,1,9092,67.24,45460,99.46984319216844
random,1,1,9093,67.24,45465,99.46990379589562
random,1,1,9094,67.24,45470,99.46996438576882
random,1,1,9095,67.24,45475,99.47002496179277
random,1,1,9096,67.24,45480,99.47008552397224
random,1,1,9097,67.24,45485,99.47014607231198
random,1,1,9098,67.24,45490,99.47020660681672
random,1,1,9099,67.24,45495,99.4702671274912
random,1,1,9100,67.24,45500,99.47032763434017
random,1,1,9101,67.30000000000001,45505,99.46991554092638
random,1,1,9102,67.33,45510,99.4697398078683
random,1,1,9103,67.33,45515,99.4698003542014
random,1,1,9104,67.33,45520,99.46986088670944
random,1,1,9105,67.38,45525,99.46952776319115
random,1,1,9106,67.44,45530,99.46911599626554
random,1,1,9107,67.51,45535,99.46862561285941
random,1,1,9108,67.58,45540,99.46813534137557
random,1,1,9109,67.58,45545,99.46819602933343
random,1,1,9110,67.58,45550,99.46825670344334
random,1,1,9111,67.58,45555,99.4683173637101
random,1,1,9112,67.58,45560,99.46837801013842
random,1,1,9113,67.58999999999999,45565,99.46835998612498
random,1,1,9114,67.60000000000001,45570,99.46834196622241
random,1,1,9115,67.60000000000001,45575,99.46840258909958
random,1,1,9116,67.60000000000001,45580,99.46846319815315
random,1,1,9117,67.60000000000001,45585,99.46852379338785
random,1,1,9118,67.60000000000001,45590,99.46858437480839
random,1,1,9119,67.60000000000001,45595,99.4686449424195
random,1,1,9120,67.60000000000001,45600,99.46870549622592
random,1,1,9121,67.60000000000001,45605,99.46876603623235
random,1,1,9122,67.60000000000001,45610,99.46882656244352
random,1,1,9123,67.61,45615,99.46880850786339
random,1,1,9124,67.64,45620,99.46863334129388
random,1,1,9125,67.66,45625,99.4685367637298
random,1,1,9126,67.66,45630,99.46859728847957
random,1,1,9127,67.66,45635,99.46865779944541
random,1,1,9128,67.66,45640,99.46871829663202
random,1,1,9129,67.66,45645,99.4687787800441
random,1,1,9130,67.66,45650,99.46883924968638
random,1,1,9131,67.66,45655,99.46889970556352
random,1,1,9132,67.66,45660,99.46896014768025
random,1,1,9133,67.66,45665,99.46902057604126
random,1,1,9134,67.66,45670,99.46908099065124
random,1,1,9135,67.66,45675,99.4691413915149
random,1,1,9136,67.67,45680,99.46912332782085
random,1,1,9137,67.67,45685,99.46918371012896
random,1,1,9138,67.67,45690,99.46924407870277
random,1,1,9139,67.67,45695,99.469304433547
random,1,1,9140,67.67,45700,99.46936477466627
random,1,1,9141,67.67,45705,99.4694251020653
random,1,1,9142,67.67,45710,99.46948541574876
random,1,1,9143,67.67,45715,99.46954571572134
random,1,1,9144,67.67,45720,99.46960600198771
random,1,1,9145,67.67999999999999,45725,99.46958790397096
random,1,1,9146,67.7,45730,99.46949144839022
random,1,1,9147,67.73,45735,99.46931666195245
random,1,1,9148,67.78,45740,99.46898522747927
random,1,1,9149,67.78,45745,99.4690455431708
random,1,1,9150,67.78,45750,99.46910584516188
random,1,1,9151,67.78,45755,99.46916613345718
random,1,1,9152,67.78,45760,99.46922640806137
random,1,1,9153,67.78,45765,99.46928666897911
random,1,1,9154,67.78999999999999,45770,99.46926862570403
random,1,1,9155,67.78999999999999,45775,99.46932886814947
random,1,1,9156,67.78999999999999,45780,99.46938909692044
random,1,1,9157,67.78999999999999,45785,99.46944931202157
random,1,1,9158,67.78999999999999,45790,99.46950951345751
random,1,1,9159,67.78999999999999,45795,99.46956970123291
random,1,1,9160,67.78999999999999,45800,99.46962987535247
random,1,1,9161,67.78999999999999,45805,99.46969003582076
random,1,1,9162,67.78999999999999,45810,99.46975018264247
random,1,1,9163,67.80000000000001,45815,99.46973210521828
random,1,1,9164,67.80000000000001,45820,99.46979223362925
random,1,1,9165,67.80000000000001,45825,99.46985234840552
random,1,1,9166,67.80000000000001,45830,99.46991244955177
random,1,1,9167,67.80000000000001,45835,99.46997253707261
random,1,1,9168,67.80000000000001,45840,99.47003261097267
random,1,1,9169,67.80000000000001,45845,99.4700926712566
random,1,1,9170,67.80000000000001,45850,99.47015271792901
random,1,1,9171,67.80000000000001,45855,99.47021275099452
random,1,1,9172,67.80000000000001,45860,99.47027277045778
random,1,1,9173,67.80000000000001,45865,99.47033277632342
random,1,1,9174,67.80000000000001,45870,99.470392768596
random,1,1,9175,67.80000000000001,45875,99.47045274728022
random,1,1,9176,67.80000000000001,45880,99.47051271238064
random,1,1,9177,67.80000000000001,45885,99.47057266390188
random,1,1,9178,67.80000000000001,45890,99.47063260184858
random,1,1,9179,67.80000000000001,45895,99.4706925262253
random,1,1,9180,67.80000000000001,45900,99.47075243703671
random,1,1,9181,67.80000000000001,45905,99.47081233428739
random,1,1,9182,67.80000000000001,45910,99.47087221798192
random,1,1,9183,67.80000000000001,45915,99.47093208812493
random,1,1,9184,67.80000000000001,45920,99.47099194472099
random,1,1,9185,67.80000000000001,45925,99.47105178777474
random,1,1,9186,67.80000000000001,45930,99.47111161729076
random,1,1,9187,67.80000000000001,45935,99.47117143327361
random,1,1,9188,67.80000000000001,45940,99.47123123572791
random,1,1,9189,67.80000000000001,45945,99.47129102465827
random,1,1,9190,67.80000000000001,45950,99.47135080006923
random,1,1,9191,67.80000000000001,45955,99.47141056196541
random,1,1,9192,67.80000000000001,45960,99.47147031035138
random,1,1,9193,67.80000000000001,45965,99.47153004523173
random,1,1,9194,67.80000000000001,45970,99.47158976661102
random,1,1,9195,67.80000000000001,45975,99.47164947449384
random,1,1,9196,67.80000000000001,45980,99.47170916888476
random,1,1,9197,67.80000000000001,45985,99.47176884978836
random,1,1,9198,67.80000000000001,45990,99.47182851720919
random,1,1,9199,67.80000000000001,45995,99.47188817115186
random,1,1,9200,67.81,46000,99.4718699278173
random,1,1,9201,67.81,46005,99.47192956361181
random,1,1,9202,67.81,46010,99.47198918593986
random,1,1,9203,67.81,46015,99.47204879480597
random,1,1,9204,67.81,46020,99.47210839021474
random,1,1,9205,67.81,46025,99.4721679721707
random,1,1,9206,67.81,46030,99.4722275406784
random,1,1,9207,67.81,46035,99.47228709574242
random,1,1,9208,67.81,46040,99.4723466373673
random,1,1,9209,67.81,46045,99.47240616555756
random,1,1,9210,67.81,46050,99.47246568031778
random,1,1,9211,67.81,46055,99.4725251816525
random,1,1,9212,67.81,46060,99.47258466956625
random,1,1,9213,67.81,46065,99.47264414406357
random,1,1,9214,67.81,46070,99.47270360514902
random,1,1,9215,67.81,46075,99.4727630528271
random,1,1,9216,67.81,46080,99.47282248710239
random,1,1,9217,67.81,46085,99.47288190797937
random,1,1,9218,67.81,46090,99.47294131546262
random,1,1,9219,67.84,46095,99.47276755841796
random,1,1,9220,67.86999999999999,46100,99.47259384053015
random,1,1,9221,67.86999999999999,46105,99.47265326038901
random,1,1,9222,67.86999999999999,46110,99.47271266686037
random,1,1,9223,67.9,46115,99.4725390138577
random,1,1,9224,67.93,46120,99.4723653999708
random,1,1,9225,67.97,46125,99.4721141606522
random,1,1,9226,67.97999999999999,46130,99.47209594528063
random,1,1,9227,67.97999999999999,46135,99.47215538105677
random,1,1,9228,67.97999999999999,46140,99.47221480345087
random,1,1,9229,67.97999999999999,46145,99.47227421246745
random,1,1,9230,68.01,46150,99.47210074562568
random,1,1,9231,68.04,46155,99.47192731782695
random,1,1,9232,68.04,46160,99.47198632938151
random,1,1,9233,68.04,46165,99.47204327941512
random,1,1,9234,68.06,46170,99.47194504380155
random,1,1,9235,68.06,46175,99.47200198600487
random,1,1,9236,68.06,46180,99.47205891592891
random,1,1,9237,68.06,46185,99.47211583357766
random,1,1,9238,68.08,46190,99.47201763250163
random,1,1,9239,68.08999999999999,46195,99.47199699746272
random,1,1,9240,68.11,46200,99.47189883036175
random,1,1,9241,68.11,46205,99.47195778763415
random,1,1,9242,68.14,46210,99.47178417414533
random,1,1,9243,68.17999999999999,46215,99.47153104076915
random,1,1,9244,68.22,46220,99.47127796193233
random,1,1,9245,68.28,46225,99.47086994931882
random,1,1,9246,68.28,46230,99.47092898918612
random,1,1,9247,68.30000000000001,46235,99.47083101224682
random,1,1,9248,68.33,46240,99.47065558759321
random,1,1,9249,68.38,46245,99.47032527976786
random,1,1,9250,68.44,46250,99.46991964372157
random,1,1,9251,68.47,46255,99.46974642773891
random,1,1,9252,68.47999999999999,46260,99.46972606643291
random,1,1,9253,68.56,46265,99.46916372381338
random,1,1,9254,68.62,46270,99.46875633861481
random,1,1,9255,68.67999999999999,46275,99.46834698332584
random,1,1,9256,68.74,46280,99.46793771295262
random,1,1,9257,68.8,46285,99.46752852746872
random,1,1,9258,68.85,46290,99.46719681293152
random,1,1,9259,68.85,46295,99.46725205748261
random,1,1,9260,68.89999999999999,46300,99.46692044039025
random,1,1,9261,68.96,46305,99.46651153003504
random,1,1,9262,69.0,46310,99.46625741244688
random,1,1,9263,69.03,46315,99.466080693515
random,1,1,9264,69.08999999999999,46320,99.46567199731483
random,1,1,9265,69.14,46325,99.46534071576603
random,1,1,9266,69.17999999999999,46330,99.4650868248055
random,1,1,9267,69.21000000000001,46335,99.46491030038007
random,1,1,9268,69.21000000000001,46340,99.46496573028583
random,1,1,9269,69.26,46345,99.46463672827028
random,1,1,9270,69.26,46350,99.46469424349223
random,1,1,9271,69.26,46355,99.46474967812337
random,1,1,9272,69.27,46360,99.46472782797107
random,1,1,9273,69.28,46365,99.46470598234333
random,1,1,9274,69.31,46370,99.46453169507278
random,1,1,9275,69.31,46375,99.4645891913605
random,1,1,9276,69.31,46380,99.46464667530215
random,1,1,9277,69.32000000000001,46385,99.46462484736942
random,1,1,9278,69.33,46390,99.46460302395424
random,1,1,9279,69.36,46395,99.46442883992013
random,1,1,9280,69.41000000000001,46400,99.46410027756224
random,1,1,9281,69.47,46405,99.46369665626791
random,1,1,9282,69.53,46410,99.46329312470233
random,1,1,9283,69.56,46415,99.46312122917145
random,1,1,9284,69.61,46420,99.46279461019617
random,1,1,9285,69.64,46425,99.46262280812763
random,1,1,9286,69.66,46430,99.46252571250449
random,1,1,9287,69.67999999999999,46435,99.46242656390434
random,1,1,9288,69.72,46440,99.46217356859253
random,1,1,9289,69.74000000000001,46445,99.46207696603388
random,1,1,9290,69.75,46450,99.46205750855887
random,1,1,9291,69.75,46455,99.4621151713597
random,1,1,9292,69.77,46460,99.46202068024273
random,1,1,9293,69.8,46465,99.46184703657359
random,1,1,9294,69.8,46470,99.46190470316874
random,1,1,9295,69.82000000000001,46475,99.4618081918929
random,1,1,9296,69.84,46480,99.4617112864129
random,1,1,9297,69.88,46485,99.46146026882288
random,1,1,9298,69.88,46490,99.46151961199821
random,1,1,9299,69.88,46495,99.4615797717955
random,1,1,9300,69.89,46500,99.4615628774992
random,1,1,9301,69.89,46505,99.4616230190246
random,1,1,9302,69.89,46510,99.46168314711632
random,1,1,9303,69.89999999999999,46515,99.46166624693578
random,1,1,9304,69.91000000000001,46520,99.46164935052934
random,1,1,9305,69.91000000000001,46525,99.46170945554195
random,1,1,9306,69.91000000000001,46530,99.461769547135
random,1,1,9307,69.91000000000001,46535,99.46182921102668
random,1,1,9308,69.91000000000001,46540,99.46188679071007
random,1,1,9309,69.91000000000001,46545,99.46194435807368
random,1,1,9310,69.91000000000001,46550,99.4620019131215
random,1,1,9311,69.91000000000001,46555,99.46205945585747
random,1,1,9312,69.91000000000001,46560,99.46211698628557
random,1,1,9313,69.91000000000001,46565,99.4621724356257
random,1,1,9314,69.94,46570,99.46199710306132
random,1,1,9315,69.95,46575,99.46197563776462
random,1,1,9316,69.96,46580,99.46195417689218
random,1,1,9317,69.98,46585,99.46185582073139
random,1,1,9318,70.02000000000001,46590,99.46160577116784
random,1,1,9319,70.03,46595,99.4615864248739
random,1,1,9320,70.05,46600,99.46149020765492
random,1,1,9321,70.09,46605,99.46124027730482
random,1,1,9322,70.13000000000001,46610,99.46099247172575
random,1,1,9323,70.19999999999999,46615,99.46051417149347
random,1,1,9324,70.21,46620,99.46049702508792
random,1,1,9325,70.24000000000001,46625,99.4603262168207
random,1,1,9326,70.27,46630,99.46015503161324
random,1,1,9327,70.27,46635,99.46021474649989
random,1,1,9328,70.28999999999999,46640,99.4601204187235
random,1,1,9329,70.33,46645,99.45987251363184
random,1,1,9330,70.34,46650,99.4598529608259
random,1,1,9331,70.35,46655,99.45983133838207
random,1,1,9332,70.35,46660,99.45988649555011
random,1,1,9333,70.35,46665,99.45994371438968
random,1,1,9334,70.35,46670,99.46000133560437
random,1,1,9335,70.36,46675,99.45998219384153
random,1,1,9336,70.38,46680,99.45988589916949
random,1,1,9337,70.38,46685,99.45994309374798
random,1,1,9338,70.39,46690,99.45991940607247
random,1,1,9339,70.39,46695,99.4599745139272
random,1,1,9340,70.39,46700,99.46002961053706
random,1,1,9341,70.39,46705,99.4600867665648
random,1,1,9342,70.39,46710,99.46014391049387
random,1,1,9343,70.41,46715,99.46004766856544
random,1,1,9344,70.43,46720,99.45994896237815
random,1,1,9345,70.44,46725,99.45992694752918
random,1,1,9346,70.44,46730,99.45998160073597
random,1,1,9347,70.44,46735,99.46003831244342
random,1,1,9348,70.45,46740,99.46002043414511
random,1,1,9349,70.45,46745,99.46007961239157
random,1,1,9350,70.45,46750,99.46013877766838
random,1,1,9351,70.45,46755,99.4601958619358
random,1,1,9352,70.46,46760,99.46017590634672
random,1,1,9353,70.46,46765,99.46023256116816
random,1,1,9354,70.46,46770,99.46028920409891
random,1,1,9355,70.46,46775,99.46034418185008
random,1,1,9356,70.46,46780,99.46040328077255
random,1,1,9357,70.46,46785,99.46045988788042
random,1,1,9358,70.46,46790,99.46051689617286
random,1,1,9359,70.46,46795,99.46057182754835
random,1,1,9360,70.46,46800,99.46062261878971
random,1,1,9361,70.46,46805,99.46067546456081
random,1,1,9362,70.46,46810,99.46072829997773
random,1,1,9363,70.46,46815,99.46078112504352
random,1,1,9364,70.46,46820,99.46083600262618
random,1,1,9365,70.49,46825,99.46066133066456
random,1,1,9366,70.50999999999999,46830,99.46056319925576
random,1,1,9367,70.53,46835,99.46046302416097
random,1,1,9368,70.57,46840,99.46020988863053
random,1,1,9369,70.57,46845,99.46026273281284
random,1,1,9370,70.61,46850,99.46000966644641
random,1,1,9371,70.61,46855,99.46006251988156
random,1,1,9372,70.61,46860,99.46011742694458
random,1,1,9373,70.61,46865,99.46017232284157
random,1,1,9374,70.61,46870,99.46022720757594
random,1,1,9375,70.61,46875,99.46028208115108
random,1,1,9376,70.61,46880,99.46033900584983
random,1,1,9377,70.61,46885,99.46039591854202
random,1,1,9378,70.61,46890,99.46044869639637
random,1,1,9379,70.61,46895,99.46050146392749
random,1,1,9380,70.61,46900,99.4605521605035
random,1,1,9381,70.61,46905,99.46060284755251
random,1,1,9382,70.61,46910,99.4606535250772
random,1,1,9383,70.61,46915,99.46070625255383
random,1,1,9384,70.61,46920,99.46075896972201
random,1,1,9385,70.61,46925,99.46081167658475
random,1,1,9386,70.62,46930,99.46078801914042
random,1,1,9387,70.65,46935,99.46061167323374
random,1,1,9388,70.65,46940,99.46066232041161
random,1,1,9389,70.65,46945,99.46071295807911
random,1,1,9390,70.65,46950,99.4607656440931
random,1,1,9391,70.65,46955,99.46081831981373
random,1,1,9392,70.65,46960,99.46087098524397
random,1,1,9393,70.69,46965,99.46061637302853
random,1,1,9394,70.69,46970,99.4606669906683
random,1,1,9395,70.73,46975,99.4604145035821
random,1,1,9396,70.73,46980,99.4604692460605
random,1,1,9397,70.75,46985,99.46037349018985
random,1,1,9398,70.76,46990,99.46035401874576
random,1,1,9399,70.76,46995,99.4604128649896
random,1,1,9400,70.76,47000,99.46047169840094
random,1,1,9401,70.76,47005,99.46052846253662
random,1,1,9402,70.76,47010,99.46058521472916
random,1,1,9403,70.78999999999999,47015,99.46041534069904
random,1,1,9404,70.83,47020,99.46016723154885
random,1,1,9405,70.89,47025,99.45976881854817
random,1,1,9406,70.89,47030,99.45982562631728
random,1,1,9407,70.92,47035,99.45964973233919
random,1,1,9408,70.97,47040,99.45932356403058
random,1,1,9409,71.0,47045,99.45914981397802
random,1,1,9410,71.05,47050,99.45882417460213
random,1,1,9411,71.05,47055,99.4588794043637
random,1,1,9412,71.09,47060,99.45863001180368
random,1,1,9413,71.09,47065,99.45868525010584
random,1,1,9414,71.11,47070,99.45859026376118
random,1,1,9415,71.11,47075,99.45864755527337
random,1,1,9416,71.15,47080,99.45840035137371
random,1,1,9417,71.16,47085,99.45838359928302
random,1,1,9418,71.17999999999999,47090,99.45829074672619
random,1,1,9419,71.19,47095,99.45827401031707
random,1,1,9420,71.2,47100,99.45825521657618
random,1,1,9421,71.2,47105,99.45831250651432
random,1,1,9422,71.2,47110,99.45836978433684
random,1,1,9423,71.2,47115,99.45842910973961
random,1,1,9424,71.2,47120,99.45848842214782
random,1,1,9425,71.2,47125,99.45854566277586
random,1,1,9426,71.2,47130,99.45860289130388
random,1,1,9427,71.2,47135,99.45866216565547
random,1,1,9428,71.2,47140,99.45872183852121
random,1,1,9429,71.22,47145,99.45862947056364
random,1,1,9430,71.22,47150,99.4586891338798
random,1,1,9431,71.22,47155,99.45874837271124
random,1,1,9432,71.22,47160,99.4588075985784
random,1,1,9433,71.22,47165,99.4588668114855
random,1,1,9434,71.22,47170,99.45892601143686
random,1,1,9435,71.22,47175,99.45898519843666
random,1,1,9436,71.22,47180,99.45904437248919
random,1,1,9437,71.22,47185,99.4591035335987
random,1,1,9438,71.22,47190,99.45916062823026
random,1,1,9439,71.23,47195,99.45913972616054
random,1,1,9440,71.23,47200,99.45919475214674
random,1,1,9441,71.26,47205,99.45902201869966
random,1,1,9442,71.26,47210,99.45907704546455
random,1,1,9443,71.27,47215,99.4590561603993
random,1,1,9444,71.28,47220,99.4590373323437
random,1,1,9445,71.28,47225,99.45909439288506
random,1,1,9446,71.28,47230,99.45915144139023
random,1,1,9447,71.28,47235,99.4592105293106
random,1,1,9448,71.28,47240,99.4592696043216
random,1,1,9449,71.28,47245,99.45932907653588
random,1,1,9450,71.28,47250,99.45938853566952
random,1,1,9451,71.28,47255,99.45944798172678
random,1,1,9452,71.28,47260,99.45950741471205
random,1,1,9453,71.28,47265,99.45956642488179
random,1,1,9454,71.28,47270,99.45962542216765
random,1,1,9455,71.28,47275,99.45968440657384
random,1,1,9456,71.28,47280,99.45974133069772
random,1,1,9457,71.28,47285,99.45979824282857
random,1,1,9458,71.28,47290,99.45985514297016
random,1,1,9459,71.28,47295,99.4599099849975
random,1,1,9460,71.28,47300,99.45996686160287
random,1,1,9461,71.28,47305,99.4600237262302
random,1,1,9462,71.28,47310,99.46007853403141
random,1,1,9463,71.28,47315,99.46013537514456
random,1,1,9464,71.28,47320,99.4601922042909
random,1,1,9465,71.28,47325,99.460246977898
random,1,1,9466,71.28,47330,99.4603017403906
random,1,1,9467,71.28,47335,99.46035853451912
random,1,1,9468,71.28,47340,99.46041735899732
random,1,1,9469,71.28,47345,99.46047412879591
random,1,1,9470,71.28,47350,99.46053088665018
random,1,1,9471,71.28,47355,99.46058559155098
random,1,1,9472,71.28,47360,99.46064232595727
random,1,1,9473,71.28,47365,99.46069700826054
random,1,1,9474,71.28,47370,99.46075371923334
random,1,1,9475,71.28,47375,99.4608104182804
random,1,1,9476,71.28,47380,99.46086710540547
random,1,1,9477,71.28,47385,99.46092133444658
random,1,1,9478,71.28,47390,99.46097759064243
random,1,1,9479,71.28,47395,99.46103424262381
random,1,1,9480,71.28,47400,99.46109088269806
random,1,1,9481,71.28,47405,99.46114547409069
random,1,1,9482,71.28,47410,99.46120005442424
random,1,1,9483,71.28,47415,99.46125462370208
random,1,1,9484,71.28999999999999,47420,99.4612336080193
random,1,1,9485,71.28999999999999,47425,99.4612881628483
random,1,1,9486,71.28999999999999,47430,99.46134270663012
random,1,1,9487,71.28999999999999,47435,99.46139927395807
random,1,1,9488,71.28999999999999,47440,99.46145582940638
random,1,1,9489,71.28999999999999,47445,99.4615103392432
random,1,1,9490,71.28999999999999,47450,99.4615648380465
random,1,1,9491,71.28999999999999,47455,99.46161932581961
random,1,1,9492,71.28999999999999,47460,99.46167380256591
random,1,1,9493,71.28999999999999,47465,99.4617303003785
random,1,1,9494,71.28999999999999,47470,99.46178881798134
random,1,1,9495,71.28999999999999,47475,99.46184772910159
random,1,1,9496,71.28999999999999,47480,99.46190622117625
random,1,1,9497,71.28999999999999,47485,99.46196470053721
random,1,1,9498,71.28999999999999,47490,99.46202316718862
random,1,1,9499,71.28999999999999,47495,99.46207959169661
random,1,1,9500,71.28999999999999,47500,99.46213397534221
random,1,1,9501,71.28999999999999,47505,99.46218834799258
random,1,1,9502,71.28999999999999,47510,99.46224270965104
random,1,1,9503,71.28999999999999,47515,99.46229706032094
random,1,1,9504,71.28999999999999,47520,99.46235140000557
random,1,1,9505,71.28999999999999,47525,99.46240572870832
random,1,1,9506,71.28999999999999,47530,99.46246004643248
random,1,1,9507,71.3,47535,99.46243895892596
random,1,1,9508,71.32,47540,99.46234248904067
random,1,1,9509,71.32,47545,99.46239679669297
random,1,1,9510,71.36,47550,99.46214960772949
random,1,1,9511,71.36,47555,99.46220392389161
random,1,1,9512,71.36,47560,99.46225822908433
random,1,1,9513,71.36,47565,99.46231454900276
random,1,1,9514,71.39,47570,99.46214686200854
random,1,1,9515,71.41999999999999,47575,99.46197718487961
random,1,1,9516,71.46000000000001,47580,99.46173221893473
random,1,1,9517,71.46000000000001,47585,99.46178857012453
random,1,1,9518,71.46000000000001,47590,99.46184490951676
random,1,1,9519,71.5,47595,99.46160003433711
random,1,1,9520,71.5,47600,99.46165435499039
random,1,1,9521,71.52,47605,99.46155809368076
random,1,1,9522,71.52,47610,99.46161240760578
random,1,1,9523,71.52,47615,99.46166671057435
random,1,1,9524,71.52,47620,99.46172100258978
random,1,1,9525,71.52,47625,99.46177528365541
random,1,1,9526,71.52,47630,99.46182955377452
random,1,1,9527,71.52,47635,99.46188381295045
random,1,1,9528,71.52,47640,99.4619380611865
random,1,1,9529,71.52,47645,99.46199229848595
random,1,1,9530,71.52,47650,99.46204652485214
random,1,1,9531,71.52,47655,99.46210074028838
random,1,1,9532,71.52,47660,99.46215494479793
random,1,1,9533,71.52,47665,99.46220913838415
random,1,1,9534,71.52,47670,99.4622633210503
random,1,1,9535,71.52,47675,99.4623174927997
random,1,1,9536,71.52,47680,99.46237165363564
random,1,1,9537,71.52,47685,99.46242782386994
random,1,1,9538,71.52,47690,99.46248600223964
random,1,1,9539,71.52,47695,99.46254416801807
random,1,1,9540,71.52,47700,99.4626003022122
random,1,1,9541,71.52,47705,99.46265440609112
random,1,1,9542,71.52,47710,99.4627084990771
random,1,1,9543,71.52,47715,99.46276459895137
random,1,1,9544,71.52,47720,99.46282068711183
random,1,1,9545,71.52,47725,99.46287676356214
random,1,1,9546,71.52,47730,99.46293484480529
random,1,1,9547,71.52,47735,99.46299089742541
random,1,1,9548,71.52,47740,99.46304492268882
random,1,1,9549,71.52,47745,99.4631009523352
random,1,1,9550,71.52,47750,99.46315697028973
random,1,1,9551,71.52,47755,99.4632129765561
random,1,1,9552,71.52,47760,99.46327098511387
random,1,1,9553,71.52,47765,99.46332898113546
random,1,1,9554,71.52,47770,99.46338696462496
random,1,1,9555,71.52,47775,99.46344493558638
random,1,1,9556,71.52,47780,99.46350289402382
random,1,1,9557,71.52,47785,99.46356083994131
random,1,1,9558,71.52,47790,99.46361917561447
random,1,1,9559,71.52,47795,99.46367709641738
random,1,1,9560,71.52,47800,99.46373500471256
random,1,1,9561,71.52,47805,99.46379290050405
random,1,1,9562,71.52,47810,99.46385118571949
random,1,1,9563,71.52,47815,99.46390945826522
random,1,1,9564,71.52,47820,99.46396771814535
random,1,1,9565,71.52,47825,99.46402596536402
random,1,1,9566,71.52,47830,99.46408419992537
random,1,1,9567,71.52,47835,99.4641424218335
random,1,1,9568,71.52,47840,99.46420063109255
random,1,1,9569,71.52,47845,99.46425882770663
random,1,1,9570,71.52,47850,99.46431701167987
random,1,1,9571,71.52,47855,99.46437518301639
random,1,1,9572,71.52,47860,99.46443334172028
random,1,1,9573,71.52,47865,99.4644914877957
random,1,1,9574,71.52,47870,99.46454962124672
random,1,1,9575,71.52,47875,99.46460774207748
random,1,1,9576,71.52,47880,99.46466585029206
random,1,1,9577,71.52,47885,99.4647239458946
random,1,1,9578,71.52,47890,99.4647820288892
random,1,1,9579,71.52,47895,99.46484009927994
random,1,1,9580,71.52,47900,99.46489815707095
random,1,1,9581,71.52,47905,99.46495620226631
random,1,1,9582,71.52,47910,99.46501423487013
random,1,1,9583,71.52,47915,99.4650722548865
random,1,1,9584,71.52,47920,99.4651302623195
random,1,1,9585,71.52,47925,99.46518825717327
random,1,1,9586,71.52,47930,99.46524583961713
random,1,1,9587,71.52,47935,99.46530380941131
random,1,1,9588,71.52,47940,99.46536176663848
random,1,1,9589,71.52,47945,99.46541971130273
random,1,1,9590,71.52,47950,99.46547724391935
random,1,1,9591,71.52,47955,99.46553516355655
random,1,1,9592,71.52,47960,99.46559307064304
random,1,1,9593,71.52,47965,99.46565056595315
random,1,1,9594,71.52,47970,99.46570605316494
random,1,1,9595,71.52,47975,99.46575953352561
random,1,1,9596,71.52,47980,99.46581300318107
random,1,1,9597,71.52,47985,99.46586646213454
random,1,1,9598,71.52,47990,99.46591991038925
random,1,1,9599,71.52,47995,99.46597334794838
random,1,1,9600,71.52,48000,99.46602677481516
random,1,1,9601,71.52,48005,99.46607979240419
random,1,1,9602,71.52,48010,99.46613080690985
random,1,1,9603,71.53,48015,99.46610518019044
random,1,1,9604,71.53,48020,99.46615419061125
random,1,1,9605,71.53,48025,99.46620518377229
random,1,1,9606,71.53,48030,99.46625417583542
random,1,1,9607,71.53,48035,99.46630714087462
random,1,1,9608,71.53,48040,99.46636208596993
random,1,1,9609,71.53,48045,99.46641900989508
random,1,1,9610,71.53,48050,99.46647631961895
random,1,1,9611,71.53,48055,99.46653321917705
random,1,1,9612,71.53,48060,99.46659010659995
random,1,1,9613,71.53,48065,99.46664499344958
random,1,1,9614,71.53,48070,99.46669986900486
random,1,1,9615,71.53,48075,99.4667527456307
random,1,1,9616,71.53,48080,99.46680362451286
random,1,1,9617,71.53,48085,99.46685648056706
random,1,1,9618,71.53,48090,99.46691131261444
random,1,1,9619,71.53,48095,99.46696414732148
random,1,1,9620,71.53,48100,99.46701498587251
random,1,1,9621,71.53,48105,99.46706382940678
random,1,1,9622,71.53,48110,99.46711464894604
random,1,1,9623,71.53,48115,99.46716545879414
random,1,1,9624,71.53,48120,99.46722022730845
random,1,1,9625,71.53,48125,99.4672749845649
random,1,1,9626,71.53,48130,99.46733012723608
random,1,1,9627,71.53,48135,99.46738486190577
random,1,1,9628,71.53,48140,99.46743799930015
random,1,1,9629,71.53,48145,99.46749112609285
random,1,1,9630,71.53,48150,99.46754622402956
random,1,1,9631,71.53,48155,99.46760131056566
random,1,1,9632,71.53,48160,99.46765638570464
random,1,1,9633,71.53,48165,99.4677134299481
random,1,1,9634,71.53,48170,99.4677704619675
random,1,1,9635,71.53,48175,99.46782748176679
random,1,1,9636,71.53,48180,99.46788448934988
random,1,1,9637,71.53,48185,99.46793950591939
random,1,1,9638,71.53,48190,99.4679941154333
random,1,1,9639,71.53,48195,99.46804871373837
random,1,1,9640,71.53,48200,99.46810132324018
random,1,1,9641,71.53,48205,99.46815392233694
random,1,1,9642,71.53,48210,99.46820651103177
random,1,1,9643,71.53,48215,99.46826146103582
random,1,1,9644,71.53,48220,99.4683160044836
random,1,1,9645,71.53,48225,99.46837053674285
random,1,1,9646,71.53,48230,99.46842742804486
random,1,1,9647,71.53,48235,99.46848233240623
random,1,1,9648,71.53,48240,99.468537225427
random,1,1,9649,71.53,48245,99.46859210711068
random,1,1,9650,71.53,48250,99.46864697746076
random,1,1,9651,71.53,48255,99.46870341498995
random,1,1,9652,71.53,48260,99.46875826235751
random,1,1,9653,71.53,48265,99.46881309840214
random,1,1,9654,71.53,48270,99.4688679231273
random,1,1,9655,71.53,48275,99.46892273653653
random,1,1,9656,71.56,48280,99.46875482545225
random,1,1,9657,71.59,48285,99.46858852688642
random,1,1,9658,71.6,48290,99.46857070755803
random,1,1,9659,71.6,48295,99.46862750045642
random,1,1,9660,71.6,48300,99.46868230986655
random,1,1,9661,71.6,48305,99.46873907891525
random,1,1,9662,71.6,48310,99.46879622993704
random,1,1,9663,71.6,48315,99.46885336866399
random,1,1,9664,71.6,48320,99.4689101011667
random,1,1,9665,71.61,48325,99.4688926549063
random,1,1,9666,71.61,48330,99.46894937109694
random,1,1,9667,71.66,48335,99.46863532114344
random,1,1,9668,71.66,48340,99.4686920526978
random,1,1,9669,71.72,48345,99.46830396229198
random,1,1,9670,71.72,48350,99.468358746655
random,1,1,9671,71.72,48355,99.46841154967075
random,1,1,9672,71.73,48360,99.4683921995282
random,1,1,9673,71.73,48365,99.46844498853966
random,1,1,9674,71.73,48370,99.46849973621345
random,1,1,9675,71.73,48375,99.46855447261088
random,1,1,9676,71.73,48380,99.46860722940121
random,1,1,9677,71.73,48385,99.46866194366171
random,1,1,9678,71.73,48390,99.4687166466562
random,1,1,9679,71.73,48395,99.4687693712549
random,1,1,9680,71.73,48400,99.46882208538983
random,1,1,9681,71.73,48405,99.46887675541674
random,1,1,9682,71.73,48410,99.4689314141913
random,1,1,9683,71.73,48415,99.46898802724573
random,1,1,9684,71.73,48420,99.4690446282313
random,1,1,9685,71.73,48425,99.46909925246096
random,1,1,9686,71.73,48430,99.46915386545237
random,1,1,9687,71.73,48435,99.46920650331181
random,1,1,9688,71.73,48440,99.46925913073332
random,1,1,9689,71.73,48445,99.46931174771998
random,1,1,9690,71.73,48450,99.46936435427493
random,1,1,9691,71.73,48455,99.46941891274149
random,1,1,9692,71.74000000000001,48460,99.46940146058823
random,1,1,9693,71.76,48465,99.46931005870425
random,1,1,9694,71.8,48470,99.4690688221388
random,1,1,9695,71.8,48475,99.46912142553467
random,1,1,9696,71.8,48480,99.46917401850793
random,1,1,9697,71.8,48485,99.4692266010617
random,1,1,9698,71.8,48490,99.46927917319904
random,1,1,9699,71.8,48495,99.46933173492307
random,1,1,9700,71.8,48500,99.46938428623687
random,1,1,9701,71.8,48505,99.46943682714355
random,1,1,9702,71.8,48510,99.4694893576462
random,1,1,9703,71.8,48515,99.46954187774787
random,1,1,9704,71.82,48520,99.46944664215572
random,1,1,9705,71.82,48525,99.46949915608853
random,1,1,9706,71.82,48530,99.46955165962676
random,1,1,9707,71.82,48535,99.46960611127194
random,1,1,9708,71.82,48540,99.46966250982106
random,1,1,9709,71.82,48545,99.46971889637737
random,1,1,9710,71.82,48550,99.46977566239283
random,1,1,9711,71.82,48555,99.46983202489176
random,1,1,9712,71.83,48560,99.46981495560263
random,1,1,9713,71.83,48565,99.46987169315587
random,1,1,9714,71.83,48570,99.4699284185669
random,1,1,9715,71.83,48575,99.46998513183964
random,1,1,9716,71.85000000000001,48580,99.4698942739728
random,1,1,9717,71.85000000000001,48585,99.46995097876484
random,1,1,9718,71.88,48590,99.46978638026674
random,1,1,9719,71.89,48595,99.46976932863755
random,1,1,9720,71.92,48600,99.46960478476663
random,1,1,9721,71.92,48605,99.46966149625953
random,1,1,9722,71.92,48610,99.46971819562621
random,1,1,9723,71.92,48615,99.46977488287054
random,1,1,9724,71.92,48620,99.46983155799639
random,1,1,9725,71.92,48625,99.46988822100768
random,1,1,9726,71.93,48630,99.46987117125084
random,1,1,9727,71.93,48635,99.46992781791988
random,1,1,9728,71.93,48640,99.46998445248428
random,1,1,9729,71.93,48645,99.47004107494797
random,1,1,9730,71.93,48650,99.47009768531478
random,1,1,9731,71.93,48655,99.47015428358863
random,1,1,9732,71.93,48660,99.47021086977337
random,1,1,9733,71.93,48665,99.47026744387287
random,1,1,9734,71.95,48670,99.470176730486
random,1,1,9735,71.95,48675,99.47023329615027
random,1,1,9736,71.95,48680,99.47028984973754
random,1,1,9737,71.95,48685,99.4703463912517
random,1,1,9738,71.95,48690,99.47040292069661
random,1,1,9739,71.98,48695,99.47023864284532
random,1,1,9740,71.98,48700,99.47029517172356
random,1,1,9741,71.98,48705,99.47035168853913
random,1,1,9742,72.05,48710,99.46989316931045
random,1,1,9743,72.11,48715,99.46950831491093
random,1,1,9744,72.11,48720,99.46956489756887
random,1,1,9745,72.18,48725,99.46910660895341
random,1,1,9746,72.18,48730,99.46916322238076
random,1,1,9747,72.25,48735,99.46870507432614
random,1,1,9748,72.28999999999999,48740,99.46846760733219
random,1,1,9749,72.3,48745,99.4684507508225
random,1,1,9750,72.3,48750,99.46850741002116
random,1,1,9751,72.3,48755,99.46856405714223
random,1,1,9752,72.31,48760,99.46854719574308
random,1,1,9753,72.31,48765,99.46860382655217
random,1,1,9754,72.31,48770,99.46866044529355
random,1,1,9755,72.36,48775,99.46834968718889
random,1,1,9756,72.42,48780,99.46796553016111
random,1,1,9757,72.42,48785,99.4680221987975
random,1,1,9758,72.49,48790,99.46756470899315
random,1,1,9759,72.49,48795,99.46762140824383
random,1,1,9760,72.49,48800,99.46767809541993
random,1,1,9761,72.50999999999999,48805,99.46758791848244
random,1,1,9762,72.54,48810,99.46742434253999
random,1,1,9763,72.6,48815,99.46704057025191
random,1,1,9764,72.6,48820,99.46709729511505
random,1,1,9765,72.64,48825,99.46686042884562
random,1,1,9766,72.7,48830,99.46647683907709
random,1,1,9767,72.74000000000001,48835,99.46624008922905
random,1,1,9768,72.75,48840,99.46622350377496
random,1,1,9769,72.77,48845,99.46613355831484
random,1,1,9770,72.77,48850,99.46619034345153
random,1,1,9771,72.81,48855,99.46595372479123
random,1,1,9772,72.87,48860,99.46557008424587
random,1,1,9773,72.89999999999999,48865,99.46540652204044
random,1,1,9774,72.89999999999999,48870,99.46546296846232
random,1,1,9775,72.91,48875,99.4654464779294
random,1,1,9776,72.95,48880,99.46521006358098
random,1,1,9777,72.95,48885,99.46526690474934
random,1,1,9778,72.95,48890,99.46532373383603
random,1,1,9779,72.95,48895,99.46538055084491
random,1,1,9780,72.95,48900,99.46543735577984
random,1,1,9781,72.99,48905,99.46520106798592
random,1,1,9782,73.0,48910,99.4651846175374
random,1,1,9783,73.03,48915,99.46502166138501
random,1,1,9784,73.07000000000001,48920,99.46478549302799
random,1,1,9785,73.13,48925,99.46440289675053
random,1,1,9786,73.13,48930,99.46445976930688
random,1,1,9787,73.14,48935,99.4644434062981
random,1,1,9788,73.14,48940,99.46450026247834
random,1,1,9789,73.14,48945,99.46455710658783
random,1,1,9790,73.14,48950,99.46461393863044
random,1,1,9791,73.14,48955,99.46467075860998
random,1,1,9792,73.14,48960,99.46472756653031
random,1,1,9793,73.14,48965,99.46478436239529
random,1,1,9794,73.14,48970,99.4648411462087
random,1,1,9795,73.14,48975,99.46489791797443
random,1,1,9796,73.14,48980,99.46495467769627
random,1,1,9797,73.14,48985,99.46501103405599
random,1,1,9798,73.14,48990,99.4650677697846
random,1,1,9799,73.14,48995,99.4651244934808
random,1,1,9800,73.14,49000,99.46518120514841
random,1,1,9801,73.14,49005,99.4652379047913
random,1,1,9802,73.14,49010,99.46529459241323
random,1,1,9803,73.14,49015,99.46535126801808
random,1,1,9804,73.15,49020,99.46533483999515
random,1,1,9805,73.15,49025,99.46539149932288
random,1,1,9806,73.15,49030,99.46544814664333
random,1,1,9807,73.15,49035,99.46550478196029
random,1,1,9808,73.15,49040,99.46556140527761
random,1,1,9809,73.15,49045,99.46561801659908
random,1,1,9810,73.15,49050,99.46567461592852
random,1,1,9811,73.15,49055,99.46573081305326
random,1,1,9812,73.18,49060,99.4655679089523
random,1,1,9813,73.2,49065,99.46547610962998
random,1,1,9814,73.2,49070,99.46552840767625
random,1,1,9815,73.24000000000001,49075,99.46528866308294
random,1,1,9816,73.27,49080,99.46512157588747
random,1,1,9817,73.27,49085,99.46517350291282
random,1,1,9818,73.27,49090,99.46522776173697
random,1,1,9819,73.27,49095,99.46528200955296
random,1,1,9820,73.27,49100,99.46533585621059
random,1,1,9821,73.27,49105,99.46538969202447
random,1,1,9822,73.28,49110,99.46537094997338
random,1,1,9823,73.3,49115,99.46527926209997
random,1,1,9824,73.34,49120,99.46504326920271
random,1,1,9825,73.38,49125,99.46480537382666
random,1,1,9826,73.47,49130,99.46420484337818
random,1,1,9827,73.52,49135,99.46389416139031
random,1,1,9828,73.57000000000001,49140,99.46358354192353
random,1,1,9829,73.63,49145,99.46319616633264
random,1,1,9830,73.64,49150,99.46317335695254
random,1,1,9831,73.64,49155,99.46322344381086
random,1,1,9832,73.64,49160,99.46327352132366
random,1,1,9833,73.64,49165,99.46332554509188
random,1,1,9834,73.64,49170,99.46337951398098
random,1,1,9835,73.64,49175,99.46343347201679
random,1,1,9836,73.64,49180,99.46348585566867
random,1,1,9837,73.66,49185,99.46339253062217
random,1,1,9838,73.71,49190,99.46308069741964
random,1,1,9839,73.72999999999999,49195,99.46298938579183
random,1,1,9840,73.72999999999999,49200,99.46304374740552
random,1,1,9841,73.72999999999999,49205,99.46309809801427
random,1,1,9842,73.72999999999999,49210,99.46315243762142
random,1,1,9843,73.72999999999999,49215,99.46320872029192
random,1,1,9844,73.72999999999999,49220,99.46326303751044
random,1,1,9845,73.72999999999999,49225,99.46331539046662
random,1,1,9846,73.72999999999999,49230,99.46336968610075
random,1,1,9847,73.72999999999999,49235,99.46342592323053
random,1,1,9848,73.72999999999999,49240,99.4634801965032
random,1,1,9849,73.72999999999999,49245,99.46353406846072
random,1,1,9850,73.75,49250,99.46344242246107
random,1,1,9851,73.75,49255,99.4634962873943
random,1,1,9852,73.78,49260,99.4633280209257
random,1,1,9853,73.78,49265,99.46337798395079
random,1,1,9854,73.78,49270,99.46342793767387
random,1,1,9855,73.78,49275,99.46347788209748
random,1,1,9856,73.83,49280,99.46316620688351
random,1,1,9857,73.92,49285,99.46256377147618
random,1,1,9858,73.98,49290,99.46218150174802
random,1,1,9859,74.02,49295,99.46194664534418
random,1,1,9860,74.02,49300,99.46200061344432
random,1,1,9861,74.02,49305,99.46205652548981
random,1,1,9862,74.02,49310,99.46211242591511
random,1,1,9863,74.02,49315,99.46216870551375
random,1,1,9864,74.03,49320,99.46215271143181
random,1,1,9865,74.06,49325,99.4619914308006
random,1,1,9866,74.06,49330,99.46204770531313
random,1,1,9867,74.06,49335,99.46210396805452
random,1,1,9868,74.06,49340,99.46216060961909
random,1,1,9869,74.06,49345,99.46221723925596
random,1,1,9870,74.06,49350,99.4622738569689
random,1,1,9871,74.11,49355,99.46196746685484
random,1,1,9872,74.14,49360,99.46180593363677
random,1,1,9873,74.19,49365,99.46149926617571
random,1,1,9874,74.2,49370,99.46148101430269
random,1,1,9875,74.2,49375,99.46153533547366
random,1,1,9876,74.2,49380,99.4615896456868
random,1,1,9877,74.2,49385,99.46164394494548
random,1,1,9878,74.2,49390,99.46169823325297
random,1,1,9879,74.21,49395,99.4616799705197
random,1,1,9880,74.21,49400,99.46173424424833
random,1,1,9881,74.22,49405,99.46171598156693
random,1,1,9882,74.22,49410,99.46177024072402
random,1,1,9883,74.25,49415,99.46160695640067
random,1,1,9884,74.3,49420,99.46129674501427
random,1,1,9885,74.36,49425,99.46091409713986
random,1,1,9886,74.39,49430,99.46074899275537
random,1,1,9887,74.42,49435,99.46058392044301
random,1,1,9888,74.42,49440,99.46063630710536
random,1,1,9889,74.42,49445,99.4606886835934
random,1,1,9890,74.46000000000001,49450,99.4604531584794
random,1,1,9891,74.53999999999999,49455,99.45992590826856
random,1,1,9892,74.53999999999999,49460,99.45997833827785
random,1,1,9893,74.58,49465,99.45974099731319
random,1,1,9894,74.63,49470,99.45943126925364
random,1,1,9895,74.63,49475,99.4594856893712
random,1,1,9896,74.63,49480,99.45953814155857
random,1,1,9897,74.68,49485,99.45922852446434
random,1,1,9898,74.68,49490,99.45928099142438
random,1,1,9899,74.68,49495,99.45933344820446
random,1,1,9900,74.71,49500,99.4591687225639
random,1,1,9901,74.76,49505,99.45886121990748
random,1,1,9902,74.79,49510,99.45869853148726
random,1,1,9903,74.81,49515,99.45860824469952
random,1,1,9904,74.81,49520,99.45866269932009
random,1,1,9905,74.85000000000001,49525,99.45842576634382
random,1,1,9906,74.94,49530,99.45782714134404
random,1,1,9907,75.01,49535,99.45737331356024
random,1,1,9908,75.06,49540,99.45706424088814
random,1,1,9909,75.14,49545,99.45654021378206
random,1,1,9910,75.2,49550,99.45616093008051
random,1,1,9911,75.25,49555,99.45585206696671
random,1,1,9912,75.27000000000001,49560,99.4557621462942
random,1,1,9913,75.27000000000001,49565,99.45581683866239
random,1,1,9914,75.28,49570,99.45579726279324
random,1,1,9915,75.31,49575,99.45563312375944
random,1,1,9916,75.33999999999999,49580,99.45546901651952
random,1,1,9917,75.38,49585,99.45523267158582
random,1,1,9918,75.38,49590,99.4552854223453
random,1,1,9919,75.39,49595,99.4552678754002
random,1,1,9920,75.41,49600,99.45517808401283
random,1,1,9921,75.41,49605,99.45523279208184
random,1,1,9922,75.41,49610,99.45528748916497
random,1,1,9923,75.41,49615,99.45534414218689
random,1,1,9924,75.42,49620,99.45532856499082
random,1,1,9925,75.44,49625,99.45524078010907
random,1,1,9926,75.44999999999999,49630,99.45522521689907
random,1,1,9927,75.44999999999999,49635,99.45528185283585
random,1,1,9928,75.44999999999999,49640,99.4553384769979
random,1,1,9929,75.44999999999999,49645,99.45539508938883
random,1,1,9930,75.44999999999999,49650,99.45545169001235
random,1,1,9931,75.46000000000001,49655,99.45543611297138
random,1,1,9932,75.47,49660,99.45542053916758
random,1,1,9933,75.49,49665,99.45533281769487
random,1,1,9934,75.49,49670,99.45538940126741
random,1,1,9935,75.49,49675,99.45544597308465
random,1,1,9936,75.49,49680,99.45550292588737
random,1,1,9937,75.49,49685,99.45555986677842
random,1,1,9938,75.49,49690,99.45561679576147
random,1,1,9939,75.49,49695,99.4556737128403
random,1,1,9940,75.49,49700,99.45573061801865
random,1,1,9941,75.5,49705,99.45571502824875
random,1,1,9942,75.5,49710,99.45577191725427
random,1,1,9943,75.5,49715,99.45582879436887
random,1,1,9944,75.5,49720,99.4558856595963
random,1,1,9945,75.5,49725,99.45594212088893
random,1,1,9946,75.5,49730,99.4559966106067
random,1,1,9947,75.5,49735,99.45604912993076
random,1,1,9948,75.5,49740,99.45610359821688
random,1,1,9949,75.5,49745,99.45615805559578
random,1,1,9950,75.5,49750,99.45621250207071
random,1,1,9951,75.5,49755,99.45626693764498
random,1,1,9952,75.5,49760,99.45632136232184
random,1,1,9953,75.5,49765,99.4563757761046
random,1,1,9954,75.5,49770,99.45643017899646
random,1,1,9955,75.5,49775,99.45648652734485
random,1,1,9956,75.5,49780,99.45654286401191
random,1,1,9957,75.5,49785,99.45659918900128
random,1,1,9958,75.5,49790,99.4566555023166
random,1,1,9959,75.5,49795,99.45670984923878
random,1,1,9960,75.5,49800,99.45676418529018
random,1,1,9961,75.5,49805,99.45681851047405
random,1,1,9962,75.5,49810,99.45687282479365
random,1,1,9963,75.51,49815,99.45685519807054
random,1,1,9964,75.51,49820,99.45690949786244
random,1,1,9965,75.51,49825,99.45696378679841
random,1,1,9966,75.51,49830,99.45701806488171
random,1,1,9967,75.51,49835,99.45707233211556
random,1,1,9968,75.51,49840,99.45712463702264
random,1,1,9969,75.51,49845,99.45717693185274
random,1,1,9970,75.51,49850,99.45722921660874
random,1,1,9971,75.51,49855,99.45728149129359
random,1,1,9972,75.52,49860,99.45726188910521
random,1,1,9973,75.52,49865,99.45731415057664
random,1,1,9974,75.52,49870,99.45736640198429
random,1,1,9975,75.52,49875,99.45741864333108
random,1,1,9976,75.52,49880,99.45747087461989
random,1,1,9977,75.52,49885,99.45752309585363
random,1,1,9978,75.52,49890,99.45757530703521
random,1,1,9979,75.53,49895,99.45755763764305
random,1,1,9980,75.53,49900,99.45761373020717
random,1,1,9981,75.53,49905,99.45766981117174
random,1,1,9982,75.53,49910,99.45772588054031
random,1,1,9983,75.53,49915,99.4577819383165
random,1,1,9984,75.53,49920,99.45783798450391
random,1,1,9985,75.53,49925,99.45789440819482
random,1,1,9986,75.53,49930,99.45795043113502
random,1,1,9987,75.53,49935,99.45800449785226
random,1,1,9988,75.53,49940,99.45805660951375
random,1,1,9989,75.53,49945,99.45810871115538
random,1,1,9990,75.53999999999999,49950,99.45808906450418
random,1,1,9991,75.53999999999999,49955,99.4581411530102
random,1,1,9992,75.55,49960,99.45812150701752
random,1,1,9993,75.55,49965,99.45817552531156
random,1,1,9994,75.55,49970,99.45822953283681
random,1,1,9995,75.55,49975,99.45828547172543
random,1,1,9996,75.56,49980,99.45826970368299
random,1,1,9997,75.56,49985,99.45832601519066
random,1,1,9998,75.57000000000001,49990,99.45831024622979
random,1,1,9999,75.58,49995,99.4582944805239
random,1,1,10000,75.59,50000,99.45827871807202
random,1,1,10001,75.59,50005,99.4583346172119
random,1,1,10002,75.59,50010,99.45839050481673
random,1,1,10003,75.59,50015,99.45844676887806
random,1,1,10004,75.59,50020,99.45850302125083
random,1,1,10005,75.59,50025,99.45855926193869
random,1,1,10006,75.59,50030,99.45861549094529
random,1,1,10007,75.59,50035,99.45867170827425
random,1,1,10008,75.59,50040,99.45872791392921
random,1,1,10009,75.59,50045,99.45878410791383
random,1,1,10010,75.59,50050,99.4588402902317
random,1,1,10011,75.59,50055,99.45889646088649
random,1,1,10012,75.59,50060,99.45895261988183
random,1,1,10013,75.59,50065,99.45900876722132
random,1,1,10014,75.59,50070,99.45906490290862
random,1,1,10015,75.59,50075,99.45912102694734
random,1,1,10016,75.59,50080,99.45917713934112
random,1,1,10017,75.59,50085,99.45923324009357
random,1,1,10018,75.59,50090,99.45928932920832
random,1,1,10019,75.59,50095,99.45934540668898
random,1,1,10020,75.59,50100,99.45940147253918
random,1,1,10021,75.59,50105,99.45945752676253
random,1,1,10022,75.59,50110,99.45951356936267
random,1,1,10023,75.59,50115,99.45956960034317
random,1,1,10024,75.59,50120,99.4596256197077
random,1,1,10025,75.59,50125,99.4596816274598
random,1,1,10026,75.59,50130,99.45973762360315
random,1,1,10027,75.59,50135,99.45979360814134
random,1,1,10028,75.59,50140,99.45984958107795
random,1,1,10029,75.59,50145,99.4599055424166
random,1,1,10030,75.61,50150,99.4598186059305
random,1,1,10031,75.61,50155,99.45987455888447
random,1,1,10032,75.61,50160,99.45993050024822
random,1,1,10033,75.61,50165,99.45998643002535
random,1,1,10034,75.61,50170,99.46004234821947
random,1,1,10035,75.61,50175,99.46009786931099
random,1,1,10036,75.61,50180,99.46015337898575
random,1,1,10037,75.61,50185,99.46020887724731
random,1,1,10038,75.61,50190,99.46026436409919
random,1,1,10039,75.61,50195,99.4603198395449
random,1,1,10040,75.61,50200,99.46037530358795
random,1,1,10041,75.61,50205,99.46043114127984
random,1,1,10042,75.61,50210,99.4604869674173
random,1,1,10043,75.61,50215,99.46054278200391
random,1,1,10044,75.61,50220,99.46059858504329
random,1,1,10045,75.61,50225,99.460654376539
random,1,1,10046,75.61,50230,99.46071015649463
random,1,1,10047,75.61,50235,99.46076592491374
random,1,1,10048,75.61,50240,99.46082168179994
random,1,1,10049,75.61,50245,99.46087742715677
random,1,1,10050,75.61,50250,99.46093316098784
random,1,1,10051,75.61,50255,99.46098888329672
random,1,1,10052,75.61,50260,99.46104459408696
random,1,1,10053,75.61,50265,99.46110029336215
random,1,1,10054,75.61,50270,99.46115598112584
random,1,1,10055,75.61,50275,99.46121165738163
random,1,1,10056,75.61,50280,99.46126732213307
random,1,1,10057,75.61,50285,99.46132297538372
random,1,1,10058,75.61,50290,99.46137861713716
random,1,1,10059,75.61,50295,99.46143424739692
random,1,1,10060,75.61,50300,99.4614898661666
random,1,1,10061,75.61,50305,99.46154547344973
random,1,1,10062,75.61,50310,99.46160106924988
random,1,1,10063,75.61,50315,99.46165627026977
random,1,1,10064,75.61,50320,99.46171145997151
random,1,1,10065,75.61,50325,99.46176702150227
random,1,1,10066,75.61,50330,99.46182218849961
random,1,1,10067,75.61,50335,99.46187734418925
random,1,1,10068,75.61,50340,99.46193287148229
random,1,1,10069,75.63,50345,99.46184607502704
random,1,1,10070,75.67,50350,99.46161699887229
random,1,1,10071,75.67,50355,99.46167253583751
random,1,1,10072,75.67,50360,99.46172806134607
random,1,1,10073,75.67,50365,99.46178319258517
random,1,1,10074,75.67,50370,99.46183831253205
random,1,1,10075,75.67,50375,99.46189342119017
random,1,1,10076,75.69,50380,99.4618066912595
random,1,1,10077,75.69,50385,99.46186179183172
random,1,1,10078,75.69,50390,99.46191688112266
random,1,1,10079,75.69,50395,99.46197195913574
random,1,1,10080,75.69,50400,99.46202702587445
random,1,1,10081,75.69,50405,99.46208208134223
random,1,1,10082,75.69,50410,99.46213712554255
random,1,1,10083,75.69,50415,99.46219215847889
random,1,1,10084,75.69,50420,99.46224718015465
random,1,1,10085,75.69,50425,99.46230028067798
random,1,1,10086,75.69,50430,99.46235337071549
random,1,1,10087,75.69,50435,99.4624064502703
random,1,1,10088,75.69,50440,99.46245951934549
random,1,1,10089,75.69,50445,99.4625125779442
random,1,1,10090,75.69,50450,99.46256753408035
random,1,1,10091,75.69,50455,99.4626205713588
random,1,1,10092,75.69,50460,99.46267169091234
random,1,1,10093,75.69,50465,99.46272280074108
random,1,1,10094,75.69,50470,99.46277390084775
random,1,1,10095,75.69,50475,99.46282499123515
random,1,1,10096,75.69,50480,99.46287607190605
random,1,1,10097,75.69,50485,99.46292714286322
random,1,1,10098,75.69,50490,99.46297820410943
random,1,1,10099,75.69,50495,99.46303116036775
random,1,1,10100,75.69,50500,99.46308220183825
random,1,1,10101,75.69,50505,99.4631351375889
random,1,1,10102,75.71,50510,99.46304621802551
random,1,1,10103,75.71,50515,99.46309876614126
random,1,1,10104,75.72,50520,99.46307849179797
random,1,1,10105,75.72,50525,99.4631310266591
random,1,1,10106,75.72,50530,99.46318164835563
random,1,1,10107,75.72,50535,99.46323035796694
random,1,1,10108,75.72,50540,99.46327905873947
random,1,1,10109,75.72,50545,99.46332775067562
random,1,1,10110,75.72,50550,99.46337833528224
random,1,1,10111,75.72,50555,99.46342891035394
random,1,1,10112,75.72,50560,99.46347985604935
random,1,1,10113,75.72,50565,99.46353041198768
random,1,1,10114,75.72,50570,99.46358285845444
random,1,1,10115,75.73,50575,99.46356255945757
random,1,1,10116,75.73,50580,99.46361119354832
random,1,1,10117,75.74,50585,99.46358899613804
random,1,1,10118,75.74,50590,99.46363761901559
random,1,1,10119,75.78,50595,99.46340299369864
random,1,1,10120,75.78,50600,99.46345162462005
random,1,1,10121,75.78,50605,99.46349834759191
random,1,1,10122,75.79,50610,99.46347617038508
random,1,1,10123,75.79,50615,99.46352668032802
random,1,1,10124,75.79,50620,99.46357718076155
random,1,1,10125,75.79,50625,99.46362767168833
random,1,1,10126,75.79,50630,99.4636800507236
random,1,1,10127,75.79,50635,99.46373241952979
random,1,1,10128,75.79,50640,99.46378667496799
random,1,1,10129,75.79,50645,99.46383902295469
random,1,1,10130,75.79,50650,99.46389136072139
random,1,1,10131,75.79,50655,99.46394368827113
random,1,1,10132,75.79,50660,99.46399411022952
random,1,1,10133,75.79,50665,99.46404641772416
random,1,1,10134,75.79,50670,99.46410060964831
random,1,1,10135,75.79,50675,99.4641555483126
random,1,1,10136,75.79,50680,99.4642104757138
random,1,1,10137,75.79,50685,99.46426539185533
random,1,1,10138,75.79,50690,99.46432029674068
random,1,1,10139,75.79,50695,99.46437519037332
random,1,1,10140,75.79,50700,99.46443007275667
random,1,1,10141,75.79,50705,99.46448494389422
random,1,1,10142,75.79,50710,99.4645398037894
random,1,1,10143,75.79,50715,99.4645946524457
random,1,1,10144,75.79,50720,99.46464948986656
random,1,1,10145,75.79,50725,99.4647043160554
random,1,1,10146,75.79,50730,99.46475913101573
random,1,1,10147,75.79,50735,99.46481393475094
random,1,1,10148,75.79,50740,99.46486872726452
random,1,1,10149,75.79,50745,99.46492350855988
random,1,1,10150,75.79,50750,99.4649782786405
random,1,1,10151,75.79,50755,99.4650330375098
random,1,1,10152,75.79,50760,99.46508778517124
random,1,1,10153,75.79,50765,99.46514252162825
random,1,1,10154,75.79,50770,99.46519724688426
random,1,1,10155,75.79,50775,99.46525196094272
random,1,1,10156,75.79,50780,99.46530666380707
random,1,1,10157,75.79,50785,99.46536135548072
random,1,1,10158,75.79,50790,99.46541603596715
random,1,1,10159,75.79,50795,99.46547070526975
random,1,1,10160,75.79,50800,99.46552536339198
random,1,1,10161,75.79,50805,99.46558001033723
random,1,1,10162,75.79,50810,99.46563464610898
random,1,1,10163,75.79,50815,99.46568927071063
random,1,1,10164,75.79,50820,99.46574388414558
random,1,1,10165,75.79,50825,99.4657984864173
random,1,1,10166,75.8,50830,99.46578260029966
random,1,1,10167,75.8,50835,99.46583718745661
random,1,1,10168,75.8,50840,99.4658917634591
random,1,1,10169,75.8,50845,99.46594632831055
random,1,1,10170,75.8,50850,99.4660005058201
random,1,1,10171,75.81,50855,99.46598423100251
random,1,1,10172,75.81,50860,99.46603839367782
random,1,1,10173,75.81,50865,99.46609066528441
random,1,1,10174,75.81,50870,99.46614480637275
random,1,1,10175,75.81,50875,99.46619893648183
random,1,1,10176,75.81,50880,99.46625117666234
random,1,1,10177,75.81,50885,99.46630528520389
random,1,1,10178,75.81,50890,99.4663593827761
random,1,1,10179,75.81,50895,99.4664134693823
random,1,1,10180,75.81,50900,99.46646754502582
random,1,1,10181,75.81,50905,99.46652160971
random,1,1,10182,75.82,50910,99.46650342318762
random,1,1,10183,75.82,50915,99.46655747347211
random,1,1,10184,75.82,50920,99.46661151280568
random,1,1,10185,75.82,50925,99.46666554119167
random,1,1,10186,75.82,50930,99.46671955863341
random,1,1,10187,75.83,50935,99.4667036122514
random,1,1,10188,75.83,50940,99.46675798984006
random,1,1,10189,75.83,50945,99.46681235634063
random,1,1,10190,75.83,50950,99.4668667117565
random,1,1,10191,75.83,50955,99.46692105609104
random,1,1,10192,75.83,50960,99.46697538934767
random,1,1,10193,75.83,50965,99.46702971152975
random,1,1,10194,75.83,50970,99.46708402264068
random,1,1,10195,75.83,50975,99.46713832268384
random,1,1,10196,75.83,50980,99.4671926116626
random,1,1,10197,75.83,50985,99.46724651528777
random,1,1,10198,75.83,50990,99.46730040800729
random,1,1,10199,75.83,50995,99.46735428982446
random,1,1,10200,75.83,51000,99.4674062904072
random,1,1,10201,75.83,51005,99.46745828083763
random,1,1,10202,75.83,51010,99.46751026111869
random,1,1,10203,75.83,51015,99.4675622312534
random,1,1,10204,75.83,51020,99.46761232235608
random,1,1,10205,75.83,51025,99.46766240403461
random,1,1,10206,75.83,51030,99.4677124762917
random,1,1,10207,75.83,51035,99.46776253912995
random,1,1,10208,75.83,51040,99.46781259255204
random,1,1,10209,75.83,51045,99.46786263656064
random,1,1,10210,75.83,51050,99.46791267115839
random,1,1,10211,75.83,51055,99.46796269634794
random,1,1,10212,75.83,51060,99.46801271213195
random,1,1,10213,75.83,51065,99.46806271851307
random,1,1,10214,75.83,51070,99.46811271549396
random,1,1,10215,75.83,51075,99.46816270307727
random,1,1,10216,75.83,51080,99.46821454594162
random,1,1,10217,75.83,51085,99.4682663786998
random,1,1,10218,75.83,51090,99.46831820135476
random,1,1,10219,75.83,51095,99.46837187748226
random,1,1,10220,75.83,51100,99.46842367957647
random,1,1,10221,75.83,51105,99.46847360872985
random,1,1,10222,75.83,51110,99.46852352850475
random,1,1,10223,75.83,51115,99.46857343890382
random,1,1,10224,75.83,51120,99.46862520172691
random,1,1,10225,75.83,51125,99.46867695446724
random,1,1,10226,75.83,51130,99.46872869712772
random,1,1,10227,75.83,51135,99.46878042971132
random,1,1,10228,75.83,51140,99.46883215222095
random,1,1,10229,75.83,51145,99.46888386465959
random,1,1,10230,75.83,51150,99.46893556703016
random,1,1,10231,75.83,51155,99.46898725933562
random,1,1,10232,75.83,51160,99.46904080046492
random,1,1,10233,75.83,51165,99.46909247228716
random,1,1,10234,75.83,51170,99.46914413405318
random,1,1,10235,75.83,51175,99.46919764355393
random,1,1,10236,75.83,51180,99.4692511422684
random,1,1,10237,75.83,51185,99.46930500160616
random,1,1,10238,75.83,51190,99.46935847868302
random,1,1,10239,75.83,51195,99.4694119449834
random,1,1,10240,75.83,51200,99.46946540051059
random,1,1,10241,75.83,51205,99.46951698972754
random,1,1,10242,75.83,51210,99.46956856891236
random,1,1,10243,75.83,51215,99.46962013806802
random,1,1,10244,75.83,51220,99.46967169719744
random,1,1,10245,75.83,51225,99.46972324630352
random,1,1,10246,75.83,51230,99.46977293163896
random,1,1,10247,75.83,51235,99.46982446106743
random,1,1,10248,75.83,51240,99.46987746290611
random,1,1,10249,75.83,51245,99.4699304541486
random,1,1,10250,75.83,51250,99.46998380525487
random,1,1,10251,75.83,51255,99.47003714562273
random,1,1,10252,75.83,51260,99.47008825340166
random,1,1,10253,75.84,51265,99.47007132795206
random,1,1,10254,75.84,51270,99.4701242734645
random,1,1,10255,75.84,51275,99.47017720839835
random,1,1,10256,75.84,51280,99.47023050281999
random,1,1,10257,75.86,51285,99.47014224299
random,1,1,10258,75.86,51290,99.47019368031714
random,1,1,10259,75.86,51295,99.47024695737674
random,1,1,10260,75.86,51300,99.47030022372239
random,1,1,10261,75.86,51305,99.47035163038281
random,1,1,10262,75.86,51310,99.47040487568198
random,1,1,10263,75.86,51315,99.470457740629
random,1,1,10264,75.86,51320,99.47051096459697
random,1,1,10265,75.86,51325,99.47056417786698
random,1,1,10266,75.88000000000001,51330,99.47047744260423
random,1,1,10267,75.91,51335,99.4703209474075
random,1,1,10268,75.92,51340,99.4703043935711
random,1,1,10269,75.92,51345,99.47035760628428
random,1,1,10270,75.92,51350,99.47041117772825
random,1,1,10271,75.92,51355,99.4704647383362
random,1,1,10272,75.92,51360,99.47051791883972
random,1,1,10273,75.92,51365,99.47057145786016
random,1,1,10274,75.92999999999999,51370,99.4705552580494
random,1,1,10275,75.92999999999999,51375,99.47060878246991
random,1,1,10276,75.92999999999999,51380,99.47066229606939
random,1,1,10277,75.92999999999999,51385,99.47071579885109
random,1,1,10278,75.92999999999999,51390,99.47076892194521
random,1,1,10279,75.92999999999999,51395,99.47082019037371
random,1,1,10280,75.92999999999999,51400,99.47087329251585
random,1,1,10281,75.92999999999999,51405,99.47092454072585
random,1,1,10282,75.92999999999999,51410,99.47097577900959
random,1,1,10283,75.92999999999999,51415,99.47102516479521
random,1,1,10284,75.92999999999999,51420,99.47107454136109
random,1,1,10285,75.92999999999999,51425,99.47112390870984
random,1,1,10286,75.92999999999999,51430,99.47117326684403
random,1,1,10287,75.92999999999999,51435,99.47122261576624
random,1,1,10288,75.92999999999999,51440,99.47127379633491
random,1,1,10289,75.94999999999999,51445,99.4711857137287
random,1,1,10290,75.98,51450,99.47102802827403
random,1,1,10291,76.0,51455,99.4709396181994
random,1,1,10292,76.02,51460,99.47084975181725
random,1,1,10293,76.06,51465,99.47062254399067
random,1,1,10294,76.1,51470,99.4703935372701
random,1,1,10295,76.1,51475,99.4704429212623
random,1,1,10296,76.12,51480,99.4703531350196
random,1,1,10297,76.12,51485,99.4704025135704
random,1,1,10298,76.12,51490,99.47045372487663
random,1,1,10299,76.12,51495,99.4705049262797
random,1,1,10300,76.12,51500,99.47055795901902
random,1,1,10301,76.12,51505,99.47061134930819
random,1,1,10302,76.12,51510,99.47066436073264
random,1,1,10303,76.12,51515,99.47071736154135
random,1,1,10304,76.14999999999999,51520,99.47055993414503
random,1,1,10305,76.17,51525,99.47047021577453
random,1,1,10306,76.17,51530,99.47051954010205
random,1,1,10307,76.17,51535,99.47057069518092
random,1,1,10308,76.17,51540,99.47062184037618
random,1,1,10309,76.17,51545,99.4706729756907
random,1,1,10310,76.2,51550,99.47051564271896
random,1,1,10311,76.2,51555,99.47056677841275
random,1,1,10312,76.2,51560,99.47061790423048
random,1,1,10313,76.24,51565,99.47039299562782
random,1,1,10314,76.25,51570,99.4703746691144
random,1,1,10315,76.25999999999999,51575,99.47035818538296
random,1,1,10316,76.25999999999999,51580,99.47041151788976
random,1,1,10317,76.25999999999999,51585,99.47046483965694
random,1,1,10318,76.25999999999999,51590,99.47051778306226
random,1,1,10319,76.25999999999999,51595,99.47057071588198
random,1,1,10320,76.25999999999999,51600,99.47062363811926
random,1,1,10321,76.25999999999999,51605,99.4706765497773
random,1,1,10322,76.25999999999999,51610,99.4707298181909
random,1,1,10323,76.25999999999999,51615,99.47078270862654
random,1,1,10324,76.25999999999999,51620,99.47083522130758
random,1,1,10325,76.25999999999999,51625,99.47088772356832
random,1,1,10326,76.29,51630,99.47073208803788
random,1,1,10327,76.29,51635,99.47078495722369
random,1,1,10328,76.31,51640,99.47069945911603
random,1,1,10329,76.31,51645,99.47075268802288
random,1,1,10330,76.31,51650,99.47080590622494
random,1,1,10331,76.31,51655,99.47085911372542
random,1,1,10332,76.31,51660,99.47091231052754
random,1,1,10333,76.31,51665,99.47096512987041
random,1,1,10334,76.34,51670,99.4708099782196
random,1,1,10335,76.38000000000001,51675,99.47058554430987
random,1,1,10336,76.42,51680,99.47036152227054
random,1,1,10337,76.42,51685,99.47041474245609
random,1,1,10338,76.48,51690,99.47005219791832
random,1,1,10339,76.48,51695,99.47010543848637
random,1,1,10340,76.52,51700,99.46988155469082
random,1,1,10341,76.52,51705,99.46993480170352
random,1,1,10342,76.52,51710,99.46998803802067
random,1,1,10343,76.53999999999999,51715,99.46990238142234
random,1,1,10344,76.53999999999999,51720,99.4699556103405
random,1,1,10345,76.58,51725,99.46973185382659
random,1,1,10346,76.58,51730,99.46978508917691
random,1,1,10347,76.58,51735,99.46983831383938
random,1,1,10348,76.64,51740,99.46947619080582
random,1,1,10349,76.64,51745,99.46952943578668
random,1,1,10350,76.64,51750,99.46958267008097
random,1,1,10351,76.64,51755,99.46963589369189
random,1,1,10352,76.71,51760,99.4692047412451
random,1,1,10353,76.71,51765,99.4692579920918
random,1,1,10354,76.78,51770,99.46882696405346
random,1,1,10355,76.78,51775,99.46888024210982
random,1,1,10356,76.85,51780,99.46844933841483
random,1,1,10357,76.91,51785,99.46808731363
random,1,1,10358,76.92999999999999,51790,99.46800013554137
random,1,1,10359,76.92999999999999,51795,99.46805126843462
random,1,1,10360,76.95,51800,99.46796411056667
random,1,1,10361,76.95,51805,99.46801523709445
random,1,1,10362,76.96,51810,99.46799538781865
random,1,1,10363,76.97,51815,99.4679755422198
random,1,1,10364,76.98,51820,99.46795570029691
random,1,1,10365,76.99000000000001,51825,99.46793586204895
random,1,1,10366,77.0,51830,99.46791786586692
random,1,1,10367,77.0,51835,99.4679689680809
random,1,1,10368,77.0,51840,99.4680200604799
random,1,1,10369,77.02,51845,99.46793261216625
random,1,1,10370,77.05,51850,99.46777610539208
random,1,1,10371,77.06,51855,99.46775813316131
random,1,1,10372,77.07000000000001,51860,99.46773832643173
random,1,1,10373,77.07000000000001,51865,99.46778941669527
random,1,1,10374,77.07000000000001,51870,99.46784049715174
random,1,1,10375,77.07000000000001,51875,99.4678897309001
random,1,1,10376,77.07000000000001,51880,99.46793895553938
random,1,1,10377,77.09,51885,99.46785011169004
random,1,1,10378,77.09,51890,99.46789933088806
random,1,1,10379,77.09,51895,99.46794854098225
random,1,1,10380,77.09,51900,99.46799774197511
random,1,1,10381,77.09,51905,99.46804693386918
random,1,1,10382,77.09,51910,99.46809611666697
random,1,1,10383,77.09,51915,99.46814712503476
random,1,1,10384,77.12,51920,99.46799116997792
random,1,1,10385,77.13,51925,99.46797136578158
random,1,1,10386,77.13,51930,99.46802237161462
random,1,1,10387,77.13,51935,99.46807336766868
random,1,1,10388,77.14999999999999,51940,99.46798827160664
random,1,1,10389,77.14999999999999,51945,99.46804109494587
random,1,1,10390,77.18,51950,99.46788707457854
random,1,1,10391,77.19,51955,99.46786912572392
random,1,1,10392,77.19,51960,99.4679201115031
random,1,1,10393,77.19,51965,99.46797108751286
random,1,1,10394,77.19,51970,99.46802205375603
random,1,1,10395,77.19,51975,99.4680730102354
random,1,1,10396,77.2,51980,99.46805321948386
random,1,1,10397,77.2,51985,99.46810233104843
random,1,1,10398,77.23,51990,99.46794475664139
random,1,1,10399,77.23,51995,99.46799386915114
random,1,1,10400,77.23,52000,99.46804297259489
random,1,1,10401,77.23,52005,99.46809206697507
random,1,1,10402,77.23,52010,99.46814115229427
random,1,1,10403,77.24,52015,99.46812136803813
random,1,1,10404,77.24,52020,99.46817044159619
random,1,1,10405,77.24,52025,99.46821950609957
random,1,1,10406,77.28,52030,99.46799319571008
random,1,1,10407,77.29,52035,99.46797343240083
random,1,1,10408,77.32,52040,99.46781784668583
random,1,1,10409,77.35,52045,99.46766229073829
random,1,1,10410,77.35,52050,99.4677113791402
random,1,1,10411,77.36,52055,99.46769164924072
random,1,1,10412,77.38000000000001,52060,99.46760495159043
random,1,1,10413,77.38000000000001,52065,99.46765586269952
random,1,1,10414,77.4,52070,99.46756918505066
random,1,1,10415,77.4,52075,99.46762008984426
random,1,1,10416,77.4,52080,99.46767098490497
random,1,1,10417,77.4,52085,99.46772187023555
random,1,1,10418,77.41,52090,99.46770398262767
random,1,1,10419,77.45,52095,99.46747982852095
random,1,1,10420,77.46,52100,99.46746013685436
random,1,1,10421,77.48,52105,99.46737170484363
random,1,1,10422,77.51,52110,99.46721638259788
random,1,1,10423,77.51,52115,99.46726545177623
random,1,1,10424,77.51,52120,99.46731451191687
random,1,1,10425,77.51,52125,99.46736356302235
random,1,1,10426,77.51,52130,99.46741443484845
random,1,1,10427,77.51,52135,99.467465296958
random,1,1,10428,77.51,52140,99.46751432029932
random,1,1,10429,77.51,52145,99.46756333461559
random,1,1,10430,77.51,52150,99.46761233990937
random,1,1,10431,77.51,52155,99.4676613361831
random,1,1,10432,77.51,52160,99.46771032343929
random,1,1,10433,77.51,52165,99.46775930168043
random,1,1,10434,77.51,52170,99.467808270909
random,1,1,10435,77.53,52175,99.4677199216787
random,1,1,10436,77.56,52180,99.46756294029373
random,1,1,10437,77.56,52185,99.46761191407109
random,1,1,10438,77.56,52190,99.46766087884001
random,1,1,10439,77.56,52195,99.46770983460299
random,1,1,10440,77.58,52200,99.46762336171349
random,1,1,10441,77.59,52205,99.4676055216972
random,1,1,10442,77.60000000000001,52210,99.4675858586413
random,1,1,10443,77.60000000000001,52215,99.46763480296313
random,1,1,10444,77.61,52220,99.46761514083057
random,1,1,10445,77.62,52225,99.4675954823124
random,1,1,10446,77.62,52230,99.46764441225528
random,1,1,10447,77.64999999999999,52235,99.46748759757013
random,1,1,10448,77.7,52240,99.46719549399617
random,1,1,10449,77.75,52245,99.46690527369529
random,1,1,10450,77.79,52250,99.46668366916698
random,1,1,10451,77.84,52255,99.46639392248453
random,1,1,10452,77.86999999999999,52260,99.46624132307994
random,1,1,10453,77.86999999999999,52265,99.46629400230151
random,1,1,10454,77.86999999999999,52270,99.46634703684515
random,1,1,10455,77.86999999999999,52275,99.46639969520301
random,1,1,10456,77.86999999999999,52280,99.46645234316975
random,1,1,10457,77.86999999999999,52285,99.46650534625084
random,1,1,10458,77.86999999999999,52290,99.46655833880224
random,1,1,10459,77.91,52295,99.46633733152225
random,1,1,10460,77.94,52300,99.46618485866296
random,1,1,10461,77.94,52305,99.46623786725253
random,1,1,10462,77.94,52310,99.46629086531547
random,1,1,10463,77.94,52315,99.46634385285496
random,1,1,10464,77.99000000000001,52320,99.46605451323944
random,1,1,10465,77.99000000000001,52325,99.4661075137204
random,1,1,10466,77.99000000000001,52330,99.46616050368054
random,1,1,10467,77.99000000000001,52335,99.466213483123
random,1,1,10468,78.02,52340,99.46606114359547
random,1,1,10469,78.06,52345,99.4658404049376
random,1,1,10470,78.06,52350,99.46589340036921
random,1,1,10471,78.08,52355,99.465809553717
random,1,1,10472,78.08,52360,99.46586254169529
random,1,1,10473,78.08,52365,99.46591551916254
random,1,1,10474,78.08,52370,99.46596848612188
random,1,1,10475,78.08,52375,99.46602144257645
random,1,1,10476,78.08,52380,99.46607438852936
random,1,1,10477,78.08,52385,99.46612732398373
random,1,1,10478,78.08,52390,99.46618024894268
random,1,1,10479,78.11,52395,99.46602807881537
random,1,1,10480,78.14999999999999,52400,99.46580758409685
random,1,1,10481,78.16,52405,99.46579217702674
random,1,1,10482,78.16,52410,99.46584511421867
random,1,1,10483,78.16,52415,99.46589804092002
random,1,1,10484,78.16,52420,99.46595095713396
random,1,1,10485,78.16,52425,99.46600386286356
random,1,1,10486,78.16,52430,99.46605675811196
random,1,1,10487,78.16,52435,99.46610964288227
random,1,1,10488,78.16,52440,99.46616251717761
random,1,1,10489,78.16,52445,99.46621538100106
random,1,1,10490,78.16,52450,99.46626823435577
random,1,1,10491,78.16,52455,99.46632107724483
random,1,1,10492,78.16,52460,99.46637390967136
random,1,1,10493,78.16,52465,99.46642673163845
random,1,1,10494,78.16,52470,99.46647954314922
random,1,1,10495,78.16,52475,99.46653234420675
random,1,1,10496,78.16,52480,99.4665851348142
random,1,1,10497,78.16,52485,99.46663791497461
random,1,1,10498,78.16,52490,99.4666906846911
random,1,1,10499,78.16,52495,99.46674344396679
random,1,1,10500,78.16,52500,99.46679619280475
random,1,1,10501,78.16,52505,99.46684893120809
random,1,1,10502,78.16,52510,99.46690165917992
random,1,1,10503,78.16,52515,99.46695437672332
random,1,1,10504,78.16,52520,99.46700708384137
random,1,1,10505,78.16,52525,99.46705978053718
random,1,1,10506,78.16,52530,99.46711246681384
random,1,1,10507,78.16,52535,99.46716514267445
random,1,1,10508,78.16,52540,99.46721780812207
random,1,1,10509,78.16,52545,99.4672704631598
random,1,1,10510,78.16,52550,99.46732310779073
random,1,1,10511,78.16,52555,99.46737574201796
random,1,1,10512,78.16,52560,99.46742836584454
random,1,1,10513,78.2,52565,99.46720845162737
random,1,1,10514,78.21000000000001,52570,99.46719295640125
random,1,1,10515,78.21000000000001,52575,99.46724558268865
random,1,1,10516,78.21000000000001,52580,99.4672981985811
random,1,1,10517,78.21000000000001,52585,99.46735080408166
random,1,1,10518,78.21000000000001,52590,99.46740339919344
random,1,1,10519,78.21000000000001,52595,99.46745598391949
random,1,1,10520,78.21000000000001,52600,99.4675085582629
random,1,1,10521,78.22,52605,99.46749304411938
random,1,1,10522,78.24,52610,99.46740946165062
random,1,1,10523,78.27,52615,99.4672578310104
random,1,1,10524,78.31,52620,99.46703817234452
random,1,1,10525,78.36999999999999,52625,99.46668245455368
random,1,1,10526,78.36999999999999,52630,99.46673507409368
random,1,1,10527,78.36999999999999,52635,99.46678768325134
random,1,1,10528,78.36999999999999,52640,99.46684028202972
random,1,1,10529,78.36999999999999,52645,99.4668928704319
random,1,1,10530,78.36999999999999,52650,99.46694544846096
random,1,1,10531,78.36999999999999,52655,99.46699801611996
random,1,1,10532,78.36999999999999,52660,99.46705057341197
random,1,1,10533,78.36999999999999,52665,99.46710312034004
random,1,1,10534,78.36999999999999,52670,99.46715565690725
random,1,1,10535,78.36999999999999,52675,99.46720818311668
random,1,1,10536,78.36999999999999,52680,99.46726069897136
random,1,1,10537,78.36999999999999,52685,99.46731320447438
random,1,1,10538,78.36999999999999,52690,99.46736569962879
random,1,1,10539,78.36999999999999,52695,99.46741818443763
random,1,1,10540,78.38000000000001,52700,99.46740270824161
random,1,1,10541,78.39,52705,99.46738723509496
random,1,1,10542,78.42,52710,99.46723589044707
random,1,1,10543,78.42,52715,99.46728836736315
random,1,1,10544,78.42,52720,99.46734083394239
random,1,1,10545,78.42,52725,99.4673932901878
random,1,1,10546,78.42,52730,99.46744573610246
random,1,1,10547,78.42,52735,99.4674981716894
random,1,1,10548,78.43,52740,99.46748269980772
random,1,1,10549,78.43,52745,99.46753512143228
random,1,1,10550,78.43,52750,99.46758753273696
random,1,1,10551,78.43,52755,99.46763993372481
random,1,1,10552,78.45,52760,99.46755658356614
random,1,1,10553,78.45,52765,99.46760897728669
random,1,1,10554,78.45,52770,99.46766136069692
random,1,1,10555,78.45,52775,99.46771373379987
random,1,1,10556,78.45,52780,99.46776609659858
random,1,1,10557,78.45,52785,99.4678184490961
random,1,1,10558,78.46,52790,99.46780296093107
random,1,1,10559,78.46,52795,99.46785529950604
random,1,1,10560,78.46,52800,99.46790762778762
random,1,1,10561,78.46,52805,99.46795994577884
random,1,1,10562,78.46,52810,99.46801225348274
random,1,1,10563,78.47,52815,99.4679967538785
random,1,1,10564,78.47,52820,99.46804904768103
random,1,1,10565,78.47,52825,99.46810133120401
random,1,1,10566,78.47,52830,99.46815360445052
random,1,1,10567,78.47,52835,99.46820586742353
random,1,1,10568,78.47,52840,99.4682581201261
random,1,1,10569,78.47,52845,99.46831036256124
random,1,1,10570,78.47,52850,99.468362594732
random,1,1,10571,78.47,52855,99.46841481664138
random,1,1,10572,78.47,52860,99.46846702829242
random,1,1,10573,78.47,52865,99.46851922968814
random,1,1,10574,78.47,52870,99.46857142083157
random,1,1,10575,78.47,52875,99.46862360172571
random,1,1,10576,78.47,52880,99.46867577237359
random,1,1,10577,78.48,52885,99.46866022893379
random,1,1,10578,78.48,52890,99.46871238574406
random,1,1,10579,78.48,52895,99.46876453231582
random,1,1,10580,78.48,52900,99.46881666865207
random,1,1,10581,78.48,52905,99.46886879475582
random,1,1,10582,78.48,52910,99.4689209106301
random,1,1,10583,78.48,52915,99.46897301627793
random,1,1,10584,78.48,52920,99.46902511170228
random,1,1,10585,78.48,52925,99.4690771969062
random,1,1,10586,78.49000000000001,52930,99.46906162781416
random,1,1,10587,78.5,52935,99.46904606177598
random,1,1,10588,78.51,52940,99.46903049879076
random,1,1,10589,78.51,52945,99.46908256303757
random,1,1,10590,78.51,52950,99.46913461707506
random,1,1,10591,78.51,52955,99.46918666090622
random,1,1,10592,78.51,52960,99.46923869453406
random,1,1,10593,78.51,52965,99.46929071796158
random,1,1,10594,78.51,52970,99.46934273119177
random,1,1,10595,78.51,52975,99.46939473422766
random,1,1,10596,78.51,52980,99.46944672707221
random,1,1,10597,78.51,52985,99.46949870972843
random,1,1,10598,78.51,52990,99.4695506821993
random,1,1,10599,78.51,52995,99.46960264448784
random,1,1,10600,78.51,53000,99.46965459659704
random,1,1,10601,78.51,53005,99.46970653852986
random,1,1,10602,78.51,53010,99.46975847028932
random,1,1,10603,78.51,53015,99.4698103918784
random,1,1,10604,78.51,53020,99.46986230330008
random,1,1,10605,78.51,53025,99.46991420455734
random,1,1,10606,78.51,53030,99.46996609565319
random,1,1,10607,78.51,53035,99.47001797659061
random,1,1,10608,78.51,53040,99.47006984737256
random,1,1,10609,78.51,53045,99.47012170800204
random,1,1,10610,78.51,53050,99.47017355848202
random,1,1,10611,78.51,53055,99.47022539881549
random,1,1,10612,78.51,53060,99.4702772290054
random,1,1,10613,78.51,53065,99.47032904905477
random,1,1,10614,78.51,53070,99.47038085896655
random,1,1,10615,78.51,53075,99.47043265874373
random,1,1,10616,78.51,53080,99.47048444838926
random,1,1,10617,78.51,53085,99.47053622790614
random,1,1,10618,78.51,53090,99.47058799729732
random,1,1,10619,78.51,53095,99.47063975656576
random,1,1,10620,78.51,53100,99.47069150571446
random,1,1,10621,78.52,53105,99.47067583209126
random,1,1,10622,78.55,53110,99.47052534939934
random,1,1,10623,78.56,53115,99.47050969507801
random,1,1,10624,78.56,53120,99.47056143670864
random,1,1,10625,78.56,53125,99.4706131682279
random,1,1,10626,78.56,53130,99.47066488963875
random,1,1,10627,78.56,53135,99.47071660094416
random,1,1,10628,78.56,53140,99.4707683021471
random,1,1,10629,78.56,53145,99.47081999325053
random,1,1,10630,78.56,53150,99.4708716742574
random,1,1,10631,78.56,53155,99.47092334517066
random,1,1,10632,78.57,53160,99.47090766574456
random,1,1,10633,78.57,53165,99.47095932305417
random,1,1,10634,78.57,53170,99.47101097027777
random,1,1,10635,78.57,53175,99.47106260741832
random,1,1,10636,78.57,53180,99.47111423447875
random,1,1,10637,78.60000000000001,53185,99.47096392929762
random,1,1,10638,78.60000000000001,53190,99.4710155559115
random,1,1,10639,78.60000000000001,53195,99.47106717245026
random,1,1,10640,78.60000000000001,53200,99.47111877891687
random,1,1,10641,78.66,53205,99.47076668857788
random,1,1,10642,78.68,53210,99.47068376516873
random,1,1,10643,78.68,53215,99.47073539393149
random,1,1,10644,78.68,53220,99.47078701262363
random,1,1,10645,78.68,53225,99.4708386212481
random,1,1,10646,78.68,53230,99.47089021980786
random,1,1,10647,78.68,53235,99.47094180830584
random,1,1,10648,78.68,53240,99.47099338674498
random,1,1,10649,78.68,53245,99.47104495512824
random,1,1,10650,78.68,53250,99.47109651345853
random,1,1,10651,78.68,53255,99.47114806173883
random,1,1,10652,78.68,53260,99.47119959997204
random,1,1,10653,78.68,53265,99.47125112816111
random,1,1,10654,78.68,53270,99.471302646309
random,1,1,10655,78.68,53275,99.4713541544186
random,1,1,10656,78.68,53280,99.47140565249288
random,1,1,10657,78.68,53285,99.47145714053475
random,1,1,10658,78.68,53290,99.47150861854718
random,1,1,10659,78.68,53295,99.47156008653305
random,1,1,10660,78.68,53300,99.4716115444953
random,1,1,10661,78.68,53305,99.47166299243688
random,1,1,10662,78.68,53310,99.47171443036072
random,1,1,10663,78.68,53315,99.4717658582697
random,1,1,10664,78.68,53320,99.4718172761668
random,1,1,10665,78.68,53325,99.47186868405491
random,1,1,10666,78.68,53330,99.47192008193696
random,1,1,10667,78.68,53335,99.47197146981587
random,1,1,10668,78.68,53340,99.47202284769456
random,1,1,10669,78.68,53345,99.47207421557596
random,1,1,10670,78.68,53350,99.47212557346296
random,1,1,10671,78.68,53355,99.47217692135852
random,1,1,10672,78.68,53360,99.47222825926552
random,1,1,10673,78.68,53365,99.47227958718689
random,1,1,10674,78.68,53370,99.47233090512553
random,1,1,10675,78.68,53375,99.47238221308436
random,1,1,10676,78.7,53380,99.47229940672239
random,1,1,10677,78.7,53385,99.47235070776745
random,1,1,10678,78.73,53390,99.47220088143057
random,1,1,10679,78.75999999999999,53395,99.47205108421912
random,1,1,10680,78.75999999999999,53400,99.47210239444058
random,1,1,10681,78.75999999999999,53405,99.47215369468957
random,1,1,10682,78.78,53410,99.47207095880974
random,1,1,10683,78.78,53415,99.47212225214437
random,1,1,10684,78.81,53420,99.47197253533582
random,1,1,10685,78.84,53425,99.47182284761446
random,1,1,10686,78.84,53430,99.4718741501019
random,1,1,10687,78.84,53435,99.47192544262413
random,1,1,10688,78.84,53440,99.4719767251841
random,1,1,10689,78.84,53445,99.47202799778472
random,1,1,10690,78.86,53450,99.47194533837416
random,1,1,10691,78.86,53455,99.47199660406642
random,1,1,10692,78.86,53460,99.47204785980549
random,1,1,10693,78.86,53465,99.47209910559424
random,1,1,10694,78.86,53470,99.4721503414356
random,1,1,10695,78.86,53475,99.47220156733245
random,1,1,10696,78.86,53480,99.4722527832877
random,1,1,10697,78.86,53485,99.47230398930422
random,1,1,10698,78.86,53490,99.47235518538491
random,1,1,10699,78.86,53495,99.4724063715327
random,1,1,10700,78.86,53500,99.47245754775041
random,1,1,10701,78.86,53505,99.472508714041
random,1,1,10702,78.86,53510,99.47255987040731
random,1,1,10703,78.9,53515,99.47234351039363
random,1,1,10704,78.96,53520,99.47199345207686
random,1,1,10705,79.0,53525,99.47177718893194
random,1,1,10706,79.0,53530,99.47182839637742
random,1,1,10707,79.03999999999999,53535,99.4716121911582
random,1,1,10708,79.03999999999999,53540,99.47166340466947
random,1,1,10709,79.03999999999999,53545,99.47171460825406
random,1,1,10710,79.05,53550,99.47169897066509
random,1,1,10711,79.05,53555,99.47175016088065
random,1,1,10712,79.05,53560,99.47180134117691
random,1,1,10713,79.05,53565,99.47185251155678
random,1,1,10714,79.05,53570,99.47190367202312
random,1,1,10715,79.05,53575,99.47195482257882
random,1,1,10716,79.05,53580,99.47200596322678
random,1,1,10717,79.05,53585,99.47205709396984
random,1,1,10718,79.05,53590,99.47210821481089
random,1,1,10719,79.05,53595,99.47215932575281
random,1,1,10720,79.05,53600,99.4722104267985
random,1,1,10721,79.05,53605,99.47226151795078
random,1,1,10722,79.05,53610,99.47231259921257
random,1,1,10723,79.06,53615,99.47229692342297
random,1,1,10724,79.08,53620,99.47221450996305
random,1,1,10725,79.12,53625,99.47199864396012
random,1,1,10726,79.12,53630,99.47204973088682
random,1,1,10727,79.12,53635,99.47210080792863
random,1,1,10728,79.12,53640,99.4721518750884
random,1,1,10729,79.12,53645,99.47220293236899
random,1,1,10730,79.12,53650,99.4722539797733
random,1,1,10731,79.12,53655,99.47230501730415
random,1,1,10732,79.12,53660,99.47235604496444
random,1,1,10733,79.12,53665,99.47240671094396
random,1,1,10734,79.12,53670,99.47245771893971
random,1,1,10735,79.12,53675,99.47250836539597
random,1,1,10736,79.12,53680,99.47255900212856
random,1,1,10737,79.12,53685,99.47260962914032
random,1,1,10738,79.13,53690,99.47259394732738
random,1,1,10739,79.13,53695,99.47264491268618
random,1,1,10740,79.13,53700,99.47269586819596
random,1,1,10741,79.14,53705,99.47268018259632
random,1,1,10742,79.14,53710,99.4727311248536
random,1,1,10743,79.14,53715,99.47278205726916
random,1,1,10744,79.14999999999999,53720,99.47276636788985
random,1,1,10745,79.14999999999999,53725,99.4728172870638
random,1,1,10746,79.14999999999999,53730,99.47286819640338
random,1,1,10747,79.14999999999999,53735,99.47291909591141
random,1,1,10748,79.14999999999999,53740,99.47296998559074
random,1,1,10749,79.14999999999999,53745,99.47302086544421
random,1,1,10750,79.17,53750,99.47293858872433
random,1,1,10751,79.17,53755,99.47298946178624
random,1,1,10752,79.17,53760,99.47304032502835
random,1,1,10753,79.17,53765,99.47309117845352
random,1,1,10754,79.17,53770,99.47314202206455
random,1,1,10755,79.17,53775,99.47319285586431
random,1,1,10756,79.17,53780,99.47324367985566
random,1,1,10757,79.17,53785,99.47329449404138
random,1,1,10758,79.17,53790,99.47334529842436
random,1,1,10759,79.17,53795,99.47339609300741
random,1,1,10760,79.17,53800,99.47344687779338
random,1,1,10761,79.17,53805,99.4734976527851
random,1,1,10762,79.17,53810,99.4735484179854
random,1,1,10763,79.17,53815,99.4735991733971
random,1,1,10764,79.17,53820,99.47364991902306
random,1,1,10765,79.17,53825,99.4737006548661
random,1,1,10766,79.17,53830,99.47375138092902
random,1,1,10767,79.17,53835,99.47380209721469
random,1,1,10768,79.17,53840,99.47385280372589
random,1,1,10769,79.17,53845,99.47390350046548
random,1,1,10770,79.17,53850,99.47395418743629
random,1,1,10771,79.17,53855,99.47400486464113
random,1,1,10772,79.17,53860,99.47405553208282
random,1,1,10773,79.17,53865,99.47410618976417
random,1,1,10774,79.17,53870,99.47415683768803
random,1,1,10775,79.17,53875,99.47420747585718
random,1,1,10776,79.17,53880,99.47425810427447
random,1,1,10777,79.17,53885,99.47430872294271
random,1,1,10778,79.17,53890,99.4743593318647
random,1,1,10779,79.17,53895,99.47440993104327
random,1,1,10780,79.17,53900,99.47446052048123
random,1,1,10781,79.17,53905,99.4745111001814
random,1,1,10782,79.17,53910,99.47456167014657
random,1,1,10783,79.17,53915,99.47461223037959
random,1,1,10784,79.17,53920,99.47466278088322
random,1,1,10785,79.17,53925,99.47471332166029
random,1,1,10786,79.17,53930,99.47476385271362
random,1,1,10787,79.17,53935,99.47481437404599
random,1,1,10788,79.17999999999999,53940,99.47479855559654
random,1,1,10789,79.17999999999999,53945,99.47484906387434
random,1,1,10790,79.17999999999999,53950,99.47489956243841
random,1,1,10791,79.17999999999999,53955,99.4749500512915
random,1,1,10792,79.17999999999999,53960,99.47500053043645
random,1,1,10793,79.17999999999999,53965,99.47505099987602
random,1,1,10794,79.17999999999999,53970,99.47510145961304
random,1,1,10795,79.17999999999999,53975,99.4751519096503
random,1,1,10796,79.17999999999999,53980,99.47520234999058
random,1,1,10797,79.19,53985,99.47518616013085
random,1,1,10798,79.19,53990,99.47523450106192
random,1,1,10799,79.19,53995,99.47528457148461
random,1,1,10800,79.19,54000,99.4753349799648
random,1,1,10801,79.19,54005,99.47538537876063
random,1,1,10802,79.2,54010,99.47536952665348
random,1,1,10803,79.2,54015,99.47541991245076
random,1,1,10804,79.2,54020,99.4754702885708
random,1,1,10805,79.2,54025,99.47552065501642
random,1,1,10806,79.23,54030,99.47537201705985
random,1,1,10807,79.24,54035,99.47535408964268
random,1,1,10808,79.24,54040,99.47540410567125
random,1,1,10809,79.24,54045,99.47545411216439
random,1,1,10810,79.24,54050,99.47550237327894
random,1,1,10811,79.25999999999999,54055,99.4754182556565
random,1,1,10812,79.27,54060,99.47540206821428
random,1,1,10813,79.27,54065,99.47545205617236
random,1,1,10814,79.27,54070,99.47550203460483
random,1,1,10815,79.27,54075,99.4755499216666
random,1,1,10816,79.27,54080,99.47559606541587
random,1,1,10817,79.27,54085,99.4756439353098
random,1,1,10818,79.27,54090,99.47568832855895
random,1,1,10819,79.27,54095,99.47573618161076
random,1,1,10820,79.27,54100,99.47578402592842
random,1,1,10821,79.27,54105,99.47583186151434
random,1,1,10822,79.27,54110,99.47587795566616
random,1,1,10823,79.29,54115,99.4757900833156
random,1,1,10824,79.3,54120,99.47577179877041
random,1,1,10825,79.3,54125,99.47581961849187
random,1,1,10826,79.3,54130,99.47586742948997
random,1,1,10827,79.3,54135,99.47591349995275
random,1,1,10828,79.31,54140,99.47589555710631
random,1,1,10829,79.31,54145,99.47594161681691
random,1,1,10830,79.31,54150,99.47598766843254
random,1,1,10831,79.34,54155,99.47583551514984
random,1,1,10832,79.34,54160,99.47588156799534
random,1,1,10833,79.34,54165,99.47592934359722
random,1,1,10834,79.34,54170,99.47597884101103
random,1,1,10835,79.34,54175,99.47602867511335
random,1,1,10836,79.34,54180,99.47607849973818
random,1,1,10837,79.34,54185,99.47612831488821
random,1,1,10838,79.34,54190,99.47617639136107
random,1,1,10839,79.34,54195,99.4762261878984
random,1,1,10840,79.34,54200,99.47627424640987
random,1,1,10841,79.34,54205,99.47632056784961
random,1,1,10842,79.34,54210,99.47636688109621
random,1,1,10843,79.34,54215,99.4764149137939
random,1,1,10844,79.34,54220,99.47646293768035
random,1,1,10845,79.34,54225,99.47651095275798
random,1,1,10846,79.34,54230,99.47656068570946
random,1,1,10847,79.34,54235,99.47661075448137
random,1,1,10848,79.34,54240,99.4766608136757
random,1,1,10849,79.34,54245,99.47671086329517
random,1,1,10850,79.34,54250,99.47676055827156
random,1,1,10851,79.34,54255,99.47681024381012
random,1,1,10852,79.34,54260,99.4768602648535
random,1,1,10853,79.34,54265,99.476910276333
random,1,1,10854,79.35,54270,99.47689435441445
random,1,1,10855,79.36,54275,99.4768780907105
random,1,1,10856,79.4,54280,99.4766623714313
random,1,1,10857,79.46,54285,99.4763148806715
random,1,1,10858,79.49000000000001,54290,99.47616515196746
random,1,1,10859,79.49000000000001,54295,99.47621278583765
random,1,1,10860,79.49000000000001,54300,99.47626041104563
random,1,1,10861,79.49000000000001,54305,99.47630837260965
random,1,1,10862,79.49000000000001,54310,99.4763563253903
random,1,1,10863,79.49000000000001,54315,99.47640392450047
random,1,1,10864,79.49000000000001,54320,99.47645185978473
random,1,1,10865,79.5,54325,99.47643220488558
random,1,1,10866,79.5,54330,99.47647840522811
random,1,1,10867,79.5,54335,99.47652459741778
random,1,1,10868,79.5,54340,99.47657043682995
random,1,1,10869,79.5,54345,99.4766183356068
random,1,1,10870,79.5,54350,99.47666588111692
random,1,1,10871,79.5,54355,99.4767116957898
random,1,1,10872,79.5,54360,99.47675578053229
random,1,1,10873,79.54,54365,99.47653661249298
random,1,1,10874,79.56,54370,99.47644909296582
random,1,1,10875,79.61,54375,99.47616591084358
random,1,1,10876,79.64,54380,99.47601436683863
random,1,1,10877,79.67999999999999,54385,99.47579878515316
random,1,1,10878,79.72,54390,99.47558496747074
random,1,1,10879,79.72,54395,99.47563084464083
random,1,1,10880,79.75999999999999,54400,99.47541190622921
random,1,1,10881,79.75999999999999,54405,99.47545606582842
random,1,1,10882,79.75999999999999,54410,99.47550366706845
random,1,1,10883,79.75999999999999,54415,99.47554953545104
random,1,1,10884,79.75999999999999,54420,99.47559539581174
random,1,1,10885,79.81,54425,99.47531426249802
random,1,1,10886,79.81,54430,99.47536013525861
random,1,1,10887,79.81,54435,99.47540599999869
random,1,1,10888,79.85,54440,99.47518723360905
random,1,1,10889,79.86,54445,99.47516738650971
random,1,1,10890,79.86,54450,99.47521325622091
random,1,1,10891,79.86,54455,99.47525739393609
random,1,1,10892,79.86,54460,99.47530324791626
random,1,1,10893,79.86,54465,99.47534909388335
random,1,1,10894,79.86,54470,99.4753932087529
random,1,1,10895,79.86,54475,99.47543731620436
random,1,1,10896,79.88,54480,99.475351779653
random,1,1,10897,79.88,54485,99.4753979501904
random,1,1,10898,79.88,54490,99.4754441126022
random,1,1,10899,79.88,54495,99.47549026689062
random,1,1,10900,79.88,54500,99.47553641305775
random,1,1,10901,79.88,54505,99.47558427251761
random,1,1,10902,79.88,54510,99.47563384432995
random,1,1,10903,79.88,54515,99.47568340677135
random,1,1,10904,79.91,54520,99.47553434327922
random,1,1,10905,79.95,54525,99.4753196809261
random,1,1,10906,79.95,54530,99.47536925932901
random,1,1,10907,79.96,54535,99.47535321470822
random,1,1,10908,79.97,54540,99.47533717311904
random,1,1,10909,79.97,54545,99.47538673581914
random,1,1,10910,79.97,54550,99.47543628915615
random,1,1,10911,79.97999999999999,54555,99.47542024426606
random,1,1,10912,79.99000000000001,54560,99.4754045464502
random,1,1,10913,79.99000000000001,54565,99.4754544280132
random,1,1,10914,79.99000000000001,54570,99.47550395617813
random,1,1,10915,80.02,54575,99.47535678295756
random,1,1,10916,80.02,54580,99.47540459142265
random,1,1,10917,80.02,54585,99.47545239117538
random,1,1,10918,80.02,54590,99.47549846326686
random,1,1,10919,80.02,54595,99.47554452726585
random,1,1,10920,80.02,54600,99.47559058317447
random,1,1,10921,80.03,54605,99.47557110195598
random,1,1,10922,80.03,54610,99.47561680385067
random,1,1,10923,80.03,54615,99.47566249778059
random,1,1,10924,80.03,54620,99.47571024458121
random,1,1,10925,80.03,54625,99.47575763927829
random,1,1,10926,80.03,54630,99.4758033086682
random,1,1,10927,80.03,54635,99.47584553718791
random,1,1,10928,80.03,54640,99.47588775890443
random,1,1,10929,80.03,54645,99.47592997381942
random,1,1,10930,80.04,54650,99.47590670301183
random,1,1,10931,80.06,54655,99.4758179623029
random,1,1,10932,80.06,54660,99.4758618883637
random,1,1,10933,80.06,54665,99.475907522488
random,1,1,10934,80.06,54670,99.4759531486667
random,1,1,10935,80.06,54675,99.47599876690192
random,1,1,10936,80.06,54680,99.47604266266663
random,1,1,10937,80.06,54685,99.4760899795501
random,1,1,10938,80.06,54690,99.47613557396723
random,1,1,10939,80.06,54695,99.47617944681514
random,1,1,10940,80.08999999999999,54700,99.47602875724803
random,1,1,10941,80.08999999999999,54705,99.47607640165425
random,1,1,10942,80.08999999999999,54710,99.47612403739673
random,1,1,10943,80.08999999999999,54715,99.47617166447779
random,1,1,10944,80.08999999999999,54720,99.47622065308595
random,1,1,10945,80.11,54725,99.47613884707387
random,1,1,10946,80.12,54730,99.47612278552027
random,1,1,10947,80.15,54735,99.4759759661591
random,1,1,10948,80.15,54740,99.47602324194847
random,1,1,10949,80.15,54745,99.47607050920848
random,1,1,10950,80.15,54750,99.47611776794142
random,1,1,10951,80.15,54755,99.47616501814959
random,1,1,10952,80.15,54760,99.47621225983532
random,1,1,10953,80.15,54765,99.4762594930009
random,1,1,10954,80.15,54770,99.47630671764863
random,1,1,10955,80.15,54775,99.47635222320005
random,1,1,10956,80.15,54780,99.47639772084388
random,1,1,10957,80.15,54785,99.47644150058463
random,1,1,10958,80.15,54790,99.47648527300494
random,1,1,10959,80.15,54795,99.4765290381066
random,1,1,10960,80.15,54800,99.47657108674031
random,1,1,10961,80.15,54805,99.4766131286193
random,1,1,10962,80.15,54810,99.47665516374524
random,1,1,10963,80.15,54815,99.4766971921197
random,1,1,10964,80.15,54820,99.47673921374435
random,1,1,10965,80.16,54825,99.4767159486743
random,1,1,10966,80.16,54830,99.47675796204537
random,1,1,10967,80.19,54835,99.47660586835845
random,1,1,10968,80.25,54840,99.4762562996088
random,1,1,10969,80.27,54845,99.47616953129996
random,1,1,10970,80.30000000000001,54850,99.47601923394403
random,1,1,10971,80.33,54855,99.47587067257282
random,1,1,10972,80.34,54860,99.47585091044319
random,1,1,10973,80.34,54865,99.47589809695037
random,1,1,10974,80.34,54870,99.4759452749624
random,1,1,10975,80.36,54875,99.47586370630106
random,1,1,10976,80.36999999999999,54880,99.47584737030206
random,1,1,10977,80.36999999999999,54885,99.47589624871615
random,1,1,10978,80.36999999999999,54890,99.47594511801505
random,1,1,10979,80.36999999999999,54895,99.47599226995689
random,1,1,10980,80.36999999999999,54900,99.4760377054663
random,1,1,10981,80.36999999999999,54905,99.47608313309718
random,1,1,10982,80.36999999999999,54910,99.47612855285158
random,1,1,10983,80.36999999999999,54915,99.47617396473153
random,1,1,10984,80.36999999999999,54920,99.47621936873908
random,1,1,10985,80.36999999999999,54925,99.4762647648763
random,1,1,10986,80.36999999999999,54930,99.4763118593177
random,1,1,10987,80.36999999999999,54935,99.47635928646216
random,1,1,10988,80.36999999999999,54940,99.47640670501704
random,1,1,10989,80.36999999999999,54945,99.47645411498468
random,1,1,10990,80.36999999999999,54950,99.47650151636739
random,1,1,10991,80.36999999999999,54955,99.47654890916753
random,1,1,10992,80.36999999999999,54960,99.47659629338742
random,1,1,10993,80.36999999999999,54965,99.47664366902937
random,1,1,10994,80.36999999999999,54970,99.47669273978731
random,1,1,10995,80.36999999999999,54975,99.47674180134418
random,1,1,10996,80.36999999999999,54980,99.4767908537026
random,1,1,10997,80.4,54985,99.47664461500507
random,1,1,10998,80.44,54990,99.476431611971
random,1,1,10999,80.49,54995,99.47615186064039
random,1,1,11000,80.55,55000,99.47580878701959
random,1,1,11001,80.61,55005,99.47546406886576
random,1,1,11002,80.61,55010,99.47550980173997
random,1,1,11003,80.65,55015,99.47529528871772
random,1,1,11004,80.7,55020,99.47501712537073
random,1,1,11005,80.7,55025,99.47506459242376
random,1,1,11006,80.7,55030,99.47511341647831
random,1,1,11007,80.7,55035,99.4751622314515
random,1,1,11008,80.7,55040,99.47521137861386
random,1,1,11009,80.7,55045,99.47526017536845
random,1,1,11010,80.7,55050,99.47530725733937
random,1,1,11011,80.7,55055,99.47535467194389
random,1,1,11012,80.7,55060,99.47540378307329
random,1,1,11013,80.7,55065,99.47545288500913
random,1,1,11014,80.7,55070,99.47550197775399
random,1,1,11015,80.7,55075,99.47555106131048
random,1,1,11016,80.7,55080,99.47560013568115
random,1,1,11017,80.71000000000001,55085,99.47558422555272
random,1,1,11018,80.71000000000001,55090,99.47563158424751
random,1,1,11019,80.72,55095,99.47561192684033
random,1,1,11020,80.72,55100,99.47565723105185
random,1,1,11021,80.73,55105,99.47563587188446
random,1,1,11022,80.73,55110,99.47567946369017
random,1,1,11023,80.73,55115,99.47572304824868
random,1,1,11024,80.75,55120,99.47563675231159
random,1,1,11025,80.75,55125,99.47568203540558
random,1,1,11026,80.78,55130,99.47553287496024
random,1,1,11027,80.80000000000001,55135,99.4754503628676
random,1,1,11028,80.83,55140,99.47530295201324
random,1,1,11029,80.84,55145,99.4752836804397
random,1,1,11030,80.84,55150,99.47532931457914
random,1,1,11031,80.86,55155,99.47524514734799
random,1,1,11032,80.86,55160,99.47529077690189
random,1,1,11033,80.86,55165,99.47533639852114
random,1,1,11034,80.86,55170,99.47538201220777
random,1,1,11035,80.86,55175,99.4754276179639
random,1,1,11036,80.86,55180,99.47547321579158
random,1,1,11037,80.86,55185,99.47551880569289
random,1,1,11038,80.86,55190,99.47556438766986
random,1,1,11039,80.86,55195,99.47561166209572
random,1,1,11040,80.86,55200,99.4756589279994
random,1,1,11041,80.86,55205,99.47570618538319
random,1,1,11042,80.86,55210,99.47575173479754
random,1,1,11043,80.86,55215,99.47579727629814
random,1,1,11044,80.86,55220,99.47584280988704
random,1,1,11045,80.86,55225,99.4758900341326
random,1,1,11046,80.86,55230,99.47593724986957
random,1,1,11047,80.86,55235,99.47598615504354
random,1,1,11048,80.86,55240,99.47603505109079
random,1,1,11049,80.86,55245,99.47608393801384
random,1,1,11050,80.87,55250,99.47606633167392
random,1,1,11051,80.87,55255,99.47611350981923
random,1,1,11052,80.87,55260,99.47616067946889
random,1,1,11053,80.88,55265,99.47614307097523
random,1,1,11054,80.89,55270,99.47612546565186
random,1,1,11055,80.89,55275,99.4761726214876
random,1,1,11056,80.89,55280,99.47621976883478
random,1,1,11057,80.89,55285,99.47626690769569
random,1,1,11058,80.89,55290,99.4763140380726
random,1,1,11059,80.89,55295,99.47636115996782
random,1,1,11060,80.89,55300,99.47640996795285
random,1,1,11061,80.9,55305,99.4763943831162
random,1,1,11062,80.93,55310,99.47624936820517
random,1,1,11063,80.97,55315,99.47603967008037
random,1,1,11064,80.97,55320,99.47608882872821
random,1,1,11065,80.97,55325,99.47613763922271
random,1,1,11066,80.97,55330,99.47618677948996
random,1,1,11067,80.97,55335,99.47623557173574
random,1,1,11068,80.97,55340,99.47628435489254
random,1,1,11069,80.97,55345,99.47633346763996
random,1,1,11070,80.97999999999999,55350,99.47631790309876
random,1,1,11071,80.99,55355,99.47630166420844
random,1,1,11072,80.99,55360,99.47634873015052
random,1,1,11073,81.0,55365,99.47633282992324
random,1,1,11074,81.0,55370,99.47638191539495
random,1,1,11075,81.04,55375,99.47617243906885
random,1,1,11076,81.04,55380,99.47622153037159
random,1,1,11077,81.04,55385,99.47627061247385
random,1,1,11078,81.04,55390,99.47631968537824
random,1,1,11079,81.04,55395,99.47636874908733
random,1,1,11080,81.04,55400,99.47641746532815
random,1,1,11081,81.06,55405,99.4763369686978
random,1,1,11082,81.06,55410,99.47638398765956
random,1,1,11083,81.07,55415,99.47636640787485
random,1,1,11084,81.08,55420,99.47635052222861
random,1,1,11085,81.11,55425,99.47620548295521
random,1,1,11086,81.11,55430,99.47625452570718
random,1,1,11087,81.13,55435,99.47617442687815
random,1,1,11088,81.13,55440,99.47622346335532
random,1,1,11089,81.13,55445,99.47627249065256
random,1,1,11090,81.13,55450,99.4763215087724
random,1,1,11091,81.13,55455,99.47637017975612
random,1,1,11092,81.13,55460,99.47641917959216
random,1,1,11093,81.13,55465,99.47646817025851
random,1,1,11094,81.13,55470,99.47651715175776
random,1,1,11095,81.13,55475,99.47656612409249
random,1,1,11096,81.13,55480,99.47661508726523
random,1,1,11097,81.13,55485,99.47666370369606
random,1,1,11098,81.13,55490,99.47671231109592
random,1,1,11099,81.13,55495,99.47676124692445
random,1,1,11100,81.13,55500,99.47680983620724
random,1,1,11101,81.13,55505,99.47685875379798
random,1,1,11102,81.13,55510,99.47690766224213
random,1,1,11103,81.13,55515,99.47695656154222
random,1,1,11104,81.14,55520,99.47694098793303
random,1,1,11105,81.14,55525,99.47698987497776
random,1,1,11106,81.15,55530,99.47697396406684
random,1,1,11107,81.15,55535,99.47702283892497
random,1,1,11108,81.16,55540,99.47700726493358
random,1,1,11109,81.16,55545,99.4770561275478
random,1,1,11110,81.16,55550,99.4771049810325
random,1,1,11111,81.16,55555,99.47715348856386
random,1,1,11112,81.16,55560,99.47720232386015
random,1,1,11113,81.16,55565,99.47725081333358
random,1,1,11114,81.16,55570,99.47729929381306
random,1,1,11115,81.16,55575,99.4773481018772
random,1,1,11116,81.16,55580,99.4773969008271
random,1,1,11117,81.16,55585,99.47744569066536
random,1,1,11118,81.16,55590,99.47749447139451
random,1,1,11119,81.16,55595,99.47754324301707
random,1,1,11120,81.17,55600,99.4775276378675
random,1,1,11121,81.2,55605,99.47738331230852
random,1,1,11122,81.24,55610,99.47717465803014
random,1,1,11123,81.28999999999999,55615,99.4769016930393
random,1,1,11124,81.28999999999999,55620,99.47695049721553
random,1,1,11125,81.35,55625,99.47661326642219
random,1,1,11126,81.39,55630,99.47640476182818
random,1,1,11127,81.43,55635,99.47619629612953
random,1,1,11128,81.43,55640,99.47624514788694
random,1,1,11129,81.43,55645,99.47629399053302
random,1,1,11130,81.43,55650,99.47634282407036
random,1,1,11131,81.43,55655,99.47639164850145
random,1,1,11132,81.43,55660,99.47644046382888
random,1,1,11133,81.43,55665,99.47648927005515
random,1,1,11134,81.43,55670,99.47653806718286
random,1,1,11135,81.43,55675,99.47658685521452
random,1,1,11136,81.43,55680,99.47663563415269
random,1,1,11137,81.43,55685,99.4766844039999
random,1,1,11138,81.43,55690,99.47673316475868
random,1,1,11139,81.44,55695,99.47671766270649
random,1,1,11140,81.44,55700,99.4767664112819
random,1,1,11141,81.44,55705,99.4768151507754
random,1,1,11142,81.44,55710,99.47686388118952
random,1,1,11143,81.44,55715,99.4769126025268
random,1,1,11144,81.44,55720,99.47696131478978
random,1,1,11145,81.44,55725,99.47701001798099
random,1,1,11146,81.44,55730,99.47705871210297
random,1,1,11147,81.44,55735,99.47710739715825
random,1,1,11148,81.44,55740,99.47715607314936
random,1,1,11149,81.44,55745,99.47720474007883
random,1,1,11150,81.44,55750,99.4772533979492
random,1,1,11151,81.44,55755,99.47730204676299
random,1,1,11152,81.44,55760,99.47735068652273
random,1,1,11153,81.44,55765,99.47739931723093
random,1,1,11154,81.44,55770,99.47744793889015
random,1,1,11155,81.44,55775,99.47749655150291
random,1,1,11156,81.44,55780,99.47754515507171
random,1,1,11157,81.44,55785,99.4775937495991
random,1,1,11158,81.44,55790,99.47764233508757
random,1,1,11159,81.44,55795,99.47769091153967
random,1,1,11160,81.44,55800,99.47773947895791
random,1,1,11161,81.44,55805,99.47778803734482
random,1,1,11162,81.44,55810,99.47783658670292
random,1,1,11163,81.44,55815,99.47788512703471
random,1,1,11164,81.44,55820,99.4779336583427
random,1,1,11165,81.44,55825,99.47798218062944
random,1,1,11166,81.44,55830,99.47803069389744
random,1,1,11167,81.44,55835,99.47807919814919
random,1,1,11168,81.44,55840,99.47812735896815
random,1,1,11169,81.44,55845,99.47817551089975
random,1,1,11170,81.44,55850,99.47822398824209
random,1,1,11171,81.44,55855,99.47827245657822
random,1,1,11172,81.44,55860,99.47832091591063
random,1,1,11173,81.44,55865,99.47836936624184
random,1,1,11174,81.45,55870,99.47835342852129
random,1,1,11175,81.45,55875,99.47840186686663
random,1,1,11176,81.45,55880,99.47844996225245
random,1,1,11177,81.45,55885,99.47849804876955
random,1,1,11178,81.45,55890,99.4785461264204
random,1,1,11179,81.45,55895,99.47859419520742
random,1,1,11180,81.46,55900,99.47857791182807
random,1,1,11181,81.47,55905,99.4785599627241
random,1,1,11182,81.51,55910,99.47835035579821
random,1,1,11183,81.53,55915,99.47826877125352
random,1,1,11184,81.55,55920,99.47818887067402
random,1,1,11185,81.55,55925,99.47823527718151
random,1,1,11186,81.55,55930,99.47828167543554
random,1,1,11187,81.55,55935,99.47832806543832
random,1,1,11188,81.56,55940,99.47830881482841
random,1,1,11189,81.56,55945,99.47835319249637
random,1,1,11190,81.56,55950,99.478397562615
random,1,1,11191,81.56,55955,99.47844192518622
random,1,1,11192,81.56,55960,99.47848628021195
random,1,1,11193,81.56,55965,99.47853062769414
random,1,1,11194,81.56,55970,99.47857330085604
random,1,1,11195,81.56,55975,99.47861596703441
random,1,1,11196,81.56,55980,99.47866195868671
random,1,1,11197,81.56,55985,99.47870960814379
random,1,1,11198,81.56,55990,99.478755583278
random,1,1,11199,81.56,55995,99.47880021803994
random,1,1,11200,81.56,56000,99.47884484515826
random,1,1,11201,81.56,56005,99.47888946463496
random,1,1,11202,81.56,56010,99.47893407647199
random,1,1,11203,81.56,56015,99.47897868067129
random,1,1,11204,81.56,56020,99.47902327723487
random,1,1,11205,81.56,56025,99.47906786616464
random,1,1,11206,81.57,56030,99.47904858189705
random,1,1,11207,81.57,56035,99.47909316103026
random,1,1,11208,81.57,56040,99.47913773253464
random,1,1,11209,81.57,56045,99.47918229641213
random,1,1,11210,81.57,56050,99.47922685266468
random,1,1,11211,81.57,56055,99.47927140129426
random,1,1,11212,81.57,56060,99.47931760413329
random,1,1,11213,81.57,56065,99.47936546029914
random,1,1,11214,81.57,56070,99.47941330766884
random,1,1,11215,81.57,56075,99.4794611462448
random,1,1,11216,81.57,56080,99.47950897602946
random,1,1,11217,81.57,56085,99.47955712908477
random,1,1,11218,81.57,56090,99.47960527323116
random,1,1,11219,81.57,56095,99.47965340847111
random,1,1,11220,81.57,56100,99.47970120293184
random,1,1,11221,81.57,56105,99.47974898861341
random,1,1,11222,81.57,56110,99.47979676551824
random,1,1,11223,81.57,56115,99.47984453364877
random,1,1,11224,81.57,56120,99.47989063484331
random,1,1,11225,81.57,56125,99.47993838573692
random,1,1,11226,81.57,56130,99.47998612786336
random,1,1,11227,81.57,56135,99.48003386122507
random,1,1,11228,81.57,56140,99.48008158582446
random,1,1,11229,81.57,56145,99.48012930166395
random,1,1,11230,81.57,56150,99.48017535239676
random,1,1,11231,81.57,56155,99.48022139497185
random,1,1,11232,81.57,56160,99.48026742939136
random,1,1,11233,81.57,56165,99.4803134556575
random,1,1,11234,81.57,56170,99.4803594737724
random,1,1,11235,81.57,56175,99.48040548373824
random,1,1,11236,81.57,56180,99.48045148555717
random,1,1,11237,81.57,56185,99.48049913352834
random,1,1,11238,81.57,56190,99.48054710355817
random,1,1,11239,81.57,56195,99.48059506472981
random,1,1,11240,81.57,56200,99.48064301704575
random,1,1,11241,81.57,56205,99.48069096050844
random,1,1,11242,81.57,56210,99.4807385645671
random,1,1,11243,81.57,56215,99.48078615989903
random,1,1,11244,81.57,56220,99.48083374650659
random,1,1,11245,81.57,56225,99.48087967252843
random,1,1,11246,81.57,56230,99.48092393884359
random,1,1,11247,81.57,56235,99.48096819761005
random,1,1,11248,81.58,56240,99.48094882402269
random,1,1,11249,81.58,56245,99.48099307312157
random,1,1,11250,81.58,56250,99.48103731467664
random,1,1,11251,81.58,56255,99.48108154868979
random,1,1,11252,81.58,56260,99.48112577516298
random,1,1,11253,81.58,56265,99.48117164391255
random,1,1,11254,81.58,56270,99.48121585503041
random,1,1,11255,81.58,56275,99.48126005861418
random,1,1,11256,81.58,56280,99.48130425466574
random,1,1,11257,81.58,56285,99.48134844318706
random,1,1,11258,81.58,56290,99.48139262418002
random,1,1,11259,81.58,56295,99.48143844576461
random,1,1,11260,81.58,56300,99.48148425925278
random,1,1,11261,81.58,56305,99.48153171217193
random,1,1,11262,81.58,56310,99.48157915640638
random,1,1,11263,81.58,56315,99.48162494503623
random,1,1,11264,81.58,56320,99.48166907893649
random,1,1,11265,81.58,56325,99.48171485168392
random,1,1,11266,81.58,56330,99.48175897027706
random,1,1,11267,81.58,56335,99.48180308135971
random,1,1,11268,81.58,56340,99.48184883044428
random,1,1,11269,81.58,56345,99.48189457145162
random,1,1,11270,81.58,56350,99.48194194930295
random,1,1,11271,81.58,56355,99.48198931849022
random,1,1,11272,81.58,56360,99.482037007878
random,1,1,11273,81.58,56365,99.48208468848581
random,1,1,11274,81.58,56370,99.48213236031603
random,1,1,11275,81.58,56375,99.48217969469042
random,1,1,11276,81.58,56380,99.48222702041262
random,1,1,11277,81.58,56385,99.48227433748504
random,1,1,11278,81.58,56390,99.48232164591003
random,1,1,11279,81.58,56395,99.48236894568998
random,1,1,11280,81.58,56400,99.48241459491868
random,1,1,11281,81.58,56405,99.48246023609659
random,1,1,11282,81.58,56410,99.48250751055538
random,1,1,11283,81.58,56415,99.48255477637842
random,1,1,11284,81.58,56420,99.48260236171282
random,1,1,11285,81.58,56425,99.48264993829595
random,1,1,11286,81.58,56430,99.48269750613021
random,1,1,11287,81.58,56435,99.482745065218
random,1,1,11288,81.58,56440,99.48279228765827
random,1,1,11289,81.58,56445,99.48283950147706
random,1,1,11290,81.58,56450,99.48288670667671
random,1,1,11291,81.58,56455,99.48293390325958
random,1,1,11292,81.58,56460,99.48297945290125
random,1,1,11293,81.58,56465,99.48302663255664
random,1,1,11294,81.58,56470,99.48307216586299
random,1,1,11295,81.58,56475,99.4831176911492
random,1,1,11296,81.58,56480,99.48316320841738
random,1,1,11297,81.58,56485,99.48320708078516
random,1,1,11298,81.58,56490,99.48325094570525
random,1,1,11299,81.58,56495,99.48329480317953
random,1,1,11300,81.58,56500,99.48333865320991
random,1,1,11301,81.58,56505,99.48338413157177
random,1,1,11302,81.58,56510,99.48342960192798
random,1,1,11303,81.58,56515,99.4834750642807
random,1,1,11304,81.58999999999999,56520,99.48345720906087
random,1,1,11305,81.58999999999999,56525,99.48350266098366
random,1,1,11306,81.58999999999999,56530,99.48354810490828
random,1,1,11307,81.58999999999999,56535,99.48359354083686
random,1,1,11308,81.58999999999999,56540,99.48363896877152
random,1,1,11309,81.58999999999999,56545,99.48368438871434
random,1,1,11310,81.58999999999999,56550,99.48372980066745
random,1,1,11311,81.58999999999999,56555,99.48377357153522
random,1,1,11312,81.58999999999999,56560,99.48381733498161
random,1,1,11313,81.58999999999999,56565,99.48386109100846
random,1,1,11314,81.58999999999999,56570,99.4839048396177
random,1,1,11315,81.58999999999999,56575,99.48394858081116
random,1,1,11316,81.58999999999999,56580,99.48399231459076
random,1,1,11317,81.58999999999999,56585,99.48403604095839
random,1,1,11318,81.58999999999999,56590,99.48407975991593
random,1,1,11319,81.58999999999999,56595,99.48412347146525
random,1,1,11320,81.58999999999999,56600,99.48416717560823
random,1,1,11321,81.6,56605,99.48414765514765
random,1,1,11322,81.6,56610,99.48419134983837
random,1,1,11323,81.6,56615,99.48423503712749
random,1,1,11324,81.6,56620,99.48428034672034
random,1,1,11325,81.6,56625,99.48432564835306
random,1,1,11326,81.61,56630,99.48430938151247
random,1,1,11327,81.61,56635,99.48435630151856
random,1,1,11328,81.61,56640,99.4844032129874
random,1,1,11329,81.61,56645,99.48445011592135
random,1,1,11330,81.63,56650,99.48437067703273
random,1,1,11331,81.63,56655,99.48441594615642
random,1,1,11332,81.67,56660,99.48420858511348
random,1,1,11333,81.71000000000001,56665,99.48400126047422
random,1,1,11334,81.76,56670,99.48373082776084
random,1,1,11335,81.76,56675,99.48377613714786
random,1,1,11336,81.76,56680,99.48381980917243
random,1,1,11337,81.77,56685,99.483800345564
random,1,1,11338,81.8,56690,99.48365463943881
random,1,1,11339,81.83,56695,99.48350895796054
random,1,1,11340,81.83,56700,99.48355263780712
random,1,1,11341,81.83,56705,99.4835963102663
random,1,1,11342,81.83,56710,99.4836416044908
random,1,1,11343,81.83,56715,99.48368851962526
random,1,1,11344,81.83,56720,99.4837354262353
random,1,1,11345,81.83,56725,99.4837806960602
random,1,1,11346,81.83,56730,99.4838259579466
random,1,1,11347,81.83,56735,99.48387121189664
random,1,1,11348,81.83,56740,99.48391645791236
random,1,1,11349,81.83,56745,99.48396169599586
random,1,1,11350,81.84,56750,99.4839438694373
random,1,1,11351,81.85,56755,99.4839260460034
random,1,1,11352,81.85,56760,99.48397289801703
random,1,1,11353,81.85,56765,99.48401811515632
random,1,1,11354,81.85,56770,99.48406332437195
random,1,1,11355,81.85,56775,99.48410852566599
random,1,1,11356,81.85,56780,99.48415209351688
random,1,1,11357,81.85,56785,99.48419565400967
random,1,1,11358,81.85,56790,99.48424083212086
random,1,1,11359,81.85,56795,99.48428600231867
random,1,1,11360,81.85,56800,99.48433116460514
random,1,1,11361,81.85,56805,99.48437631898238
random,1,1,11362,81.85,56810,99.48441984161579
random,1,1,11363,81.85,56815,99.48446335690252
random,1,1,11364,81.85,56820,99.48450686484443
random,1,1,11365,81.85,56825,99.4845503654434
random,1,1,11366,81.85,56830,99.48459385870126
random,1,1,11367,81.88,56835,99.48444845177124
random,1,1,11368,81.89,56840,99.48442898731754
random,1,1,11369,81.89,56845,99.48447410251971
random,1,1,11370,81.89,56850,99.48451920982693
random,1,1,11371,81.89999999999999,56855,99.48450298912735
random,1,1,11372,81.89999999999999,56860,99.4845480858734
random,1,1,11373,81.89999999999999,56865,99.48459317472984
random,1,1,11374,81.89999999999999,56870,99.48463825569871
random,1,1,11375,81.89999999999999,56875,99.48468494996914
random,1,1,11376,81.89999999999999,56880,99.48473001488559
random,1,1,11377,81.89999999999999,56885,99.48477507192075
random,1,1,11378,81.89999999999999,56890,99.48482012107671
random,1,1,11379,81.89999999999999,56895,99.48486516235553
random,1,1,11380,81.89999999999999,56900,99.48491019575928
random,1,1,11381,81.89999999999999,56905,99.48495522129002
random,1,1,11382,81.89999999999999,56910,99.484998619746
random,1,1,11383,81.89999999999999,56915,99.48504201088893
random,1,1,11384,81.89999999999999,56920,99.48508539472071
random,1,1,11385,81.89999999999999,56925,99.48512877124315
random,1,1,11386,81.89999999999999,56930,99.4851721404581
random,1,1,11387,81.89999999999999,56935,99.48521550236744
random,1,1,11388,81.89999999999999,56940,99.48525885697298
random,1,1,11389,81.89999999999999,56945,99.48530220427658
random,1,1,11390,81.89999999999999,56950,99.48534554428008
random,1,1,11391,81.89999999999999,56955,99.48538887698533
random,1,1,11392,81.89999999999999,56960,99.48543220239415
random,1,1,11393,81.89999999999999,56965,99.48547552050842
random,1,1,11394,81.89999999999999,56970,99.48552044726428
random,1,1,11395,81.89999999999999,56975,99.48556375052291
random,1,1,11396,81.89999999999999,56980,99.48560672341532
random,1,1,11397,81.89999999999999,56985,99.48565130424134
random,1,1,11398,81.89999999999999,56990,99.48569587734066
random,1,1,11399,81.89999999999999,56995,99.48574076562463
random,1,1,11400,81.89999999999999,57000,99.48578564607361
random,1,1,11401,81.89999999999999,57005,99.48583051868965
random,1,1,11402,81.89999999999999,57010,99.48587376976937
random,1,1,11403,81.89999999999999,57015,99.4859170135733
random,1,1,11404,81.89999999999999,57020,99.48596025010325
random,1,1,11405,81.89999999999999,57025,99.48600347936106
random,1,1,11406,81.89999999999999,57030,99.48604670134857
random,1,1,11407,81.89999999999999,57035,99.48608991606763
random,1,1,11408,81.89999999999999,57040,99.48613473559782
random,1,1,11409,81.89999999999999,57045,99.48617954731101
random,1,1,11410,81.89999999999999,57050,99.48622596271468
random,1,1,11411,81.89999999999999,57055,99.48627236973336
random,1,1,11412,81.89999999999999,57060,99.48631876836927
random,1,1,11413,81.89999999999999,57065,99.48636515862474
random,1,1,11414,81.89999999999999,57070,99.48641186256908
random,1,1,11415,81.89999999999999,57075,99.48645823601225
random,1,1,11416,81.89999999999999,57080,99.48650299132385
random,1,1,11417,81.89999999999999,57085,99.48654773883523
random,1,1,11418,81.89999999999999,57090,99.48659086934146
random,1,1,11419,81.89999999999999,57095,99.48663560153896
random,1,1,11420,81.89999999999999,57100,99.48667871728595
random,1,1,11421,81.89999999999999,57105,99.48672343417745
random,1,1,11422,81.89999999999999,57110,99.48676975137472
random,1,1,11423,81.92,57115,99.48669074057017
random,1,1,11424,81.92,57120,99.48673544445127
random,1,1,11425,81.92,57125,99.48678014054656
random,1,1,11426,81.92,57130,99.4868232214998
random,1,1,11427,81.92,57135,99.486866295221
random,1,1,11428,81.92,57140,99.48691096853071
random,1,1,11429,81.92,57145,99.4869556340626
random,1,1,11430,81.92,57150,99.48699868555939
random,1,1,11431,81.92,57155,99.48704172983153
random,1,1,11432,81.92,57160,99.48708476688091
random,1,1,11433,81.92,57165,99.48712779670927
random,1,1,11434,81.92,57170,99.48717242450003
random,1,1,11435,81.92,57175,99.48721704452485
random,1,1,11436,81.92,57180,99.48726165678578
random,1,1,11437,81.92,57185,99.4873062612848
random,1,1,11438,81.92,57190,99.48735085802397
random,1,1,11439,81.92,57195,99.48739705078098
random,1,1,11440,81.93,57200,99.48738066724981
random,1,1,11441,81.93,57205,99.48742684899831
random,1,1,11442,81.93,57210,99.48747302242657
random,1,1,11443,81.93,57215,99.4875195080988
random,1,1,11444,81.93,57220,99.48756598533936
random,1,1,11445,81.93,57225,99.4876121337049
random,1,1,11446,81.93,57230,99.48765859414719
random,1,1,11447,81.94,57235,99.48764251779245
random,1,1,11448,81.94,57240,99.48768864674526
random,1,1,11449,81.95,57245,99.48767064881089
random,1,1,11450,81.95,57250,99.48771516588153
random,1,1,11451,81.95,57255,99.48775967521651
random,1,1,11452,81.95,57260,99.48780577745083
random,1,1,11453,81.95,57265,99.48785187138739
random,1,1,11454,81.95,57270,99.48789795702842
random,1,1,11455,81.95,57275,99.48794403437617
random,1,1,11456,81.95,57280,99.48799010343286
random,1,1,11457,81.95,57285,99.48803456500744
random,1,1,11458,81.95,57290,99.48807901886082
random,1,1,11459,81.95,57295,99.48812346499501
random,1,1,11460,81.95,57300,99.48816630504163
random,1,1,11461,81.95,57305,99.48820913791812
random,1,1,11462,81.95,57310,99.48825196362624
random,1,1,11463,81.95,57315,99.48829478216781
random,1,1,11464,81.95,57320,99.48833919084542
random,1,1,11465,81.95,57325,99.48838518882926
random,1,1,11466,81.95,57330,99.48843085919894
random,1,1,11467,81.95,57335,99.48847492497215
random,1,1,11468,81.95,57340,99.48851898315452
random,1,1,11469,81.95,57345,99.48856303374798
random,1,1,11470,81.95,57350,99.48860707675449
random,1,1,11471,81.95,57355,99.48864951682215
random,1,1,11472,81.95,57360,99.48869194984627
random,1,1,11473,81.95,57365,99.4887362896167
random,1,1,11474,81.98,57370,99.48859347610463
random,1,1,11475,82.01,57375,99.48845068735736
random,1,1,11476,82.06,57380,99.48818318127272
random,1,1,11477,82.1,57385,99.48797808720838
random,1,1,11478,82.13000000000001,57390,99.48783698586485
random,1,1,11479,82.14,57395,99.48782093810952
random,1,1,11480,82.14,57400,99.48786724202108
random,1,1,11481,82.16,57405,99.48778885130291
random,1,1,11482,82.16,57410,99.48783483047308
random,1,1,11483,82.21000000000001,57415,99.4875688222934
random,1,1,11484,82.24000000000001,57420,99.48742623649694
random,1,1,11485,82.24000000000001,57425,99.4874706389354
random,1,1,11486,82.24000000000001,57430,99.48751503368169
random,1,1,11487,82.24000000000001,57435,99.48755942073777
random,1,1,11488,82.24000000000001,57440,99.48760380010567
random,1,1,11489,82.28,57445,99.48739897342736
random,1,1,11490,82.33,57450,99.48713188802493
random,1,1,11491,82.37,57455,99.48692713767382
random,1,1,11492,82.42,57460,99.48666173798821
random,1,1,11493,82.48,57465,99.48633410827465
random,1,1,11494,82.54,57470,99.48600685739338
random,1,1,11495,82.58,57475,99.48580387820189
random,1,1,11496,82.58,57480,99.48584997876905
random,1,1,11497,82.63000000000001,57485,99.48558479477553
random,1,1,11498,82.64,57490,99.48556705587362
random,1,1,11499,82.67999999999999,57495,99.48536258658208
random,1,1,11500,82.69,57500,99.48534647155184
random,1,1,11501,82.69999999999999,57505,99.48533035940993
random,1,1,11502,82.71,57510,99.48531425015557
random,1,1,11503,82.72,57515,99.48529814378799
random,1,1,11504,82.72,57520,99.48534265589818
random,1,1,11505,82.72,57525,99.48538716031011
random,1,1,11506,82.72,57530,99.48543165702577
random,1,1,11507,82.72,57535,99.48547614604715
random,1,1,11508,82.72,57540,99.48552222728075
random,1,1,11509,82.72,57545,99.48556830026095
random,1,1,11510,82.72,57550,99.48561276565843
random,1,1,11511,82.72,57555,99.48565562430475
random,1,1,11512,82.72,57560,99.48569847580974
random,1,1,11513,82.72,57565,99.48574132017514
random,1,1,11514,82.74000000000001,57570,99.48565983055494
random,1,1,11515,82.74000000000001,57575,99.48570426938804
random,1,1,11516,82.74000000000001,57580,99.48574870054277
random,1,1,11517,82.74000000000001,57585,99.48579312402119
random,1,1,11518,82.74000000000001,57590,99.48583913737305
random,1,1,11519,82.74000000000001,57595,99.48588482303911
random,1,1,11520,82.74000000000001,57600,99.48593081998197
random,1,1,11521,82.74000000000001,57605,99.48597680869503
random,1,1,11522,82.74000000000001,57610,99.48602278918052
random,1,1,11523,82.75,57615,99.48600664744032
random,1,1,11524,82.75,57620,99.48605229782757
random,1,1,11525,82.75,57625,99.48609666350976
random,1,1,11526,82.75,57630,99.48614102153302
random,1,1,11527,82.75,57635,99.48618345765313
random,1,1,11528,82.75,57640,99.4862258867648
random,1,1,11529,82.75,57645,99.48626862780642
random,1,1,11530,82.75,57650,99.48631104285376
random,1,1,11531,82.75,57655,99.48635345089787
random,1,1,11532,82.77,57660,99.48627331228028
random,1,1,11533,82.80999999999999,57665,99.48607097818424
random,1,1,11534,82.80999999999999,57670,99.48611658408085
random,1,1,11535,82.83,57675,99.48603840037131
random,1,1,11536,82.87,57680,99.48583614136993
random,1,1,11537,82.92,57685,99.48557028368081
random,1,1,11538,82.99,57690,99.48517880715823
random,1,1,11539,82.99,57695,99.48522159848649
random,1,1,11540,83.00999999999999,57700,99.48514193175045
random,1,1,11541,83.00999999999999,57705,99.48518791168377
random,1,1,11542,83.00999999999999,57710,99.48523228730252
random,1,1,11543,83.02000000000001,57715,99.48521464788173
random,1,1,11544,83.02000000000001,57720,99.48525901354745
random,1,1,11545,83.02000000000001,57725,99.48530177608706
random,1,1,11546,83.05,57730,99.48515855628665
random,1,1,11547,83.05,57735,99.48520132006655
random,1,1,11548,83.1,57740,99.48493576572572
random,1,1,11549,83.16,57745,99.48460828122192
random,1,1,11550,83.23,57750,99.48421888255893
random,1,1,11551,83.23,57755,99.48426170976259
random,1,1,11552,83.25,57760,99.48418060928029
random,1,1,11553,83.25,57765,99.48422503029597
random,1,1,11554,83.26,57770,99.4842074940451
random,1,1,11555,83.26,57775,99.48425030770917
random,1,1,11556,83.26,57780,99.4842931142663
random,1,1,11557,83.26,57785,99.48433591371824
random,1,1,11558,83.28,57790,99.48425644493656
random,1,1,11559,83.28,57795,99.48429924019592
random,1,1,11560,83.28,57800,99.48434202835375
random,1,1,11561,83.28,57805,99.4843864055826
random,1,1,11562,83.3,57810,99.48430695931782
random,1,1,11563,83.34,57815,99.48410372152247
random,1,1,11564,83.34,57820,99.4841481078003
random,1,1,11565,83.36,57825,99.48406870254047
random,1,1,11566,83.36,57830,99.48411308419428
random,1,1,11567,83.36,57835,99.48415586215773
random,1,1,11568,83.36,57840,99.48419863302738
random,1,1,11569,83.36,57845,99.48424139680498
random,1,1,11570,83.36,57850,99.48428415349227
random,1,1,11571,83.36,57855,99.48432690309107
random,1,1,11572,83.36,57860,99.4843696456031
random,1,1,11573,83.36,57865,99.48441238103014
random,1,1,11574,83.37,57870,99.48439326377765
random,1,1,11575,83.39,57875,99.48431230922215
random,1,1,11576,83.41,57880,99.48423296271402
random,1,1,11577,83.45,57885,99.48402837503872
random,1,1,11578,83.45,57890,99.48407112090418
random,1,1,11579,83.49,57895,99.48386817588913
random,1,1,11580,83.49,57900,99.48391252289447
random,1,1,11581,83.50999999999999,57905,99.48383324432841
random,1,1,11582,83.50999999999999,57910,99.48387758671518
random,1,1,11583,83.50999999999999,57915,99.48392192148395
random,1,1,11584,83.50999999999999,57920,99.4839678429967
random,1,1,11585,83.50999999999999,57925,99.48401375633784
random,1,1,11586,83.50999999999999,57930,99.48405806771684
random,1,1,11587,83.50999999999999,57935,99.484100777957
random,1,1,11588,83.53,57940,99.48401993747456
random,1,1,11589,83.58,57945,99.48375381023412
random,1,1,11590,83.58,57950,99.48379653505064
random,1,1,11591,83.58,57955,99.48383925279587
random,1,1,11592,83.58,57960,99.48388355701672
random,1,1,11593,83.59,57965,99.48386451428063
random,1,1,11594,83.59,57970,99.48390721566739
random,1,1,11595,83.59,57975,99.48394990998911
random,1,1,11596,83.61,57980,99.48386913573235
random,1,1,11597,83.63000000000001,57985,99.48378837483766
random,1,1,11598,83.63000000000001,57990,99.483831068395
random,1,1,11599,83.64,57995,99.48381203944851
random,1,1,11600,83.67,58000,99.48366959297094
random,1,1,11601,83.72,58005,99.48340375957665
random,1,1,11602,83.72,58010,99.48344647081399
random,1,1,11603,83.72,58015,99.48348917498933
random,1,1,11604,83.72,58020,99.48353187210442
random,1,1,11605,83.72,58025,99.48357456216104
random,1,1,11606,83.72,58030,99.48361724516091
random,1,1,11607,83.72,58035,99.48365992110581
random,1,1,11608,83.72,58040,99.48370258999745
random,1,1,11609,83.73,58045,99.48368358739086
random,1,1,11610,83.76,58050,99.48354126922077
random,1,1,11611,83.78,58055,99.4834606288241
random,1,1,11612,83.78999999999999,58060,99.48344324317992
random,1,1,11613,83.82,58065,99.483302573131
random,1,1,11614,83.87,58070,99.48303865036536
random,1,1,11615,83.87,58075,99.48308293847042
random,1,1,11616,83.91,58080,99.48288070758633
random,1,1,11617,83.91999999999999,58085,99.4828633790614
random,1,1,11618,83.93,58090,99.48284605350476
random,1,1,11619,83.96000000000001,58095,99.4827039132993
random,1,1,11620,84.0,58100,99.4825001894419
random,1,1,11621,84.04,58105,99.48229649921797
random,1,1,11622,84.09,58110,99.48203124566896
random,1,1,11623,84.11999999999999,58115,99.48188921963721
random,1,1,11624,84.16,58120,99.48168563026375
random,1,1,11625,84.16,58125,99.48172840129592
random,1,1,11626,84.16,58130,99.4817711652698
random,1,1,11627,84.16,58135,99.48181392218713
random,1,1,11628,84.17,58140,99.4817967007867
random,1,1,11629,84.17999999999999,58145,99.48177948233354
random,1,1,11630,84.17999999999999,58150,99.48182382256189
random,1,1,11631,84.21,58155,99.48168350379736
random,1,1,11632,84.25,58160,99.48148006821691
random,1,1,11633,84.26,58165,99.48146128714035
random,1,1,11634,84.27,58170,99.48144250916106
random,1,1,11635,84.28,58175,99.48142373427828
random,1,1,11636,84.3,58180,99.48134503290967
random,1,1,11637,84.31,58185,99.48132786464694
random,1,1,11638,84.31,58190,99.4813706185475
random,1,1,11639,84.31,58195,99.48141336540029
random,1,1,11640,84.31,58200,99.48145610520702
random,1,1,11641,84.32,58205,99.4814373386026
random,1,1,11642,84.35000000000001,58210,99.48129558649266
random,1,1,11643,84.35000000000001,58215,99.48133832543914
random,1,1,11644,84.35000000000001,58220,99.48138105734321
random,1,1,11645,84.37,58225,99.48130082400439
random,1,1,11646,84.37,58230,99.48134355195755
random,1,1,11647,84.37,58235,99.48138627287184
random,1,1,11648,84.39,58240,99.48130605892791
random,1,1,11649,84.41,58245,99.48122745235418
random,1,1,11650,84.43,58250,99.48115045346331
random,1,1,11651,84.47,58255,99.48095089157607
random,1,1,11652,84.50999999999999,58260,99.48075136524727
random,1,1,11653,84.50999999999999,58265,99.48079762165868
random,1,1,11654,84.55,58270,99.48059814452826
random,1,1,11655,84.57000000000001,58275,99.48052155463922
random,1,1,11656,84.57000000000001,58280,99.48056781915874
random,1,1,11657,84.58,58285,99.48055266052476
random,1,1,11658,84.58,58290,99.48059891403538
random,1,1,11659,84.58,58295,99.48064515930955
random,1,1,11660,84.58,58300,99.48069139634948
random,1,1,11661,84.61999999999999,58305,99.48049205297728
random,1,1,11662,84.61999999999999,58310,99.48053829541422
random,1,1,11663,84.61999999999999,58315,99.48058452961963
random,1,1,11664,84.64,58320,99.48050800228813
random,1,1,11665,84.65,58325,99.48049285976866
random,1,1,11666,84.66,58330,99.48047771994398
random,1,1,11667,84.66,58335,99.48052394308466
random,1,1,11668,84.66,58340,99.48057015800092
random,1,1,11669,84.66,58345,99.48061636469492
random,1,1,11670,84.66,58350,99.48066256316888
random,1,1,11671,84.67,58355,99.4806474149834
random,1,1,11672,84.68,58360,99.48063226949225
random,1,1,11673,84.7,58365,99.48055579916215
random,1,1,11674,84.7,58370,99.48060198659009
random,1,1,11675,84.7,58375,99.48064816580506
random,1,1,11676,84.71,58380,99.48063302563298
random,1,1,11677,84.71,58385,99.48067919387874
random,1,1,11678,84.74000000000001,58390,99.48054145308627
random,1,1,11679,84.78,58395,99.4803424419492
random,1,1,11680,84.8,58400,99.48026604494719
random,1,1,11681,84.82,58405,99.48018934296226
random,1,1,11682,84.82,58410,99.4802352116439
random,1,1,11683,84.82,58415,99.48028139067927
random,1,1,11684,84.82,58420,99.48032756150968
random,1,1,11685,84.82,58425,99.48037372413738
random,1,1,11686,84.82,58430,99.48041987856453
random,1,1,11687,84.82,58435,99.48046602479333
random,1,1,11688,84.88,58440,99.48014468734574
random,1,1,11689,84.93,58445,99.47988464744165
random,1,1,11690,84.99,58450,99.47956341867864
random,1,1,11691,85.00999999999999,58455,99.47948716535727
random,1,1,11692,85.05,58460,99.47928847724481
random,1,1,11693,85.09,58465,99.47908982440632
random,1,1,11694,85.11,58470,99.4790136334254
random,1,1,11695,85.15,58475,99.4788150402411
random,1,1,11696,85.18,58480,99.47867768473648
random,1,1,11697,85.22,58485,99.47847915660742
random,1,1,11698,85.22,58490,99.47852542999317
random,1,1,11699,85.22,58495,99.4785716951682
random,1,1,11700,85.22,58500,99.47861795213466
random,1,1,11701,85.25,58505,99.47848067503259
random,1,1,11702,85.3,58510,99.47822108255974
random,1,1,11703,85.37,58515,99.47783920725998
random,1,1,11704,85.37,58520,99.47788551277552
random,1,1,11705,85.44,58525,99.47750373495545
random,1,1,11706,85.50999999999999,58530,99.47712202483594
random,1,1,11707,85.58,58535,99.47674038239896
random,1,1,11708,85.61999999999999,58540,99.47654221960282
random,1,1,11709,85.61999999999999,58545,99.4765886195621
random,1,1,11710,85.61999999999999,58550,99.47663501129618
random,1,1,11711,85.68,58555,99.4763143483023
random,1,1,11712,85.72,58560,99.47611437232426
random,1,1,11713,85.78,58565,99.47579381060255
random,1,1,11714,85.78,58570,99.4758399362551
random,1,1,11715,85.78,58575,99.47588605379103
random,1,1,11716,85.78,58580,99.47593216321249
random,1,1,11717,85.78,58585,99.47597858464124
random,1,1,11718,85.78,58590,99.4760249978468
random,1,1,11719,85.78,58595,99.47607140283135
random,1,1,11720,85.78,58600,99.47611779959703
random,1,1,11721,85.78,58605,99.47616418814609
random,1,1,11722,85.8,58610,99.47608844457498
random,1,1,11723,85.83,58615,99.47595165786842
random,1,1,11724,85.85000000000001,58620,99.47587594652164
random,1,1,11725,85.85000000000001,58625,99.47592234005405
random,1,1,11726,85.85000000000001,58630,99.47596872537405
random,1,1,11727,85.86,58635,99.47595406755102
random,1,1,11728,85.92999999999999,58640,99.47557323513276
random,1,1,11729,85.97,58645,99.47537554250452
random,1,1,11730,86.02,58650,99.47511686612674
random,1,1,11731,86.06,58655,99.47491924885264
random,1,1,11732,86.08,58660,99.47484368241464
random,1,1,11733,86.1,58665,99.47476812934491
random,1,1,11734,86.1,58670,99.47481458392933
random,1,1,11735,86.14,58675,99.47461706329602
random,1,1,11736,86.18,58680,99.47441925706374
random,1,1,11737,86.24000000000001,58685,99.47409952349416
random,1,1,11738,86.28,58690,99.473902118233
random,1,1,11739,86.33999999999999,58695,99.47358280736326
random,1,1,11740,86.35000000000001,58700,99.47356837727985
random,1,1,11741,86.39,58705,99.47337107131405
random,1,1,11742,86.41,58710,99.47329570840539
random,1,1,11743,86.41,58715,99.47334225622348
random,1,1,11744,86.44,58720,99.47320596586322
random,1,1,11745,86.44,58725,99.473252513385
random,1,1,11746,86.45,58730,99.47323812013339
random,1,1,11747,86.45,58735,99.4732843356772
random,1,1,11748,86.45,58740,99.47333054311227
random,1,1,11749,86.45,58745,99.47337674244072
random,1,1,11750,86.45,58750,99.4734229336647
random,1,1,11751,86.45,58755,99.47346911678632
random,1,1,11752,86.45,58760,99.47351561243927
random,1,1,11753,86.45,58765,99.47356209988132
random,1,1,11754,86.45,58770,99.4736085791146
random,1,1,11755,86.45,58775,99.47365505014129
random,1,1,11756,86.45,58780,99.47370151296356
random,1,1,11757,86.45,58785,99.4737479675836
random,1,1,11758,86.45,58790,99.47379441400358
random,1,1,11759,86.45,58795,99.47384085222566
random,1,1,11760,86.45,58800,99.47388728225202
random,1,1,11761,86.45,58805,99.47393370408481
random,1,1,11762,86.45,58810,99.47398011772623
random,1,1,11763,86.45,58815,99.47402652317842
random,1,1,11764,86.45,58820,99.47407292044358
random,1,1,11765,86.45,58825,99.47411930952383
random,1,1,11766,86.48,58830,99.47398321466326
random,1,1,11767,86.50999999999999,58835,99.47384714380681
random,1,1,11768,86.55000000000001,58840,99.47365028242265
random,1,1,11769,86.56,58845,99.47363588324397
random,1,1,11770,86.57000000000001,58850,99.47362148660432
random,1,1,11771,86.6,58855,99.47348549561977
random,1,1,11772,86.64,58860,99.47328873552821
random,1,1,11773,86.69,58865,99.47303122239857
random,1,1,11774,86.7,58870,99.47301688412571
random,1,1,11775,86.71,58875,99.47300254838002
random,1,1,11776,86.72999999999999,58880,99.47292744350668
random,1,1,11777,86.77,58885,99.47273081926949
random,1,1,11778,86.83,58890,99.47241270778724
random,1,1,11779,86.89,58895,99.47209465235346
random,1,1,11780,86.97,58900,99.47165515247094
random,1,1,11781,87.07000000000001,58905,99.47109424023026
random,1,1,11782,87.07000000000001,58910,99.47114082219471
random,1,1,11783,87.09,58915,99.47106592757204
random,1,1,11784,87.12,58920,99.47093031729605
random,1,1,11785,87.12,58925,99.47097690138929
random,1,1,11786,87.12,58930,99.47102347727987
random,1,1,11787,87.13,58935,99.47100933216521
random,1,1,11788,87.14,58940,99.47099518954083
random,1,1,11789,87.14,58945,99.47104175152317
random,1,1,11790,87.14,58950,99.47108830530964
random,1,1,11791,87.14,58955,99.47113485090239
random,1,1,11792,87.14,58960,99.4711813883036
random,1,1,11793,87.15,58965,99.47116723676234
random,1,1,11794,87.15,58970,99.4712137631256
random,1,1,11795,87.15,58975,99.47126028130288
random,1,1,11796,87.17,58980,99.4711854618164
random,1,1,11797,87.17,58985,99.47123197429983
random,1,1,11798,87.17,58990,99.47127847860186
random,1,1,11799,87.21,58995,99.4710823797836
random,1,1,11800,87.25,59000,99.47088631545242
random,1,1,11801,87.29,59005,99.47068996463587
random,1,1,11802,87.3,59010,99.4706739418178
random,1,1,11803,87.32,59015,99.47059729381365
random,1,1,11804,87.32,59020,99.4706419042827
random,1,1,11805,87.32,59025,99.4706865072341
random,1,1,11806,87.33,59030,99.47066888590136
random,1,1,11807,87.33,59035,99.47071187525455
random,1,1,11808,87.33,59040,99.47075646131032
random,1,1,11809,87.33,59045,99.47079943644049
random,1,1,11810,87.35000000000001,59050,99.47072121883784
random,1,1,11811,87.38,59055,99.47058242597818
random,1,1,11812,87.38,59060,99.47062540477043
random,1,1,11813,87.38,59065,99.47066837658511
random,1,1,11814,87.38,59070,99.4707113414239
random,1,1,11815,87.38,59075,99.4707542992885
random,1,1,11816,87.38,59080,99.47079725018064
random,1,1,11817,87.38,59085,99.47084019410197
random,1,1,11818,87.42,59090,99.47064091687754
random,1,1,11819,87.46000000000001,59095,99.47044327518664
random,1,1,11820,87.47,59100,99.47042729681802
random,1,1,11821,87.48,59105,99.47041292415246
random,1,1,11822,87.51,59110,99.47027748839737
random,1,1,11823,87.51,59115,99.4703220558114
random,1,1,11824,87.51,59120,99.4703666157268
random,1,1,11825,87.51,59125,99.47041277061084
random,1,1,11826,87.55,59130,99.47021686919047
random,1,1,11827,87.55,59135,99.47026302907896
random,1,1,11828,87.57000000000001,59140,99.47018849842576
random,1,1,11829,87.6,59145,99.47005348467057
random,1,1,11830,87.64,59150,99.46985800372866
random,1,1,11831,87.64,59155,99.4699044993398
random,1,1,11832,87.64,59160,99.46995098679595
random,1,1,11833,87.64,59165,99.46999746609924
random,1,1,11834,87.64,59170,99.47004393725184
random,1,1,11835,87.64999999999999,59175,99.47002993590174
random,1,1,11836,87.66000000000001,59180,99.47001593700651
random,1,1,11837,87.66000000000001,59185,99.47006239431929
random,1,1,11838,87.66000000000001,59190,99.47010884348806
random,1,1,11839,87.66000000000001,59195,99.470155284515
random,1,1,11840,87.66000000000001,59200,99.47020171740223
random,1,1,11841,87.67,59205,99.47018770958769
random,1,1,11842,87.67,59210,99.470234131497
random,1,1,11843,87.68,59215,99.47022012329708
random,1,1,11844,87.69,59220,99.47020611755153
random,1,1,11845,87.72999999999999,59225,99.47001088009124
random,1,1,11846,87.74,59230,99.46999689512656
random,1,1,11847,87.74,59235,99.47004331341918
random,1,1,11848,87.74,59240,99.4700897235818
random,1,1,11849,87.74,59245,99.4701361256165
random,1,1,11850,87.74,59250,99.47018251952548
random,1,1,11851,87.74,59255,99.4702289053108
random,1,1,11852,87.75,59260,99.47021490860529
random,1,1,11853,87.76,59265,99.47020091435014
random,1,1,11854,87.76,59270,99.47024728634534
random,1,1,11855,87.76,59275,99.4702936502236
random,1,1,11856,87.77000000000001,59280,99.47027965275163
random,1,1,11857,87.8,59285,99.47014496182088
random,1,1,11858,87.82,59290,99.47007063713416
random,1,1,11859,87.87,59295,99.46981531326874
random,1,1,11860,87.87,59300,99.46986169465674
random,1,1,11861,87.87,59305,99.46990806793043
random,1,1,11862,87.87,59310,99.46995443309193
random,1,1,11863,87.87,59315,99.47000079014336
random,1,1,11864,87.87,59320,99.47004713908684
random,1,1,11865,87.88,59325,99.47003317418648
random,1,1,11866,87.91,59330,99.46989861079788
random,1,1,11867,87.91,59335,99.46994495651812
random,1,1,11868,87.92,59340,99.46993100421307
random,1,1,11869,87.94999999999999,59345,99.46979648504308
random,1,1,11870,88.0,59350,99.46954143062266
random,1,1,11871,88.0,59355,99.46958779135754
random,1,1,11872,88.0,59360,99.46963414398951
random,1,1,11873,88.03,59365,99.46949969777815
random,1,1,11874,88.03,59370,99.46954605000717
random,1,1,11875,88.07000000000001,59375,99.46935138193385
random,1,1,11876,88.07000000000001,59380,99.46939773902105
random,1,1,11877,88.07000000000001,59385,99.46944408800951
random,1,1,11878,88.07000000000001,59390,99.46949042890135
random,1,1,11879,88.07000000000001,59395,99.4695367616987
random,1,1,11880,88.07000000000001,59400,99.46958308640369
random,1,1,11881,88.07000000000001,59405,99.46962940301842
random,1,1,11882,88.08,59410,99.4696154953206
random,1,1,11883,88.08,59415,99.4696618010184
random,1,1,11884,88.08,59420,99.4697080986314
random,1,1,11885,88.08,59425,99.4697543881617
random,1,1,11886,88.08,59430,99.46980066961142
random,1,1,11887,88.08,59435,99.46984694298267
random,1,1,11888,88.08,59440,99.46989320827755
random,1,1,11889,88.08,59445,99.46993946549823
random,1,1,11890,88.08,59450,99.46998571464675
random,1,1,11891,88.08,59455,99.47003195572529
random,1,1,11892,88.08,59460,99.47007818873591
random,1,1,11893,88.08,59465,99.47012441368075
random,1,1,11894,88.08,59470,99.47017063056191
random,1,1,11895,88.08,59475,99.47021683938151
random,1,1,11896,88.08,59480,99.47026304014165
random,1,1,11897,88.08,59485,99.47030923284443
random,1,1,11898,88.08,59490,99.47035541749199
random,1,1,11899,88.08,59495,99.47040159408638
random,1,1,11900,88.08,59500,99.47044776262977
random,1,1,11901,88.08,59505,99.47049392312422
random,1,1,11902,88.08,59510,99.47054007557186
random,1,1,11903,88.08,59515,99.47058621997479
random,1,1,11904,88.08,59520,99.4706323563351
random,1,1,11905,88.08,59525,99.47067848465491
random,1,1,11906,88.09,59530,99.47066451463259
random,1,1,11907,88.09,59535,99.47071063211294
random,1,1,11908,88.09,59540,99.47075674155819
random,1,1,11909,88.09,59545,99.4708028429704
random,1,1,11910,88.09,59550,99.4708489363517
random,1,1,11911,88.11,59555,99.4707748934312
random,1,1,11912,88.11,59560,99.47082098121838
random,1,1,11913,88.11,59565,99.4708670609791
random,1,1,11914,88.12,59570,99.47085308426838
random,1,1,11915,88.12,59575,99.47089915321048
random,1,1,11916,88.12,59580,99.4709452141315
random,1,1,11917,88.12,59585,99.47099126703355
random,1,1,11918,88.12,59590,99.4710373119187
random,1,1,11919,88.12,59595,99.47108334878908
random,1,1,11920,88.12,59600,99.47112937764675
random,1,1,11921,88.12,59605,99.47117539849383
random,1,1,11922,88.12,59610,99.47122141133238
random,1,1,11923,88.12,59615,99.4712674161645
random,1,1,11924,88.12,59620,99.4713134129923
random,1,1,11925,88.12,59625,99.47135940181785
random,1,1,11926,88.12,59630,99.47140538264324
random,1,1,11927,88.12,59635,99.47145135547055
random,1,1,11928,88.13,59640,99.47143734496376
random,1,1,11929,88.14,59645,99.47142333689357
random,1,1,11930,88.14,59650,99.47146929616788
random,1,1,11931,88.17,59655,99.47133536836539
random,1,1,11932,88.21,59660,99.47114150936609
random,1,1,11933,88.27000000000001,59665,99.47082778552789
random,1,1,11934,88.27000000000001,59670,99.47087378058795
random,1,1,11935,88.27000000000001,59675,99.47091976765304
random,1,1,11936,88.28,59680,99.47090581308376
random,1,1,11937,88.3,59685,99.4708319325062
random,1,1,11938,88.3,59690,99.47087791122014
random,1,1,11939,88.33,59695,99.47074412788423
random,1,1,11940,88.36,59700,99.47061036779279
random,1,1,11941,88.4,59705,99.47041672332928
random,1,1,11942,88.4,59710,99.4704627221331
random,1,1,11943,88.4,59715,99.47050871294684
random,1,1,11944,88.4,59720,99.47055469577258
random,1,1,11945,88.4,59725,99.47060067061241
random,1,1,11946,88.4,59730,99.47064663746839
random,1,1,11947,88.4,59735,99.47069259634263
random,1,1,11948,88.4,59740,99.47073854723718
random,1,1,11949,88.4,59745,99.47078449015414
random,1,1,11950,88.4,59750,99.47083042509557
random,1,1,11951,88.4,59755,99.47087635206356
random,1,1,11952,88.4,59760,99.47092227106018
random,1,1,11953,88.4,59765,99.47096818208749
random,1,1,11954,88.4,59770,99.47101408514757
random,1,1,11955,88.41,59775,99.47100014539868
random,1,1,11956,88.41,59780,99.4710460377214
random,1,1,11957,88.41,59785,99.47109192208222
random,1,1,11958,88.41,59790,99.47113779848323
random,1,1,11959,88.41,59795,99.47118366692645
random,1,1,11960,88.41,59800,99.47122952741401
random,1,1,11961,88.41,59805,99.47127537994793
random,1,1,11962,88.41,59810,99.47132122453031
random,1,1,11963,88.41,59815,99.4713670611632
random,1,1,11964,88.41,59820,99.4714128898487
random,1,1,11965,88.41,59825,99.47145871058882
random,1,1,11966,88.41,59830,99.47150452338566
random,1,1,11967,88.41,59835,99.4715503282413
random,1,1,11968,88.41,59840,99.47159612515779
random,1,1,11969,88.41,59845,99.47164191413718
random,1,1,11970,88.41,59850,99.47168769518154
random,1,1,11971,88.41,59855,99.47173346829295
random,1,1,11972,88.41,59860,99.47177923347346
random,1,1,11973,88.41,59865,99.47182499072512
random,1,1,11974,88.41,59870,99.47187074005002
random,1,1,11975,88.41,59875,99.47191648145018
random,1,1,11976,88.41,59880,99.47196221492767
random,1,1,11977,88.41,59885,99.47200794048459
random,1,1,11978,88.41,59890,99.47205365812295
random,1,1,11979,88.41,59895,99.47209936784482
random,1,1,11980,88.41,59900,99.47214506965226
random,1,1,11981,88.41,59905,99.4721907635473
random,1,1,11982,88.42,59910,99.47217675452578
random,1,1,11983,88.42,59915,99.47222243776886
random,1,1,11984,88.42,59920,99.47226811310485
random,1,1,11985,88.42,59925,99.47231378053577
random,1,1,11986,88.42,59930,99.47235944006368
random,1,1,11987,88.42,59935,99.47240509169065
random,1,1,11988,88.42,59940,99.4724507354187
random,1,1,11989,88.42,59945,99.47249637124992
random,1,1,11990,88.42,59950,99.47254199918632
random,1,1,11991,88.42,59955,99.47258761922997
random,1,1,11992,88.42,59960,99.47263323138291
random,1,1,11993,88.42,59965,99.4726788356472
random,1,1,11994,88.42,59970,99.47272443202486
random,1,1,11995,88.42,59975,99.47277002051797
random,1,1,11996,88.42,59980,99.47281560112854
random,1,1,11997,88.42,59985,99.47286117385865
random,1,1,11998,88.42,59990,99.4729067387103
random,1,1,11999,88.42,59995,99.47295229568557
random,1,1,12000,88.42,60000,99.47299784478648
random,1,1,12001,88.42,60005,99.47304338601509
random,1,1,12002,88.42,60010,99.47308891937342
random,1,1,12003,88.42,60015,99.47313444486355
random,1,1,12004,88.42,60020,99.47317964859974
random,1,1,12005,88.42,60025,99.47322484457987
random,1,1,12006,88.42,60030,99.47327034658596
random,1,1,12007,88.42,60035,99.47331584073194
random,1,1,12008,88.42,60040,99.47336132701986
random,1,1,12009,88.42,60045,99.47340680545175
random,1,1,12010,88.42,60050,99.47345227602963
random,1,1,12011,88.42,60055,99.47349773875555
random,1,1,12012,88.42,60060,99.47354319363156
random,1,1,12013,88.42,60065,99.47358864065964
random,1,1,12014,88.42,60070,99.47363407984189
random,1,1,12015,88.42,60075,99.4736795111803
random,1,1,12016,88.42,60080,99.4737249346769
random,1,1,12017,88.42,60085,99.47377035033374
random,1,1,12018,88.42,60090,99.47381575815282
random,1,1,12019,88.42,60095,99.4738611581362
random,1,1,12020,88.42,60100,99.47390655028589
random,1,1,12021,88.42,60105,99.47395193460393
random,1,1,12022,88.42,60110,99.47399731109235
random,1,1,12023,88.42,60115,99.47404267975314
random,1,1,12024,88.42,60120,99.47408804058836
random,1,1,12025,88.42,60125,99.47413339360003
random,1,1,12026,88.42,60130,99.47417873879017
random,1,1,12027,88.42,60135,99.4742240761608
random,1,1,12028,88.42,60140,99.47426940571394
random,1,1,12029,88.42,60145,99.47431472745163
random,1,1,12030,88.42,60150,99.47436004137586
random,1,1,12031,88.42,60155,99.47440534748868
random,1,1,12032,88.42,60160,99.4744506457921
random,1,1,12033,88.42,60165,99.47449593628814
random,1,1,12034,88.42,60170,99.4745412189788
random,1,1,12035,88.42,60175,99.47458649386611
random,1,1,12036,88.42,60180,99.47463176095211
random,1,1,12037,88.42,60185,99.47467702023877
random,1,1,12038,88.42,60190,99.47472227172815
random,1,1,12039,88.42,60195,99.47476751542224
random,1,1,12040,88.42,60200,99.47481275132306
random,1,1,12041,88.42,60205,99.47485797943263
random,1,1,12042,88.42,60210,99.47490319975294
random,1,1,12043,88.42,60215,99.47494841228604
random,1,1,12044,88.42,60220,99.47499361703392
random,1,1,12045,88.42,60225,99.47503881399857
random,1,1,12046,88.42,60230,99.47508400318202
random,1,1,12047,88.42,60235,99.4751291845863
random,1,1,12048,88.42,60240,99.47517435821338
random,1,1,12049,88.42,60245,99.47521921260328
random,1,1,12050,88.42,60250,99.47526437073563
random,1,1,12051,88.42,60255,99.4753095210968
random,1,1,12052,88.42,60260,99.4753546636888
random,1,1,12053,88.42,60265,99.47539979851365
random,1,1,12054,88.42,60270,99.47544492557333
random,1,1,12055,88.42,60275,99.47549004486986
random,1,1,12056,88.42,60280,99.47553515640524
random,1,1,12057,88.42,60285,99.47558026018146
random,1,1,12058,88.42,60290,99.47562535620055
random,1,1,12059,88.42,60295,99.47567044446447
random,1,1,12060,88.42,60300,99.47571552497526
random,1,1,12061,88.42,60305,99.47576059773489
random,1,1,12062,88.42,60310,99.47580566274539
random,1,1,12063,88.42,60315,99.47585072000874
random,1,1,12064,88.42,60320,99.47589576952691
random,1,1,12065,88.42,60325,99.47594081130194
random,1,1,12066,88.42,60330,99.47598584533581
random,1,1,12067,88.42,60335,99.47603087163053
random,1,1,12068,88.42,60340,99.47607589018807
random,1,1,12069,88.42,60345,99.47612090101043
random,1,1,12070,88.42,60350,99.47616590409962
random,1,1,12071,88.42,60355,99.47621089945761
random,1,1,12072,88.42,60360,99.47625588708641
random,1,1,12073,88.42,60365,99.476300866988
random,1,1,12074,88.42,60370,99.47634583916438
random,1,1,12075,88.42,60375,99.47639080361753
random,1,1,12076,88.42,60380,99.47643576034946
random,1,1,12077,88.42,60385,99.47648070936212
random,1,1,12078,88.42,60390,99.47652565065755
random,1,1,12079,88.42,60395,99.47657058423768
random,1,1,12080,88.42,60400,99.47661551010454
random,1,1,12081,88.42,60405,99.4766604282601
random,1,1,12082,88.42,60410,99.47670533870635
random,1,1,12083,88.42,60415,99.47675024144527
random,1,1,12084,88.42,60420,99.47679513647884
random,1,1,12085,88.42,60425,99.47684002380905
random,1,1,12086,88.42,60430,99.47688490343788
random,1,1,12087,88.42,60435,99.47692977536731
random,1,1,12088,88.42,60440,99.47697463959932
random,1,1,12089,88.42,60445,99.47701949613591
random,1,1,12090,88.42,60450,99.47706434497903
random,1,1,12091,88.42,60455,99.47710918613068
random,1,1,12092,88.42,60460,99.47715401959283
random,1,1,12093,88.42,60465,99.47719884536745
random,1,1,12094,88.42,60470,99.47724366345653
random,1,1,12095,88.42,60475,99.47728847386206
random,1,1,12096,88.42,60480,99.477333276586
random,1,1,12097,88.42,60485,99.4773780716303
random,1,1,12098,88.42,60490,99.47742285899696
random,1,1,12099,88.42,60495,99.47746763868795
random,1,1,12100,88.42,60500,99.47751241070526
random,1,1,12101,88.42,60505,99.47755717505085
random,1,1,12102,88.42,60510,99.47760193172668
random,1,1,12103,88.42,60515,99.47764668073472
random,1,1,12104,88.42,60520,99.47769142207696
random,1,1,12105,88.42,60525,99.47773615575535
random,1,1,12106,88.42,60530,99.47778088177188
random,1,1,12107,88.42,60535,99.47782560012851
random,1,1,12108,88.42,60540,99.4778703108272
random,1,1,12109,88.42,60545,99.4779150138699
random,1,1,12110,88.42,60550,99.47795970925863
random,1,1,12111,88.42,60555,99.47800439699532
random,1,1,12112,88.42,60560,99.47804907708192
random,1,1,12113,88.42,60565,99.47809374952041
random,1,1,12114,88.42,60570,99.47813841431277
random,1,1,12115,88.42,60575,99.47818307146095
random,1,1,12116,88.42,60580,99.4782277209669
random,1,1,12117,88.42,60585,99.4782723628326
random,1,1,12118,88.42,60590,99.47831699706
random,1,1,12119,88.42,60595,99.47836162365107
random,1,1,12120,88.42,60600,99.47840624260775
random,1,1,12121,88.42,60605,99.47845085393203
random,1,1,12122,88.42,60610,99.47849545762584
random,1,1,12123,88.42,60615,99.47854005369115
random,1,1,12124,88.42,60620,99.4785846421299
random,1,1,12125,88.42,60625,99.4786292229441
random,1,1,12126,88.42,60630,99.47867379613562
random,1,1,12127,88.42,60635,99.4787183617065
random,1,1,12128,88.42,60640,99.4787626123885
random,1,1,12129,88.42,60645,99.47880685555842
random,1,1,12130,88.44,60650,99.478731674713
random,1,1,12131,88.47,60655,99.4785975706784
random,1,1,12132,88.47,60660,99.47864028065146
random,1,1,12133,88.49000000000001,60665,99.4785651319232
random,1,1,12134,88.5,60670,99.47854738030453
random,1,1,12135,88.5,60675,99.47858854803701
random,1,1,12136,88.52,60680,99.47851188547527
random,1,1,12137,88.56,60685,99.47831742052234
random,1,1,12138,88.56,60690,99.47835859665739
random,1,1,12139,88.56,60695,99.47839976629294
random,1,1,12140,88.56,60700,99.4784409294305
random,1,1,12141,88.56,60705,99.47848208607165
random,1,1,12142,88.56,60710,99.47852323621791
random,1,1,12143,88.56,60715,99.47856437987079
random,1,1,12144,88.56,60720,99.47860705187495
random,1,1,12145,88.56,60725,99.47864971689549
random,1,1,12146,88.56,60730,99.47869237493414
random,1,1,12147,88.56,60735,99.47873502599262
random,1,1,12148,88.56,60740,99.47877767007263
random,1,1,12149,88.56,60745,99.47882000045904
random,1,1,12150,88.56,60750,99.47886079062985
random,1,1,12151,88.56,60755,99.47890157441628
random,1,1,12152,88.56,60760,99.47894081895018
random,1,1,12153,88.56,60765,99.47898005757341
random,1,1,12154,88.56,60770,99.4790208226953
random,1,1,12155,88.56,60775,99.47906004927047
random,1,1,12156,88.56,60780,99.47910233380506
random,1,1,12157,88.56,60785,99.47914307979592
random,1,1,12158,88.56,60790,99.479185350853
random,1,1,12159,88.56,60795,99.47922914623217
random,1,1,12160,88.56,60800,99.47927293424644
random,1,1,12161,88.56,60805,99.47931549036416
random,1,1,12162,88.56,60810,99.4793580395267
random,1,1,12163,88.56,60815,99.47940027570152
random,1,1,12164,88.56,60820,99.47944250502424
random,1,1,12165,88.56,60825,99.47948625716765
random,1,1,12166,88.56,60830,99.47952847254301
random,1,1,12167,88.56,60835,99.47957098690524
random,1,1,12168,88.56,60840,99.47961318853856
random,1,1,12169,88.56,60845,99.47965538332816
random,1,1,12170,88.56,60850,99.47969757127574
random,1,1,12171,88.56,60855,99.47974128055552
random,1,1,12172,88.56,60860,99.47978498249208
random,1,1,12173,88.56,60865,99.47982714942812
random,1,1,12174,88.56,60870,99.47987114242169
random,1,1,12175,88.56,60875,99.47991512797458
random,1,1,12176,88.56,60880,99.4799591060887
random,1,1,12177,88.56,60885,99.48000338209182
random,1,1,12178,88.56,60890,99.48004765055633
random,1,1,12179,88.56,60895,99.48009191148412
random,1,1,12180,88.56,60900,99.48013616487714
random,1,1,12181,88.56,60905,99.48018010561923
random,1,1,12182,88.56,60910,99.4802240389339
random,1,1,12183,88.56,60915,99.48026796482301
random,1,1,12184,88.56,60920,99.48031035846614
random,1,1,12185,88.56,60925,99.48035274519388
random,1,1,12186,88.56,60930,99.48039664933287
random,1,1,12187,88.56,60935,99.4804405460537
random,1,1,12188,88.56,60940,99.48048474011918
random,1,1,12189,88.56,60945,99.48052892666695
random,1,1,12190,88.56,60950,99.48057310569891
random,1,1,12191,88.56,60955,99.48061727721701
random,1,1,12192,88.56,60960,99.48066144122313
random,1,1,12193,88.56,60965,99.48070559771924
random,1,1,12194,88.56,60970,99.48074944225712
random,1,1,12195,88.56,60975,99.48079358379063
random,1,1,12196,88.56,60980,99.48083771781982
random,1,1,12197,88.56,60985,99.48088184434661
random,1,1,12198,88.56,60990,99.48092596337293
random,1,1,12199,88.56,60995,99.48097007490067
random,1,1,12200,88.56,61000,99.48101417893173
random,1,1,12201,88.56,61005,99.48105827546804
random,1,1,12202,88.56,61010,99.48110236451153
random,1,1,12203,88.56,61015,99.48114644606407
random,1,1,12204,88.56,61020,99.48119021619418
random,1,1,12205,88.56,61025,99.48123397894007
random,1,1,12206,88.56,61030,99.48127773430362
random,1,1,12207,88.56,61035,99.48132148228669
random,1,1,12208,88.56,61040,99.48136552661954
random,1,1,12209,88.56,61045,99.48140925979604
random,1,1,12210,88.56,61050,99.48145328922328
random,1,1,12211,88.56,61055,99.48149731117479
random,1,1,12212,88.56,61060,99.48154132565247
random,1,1,12213,88.58,61065,99.48146825617505
random,1,1,12214,88.58,61070,99.48151226564741
random,1,1,12215,88.59,61075,99.48149773934419
random,1,1,12216,88.59,61080,99.48154173884545
random,1,1,12217,88.59,61085,99.48158573087986
random,1,1,12218,88.59,61090,99.481629412133
random,1,1,12219,88.59,61095,99.48167308602565
random,1,1,12220,88.59,61100,99.48171675255968
random,1,1,12221,88.61,61105,99.48164341442613
random,1,1,12222,88.61,61110,99.48168737928363
random,1,1,12223,88.61,61115,99.48173133668395
random,1,1,12224,88.61,61120,99.48177528662897
random,1,1,12225,88.61,61125,99.48181922912059
random,1,1,12226,88.61,61130,99.48186316416067
random,1,1,12227,88.61,61135,99.48190709175115
random,1,1,12228,88.61,61140,99.4819510118939
random,1,1,12229,88.61,61145,99.48199492459084
random,1,1,12230,88.61,61150,99.48203882984382
random,1,1,12231,88.61,61155,99.48208272765477
random,1,1,12232,88.61,61160,99.48212661802557
random,1,1,12233,88.61,61165,99.4821705009581
random,1,1,12234,88.61,61170,99.48221437645428
random,1,1,12235,88.61,61175,99.48225824451598
random,1,1,12236,88.61,61180,99.48230210514508
random,1,1,12237,88.61,61185,99.48234595834349
random,1,1,12238,88.61,61190,99.48238980411308
random,1,1,12239,88.61,61195,99.48243334014778
random,1,1,12240,88.61,61200,99.48247686885948
random,1,1,12241,88.61,61205,99.48252039025004
random,1,1,12242,88.61,61210,99.48256390432132
random,1,1,12243,88.61,61215,99.48260741107515
random,1,1,12244,88.61,61220,99.48265091051339
random,1,1,12245,88.61,61225,99.48269440263783
random,1,1,12246,88.61,61230,99.4827378874504
random,1,1,12247,88.61,61235,99.48278136495287
random,1,1,12248,88.61,61240,99.48282513699793
random,1,1,12249,88.61,61245,99.48286859983507
random,1,1,12250,88.61,61250,99.48291235711667
random,1,1,12251,88.61,61255,99.48295610699384
random,1,1,12252,88.61,61260,99.48299954782152
random,1,1,12253,88.61,61265,99.48304298135022
random,1,1,12254,88.61,61270,99.4830864075818
random,1,1,12255,88.61,61275,99.48312982651805
random,1,1,12256,88.61,61280,99.48317323816084
random,1,1,12257,88.61,61285,99.483216642512
random,1,1,12258,88.61,61290,99.48326034091637
random,1,1,12259,88.61,61295,99.4833037306392
random,1,1,12260,88.61,61300,99.48334560686338
random,1,1,12261,88.61,61305,99.48338747630031
random,1,1,12262,88.61,61310,99.48342933895162
random,1,1,12263,88.61,61315,99.48347119481897
random,1,1,12264,88.61,61320,99.48351304390401
random,1,1,12265,88.61,61325,99.48355639120093
random,1,1,12266,88.61,61330,99.48359973122243
random,1,1,12267,88.61,61335,99.48364306397033
random,1,1,12268,88.61,61340,99.48368638944648
random,1,1,12269,88.61,61345,99.48373000844816
random,1,1,12270,88.61,61350,99.48377331933581
random,1,1,12271,88.61,61355,99.48381662295719
random,1,1,12272,88.61,61360,99.48385991931416
random,1,1,12273,88.61,61365,99.48390320840852
random,1,1,12274,88.61,61370,99.4839449875223
random,1,1,12275,88.61,61375,99.4839864593761
random,1,1,12276,88.61,61380,99.48402792456477
random,1,1,12277,88.62,61385,99.48401145864871
random,1,1,12278,88.62,61390,99.48405321552684
random,1,1,12279,88.62,61395,99.48409496564709
random,1,1,12280,88.62,61400,99.48413670901107
random,1,1,12281,88.62,61405,99.48417994681151
random,1,1,12282,88.62,61410,99.48422167642505
random,1,1,12283,88.62,61415,99.48426339928733
random,1,1,12284,88.62,61420,99.48430361493739
random,1,1,12285,88.63,61425,99.48428563697969
random,1,1,12286,88.63,61430,99.48432584462516
random,1,1,12287,88.63,61435,99.48436604600155
random,1,1,12288,88.63,61440,99.48440774080655
random,1,1,12289,88.63,61445,99.48444792941538
random,1,1,12290,88.63,61450,99.48448961097957
random,1,1,12291,88.63,61455,99.48452978682693
random,1,1,12292,88.63,61460,99.48456995641264
random,1,1,12293,88.64,61465,99.48455196901264
random,1,1,12294,88.64,61470,99.48459213061031
random,1,1,12295,88.64,61475,99.48463228595
random,1,1,12296,88.64,61480,99.4846724350332
random,1,1,12297,88.64,61485,99.48471257786136
random,1,1,12298,88.64,61490,99.48475271443593
random,1,1,12299,88.64999999999999,61495,99.48473472120747
random,1,1,12300,88.66000000000001,61500,99.48471822816532
random,1,1,12301,88.66000000000001,61505,99.48475985194837
random,1,1,12302,88.66000000000001,61510,99.48480296589855
random,1,1,12303,88.66000000000001,61515,99.48484457599326
random,1,1,12304,88.66000000000001,61520,99.48488617936721
random,1,1,12305,88.66000000000001,61525,99.48492627985594
random,1,1,12306,88.66000000000001,61530,99.4849663741017
random,1,1,12307,88.66000000000001,61535,99.48500646210591
random,1,1,12308,88.66000000000001,61540,99.48504654387007
random,1,1,12309,88.66000000000001,61545,99.48508661939562
random,1,1,12310,88.66000000000001,61550,99.48512818368602
random,1,1,12311,88.66000000000001,61555,99.48516824650603
random,1,1,12312,88.66000000000001,61560,99.4852083030919
random,1,1,12313,88.66000000000001,61565,99.48524835344499
random,1,1,12314,88.66000000000001,61570,99.48528989162989
random,1,1,12315,88.66000000000001,61575,99.48533142311145
random,1,1,12316,88.66000000000001,61580,99.48537294789125
random,1,1,12317,88.66000000000001,61585,99.48541446597096
random,1,1,12318,88.66000000000001,61590,99.48545597735216
random,1,1,12319,88.66000000000001,61595,99.48549748203651
random,1,1,12320,88.66000000000001,61600,99.4855404726343
random,1,1,12321,88.66000000000001,61605,99.4855834560483
random,1,1,12322,88.66000000000001,61610,99.4856249401704
random,1,1,12323,88.66000000000001,61615,99.48566790947152
random,1,1,12324,88.66000000000001,61620,99.48571116991718
random,1,1,12325,88.66000000000001,61625,99.48575442308618
random,1,1,12326,88.66000000000001,61630,99.48579766898037
random,1,1,12327,88.66000000000001,61635,99.48584090760157
random,1,1,12328,88.66000000000001,61640,99.4858841389516
random,1,1,12329,88.66000000000001,61645,99.48592736303235
random,1,1,12330,88.66000000000001,61650,99.4859705798456
random,1,1,12331,88.66000000000001,61655,99.48601378939318
random,1,1,12332,88.66000000000001,61660,99.48605699167697
random,1,1,12333,88.66000000000001,61665,99.48610018669876
random,1,1,12334,88.66000000000001,61670,99.48614337446041
random,1,1,12335,88.66000000000001,61675,99.48618655496372
random,1,1,12336,88.69,61680,99.48605558527021
random,1,1,12337,88.73,61685,99.48586669386151
random,1,1,12338,88.79,61690,99.48556225455717
random,1,1,12339,88.79,61695,99.48560546941759
random,1,1,12340,88.79,61700,99.48564867701819
random,1,1,12341,88.79,61705,99.48569187736076
random,1,1,12342,88.79,61710,99.48573507044716
random,1,1,12343,88.79,61715,99.48577825627922
random,1,1,12344,88.79,61720,99.48582143485875
random,1,1,12345,88.79,61725,99.48586460618758
random,1,1,12346,88.79,61730,99.48590777026753
random,1,1,12347,88.79,61735,99.48595092710045
random,1,1,12348,88.79,61740,99.48599407668813
random,1,1,12349,88.79,61745,99.48603721903243
random,1,1,12350,88.79,61750,99.48608035413514
random,1,1,12351,88.79,61755,99.4861234819981
random,1,1,12352,88.79,61760,99.48616660262316
random,1,1,12353,88.79,61765,99.4862097160121
random,1,1,12354,88.79,61770,99.48625282216675
random,1,1,12355,88.79,61775,99.48629592108894
random,1,1,12356,88.79,61780,99.48633901278049
random,1,1,12357,88.79,61785,99.48638209724322
random,1,1,12358,88.79,61790,99.48642517447894
random,1,1,12359,88.79,61795,99.48646824448947
random,1,1,12360,88.79,61800,99.48651130727663
random,1,1,12361,88.79,61805,99.48655436284224
random,1,1,12362,88.79,61810,99.48659741118811
random,1,1,12363,88.79,61815,99.48664045231608
random,1,1,12364,88.79,61820,99.48668348622792
random,1,1,12365,88.79,61825,99.48672651292549
random,1,1,12366,88.79,61830,99.48676953241056
random,1,1,12367,88.79,61835,99.486812544685
random,1,1,12368,88.79,61840,99.48685554975056
random,1,1,12369,88.79,61845,99.4868985476091
random,1,1,12370,88.79,61850,99.48694153826241
random,1,1,12371,88.79,61855,99.4869845217123
random,1,1,12372,88.79,61860,99.48702749796058
random,1,1,12373,88.79,61865,99.48707046700909
random,1,1,12374,88.8,61870,99.48705566485788
random,1,1,12375,88.81,61875,99.48704086518607
random,1,1,12376,88.81,61880,99.48708382231996
random,1,1,12377,88.81,61885,99.48712677225969
random,1,1,12378,88.81,61890,99.48716971500703
random,1,1,12379,88.82,61895,99.4871549107429
random,1,1,12380,88.82,61900,99.48719784394464
random,1,1,12381,88.82,61905,99.48724076995862
random,1,1,12382,88.82,61910,99.48728368878662
random,1,1,12383,88.83,61915,99.48726887993965
random,1,1,12384,88.83,61920,99.48731178923165
random,1,1,12385,88.83,61925,99.48735469134228
random,1,1,12386,88.83,61930,99.48739758627336
random,1,1,12387,88.83,61935,99.48744047402668
random,1,1,12388,88.83,61940,99.48748335460405
random,1,1,12389,88.83,61945,99.48752622800727
random,1,1,12390,88.83,61950,99.48756909423814
random,1,1,12391,88.85,61955,99.48749658955947
random,1,1,12392,88.86,61960,99.48748177405363
random,1,1,12393,88.88000000000001,61965,99.48740928880345
random,1,1,12394,88.89,61970,99.48739448307519
random,1,1,12395,88.89,61975,99.48743734240097
random,1,1,12396,88.9,61980,99.48742253680295
random,1,1,12397,88.9,61985,99.48746538661771
random,1,1,12398,88.9,61990,99.48750822926887
random,1,1,12399,88.91,61995,99.48749342145841
random,1,1,12400,88.91,62000,99.48753625460532
random,1,1,12401,88.91,62005,99.48757908059319
random,1,1,12402,88.92,62010,99.48756427057437
random,1,1,12403,88.92,62015,99.48760708706473
random,1,1,12404,88.92,62020,99.48764989640064
random,1,1,12405,88.92999999999999,62025,99.48763508417753
random,1,1,12406,88.92999999999999,62030,99.48767788402267
random,1,1,12407,88.92999999999999,62035,99.48772067671793
random,1,1,12408,88.92999999999999,62040,99.48776346226511
random,1,1,12409,88.96,62045,99.4876334551855
random,1,1,12410,88.96,62050,99.4876762408705
random,1,1,12411,89.02,62055,99.48737350615906
random,1,1,12412,89.05999999999999,62060,99.48718598346741
random,1,1,12413,89.1,62065,99.48699849208647
random,1,1,12414,89.14999999999999,62070,99.48675346088791
random,1,1,12415,89.16,62075,99.48673873585524
random,1,1,12416,89.16,62080,99.48678157479081
random,1,1,12417,89.16,62085,99.48682440657596
random,1,1,12418,89.16,62090,99.48686723121247
random,1,1,12419,89.16,62095,99.48691004870211
random,1,1,12420,89.16,62100,99.48695285904668
random,1,1,12421,89.16,62105,99.48699566224798
random,1,1,12422,89.16,62110,99.487038163187
random,1,1,12423,89.16,62115,99.48708065708442
random,1,1,12424,89.16,62120,99.48712166882187
random,1,1,12425,89.16,62125,99.48716414888575
random,1,1,12426,89.16,62130,99.48720514727323
random,1,1,12427,89.16,62135,99.48724466469332
random,1,1,12428,89.16,62140,99.48728565020875
random,1,1,12429,89.16,62145,99.48732515522272
random,1,1,12430,89.16,62150,99.48736465414937
random,1,1,12431,89.16,62155,99.48740414699013
random,1,1,12432,89.16,62160,99.48744510701509
random,1,1,12433,89.16,62165,99.48748606049458
random,1,1,12434,89.16,62170,99.48752553463225
random,1,1,12435,89.16,62175,99.48756500268978
random,1,1,12436,89.16,62180,99.48760593701277
random,1,1,12437,89.16,62185,99.48764833689707
random,1,1,12438,89.16,62190,99.48769072976489
random,1,1,12439,89.16,62195,99.487733115618
random,1,1,12440,89.16,62200,99.48777549445809
random,1,1,12441,89.16,62205,99.48781786628692
random,1,1,12442,89.16,62210,99.48786023110623
random,1,1,12443,89.16,62215,99.48790111827785
random,1,1,12444,89.16,62220,99.48794199892144
random,1,1,12445,89.16,62225,99.48798434320899
random,1,1,12446,89.16,62230,99.48802668049385
random,1,1,12447,89.16,62235,99.48806901077776
random,1,1,12448,89.16,62240,99.48811133406247
random,1,1,12449,89.16,62245,99.4881521811514
random,1,1,12450,89.16,62250,99.48819155274968
random,1,1,12451,89.16,62255,99.48823091829144
random,1,1,12452,89.16,62260,99.4882702777781
random,1,1,12453,89.16,62265,99.48830963121105
random,1,1,12454,89.16,62270,99.48834897859169
random,1,1,12455,89.16,62275,99.48838831992141
random,1,1,12456,89.16,62280,99.48842765520162
random,1,1,12457,89.16,62285,99.4884669844337
random,1,1,12458,89.16,62290,99.48850630761905
random,1,1,12459,89.16,62295,99.48854562475907
random,1,1,12460,89.16,62300,99.48858493585516
random,1,1,12461,89.16,62305,99.48862424090869
random,1,1,12462,89.16,62310,99.48866353992106
random,1,1,12463,89.16,62315,99.4887042989325
random,1,1,12464,89.16,62320,99.4887450514466
random,1,1,12465,89.16,62325,99.48878550435128
random,1,1,12466,89.16,62330,99.48882448551353
random,1,1,12467,89.16,62335,99.48886346073145
random,1,1,12468,89.16,62340,99.48890272298596
random,1,1,12469,89.16,62345,99.48894168627463
random,1,1,12470,89.16,62350,99.48898064362304
random,1,1,12471,89.16,62355,99.48901959503256
random,1,1,12472,89.16,62360,99.48905854050454
random,1,1,12473,89.16,62365,99.48909748004037
random,1,1,12474,89.16,62370,99.4891349500795
random,1,1,12475,89.16,62375,99.48917095126728
random,1,1,12476,89.16,62380,99.48920694738132
random,1,1,12477,89.16,62385,99.48924293842273
random,1,1,12478,89.16,62390,99.48927892439255
random,1,1,12479,89.16,62395,99.48931490529186
random,1,1,12480,89.16,62400,99.48935088112172
random,1,1,12481,89.16,62405,99.48938685188324
random,1,1,12482,89.16,62410,99.4894242794904
random,1,1,12483,89.16,62415,99.48946170161109
random,1,1,12484,89.2,62420,99.4892715535134
random,1,1,12485,89.21,62425,99.48925494542739
random,1,1,12486,89.25,62430,99.48906659766442
random,1,1,12487,89.25,62435,99.48910549670967
random,1,1,12488,89.25,62440,99.4891446822394
random,1,1,12489,89.28,62445,99.48901215885495
random,1,1,12490,89.28,62450,99.4890528076056
random,1,1,12491,89.28,62455,99.48909344988961
random,1,1,12492,89.28,62460,99.48913408570851
random,1,1,12493,89.28,62465,99.48917617643104
random,1,1,12494,89.28,62470,99.48921826021835
random,1,1,12495,89.3,62475,99.48914592406524
random,1,1,12496,89.33,62480,99.48901669032912
random,1,1,12497,89.33,62485,99.48905877682971
random,1,1,12498,89.33,62490,99.48910085639805
random,1,1,12499,89.33,62495,99.48914292903588
random,1,1,12500,89.33,62500,99.48918499474489
random,1,1,12501,89.33,62505,99.48922530121584
random,1,1,12502,89.33,62510,99.48926706135599
random,1,1,12503,89.33,62515,99.48930939858221
random,1,1,12504,89.33,62520,99.48935172878993
random,1,1,12505,89.33,62525,99.48939376012082
random,1,1,12506,89.33,62530,99.48943432546804
random,1,1,12507,89.33,62535,99.48947605143759
random,1,1,12508,89.33,62540,99.48951602027078
random,1,1,12509,89.33,62545,99.48955452446802
random,1,1,12510,89.33,62550,99.48959010651586
random,1,1,12511,89.33,62555,99.48962422562346
random,1,1,12512,89.33,62560,99.48966125573153
random,1,1,12513,89.34,62565,99.48964407043985
random,1,1,12514,89.37,62570,99.4895126465145
random,1,1,12515,89.41,62575,99.48932266856751
random,1,1,12516,89.45,62580,99.48913155219482
random,1,1,12517,89.49000000000001,62585,99.48894046376269
random,1,1,12518,89.53999999999999,62590,99.48869054757051
random,1,1,12519,89.60000000000001,62595,99.48838356614927
random,1,1,12520,89.60000000000001,62600,99.48842212482957
random,1,1,12521,89.60000000000001,62605,99.48846213791998
random,1,1,12522,89.60000000000001,62610,99.48850068475828
random,1,1,12523,89.61,62615,99.48848068316741
random,1,1,12524,89.61,62620,99.4885163034358
random,1,1,12525,89.61,62625,99.48855337828158
random,1,1,12526,89.61,62630,99.48858898842661
random,1,1,12527,89.61,62635,99.48862313448167
random,1,1,12528,89.61,62640,99.48865727597727
random,1,1,12529,89.61,62645,99.48869141291435
random,1,1,12530,89.61,62650,99.48872846237981
random,1,1,12531,89.62,62655,99.48870874711963
random,1,1,12532,89.62,62660,99.48874462331854
random,1,1,12533,89.62,62665,99.48878341061668
random,1,1,12534,89.62,62670,99.48882364986302
random,1,1,12535,89.62,62675,99.48886388277519
random,1,1,12536,89.63,62680,99.48884708013233
random,1,1,12537,89.64,62685,99.48883173759573
random,1,1,12538,89.64999999999999,62690,99.48881494017454
random,1,1,12539,89.64999999999999,62695,99.4888569095827
random,1,1,12540,89.64999999999999,62700,99.48889916348215
random,1,1,12541,89.64999999999999,62705,99.48894111906218
random,1,1,12542,89.64999999999999,62710,99.48898306775463
random,1,1,12543,89.64999999999999,62715,99.48902500956119
random,1,1,12544,89.64999999999999,62720,99.48906665329254
random,1,1,12545,89.64999999999999,62725,99.48910712565913
random,1,1,12546,89.64999999999999,62730,99.48914759161438
random,1,1,12547,89.64999999999999,62735,99.48918805115983
random,1,1,12548,89.64999999999999,62740,99.48922704925926
random,1,1,12549,89.64999999999999,62745,99.48926604140449
random,1,1,12550,89.64999999999999,62750,99.4893050275969
random,1,1,12551,89.64999999999999,62755,99.48934400783784
random,1,1,12552,89.64999999999999,62760,99.48938298212869
random,1,1,12553,89.67,62765,99.4893080457191
random,1,1,12554,89.72,62770,99.48906227665695
random,1,1,12555,89.72,62775,99.48910126352342
random,1,1,12556,89.72,62780,99.48914024444059
random,1,1,12557,89.73,62785,99.48912199354585
random,1,1,12558,89.73,62790,99.48916067613197
random,1,1,12559,89.75,62795,99.48908404581678
random,1,1,12560,89.75,62800,99.48912127151027
random,1,1,12561,89.75,62805,99.48915703796459
random,1,1,12562,89.75,62810,99.48919425302272
random,1,1,12563,89.8,62815,99.48894836614288
random,1,1,12564,89.83,62820,99.4888163278313
random,1,1,12565,89.83,62825,99.48885501360796
random,1,1,12566,89.84,62830,99.48883854148293
random,1,1,12567,89.87,62835,99.48870799634068
random,1,1,12568,89.87,62840,99.48874988053575
random,1,1,12569,89.91,62845,99.48856422554823
random,1,1,12570,89.91,62850,99.4886061146578
random,1,1,12571,89.91,62855,99.48864799690607
random,1,1,12572,89.91,62860,99.48868987229473
random,1,1,12573,89.91,62865,99.48873174082549
random,1,1,12574,89.91,62870,99.48877360250002
random,1,1,12575,89.91,62875,99.48881400414248
random,1,1,12576,89.91,62880,99.48885439939966
random,1,1,12577,89.91,62885,99.48889478827306
random,1,1,12578,89.91,62890,99.48893488026548
random,1,1,12579,89.91,62895,99.48897525642178
random,1,1,12580,89.94,62900,99.4888451275756
random,1,1,12581,89.94,62905,99.48888695672929
random,1,1,12582,89.94,62910,99.48892732698877
random,1,1,12583,89.94,62915,99.4889691426909
random,1,1,12584,89.98,62920,99.48878369380199
random,1,1,12585,90.02,62925,99.48859856578088
