strategy,run_id,map_seed,timestep,coverage,total_distance,sensing_redundancy,visit_overlap,num_clusters,num_active_drones,exploration_efficiency,mean_pairwise_distance,movement_efficiency,nodes_expanded
cluster_frontier,1,1,1,0.32,5,71.42857142857143,0.0,0,0,1.0,1.3478708664619075,1.0,0
cluster_frontier,1,1,2,0.32,10,86.32478632478633,37.5,2,3,0.5,0.9656854249492381,0.5,317
cluster_frontier,1,1,3,0.36,15,89.62536023054754,53.84615384615385,2,2,0.4,1.2,0.4,398
cluster_frontier,1,1,4,0.43,20,90.79229122055675,55.55555555555556,2,2,0.4,1.2242640687119288,0.4,398
cluster_frontier,1,1,5,0.49,25,91.73693086003372,56.52173913043478,2,2,0.4,1.3478708664619077,0.4,398
cluster_frontier,1,1,6,0.53,30,92.57703081232494,55.55555555555556,1,1,0.4,1.509083264970256,0.4,436
cluster_frontier,1,1,7,0.61,35,92.60606060606061,53.125,1,1,0.42857142857142855,2.6487475676864216,0.42857142857142855,468
cluster_frontier,1,1,8,0.6799999999999999,40,92.76595744680851,51.35135135135135,2,2,0.45,3.0830388280710332,0.45,612
cluster_frontier,1,1,9,0.76,45,92.90382819794584,52.38095238095239,2,2,0.4444444444444444,3.0830388280710332,0.4444444444444444,612
cluster_frontier,1,1,10,0.79,50,93.43853820598007,53.191489361702125,2,1,0.44,2.886353168444791,0.44,694
cluster_frontier,1,1,11,0.8699999999999999,55,93.5171385991058,51.92307692307693,2,1,0.45454545454545453,3.3074587526397288,0.45454545454545453,694
cluster_frontier,1,1,12,0.9299999999999999,60,93.7204591492235,50.877192982456144,2,1,0.4666666666666667,3.3099552952969105,0.4666666666666667,694
cluster_frontier,1,1,13,0.97,65,93.9938080495356,50.0,2,1,0.47692307692307695,3.4326280925013757,0.47692307692307695,694
cluster_frontier,1,1,14,1.03,70,94.11092052601487,50.74626865671642,2,3,0.4714285714285714,3.6813769390438464,0.4714285714285714,1640
cluster_frontier,1,1,15,1.11,75,94.10515135422199,48.61111111111111,3,1,0.49333333333333335,4.491659928717023,0.49333333333333335,1789
cluster_frontier,1,1,16,1.23,80,93.90183440753594,46.75324675324675,3,1,0.5125,5.22336454874435,0.5125,1789
cluster_frontier,1,1,17,1.39,85,93.55287569573284,45.1219512195122,3,1,0.5294117647058824,5.2880701018895016,0.5294117647058824,1789
cluster_frontier,1,1,18,1.55,90,93.24618736383442,43.67816091954023,4,4,0.5444444444444444,5.8187862945967375,0.5444444444444444,2273
cluster_frontier,1,1,19,1.69,95,93.05669679539852,41.30434782608695,4,4,0.5684210526315789,6.249658244222996,0.5684210526315789,2273
cluster_frontier,1,1,20,1.79,100,93.0566330488751,39.175257731958766,5,1,0.59,5.954250816399823,0.59,2478
cluster_frontier,1,1,21,1.9,105,93.0172730613745,38.23529411764706,6,2,0.6,6.580500983638176,0.6,2737
cluster_frontier,1,1,22,2.04,110,92.87709497206704,38.31775700934579,6,2,0.6,7.432144855352642,0.6,2737
cluster_frontier,1,1,23,2.1999999999999997,115,92.68617021276596,36.607142857142854,4,2,0.6173913043478261,7.891611521440069,0.6173913043478261,3075
cluster_frontier,1,1,24,2.37,120,92.48334919124643,35.04273504273504,7,2,0.6333333333333333,8.077022829196538,0.6333333333333333,3491
cluster_frontier,1,1,25,2.55,125,92.26804123711341,33.60655737704918,5,1,0.648,8.323989583613166,0.648,3834
cluster_frontier,1,1,26,2.71,130,92.12895730467615,32.28346456692913,7,1,0.6615384615384615,9.010904196307859,0.6615384615384615,3998
cluster_frontier,1,1,27,2.85,135,92.05685618729098,31.060606060606062,6,1,0.674074074074074,9.009577525491931,0.674074074074074,4069
cluster_frontier,1,1,28,3.02,140,91.90999196356817,29.927007299270077,4,2,0.6857142857142857,9.029368243677144,0.6857142857142857,4814
cluster_frontier,1,1,29,3.15,145,91.87725631768953,28.87323943661972,4,1,0.696551724137931,8.658044189915364,0.696551724137931,5068
cluster_frontier,1,1,30,3.2399999999999998,150,91.94630872483222,28.767123287671232,5,1,0.6933333333333334,9.395649515436656,0.6933333333333334,5285
cluster_frontier,1,1,31,3.34,155,91.98656429942419,28.000000000000004,3,1,0.6967741935483871,10.169446634206492,0.6967741935483871,5659
cluster_frontier,1,1,32,3.46,160,91.97774171110595,27.09677419354839,5,1,0.70625,10.893820405089267,0.70625,5918
cluster_frontier,1,1,33,3.66,165,91.7900403768506,26.875,5,1,0.7090909090909091,11.738345366526412,0.7090909090909091,5918
cluster_frontier,1,1,34,3.82,170,91.70106452313709,26.666666666666668,7,2,0.711764705882353,12.385429010074992,0.711764705882353,6136
cluster_frontier,1,1,35,3.95,175,91.6789551295555,26.47058823529412,6,2,0.7142857142857143,13.039078154238036,0.7142857142857143,6692
cluster_frontier,1,1,36,4.07,180,91.67689161554192,26.436781609195403,6,2,0.7111111111111111,13.934443222629994,0.7111111111111111,6692
cluster_frontier,1,1,37,4.21,185,91.6268894192522,25.842696629213485,9,3,0.7135135135135136,14.918058055310723,0.7135135135135136,7690
cluster_frontier,1,1,38,4.390000000000001,190,91.50212930700735,25.136612021857925,11,1,0.7210526315789474,15.760392708004753,0.7210526315789474,8084
cluster_frontier,1,1,39,4.61,195,91.30844645550528,24.46808510638298,11,1,0.7282051282051282,16.58099581900107,0.7282051282051282,8084
cluster_frontier,1,1,40,4.74,200,91.28195696155969,23.958333333333336,10,3,0.73,17.12955033702742,0.73,8817
cluster_frontier,1,1,41,4.89,205,91.22082585278277,23.3502538071066,11,1,0.7365853658536585,17.67745067747169,0.7365853658536585,8908
cluster_frontier,1,1,42,5.08,210,91.09240750482202,22.772277227722775,13,1,0.7428571428571429,17.913630468069677,0.7428571428571429,9513
cluster_frontier,1,1,43,5.2,215,91.0913140311804,22.330097087378643,12,2,0.7441860465116279,17.585219530603304,0.7441860465116279,10024
cluster_frontier,1,1,44,5.3100000000000005,220,91.1144578313253,21.80094786729858,12,2,0.75,16.70802914139889,0.75,10024
cluster_frontier,1,1,45,5.4399999999999995,225,91.11111111111111,21.75925925925926,12,2,0.7511111111111111,15.786105001998944,0.7511111111111111,10024
cluster_frontier,1,1,46,5.54,230,91.15581098339719,21.91780821917808,9,4,0.7434782608695653,15.99133742500447,0.7434782608695653,11128
cluster_frontier,1,1,47,5.66,235,91.16729088639201,21.62162162162162,9,4,0.7404255319148936,16.351721051128898,0.7404255319148936,11128
cluster_frontier,1,1,48,5.82,240,91.11721611721612,21.58590308370044,11,1,0.7416666666666667,16.640511114188023,0.7416666666666667,11250
cluster_frontier,1,1,49,6.02,245,91.00955794504182,21.551724137931032,12,1,0.7428571428571429,17.265007766312447,0.7428571428571429,11371
cluster_frontier,1,1,50,6.17,250,90.97161252560726,21.518987341772153,12,1,0.744,17.775378436288644,0.744,11371
cluster_frontier,1,1,51,6.329999999999999,255,90.92082616179002,21.16182572614108,14,3,0.7450980392156863,17.46742063916227,0.7450980392156863,12517
cluster_frontier,1,1,52,6.5,260,90.85794655414908,20.73170731707317,14,3,0.75,17.815331764565677,0.75,12517
cluster_frontier,1,1,53,6.660000000000001,265,90.81125827814569,20.4,13,1,0.7509433962264151,18.25742932759428,0.7509433962264151,12706
cluster_frontier,1,1,54,6.84,270,90.74550128534705,20.0,13,2,0.7555555555555555,18.25079595817602,0.7555555555555555,13495
cluster_frontier,1,1,55,7.02,275,90.68347710683477,19.615384615384617,15,1,0.76,18.26374301677526,0.76,13574
cluster_frontier,1,1,56,7.23,280,90.5847115509832,19.245283018867926,16,1,0.7642857142857142,18.065975111810925,0.7642857142857142,13779
cluster_frontier,1,1,57,7.37,285,90.57906174102007,19.33085501858736,15,2,0.7614035087719299,18.750843578208055,0.7614035087719299,14421
cluster_frontier,1,1,58,7.57,290,90.49949799196787,18.97810218978102,17,1,0.7655172413793103,18.390259681107956,0.7655172413793103,15039
cluster_frontier,1,1,59,7.75,295,90.44625246548324,19.06474820143885,20,1,0.7627118644067796,18.478412779048917,0.7627118644067796,15738
cluster_frontier,1,1,60,7.9399999999999995,300,90.3827519379845,18.79432624113475,22,2,0.7633333333333333,18.974992077720874,0.7633333333333333,17612
cluster_frontier,1,1,61,8.14,305,90.30952380952381,18.466898954703833,20,1,0.7672131147540984,19.07753045946523,0.7672131147540984,18011
cluster_frontier,1,1,62,8.39,310,90.18139262726741,18.15068493150685,22,1,0.7709677419354839,18.808940216214943,0.7709677419354839,18700
cluster_frontier,1,1,63,8.64,315,90.05753739930955,17.845117845117844,23,1,0.7746031746031746,18.633177543543944,0.7746031746031746,19378
cluster_frontier,1,1,64,8.89,320,89.93774759479344,17.549668874172188,24,3,0.778125,18.563053222962143,0.778125,20982
cluster_frontier,1,1,65,9.11,325,89.85523385300668,17.320261437908496,26,1,0.7784615384615384,19.33031690101565,0.7784615384615384,22057
cluster_frontier,1,1,66,9.35,330,89.75342465753424,17.041800643086816,25,1,0.7818181818181819,19.06079021758009,0.7818181818181819,22797
cluster_frontier,1,1,67,9.5,335,89.75188781014025,16.77215189873418,24,2,0.7850746268656716,18.33940604580794,0.7850746268656716,23025
cluster_frontier,1,1,68,9.64,340,89.7610196494955,16.510903426791277,23,1,0.788235294117647,17.990092922348957,0.788235294117647,23276
cluster_frontier,1,1,69,9.78,345,89.76987447698744,16.257668711656443,24,1,0.7913043478260869,17.45526159893479,0.7913043478260869,23345
cluster_frontier,1,1,70,9.93,350,89.76816074188562,16.060606060606062,23,3,0.7914285714285715,17.496607159490374,0.7914285714285715,23860
cluster_frontier,1,1,71,10.08,355,89.76649746192894,15.82089552238806,23,3,0.7943661971830986,17.240890982820495,0.7943661971830986,23860
cluster_frontier,1,1,72,10.26,360,89.73486743371686,15.588235294117647,24,1,0.7972222222222223,17.00029509338932,0.7972222222222223,24667
cluster_frontier,1,1,73,10.43,365,89.71400394477318,15.36231884057971,22,2,0.8,17.077807418813066,0.8,25856
cluster_frontier,1,1,74,10.63,370,89.6645600388916,15.18624641833811,22,2,0.8,17.90388145899016,0.8,25856
cluster_frontier,1,1,75,10.83,375,89.61649089165867,14.971751412429379,26,1,0.8026666666666666,18.65169824571546,0.8026666666666666,26714
cluster_frontier,1,1,76,10.97,380,89.62647754137116,14.763231197771587,28,2,0.8052631578947368,18.947333936719573,0.8052631578947368,27748
cluster_frontier,1,1,77,11.129999999999999,385,89.61753731343283,14.560439560439562,28,2,0.8077922077922078,19.057175313679906,0.8077922077922078,27748
cluster_frontier,1,1,78,11.31,390,89.5904279797515,14.363143631436316,27,2,0.8102564102564103,19.095455874800855,0.8102564102564103,27927
cluster_frontier,1,1,79,11.5,395,89.55495004541326,14.171122994652407,28,1,0.8126582278481013,18.97450352867681,0.8126582278481013,28073
cluster_frontier,1,1,80,11.690000000000001,400,89.52039444195428,14.02116402116402,28,1,0.8125,19.55727240456705,0.8125,28263
cluster_frontier,1,1,81,11.91,405,89.46017699115045,13.838120104438643,28,2,0.8148148148148148,19.681451957576932,0.8148148148148148,29011
cluster_frontier,1,1,82,12.07,410,89.45391000436872,13.65979381443299,29,1,0.8170731707317073,19.890753655473105,0.8170731707317073,29113
cluster_frontier,1,1,83,12.3,415,89.38740293356342,13.486005089058525,29,1,0.8192771084337349,20.250982470608786,0.8192771084337349,29215
cluster_frontier,1,1,84,12.45,420,89.3907115466553,13.316582914572864,30,2,0.8214285714285714,20.382222380170308,0.8214285714285714,30410
cluster_frontier,1,1,85,12.61,425,89.3855218855219,13.151364764267989,29,2,0.8235294117647058,20.772955210240646,0.8235294117647058,31806
cluster_frontier,1,1,86,12.8,430,89.35550935550935,12.990196078431374,29,2,0.8255813953488372,21.614626495178758,0.8255813953488372,31806
cluster_frontier,1,1,87,12.93,435,89.37551355792934,12.864077669902912,29,3,0.825287356321839,22.16668394134904,0.825287356321839,33189
cluster_frontier,1,1,88,13.11,440,89.35444579780754,12.709832134292565,30,1,0.8272727272727273,22.801250484822422,0.8272727272727273,34237
cluster_frontier,1,1,89,13.26,445,89.35794542536115,12.589073634204276,32,0,0.8269662921348314,23.587218405555127,0.8269662921348314,37231
cluster_frontier,1,1,90,13.36,450,89.40103133677113,12.470588235294118,33,1,0.8266666666666667,23.488590418433976,0.8266666666666667,40381
cluster_frontier,1,1,91,13.5,455,89.41176470588236,12.354312354312354,34,1,0.8263736263736263,23.566309969693002,0.8263736263736263,44488
cluster_frontier,1,1,92,13.65,460,89.41450174486235,12.240184757505773,35,1,0.8260869565217391,24.460597383859582,0.8260869565217391,47786
cluster_frontier,1,1,93,13.77,465,89.44018404907975,12.155963302752294,34,1,0.8236559139784946,24.6643324971756,0.8236559139784946,52065
cluster_frontier,1,1,94,13.889999999999999,470,89.46530147895335,12.045454545454545,35,1,0.823404255319149,24.720156459479558,0.823404255319149,55278
cluster_frontier,1,1,95,14.01,475,89.48987246811703,11.936936936936938,38,1,0.8231578947368421,25.604184410683303,0.8231578947368421,59532
cluster_frontier,1,1,96,14.16,480,89.49165120593692,11.830357142857142,36,1,0.8229166666666666,26.29096339138,0.8229166666666666,63810
cluster_frontier,1,1,97,14.299999999999999,485,89.5007342143906,11.725663716814159,37,1,0.822680412371134,26.565694982752326,0.822680412371134,67099
cluster_frontier,1,1,98,14.46,490,89.49509625862694,11.842105263157894,37,1,0.8204081632653061,27.405189550392542,0.8204081632653061,70453
cluster_frontier,1,1,99,14.64,495,89.47519769949676,11.956521739130435,35,0,0.8181818181818182,28.089106061832393,0.8181818181818182,73759
cluster_frontier,1,1,100,14.77,500,89.49128424048382,12.068965517241379,38,2,0.816,28.94325126698775,0.816,77427
cluster_frontier,1,1,101,14.97,505,89.45774647887323,11.965811965811966,38,1,0.8158415841584158,29.879343993838244,0.8158415841584158,81981
cluster_frontier,1,1,102,15.18,510,89.41791565005228,11.864406779661017,40,1,0.8156862745098039,30.559337708509965,0.8156862745098039,85527
cluster_frontier,1,1,103,15.340000000000002,515,89.41338854382333,11.76470588235294,42,2,0.8155339805825242,30.556156174136397,0.8155339805825242,91381
cluster_frontier,1,1,104,15.53,520,89.38845234028015,11.666666666666666,42,1,0.8153846153846154,30.87801592585408,0.8153846153846154,94939
cluster_frontier,1,1,105,15.709999999999999,525,89.37077131258458,11.570247933884298,39,0,0.8152380952380952,31.688765684095266,0.8152380952380952,98461
cluster_frontier,1,1,106,15.809999999999999,530,89.40632538193513,11.498973305954825,40,3,0.8132075471698114,32.52417879635971,0.8132075471698114,106263
cluster_frontier,1,1,107,15.939999999999998,535,89.42129015131405,11.405295315682281,39,1,0.8130841121495327,33.275525161110245,0.8130841121495327,109993
cluster_frontier,1,1,108,16.09,540,89.42351935844344,11.313131313131313,40,0,0.812962962962963,33.50994423773735,0.812962962962963,113620
cluster_frontier,1,1,109,16.220000000000002,545,89.43872900117202,11.244979919678714,37,2,0.8110091743119267,33.90379131860517,0.8110091743119267,117961
cluster_frontier,1,1,110,16.37,550,89.44075340256724,11.155378486055776,38,0,0.8109090909090909,33.91888563694603,0.8109090909090909,121663
cluster_frontier,1,1,111,16.54,555,89.4299591002045,11.08910891089109,42,1,0.809009009009009,34.49903511526078,0.809009009009009,125463
cluster_frontier,1,1,112,16.650000000000002,560,89.45735452415627,11.023622047244094,41,2,0.8071428571428572,34.628278579609244,0.8071428571428572,129791
cluster_frontier,1,1,113,16.78,565,89.47170284853809,10.95890410958904,40,0,0.8053097345132744,34.60165638519246,0.8053097345132744,133598
cluster_frontier,1,1,114,16.919999999999998,570,89.47957470621152,10.894941634241246,44,1,0.8035087719298246,34.72141687980685,0.8035087719298246,137507
cluster_frontier,1,1,115,17.080000000000002,575,89.47498151343358,10.81081081081081,45,2,0.8034782608695652,34.98104419155051,0.8034782608695652,141485
cluster_frontier,1,1,116,17.26,580,89.45825444329078,10.919540229885058,44,0,0.8017241379310345,35.014800593600455,0.8017241379310345,145385
cluster_frontier,1,1,117,17.4,585,89.46603705049037,10.836501901140684,45,1,0.8017094017094017,35.74444751266312,0.8017094017094017,149422
cluster_frontier,1,1,118,17.54,590,89.47368421052632,10.754716981132075,42,2,0.8016949152542373,36.05195991132383,0.8016949152542373,153680
cluster_frontier,1,1,119,17.65,595,89.4990480723465,10.674157303370785,43,0,0.8016806722689076,36.18883543006665,0.8016806722689076,157700
cluster_frontier,1,1,120,17.740000000000002,600,89.53577537898897,10.594795539033457,43,0,0.8016666666666666,35.54053886992302,0.8016666666666666,161738
cluster_frontier,1,1,121,17.8,605,89.58942566382034,10.516605166051662,44,1,0.8016528925619835,35.63969255625832,0.8016528925619835,165849
cluster_frontier,1,1,122,17.87,610,89.636374180827,10.642201834862385,44,1,0.7983606557377049,35.560762942089895,0.7983606557377049,170186
cluster_frontier,1,1,123,17.97,615,89.66528640441685,10.583941605839415,43,1,0.7967479674796748,36.361111944605604,0.7967479674796748,174537
cluster_frontier,1,1,124,18.07,620,89.6937204129356,10.507246376811594,42,1,0.7967741935483871,37.186001852600896,0.7967741935483871,178785
cluster_frontier,1,1,125,18.17,625,89.72168797375268,10.431654676258994,41,0,0.7968,38.06771870443049,0.7968,182934
cluster_frontier,1,1,126,18.310000000000002,630,89.7267575604556,10.357142857142858,40,0,0.7968253968253968,38.45504121543658,0.7968253968253968,187110
cluster_frontier,1,1,127,18.47,635,89.7200422997718,10.28368794326241,43,1,0.7968503937007874,38.86275394482623,0.7968503937007874,191588
cluster_frontier,1,1,128,18.61,640,89.7244768372812,10.211267605633804,43,1,0.796875,38.79287358544367,0.796875,197254
cluster_frontier,1,1,129,18.72,645,89.74246575342465,10.13986013986014,44,2,0.7968992248062016,38.98964059241328,0.7968992248062016,201793
cluster_frontier,1,1,130,18.85,650,89.7487491842506,10.069444444444445,42,0,0.796923076923077,38.92983278583686,0.796923076923077,206116
cluster_frontier,1,1,131,18.95,655,89.77389239652474,10.0,42,2,0.7969465648854962,38.64961504102929,0.7969465648854962,210908
cluster_frontier,1,1,132,19.1,660,89.77187533468994,9.931506849315069,46,0,0.796969696969697,38.86979285326114,0.796969696969697,215285
cluster_frontier,1,1,133,19.24,665,89.77574662557126,9.863945578231291,44,2,0.7969924812030075,38.435149030019296,0.7969924812030075,219861
cluster_frontier,1,1,134,19.39,670,89.77158833148705,9.797297297297296,44,1,0.7970149253731343,38.84907567011211,0.7970149253731343,224400
cluster_frontier,1,1,135,19.57,675,89.75178047758693,9.731543624161073,44,0,0.797037037037037,38.95399612026766,0.797037037037037,228879
cluster_frontier,1,1,136,19.71,680,89.75252157637516,9.68280467445743,45,3,0.7955882352941176,39.07740535047798,0.7955882352941176,237263
cluster_frontier,1,1,137,19.81,685,89.77390047491225,9.634551495016613,43,1,0.7941605839416058,38.84967386364213,0.7941605839416058,241906
cluster_frontier,1,1,138,19.939999999999998,690,89.780124032597,9.570957095709572,43,0,0.7942028985507247,38.84184159061224,0.7942028985507247,246478
cluster_frontier,1,1,139,20.07,695,89.78625954198473,9.508196721311474,44,2,0.7942446043165468,39.37438331110301,0.7942446043165468,251264
cluster_frontier,1,1,140,20.21,700,89.78725554601041,9.446254071661238,44,1,0.7942857142857143,39.78938154175988,0.7942857142857143,255999
cluster_frontier,1,1,141,20.34,705,89.79581598354488,9.40032414910859,45,0,0.7929078014184398,39.616108639598544,0.7929078014184398,260664
cluster_frontier,1,1,142,20.49,710,89.79480027891225,9.35483870967742,44,2,0.7915492957746478,39.98477455702605,0.7915492957746478,265622
cluster_frontier,1,1,143,20.65,715,89.78885427483559,9.309791332263243,48,1,0.7902097902097902,40.19310458130825,0.7902097902097902,270386
cluster_frontier,1,1,144,20.82,720,89.77808326787117,9.26517571884984,48,0,0.7888888888888889,40.59954017666418,0.7888888888888889,275141
cluster_frontier,1,1,145,20.97,725,89.77721444937356,9.206349206349207,47,1,0.7889655172413793,40.99463347912698,0.7889655172413793,281603
cluster_frontier,1,1,146,21.11,730,89.78119856714106,9.14826498422713,47,1,0.7890410958904109,40.9322557009511,0.7890410958904109,286472
cluster_frontier,1,1,147,21.240000000000002,735,89.78993414411383,9.090909090909092,50,1,0.7891156462585034,41.28734611796865,0.7891156462585034,291521
cluster_frontier,1,1,148,21.44,740,89.76513270956654,9.034267912772584,48,0,0.7891891891891892,41.17236541895754,0.7891891891891892,296423
cluster_frontier,1,1,149,21.57,745,89.77385862608448,8.978328173374612,50,2,0.789261744966443,41.38305656877914,0.789261744966443,303282
cluster_frontier,1,1,150,21.7,750,89.78246539222148,8.936825885978427,49,1,0.788,41.671183029778135,0.788,308519
cluster_frontier,1,1,151,21.82,755,89.79515480310542,8.88208269525268,49,1,0.7880794701986755,42.076287975303174,0.7880794701986755,313934
cluster_frontier,1,1,152,21.89,760,89.83090216482394,8.82800608828006,48,1,0.7881578947368421,42.53624406244533,0.7881578947368421,319127
cluster_frontier,1,1,153,22.0,765,89.84771573604061,8.774583963691377,47,1,0.788235294117647,43.494782631128764,0.788235294117647,324337
cluster_frontier,1,1,154,22.13,770,89.85513890162281,8.721804511278195,44,0,0.7883116883116883,44.041792115760614,0.7883116883116883,329428
cluster_frontier,1,1,155,22.29,775,89.84649022912586,8.669656203288492,45,1,0.7883870967741935,45.130105723344684,0.7883870967741935,334644
cluster_frontier,1,1,156,22.46,780,89.83112237968035,8.618127786032689,45,2,0.7884615384615384,46.22281853571177,0.7884615384615384,340258
cluster_frontier,1,1,157,22.61,785,89.82494037172044,8.567208271787297,43,0,0.7885350318471338,46.41118911262834,0.7885350318471338,345466
cluster_frontier,1,1,158,22.770000000000003,790,89.81435920375755,8.529411764705882,45,2,0.7873417721518987,46.89420120508718,0.7873417721518987,351750
cluster_frontier,1,1,159,22.88,795,89.82839868409354,8.49194729136164,46,2,0.7861635220125787,47.217126445702796,0.7861635220125787,357435
cluster_frontier,1,1,160,23.02,800,89.83125717819595,8.454810495626822,45,0,0.785,47.56121709976493,0.785,362739
cluster_frontier,1,1,161,23.150000000000002,805,89.83846896672812,8.550724637681158,46,1,0.7838509316770186,48.576377500752514,0.7838509316770186,368157
cluster_frontier,1,1,162,23.23,810,89.86739945912937,8.658008658008658,48,1,0.7814814814814814,48.87264832285596,0.7814814814814814,373865
cluster_frontier,1,1,163,23.330000000000002,815,89.8872995231903,8.764367816091955,48,0,0.7791411042944786,49.13892971151064,0.7791411042944786,379250
cluster_frontier,1,1,164,23.400000000000002,820,89.91987593693462,8.869814020028613,48,2,0.776829268292683,49.18578797657202,0.776829268292683,384939
cluster_frontier,1,1,165,23.53,825,89.92636355852385,8.961593172119487,50,0,0.7757575757575758,49.71332057871067,0.7757575757575758,390357
cluster_frontier,1,1,166,23.69,830,89.92000680793124,9.052333804809052,50,0,0.7746987951807229,49.99372684990526,0.7746987951807229,395796
cluster_frontier,1,1,167,23.78,835,89.94375607899522,9.014084507042254,50,2,0.7736526946107785,49.20139017082006,0.7736526946107785,401668
cluster_frontier,1,1,168,23.93,840,89.94199731002017,8.96358543417367,51,1,0.7738095238095238,49.12406711021795,0.7738095238095238,407308
cluster_frontier,1,1,169,24.060000000000002,845,89.94861511467602,8.913649025069638,50,0,0.7739644970414201,48.875513634306415,0.7739644970414201,412858
cluster_frontier,1,1,170,24.21,850,89.94643079606328,8.86426592797784,48,1,0.7741176470588236,49.23729866473438,0.7741176470588236,418551
cluster_frontier,1,1,171,24.279999999999998,855,89.97522708505367,8.827586206896552,50,1,0.7730994152046784,50.06316411367088,0.7730994152046784,424406
cluster_frontier,1,1,172,24.39,860,89.98727369760662,8.77914951989026,50,1,0.7732558139534884,50.415362013723566,0.7732558139534884,430381
cluster_frontier,1,1,173,24.52,865,89.9910196750755,8.731241473396999,49,1,0.7734104046242775,51.0370616361072,0.7734104046242775,436147
cluster_frontier,1,1,174,24.64,870,90.00081162243325,8.683853459972863,50,0,0.7735632183908046,51.35244589411472,0.7735632183908046,441856
cluster_frontier,1,1,175,24.79,875,89.99838618575002,8.63697705802969,52,2,0.7737142857142857,51.719892182924255,0.7737142857142857,448012
cluster_frontier,1,1,176,24.92,880,90.0044121776102,8.590604026845638,52,0,0.7738636363636363,51.32907261502527,0.7738636363636363,453781
cluster_frontier,1,1,177,25.040000000000003,885,90.0143563566757,8.544726301735647,50,0,0.7740112994350282,50.96384048096094,0.7740112994350282,459583
cluster_frontier,1,1,178,25.15,890,90.02815114388802,8.49933598937583,51,3,0.7741573033707865,50.627865555242124,0.7741573033707865,465770
cluster_frontier,1,1,179,25.28,895,90.03390365055586,8.45442536327609,49,1,0.7743016759776536,50.02656310979432,0.7743016759776536,472774
cluster_frontier,1,1,180,25.44,900,90.02783113166869,8.409986859395532,51,0,0.7744444444444445,49.721983127244364,0.7744444444444445,478666
cluster_frontier,1,1,181,25.569999999999997,905,90.03352042407235,8.366013071895424,52,2,0.7745856353591161,49.186336208984834,0.7745856353591161,484783
cluster_frontier,1,1,182,25.71,910,90.03526995077709,8.322496749024708,52,1,0.7747252747252747,49.62107144600496,0.7747252747252747,490939
cluster_frontier,1,1,183,25.89,915,90.02158328836815,8.290155440414509,52,0,0.7737704918032787,49.62190406309589,0.7737704918032787,496945
cluster_frontier,1,1,184,26.029999999999998,920,90.02337970947836,8.258064516129032,53,1,0.7728260869565218,49.85475103198155,0.7728260869565218,503243
cluster_frontier,1,1,185,26.169999999999998,925,90.02515627382223,8.226221079691516,56,2,0.7718918918918919,50.288581285300346,0.7718918918918919,509526
cluster_frontier,1,1,186,26.32,930,90.02274450341167,8.194622279129321,57,0,0.7709677419354839,50.31073430892348,0.7709677419354839,515628
cluster_frontier,1,1,187,26.46,935,90.0241290906349,8.16326530612245,59,1,0.7700534759358288,50.51925309899984,0.7700534759358288,522054
cluster_frontier,1,1,188,26.55,940,90.04424778761062,8.132147395171538,58,2,0.7691489361702127,49.974035295916,0.7691489361702127,528399
cluster_frontier,1,1,189,26.71,945,90.03804266746232,8.10126582278481,58,0,0.7682539682539683,49.70041142977614,0.7682539682539683,534594
cluster_frontier,1,1,190,26.85,950,90.03969284415922,8.07061790668348,57,0,0.7673684210526316,49.58135002201985,0.7673684210526316,540828
cluster_frontier,1,1,191,27.0,955,90.0376355988488,8.040201005025125,60,1,0.7664921465968586,49.22437592327575,0.7664921465968586,547171
cluster_frontier,1,1,192,27.139999999999997,960,90.03927037839028,8.010012515644556,61,2,0.765625,49.558979951002726,0.765625,553623
cluster_frontier,1,1,193,27.29,965,90.03723714953271,7.98004987531172,63,0,0.7647668393782383,50.014880447274706,0.7647668393782383,559938
cluster_frontier,1,1,194,27.500000000000004,970,90.01343646729855,7.94044665012407,65,0,0.7649484536082474,50.065633691041135,0.7649484536082474,566280
cluster_frontier,1,1,195,27.66,975,90.00794740264432,7.901234567901234,61,2,0.7651282051282051,50.522696583260505,0.7651282051282051,574945
cluster_frontier,1,1,196,27.77,980,90.0204837028785,7.872078720787208,59,1,0.7642857142857142,50.428014298360445,0.7642857142857142,581555
cluster_frontier,1,1,197,27.889999999999997,985,90.02895856422724,7.8431372549019605,59,0,0.7634517766497462,50.74608782384259,0.7634517766497462,588029
cluster_frontier,1,1,198,27.939999999999998,990,90.06224435354792,7.814407814407814,57,2,0.7626262626262627,51.22158733079959,0.7626262626262627,597651
cluster_frontier,1,1,199,28.000000000000004,995,90.08989877539464,7.7764277035236935,55,1,0.7628140703517587,51.41016699312131,0.7628140703517587,604261
cluster_frontier,1,1,200,28.1,1000,90.1031944493361,7.74818401937046,56,0,0.762,52.21215948173868,0.762,610780
cluster_frontier,1,1,201,28.21,1005,90.1111227959477,7.720144752714113,57,0,0.7611940298507462,52.421330396036794,0.7611940298507462,617323
cluster_frontier,1,1,202,28.299999999999997,1010,90.12595513066537,7.6923076923076925,57,1,0.7603960396039604,52.41431766678936,0.7603960396039604,624050
cluster_frontier,1,1,203,28.42,1015,90.13023094287203,7.664670658682635,58,1,0.7596059113300493,52.42660170649772,0.7596059113300493,630745
cluster_frontier,1,1,204,28.549999999999997,1020,90.13101040478413,7.637231503579953,57,0,0.7588235294117647,52.28584376858639,0.7588235294117647,637360
cluster_frontier,1,1,205,28.67,1025,90.13522348002616,7.600950118764846,58,2,0.7590243902439024,52.00788988297471,0.7590243902439024,644256
cluster_frontier,1,1,206,28.799999999999997,1030,90.13766180398602,7.5650118203309695,58,1,0.7592233009708738,51.35755226112042,0.7592233009708738,651066
cluster_frontier,1,1,207,28.970000000000002,1035,90.12812649083351,7.529411764705881,60,0,0.7594202898550725,50.367885399666534,0.7594202898550725,657768
cluster_frontier,1,1,208,29.060000000000002,1040,90.14581213970838,7.502930832356388,57,1,0.7586538461538461,50.27880501131572,0.7586538461538461,664756
cluster_frontier,1,1,209,29.18,1045,90.15353467184073,7.467911318553091,56,1,0.7588516746411483,49.8285996471371,0.7588516746411483,671647
cluster_frontier,1,1,210,29.349999999999998,1050,90.1443922095366,7.4332171893147505,59,2,0.7590476190476191,49.40413597941954,0.7590476190476191,678997
cluster_frontier,1,1,211,29.5,1055,90.14202172096908,7.398843930635839,58,0,0.7592417061611374,49.354165273246494,0.7592417061611374,685840
cluster_frontier,1,1,212,29.609999999999996,1060,90.152976388427,7.3647871116225545,61,1,0.7594339622641509,49.627538301130336,0.7594339622641509,695045
cluster_frontier,1,1,213,29.709999999999997,1065,90.1671355287109,7.339449541284404,60,2,0.7586854460093897,49.24769741235139,0.7586854460093897,702195
cluster_frontier,1,1,214,29.849999999999998,1070,90.16798418972331,7.4200913242009126,59,0,0.7579439252336448,49.34605035947522,0.7579439252336448,709125
cluster_frontier,1,1,215,30.0,1075,90.16554663169973,7.386363636363637,58,1,0.7581395348837209,48.91152946588328,0.7581395348837209,716161
cluster_frontier,1,1,216,30.18,1080,90.15334420880914,7.352941176470589,56,0,0.7583333333333333,49.37457452539758,0.7583333333333333,723163
cluster_frontier,1,1,217,30.31,1085,90.15749309952913,7.328072153325817,60,2,0.7576036866359447,48.6630243774855,0.7576036866359447,730528
cluster_frontier,1,1,218,30.470000000000002,1090,90.1519069166128,7.303370786516854,60,1,0.7568807339449541,48.51937336045107,0.7568807339449541,739996
cluster_frontier,1,1,219,30.65,1095,90.139938877272,7.278835386338185,60,1,0.7561643835616438,48.402798305642044,0.7561643835616438,749563
cluster_frontier,1,1,220,30.86,1100,90.1184758245277,7.246376811594203,59,0,0.7563636363636363,48.65912843640784,0.7563636363636363,756712
cluster_frontier,1,1,221,31.009999999999998,1105,90.11633466135459,7.222222222222221,62,2,0.755656108597285,49.03681622960886,0.755656108597285,768814
cluster_frontier,1,1,222,31.19,1110,90.10469543147208,7.1902654867256635,64,0,0.7558558558558559,48.96260619820692,0.7558558558558559,776047
cluster_frontier,1,1,223,31.369999999999997,1115,90.093162798042,7.166482910694598,65,2,0.7551569506726458,48.49712669173992,0.7551569506726458,788267
cluster_frontier,1,1,224,31.52,1120,90.0911662999057,7.142857142857142,63,1,0.7544642857142857,48.528683478885256,0.7544642857142857,795660
cluster_frontier,1,1,225,31.72,1125,90.07323026851098,7.11159737417943,62,1,0.7546666666666667,48.09523693078102,0.7546666666666667,805524
cluster_frontier,1,1,226,31.900000000000002,1130,90.06168608636052,7.080610021786492,65,1,0.7548672566371681,47.81346591427441,0.7548672566371681,813014
cluster_frontier,1,1,227,32.08,1135,90.05055360853518,7.049891540130152,67,1,0.7550660792951542,47.00426420296283,0.7550660792951542,820545
cluster_frontier,1,1,228,32.28,1140,90.03334568358652,7.019438444924406,67,2,0.7552631578947369,47.1279752687235,0.7552631578947369,830637
cluster_frontier,1,1,229,32.45,1145,90.02551255648112,6.989247311827956,68,0,0.7554585152838428,47.51419724326708,0.7554585152838428,838182
cluster_frontier,1,1,230,32.64,1150,90.01162861864252,6.9593147751606,71,2,0.7556521739130435,47.172726699846635,0.7556521739130435,845959
cluster_frontier,1,1,231,32.84,1155,89.99482070499344,6.929637526652452,68,2,0.7558441558441559,46.467438856292574,0.7558441558441559,853759
cluster_frontier,1,1,232,33.050000000000004,1160,89.97512739626305,6.900212314225053,67,0,0.7560344827586207,46.26721696844622,0.7560344827586207,861442
cluster_frontier,1,1,233,33.23,1165,89.9646664452028,6.871035940803383,70,1,0.7562231759656652,46.13632461072401,0.7562231759656652,871813
cluster_frontier,1,1,234,33.45,1170,89.94226952913584,6.842105263157896,69,1,0.7564102564102564,46.033758074009285,0.7564102564102564,879759
cluster_frontier,1,1,235,33.61,1175,89.93772827974372,6.813417190775681,70,2,0.7565957446808511,46.540195367595864,0.7565957446808511,890301
cluster_frontier,1,1,236,33.75,1180,89.93918798068324,6.784968684759916,71,1,0.7567796610169492,46.66157261191339,0.7567796610169492,898238
cluster_frontier,1,1,237,33.85,1185,89.95280638746253,6.763787721123829,72,1,0.7561181434599156,46.472223885190324,0.7561181434599156,906252
cluster_frontier,1,1,238,34.02,1190,89.94562004965125,6.7357512953367875,72,3,0.7563025210084033,46.4789086991631,0.7563025210084033,914860
cluster_frontier,1,1,239,34.150000000000006,1195,89.95026632529944,6.707946336429309,72,3,0.7564853556485356,45.940389043264204,0.7564853556485356,914860
cluster_frontier,1,1,240,34.35,1200,89.93436089784915,6.680369989722508,74,1,0.7566666666666667,45.36128350214905,0.7566666666666667,917635
cluster_frontier,1,1,241,34.53,1205,89.92442589944851,6.646216768916155,74,1,0.7576763485477178,45.39235210698692,0.7576763485477178,917682
cluster_frontier,1,1,242,34.75,1210,89.90295211529521,6.619144602851323,77,1,0.7578512396694215,45.442840875376234,0.7578512396694215,920411
cluster_frontier,1,1,243,34.97,1215,89.88165851682533,6.592292089249494,77,1,0.7580246913580246,46.21082447265995,0.7580246913580246,920482
cluster_frontier,1,1,244,35.22,1220,89.8518988071227,6.565656565656567,76,2,0.7581967213114754,46.468963236121475,0.7581967213114754,923381
cluster_frontier,1,1,245,35.4,1225,89.84247223896014,6.539235412474849,78,1,0.7583673469387755,46.75575691073273,0.7583673469387755,926183
cluster_frontier,1,1,246,35.58,1230,89.8331237855755,6.513026052104208,80,1,0.7585365853658537,46.56884660215918,0.7585365853658537,929008
cluster_frontier,1,1,247,35.8,1235,89.81246976466237,6.487025948103792,78,1,0.7587044534412956,46.24544881584454,0.7587044534412956,929081
cluster_frontier,1,1,248,36.0,1240,89.79765346029586,6.461232604373758,79,1,0.7588709677419355,45.71395251928114,0.7588709677419355,931959
cluster_frontier,1,1,249,36.17,1245,89.79142558776213,6.435643564356436,79,1,0.7590361445783133,45.25205525662092,0.7590361445783133,932025
cluster_frontier,1,1,250,36.3,1250,89.79649201709017,6.416584402764067,82,2,0.7584,45.833709998979806,0.7584,932200
cluster_frontier,1,1,251,36.52,1255,89.77632205145433,6.391347099311701,82,2,0.7585657370517929,45.930542778322675,0.7585657370517929,932200
cluster_frontier,1,1,252,36.7,1260,89.7674677967992,6.360078277886497,86,1,0.7595238095238095,46.09312365819196,0.7595238095238095,932284
cluster_frontier,1,1,253,36.919999999999995,1265,89.74757712921053,6.329113924050633,86,1,0.7604743083003953,46.30090686430019,0.7604743083003953,932339
cluster_frontier,1,1,254,37.1,1270,89.73890917136852,6.2984496124031,87,2,0.7614173228346457,46.784522269755335,0.7614173228346457,932484
cluster_frontier,1,1,255,37.32,1275,89.71929147957357,6.274131274131274,86,1,0.7615686274509804,46.7202412586887,0.7615686274509804,932587
cluster_frontier,1,1,256,37.55,1280,89.69708609998354,6.25,86,1,0.76171875,46.51794632509905,0.76171875,932692
cluster_frontier,1,1,257,37.79,1285,89.67232379546883,6.226053639846743,86,2,0.7618677042801556,46.78721526360958,0.7618677042801556,932840
cluster_frontier,1,1,258,38.01,1290,89.6532012195122,6.202290076335878,87,1,0.762015503875969,46.78257357150888,0.762015503875969,932990
cluster_frontier,1,1,259,38.2,1295,89.64236327648382,6.178707224334601,87,1,0.7621621621621621,46.63091734011935,0.7621621621621621,932990
cluster_frontier,1,1,260,38.33,1300,89.64781504888457,6.15530303030303,92,3,0.7623076923076924,46.04629481742604,0.7623076923076924,936212
cluster_frontier,1,1,261,38.5,1305,89.64246321056739,6.226415094339623,92,3,0.7616858237547893,45.49281246669976,0.7616858237547893,936212
cluster_frontier,1,1,262,38.64,1310,89.64519241076215,6.197183098591549,90,1,0.7625954198473283,44.942572900734135,0.7625954198473283,936386
cluster_frontier,1,1,263,38.83,1315,89.63455326873282,6.261682242990655,91,2,0.7627376425855513,44.715775041309385,0.7627376425855513,939532
cluster_frontier,1,1,264,39.04,1320,89.61867787055257,6.325581395348837,91,2,0.7628787878787879,44.41382192213102,0.7628787878787879,939532
cluster_frontier,1,1,265,39.22,1325,89.61087123519906,6.388888888888888,93,1,0.7630188679245283,43.91284443140166,0.7630188679245283,939602
cluster_frontier,1,1,266,39.4,1330,89.60312434029977,6.451612903225806,94,2,0.7631578947368421,43.33888565978309,0.7631578947368421,945820
cluster_frontier,1,1,267,39.62,1335,89.58492153203123,6.422018348623854,95,1,0.7640449438202247,42.78738428442229,0.7640449438202247,945919
cluster_frontier,1,1,268,39.86,1340,89.5616194416802,6.392694063926941,94,1,0.7649253731343284,41.86509522122449,0.7649253731343284,945988
cluster_frontier,1,1,269,40.06,1345,89.54892906524745,6.363636363636363,94,2,0.7657992565055762,41.379195252109575,0.7657992565055762,952309
cluster_frontier,1,1,270,40.29,1350,89.52853726998649,6.334841628959276,94,2,0.7666666666666667,40.40129968138278,0.7666666666666667,952309
cluster_frontier,1,1,271,40.45,1355,89.52642344838301,6.311992786293959,94,2,0.766789667896679,39.75909600898429,0.766789667896679,955768
cluster_frontier,1,1,272,40.64,1360,89.51658669968529,6.289308176100629,96,2,0.7669117647058824,39.09809552902074,0.7669117647058824,962181
cluster_frontier,1,1,273,40.78,1365,89.51967310015164,6.261180679785331,96,2,0.7677655677655678,38.58316086732363,0.7677655677655678,962181
cluster_frontier,1,1,274,40.94,1370,89.51761573125768,6.233303650934995,96,2,0.7686131386861313,38.18140266952802,0.7686131386861313,962181
cluster_frontier,1,1,275,41.120000000000005,1375,89.51047167164103,6.205673758865248,93,3,0.7694545454545455,38.606854658383405,0.7694545454545455,965494
cluster_frontier,1,1,276,41.339999999999996,1380,89.4932140497128,6.17828773168579,92,1,0.7702898550724637,38.11188406716971,0.7702898550724637,965674
cluster_frontier,1,1,277,41.54,1385,89.48114760325137,6.151142355008787,96,1,0.7711191335740072,37.32948502486415,0.7711191335740072,972286
cluster_frontier,1,1,278,41.71,1390,89.47673831870017,6.124234470691164,95,2,0.7719424460431654,36.92789955550567,0.7719424460431654,972560
cluster_frontier,1,1,279,41.88,1395,89.47236117744653,6.097560975609756,95,2,0.7727598566308244,36.10560544164413,0.7727598566308244,972560
cluster_frontier,1,1,280,42.03,1400,89.47302509642839,6.071118820468343,97,2,0.7735714285714286,35.52893561520981,0.7735714285714286,973024
cluster_frontier,1,1,281,42.21,1405,89.4661974994385,6.0449050086355784,99,2,0.7743772241992882,35.58919008612579,0.7743772241992882,973246
cluster_frontier,1,1,282,42.370000000000005,1410,89.46439228167893,6.110154905335628,99,2,0.7737588652482269,35.26659846211138,0.7737588652482269,973246
cluster_frontier,1,1,283,42.54,1415,89.46012239538167,6.174957118353345,99,2,0.7731448763250883,34.87239766355152,0.7731448763250883,973246
cluster_frontier,1,1,284,42.71,1420,89.45588307905001,6.23398804440649,100,3,0.7732394366197183,34.336633422156645,0.7732394366197183,973602
cluster_frontier,1,1,285,42.89,1425,89.44921404147499,6.292517006802721,100,3,0.7733333333333333,34.10663410918356,0.7733333333333333,973602
cluster_frontier,1,1,286,43.1,1430,89.43523874889695,6.265876375952582,100,3,0.7741258741258741,33.77040371945596,0.7741258741258741,973602
cluster_frontier,1,1,287,43.21,1435,89.44578784103955,6.25,100,4,0.7735191637630662,33.92201902442623,0.7735191637630662,975024
cluster_frontier,1,1,288,43.39,1440,89.43922504015967,6.228956228956229,100,4,0.7736111111111111,34.09899949514035,0.7736111111111111,975024
cluster_frontier,1,1,289,43.55,1445,89.43755911813926,6.202849958088851,100,4,0.77439446366782,34.13253328320262,0.77439446366782,975024
cluster_frontier,1,1,290,43.74,1450,89.4286542923434,6.176961602671119,102,2,0.7751724137931034,33.97363214551085,0.7751724137931034,975235
cluster_frontier,1,1,291,43.919999999999995,1455,89.42222008140459,6.151288445552785,101,2,0.7759450171821306,34.596778971242856,0.7759450171821306,975636
cluster_frontier,1,1,292,44.13,1460,89.4086305380886,6.125827814569536,101,1,0.7767123287671233,35.034383482192645,0.7767123287671233,975841
cluster_frontier,1,1,293,44.330000000000005,1465,89.39752696658773,6.100577081615829,101,2,0.7774744027303754,34.61375373976418,0.7774744027303754,979422
cluster_frontier,1,1,294,44.49,1470,89.39603394031843,6.075533661740558,100,1,0.7782312925170068,35.729662656224335,0.7782312925170068,979598
cluster_frontier,1,1,295,44.73,1475,89.37554927436403,6.050695012264922,100,1,0.7789830508474577,36.29148695854604,0.7789830508474577,979598
cluster_frontier,1,1,296,44.940000000000005,1480,89.36230649055533,6.030969845150774,98,2,0.779054054054054,37.32815482003078,0.779054054054054,980888
cluster_frontier,1,1,297,45.2,1485,89.33735934514402,6.0064935064935066,100,3,0.7797979797979798,37.965625082010774,0.7797979797979798,981349
cluster_frontier,1,1,298,45.440000000000005,1490,89.31728418280986,5.982215036378335,100,3,0.7805369127516778,38.48662256168605,0.7805369127516778,981349
cluster_frontier,1,1,299,45.68,1495,89.29734542302195,5.958132045088567,104,1,0.7812709030100334,38.48222983938106,0.7812709030100334,981414
cluster_frontier,1,1,300,45.879999999999995,1500,89.28688180077523,5.934242181234964,104,3,0.782,38.590213452270405,0.782,982125
cluster_frontier,1,1,301,46.07,1505,89.27881594563776,5.9105431309904155,104,3,0.7827242524916943,38.81319333075046,0.7827242524916943,982125
cluster_frontier,1,1,302,46.25,1510,89.27312366638834,5.88703261734288,98,1,0.7834437086092715,38.935250942319,0.7834437086092715,982287
cluster_frontier,1,1,303,46.410000000000004,1515,89.27209264695685,5.863708399366086,96,3,0.7841584158415842,38.81983805063226,0.7841584158415842,982705
cluster_frontier,1,1,304,46.51,1520,89.2848914896558,5.840568271507498,96,3,0.7848684210526315,39.12698412267133,0.7848684210526315,982705
cluster_frontier,1,1,305,46.650000000000006,1525,89.28842047254942,5.817610062893082,92,2,0.7855737704918033,39.4107489311612,0.7855737704918033,983271
cluster_frontier,1,1,306,46.79,1530,89.29192603441962,5.794831636648395,93,2,0.7862745098039216,39.971538643132675,0.7862745098039216,985214
cluster_frontier,1,1,307,46.94,1535,89.29312743778655,5.77223088923557,94,1,0.786970684039088,40.37569817826423,0.786970684039088,985439
cluster_frontier,1,1,308,47.06,1540,89.30114127222298,5.749805749805749,93,1,0.7876623376623376,40.76407481724161,0.7876623376623376,985740
cluster_frontier,1,1,309,47.21,1545,89.3023045025039,5.8049535603715166,93,1,0.7877022653721683,41.39747914164228,0.7877022653721683,985740
cluster_frontier,1,1,310,47.32,1550,89.31249435360014,5.941358024691358,92,2,0.7864516129032258,41.63070059506144,0.7864516129032258,986676
cluster_frontier,1,1,311,47.46,1555,89.31586411832242,6.072252113758648,95,1,0.7858520900321544,42.321098475499,0.7858520900321544,986743
cluster_frontier,1,1,312,47.56,1560,89.32818740744065,6.2021439509954055,95,1,0.7852564102564102,42.527962355343206,0.7852564102564102,986743
cluster_frontier,1,1,313,47.69,1565,89.333721008253,6.254767353165523,92,1,0.7853035143769969,43.32328711441049,0.7853035143769969,987222
cluster_frontier,1,1,314,47.78,1570,89.34813625824862,6.306990881458967,91,1,0.7853503184713376,43.80797874294779,0.7853503184713376,987313
cluster_frontier,1,1,315,47.88,1575,89.36023643919025,6.358819076457229,91,1,0.7853968253968254,43.94539744889902,0.7853968253968254,987313
cluster_frontier,1,1,316,47.97,1580,89.37447392903026,6.339622641509433,93,2,0.7854430379746835,44.803042836356475,0.7854430379746835,987783
cluster_frontier,1,1,317,48.11,1585,89.37758053476408,6.320541760722348,93,1,0.7854889589905363,44.995498536694456,0.7854889589905363,987868
cluster_frontier,1,1,318,48.230000000000004,1590,89.38506910819615,6.301575393848462,93,1,0.7855345911949686,45.0588462746739,0.7855345911949686,987868
cluster_frontier,1,1,319,48.36,1595,89.39031614049713,6.352765321375187,93,1,0.7855799373040753,45.31644896529016,0.7855799373040753,987868
cluster_frontier,1,1,320,48.480000000000004,1600,89.39771683506102,6.403574087862992,95,1,0.785625,45.1129173708422,0.785625,987966
cluster_frontier,1,1,321,48.58,1605,89.4094307950557,6.45879732739421,93,1,0.7850467289719626,46.070980038943176,0.7850467289719626,988185
cluster_frontier,1,1,322,48.74,1610,89.40803198887343,6.43491124260355,94,1,0.7857142857142857,46.928279849956816,0.7857142857142857,988316
cluster_frontier,1,1,323,48.93,1615,89.40014297783844,6.411201179071481,97,1,0.7863777089783281,47.48075322115474,0.7863777089783281,992178
cluster_frontier,1,1,324,49.13,1620,89.3901438258541,6.387665198237885,97,1,0.7870370370370371,48.46450050686534,0.7870370370370371,992178
cluster_frontier,1,1,325,49.32,1625,89.38235990613765,6.3643013899049015,96,3,0.7876923076923077,48.566504251008816,0.7876923076923077,994870
cluster_frontier,1,1,326,49.54,1630,89.36818611039574,6.341107871720117,96,1,0.7883435582822086,48.9380241932691,0.7883435582822086,994950
cluster_frontier,1,1,327,49.8,1635,89.34554245737148,6.318082788671024,94,1,0.7889908256880734,49.42705794120411,0.7889908256880734,995341
cluster_frontier,1,1,328,49.980000000000004,1640,89.34010152284264,6.295224312590449,96,2,0.7896341463414634,49.050177725071926,0.7896341463414634,999490
cluster_frontier,1,1,329,50.11,1645,89.34532542365675,6.272530641672675,94,2,0.790273556231003,48.220719786247834,0.790273556231003,1007920
cluster_frontier,1,1,330,50.239999999999995,1650,89.35051721214177,6.25,94,2,0.7909090909090909,47.85177641220176,0.7909090909090909,1007920
cluster_frontier,1,1,331,50.42,1655,89.34511105006234,6.227630637079455,94,2,0.7915407854984894,48.16816991840983,0.7915407854984894,1007920
cluster_frontier,1,1,332,50.690000000000005,1660,89.32077697720474,6.205420827389443,96,3,0.7921686746987951,48.49473320363161,0.7921686746987951,1008952
cluster_frontier,1,1,333,50.9,1665,89.30919325365987,6.183368869936034,92,1,0.7927927927927928,48.87016309425844,0.7927927927927928,1013006
cluster_frontier,1,1,334,51.12,1670,89.29558589496608,6.161473087818696,92,1,0.7934131736526946,48.695154010658726,0.7934131736526946,1013006
cluster_frontier,1,1,335,51.31,1675,89.28832383457548,6.139731827805223,95,2,0.7940298507462686,48.96116985661743,0.7940298507462686,1017913
cluster_frontier,1,1,336,51.480000000000004,1680,89.28526828456063,6.118143459915612,95,3,0.7946428571428571,48.893846761167495,0.7946428571428571,1026493
cluster_frontier,1,1,337,51.66,1685,89.28015604573469,6.0967063770147165,95,3,0.7952522255192879,49.48966040819065,0.7952522255192879,1026493
cluster_frontier,1,1,338,51.839999999999996,1690,89.27507447864946,6.075418994413408,102,1,0.7958579881656804,50.042522920878184,0.7958579881656804,1026617
cluster_frontier,1,1,339,52.05,1695,89.26383531692828,6.05427974947808,101,2,0.7964601769911505,50.67273780718323,0.7964601769911505,1026938
cluster_frontier,1,1,340,52.18000000000001,1700,89.26911528811748,6.037473976405274,101,1,0.7964705882352942,51.74684437187922,0.7964705882352942,1027157
cluster_frontier,1,1,341,52.339999999999996,1705,89.2682126673638,6.02076124567474,101,1,0.7964809384164223,52.45523988495226,0.7964809384164223,1027157
cluster_frontier,1,1,342,52.49,1710,89.26935971870145,6.0,99,3,0.7970760233918128,52.693035091207264,0.7970760233918128,1039744
cluster_frontier,1,1,343,52.68000000000001,1715,89.26234687429934,5.979381443298969,96,1,0.797667638483965,52.70564022158093,0.797667638483965,1039958
cluster_frontier,1,1,344,52.910000000000004,1720,89.24724627078,5.9589041095890405,96,1,0.7982558139534883,52.769842226206755,0.7982558139534883,1039958
cluster_frontier,1,1,345,53.06999999999999,1725,89.24641851228952,5.938566552901023,98,2,0.7988405797101449,52.03788550090453,0.7988405797101449,1040503
cluster_frontier,1,1,346,53.290000000000006,1730,89.23347341199289,5.918367346938775,97,2,0.7994219653179191,51.15147762590432,0.7994219653179191,1045033
cluster_frontier,1,1,347,53.5,1735,89.22261840011281,5.898305084745763,96,1,0.8,50.33095315424475,0.8,1045390
cluster_frontier,1,1,348,53.7,1740,89.213835214719,5.878378378378379,97,1,0.8005747126436782,49.89796916954524,0.8005747126436782,1045469
cluster_frontier,1,1,349,53.959999999999994,1745,89.19308645931385,5.858585858585859,96,2,0.8011461318051576,49.053937706721584,0.8011461318051576,1050370
cluster_frontier,1,1,350,54.22,1750,89.17245786404665,5.838926174496644,97,2,0.8017142857142857,48.513222703686665,0.8017142857142857,1051683
cluster_frontier,1,1,351,54.36,1755,89.1758427749348,5.8232931726907635,95,1,0.8017094017094017,48.69548687361271,0.8017094017094017,1056062
cluster_frontier,1,1,352,54.52,1760,89.17523726323313,5.807743658210948,95,1,0.8017045454545455,48.31109972995746,0.8017045454545455,1056062
cluster_frontier,1,1,353,54.65,1765,89.18057452832056,5.788423153692615,100,3,0.8022662889518414,48.0014825166554,0.8022662889518414,1064890
cluster_frontier,1,1,354,54.800000000000004,1770,89.18193303853444,5.769230769230769,95,1,0.8028248587570621,47.645191760219134,0.8028248587570621,1065005
cluster_frontier,1,1,355,54.99000000000001,1775,89.17540993287534,5.750165234633179,95,1,0.8033802816901409,47.816773845344706,0.8033802816901409,1065005
cluster_frontier,1,1,356,55.14,1780,89.17677540925686,5.735003295978905,97,1,0.8033707865168539,47.60295632681391,0.8033707865168539,1069453
cluster_frontier,1,1,357,55.230000000000004,1785,89.18987688634006,5.719921104536489,93,2,0.8033613445378152,48.263982082211975,0.8033613445378152,1070302
cluster_frontier,1,1,358,55.36,1790,89.19509719728316,5.7011795543905635,96,1,0.8039106145251397,48.93426694544799,0.8039106145251397,1074676
cluster_frontier,1,1,359,55.53,1795,89.19250306533544,5.686274509803922,97,1,0.803899721448468,49.83113823963904,0.803899721448468,1074992
cluster_frontier,1,1,360,55.730000000000004,1800,89.18410123044677,5.6714471968709255,97,1,0.8038888888888889,50.62706449759834,0.8038888888888889,1074992
cluster_frontier,1,1,361,55.85,1805,89.19122912271874,5.653021442495127,95,1,0.804432132963989,50.704262410041714,0.804432132963989,1083855
cluster_frontier,1,1,362,55.95,1810,89.20217693376563,5.638366817887232,92,3,0.8044198895027624,50.528378964159764,0.8044198895027624,1085127
cluster_frontier,1,1,363,56.010000000000005,1815,89.22076172514001,5.627425614489004,92,3,0.8038567493112948,50.42842541664306,0.8038567493112948,1085127
cluster_frontier,1,1,364,56.10000000000001,1820,89.23348558707251,5.612903225806452,92,3,0.8038461538461539,50.42842541664306,0.8038461538461539,1085127
cluster_frontier,1,1,365,56.18,1825,89.24805266884844,5.598455598455598,92,3,0.8038356164383562,50.750114244700384,0.8038356164383562,1085127
cluster_frontier,1,1,366,56.26,1830,89.26253912512405,5.5876685934489405,91,2,0.8032786885245902,50.133874412989535,0.8032786885245902,1086689
cluster_frontier,1,1,367,56.31,1835,89.28265545002951,5.573350416399744,92,1,0.8032697547683924,49.44904775761678,0.8032697547683924,1086792
cluster_frontier,1,1,368,56.37,1840,89.30076301104658,5.555555555555555,92,1,0.803804347826087,48.9300237846253,0.803804347826087,1086792
cluster_frontier,1,1,369,56.45,1845,89.31498551986523,5.537873965626989,90,1,0.8043360433604336,47.90090052382484,0.8043360433604336,1087191
cluster_frontier,1,1,370,56.53,1850,89.32913017215343,5.520304568527918,89,1,0.8048648648648649,46.73090381654295,0.8048648648648649,1087464
cluster_frontier,1,1,371,56.61000000000001,1855,89.34319760546676,5.566097406704618,89,1,0.8048517520215633,46.47469384664517,0.8048517520215633,1087464
cluster_frontier,1,1,372,56.720000000000006,1860,89.3515563398791,5.611601513240857,89,1,0.8048387096774193,45.76930588212963,0.8048387096774193,1088009
cluster_frontier,1,1,373,56.81,1865,89.3636142367677,5.656819610307982,88,1,0.8048257372654155,46.02957456462687,0.8048257372654155,1088303
cluster_frontier,1,1,374,56.93,1870,89.37000522817237,5.701754385964912,88,1,0.8048128342245989,45.61829553390427,0.8048128342245989,1088303
cluster_frontier,1,1,375,57.08,1875,89.37077521833858,5.746408494690818,88,1,0.8048,45.606860222195245,0.8048,1088303
cluster_frontier,1,1,376,57.16,1880,89.38454109868886,5.798004987531172,88,3,0.8037234042553192,45.504398238128374,0.8037234042553192,1093556
cluster_frontier,1,1,377,57.25,1885,89.39638087829454,5.787181082762912,87,1,0.803183023872679,46.16915170499102,0.803183023872679,1094067
cluster_frontier,1,1,378,57.36,1890,89.40446283434314,5.772811918063315,87,1,0.8031746031746032,46.157892728336854,0.8031746031746032,1094067
cluster_frontier,1,1,379,57.43000000000001,1895,89.41967575534267,5.758513931888545,87,1,0.8031662269129287,45.68530128480339,0.8031662269129287,1094290
cluster_frontier,1,1,380,57.48,1900,89.4384830221961,5.744286596664608,87,2,0.8031578947368421,45.201960453790676,0.8031578947368421,1099105
cluster_frontier,1,1,381,57.58,1905,89.44802814836534,5.788177339901478,88,1,0.8031496062992126,44.40367101026442,0.8031496062992126,1099635
cluster_frontier,1,1,382,57.64,1910,89.46483404006433,5.831798649478207,86,1,0.8031413612565445,43.31654208148709,0.8031413612565445,1099861
cluster_frontier,1,1,383,57.69,1915,89.48356636345407,5.87515299877601,86,1,0.8031331592689295,42.93837020112046,0.8031331592689295,1099861
cluster_frontier,1,1,384,57.76,1920,89.49856368859315,5.918242830994509,87,3,0.803125,42.530875798138275,0.803125,1105807
cluster_frontier,1,1,385,57.79,1925,89.52073548878452,5.964698721850274,85,1,0.8025974025974026,41.775853803785786,0.8025974025974026,1110493
cluster_frontier,1,1,386,57.84,1930,89.53917384070029,6.007281553398059,85,1,0.8025906735751296,41.38207150126968,0.8025906735751296,1110493
cluster_frontier,1,1,387,57.91,1935,89.55390803975685,6.049606775559589,85,1,0.8025839793281654,41.36821957641722,0.8025839793281654,1110493
cluster_frontier,1,1,388,58.01,1940,89.56316793206433,6.099033816425121,84,2,0.8015463917525774,41.064625051388255,0.8015463917525774,1111396
cluster_frontier,1,1,389,58.14,1945,89.56699624957382,6.1408789885611075,84,2,0.8015424164524422,40.457601941404874,0.8015424164524422,1111396
cluster_frontier,1,1,390,58.24,1950,89.5761741122566,6.182472989195678,84,1,0.8015384615384615,39.888440088236436,0.8015384615384615,1111618
cluster_frontier,1,1,391,58.330000000000005,1955,89.5870896335041,6.283662477558348,84,1,0.8010230179028133,39.24239243961333,0.8010230179028133,1111618
cluster_frontier,1,1,392,58.39,1960,89.60329048110822,6.272401433691756,84,1,0.8005102040816326,39.1081127039471,0.8005102040816326,1111732
cluster_frontier,1,1,393,58.5,1965,89.61052799829507,6.31328171530673,84,2,0.8005089058524173,38.59588163996007,0.8005089058524173,1117391
cluster_frontier,1,1,394,58.589999999999996,1970,89.62127116842628,6.353919239904989,84,2,0.8005076142131979,38.33837731255248,0.8005076142131979,1117391
cluster_frontier,1,1,395,58.68,1975,89.63195929112851,6.394316163410302,84,2,0.800506329113924,38.56418294672236,0.800506329113924,1117391
cluster_frontier,1,1,396,58.76,1980,89.64435515138697,6.434474616292799,84,2,0.8005050505050505,38.2412445964388,0.8005050505050505,1123298
cluster_frontier,1,1,397,58.81999999999999,1985,89.66020356144637,6.474396703943497,85,2,0.8005037783375315,38.42167452317237,0.8005037783375315,1124572
cluster_frontier,1,1,398,58.919999999999995,1990,89.66895777808949,6.514084507042253,85,2,0.800502512562814,38.59643662036859,0.800502512562814,1124572
cluster_frontier,1,1,399,59.0,1995,89.68098502868337,6.553540081919252,87,1,0.800501253132832,38.856572741078004,0.800501253132832,1129256
cluster_frontier,1,1,400,59.08,2000,89.69295184926726,6.596614127262113,86,1,0.8,38.29142365507111,0.8,1129349
cluster_frontier,1,1,401,59.18,2005,89.70137825421133,6.639487478159581,86,1,0.799501246882793,38.06370059910394,0.799501246882793,1129349
cluster_frontier,1,1,402,59.230000000000004,2010,89.71754943318925,6.74026728646136,86,1,0.7985074626865671,38.581517173718666,0.7985074626865671,1129443
cluster_frontier,1,1,403,59.31999999999999,2015,89.72671538914481,6.836616454229433,86,1,0.798014888337469,38.58193463122696,0.798014888337469,1129533
cluster_frontier,1,1,404,59.419999999999995,2020,89.73410963874156,6.878612716763005,86,1,0.7975247524752476,38.72441560467618,0.7975247524752476,1129533
cluster_frontier,1,1,405,59.57,2025,89.73285074112376,6.920415224913495,88,1,0.797037037037037,38.56482555628587,0.797037037037037,1129599
cluster_frontier,1,1,406,59.699999999999996,2030,89.73503670970959,6.962025316455696,86,1,0.7965517241379311,37.97389681835308,0.7965517241379311,1129805
cluster_frontier,1,1,407,59.85,2035,89.73466202425261,6.99942627653471,86,1,0.7965601965601966,37.293507377666444,0.7965601965601966,1129805
cluster_frontier,1,1,408,60.029999999999994,2040,89.72933205584451,7.036613272311213,89,2,0.7965686274509803,36.95567520149004,0.7965686274509803,1135167
cluster_frontier,1,1,409,60.209999999999994,2045,89.72402846756438,7.0735881346263545,88,2,0.7965770171149145,36.72093269915057,0.7965770171149145,1135831
cluster_frontier,1,1,410,60.419999999999995,2050,89.71364363784944,7.1103526734926055,88,2,0.7965853658536586,36.19143540688679,0.7965853658536586,1135831
cluster_frontier,1,1,411,60.550000000000004,2055,89.71689621792368,7.094211123723042,91,3,0.7965936739659367,35.81288919931874,0.7965936739659367,1140963
cluster_frontier,1,1,412,60.660000000000004,2060,89.72352104086197,7.134767836919592,91,1,0.7961165048543689,35.28707890213321,0.7961165048543689,1145773
cluster_frontier,1,1,413,60.79,2065,89.72673347641661,7.171089779785432,91,1,0.7961259079903148,35.1926535291633,0.7961259079903148,1150601
cluster_frontier,1,1,414,60.99,2070,89.71812940422807,7.1509009009009015,91,1,0.7966183574879228,35.36779488407552,0.7966183574879228,1155433
cluster_frontier,1,1,415,61.22,2075,89.70452213981804,7.130825379000562,90,1,0.7971084337349398,35.76865289085156,0.7971084337349398,1155518
cluster_frontier,1,1,416,61.39,2080,89.70104683935041,7.166853303471445,92,2,0.7971153846153847,36.04119471018486,0.7971153846153847,1160749
cluster_frontier,1,1,417,61.53999999999999,2085,89.70093551788196,7.202680067001675,93,2,0.7971223021582734,36.83061316764842,0.7971223021582734,1160925
cluster_frontier,1,1,418,61.73,2090,89.69397465649365,7.182628062360802,93,2,0.7976076555023923,37.864876688165594,0.7976076555023923,1160925
cluster_frontier,1,1,419,61.839999999999996,2095,89.70037141286788,7.162687395891172,89,3,0.798090692124105,37.421402751285854,0.798090692124105,1161738
cluster_frontier,1,1,420,62.050000000000004,2100,89.69012212345268,7.142857142857142,89,3,0.7985714285714286,37.070330305659745,0.7985714285714286,1161738
cluster_frontier,1,1,421,62.23,2105,89.68489449518474,7.123136388735506,91,2,0.7990498812351544,36.7940734172226,0.7990498812351544,1162038
cluster_frontier,1,1,422,62.44,2110,89.67473087162865,7.10352422907489,90,1,0.7995260663507109,36.527977084883,0.7995260663507109,1162184
cluster_frontier,1,1,423,62.59,2115,89.67468408723481,7.0840197693574956,90,1,0.8,36.63964339912138,0.8,1162184
cluster_frontier,1,1,424,62.71,2120,89.67957474120765,7.064622124863089,91,3,0.8004716981132075,36.21659574882834,0.8004716981132075,1162611
cluster_frontier,1,1,425,62.81,2125,89.68772575031194,7.049180327868852,93,1,0.8004705882352942,36.597638068537435,0.8004705882352942,1162670
cluster_frontier,1,1,426,62.96000000000001,2130,89.68764843660426,7.029972752043596,93,1,0.8009389671361502,36.62281957675819,0.8009389671361502,1162670
cluster_frontier,1,1,427,63.09,2135,89.69083956992058,7.0690592713431215,94,2,0.8004683840749415,35.82285956635853,0.8004683840749415,1167791
cluster_frontier,1,1,428,63.24999999999999,2140,89.68912508354661,7.107976125881714,94,2,0.8,35.06406527016487,0.8,1167791
cluster_frontier,1,1,429,63.38,2145,89.69229768410096,7.0925825663237685,89,2,0.8,35.27414440072023,0.8,1168166
cluster_frontier,1,1,430,63.480000000000004,2150,89.70032287897716,7.0772555375472725,91,2,0.8,35.557566499968104,0.8,1168395
cluster_frontier,1,1,431,63.65,2155,89.69697950726795,7.058189655172415,91,2,0.8004640371229699,35.831951973799406,0.8004640371229699,1168395
cluster_frontier,1,1,432,63.85999999999999,2160,89.68719215800269,7.039226222461043,91,2,0.8009259259259259,36.36572947618213,0.8009259259259259,1168395
cluster_frontier,1,1,433,64.09,2165,89.67422826577302,7.020364415862808,92,3,0.8013856812933026,36.88637367436705,0.8013856812933026,1168838
cluster_frontier,1,1,434,64.33,2170,89.65971742240367,7.001603420630678,93,2,0.8018433179723502,37.57540792819598,0.8018433179723502,1169571
cluster_frontier,1,1,435,64.51,2175,89.65489592353828,6.982942430703624,93,2,0.8022988505747126,37.76665030949442,0.8022988505747126,1169571
cluster_frontier,1,1,436,64.69,2180,89.65009679535382,6.964380648591175,94,1,0.8027522935779816,37.909683842358696,0.8027522935779816,1174704
cluster_frontier,1,1,437,64.83,2185,89.65170476312093,6.945917285259809,93,3,0.8032036613272311,38.107022983061334,0.8032036613272311,1180942
cluster_frontier,1,1,438,65.02,2190,89.64534263373307,6.927551560021153,93,1,0.8036529680365296,38.68762667224186,0.8036529680365296,1181490
cluster_frontier,1,1,439,65.21000000000001,2195,89.63884519440074,6.909282700421941,93,1,0.8041002277904328,39.279802816408974,0.8041002277904328,1181601
cluster_frontier,1,1,440,65.27,2200,89.65314986842522,6.9510268562401265,92,2,0.8031818181818182,39.0017403312245,0.8031818181818182,1187042
cluster_frontier,1,1,441,65.35,2205,89.66422572635109,7.03781512605042,92,2,0.8027210884353742,38.626070188909026,0.8027210884353742,1187042
cluster_frontier,1,1,442,65.49000000000001,2210,89.66578299564476,7.019381875327396,91,1,0.8031674208144797,38.505353114565516,0.8031674208144797,1187134
cluster_frontier,1,1,443,65.67,2215,89.661035628257,7.001044932079415,91,1,0.8036117381489842,38.445724284555524,0.8036117381489842,1187134
cluster_frontier,1,1,444,65.73,2220,89.67515943577015,6.982803543512246,93,1,0.8040540540540541,37.75365421922302,0.8040540540540541,1187942
cluster_frontier,1,1,445,65.8,2225,89.68765182503488,6.964656964656965,91,2,0.8044943820224719,37.878638267024485,0.8044943820224719,1188750
cluster_frontier,1,1,446,65.9,2230,89.69539654741055,6.946604458268533,91,2,0.804932735426009,38.146154147118956,0.804932735426009,1188750
cluster_frontier,1,1,447,65.99000000000001,2235,89.70466636504048,6.928645294725956,91,2,0.8053691275167785,38.3227420860593,0.8053691275167785,1188750
cluster_frontier,1,1,448,66.06,2240,89.7170075651443,6.96594427244582,92,2,0.8049107142857143,37.699268588280276,0.8049107142857143,1194189
cluster_frontier,1,1,449,66.14,2245,89.72774007175362,7.003089598352215,92,2,0.8044543429844098,37.18564688470682,0.8044543429844098,1194189
cluster_frontier,1,1,450,66.2,2250,89.74152358519805,7.040082219938334,92,2,0.804,37.58961937528154,0.804,1194189
cluster_frontier,1,1,451,66.27,2255,89.75369915116657,7.076923076923077,91,2,0.8035476718403548,37.172288063757094,0.8035476718403548,1195054
cluster_frontier,1,1,452,66.36,2260,89.76273487396254,7.161125319693094,91,2,0.8030973451327433,36.48987581231484,0.8030973451327433,1195054
cluster_frontier,1,1,453,66.52,2265,89.76095556205458,7.197549770290965,91,2,0.8026490066225166,35.96701209518151,0.8026490066225166,1195054
cluster_frontier,1,1,454,66.64999999999999,2270,89.76379162059222,7.186544342507645,91,2,0.8022026431718061,35.86488442613302,0.8022026431718061,1195878
cluster_frontier,1,1,455,66.79,2275,89.76508267312319,7.171922685656154,92,1,0.8021978021978022,34.79166117347376,0.8021978021978022,1195967
cluster_frontier,1,1,456,66.95,2280,89.76330999052017,7.15736040609137,92,1,0.8021929824561403,33.725682718730106,0.8021929824561403,1195967
cluster_frontier,1,1,457,67.07,2285,89.76764764214991,7.142857142857142,93,1,0.8021881838074398,33.52499231057394,0.8021881838074398,1196181
cluster_frontier,1,1,458,67.17999999999999,2290,89.77348840041405,7.132018209408194,93,1,0.8017467248908297,33.06281229569696,0.8017467248908297,1196241
cluster_frontier,1,1,459,67.36,2295,89.7686711119887,7.114026236125126,95,1,0.8021786492374727,32.45600957626017,0.8021786492374727,1196301
cluster_frontier,1,1,460,67.54,2300,89.76387499621109,7.096124811273276,96,1,0.802608695652174,32.35230796932766,0.802608695652174,1197401
cluster_frontier,1,1,461,67.7,2305,89.76212439699366,7.078313253012049,96,1,0.8030368763557484,32.800458439085396,0.8030368763557484,1197401
cluster_frontier,1,1,462,67.82000000000001,2310,89.7664171897634,7.060590886329495,96,3,0.8034632034632034,32.964245720240704,0.8034632034632034,1208496
cluster_frontier,1,1,463,67.97,2315,89.76617432283903,7.092907092907093,96,3,0.8034557235421166,33.249918861106764,0.8034557235421166,1208496
cluster_frontier,1,1,464,68.03,2320,89.77945374237552,7.075236671649228,96,3,0.8038793103448276,33.61291435595056,0.8038793103448276,1208496
cluster_frontier,1,1,465,68.11,2325,89.78967724526662,7.061163600198907,92,2,0.8038709677419354,33.61648214885126,0.8038709677419354,1210787
cluster_frontier,1,1,466,68.19,2330,89.7998563992102,7.0436507936507935,91,1,0.8042918454935623,33.9315005617121,0.8042918454935623,1210831
cluster_frontier,1,1,467,68.30000000000001,2335,89.805513679717,7.0262246412667,91,1,0.8047109207708779,34.38951256495011,0.8047109207708779,1210831
cluster_frontier,1,1,468,68.39,2340,89.81412528670579,7.107601184600197,88,1,0.8042735042735043,34.273254698547774,0.8042735042735043,1211189
cluster_frontier,1,1,469,68.47,2345,89.82418594973768,7.093596059113301,91,3,0.8042643923240939,34.3682795733049,0.8042643923240939,1220643
cluster_frontier,1,1,470,68.58999999999999,2350,89.82827144382489,7.125307125307126,91,3,0.8042553191489362,34.09164604926719,0.8042553191489362,1220643
cluster_frontier,1,1,471,68.71000000000001,2355,89.832339405419,7.156862745098039,87,1,0.8042462845010616,33.74155313939567,0.8042462845010616,1220990
cluster_frontier,1,1,472,68.85,2360,89.83343669708515,7.188264058679707,89,1,0.8042372881355933,33.81044975967696,0.8042372881355933,1221113
cluster_frontier,1,1,473,68.99,2365,89.83452929995433,7.2195121951219505,87,1,0.8042283298097251,33.62560971386715,0.8042283298097251,1226731
cluster_frontier,1,1,474,69.12,2370,89.83708757278127,7.201946472019465,90,1,0.8046413502109705,33.706078346724915,0.8046413502109705,1230056
cluster_frontier,1,1,475,69.25,2375,89.83963496045894,7.184466019417475,89,1,0.8050526315789474,33.615664125583876,0.8050526315789474,1231422
cluster_frontier,1,1,476,69.42,2380,89.83631518842786,7.167070217917676,89,1,0.8054621848739496,33.01359285804,0.8054621848739496,1231566
cluster_frontier,1,1,477,69.55,2385,89.83885341943402,7.149758454106281,87,1,0.8058700209643606,32.000413307042564,0.8058700209643606,1231810
cluster_frontier,1,1,478,69.63000000000001,2390,89.84867039888033,7.135969141755062,91,3,0.8058577405857741,31.60561261651406,0.8058577405857741,1232425
cluster_frontier,1,1,479,69.72,2395,89.85699114014287,7.118807118807119,91,3,0.8062630480167015,30.898789746172305,0.8062630480167015,1232425
cluster_frontier,1,1,480,69.78999999999999,2400,89.86818036642374,7.1017274472168905,91,1,0.8066666666666666,31.355484510495483,0.8066666666666666,1238062
cluster_frontier,1,1,481,69.88,2405,89.87642516696364,7.180469123982768,91,1,0.8062370062370062,31.764115587491027,0.8062370062370062,1238190
cluster_frontier,1,1,482,69.99,2410,89.88174405828948,7.25883476599809,91,1,0.8058091286307054,31.825712605046185,0.8058091286307054,1238190
cluster_frontier,1,1,483,70.07,2415,89.89136863972763,7.292659675881792,90,1,0.8053830227743272,31.906877847472764,0.8053830227743272,1243971
cluster_frontier,1,1,484,70.15,2420,89.90095303907172,7.278782112274025,88,1,0.8053719008264463,31.332489962424223,0.8053719008264463,1245155
cluster_frontier,1,1,485,70.27,2425,89.90475095895528,7.261509254864737,89,1,0.8057731958762887,30.958689675873238,0.8057731958762887,1250979
cluster_frontier,1,1,486,70.42,2430,89.90423213671292,7.2443181818181825,89,1,0.8061728395061728,30.902280602720328,0.8061728395061728,1250979
cluster_frontier,1,1,487,70.55,2435,89.90657682017826,7.274444969296173,88,1,0.8061601642710472,30.466382491836605,0.8061601642710472,1256655
cluster_frontier,1,1,488,70.62,2440,89.91747808457782,7.304429783223375,89,2,0.8061475409836065,29.864171013771738,0.8061475409836065,1262860
cluster_frontier,1,1,489,70.72,2445,89.92406001111317,7.334273624823695,89,2,0.8061349693251534,29.36804341386585,0.8061349693251534,1262860
cluster_frontier,1,1,490,70.81,2450,89.93203662628675,7.363977485928705,85,1,0.8061224489795918,29.395594623371625,0.8061224489795918,1268798
cluster_frontier,1,1,491,70.93,2455,89.9357237112817,7.3935423490875065,88,1,0.8061099796334013,29.554332613599634,0.8061099796334013,1268989
cluster_frontier,1,1,492,71.08,2460,89.9351476876894,7.42296918767507,86,1,0.8060975609756098,29.761466482503742,0.8060975609756098,1269242
cluster_frontier,1,1,493,71.17999999999999,2465,89.94163946472226,7.452258965999069,86,1,0.8060851926977688,30.048481894170976,0.8060851926977688,1269242
cluster_frontier,1,1,494,71.28999999999999,2470,89.94669449458483,7.481412639405205,86,3,0.8060728744939272,31.054987572245487,0.8060728744939272,1269746
cluster_frontier,1,1,495,71.36,2475,89.95735817723799,7.510431154381085,87,1,0.806060606060606,31.952909289723607,0.806060606060606,1269800
cluster_frontier,1,1,496,71.44,2480,89.96657397264121,7.542804257288292,84,1,0.8056451612903226,32.11105958134951,0.8056451612903226,1270610
cluster_frontier,1,1,497,71.6,2485,89.96453950411369,7.532347504621072,83,1,0.8052313883299799,32.57218597212537,0.8052313883299799,1276552
cluster_frontier,1,1,498,71.73,2490,89.96670956190901,7.521919704660822,83,2,0.8048192771084337,32.26481881351016,0.8048192771084337,1276921
cluster_frontier,1,1,499,71.88,2495,89.9660789815319,7.508060801473976,84,1,0.8048096192384769,31.84770923469274,0.8048096192384769,1277023
cluster_frontier,1,1,500,72.02,2500,89.96684405561282,7.490808823529411,84,1,0.8052,31.8750159745962,0.8052,1277023
cluster_frontier,1,1,501,72.15,2505,89.96899634351495,7.473635946813388,84,1,0.8055888223552894,31.952260896103006,0.8055888223552894,1277023
cluster_frontier,1,1,502,72.24000000000001,2510,89.97668997668997,7.459954233409611,79,4,0.8055776892430279,32.577047907228575,0.8055776892430279,1279964
cluster_frontier,1,1,503,72.31,2515,89.98712214575515,7.446322521699406,79,4,0.8055666003976143,31.906836624463022,0.8055666003976143,1279964
cluster_frontier,1,1,504,72.38,2520,89.99751250656422,7.432740538075695,79,4,0.8055555555555556,32.071491376676484,0.8055555555555556,1279964
cluster_frontier,1,1,505,72.47,2525,90.0051029555767,7.419208010923987,78,1,0.8055445544554456,32.60678560058912,0.8055445544554456,1280540
cluster_frontier,1,1,506,72.59,2530,90.00853383251666,7.40572467060427,78,1,0.8055335968379447,33.03148791790791,0.8055335968379447,1280540
cluster_frontier,1,1,507,72.71,2535,90.01195104193854,7.395644283121597,81,1,0.8051282051282052,33.136107936078304,0.8051282051282052,1292005
cluster_frontier,1,1,508,72.82,2540,90.01672561761399,7.385591300407793,79,1,0.8047244094488188,33.053511576969186,0.8047244094488188,1300001
cluster_frontier,1,1,509,72.91,2545,90.0242177131364,7.375565610859729,79,1,0.8043222003929273,32.72895679740764,0.8043222003929273,1300001
cluster_frontier,1,1,510,72.96000000000001,2550,90.03714223290365,7.36556710347944,79,1,0.803921568627451,32.19983543956987,0.803921568627451,1300001
cluster_frontier,1,1,511,72.99,2555,90.05274132221268,7.358916478555305,78,2,0.8031311154598826,32.072610410704456,0.8031311154598826,1306882
cluster_frontier,1,1,512,73.09,2560,90.05875792279862,7.345651194231635,78,2,0.803125,32.215453734246445,0.803125,1306882
cluster_frontier,1,1,513,73.18,2565,90.06610829815249,7.332433648223121,78,2,0.8031189083820662,32.157979833381,0.8031189083820662,1306882
cluster_frontier,1,1,514,73.29,2570,90.07072020809625,7.3159784560143635,80,1,0.8035019455252919,32.319854446917596,0.8035019455252919,1307095
cluster_frontier,1,1,515,73.36,2575,90.08072258204092,7.344379758172861,81,2,0.8034951456310679,32.666499645254454,0.8034951456310679,1309421
cluster_frontier,1,1,516,73.45,2580,90.08798682896548,7.327971403038427,81,2,0.8038759689922481,33.657003331224175,0.8038759689922481,1309421
cluster_frontier,1,1,517,73.56,2585,90.09252899107034,7.311636201515827,81,2,0.8042553191489362,34.10275193381354,0.8042553191489362,1309421
cluster_frontier,1,1,518,73.65,2590,90.09974190773201,7.343124165554073,77,1,0.8038610038610039,34.698971260107704,0.8038610038610039,1310002
cluster_frontier,1,1,519,73.7,2595,90.11229322349973,7.330075521990227,77,1,0.8038535645472061,34.32556236122437,0.8038535645472061,1310002
cluster_frontier,1,1,520,73.75,2600,90.12479580086233,7.320319432120674,79,2,0.8034615384615384,34.98750528062739,0.8034615384615384,1310269
cluster_frontier,1,1,521,73.88,2605,90.1265585951595,7.3041168658698545,79,2,0.8038387715930903,35.99678530766395,0.8038387715930903,1310269
cluster_frontier,1,1,522,74.09,2610,90.11764392039694,7.287985865724382,79,2,0.8042145593869732,36.72447218113917,0.8042145593869732,1310269
cluster_frontier,1,1,523,74.32,2615,90.10610114887442,7.271925958572058,81,1,0.8045889101338433,37.753874232273304,0.8045889101338433,1310379
cluster_frontier,1,1,524,74.48,2620,90.1039036964205,7.255936675461741,81,3,0.8049618320610687,37.90611033504372,0.8049618320610687,1316957
cluster_frontier,1,1,525,74.63,2625,90.10304083175302,7.240017551557701,81,3,0.8053333333333333,38.130979950460905,0.8053333333333333,1316957
cluster_frontier,1,1,526,74.74,2630,90.10747564591274,7.224168126094571,73,1,0.805703422053232,37.75715612574061,0.805703422053232,1322948
cluster_frontier,1,1,527,74.83,2635,90.11453558265188,7.211538461538461,75,2,0.8056925996204933,36.9281455067415,0.8056925996204933,1329037
cluster_frontier,1,1,528,74.92,2640,90.1215685240368,7.195813344962931,75,2,0.806060606060606,36.80602513956323,0.806060606060606,1329037
cluster_frontier,1,1,529,75.0,2645,90.12989063918828,7.180156657963447,75,2,0.8064272211720227,36.12089187657708,0.8064272211720227,1329037
cluster_frontier,1,1,530,75.14999999999999,2650,90.12898649713655,7.164567954841511,75,2,0.8067924528301886,35.795776008101754,0.8067924528301886,1329037
cluster_frontier,1,1,531,75.24,2655,90.13595185966936,7.152145643693109,75,1,0.8067796610169492,36.17091270995637,0.8067796610169492,1329174
cluster_frontier,1,1,532,75.35,2660,90.14027374316296,7.139766334919948,71,1,0.8067669172932331,36.28045939734014,0.8067669172932331,1329408
cluster_frontier,1,1,533,75.49,2665,90.14066112032599,7.124352331606218,72,1,0.8071294559099437,36.25231825201517,0.8071294559099437,1329863
cluster_frontier,1,1,534,75.63,2670,90.14104703305871,7.112068965517242,72,1,0.8071161048689138,36.01091147131986,0.8071161048689138,1330159
cluster_frontier,1,1,535,75.76,2675,90.14273260730968,7.096774193548387,71,1,0.8074766355140187,36.28186821800844,0.8074766355140187,1330597
cluster_frontier,1,1,536,75.87,2680,90.14700916859303,7.081545064377683,71,1,0.8078358208955224,36.056333175478784,0.8078358208955224,1330597
cluster_frontier,1,1,537,75.99000000000001,2685,90.14997342735298,7.066381156316917,70,1,0.8081936685288641,36.470171885385234,0.8081936685288641,1336646
cluster_frontier,1,1,538,76.09,2690,90.15551415411686,7.05429670799487,68,2,0.80817843866171,36.62710101626665,0.80817843866171,1337780
cluster_frontier,1,1,539,76.18,2695,90.16232550331237,7.045260461144322,70,2,0.8077922077922078,36.19410908751969,0.8077922077922078,1338906
cluster_frontier,1,1,540,76.27000000000001,2700,90.1691113918177,7.030251384746484,70,2,0.8081481481481482,36.29957501198838,0.8081481481481482,1338906
cluster_frontier,1,1,541,76.35,2705,90.17715851634567,7.015306122448979,71,2,0.8085027726432532,35.55890286484789,0.8085027726432532,1351057
cluster_frontier,1,1,542,76.47,2710,90.18003903842202,7.000424268137463,71,2,0.8088560885608856,35.71317927342324,0.8088560885608856,1351057
cluster_frontier,1,1,543,76.58,2715,90.18419062512017,6.985605419136324,71,2,0.8092081031307551,35.6024055864812,0.8092081031307551,1351057
cluster_frontier,1,1,544,76.64999999999999,2720,90.19331891864229,7.013096746937052,72,1,0.8091911764705882,35.87652822178942,0.8091911764705882,1363234
cluster_frontier,1,1,545,76.69,2725,90.20624481195327,7.040472175379427,71,1,0.8091743119266055,36.03766449143663,0.8091743119266055,1369340
cluster_frontier,1,1,546,76.73,2730,90.21924792861695,7.073684210526316,71,1,0.8084249084249084,35.93676149428811,0.8084249084249084,1369340
cluster_frontier,1,1,547,76.81,2735,90.2271136840766,7.103825136612022,72,1,0.8080438756855576,36.18600068519011,0.8080438756855576,1369405
cluster_frontier,1,1,548,76.91,2740,90.23241046482093,7.091900965169954,72,1,0.808029197080292,36.42877541433735,0.808029197080292,1369405
cluster_frontier,1,1,549,77.03999999999999,2745,90.23388476896749,7.080016757436113,72,1,0.8080145719489982,36.25906190205978,0.8080145719489982,1369405
cluster_frontier,1,1,550,77.14,2750,90.23902618026294,7.068172312839815,70,1,0.808,36.741031319201014,0.808,1375574
cluster_frontier,1,1,551,77.25999999999999,2755,90.24162277544112,7.056367432150314,68,3,0.8079854809437387,37.23781860423797,0.8079854809437387,1383552
cluster_frontier,1,1,552,77.36,2760,90.24673146992448,7.044601917465611,68,3,0.8079710144927537,37.525683021976114,0.8079710144927537,1383552
cluster_frontier,1,1,553,77.47,2765,90.25056316935351,7.029950083194675,68,3,0.8083182640144665,37.632807625304935,0.8083182640144665,1383552
cluster_frontier,1,1,554,77.56,2770,90.25689341121789,7.01827242524917,69,1,0.808303249097473,38.27064981065816,0.808303249097473,1391081
cluster_frontier,1,1,555,77.63,2775,90.26509831460675,7.006633499170813,70,1,0.8082882882882882,38.78624278106161,0.8082882882882882,1397234
cluster_frontier,1,1,556,77.74,2780,90.2682673409862,6.992139015308234,71,1,0.8086330935251799,39.60981972603176,0.8086330935251799,1403656
cluster_frontier,1,1,557,77.84,2785,90.27267501437105,6.98058653448988,68,1,0.8086175942549372,39.79282509462422,0.8086175942549372,1407487
cluster_frontier,1,1,558,77.96,2790,90.27457242299872,6.966199505358615,67,1,0.8089605734767025,39.753076121259085,0.8089605734767025,1412299
cluster_frontier,1,1,559,78.06,2795,90.27834858957594,6.951871657754011,70,1,0.8093023255813954,40.3536678289109,0.8093023255813954,1412665
cluster_frontier,1,1,560,78.19,2800,90.27838217558343,6.9376026272577995,70,1,0.8096428571428571,40.54687977649428,0.8096428571428571,1412665
cluster_frontier,1,1,561,78.25,2805,90.28710450206671,6.926229508196721,68,2,0.8096256684491978,41.29924216109636,0.8096256684491978,1429219
cluster_frontier,1,1,562,78.36,2810,90.28960184393472,6.914893617021277,67,1,0.8096085409252669,41.53721269367192,0.8096085409252669,1430701
cluster_frontier,1,1,563,78.42,2815,90.29827665128478,6.90359477124183,67,1,0.8095914742451155,41.787718863695375,0.8095914742451155,1437292
cluster_frontier,1,1,564,78.5,2820,90.30445254122151,6.892332789559544,67,1,0.8095744680851064,42.479001962138156,0.8095744680851064,1437292
cluster_frontier,1,1,565,78.60000000000001,2825,90.30814190063995,6.883910386965376,67,1,0.8092035398230089,43.15876501209893,0.8092035398230089,1443800
cluster_frontier,1,1,566,78.62,2830,90.32226298037864,6.913379422529483,68,1,0.8088339222614841,43.315191751591655,0.8088339222614841,1444132
cluster_frontier,1,1,567,78.67,2835,90.33253047581596,6.9399350649350655,68,1,0.8088183421516755,43.60981937800936,0.8088183421516755,1444132
cluster_frontier,1,1,568,78.79,2840,90.33358279453803,6.966383151073309,68,1,0.8088028169014084,43.946103884157864,0.8088028169014084,1444132
cluster_frontier,1,1,569,78.91,2845,90.3346316846721,6.992724333063864,68,2,0.8087873462214411,44.10450726131491,0.8087873462214411,1457258
cluster_frontier,1,1,570,79.01,2850,90.33871362191245,7.018959257765228,67,1,0.8087719298245614,44.5248335809127,0.8087719298245614,1463731
cluster_frontier,1,1,571,79.11,2855,90.34337121443306,7.045088566827697,67,1,0.8087565674255692,44.31386692996894,0.8087565674255692,1463847
cluster_frontier,1,1,572,79.21000000000001,2860,90.34801257524433,7.030936118923263,69,1,0.8090909090909091,44.51923248183778,0.8090909090909091,1463916
cluster_frontier,1,1,573,79.32000000000001,2865,90.35083450926962,7.016840417000802,70,1,0.8094240837696335,45.58693670459867,0.8094240837696335,1470588
cluster_frontier,1,1,574,79.42,2870,90.35427572051448,7.042817126850741,70,1,0.8094076655052265,46.203322720876166,0.8094076655052265,1470588
cluster_frontier,1,1,575,79.51,2875,90.3583338385982,7.068690095846645,68,1,0.8093913043478261,46.28382080229423,0.8093913043478261,1470681
cluster_frontier,1,1,576,79.61,2880,90.36116862203819,7.094459944200877,66,2,0.809375,47.12201552056114,0.809375,1484682
cluster_frontier,1,1,577,79.67999999999999,2885,90.36762128117407,7.080350039777247,66,2,0.8097053726169844,47.97373271690687,0.8097053726169844,1484682
cluster_frontier,1,1,578,79.72,2890,90.37883633642694,7.1088165210484515,66,2,0.8093425605536332,48.05166311474625,0.8093425605536332,1484682
cluster_frontier,1,1,579,79.74,2895,90.39300257825113,7.137192704203013,66,2,0.8089810017271157,48.47238086647205,0.8089810017271157,1484682
cluster_frontier,1,1,580,79.74,2900,90.40952552769258,7.168316831683168,66,1,0.8082758620689655,49.49017823973392,0.8082758620689655,1484848
cluster_frontier,1,1,581,79.74,2905,90.4259917395063,7.19652036378015,66,1,0.8079173838209983,50.30441665415323,0.8079173838209983,1484848
cluster_frontier,1,1,582,79.80000000000001,2910,90.43475133949441,7.18515594157126,66,1,0.8079037800687285,50.647096768199795,0.8079037800687285,1484848
cluster_frontier,1,1,583,79.86999999999999,2915,90.44217076527255,7.173827355143871,65,1,0.8078902229845626,51.37351398257014,0.8078902229845626,1491568
cluster_frontier,1,1,584,79.91,2920,90.45257951205524,7.162534435261708,65,1,0.8078767123287671,51.42395603752466,0.8078767123287671,1491568
cluster_frontier,1,1,585,79.97999999999999,2925,90.45994560809199,7.151277013752456,66,2,0.8078632478632478,51.15303648694628,0.8078632478632478,1492034
cluster_frontier,1,1,586,80.02,2930,90.47086002810394,7.137254901960784,66,2,0.8081911262798634,51.17023005409438,0.8081911262798634,1492034
cluster_frontier,1,1,587,80.08999999999999,2935,90.4781719611946,7.123287671232877,66,2,0.8085178875638842,51.427463700994586,0.8085178875638842,1492034
cluster_frontier,1,1,588,80.10000000000001,2940,90.49258160237389,7.114933541829554,66,2,0.8081632653061225,50.8748772159292,0.8081632653061225,1492702
cluster_frontier,1,1,589,80.11,2945,90.5075065467515,7.103825136612022,66,2,0.8081494057724957,50.865760528298416,0.8081494057724957,1492702
cluster_frontier,1,1,590,80.16,2950,90.51776145356472,7.089988313206078,66,2,0.8084745762711865,50.879173956752574,0.8084745762711865,1492702
cluster_frontier,1,1,591,80.24,2955,90.52387925740469,7.076205287713841,66,2,0.8087986463620981,51.29870666951147,0.8087986463620981,1492702
cluster_frontier,1,1,592,80.31,2960,90.53115604551081,7.062475746992628,63,1,0.8091216216216216,51.74807633468515,0.8091216216216216,1499496
cluster_frontier,1,1,593,80.36999999999999,2965,90.53958612896392,7.048799380325329,63,1,0.8094435075885329,52.896487429615014,0.8094435075885329,1499496
cluster_frontier,1,1,594,80.46,2970,90.54446311682513,7.035175879396985,63,3,0.8097643097643098,53.534141916127815,0.8097643097643098,1507745
cluster_frontier,1,1,595,80.58999999999999,2975,90.54518577613008,7.021604938271605,63,3,0.8100840336134454,53.676588200613175,0.8100840336134454,1507745
cluster_frontier,1,1,596,80.67,2980,90.55187276006652,7.049306625577811,63,3,0.8097315436241611,53.6727442482174,0.8097315436241611,1507745
cluster_frontier,1,1,597,80.73,2985,90.56087551299589,7.079646017699115,62,1,0.8090452261306532,54.405201191569006,0.8090452261306532,1514209
cluster_frontier,1,1,598,80.83,2990,90.56517882155197,7.107184018440262,62,1,0.808695652173913,55.06430213709763,0.808695652173913,1514312
cluster_frontier,1,1,599,80.93,2995,90.56946758800703,7.13463751438435,62,1,0.808347245409015,55.2303833982023,0.808347245409015,1514312
cluster_frontier,1,1,600,81.06,3000,90.57014227382186,7.120980091883614,62,1,0.8086666666666666,55.21404730007673,0.8086666666666666,1516366
cluster_frontier,1,1,601,81.11,3005,90.58010568491957,7.110091743119266,61,1,0.8086522462562395,55.349592217469215,0.8086522462562395,1523301
cluster_frontier,1,1,602,81.17,3010,90.58887639276976,7.101947308132875,59,1,0.8083056478405316,56.1333136288624,0.8083056478405316,1523402
cluster_frontier,1,1,603,81.23,3015,90.59707366763902,7.091117041555471,60,1,0.8082918739635158,55.80421719511794,0.8082918739635158,1525780
cluster_frontier,1,1,604,81.36,3020,90.59704597462034,7.077625570776255,60,1,0.8086092715231789,56.12256339295821,0.8086092715231789,1525969
cluster_frontier,1,1,605,81.47,3025,90.59889222247865,7.064185339916445,60,1,0.8089256198347108,55.97629823870709,0.8089256198347108,1525969
cluster_frontier,1,1,606,81.53,3030,90.6060606060606,7.050796057619409,57,1,0.8092409240924092,56.101891459711624,0.8092409240924092,1532483
cluster_frontier,1,1,607,81.62,3035,90.6099721589471,7.037457434733257,57,1,0.8095551894563426,56.20127619480845,0.8095551894563426,1533310
cluster_frontier,1,1,608,81.69999999999999,3040,90.61458931648478,7.02416918429003,58,1,0.8098684210526316,56.10579617173933,0.8098684210526316,1533379
cluster_frontier,1,1,609,81.8,3045,90.61689875886117,7.010931021485112,59,1,0.8101806239737275,56.06086948566982,0.8101806239737275,1533645
cluster_frontier,1,1,610,81.88,3050,90.62149222275674,6.997742663656885,58,1,0.8104918032786885,55.705360293427304,0.8104918032786885,1533844
cluster_frontier,1,1,611,81.96,3055,90.62660826404694,6.984603830266617,59,1,0.8108019639934534,55.20658807719663,0.8108019639934534,1534023
cluster_frontier,1,1,612,82.03,3060,90.63285068286667,6.971514242878561,59,1,0.8111111111111111,55.11446739166498,0.8111111111111111,1534023
cluster_frontier,1,1,613,82.06,3065,90.64310148232612,6.958473625140292,55,1,0.8114192495921697,55.28029862399171,0.8114192495921697,1534208
cluster_frontier,1,1,614,82.08,3070,90.65499299807588,6.950672645739911,54,1,0.8110749185667753,55.18943111406601,0.8110749185667753,1534380
cluster_frontier,1,1,615,82.09,3075,90.66798535797922,6.9428891377379625,54,1,0.8107317073170732,55.202923762000886,0.8107317073170732,1534380
cluster_frontier,1,1,616,82.1,3080,90.68093848965368,6.937709809772473,52,1,0.810064935064935,54.93204067515543,0.810064935064935,1535075
cluster_frontier,1,1,617,82.1,3085,90.694985946142,6.932538203503541,52,1,0.8094003241491086,54.86058099596694,0.8094003241491086,1535075
cluster_frontier,1,1,618,82.1,3090,90.70899111639224,6.962025316455696,51,1,0.8087378640776699,55.02545809727334,0.8087378640776699,1536489
cluster_frontier,1,1,619,82.11,3095,90.72182422201631,7.023411371237458,51,1,0.8084006462035541,55.608939522236525,0.8084006462035541,1536489
cluster_frontier,1,1,620,82.12,3100,90.73461881283073,7.015590200445435,50,1,0.8080645161290323,56.007773829825794,0.8080645161290323,1537115
cluster_frontier,1,1,621,82.13000000000001,3105,90.74747929927337,7.044864664441973,50,1,0.8074074074074075,56.161038667255056,0.8074074074074075,1537115
cluster_frontier,1,1,622,82.15,3110,90.75969585170522,7.108478341355054,50,1,0.8067524115755627,55.95684960411544,0.8067524115755627,1537537
cluster_frontier,1,1,623,82.16,3115,90.77351540742072,7.095343680709535,50,1,0.8070626003210273,56.10068676888638,0.8070626003210273,1537537
cluster_frontier,1,1,624,82.16,3120,90.78841151672796,7.082257469568424,50,1,0.8073717948717949,56.4752605365916,0.8073717948717949,1537537
cluster_frontier,1,1,625,82.21000000000001,3125,90.79766275633563,7.069219440353461,48,1,0.80768,57.15513381449549,0.80768,1538311
cluster_frontier,1,1,626,82.27,3130,90.80576665176577,7.056229327453142,48,1,0.8079872204472843,57.147086447537596,0.8079872204472843,1538311
cluster_frontier,1,1,627,82.32000000000001,3135,90.81496027849683,7.043286867204696,48,1,0.8082934609250398,57.449289948930264,0.8082934609250398,1538311
cluster_frontier,1,1,628,82.34,3140,90.82695542706905,7.030391797876236,48,1,0.8085987261146497,57.96953005512338,0.8085987261146497,1538773
cluster_frontier,1,1,629,82.38,3145,90.83658691227016,7.017543859649122,48,1,0.8089030206677266,58.485565938474394,0.8089030206677266,1538773
cluster_frontier,1,1,630,82.39999999999999,3150,90.84800355417337,7.00474279460051,48,1,0.8092063492063492,59.00876192237523,0.8092063492063492,1538773
cluster_frontier,1,1,631,82.44,3155,90.857573774855,7.0309653916211285,46,2,0.8088748019017432,59.01930831765327,0.8088748019017432,1547678
cluster_frontier,1,1,632,82.47,3160,90.86832314642572,7.018181818181818,46,1,0.8091772151898734,59.09633713172902,0.8091772151898734,1549736
cluster_frontier,1,1,633,82.48,3165,90.88125062188367,7.005444646098004,45,1,0.809478672985782,58.84060435704286,0.809478672985782,1550938
cluster_frontier,1,1,634,82.48,3170,90.89574479827806,6.992753623188405,45,1,0.8097791798107256,58.648208194045935,0.8097791798107256,1550938
cluster_frontier,1,1,635,82.48,3175,90.91019297104883,7.018813314037627,45,1,0.8094488188976378,58.6356002429333,0.8094488188976378,1550938
cluster_frontier,1,1,636,82.48,3180,90.92469521587958,7.0473436935309,44,1,0.8088050314465409,58.532630103787845,0.8088050314465409,1552832
cluster_frontier,1,1,637,82.48,3185,90.93915125948874,7.073258751353302,44,1,0.8084772370486656,58.40095491686848,0.8084772370486656,1561235
cluster_frontier,1,1,638,82.48,3190,90.9535613223068,7.0990990990990985,44,1,0.8081504702194358,58.40095491686848,0.8081504702194358,1561235
cluster_frontier,1,1,639,82.5,3195,90.96573549863665,7.16084922634041,44,1,0.8075117370892019,58.1160334752163,0.8075117370892019,1561235
cluster_frontier,1,1,640,82.53,3200,90.97677774862241,7.219827586206897,44,1,0.8071875,58.19054252346675,0.8071875,1561235
cluster_frontier,1,1,641,82.56,3205,90.9877850429543,7.278594478307637,44,1,0.8068642745709829,58.39665573748723,0.8068642745709829,1561235
cluster_frontier,1,1,642,82.59,3210,90.99875754735488,7.303974221267455,45,1,0.8065420560747664,57.80946124030288,0.8065420560747664,1568116
cluster_frontier,1,1,643,82.63000000000001,3215,91.00860727537841,7.36503396496246,44,1,0.8059097978227061,57.32075108561478,0.8059097978227061,1570966
cluster_frontier,1,1,644,82.67,3220,91.01842597018816,7.425919314530526,44,1,0.80527950310559,56.837729490450236,0.80527950310559,1570966
cluster_frontier,1,1,645,82.71,3225,91.0282137782165,7.4866310160427805,44,1,0.8046511627906977,56.293711558902984,0.8046511627906977,1570966
cluster_frontier,1,1,646,82.74000000000001,3230,91.03905386964715,7.544483985765124,44,1,0.8043343653250774,55.74976429564832,0.8043343653250774,1570966
cluster_frontier,1,1,647,82.78999999999999,3235,91.04769731506612,7.63765541740675,44,1,0.80370942812983,55.510985496017824,0.80370942812983,1570966
cluster_frontier,1,1,648,82.84,3240,91.05631369839351,7.7304964539007095,44,1,0.8030864197530864,55.30410235264135,0.8030864197530864,1577743
cluster_frontier,1,1,649,82.93,3245,91.06059136133838,7.823008849557523,44,1,0.8024653312788906,55.55058950058365,0.8024653312788906,1577938
cluster_frontier,1,1,650,82.98,3250,91.06916072927653,7.879858657243815,44,1,0.8021538461538461,56.25951092588539,0.8021538461538461,1577938
cluster_frontier,1,1,651,83.02000000000001,3255,91.07877797956135,7.901234567901234,44,1,0.8021505376344086,56.97343294637621,0.8021505376344086,1577938
cluster_frontier,1,1,652,83.06,3260,91.08826969088977,7.922535211267606,43,2,0.8021472392638037,57.25008819707053,0.8021472392638037,1584921
cluster_frontier,1,1,653,83.09,3265,91.09832658396006,7.943760984182776,43,2,0.8021439509954058,57.532830159685,0.8021439509954058,1584921
cluster_frontier,1,1,654,83.14,3270,91.10621409698227,7.964912280701754,43,2,0.8021406727828746,57.08128598448117,0.8021406727828746,1584921
cluster_frontier,1,1,655,83.19,3275,91.11407818842127,8.021015761821367,44,1,0.8018320610687023,56.3693057066557,0.8018320610687023,1586211
cluster_frontier,1,1,656,83.21,3280,91.12559191160786,8.076923076923077,43,1,0.8015243902439024,55.392735784822605,0.8015243902439024,1592871
cluster_frontier,1,1,657,83.25,3285,91.13494058014227,8.132635253054103,43,1,0.8012176560121765,55.259017529392075,0.8012176560121765,1592871
cluster_frontier,1,1,658,83.34,3290,91.13894441372857,8.222996515679442,43,1,0.8006079027355623,54.8638369484549,0.8006079027355623,1592871
cluster_frontier,1,1,659,83.45,3295,91.14081277336618,8.278260869565218,42,1,0.8003034901365705,54.210049412507445,0.8003034901365705,1593051
cluster_frontier,1,1,660,83.56,3300,91.14276931556799,8.29861111111111,42,1,0.8003030303030303,53.269918579528905,0.8003030303030303,1593051
cluster_frontier,1,1,661,83.66,3305,91.14577821052853,8.321775312066574,41,1,0.8,52.85240143720855,0.8,1593570
cluster_frontier,1,1,662,83.78,3310,91.14666441229619,8.344875346260388,42,1,0.7996978851963746,52.49636883409104,0.7996978851963746,1593809
cluster_frontier,1,1,663,83.86,3315,91.15176838018063,8.365019011406844,40,1,0.7996983408748115,52.27979611678158,0.7996983408748115,1594136
cluster_frontier,1,1,664,83.93,3320,91.15791026221805,8.387987573351744,41,1,0.7993975903614458,52.77425653011687,0.7993975903614458,1596207
cluster_frontier,1,1,665,83.97,3325,91.16718911072309,8.407994486560993,40,1,0.7993984962406016,53.06581121548676,0.7993984962406016,1596318
cluster_frontier,1,1,666,83.99,3330,91.17854029471386,8.427932576539387,40,1,0.7993993993993994,53.53366870682815,0.7993993993993994,1596318
cluster_frontier,1,1,667,84.03,3335,91.18775955367255,8.447802197802199,40,1,0.799400299850075,53.45735032269604,0.799400299850075,1596318
cluster_frontier,1,1,668,84.1,3340,91.19380948890587,8.501885498800137,40,1,0.7991017964071856,53.65280502105712,0.7991017964071856,1596318
cluster_frontier,1,1,669,84.17,3345,91.19984108065157,8.590006844626968,38,2,0.7985052316890882,53.80641591385321,0.7985052316890882,1597052
cluster_frontier,1,1,670,84.21,3350,91.20898623043918,8.67782712675094,38,2,0.797910447761194,53.7958011507301,0.797910447761194,1597052
cluster_frontier,1,1,671,84.25,3355,91.21810373582389,8.765347885402456,37,1,0.797317436661699,54.54375866173034,0.797317436661699,1597695
cluster_frontier,1,1,672,84.28,3360,91.22814321398835,8.821525885558582,37,2,0.7967261904761904,55.67783448531819,0.7967261904761904,1602053
cluster_frontier,1,1,673,84.32,3365,91.2365669625226,8.80952380952381,37,2,0.7967310549777117,56.56914374306068,0.7967310549777117,1602053
cluster_frontier,1,1,674,84.39,3370,91.24139863623626,8.797554347826086,37,2,0.7967359050445104,56.56914374306068,0.7967359050445104,1602053
cluster_frontier,1,1,675,84.50999999999999,3375,91.2410347829692,8.819538670284938,37,2,0.7964444444444444,56.570949376494994,0.7964444444444444,1602053
cluster_frontier,1,1,676,84.58,3380,91.24630001448946,8.841463414634147,35,1,0.7961538461538461,56.10791839328228,0.7961538461538461,1602608
cluster_frontier,1,1,677,84.64,3385,91.2525837122778,8.894149475820088,36,1,0.7958641063515509,56.36069765428929,0.7958641063515509,1602829
cluster_frontier,1,1,678,84.69,3390,91.25988152490248,8.912896691424713,35,1,0.7958702064896755,56.2322025265378,0.7958702064896755,1603247
cluster_frontier,1,1,679,84.69,3395,91.27195152114767,8.934592043155765,33,1,0.795581737849779,56.01842187460746,0.795581737849779,1604255
cluster_frontier,1,1,680,84.69,3400,91.28443671465767,9.023569023569024,33,1,0.7947058823529412,55.513549240371866,0.7947058823529412,1611237
cluster_frontier,1,1,681,84.69,3405,91.29724397311794,9.109243697478991,33,1,0.7941262848751836,55.30211718638267,0.7941262848751836,1611237
cluster_frontier,1,1,682,84.71,3410,91.3075154948077,9.161073825503356,33,1,0.793841642228739,55.48113296225405,0.793841642228739,1611237
cluster_frontier,1,1,683,84.73,3415,91.31775796700482,9.18230563002681,33,1,0.7935578330893118,55.30468290754292,0.7935578330893118,1612094
cluster_frontier,1,1,684,84.76,3420,91.32650450763894,9.200401472064236,34,1,0.7935672514619883,55.32418676300516,0.7935672514619883,1612584
cluster_frontier,1,1,685,84.84,3425,91.33011772400262,9.218436873747494,34,1,0.7935766423357664,54.902753103842166,0.7935766423357664,1612584
cluster_frontier,1,1,686,84.92,3430,91.3337211319638,9.236412137379126,34,1,0.7935860058309038,54.742419947415826,0.7935860058309038,1612584
cluster_frontier,1,1,687,84.99,3435,91.33886352519158,9.320905459387484,33,1,0.7930131004366813,53.82891562112152,0.7930131004366813,1613631
cluster_frontier,1,1,688,85.04,3440,91.3464669488766,9.341755319148938,34,2,0.7927325581395349,53.65104127870952,0.7927325581395349,1614235
cluster_frontier,1,1,689,85.08,3445,91.35515205706332,9.362549800796813,34,2,0.7924528301886793,53.527933067096946,0.7924528301886793,1614235
cluster_frontier,1,1,690,85.13,3450,91.36279702116434,9.34703347696387,34,2,0.7927536231884058,54.33275169547174,0.7927536231884058,1614235
cluster_frontier,1,1,691,85.17,3455,91.37143262382608,9.331568497683653,34,2,0.7930535455861071,54.02351476982456,0.7930535455861071,1614235
cluster_frontier,1,1,692,85.24000000000001,3460,91.37692082022438,9.319233311302048,32,1,0.793063583815029,54.74628033272647,0.793063583815029,1614908
cluster_frontier,1,1,693,85.31,3465,91.38239305015404,9.306930693069306,32,1,0.793073593073593,54.2944701719289,0.793073593073593,1616122
cluster_frontier,1,1,694,85.37,3470,91.38885806796519,9.294660514172708,32,1,0.7930835734870317,54.22488681784059,0.7930835734870317,1616122
cluster_frontier,1,1,695,85.42,3475,91.39639821119214,9.318406322028318,33,1,0.7925179856115108,53.30146813164904,0.7925179856115108,1616227
cluster_frontier,1,1,696,85.50999999999999,3480,91.39989339126411,9.339033212758961,33,1,0.7922413793103448,53.22610267634275,0.7922413793103448,1616227
cluster_frontier,1,1,697,85.61999999999999,3485,91.40136983549922,9.35960591133005,32,1,0.7919655667144907,53.25433252073562,0.7919655667144907,1616433
cluster_frontier,1,1,698,85.71,3490,91.40484762181731,9.40983606557377,32,1,0.7916905444126074,52.747546122249254,0.7916905444126074,1616433
cluster_frontier,1,1,699,85.8,3495,91.40831530882,9.427168576104746,31,1,0.7917024320457797,52.49273506388276,0.7917024320457797,1616858
cluster_frontier,1,1,700,85.87,3500,91.4136869050476,9.414841451454723,32,1,0.7917142857142857,52.52865731637969,0.7917142857142857,1617014
cluster_frontier,1,1,701,85.9,3505,91.42303698378464,9.40254652301665,30,2,0.7917261055634808,52.357256307043315,0.7917261055634808,1618981
cluster_frontier,1,1,702,85.92,3510,91.4334426752545,9.422888816432996,30,2,0.7914529914529914,52.062613937154005,0.7914529914529914,1621282
cluster_frontier,1,1,703,85.97,3515,91.44083152466101,9.440104166666668,30,2,0.7914651493598862,52.48244288827109,0.7914651493598862,1621282
cluster_frontier,1,1,704,86.07000000000001,3520,91.44322825017149,9.45726356841079,30,2,0.7914772727272728,52.445056083372904,0.7914772727272728,1621282
cluster_frontier,1,1,705,86.15,3525,91.44751863875074,9.474367293964958,32,1,0.7914893617021277,52.39506199913653,0.7914893617021277,1621425
cluster_frontier,1,1,706,86.22999999999999,3530,91.45179677819083,9.523809523809524,32,1,0.7912181303116147,51.9753684710026,0.7912181303116147,1621550
cluster_frontier,1,1,707,86.33,3535,91.45408289529693,9.573091849935317,32,1,0.790947666195191,51.952438126352945,0.790947666195191,1621550
cluster_frontier,1,1,708,86.42,3540,91.45743545134633,9.654504359057151,33,1,0.7903954802259887,51.64634733093429,0.7903954802259887,1621604
cluster_frontier,1,1,709,86.53,3545,91.45880425233692,9.703417150225661,32,1,0.7901269393511988,51.639439698389744,0.7901269393511988,1621675
cluster_frontier,1,1,710,86.61999999999999,3550,91.46214047745777,9.75217251367879,32,1,0.7898591549295775,51.519046369926386,0.7898591549295775,1621675
cluster_frontier,1,1,711,86.7,3555,91.46645144145118,9.73963355834137,31,2,0.789873417721519,50.843576294281576,0.789873417721519,1635577
cluster_frontier,1,1,712,86.75,3560,91.47369869476333,9.727126805778491,30,1,0.7898876404494382,50.66362377443495,0.7898876404494382,1642741
cluster_frontier,1,1,713,86.81,3565,91.47994386047561,9.714652132093619,30,1,0.7899018232819074,50.5940902829214,0.7899018232819074,1642741
cluster_frontier,1,1,714,86.83999999999999,3570,91.48911147264637,9.705317104420244,29,2,0.7896358543417367,50.571963257150784,0.7896358543417367,1643687
cluster_frontier,1,1,715,86.9,3575,91.49531704166219,9.692898272552783,29,2,0.7896503496503496,50.880391575137836,0.7896503496503496,1643687
cluster_frontier,1,1,716,86.94,3580,91.50337656245419,9.680511182108626,29,2,0.7896648044692738,51.061694147188405,0.7896648044692738,1643687
cluster_frontier,1,1,717,87.0,3585,91.50904725654388,9.696969696969697,27,1,0.7896792189679219,50.98055975596312,0.7896792189679219,1645043
cluster_frontier,1,1,718,87.03,3590,91.51762653385444,9.713375796178344,26,1,0.7896935933147632,50.8832968221775,0.7896935933147632,1645424
cluster_frontier,1,1,719,87.08,3595,91.52464840138205,9.72972972972973,26,1,0.7897079276773297,49.656048867137955,0.7897079276773297,1645845
cluster_frontier,1,1,720,87.16000000000001,3600,91.52873485017835,9.746031746031745,26,1,0.7897222222222222,48.712135850374686,0.7897222222222222,1645845
cluster_frontier,1,1,721,87.27000000000001,3605,91.5298981879592,9.76228209191759,27,1,0.7897364771151179,48.06382410906528,0.7897364771151179,1645931
cluster_frontier,1,1,722,87.31,3610,91.53784273626874,9.781576448243115,24,1,0.7894736842105263,47.454718194832836,0.7894736842105263,1646722
cluster_frontier,1,1,723,87.36,3615,91.544879115774,9.766118836915297,24,1,0.7897648686030428,46.29075956899512,0.7897648686030428,1646722
cluster_frontier,1,1,724,87.42,3620,91.5509292818,9.75071000315557,26,2,0.7900552486187845,46.04077929685625,0.7900552486187845,1648104
cluster_frontier,1,1,725,87.46000000000001,3625,91.55889279234066,9.735349716446125,26,2,0.7903448275862069,45.88854721819257,0.7903448275862069,1648104
cluster_frontier,1,1,726,87.51,3630,91.56587025453705,9.814407046240957,26,2,0.7898071625344353,45.174689646752114,0.7898071625344353,1648104
cluster_frontier,1,1,727,87.56,3635,91.57282824199726,9.86180904522613,27,1,0.7895460797799174,44.48561525964634,0.7895460797799174,1648173
cluster_frontier,1,1,728,87.62,3640,91.57880573202495,9.9090624020069,28,1,0.7892857142857143,44.552101788105226,0.7892857142857143,1648397
cluster_frontier,1,1,729,87.71,3645,91.58188728501229,9.956167814652474,28,1,0.7890260631001371,44.144905719861015,0.7890260631001371,1648397
cluster_frontier,1,1,730,87.79,3650,91.58591870573238,10.003125976867771,29,1,0.7887671232876712,43.60048584754095,0.7887671232876712,1648486
cluster_frontier,1,1,731,87.89,3655,91.5880247315327,10.049937578027466,29,1,0.7885088919288645,43.69304293723176,0.7885088919288645,1648486
cluster_frontier,1,1,732,88.02,3660,91.58717718349168,10.065440947335619,29,1,0.7885245901639344,43.80735625492106,0.7885245901639344,1649380
cluster_frontier,1,1,733,88.14,3665,91.58688493294517,10.080896079651524,28,1,0.7885402455661664,43.80735625492106,0.7885402455661664,1649490
cluster_frontier,1,1,734,88.23,3670,91.58985406399832,10.068365444375388,27,1,0.7885558583106267,43.61057202792224,0.7885558583106267,1649692
cluster_frontier,1,1,735,88.35,3675,91.58995935384996,10.083772882407695,29,2,0.7885714285714286,42.88226662365234,0.7885714285714286,1663807
cluster_frontier,1,1,736,88.5,3680,91.5872125630959,10.07127362875736,30,2,0.7885869565217392,43.131445342377205,0.7885869565217392,1670912
cluster_frontier,1,1,737,88.61,3685,91.5882704739845,10.05880532342928,30,2,0.7886024423337856,43.18229216247626,0.7886024423337856,1670912
cluster_frontier,1,1,738,88.73,3690,91.5878990130737,10.077279752704792,30,2,0.7883468834688346,43.94798972751666,0.7883468834688346,1670912
cluster_frontier,1,1,739,88.77000000000001,3695,91.59510306106024,10.098826436071649,29,2,0.7878213802435724,44.54550453293473,0.7878213802435724,1685326
cluster_frontier,1,1,740,88.82,3700,91.6017397881997,10.11721159777915,29,2,0.7875675675675675,44.521288658585675,0.7875675675675675,1685750
cluster_frontier,1,1,741,88.84,3705,91.6108745125072,10.104744300677758,29,2,0.7875843454790823,44.483479650025174,0.7875843454790823,1685750
cluster_frontier,1,1,742,88.89,3710,91.6167608197448,10.123076923076923,29,2,0.7873315363881401,44.648117823845496,0.7873315363881401,1685750
cluster_frontier,1,1,743,88.92,3715,91.62491052254832,10.144482016600062,33,1,0.7868102288021535,44.53032299107156,0.7868102288021535,1685834
cluster_frontier,1,1,744,88.97,3720,91.63107892013922,10.159607120933089,33,1,0.7868279569892473,45.107728842989886,0.7868279569892473,1685834
cluster_frontier,1,1,745,89.03,3725,91.6362918983917,10.144039227704567,33,1,0.7871140939597315,45.194990995973455,0.7871140939597315,1685834
cluster_frontier,1,1,746,89.09,3730,91.64109925784145,10.128518971848226,31,1,0.7873994638069705,45.39603824775628,0.7873994638069705,1692919
cluster_frontier,1,1,747,89.17,3735,91.64362893476653,10.143599144515735,31,1,0.7874163319946452,45.802440373622304,0.7874163319946452,1692919
cluster_frontier,1,1,748,89.24,3740,91.647088555463,10.161733292645712,29,1,0.7871657754010695,45.651895843077426,0.7871657754010695,1693109
cluster_frontier,1,1,749,89.33,3745,91.64906048424793,10.179823224626638,29,1,0.7869158878504673,45.262762520645495,0.7869158878504673,1700199
cluster_frontier,1,1,750,89.45,3750,91.64861634985249,10.194765672550213,29,1,0.7869333333333334,45.62674229221957,0.7869333333333334,1700199
cluster_frontier,1,1,751,89.58,3755,91.64770820124566,10.209662716499544,31,1,0.7869507323568575,45.622316904787205,0.7869507323568575,1700365
cluster_frontier,1,1,752,89.62,3760,91.65526038902391,10.230722525804493,30,2,0.7864361702127659,45.777781550795815,0.7864361702127659,1714690
cluster_frontier,1,1,753,89.72,3765,91.65721299585279,10.21831412977562,30,2,0.7864541832669323,45.438657993576406,0.7864541832669323,1714690
cluster_frontier,1,1,754,89.83,3770,91.65823172713512,10.205935796486978,32,1,0.786472148541114,45.2424498563542,0.786472148541114,1728928
cluster_frontier,1,1,755,89.92,3775,91.66110245567178,10.193587416817905,32,1,0.7864900662251656,45.33866423915272,0.7864900662251656,1728928
cluster_frontier,1,1,756,90.03,3780,91.66211322781703,10.208396254907882,29,1,0.7865079365079365,45.61599790108535,0.7865079365079365,1729028
