strategy,run_id,map_seed,timestep,coverage,total_distance,overlap_percentage
random,4,4,1,0.16999999999999998,5,72.1311475409836
random,4,4,2,0.2,10,84.375
random,4,4,3,0.2,15,89.58333333333334
random,4,4,4,0.2,20,92.1875
random,4,4,5,0.22999999999999998,25,92.94478527607362
random,4,4,6,0.27,30,93.26683291770573
random,4,4,7,0.27,35,94.3157894736842
random,4,4,8,0.31,40,94.44444444444444
random,4,4,9,0.31,45,95.1863354037267
random,4,4,10,0.31,50,95.78231292517006
random,4,4,11,0.33,55,95.96577017114915
random,4,4,12,0.33,60,96.31696428571429
random,4,4,13,0.33,65,96.65314401622717
random,4,4,14,0.36,70,96.7032967032967
random,4,4,15,0.36,75,96.97224558452481
random,4,4,16,0.38,80,97.0335675253708
random,4,4,17,0.38,85,97.23233794610341
random,4,4,18,0.38,90,97.39010989010988
random,4,4,19,0.4,95,97.42101869761444
random,4,4,20,0.4,100,97.57869249394673
random,4,4,21,0.4,105,97.70378874856488
random,4,4,22,0.45999999999999996,110,97.4918211559433
random,4,4,23,0.51,115,97.35477178423237
random,4,4,24,0.5499999999999999,120,97.2879684418146
random,4,4,25,0.5599999999999999,125,97.3795039775386
random,4,4,26,0.5599999999999999,130,97.4921630094044
random,4,4,27,0.5599999999999999,135,97.5975975975976
random,4,4,28,0.5700000000000001,140,97.6639344262295
random,4,4,29,0.5700000000000001,145,97.76031434184675
random,4,4,30,0.5700000000000001,150,97.85229841748304
random,4,4,31,0.59,155,97.86463988418386
random,4,4,32,0.59,160,97.94568245125348
random,4,4,33,0.59,165,98.02543507362785
random,4,4,34,0.59,170,98.09677419354838
random,4,4,35,0.59,175,98.16713264989127
random,4,4,36,0.6,180,98.20466786355476
random,4,4,37,0.64,185,98.15135759676488
random,4,4,38,0.64,190,98.2097902097902
random,4,4,39,0.66,195,98.20944112859469
random,4,4,40,0.69,200,98.18421052631578
random,4,4,41,0.7000000000000001,205,98.2083439979524
random,4,4,42,0.7000000000000001,210,98.25392866051385
random,4,4,43,0.7000000000000001,215,98.29931972789116
random,4,4,44,0.7000000000000001,220,98.34162520729684
random,4,4,45,0.7000000000000001,225,98.38262476894639
random,4,4,46,0.7000000000000001,230,98.42164599774522
random,4,4,47,0.7000000000000001,235,98.46018477782667
random,4,4,48,0.7100000000000001,240,98.4737747205503
random,4,4,49,0.7100000000000001,245,98.50808993486027
random,4,4,50,0.7100000000000001,250,98.53879399053304
random,4,4,51,0.7100000000000001,255,98.56623586429725
random,4,4,52,0.72,260,98.57142857142858
random,4,4,53,0.72,265,98.59621758627412
random,4,4,54,0.72,270,98.62121792416698
random,4,4,55,0.72,275,98.6443231029938
random,4,4,56,0.72,280,98.67085102455233
random,4,4,57,0.72,285,98.6947063089195
random,4,4,58,0.72,290,98.71474473402357
random,4,4,59,0.72,295,98.73506676036541
random,4,4,60,0.72,300,98.75432525951557
random,4,4,61,0.72,305,98.77425944841676
random,4,4,62,0.72,310,98.79275653923541
random,4,4,63,0.72,315,98.81109643328931
random,4,4,64,0.72,320,98.83021933387491
random,4,4,65,0.72,325,98.8467083133109
random,4,4,66,0.72,330,98.86506935687264
random,4,4,67,0.72,335,98.8807710244054
random,4,4,68,0.74,340,98.86590038314176
random,4,4,69,0.77,345,98.83738487090442
random,4,4,70,0.79,350,98.8245796756435
random,4,4,71,0.79,355,98.8418120510189
random,4,4,72,0.79,360,98.85887620973567
random,4,4,73,0.8099999999999999,365,98.84845038384988
random,4,4,74,0.8099999999999999,370,98.86491031390135
random,4,4,75,0.8099999999999999,375,98.88167886234986
random,4,4,76,0.8099999999999999,380,98.89915737972275
random,4,4,77,0.8099999999999999,385,98.91537225495448
random,4,4,78,0.8099999999999999,390,98.93182117895292
random,4,4,79,0.84,395,98.90738813735692
random,4,4,80,0.84,400,98.92210958552548
random,4,4,81,0.86,405,98.9112545891885
random,4,4,82,0.86,410,98.92607392607393
random,4,4,83,0.86,415,98.93931919092255
random,4,4,84,0.86,420,98.95185862279098
random,4,4,85,0.8699999999999999,425,98.95369813589897
random,4,4,86,0.89,430,98.94274174388215
random,4,4,87,0.9299999999999999,435,98.9078097475044
random,4,4,88,0.9299999999999999,440,98.92036220106803
random,4,4,89,0.9400000000000001,445,98.92102846648301
random,4,4,90,0.9400000000000001,450,98.93254599136952
random,4,4,91,0.95,455,98.93330339097238
random,4,4,92,0.95,460,98.94666814502716
random,4,4,93,0.95,465,98.9586758741642
random,4,4,94,0.98,470,98.93835987433648
random,4,4,95,0.98,475,98.95029991431021
random,4,4,96,0.98,480,98.9613142554319
random,4,4,97,0.98,485,98.97156049952775
random,4,4,98,0.98,490,98.98150072749948
random,4,4,99,0.98,495,98.9918732640675
random,4,4,100,0.98,500,99.00223986968031
random,4,4,101,1.02,505,98.97260273972603
random,4,4,102,1.06,510,98.94317048853439
random,4,4,103,1.06,515,98.95329317665646
random,4,4,104,1.06,520,98.96322378716745
random,4,4,105,1.06,525,98.97246994959286
random,4,4,106,1.06,530,98.98174831892412
random,4,4,107,1.06,535,98.99114875797088
random,4,4,108,1.06,540,99.00065994154804
random,4,4,109,1.06,545,99.00971599402094
random,4,4,110,1.06,550,99.01924500370096
random,4,4,111,1.06,555,99.02662993572085
random,4,4,112,1.06,560,99.03452044812825
random,4,4,113,1.06,565,99.04245709123758
random,4,4,114,1.06,570,99.05094457874473
random,4,4,115,1.06,575,99.05995033699894
random,4,4,116,1.06,580,99.06837757075057
random,4,4,117,1.06,585,99.07721772438408
random,4,4,118,1.06,590,99.0855762594893
random,4,4,119,1.06,595,99.09417193642113
random,4,4,120,1.06,600,99.1029872217991
random,4,4,121,1.0699999999999998,605,99.10257485532165
random,4,4,122,1.0699999999999998,610,99.11003909174083
random,4,4,123,1.0699999999999998,615,99.11759854857331
random,4,4,124,1.0699999999999998,620,99.12510220768603
random,4,4,125,1.0699999999999998,625,99.1331118852791
random,4,4,126,1.09,630,99.12498996548126
random,4,4,127,1.11,635,99.11666401400605
random,4,4,128,1.11,640,99.12377644458478
random,4,4,129,1.11,645,99.13131945531381
random,4,4,130,1.11,650,99.13846631480907
random,4,4,131,1.11,655,99.14536495226362
random,4,4,132,1.11,660,99.15183006036524
random,4,4,133,1.13,665,99.14329037149355
random,4,4,134,1.13,670,99.15005641218502
random,4,4,135,1.13,675,99.15677934482501
random,4,4,136,1.1400000000000001,680,99.15649278579356
random,4,4,137,1.1400000000000001,685,99.16446789797713
random,4,4,138,1.1400000000000001,690,99.17175239755885
random,4,4,139,1.1400000000000001,695,99.1786151740039
random,4,4,140,1.1400000000000001,700,99.18565611829416
random,4,4,141,1.1400000000000001,705,99.19269173571277
random,4,4,142,1.1400000000000001,710,99.19960682440497
random,4,4,143,1.1400000000000001,715,99.20662537406918
random,4,4,144,1.1400000000000001,720,99.21400992829564
random,4,4,145,1.1400000000000001,725,99.2211518753843
random,4,4,146,1.1400000000000001,730,99.22790382661701
random,4,4,147,1.1400000000000001,735,99.23443690819958
random,4,4,148,1.16,740,99.22785062903547
random,4,4,149,1.18,745,99.22143045658484
random,4,4,150,1.18,750,99.22810230915157
random,4,4,151,1.2,755,99.22168893501102
random,4,4,152,1.2,760,99.22779922779922
random,4,4,153,1.2,765,99.23381432767208
random,4,4,154,1.2,770,99.23959191432735
random,4,4,155,1.22,775,99.23289738430584
random,4,4,156,1.22,780,99.23859452037695
random,4,4,157,1.22,785,99.24434809538558
random,4,4,158,1.22,790,99.25006147037128
random,4,4,159,1.24,795,99.24348727960466
random,4,4,160,1.28,800,99.22513469338338
random,4,4,161,1.32,805,99.20706433591639
random,4,4,162,1.3299999999999998,810,99.20715350223547
random,4,4,163,1.3299999999999998,815,99.21311087445272
random,4,4,164,1.3299999999999998,820,99.21897938810264
random,4,4,165,1.3299999999999998,825,99.22453501253571
random,4,4,166,1.3299999999999998,830,99.2295661240804
random,4,4,167,1.3599999999999999,835,99.21771642220305
random,4,4,168,1.38,840,99.21174387387902
random,4,4,169,1.4200000000000002,845,99.1944633537554
random,4,4,170,1.44,850,99.1887323943662
random,4,4,171,1.44,855,99.19404488722225
random,4,4,172,1.44,860,99.19946631087392
random,4,4,173,1.5,865,99.17191122888373
random,4,4,174,1.5,870,99.1778569471088
random,4,4,175,1.5,875,99.18349572696097
random,4,4,176,1.5,880,99.18861902958835
random,4,4,177,1.5,885,99.19398173025256
random,4,4,178,1.5,890,99.19906023067065
random,4,4,179,1.52,895,99.19346280377799
random,4,4,180,1.5599999999999998,900,99.17773561037319
random,4,4,181,1.5599999999999998,905,99.18316054037072
random,4,4,182,1.5599999999999998,910,99.18872536273338
random,4,4,183,1.5599999999999998,915,99.19425649501575
random,4,4,184,1.5699999999999998,920,99.19454135029756
random,4,4,185,1.5699999999999998,925,99.19951052873094
random,4,4,186,1.5699999999999998,930,99.20445908284773
random,4,4,187,1.59,935,99.19923448831588
random,4,4,188,1.6199999999999999,940,99.18922976827986
random,4,4,189,1.68,945,99.16447008504501
random,4,4,190,1.7399999999999998,950,99.1395935321169
random,4,4,191,1.77,955,99.12979351032448
random,4,4,192,1.7999999999999998,960,99.12010558732952
random,4,4,193,1.8399999999999999,965,99.10588463968124
random,4,4,194,1.8399999999999999,970,99.1113686854052
random,4,4,195,1.8399999999999999,975,99.11657384290379
random,4,4,196,1.8399999999999999,980,99.12188603607903
random,4,4,197,1.8399999999999999,985,99.12738309779
random,4,4,198,1.8800000000000001,990,99.11395984541427
random,4,4,199,1.9300000000000002,995,99.09623039100913
random,4,4,200,1.94,1000,99.09738054250221
random,4,4,201,1.94,1005,99.1030975496995
random,4,4,202,1.95,1010,99.10398382575931
random,4,4,203,1.9800000000000002,1015,99.09568394610642
random,4,4,204,2.01,1020,99.08727636000363
random,4,4,205,2.04,1025,99.07917306129819
random,4,4,206,2.08,1030,99.06651108518086
random,4,4,207,2.08,1035,99.07204996654026
random,4,4,208,2.09,1040,99.07288293483565
random,4,4,209,2.09,1045,99.07828004410143
random,4,4,210,2.09,1050,99.0836146797036
random,4,4,211,2.09,1055,99.08888792013602
random,4,4,212,2.09,1060,99.09410081921027
random,4,4,213,2.09,1065,99.09906026381584
random,4,4,214,2.09,1070,99.10392728519979
random,4,4,215,2.09,1075,99.1087420042644
random,4,4,216,2.09,1080,99.11354285956652
random,4,4,217,2.09,1085,99.11847821502383
random,4,4,218,2.09,1090,99.1233589195084
random,4,4,219,2.09,1095,99.1283676703645
random,4,4,220,2.09,1100,99.13295996681187
random,4,4,221,2.09,1105,99.13746853204573
random,4,4,222,2.09,1110,99.14214177235972
random,4,4,223,2.09,1115,99.14672981138239
random,4,4,224,2.09,1120,99.15140687807057
random,4,4,225,2.09,1125,99.15586251464113
random,4,4,226,2.1,1130,99.15628766572921
random,4,4,227,2.11,1135,99.15670836497343
random,4,4,228,2.11,1140,99.16076684432423
random,4,4,229,2.11,1145,99.16481950601647
random,4,4,230,2.11,1150,99.16866947716795
random,4,4,231,2.11,1155,99.1726139126343
random,4,4,232,2.11,1160,99.17652109432932
random,4,4,233,2.11,1165,99.1805507009981
random,4,4,234,2.11,1170,99.18425732621975
random,4,4,235,2.11,1175,99.18789931491033
random,4,4,236,2.11,1180,99.1916637934337
random,4,4,237,2.11,1185,99.19554691372146
random,4,4,238,2.11,1190,99.19924098671726
random,4,4,239,2.11,1195,99.20272057434347
random,4,4,240,2.11,1200,99.20572181441747
random,4,4,241,2.11,1205,99.20884889388827
random,4,4,242,2.11,1210,99.21186314059464
random,4,4,243,2.11,1215,99.21497135203512
random,4,4,244,2.11,1220,99.2180551437889
random,4,4,245,2.11,1225,99.22099977848336
random,4,4,246,2.11,1230,99.22397940419272
random,4,4,247,2.11,1235,99.22707791494194
random,4,4,248,2.11,1240,99.2301798679266
random,4,4,249,2.11,1245,99.2331176855419
random,4,4,250,2.11,1250,99.23603316557443
random,4,4,251,2.11,1255,99.23906379602582
random,4,4,252,2.11,1260,99.24239704139887
random,4,4,253,2.11,1265,99.24578209894194
random,4,4,254,2.11,1270,99.2489232193073
random,4,4,255,2.11,1275,99.25209130866298
random,4,4,256,2.11,1280,99.25531163972613
random,4,4,257,2.11,1285,99.25832190938169
random,4,4,258,2.11,1290,99.26130794006441
random,4,4,259,2.11,1295,99.26421871185967
random,4,4,260,2.11,1300,99.26710663424801
random,4,4,261,2.11,1305,99.27002248745892
random,4,4,262,2.11,1310,99.27304048234281
random,4,4,263,2.11,1315,99.27615780445969
random,4,4,264,2.11,1320,99.27937158469945
random,4,4,265,2.12,1325,99.27920576635387
random,4,4,266,2.12,1330,99.28240192262126
random,4,4,267,2.12,1335,99.28544945903131
random,4,4,268,2.15,1340,99.2785234899329
random,4,4,269,2.15,1345,99.2815611842545
random,4,4,270,2.16,1350,99.28138931399295
random,4,4,271,2.16,1355,99.28443649373881
random,4,4,272,2.16,1360,99.28750494788231
random,4,4,273,2.16,1365,99.29054719831834
random,4,4,274,2.16,1370,99.2934480389912
random,4,4,275,2.16,1375,99.29621061548988
random,4,4,276,2.16,1380,99.29901992600766
random,4,4,277,2.16,1385,99.30189715910927
random,4,4,278,2.16,1390,99.3048403707518
random,4,4,279,2.16,1395,99.3078032366608
random,4,4,280,2.16,1400,99.31082891966052
random,4,4,281,2.16,1405,99.3138064680094
random,4,4,282,2.16,1410,99.31665032111108
random,4,4,283,2.16,1415,99.3193849256365
random,4,4,284,2.19,1420,99.31268242161755
random,4,4,285,2.19,1425,99.3154324653809
random,4,4,286,2.19,1430,99.31822426997073
random,4,4,287,2.19,1435,99.32120385581005
random,4,4,288,2.21,1440,99.31802752576684
random,4,4,289,2.25,1445,99.30871328499447
random,4,4,290,2.25,1450,99.31171612113796
random,4,4,291,2.26,1455,99.31141647116175
random,4,4,292,2.26,1460,99.31425797250964
random,4,4,293,2.3,1465,99.30490495330776
random,4,4,294,2.35,1470,99.29248833358423
random,4,4,295,2.35,1475,99.29524666366771
random,4,4,296,2.37,1480,99.29200896191188
random,4,4,297,2.4,1485,99.2858205624163
random,4,4,298,2.45,1490,99.273880442192
random,4,4,299,2.5100000000000002,1495,99.25906246310072
random,4,4,300,2.5100000000000002,1500,99.26204686443418
random,4,4,301,2.53,1505,99.2590206185567
random,4,4,302,2.56,1510,99.25312171782005
random,4,4,303,2.56,1515,99.25596535588689
random,4,4,304,2.58,1520,99.25308320305714
random,4,4,305,2.58,1525,99.25577638676552
random,4,4,306,2.58,1530,99.2583436341162
random,4,4,307,2.58,1535,99.26089323058413
random,4,4,308,2.6100000000000003,1540,99.25486053615782
random,4,4,309,2.65,1545,99.24593802464217
random,4,4,310,2.65,1550,99.24854671770878
random,4,4,311,2.7,1555,99.23713728703416
random,4,4,312,2.73,1560,99.2313539994932
random,4,4,313,2.74,1565,99.23117932601924
random,4,4,314,2.74,1570,99.2337807606264
random,4,4,315,2.74,1575,99.23655614377263
random,4,4,316,2.76,1580,99.23365264473136
random,4,4,317,2.76,1585,99.23628213287584
random,4,4,318,2.76,1590,99.23880967483935
random,4,4,319,2.76,1595,99.24134139637162
random,4,4,320,2.76,1600,99.24385633270322
random,4,4,321,2.76,1605,99.24637522868143
random,4,4,322,2.76,1610,99.24885695623774
random,4,4,323,2.77,1615,99.24871168972064
random,4,4,324,2.79,1620,99.24566052019684
random,4,4,325,2.79,1625,99.24801897471835
random,4,4,326,2.79,1630,99.25066473289823
random,4,4,327,2.79,1635,99.25341182766925
random,4,4,328,2.79,1640,99.25605951523877
random,4,4,329,2.79,1645,99.2585702896625
random,4,4,330,2.79,1650,99.26106417353073
random,4,4,331,2.79,1655,99.26342467923332
random,4,4,332,2.8000000000000003,1660,99.26313850364483
random,4,4,333,2.8000000000000003,1665,99.26547743966422
random,4,4,334,2.8400000000000003,1670,99.25743868639859
random,4,4,335,2.8400000000000003,1675,99.2598962812394
random,4,4,336,2.8400000000000003,1680,99.26233766233766
random,4,4,337,2.87,1685,99.25709256574861
random,4,4,338,2.91,1690,99.24932284277054
random,4,4,339,2.92,1695,99.24920292090918
random,4,4,340,2.93,1700,99.24917999179992
random,4,4,341,2.94,1705,99.24927225371533
random,4,4,342,2.94,1710,99.25181320778725
random,4,4,343,2.98,1715,99.2441727750019
random,4,4,344,3.04,1720,99.23162470933171
random,4,4,345,3.04,1725,99.23419905786332
random,4,4,346,3.05,1730,99.23434165934479
random,4,4,347,3.05,1735,99.23700405263422
random,4,4,348,3.06,1740,99.23715503702041
random,4,4,349,3.0700000000000003,1745,99.2373049786346
random,4,4,350,3.11,1750,99.23002649104998
random,4,4,351,3.11,1755,99.2326671601283
random,4,4,352,3.11,1760,99.23538378325219
random,4,4,353,3.11,1765,99.23806257196756
random,4,4,354,3.11,1770,99.24072265625
random,4,4,355,3.11,1775,99.24338263915921
random,4,4,356,3.11,1780,99.24600577011662
random,4,4,357,3.11,1785,99.24851999516733
random,4,4,358,3.11,1790,99.25101750836886
random,4,4,359,3.11,1795,99.25351639383611
random,4,4,360,3.11,1800,99.25608764292207
random,4,4,361,3.1300000000000003,1805,99.2538558726072
random,4,4,362,3.1399999999999997,1810,99.25403273703466
random,4,4,363,3.15,1815,99.25410243659871
random,4,4,364,3.15,1820,99.25651435045317
random,4,4,365,3.15,1825,99.25901531368352
random,4,4,366,3.16,1830,99.25915506165893
random,4,4,367,3.16,1835,99.26154421387176
random,4,4,368,3.16,1840,99.26391800605637
random,4,4,369,3.17,1845,99.26386921487124
random,4,4,370,3.19,1850,99.26150569497175
random,4,4,371,3.19,1855,99.26377253109926
random,4,4,372,3.2099999999999995,1860,99.26144076570877
random,4,4,373,3.2399999999999998,1865,99.25689777757391
random,4,4,374,3.25,1870,99.25687108428225
random,4,4,375,3.25,1875,99.25919172118256
random,4,4,376,3.27,1880,99.2569532812216
random,4,4,377,3.27,1885,99.2592760385992
random,4,4,378,3.27,1890,99.26150093723886
random,4,4,379,3.27,1895,99.2637125101324
random,4,4,380,3.27,1900,99.26599326599327
random,4,4,381,3.2800000000000002,1905,99.26595649449467
random,4,4,382,3.3000000000000003,1910,99.26368869650587
random,4,4,383,3.32,1915,99.2615165602687
random,4,4,384,3.32,1920,99.26379279758737
random,4,4,385,3.32,1925,99.26605504587155
random,4,4,386,3.36,1930,99.25948781240358
random,4,4,387,3.4000000000000004,1935,99.25304275231777
random,4,4,388,3.4000000000000004,1940,99.25531681888867
random,4,4,389,3.4000000000000004,1945,99.25757708096778
random,4,4,390,3.4000000000000004,1950,99.25990422289944
random,4,4,391,3.4000000000000004,1955,99.26221682145648
random,4,4,392,3.4000000000000004,1960,99.26449910225625
random,4,4,393,3.4000000000000004,1965,99.26676730644813
random,4,4,394,3.4000000000000004,1970,99.26894297755224
random,4,4,395,3.4000000000000004,1975,99.27110577541482
random,4,4,396,3.42,1980,99.2689964732286
random,4,4,397,3.44,1985,99.2668840440722
random,4,4,398,3.44,1990,99.26903380718642
random,4,4,399,3.44,1995,99.27109378310803
random,4,4,400,3.44,2000,99.27309610345702
random,4,4,401,3.44,2005,99.27514855240423
random,4,4,402,3.47,2010,99.27094713841498
random,4,4,403,3.4799999999999995,2015,99.27097517544779
random,4,4,404,3.51,2020,99.26682541671889
random,4,4,405,3.51,2025,99.26894799325183
random,4,4,406,3.52,2030,99.26890564313456
random,4,4,407,3.52,2035,99.27093473623164
random,4,4,408,3.53,2040,99.27088712175978
random,4,4,409,3.53,2045,99.27289954478981
random,4,4,410,3.53,2050,99.27490088942751
random,4,4,411,3.53,2055,99.2768912469017
random,4,4,412,3.53,2060,99.27892962925135
random,4,4,413,3.53,2065,99.28095655185058
random,4,4,414,3.53,2070,99.28297211106822
random,4,4,415,3.53,2075,99.2849039786079
random,4,4,416,3.53,2080,99.28673900305107
random,4,4,417,3.53,2085,99.28863631783649
random,4,4,418,3.53,2090,99.29045226130653
random,4,4,419,3.53,2095,99.29240082586645
random,4,4,420,3.53,2100,99.29440924263928
random,4,4,421,3.53,2105,99.29635019036418
random,4,4,422,3.53,2110,99.29821073558648
random,4,4,423,3.53,2115,99.3001308537214
random,4,4,424,3.53,2120,99.30210948775232
random,4,4,425,3.53,2125,99.30400835978628
random,4,4,426,3.53,2130,99.30589692667677
random,4,4,427,3.53,2135,99.30778884618402
random,4,4,428,3.53,2140,99.309724476427
random,4,4,429,3.53,2145,99.3115821908458
random,4,4,430,3.53,2150,99.3133631589185
random,4,4,431,3.53,2155,99.31506849315068
random,4,4,432,3.53,2160,99.31669925088558
random,4,4,433,3.53,2165,99.31837491310729
random,4,4,434,3.53,2170,99.31997688306686
random,4,4,435,3.56,2175,99.31580565805658
random,4,4,436,3.5900000000000003,2180,99.31158794991275
random,4,4,437,3.5900000000000003,2185,99.31319469686825
random,4,4,438,3.5900000000000003,2190,99.31485934577655
random,4,4,439,3.5900000000000003,2195,99.3163857945349
random,4,4,440,3.5900000000000003,2200,99.31797024906435
random,4,4,441,3.62,2205,99.31392616177696
random,4,4,442,3.62,2210,99.31557353803105
random,4,4,443,3.62,2215,99.31721302199253
random,4,4,444,3.63,2220,99.31696302568444
random,4,4,445,3.64,2225,99.31663725453384
random,4,4,446,3.65,2230,99.31637698531615
random,4,4,447,3.65,2235,99.31799921523198
random,4,4,448,3.65,2240,99.31967717283928
random,4,4,449,3.65,2245,99.32139736367523
random,4,4,450,3.65,2250,99.32298332498655
random,4,4,451,3.65,2255,99.32456189048649
random,4,4,452,3.65,2260,99.32613311178805
random,4,4,453,3.65,2265,99.3277589509356
random,4,4,454,3.65,2270,99.32926605167408
random,4,4,455,3.65,2275,99.33076640997433
random,4,4,456,3.65,2280,99.33219898640613
random,4,4,457,3.65,2285,99.3336254427283
random,4,4,458,3.65,2290,99.33510638297872
random,4,4,459,3.65,2295,99.33664104101922
random,4,4,460,3.65,2300,99.3381086227219
random,4,4,461,3.65,2305,99.33968920165711
random,4,4,462,3.65,2310,99.341262249815
random,4,4,463,3.65,2315,99.34288697655997
random,4,4,464,3.65,2320,99.3443859680635
random,4,4,465,3.65,2325,99.34587813620071
random,4,4,466,3.65,2330,99.34730517506527
random,4,4,467,3.65,2335,99.34866789200379
random,4,4,468,3.65,2340,99.34996705312462
random,4,4,469,3.65,2345,99.35126104189254
random,4,4,470,3.65,2350,99.35260730755587
random,4,4,471,3.65,2355,99.35394799723879
random,4,4,472,3.65,2360,99.3552831455117
random,4,4,473,3.65,2365,99.35666948674563
random,4,4,474,3.65,2370,99.35804987864505
random,4,4,475,3.65,2375,99.35942435942437
random,4,4,476,3.65,2380,99.36080416090223
random,4,4,477,3.65,2385,99.36217803096494
random,4,4,478,3.65,2390,99.36354600777695
random,4,4,479,3.65,2395,99.36490812917594
random,4,4,480,3.65,2400,99.36626443267645
random,4,4,481,3.65,2405,99.36760399882183
random,4,4,482,3.65,2410,99.36888335581146
random,4,4,483,3.65,2415,99.37021188487817
random,4,4,484,3.65,2420,99.37164302437681
random,4,4,485,3.65,2425,99.37306767433871
random,4,4,486,3.65,2430,99.37448587880449
random,4,4,487,3.65,2435,99.37579094982385
random,4,4,488,3.65,2440,99.3771968740402
random,4,4,489,3.65,2445,99.37865994825003
random,4,4,490,3.65,2450,99.38011616453245
random,4,4,491,3.65,2455,99.38160748170236
random,4,4,492,3.65,2460,99.38304993069876
random,4,4,493,3.65,2465,99.38448566610455
random,4,4,494,3.65,2470,99.38592506603409
random,4,4,495,3.65,2475,99.38735774950484
random,4,4,496,3.65,2480,99.38883493519975
random,4,4,497,3.65,2485,99.39030501453246
random,4,4,498,3.65,2490,99.39176803866022
random,4,4,499,3.65,2495,99.39323414512509
random,4,4,500,3.65,2500,99.39469320066335
random,4,4,501,3.65,2505,99.39614525601786
random,4,4,502,3.65,2510,99.39758041888793
random,4,4,503,3.65,2515,99.39901867158429
random,4,4,504,3.65,2520,99.40045007309581
random,4,4,505,3.65,2525,99.40187467226009
random,4,4,506,3.65,2530,99.40329251745165
random,4,4,507,3.65,2535,99.4047036565874
random,4,4,508,3.65,2540,99.40609847375444
random,4,4,509,3.65,2545,99.40748676991007
random,4,4,510,3.65,2550,99.40882071880922
random,4,4,511,3.65,2555,99.41014867485455
random,4,4,512,3.65,2560,99.4114706783405
random,4,4,513,3.65,2565,99.41278676920106
random,4,4,514,3.65,2570,99.41409698701382
random,4,4,515,3.65,2575,99.41540137100391
random,4,4,516,3.65,2580,99.41674656439757
random,4,4,517,3.65,2585,99.41803919067587
random,4,4,518,3.65,2590,99.41937228576428
random,4,4,519,3.65,2595,99.42065331259326
random,4,4,520,3.66,2600,99.42039084027492
random,4,4,521,3.71,2605,99.41380944857008
random,4,4,522,3.71,2610,99.4151401456632
random,4,4,523,3.71,2615,99.41641891998175
random,4,4,524,3.71,2620,99.41769211451532
random,4,4,525,3.71,2625,99.41895976570453
random,4,4,526,3.71,2630,99.42026720837566
random,4,4,527,3.71,2635,99.42157779856564
random,4,4,528,3.71,2640,99.42288247647197
random,4,4,529,3.71,2645,99.42418128201147
random,4,4,530,3.71,2650,99.42546535757427
random,4,4,531,3.71,2655,99.42669056743726
random,4,4,532,3.71,2660,99.42786645076721
random,4,4,533,3.71,2665,99.42903752039152
random,4,4,534,3.71,2670,99.43024755820382
random,4,4,535,3.71,2675,99.431452478009
random,4,4,536,3.71,2680,99.43270436404784
random,4,4,537,3.71,2685,99.43395074913795
random,4,4,538,3.71,2690,99.43519166945772
random,4,4,539,3.71,2695,99.4364271608689
random,4,4,540,3.71,2700,99.43765725892018
random,4,4,541,3.7199999999999998,2705,99.43732700074116
random,4,4,542,3.7199999999999998,2710,99.43854988906833
random,4,4,543,3.7199999999999998,2715,99.4397252846557
random,4,4,544,3.7199999999999998,2720,99.44089576914405
random,4,4,545,3.73,2725,99.44060348835465
random,4,4,546,3.75,2730,99.43881597653503
random,4,4,547,3.7800000000000002,2735,99.43554287932862
random,4,4,548,3.81,2740,99.43228382828448
random,4,4,549,3.85,2745,99.42756036636136
random,4,4,550,3.91,2750,99.41988991261258
random,4,4,551,3.91,2755,99.42113522636426
random,4,4,552,3.9699999999999998,2760,99.41351139737927
random,4,4,553,3.9699999999999998,2765,99.4147650215225
random,4,4,554,3.9699999999999998,2770,99.41601329783322
random,4,4,555,3.9899999999999998,2775,99.41432052373543
random,4,4,556,4.02,2780,99.41117018939227
random,4,4,557,4.06,2785,99.40657156220767
random,4,4,558,4.109999999999999,2790,99.40053383118682
random,4,4,559,4.17,2795,99.39306610776352
random,4,4,560,4.25,2800,99.38272501488721
random,4,4,561,4.279999999999999,2805,99.37967418401067
random,4,4,562,4.31,2810,99.37663614931806
random,4,4,563,4.31,2815,99.37794070952285
random,4,4,564,4.31,2820,99.37923982082931
random,4,4,565,4.33,2825,99.37765896286076
random,4,4,566,4.33,2830,99.3789532565511
random,4,4,567,4.33,2835,99.38024217788339
random,4,4,568,4.33,2840,99.38152576023768
random,4,4,569,4.33,2845,99.38280403671817
random,4,4,570,4.33,2850,99.3840770401559
random,4,4,571,4.33,2855,99.38534480311161
random,4,4,572,4.37,2860,99.38094091314757
random,4,4,573,4.43,2865,99.37372766342456
random,4,4,574,4.5,2870,99.36513311042452
random,4,4,575,4.52,2875,99.363613324698
random,4,4,576,4.52,2880,99.3649098649731
random,4,4,577,4.52,2885,99.3662011329856
random,4,4,578,4.53,2890,99.36608779614056
random,4,4,579,4.53,2895,99.36737144931989
random,4,4,580,4.569999999999999,2900,99.36307507909298
random,4,4,581,4.569999999999999,2905,99.3643596305775
random,4,4,582,4.63,2910,99.35731042045501
random,4,4,583,4.7,2915,99.34890421965477
random,4,4,584,4.8,2920,99.33638412299014
random,4,4,585,4.8,2925,99.33771179424913
random,4,4,586,4.8,2930,99.33903416367167
random,4,4,587,4.81,2935,99.3389769947503
random,4,4,588,4.82,2940,99.33892005321556
random,4,4,589,4.87,2945,99.33338808585195
random,4,4,590,4.92,2950,99.32787803445308
random,4,4,591,4.92,2955,99.32920677337552
random,4,4,592,4.92,2960,99.33053026901253
random,4,4,593,4.9399999999999995,2965,99.329123378828
random,4,4,594,4.9799999999999995,2970,99.32501118204367
random,4,4,595,5.050000000000001,2975,99.3168567292994
random,4,4,596,5.08,2980,99.31413449984473
random,4,4,597,5.1,2985,99.31277034401909
random,4,4,598,5.140000000000001,2990,99.30872167305493
random,4,4,599,5.2,2995,99.30200405374569
random,4,4,600,5.220000000000001,3000,99.30067119488767
random,4,4,601,5.25,3005,99.29800633799992
random,4,4,602,5.28,3010,99.2953517235857
random,4,4,603,5.28,3015,99.2967032967033
random,4,4,604,5.319999999999999,3020,99.29273188954917
random,4,4,605,5.36,3025,99.28877565914308
random,4,4,606,5.390000000000001,3030,99.28611162618208
random,4,4,607,5.390000000000001,3035,99.28742348726219
random,4,4,608,5.390000000000001,3040,99.28877746255856
random,4,4,609,5.390000000000001,3045,99.29012630220338
random,4,4,610,5.43,3050,99.28621192801651
random,4,4,611,5.48,3055,99.28100973523316
random,4,4,612,5.57,3060,99.27058915967157
random,4,4,613,5.64,3065,99.26282218852931
random,4,4,614,5.7,3070,99.25638918241948
random,4,4,615,5.7299999999999995,3075,99.25388681996927
random,4,4,616,5.7700000000000005,3080,99.25009422559557
random,4,4,617,5.7700000000000005,3085,99.25150477376505
random,4,4,618,5.7700000000000005,3090,99.25291002550723
random,4,4,619,5.779999999999999,3095,99.25301765359663
random,4,4,620,5.779999999999999,3100,99.25441481882797
random,4,4,621,5.779999999999999,3105,99.2558067672658
random,4,4,622,5.779999999999999,3110,99.25719352807371
random,4,4,623,5.779999999999999,3115,99.25857513019831
random,4,4,624,5.779999999999999,3120,99.25995160237123
random,4,4,625,5.79,3125,99.26004498517534
random,4,4,626,5.84,3130,99.25503552613117
random,4,4,627,5.84,3135,99.25641090936871
random,4,4,628,5.8500000000000005,3140,99.25651030082737
random,4,4,629,5.8500000000000005,3145,99.25787791140203
random,4,4,630,5.86,3150,99.257974244362
random,4,4,631,5.88,3155,99.25680628933998
random,4,4,632,5.88,3160,99.25816585292002
random,4,4,633,5.91,3165,99.255742494459
random,4,4,634,5.91,3170,99.25709904089098
random,4,4,635,5.94,3175,99.25468644131597
random,4,4,636,5.970000000000001,3180,99.25228260461155
random,4,4,637,5.970000000000001,3185,99.25363804570686
random,4,4,638,6.01,3190,99.24999688018669
random,4,4,639,6.03,3195,99.24886021076759
random,4,4,640,6.069999999999999,3200,99.24524078932644
random,4,4,641,6.11,3205,99.24163439578989
random,4,4,642,6.18,3210,99.23432408657837
random,4,4,643,6.21,3215,99.23198694006777
random,4,4,644,6.21,3220,99.23336172734342
random,4,4,645,6.22,3225,99.23349928525657
random,4,4,646,6.239999999999999,3230,99.23240623423911
random,4,4,647,6.25,3235,99.23254500356099
random,4,4,648,6.25,3240,99.23390902516456
random,4,4,649,6.29,3245,99.23037392325763
random,4,4,650,6.29,3250,99.23173695846006
random,4,4,651,6.329999999999999,3255,99.22821819600576
random,4,4,652,6.329999999999999,3260,99.22958022467535
random,4,4,653,6.329999999999999,3265,99.23093745443943
random,4,4,654,6.35,3270,99.22986428632069
random,4,4,655,6.38,3275,99.22758420300734
random,4,4,656,6.43,3280,99.22289498809566
random,4,4,657,6.47,3285,99.21942862658044
random,4,4,658,6.4799999999999995,3290,99.21958739296424
random,4,4,659,6.4799999999999995,3295,99.22094784678642
random,4,4,660,6.4799999999999995,3300,99.22230356564215
random,4,4,661,6.49,3305,99.22245651027939
random,4,4,662,6.510000000000001,3310,99.22141293817947
random,4,4,663,6.5600000000000005,3315,99.21679123188233
random,4,4,664,6.58,3320,99.21576105741153
random,4,4,665,6.63,3325,99.21116504854369
random,4,4,666,6.660000000000001,3330,99.20896036487594
random,4,4,667,6.74,3335,99.20083473641775
random,4,4,668,6.800000000000001,3340,99.19510434051821
random,4,4,669,6.83,3345,99.19293850734981
random,4,4,670,6.87,3350,99.18960046241138
random,4,4,671,6.92,3355,99.18509621046185
random,4,4,672,6.99,3360,99.17825611605517
random,4,4,673,6.99,3365,99.1796544925359
random,4,4,674,7.03,3370,99.17636169788993
random,4,4,675,7.049999999999999,3375,99.17541930805399
random,4,4,676,7.049999999999999,3380,99.17681538479502
random,4,4,677,7.049999999999999,3385,99.1782067422017
random,4,4,678,7.049999999999999,3390,99.17959340416371
random,4,4,679,7.049999999999999,3395,99.18097539440971
random,4,4,680,7.07,3400,99.18003316980388
random,4,4,681,7.090000000000001,3405,99.17909410892923
random,4,4,682,7.109999999999999,3410,99.17815819587807
random,4,4,683,7.109999999999999,3415,99.17953333794918
random,4,4,684,7.109999999999999,3420,99.1809038858104
random,4,4,685,7.12,3425,99.18111033158131
random,4,4,686,7.140000000000001,3430,99.18016787038844
random,4,4,687,7.140000000000001,3435,99.1815211784261
random,4,4,688,7.140000000000001,3440,99.18282326550232
random,4,4,689,7.19,3445,99.17840777941564
random,4,4,690,7.19,3450,99.17975746375075
random,4,4,691,7.26,3455,99.17313956401904
random,4,4,692,7.3,3460,99.16995463176686
random,4,4,693,7.35,3465,99.16564500749216
random,4,4,694,7.35,3470,99.16701610435533
random,4,4,695,7.35,3475,99.16838270236022
random,4,4,696,7.35,3480,99.16974482361314
random,4,4,697,7.35,3485,99.17110249007578
random,4,4,698,7.35,3490,99.17244640605296
random,4,4,699,7.3999999999999995,3495,99.1681654676259
random,4,4,700,7.3999999999999995,3500,99.16946318140495
random,4,4,701,7.42,3505,99.16851565476591
random,4,4,702,7.42,3510,99.16980878749567
random,4,4,703,7.449999999999999,3515,99.16774654810312
random,4,4,704,7.449999999999999,3520,99.16903686353244
random,4,4,705,7.449999999999999,3525,99.17036938050535
random,4,4,706,7.48,3530,99.16837143111269
random,4,4,707,7.5200000000000005,3535,99.16526989976579
random,4,4,708,7.539999999999999,3540,99.16437627449241
random,4,4,709,7.55,3545,99.16455500105123
random,4,4,710,7.55,3550,99.16583802894708
random,4,4,711,7.55,3555,99.1670711795596
random,4,4,712,7.57,3560,99.16609751261318
random,4,4,713,7.57,3565,99.16732664554733
random,4,4,714,7.57,3570,99.16859781880486
random,4,4,715,7.59,3575,99.16762625431814
random,4,4,716,7.62,3580,99.16556247878316
random,4,4,717,7.68,3585,99.16022437754913
random,4,4,718,7.720000000000001,3590,99.15708561258694
random,4,4,719,7.76,3595,99.15395601879612
random,4,4,720,7.8,3600,99.15083555603941
random,4,4,721,7.86,3605,99.14554072270296
random,4,4,722,7.93,3610,99.1392223693637
random,4,4,723,7.93,3615,99.1405564165646
random,4,4,724,7.93,3620,99.141886335108
random,4,4,725,7.93,3625,99.14322140109772
random,4,4,726,7.93,3630,99.1445523193096
random,4,4,727,7.93,3635,99.14588830847111
random,4,4,728,7.93,3640,99.1472201311969
random,4,4,729,7.93,3645,99.14854780694691
random,4,4,730,7.93,3650,99.14987135506004
random,4,4,731,7.93,3655,99.15119079475515
random,4,4,732,7.93,3660,99.152506145132
random,4,4,733,7.9399999999999995,3665,99.15274131933329
random,4,4,734,7.969999999999999,3670,99.15084489334953
random,4,4,735,7.969999999999999,3675,99.15210059895529
random,4,4,736,7.969999999999999,3680,99.15334360227334
random,4,4,737,7.969999999999999,3685,99.15458296649093
random,4,4,738,7.9799999999999995,3690,99.15471474270703
random,4,4,739,7.9799999999999995,3695,99.15590391267096
random,4,4,740,7.9799999999999995,3700,99.157134256472
random,4,4,741,7.9799999999999995,3705,99.15836989537631
random,4,4,742,7.9799999999999995,3710,99.15963731715793
random,4,4,743,7.99,3715,99.15984942482808
random,4,4,744,7.99,3720,99.16106677866443
random,4,4,745,7.99,3725,99.16233330537617
random,4,4,746,8.0,3730,99.16254920023448
random,4,4,747,8.01,3735,99.16276444518772
random,4,4,748,8.03,3740,99.1619353761376
random,4,4,749,8.05,3745,99.16105633949601
random,4,4,750,8.05,3750,99.1622175736572
random,4,4,751,8.05,3755,99.16341906988828
random,4,4,752,8.05,3760,99.16462579386493
random,4,4,753,8.05,3765,99.1658290415842
random,4,4,754,8.05,3770,99.16707192152886
random,4,4,755,8.05,3775,99.16826813795385
random,4,4,756,8.05,3780,99.16946092339438
random,4,4,757,8.05,3785,99.17065029259045
random,4,4,758,8.05,3790,99.17183626019774
random,4,4,759,8.05,3795,99.17301884078815
random,4,4,760,8.05,3800,99.17419804885054
random,4,4,761,8.05,3805,99.17537389879124
random,4,4,762,8.05,3810,99.17654640493458
random,4,4,763,8.05,3815,99.17771558152363
random,4,4,764,8.05,3820,99.1788814427206
random,4,4,765,8.05,3825,99.1799938881532
random,4,4,766,8.06,3830,99.18008606044576
random,4,4,767,8.07,3835,99.1801779836645
random,4,4,768,8.07,3840,99.18128417656666
random,4,4,769,8.07,3845,99.18242880444143
random,4,4,770,8.07,3850,99.18357023622843
random,4,4,771,8.07,3855,99.18467553723517
random,4,4,772,8.07,3860,99.1857778495253
random,4,4,773,8.07,3865,99.1868771852046
random,4,4,774,8.07,3870,99.18801440846799
random,4,4,775,8.07,3875,99.18909956892654
random,4,4,776,8.07,3880,99.19023058861306
random,4,4,777,8.07,3885,99.19139086782698
random,4,4,778,8.07,3890,99.19250742953201
random,4,4,779,8.09,3895,99.19163052818801
random,4,4,780,8.09,3900,99.19275172874862
random,4,4,781,8.09,3905,99.1938698234286
random,4,4,782,8.09,3910,99.19498482511567
random,4,4,783,8.110000000000001,3915,99.19410934674166
random,4,4,784,8.16,3920,99.19025929564467
random,4,4,785,8.16,3925,99.19131856696893
random,4,4,786,8.219999999999999,3930,99.18649301294485
random,4,4,787,8.260000000000002,3935,99.18369767166068
random,4,4,788,8.309999999999999,3940,99.17993151293261
random,4,4,789,8.36,3945,99.17617611699087
random,4,4,790,8.42,3950,99.17143925527937
random,4,4,791,8.459999999999999,3955,99.1686402452806
random,4,4,792,8.459999999999999,3960,99.16973354924187
random,4,4,793,8.459999999999999,3965,99.17082398141704
random,4,4,794,8.48,3970,99.16995389720348
random,4,4,795,8.52,3975,99.16713100090911
random,4,4,796,8.52,3980,99.16821243776238
random,4,4,797,8.52,3985,99.16929106987901
random,4,4,798,8.53,3990,99.16939316039574
random,4,4,799,8.559999999999999,3995,99.16755001021113
random,4,4,800,8.57,4000,99.16769450406441
random,4,4,801,8.57,4005,99.16876818622697
random,4,4,802,8.57,4010,99.16979889177355
random,4,4,803,8.57,4015,99.17078692997649
random,4,4,804,8.57,4020,99.17181263831309
random,4,4,805,8.57,4025,99.17283581225207
random,4,4,806,8.57,4030,99.17381663935217
random,4,4,807,8.57,4035,99.17479514313501
random,4,4,808,8.57,4040,99.17576340466458
random,4,4,809,8.57,4045,99.17676893815681
random,4,4,810,8.58,4050,99.17681259534294
random,4,4,811,8.58,4055,99.17781440453831
random,4,4,812,8.58,4060,99.17889236599581
random,4,4,813,8.58,4065,99.17997534191588
random,4,4,814,8.58,4070,99.18097729073398
random,4,4,815,8.58,4075,99.18197679407362
random,4,4,816,8.58,4080,99.1830127594744
random,4,4,817,8.58,4085,99.1840461042481
random,4,4,818,8.58,4090,99.18506909816213
random,4,4,819,8.58,4095,99.18609725094386
random,4,4,820,8.6,4100,99.1851893960927
random,4,4,821,8.63,4105,99.1833760728243
random,4,4,822,8.63,4110,99.18436398347936
random,4,4,823,8.63,4115,99.18534950677302
random,4,4,824,8.63,4120,99.18637100727835
random,4,4,825,8.63,4125,99.18738994924719
random,4,4,826,8.63,4130,99.18840634227999
random,4,4,827,8.63,4135,99.18945826132692
random,4,4,828,8.64,4140,99.18956945877497
random,4,4,829,8.67,4145,99.18780679731705
random,4,4,830,8.67,4150,99.18889335865508
random,4,4,831,8.67,4155,99.18997701664891
random,4,4,832,8.67,4160,99.19102759090443
random,4,4,833,8.67,4165,99.19210555741921
random,4,4,834,8.67,4170,99.1931956709876
random,4,4,835,8.67,4175,99.19428284668142
random,4,4,836,8.67,4180,99.19536709636105
random,4,4,837,8.67,4185,99.19644843182324
random,4,4,838,8.67,4190,99.19752686480132
random,4,4,839,8.68,4195,99.19767807294843
random,4,4,840,8.709999999999999,4200,99.19598268270393
random,4,4,841,8.709999999999999,4205,99.19705741362145
random,4,4,842,8.74,4210,99.19536737831542
random,4,4,843,8.799999999999999,4215,99.19092363422392
random,4,4,844,8.799999999999999,4220,99.1920008079992
random,4,4,845,8.799999999999999,4225,99.19307511737088
random,4,4,846,8.82,4230,99.19231508868967
random,4,4,847,8.85,4235,99.19064254750974
random,4,4,848,8.89,4240,99.18806111917876
random,4,4,849,8.92,4245,99.18639862818782
random,4,4,850,8.92,4250,99.18747324218216
random,4,4,851,8.93,4255,99.18763531830504
random,4,4,852,8.93,4260,99.18870547192267
random,4,4,853,8.93,4265,99.1897728097554
random,4,4,854,8.93,4270,99.19083734290193
random,4,4,855,8.93,4275,99.19189908240277
random,4,4,856,8.93,4280,99.1929580392405
random,4,4,857,8.94,4285,99.19311166468103
random,4,4,858,8.94,4290,99.19416626855715
random,4,4,859,8.94,4295,99.19521811929496
random,4,4,860,8.94,4300,99.19626722766135
random,4,4,861,8.94,4305,99.19731360436718
random,4,4,862,8.94,4310,99.19835726006761
random,4,4,863,8.94,4315,99.19939820536243
random,4,4,864,8.94,4320,99.20043645079643
random,4,4,865,8.94,4325,99.20147200685983
random,4,4,866,8.94,4330,99.20250488398855
random,4,4,867,8.94,4335,99.20353509256455
random,4,4,868,8.95,4340,99.20367289195754
random,4,4,869,8.95,4345,99.2046989407834
random,4,4,870,8.95,4350,99.20572234893193
random,4,4,871,8.95,4355,99.2067431265843
random,4,4,872,8.959999999999999,4360,99.20687610094626
random,4,4,873,8.98,4365,99.20612468616288
random,4,4,874,9.01,4370,99.20449227889566
random,4,4,875,9.01,4375,99.20550940867327
random,4,4,876,9.030000000000001,4380,99.2047626176784
random,4,4,877,9.06,4385,99.20313819307628
random,4,4,878,9.1,4390,99.20063948840927
random,4,4,879,9.1,4395,99.20164933982541
random,4,4,880,9.13,4400,99.20003504775256
random,4,4,881,9.13,4405,99.20105009844673
random,4,4,882,9.16,4410,99.19944065722775
random,4,4,883,9.2,4415,99.1969624230786
random,4,4,884,9.229999999999999,4420,99.19536221776653
random,4,4,885,9.25,4425,99.19463671585913
random,4,4,886,9.3,4430,99.19130434782608
random,4,4,887,9.34,4435,99.18884884276348
random,4,4,888,9.35,4440,99.18900164801803
random,4,4,889,9.36,4445,99.1891540693897
random,4,4,890,9.36,4450,99.19017130991521
random,4,4,891,9.36,4455,99.19117901213231
random,4,4,892,9.36,4460,99.19214934879987
random,4,4,893,9.36,4465,99.19311736004552
random,4,4,894,9.36,4470,99.19408305421857
random,4,4,895,9.370000000000001,4475,99.19418644650843
random,4,4,896,9.370000000000001,4480,99.19514855822503
random,4,4,897,9.370000000000001,4485,99.1961083752295
random,4,4,898,9.379999999999999,4490,99.19624342342034
random,4,4,899,9.379999999999999,4495,99.1971996131495
random,4,4,900,9.379999999999999,4500,99.19818780185494
random,4,4,901,9.39,4505,99.19831980124478
random,4,4,902,9.4,4510,99.19845147646943
random,4,4,903,9.42,4515,99.19773116328982
random,4,4,904,9.44,4520,99.19697846132907
random,4,4,905,9.44,4525,99.19792684481074
random,4,4,906,9.48,4530,99.19544424547438
random,4,4,907,9.49,4535,99.19551045666861
random,4,4,908,9.49,4540,99.19642327916883
random,4,4,909,9.49,4545,99.19733403252954
random,4,4,910,9.49,4550,99.19824272377814
random,4,4,911,9.49,4555,99.19914935991021
random,4,4,912,9.49,4560,99.20005394788971
random,4,4,913,9.49,4565,99.20099013235443
random,4,4,914,9.49,4570,99.20192412812943
random,4,4,915,9.49,4575,99.20285594288114
random,4,4,916,9.49,4580,99.20381898417706
random,4,4,917,9.49,4585,99.20478636489328
random,4,4,918,9.49,4590,99.20575139767668
random,4,4,919,9.49,4595,99.20671409106487
random,4,4,920,9.49,4600,99.20767445355419
random,4,4,921,9.520000000000001,4605,99.20613080496001
random,4,4,922,9.569999999999999,4610,99.20292510660981
random,4,4,923,9.58,4615,99.20305467976608
random,4,4,924,9.58,4620,99.204014822939
random,4,4,925,9.58,4625,99.20497265537473
random,4,4,926,9.58,4630,99.20592818540499
random,4,4,927,9.58,4635,99.20688142132148
random,4,4,928,9.58,4640,99.20783237137613
random,4,4,929,9.58,4645,99.20878104378133
random,4,4,930,9.58,4650,99.20972744671023
random,4,4,931,9.58,4655,99.21067158829685
random,4,4,932,9.58,4660,99.21161347663644
random,4,4,933,9.58,4665,99.21255311978562
random,4,4,934,9.58,4670,99.21349052576271
random,4,4,935,9.58,4675,99.21442570254779
random,4,4,936,9.58,4680,99.21535865808312
random,4,4,937,9.58,4685,99.21628940027324
random,4,4,938,9.58,4690,99.21721793698522
random,4,4,939,9.58,4695,99.21814427604893
random,4,4,940,9.58,4700,99.21906842525718
random,4,4,941,9.58,4705,99.219990392366
random,4,4,942,9.58,4710,99.2208975130528
random,4,4,943,9.58,4715,99.22180252629869
random,4,4,944,9.58,4720,99.22267390440025
random,4,4,945,9.58,4725,99.22354333325228
random,4,4,946,9.58,4730,99.22441081938811
random,4,4,947,9.58,4735,99.22527636931189
random,4,4,948,9.58,4740,99.2261087325309
random,4,4,949,9.58,4745,99.22693930908709
random,4,4,950,9.58,4750,99.2277681047269
random,4,4,951,9.58,4755,99.22860133666157
random,4,4,952,9.58,4760,99.22943277243333
random,4,4,953,9.58,4765,99.23025623307649
random,4,4,954,9.58,4770,99.2310470762933
random,4,4,955,9.58,4775,99.23183629613594
random,4,4,956,9.58,4780,99.23262389759775
random,4,4,957,9.58,4785,99.2333792132134
random,4,4,958,9.58,4790,99.2341330434018
random,4,4,959,9.59,4795,99.2340867342864
random,4,4,960,9.6,4800,99.2340405160652
random,4,4,961,9.6,4805,99.23479148067848
random,4,4,962,9.610000000000001,4810,99.23474466272228
random,4,4,963,9.610000000000001,4815,99.23549346867989
random,4,4,964,9.610000000000001,4820,99.23627115950092
random,4,4,965,9.62,4825,99.2362836706017
random,4,4,966,9.62,4830,99.23708920187794
random,4,4,967,9.629999999999999,4835,99.23713104234993
random,4,4,968,9.629999999999999,4840,99.23796410597284
random,4,4,969,9.629999999999999,4845,99.2388013690509
random,4,4,970,9.64,4850,99.23887726501125
random,4,4,971,9.64,4855,99.2397476340694
random,4,4,972,9.64,4860,99.24061601480958
random,4,4,973,9.64,4865,99.24148241403729
random,4,4,974,9.64,4870,99.24234683852714
random,4,4,975,9.64,4875,99.24320335377102
random,4,4,976,9.64,4880,99.24405200671256
random,4,4,977,9.64,4885,99.24489875846943
random,4,4,978,9.64,4890,99.24575541819888
random,4,4,979,9.64,4895,99.24660424840177
random,4,4,980,9.64,4900,99.2474570449418
random,4,4,981,9.66,4905,99.24674838588939
random,4,4,982,9.68,4910,99.24603545502694
random,4,4,983,9.719999999999999,4915,99.24376808888059
random,4,4,984,9.74,4920,99.24306597138572
random,4,4,985,9.76,4925,99.24236543447547
random,4,4,986,9.76,4930,99.2432172571278
random,4,4,987,9.76,4935,99.2440613115846
random,4,4,988,9.76,4940,99.2449034853584
random,4,4,989,9.76,4945,99.24571463900953
random,4,4,990,9.76,4950,99.24652405178604
random,4,4,991,9.76,4955,99.2473317292862
random,4,4,992,9.790000000000001,4960,99.2458266248623
random,4,4,993,9.790000000000001,4965,99.24663332050788
random,4,4,994,9.84,4970,99.24359476973457
random,4,4,995,9.84,4975,99.24440212550296
random,4,4,996,9.85,4980,99.24440591894815
random,4,4,997,9.87,4985,99.2436433859028
random,4,4,998,9.87,4990,99.24441926692593
random,4,4,999,9.87,4995,99.24519355776143
random,4,4,1000,9.87,5000,99.245966263293
random,4,4,1001,9.87,5005,99.2467316395607
random,4,4,1002,9.87,5010,99.24752414860446
random,4,4,1003,9.87,5015,99.24829209221559
random,4,4,1004,9.87,5020,99.24905275651658
random,4,4,1005,9.87,5025,99.24984039157268
random,4,4,1006,9.87,5030,99.25062637612938
random,4,4,1007,9.87,5035,99.25138232594828
random,4,4,1008,9.879999999999999,5040,99.25135067552719
random,4,4,1009,9.879999999999999,5045,99.2521044025919
random,4,4,1010,9.879999999999999,5050,99.25285661350453
random,4,4,1011,9.879999999999999,5055,99.25360731283523
random,4,4,1012,9.879999999999999,5060,99.25435650513573
random,4,4,1013,9.89,5065,99.25432214188237
random,4,4,1014,9.89,5070,99.25504108949299
random,4,4,1015,9.89,5075,99.25575865208786
random,4,4,1016,9.9,5080,99.25569506052176
random,4,4,1017,9.92,5085,99.25493642174203
random,4,4,1018,9.92,5090,99.2556520173181
random,4,4,1019,9.92,5095,99.25636623962698
random,4,4,1020,9.92,5100,99.25707909261797
random,4,4,1021,9.92,5105,99.2577905802252
random,4,4,1022,9.92,5110,99.2585284180943
random,4,4,1023,9.94,5115,99.2577436602049
random,4,4,1024,9.950000000000001,5120,99.25770642475605
random,4,4,1025,9.950000000000001,5125,99.25841457233999
random,4,4,1026,9.950000000000001,5130,99.25912137006702
random,4,4,1027,9.950000000000001,5135,99.25985435123816
random,4,4,1028,9.950000000000001,5140,99.26055840845416
random,4,4,1029,9.950000000000001,5145,99.26126112748628
random,4,4,1030,9.950000000000001,5150,99.2619898829568
random,4,4,1031,9.950000000000001,5155,99.2627172020303
random,4,4,1032,9.969999999999999,5160,99.26198988844722
random,4,4,1033,10.0,5165,99.2604972416547
random,4,4,1034,10.040000000000001,5170,99.25826875198545
random,4,4,1035,10.040000000000001,5175,99.2590241850373
random,4,4,1036,10.040000000000001,5180,99.25977808087882
random,4,4,1037,10.059999999999999,5185,99.25905739727338
random,4,4,1038,10.059999999999999,5190,99.25980972842522
random,4,4,1039,10.059999999999999,5195,99.26056053333726
random,4,4,1040,10.059999999999999,5200,99.26128269521669
random,4,4,1041,10.059999999999999,5205,99.26200344789642
random,4,4,1042,10.059999999999999,5210,99.26272279549718
random,4,4,1043,10.059999999999999,5215,99.2634137769447
random,4,4,1044,10.059999999999999,5220,99.26407654774358
random,4,4,1045,10.059999999999999,5225,99.26479186155285
random,4,4,1046,10.059999999999999,5230,99.26550578614975
random,4,4,1047,10.059999999999999,5235,99.26621832557733
random,4,4,1048,10.059999999999999,5240,99.26692948386298
random,4,4,1049,10.059999999999999,5245,99.26761260638182
random,4,4,1050,10.059999999999999,5250,99.26829445693048
random,4,4,1051,10.059999999999999,5255,99.26897503905823
random,4,4,1052,10.059999999999999,5260,99.26965435630123
random,4,4,1053,10.059999999999999,5265,99.2703588731904
random,4,4,1054,10.059999999999999,5270,99.27108844030316
random,4,4,1055,10.059999999999999,5275,99.27181654988708
random,4,4,1056,10.059999999999999,5280,99.27249059878508
random,4,4,1057,10.059999999999999,5285,99.27318965704089
random,4,4,1058,10.059999999999999,5290,99.27386116745224
random,4,4,1059,10.059999999999999,5295,99.27450527894767
random,4,4,1060,10.059999999999999,5300,99.27514824875529
random,4,4,1061,10.059999999999999,5305,99.27579007990785
random,4,4,1062,10.059999999999999,5310,99.27645679598383
random,4,4,1063,10.059999999999999,5315,99.27712228561573
random,4,4,1064,10.059999999999999,5320,99.27781247532288
random,4,4,1065,10.059999999999999,5325,99.27852722017829
random,4,4,1066,10.059999999999999,5330,99.2792457155958
random,4,4,1067,10.059999999999999,5335,99.27996278137637
random,4,4,1068,10.059999999999999,5340,99.28067842178272
random,4,4,1069,10.059999999999999,5345,99.28139264106063
random,4,4,1070,10.059999999999999,5350,99.28210544343904
random,4,4,1071,10.059999999999999,5355,99.28281683313016
random,4,4,1072,10.059999999999999,5360,99.28350129981126
random,4,4,1073,10.059999999999999,5365,99.28418446125275
random,4,4,1074,10.059999999999999,5370,99.2848663211846
random,4,4,1075,10.059999999999999,5375,99.28554688332257
random,4,4,1076,10.059999999999999,5380,99.28622615136831
random,4,4,1077,10.059999999999999,5385,99.28690412900939
random,4,4,1078,10.059999999999999,5390,99.28758081991941
random,4,4,1079,10.059999999999999,5395,99.28828140475989
random,4,4,1080,10.059999999999999,5400,99.28898061305985
random,4,4,1081,10.059999999999999,5405,99.28970352535815
random,4,4,1082,10.059999999999999,5410,99.29041996416832
random,4,4,1083,10.059999999999999,5415,99.29113995405797
random,4,4,1084,10.059999999999999,5420,99.2918634690243
random,4,4,1085,10.059999999999999,5425,99.29258550855086
random,4,4,1086,10.059999999999999,5430,99.29330607714626
random,4,4,1087,10.059999999999999,5435,99.29402517930076
random,4,4,1088,10.059999999999999,5440,99.29474281948642
random,4,4,1089,10.059999999999999,5445,99.29545900215705
random,4,4,1090,10.059999999999999,5450,99.29617373174844
random,4,4,1091,10.059999999999999,5455,99.2968870126784
random,4,4,1092,10.059999999999999,5460,99.29759884934683
random,4,4,1093,10.059999999999999,5465,99.29830924613582
random,4,4,1094,10.059999999999999,5470,99.29901820740979
random,4,4,1095,10.059999999999999,5475,99.29972086288869
random,4,4,1096,10.059999999999999,5480,99.30042211111189
random,4,4,1097,10.059999999999999,5485,99.30109767958871
random,4,4,1098,10.059999999999999,5490,99.3017719445582
random,4,4,1099,10.059999999999999,5495,99.3024690930018
random,4,4,1100,10.059999999999999,5500,99.30316967749086
random,4,4,1101,10.059999999999999,5505,99.30386885608907
random,4,4,1102,10.059999999999999,5510,99.30455701802899
random,4,4,1103,10.059999999999999,5515,99.30524861878453
random,4,4,1104,10.059999999999999,5520,99.30593884534716
random,4,4,1105,10.059999999999999,5525,99.30662770180857
random,4,4,1106,10.059999999999999,5530,99.30731996171669
random,4,4,1107,10.059999999999999,5535,99.30800132071319
random,4,4,1108,10.059999999999999,5540,99.30868609125893
random,4,4,1109,10.059999999999999,5545,99.30937424913328
random,4,4,1110,10.059999999999999,5550,99.310056306538
random,4,4,1111,10.059999999999999,5555,99.31073701808117
random,4,4,1112,10.059999999999999,5560,99.31141638774238
random,4,4,1113,10.059999999999999,5565,99.31209441948565
random,4,4,1114,10.059999999999999,5570,99.31274764312064
random,4,4,1115,10.059999999999999,5575,99.31339962735208
random,4,4,1116,10.059999999999999,5580,99.31407376093493
random,4,4,1117,10.059999999999999,5585,99.31475123971445
random,4,4,1118,10.059999999999999,5590,99.31542738154377
random,4,4,1119,10.059999999999999,5595,99.31610219037648
random,4,4,1120,10.059999999999999,5600,99.3167756701507
random,4,4,1121,10.059999999999999,5605,99.317447824789
random,4,4,1122,10.059999999999999,5610,99.3181186581985
random,4,4,1123,10.059999999999999,5615,99.31878817427105
random,4,4,1124,10.059999999999999,5620,99.31945637688317
random,4,4,1125,10.059999999999999,5625,99.3201232698962
random,4,4,1126,10.059999999999999,5630,99.32078885715636
random,4,4,1127,10.059999999999999,5635,99.32145314249485
random,4,4,1128,10.059999999999999,5640,99.32211612972783
random,4,4,1129,10.059999999999999,5645,99.32277782265665
random,4,4,1130,10.059999999999999,5650,99.32343822506776
random,4,4,1131,10.059999999999999,5655,99.32409734073288
random,4,4,1132,10.059999999999999,5660,99.32475517340905
random,4,4,1133,10.059999999999999,5665,99.32541172683868
random,4,4,1134,10.059999999999999,5670,99.32606700474969
random,4,4,1135,10.059999999999999,5675,99.32672101085545
random,4,4,1136,10.059999999999999,5680,99.327373748855
random,4,4,1137,10.059999999999999,5685,99.328025222433
random,4,4,1138,10.059999999999999,5690,99.32867543525988
random,4,4,1139,10.059999999999999,5695,99.32932439099189
random,4,4,1140,10.059999999999999,5700,99.32997209327108
random,4,4,1141,10.059999999999999,5705,99.33061854572554
random,4,4,1142,10.059999999999999,5710,99.33126375196932
random,4,4,1143,10.059999999999999,5715,99.33190771560254
random,4,4,1144,10.059999999999999,5720,99.3325504402115
random,4,4,1145,10.059999999999999,5725,99.33319192936872
random,4,4,1146,10.059999999999999,5730,99.33383218663295
random,4,4,1147,10.059999999999999,5735,99.33447121554929
random,4,4,1148,10.059999999999999,5740,99.33510901964931
random,4,4,1149,10.059999999999999,5745,99.33574560245101
random,4,4,1150,10.059999999999999,5750,99.33638096745892
random,4,4,1151,10.059999999999999,5755,99.3370151181642
random,4,4,1152,10.059999999999999,5760,99.33764805804468
random,4,4,1153,10.059999999999999,5765,99.3382797905649
random,4,4,1154,10.059999999999999,5770,99.3389103191762
random,4,4,1155,10.059999999999999,5775,99.3395396473168
random,4,4,1156,10.059999999999999,5780,99.34016777841181
random,4,4,1157,10.059999999999999,5785,99.34079471587334
random,4,4,1158,10.059999999999999,5790,99.34142046310056
random,4,4,1159,10.059999999999999,5795,99.34204502347971
random,4,4,1160,10.059999999999999,5800,99.3426684003842
random,4,4,1161,10.059999999999999,5805,99.34329059717471
random,4,4,1162,10.059999999999999,5810,99.34391161719917
random,4,4,1163,10.059999999999999,5815,99.34453146379285
random,4,4,1164,10.059999999999999,5820,99.34515014027848
random,4,4,1165,10.08,5825,99.34446698923053
random,4,4,1166,10.08,5830,99.34508456075835
random,4,4,1167,10.08,5835,99.34570096976464
random,4,4,1168,10.08,5840,99.3463162195288
random,4,4,1169,10.08,5845,99.34693031331796
random,4,4,1170,10.08,5850,99.34754325438692
random,4,4,1171,10.08,5855,99.34815504597834
random,4,4,1172,10.08,5860,99.3487656913227
random,4,4,1173,10.08,5865,99.34937519363834
random,4,4,1174,10.08,5870,99.34998355613163
random,4,4,1175,10.08,5875,99.35058659811747
random,4,4,1176,10.08,5880,99.35116764077345
random,4,4,1177,10.08,5885,99.3517476446188
random,4,4,1178,10.08,5890,99.35232661243687
random,4,4,1179,10.08,5895,99.35290454700109
random,4,4,1180,10.08,5900,99.35348145107497
random,4,4,1181,10.08,5905,99.3540780232737
random,4,4,1182,10.08,5910,99.35467349551857
random,4,4,1183,10.08,5915,99.35527199462727
random,4,4,1184,10.08,5920,99.35586938462522
random,4,4,1185,10.08,5925,99.35646566859259
random,4,4,1186,10.08,5930,99.35706084959817
random,4,4,1187,10.08,5935,99.35765493069938
random,4,4,1188,10.08,5940,99.35824791494238
random,4,4,1189,10.08,5945,99.35883980536208
random,4,4,1190,10.08,5950,99.35943060498221
random,4,4,1191,10.08,5955,99.36002031681534
random,4,4,1192,10.08,5960,99.36060894386299
random,4,4,1193,10.08,5965,99.36119648911563
random,4,4,1194,10.08,5970,99.36178295555274
random,4,4,1195,10.08,5975,99.36236834614289
random,4,4,1196,10.08,5980,99.36294863773392
random,4,4,1197,10.08,5985,99.36350376025308
random,4,4,1198,10.08,5990,99.36405791615407
random,4,4,1199,10.08,5995,99.364587076155
random,4,4,1200,10.08,6000,99.36511935504188
random,4,4,1201,10.08,6005,99.36564675082755
random,4,4,1202,10.08,6010,99.36619319789486
random,4,4,1203,10.08,6015,99.366742682674
random,4,4,1204,10.08,6020,99.36727135773022
random,4,4,1205,10.08,6025,99.36781897546535
random,4,4,1206,10.08,6030,99.3683656461093
random,4,4,1207,10.09,6035,99.36826156100128
random,4,4,1208,10.100000000000001,6040,99.36817741077851
random,4,4,1209,10.100000000000001,6045,99.36869870676992
random,4,4,1210,10.100000000000001,6050,99.3692191432622
random,4,4,1211,10.11,6055,99.36909895349055
random,4,4,1212,10.14,6060,99.36771610827394
random,4,4,1213,10.18,6065,99.36570047105153
random,4,4,1214,10.22,6070,99.36369975593962
random,4,4,1215,10.22,6075,99.36420248471161
random,4,4,1216,10.25,6080,99.36284352058482
random,4,4,1217,10.299999999999999,6085,99.3602643412586
random,4,4,1218,10.34,6090,99.35831000949503
random,4,4,1219,10.34,6095,99.35885909161371
random,4,4,1220,10.38,6100,99.35690919904837
random,4,4,1221,10.38,6105,99.35743866882092
random,4,4,1222,10.38,6110,99.35796726746415
random,4,4,1223,10.38,6115,99.35847517336003
random,4,4,1224,10.38,6120,99.35896248263086
random,4,4,1225,10.38,6125,99.35946881575781
random,4,4,1226,10.38,6130,99.35997434964638
random,4,4,1227,10.39,6135,99.35988269650184
random,4,4,1228,10.39,6140,99.36042646443258
random,4,4,1229,10.39,6145,99.36096930930562
random,4,4,1230,10.39,6150,99.3614916145843
random,4,4,1231,10.4,6155,99.36135981233804
random,4,4,1232,10.4,6160,99.36184182267793
random,4,4,1233,10.4,6165,99.36233874527886
random,4,4,1234,10.4,6170,99.36283489459205
random,4,4,1235,10.4,6175,99.3633536570435
random,4,4,1236,10.4,6180,99.36387157545768
random,4,4,1237,10.4,6185,99.36436534324271
random,4,4,1238,10.4,6190,99.36485834508956
random,4,4,1239,10.42,6195,99.3641339834382
random,4,4,1240,10.45,6200,99.36281653384388
random,4,4,1241,10.45,6205,99.36334836115512
random,4,4,1242,10.45,6210,99.36387930142382
random,4,4,1243,10.45,6215,99.36441322263784
random,4,4,1244,10.45,6220,99.3649462483212
random,4,4,1245,10.48,6225,99.36365678755973
random,4,4,1246,10.48,6230,99.36417026646605
random,4,4,1247,10.52,6235,99.36223871186769
random,4,4,1248,10.58,6240,99.35909861885148
random,4,4,1249,10.61,6245,99.35777539692629
random,4,4,1250,10.639999999999999,6250,99.3564347452655
random,4,4,1251,10.66,6255,99.35568879647985
random,4,4,1252,10.66,6260,99.35616355619979
random,4,4,1253,10.66,6265,99.35663761678295
random,4,4,1254,10.66,6270,99.35711485691886
random,4,4,1255,10.66,6275,99.35759138955514
random,4,4,1256,10.67,6280,99.35746502791143
random,4,4,1257,10.67,6285,99.35793673239742
random,4,4,1258,10.67,6290,99.3584154605639
random,4,4,1259,10.67,6295,99.35888191890787
random,4,4,1260,10.67,6300,99.35935923915655
random,4,4,1261,10.67,6305,99.35982816756062
random,4,4,1262,10.67,6310,99.36030024520825
random,4,4,1263,10.67,6315,99.3607677975545
random,4,4,1264,10.67,6320,99.36122319472216
random,4,4,1265,10.67,6325,99.36166648719144
random,4,4,1266,10.67,6330,99.36212060523815
random,4,4,1267,10.69,6335,99.3613678318169
random,4,4,1268,10.7,6340,99.3612245385295
random,4,4,1269,10.72,6345,99.36050014615435
random,4,4,1270,10.74,6350,99.35976154992548
random,4,4,1271,10.74,6355,99.3602306505513
random,4,4,1272,10.74,6360,99.36068384208771
random,4,4,1273,10.74,6365,99.36114399243367
random,4,4,1274,10.74,6370,99.36160348086594
random,4,4,1275,10.74,6375,99.3620926213004
random,4,4,1276,10.74,6380,99.36258101274838
random,4,4,1277,10.76,6385,99.36190148612907
random,4,4,1278,10.76,6390,99.36241948768392
random,4,4,1279,10.79,6395,99.36118314328681
random,4,4,1280,10.79,6400,99.3617272996155
random,4,4,1281,10.79,6405,99.3622742988859
random,4,4,1282,10.79,6410,99.36281659865713
random,4,4,1283,10.79,6415,99.36335046406381
random,4,4,1284,10.79,6420,99.3638871857756
random,4,4,1285,10.79,6425,99.36440428364416
random,4,4,1286,10.79,6430,99.36490558930169
random,4,4,1287,10.79,6435,99.36542103344037
random,4,4,1288,10.79,6440,99.36595427114122
random,4,4,1289,10.79,6445,99.36648661343354
random,4,4,1290,10.79,6450,99.36699949547689
random,4,4,1291,10.79,6455,99.36749300959605
random,4,4,1292,10.79,6460,99.36798575478551
random,4,4,1293,10.79,6465,99.36849621331835
random,4,4,1294,10.79,6470,99.36899108751082
random,4,4,1295,10.79,6475,99.36949992403613
random,4,4,1296,10.79,6480,99.36999322698928
random,4,4,1297,10.79,6485,99.37050044922582
random,4,4,1298,10.79,6490,99.37101052202047
random,4,4,1299,10.79,6495,99.3715014649433
random,4,4,1300,10.79,6500,99.37200991747082
random,4,4,1301,10.79,6505,99.37251754799165
random,4,4,1302,10.81,6510,99.37188046554058
random,4,4,1303,10.81,6515,99.37240194143192
random,4,4,1304,10.82,6520,99.37232425659292
random,4,4,1305,10.84,6525,99.3716670530953
random,4,4,1306,10.84,6530,99.37216925946089
random,4,4,1307,10.84,6535,99.37267066367276
random,4,4,1308,10.879999999999999,6540,99.3708618845231
random,4,4,1309,10.89,6545,99.37080391499786
random,4,4,1310,10.89,6550,99.37130519120636
random,4,4,1311,10.89,6555,99.37180929306913
random,4,4,1312,10.9,6560,99.37173257710685
random,4,4,1313,10.9,6565,99.37223191711158
random,4,4,1314,10.9,6570,99.37274851243569
random,4,4,1315,10.9,6575,99.37326786186593
random,4,4,1316,10.9,6580,99.37376836323733
random,4,4,1317,10.9,6585,99.37426806585685
random,4,4,1318,10.91,6590,99.37417541444387
random,4,4,1319,10.93,6595,99.37350972120322
random,4,4,1320,11.0,6600,99.36998132853756
random,4,4,1321,11.1,6605,99.36474143259392
random,4,4,1322,11.16,6610,99.36179703315682
random,4,4,1323,11.23,6615,99.35828571428571
random,4,4,1324,11.3,6620,99.3547797686343
random,4,4,1325,11.34,6625,99.35298715673801
random,4,4,1326,11.4,6630,99.3500755394658
random,4,4,1327,11.459999999999999,6635,99.3471908128215
random,4,4,1328,11.459999999999999,6640,99.34772215012636
random,4,4,1329,11.459999999999999,6645,99.34823779652052
random,4,4,1330,11.469999999999999,6650,99.34818434960505
random,4,4,1331,11.48,6655,99.34813098705915
random,4,4,1332,11.48,6660,99.34864509100812
random,4,4,1333,11.48,6665,99.34915838468822
random,4,4,1334,11.48,6670,99.34965244928365
random,4,4,1335,11.48,6675,99.35014576434293
random,4,4,1336,11.52,6680,99.34839417627295
random,4,4,1337,11.53,6685,99.34834089740184
random,4,4,1338,11.540000000000001,6690,99.34828770217764
random,4,4,1339,11.540000000000001,6695,99.34879888945946
random,4,4,1340,11.540000000000001,6700,99.34932761974571
random,4,4,1341,11.540000000000001,6705,99.34985549214362
random,4,4,1342,11.540000000000001,6710,99.35038616558961
random,4,4,1343,11.540000000000001,6715,99.35091597342918
random,4,4,1344,11.540000000000001,6720,99.35144127283864
random,4,4,1345,11.540000000000001,6725,99.35194752684308
random,4,4,1346,11.540000000000001,6730,99.35245299111727
random,4,4,1347,11.559999999999999,6735,99.35185444759048
random,4,4,1348,11.559999999999999,6740,99.35235918294171
random,4,4,1349,11.59,6745,99.35118371185615
random,4,4,1350,11.63,6750,99.3494688914122
random,4,4,1351,11.63,6755,99.34999245477054
random,4,4,1352,11.63,6760,99.35051517605339
random,4,4,1353,11.63,6765,99.35101895046986
random,4,4,1354,11.63,6770,99.35152194398444
random,4,4,1355,11.63,6775,99.35200610663205
random,4,4,1356,11.63,6780,99.35248954685404
random,4,4,1357,11.63,6785,99.35297226626611
random,4,4,1358,11.63,6790,99.35345426647913
random,4,4,1359,11.63,6795,99.35393554909923
random,4,4,1360,11.63,6800,99.3544161157277
random,4,4,1361,11.63,6805,99.35489596796113
random,4,4,1362,11.63,6810,99.3553751073913
random,4,4,1363,11.63,6815,99.35587137366106
random,4,4,1364,11.63,6820,99.35634906579297
random,4,4,1365,11.63,6825,99.35684383416194
random,4,4,1366,11.63,6830,99.35733784246764
random,4,4,1367,11.63,6835,99.35783109246017
random,4,4,1368,11.63,6840,99.35832358588422
random,4,4,1369,11.63,6845,99.35879764910848
random,4,4,1370,11.63,6850,99.35928866166806
random,4,4,1371,11.63,6855,99.35977892279914
random,4,4,1372,11.63,6860,99.36026843422536
random,4,4,1373,11.63,6865,99.36075719766508
random,4,4,1374,11.63,6870,99.36122767317705
random,4,4,1375,11.63,6875,99.36169745666898
random,4,4,1376,11.63,6880,99.36216654966655
random,4,4,1377,11.63,6885,99.36263495369101
random,4,4,1378,11.63,6890,99.36310267025914
random,4,4,1379,11.63,6895,99.36356970088323
random,4,4,1380,11.63,6900,99.36405343482231
random,4,4,1381,11.63,6905,99.36453643397299
random,4,4,1382,11.63,6910,99.36503603406858
random,4,4,1383,11.63,6915,99.36553484921224
random,4,4,1384,11.63,6920,99.36603288125245
random,4,4,1385,11.63,6925,99.36653358243505
random,4,4,1386,11.63,6930,99.36703349334378
random,4,4,1387,11.63,6935,99.36753261584812
random,4,4,1388,11.63,6940,99.36803095181168
random,4,4,1389,11.63,6945,99.36852850309221
random,4,4,1390,11.63,6950,99.36902527154157
random,4,4,1391,11.63,6955,99.36952125900586
random,4,4,1392,11.63,6960,99.37001646732536
random,4,4,1393,11.63,6965,99.37051089833453
random,4,4,1394,11.63,6970,99.37100455386214
random,4,4,1395,11.63,6975,99.37149743573116
random,4,4,1396,11.63,6980,99.37198954575891
random,4,4,1397,11.63,6985,99.37248088575699
random,4,4,1398,11.63,6990,99.37297145753135
random,4,4,1399,11.63,6995,99.37346126288229
random,4,4,1400,11.63,7000,99.3739503036045
random,4,4,1401,11.63,7005,99.37443858148704
random,4,4,1402,11.63,7010,99.37492609831344
random,4,4,1403,11.63,7015,99.37541285586161
random,4,4,1404,11.63,7020,99.37589885590401
random,4,4,1405,11.63,7025,99.37638410020752
random,4,4,1406,11.63,7030,99.37686859053355
random,4,4,1407,11.63,7035,99.37735232863804
random,4,4,1408,11.63,7040,99.3778353162715
random,4,4,1409,11.63,7045,99.378317555179
random,4,4,1410,11.63,7050,99.37879904710017
random,4,4,1411,11.63,7055,99.37927979376931
random,4,4,1412,11.63,7060,99.37975979691534
random,4,4,1413,11.63,7065,99.3802390582618
random,4,4,1414,11.63,7070,99.38071757952693
random,4,4,1415,11.63,7075,99.38119536242371
random,4,4,1416,11.63,7080,99.38167240865977
random,4,4,1417,11.63,7085,99.38214871993752
random,4,4,1418,11.63,7090,99.38262429795411
random,4,4,1419,11.63,7095,99.38309914440147
random,4,4,1420,11.63,7100,99.38357326096636
random,4,4,1421,11.63,7105,99.38404664933029
random,4,4,1422,11.63,7110,99.38451931116968
random,4,4,1423,11.63,7115,99.38499124815576
random,4,4,1424,11.63,7120,99.38546246195469
random,4,4,1425,11.63,7125,99.38593295422746
random,4,4,1426,11.63,7130,99.38640272663002
random,4,4,1427,11.63,7135,99.38687178081325
random,4,4,1428,11.63,7140,99.387340118423
random,4,4,1429,11.63,7145,99.38780774110005
random,4,4,1430,11.63,7150,99.38827465048023
random,4,4,1431,11.63,7155,99.38874084819435
random,4,4,1432,11.63,7160,99.38920633586824
random,4,4,1433,11.63,7165,99.38967111512282
random,4,4,1434,11.63,7170,99.39013518757407
random,4,4,1435,11.63,7175,99.39059855483303
random,4,4,1436,11.63,7180,99.39106121850587
random,4,4,1437,11.63,7185,99.3915231801939
random,4,4,1438,11.63,7190,99.39198444149353
random,4,4,1439,11.63,7195,99.39244500399639
random,4,4,1440,11.63,7200,99.39290486928924
random,4,4,1441,11.63,7205,99.39336403895406
random,4,4,1442,11.63,7210,99.39382251456806
random,4,4,1443,11.63,7215,99.39428029770369
random,4,4,1444,11.63,7220,99.3947373899286
random,4,4,1445,11.63,7225,99.39519379280577
random,4,4,1446,11.63,7230,99.39564950789345
random,4,4,1447,11.63,7235,99.3961045367452
random,4,4,1448,11.63,7240,99.39655888090988
random,4,4,1449,11.63,7245,99.39701254193174
random,4,4,1450,11.63,7250,99.39746552135034
random,4,4,1451,11.63,7255,99.39791782070066
random,4,4,1452,11.63,7260,99.39836944151303
random,4,4,1453,11.63,7265,99.39882038531323
random,4,4,1454,11.63,7270,99.39927065362245
random,4,4,1455,11.63,7275,99.39972024795735
random,4,4,1456,11.63,7280,99.40016916983001
random,4,4,1457,11.63,7285,99.40061742074802
random,4,4,1458,11.63,7290,99.40106500221447
random,4,4,1459,11.63,7295,99.40151191572794
random,4,4,1460,11.63,7300,99.40195816278256
random,4,4,1461,11.63,7305,99.40240374486802
random,4,4,1462,11.63,7310,99.40284866346954
random,4,4,1463,11.63,7315,99.40329292006793
random,4,4,1464,11.63,7320,99.40373651613962
random,4,4,1465,11.63,7325,99.40417945315662
random,4,4,1466,11.63,7330,99.40462173258659
random,4,4,1467,11.63,7335,99.40506335589284
random,4,4,1468,11.63,7340,99.40550432453432
random,4,4,1469,11.63,7345,99.40594463996567
random,4,4,1470,11.63,7350,99.40638430363724
random,4,4,1471,11.63,7355,99.40682331699506
random,4,4,1472,11.63,7360,99.40726168148088
random,4,4,1473,11.63,7365,99.40769939853223
random,4,4,1474,11.63,7370,99.40813646958239
random,4,4,1475,11.63,7375,99.40857289606038
random,4,4,1476,11.63,7380,99.40900867939102
random,4,4,1477,11.65,7385,99.40842824717035
random,4,4,1478,11.68,7390,99.40734125574645
random,4,4,1479,11.68,7395,99.4077769834147
random,4,4,1480,11.690000000000001,7400,99.40770540310486
random,4,4,1481,11.690000000000001,7405,99.40814022368147
random,4,4,1482,11.690000000000001,7410,99.40857440629775
random,4,4,1483,11.690000000000001,7415,99.40900795235665
random,4,4,1484,11.690000000000001,7420,99.40944086325702
random,4,4,1485,11.690000000000001,7425,99.40987314039366
random,4,4,1486,11.690000000000001,7430,99.41030478515724
random,4,4,1487,11.690000000000001,7435,99.41073282858324
random,4,4,1488,11.690000000000001,7440,99.41116025105025
random,4,4,1489,11.690000000000001,7445,99.41159001565401
random,4,4,1490,11.690000000000001,7450,99.41201915338806
random,4,4,1491,11.690000000000001,7455,99.41244766562292
random,4,4,1492,11.690000000000001,7460,99.41287555372516
random,4,4,1493,11.690000000000001,7465,99.41330281905736
random,4,4,1494,11.690000000000001,7470,99.41372652273127
random,4,4,1495,11.690000000000001,7475,99.41413493439714
random,4,4,1496,11.690000000000001,7480,99.41454277744111
random,4,4,1497,11.690000000000001,7485,99.41495005304986
random,4,4,1498,11.690000000000001,7490,99.41537138170398
random,4,4,1499,11.690000000000001,7495,99.4157775056848
random,4,4,1500,11.690000000000001,7500,99.416183065813
random,4,4,1501,11.690000000000001,7505,99.41658806326201
random,4,4,1502,11.690000000000001,7510,99.4169779608692
random,4,4,1503,11.690000000000001,7515,99.41736733768273
random,4,4,1504,11.690000000000001,7520,99.41775619474537
random,4,4,1505,11.690000000000001,7525,99.41814453309708
random,4,4,1506,11.690000000000001,7530,99.41854681469103
random,4,4,1507,11.690000000000001,7535,99.41893409947212
random,4,4,1508,11.690000000000001,7540,99.41932086868405
random,4,4,1509,11.690000000000001,7545,99.41970712335568
random,4,4,1510,11.690000000000001,7550,99.42010724791531
random,4,4,1511,11.690000000000001,7555,99.42049245747882
random,4,4,1512,11.690000000000001,7560,99.42087715561016
random,4,4,1513,11.690000000000001,7565,99.42126134332719
random,4,4,1514,11.690000000000001,7570,99.42164502164502
random,4,4,1515,11.690000000000001,7575,99.42202819157615
random,4,4,1516,11.690000000000001,7580,99.42241085413033
random,4,4,1517,11.690000000000001,7585,99.42279301031466
random,4,4,1518,11.690000000000001,7590,99.42318889206872
random,4,4,1519,11.690000000000001,7595,99.42357001972385
random,4,4,1520,11.690000000000001,7600,99.42395064405176
random,4,4,1521,11.690000000000001,7605,99.42433076604881
random,4,4,1522,11.700000000000001,7610,99.42421826556826
random,4,4,1523,11.700000000000001,7615,99.42461185889712
random,4,4,1524,11.700000000000001,7620,99.42500491448791
random,4,4,1525,11.700000000000001,7625,99.42539743344186
random,4,4,1526,11.700000000000001,7630,99.42577532600747
random,4,4,1527,11.700000000000001,7635,99.42615272185083
random,4,4,1528,11.700000000000001,7640,99.42652962195068
random,4,4,1529,11.700000000000001,7645,99.42692006269593
random,4,4,1530,11.700000000000001,7650,99.42730997214866
random,4,4,1531,11.700000000000001,7655,99.42769935139259
random,4,4,1532,11.700000000000001,7660,99.42807422325636
random,4,4,1533,11.700000000000001,7665,99.42844860433988
random,4,4,1534,11.700000000000001,7670,99.42882249560633
random,4,4,1535,11.700000000000001,7675,99.42920982149391
random,4,4,1536,11.700000000000001,7680,99.42959662243197
random,4,4,1537,11.700000000000001,7685,99.42998289948697
random,4,4,1538,11.700000000000001,7690,99.43036865372257
random,4,4,1539,11.700000000000001,7695,99.43074003795066
random,4,4,1540,11.700000000000001,7700,99.43111093822935
random,4,4,1541,11.700000000000001,7705,99.43148135550393
random,4,4,1542,11.700000000000001,7710,99.43185129071732
random,4,4,1543,11.700000000000001,7715,99.43222074480992
random,4,4,1544,11.700000000000001,7720,99.43260347712229
random,4,4,1545,11.700000000000001,7725,99.43297195392049
random,4,4,1546,11.700000000000001,7730,99.4333399524393
random,4,4,1547,11.700000000000001,7735,99.43370747360932
random,4,4,1548,11.700000000000001,7740,99.4340882048504
random,4,4,1549,11.700000000000001,7745,99.43446842448704
random,4,4,1550,11.700000000000001,7750,99.43484813354974
random,4,4,1551,11.700000000000001,7755,99.43522733306624
random,4,4,1552,11.700000000000001,7760,99.43559241088873
random,4,4,1553,11.700000000000001,7765,99.4359706126227
random,4,4,1554,11.700000000000001,7770,99.43633473045239
random,4,4,1555,11.700000000000001,7775,99.43671193833681
random,4,4,1556,11.700000000000001,7780,99.4370886416997
random,4,4,1557,11.700000000000001,7785,99.4374648415526
random,4,4,1558,11.700000000000001,7790,99.43784053890433
random,4,4,1559,11.700000000000001,7795,99.4382292216834
random,4,4,1560,11.700000000000001,7800,99.43860389906386
random,4,4,1561,11.700000000000001,7805,99.43897807698947
random,4,4,1562,11.700000000000001,7810,99.43935175645824
random,4,4,1563,11.700000000000001,7815,99.43971152326634
random,4,4,1564,11.700000000000001,7820,99.44007082864732
random,4,4,1565,11.700000000000001,7825,99.44042967348832
random,4,4,1566,11.700000000000001,7830,99.44078805867423
random,4,4,1567,11.700000000000001,7835,99.44114598508767
random,4,4,1568,11.700000000000001,7840,99.44150345360899
random,4,4,1569,11.700000000000001,7845,99.44186046511628
random,4,4,1570,11.700000000000001,7850,99.44221702048542
random,4,4,1571,11.700000000000001,7855,99.44258639910814
random,4,4,1572,11.700000000000001,7860,99.44294202788146
random,4,4,1573,11.700000000000001,7865,99.44329720316321
random,4,4,1574,11.700000000000001,7870,99.44366515299208
random,4,4,1575,11.700000000000001,7875,99.44401940704908
random,4,4,1576,11.700000000000001,7880,99.44437321024063
random,4,4,1577,11.700000000000001,7885,99.44472656342694
random,4,4,1578,11.700000000000001,7890,99.445079467466
random,4,4,1579,11.700000000000001,7895,99.44543192321366
random,4,4,1580,11.700000000000001,7900,99.44578393152352
random,4,4,1581,11.700000000000001,7905,99.44613549324711
random,4,4,1582,11.700000000000001,7910,99.44648660923374
random,4,4,1583,11.700000000000001,7915,99.44683728033057
random,4,4,1584,11.700000000000001,7920,99.44718489539038
random,4,4,1585,11.700000000000001,7925,99.44754511714876
random,4,4,1586,11.700000000000001,7930,99.4479178954819
random,4,4,1587,11.700000000000001,7935,99.4482901710772
random,4,4,1588,11.700000000000001,7940,99.44866454300416
random,4,4,1589,11.700000000000001,7945,99.44903840720299
random,4,4,1590,11.700000000000001,7950,99.44941435569716
random,4,4,1591,11.700000000000001,7955,99.44978979148445
random,4,4,1592,11.700000000000001,7960,99.45016471561297
random,4,4,1593,11.700000000000001,7965,99.450539129128
random,4,4,1594,11.700000000000001,7970,99.45091303307193
random,4,4,1595,11.700000000000001,7975,99.45128642848434
random,4,4,1596,11.700000000000001,7980,99.45165931640196
random,4,4,1597,11.700000000000001,7985,99.45203169785871
random,4,4,1598,11.700000000000001,7990,99.45240357388573
random,4,4,1599,11.700000000000001,7995,99.45277494551135
random,4,4,1600,11.700000000000001,8000,99.4531432577705
random,4,4,1601,11.700000000000001,8005,99.4534983114499
random,4,4,1602,11.700000000000001,8010,99.45384015721935
random,4,4,1603,11.700000000000001,8015,99.45418157559585
random,4,4,1604,11.700000000000001,8020,99.45452256738045
random,4,4,1605,11.700000000000001,8025,99.45486313337216
random,4,4,1606,11.700000000000001,8030,99.45521595798178
random,4,4,1607,11.700000000000001,8035,99.45555565896379
random,4,4,1608,11.700000000000001,8040,99.45589493656757
random,4,4,1609,11.700000000000001,8045,99.45623379158417
random,4,4,1610,11.700000000000001,8050,99.4565722248026
random,4,4,1611,11.700000000000001,8055,99.45691023700995
random,4,4,1612,11.700000000000001,8060,99.45724782899131
random,4,4,1613,11.700000000000001,8065,99.45758500152989
random,4,4,1614,11.700000000000001,8070,99.45792175540689
random,4,4,1615,11.700000000000001,8075,99.45825809140159
random,4,4,1616,11.700000000000001,8080,99.45859401029135
random,4,4,1617,11.700000000000001,8085,99.45892951285158
random,4,4,1618,11.700000000000001,8090,99.45927709507018
random,4,4,1619,11.700000000000001,8095,99.45962423100372
random,4,4,1620,11.700000000000001,8100,99.45997092151116
random,4,4,1621,11.700000000000001,8105,99.46031716744929
random,4,4,1622,11.700000000000001,8110,99.46066296967267
random,4,4,1623,11.700000000000001,8115,99.46102074379138
random,4,4,1624,11.700000000000001,8120,99.46137804355932
random,4,4,1625,11.700000000000001,8125,99.46173486991925
random,4,4,1626,11.700000000000001,8130,99.46209122381143
random,4,4,1627,11.700000000000001,8135,99.46244710617358
random,4,4,1628,11.700000000000001,8140,99.46280498443511
random,4,4,1629,11.700000000000001,8145,99.46316238649555
random,4,4,1630,11.700000000000001,8150,99.46351931330472
random,4,4,1631,11.700000000000001,8155,99.46387576580995
random,4,4,1632,11.700000000000001,8160,99.464231744956
random,4,4,1633,11.700000000000001,8165,99.46458725168517
random,4,4,1634,11.700000000000001,8170,99.46494228693727
random,4,4,1635,11.700000000000001,8175,99.46529685164958
random,4,4,1636,11.700000000000001,8180,99.46564850632772
random,4,4,1637,11.700000000000001,8185,99.46600213599146
random,4,4,1638,11.700000000000001,8190,99.46635529790602
random,4,4,1639,11.700000000000001,8195,99.46670556221541
random,4,4,1640,11.700000000000001,8200,99.46705536702576
random,4,4,1641,11.700000000000001,8205,99.46740713765477
random,4,4,1642,11.700000000000001,8210,99.46775602300022
random,4,4,1643,11.700000000000001,8215,99.46809236098798
random,4,4,1644,11.700000000000001,8220,99.4684282741638
random,4,4,1645,11.700000000000001,8225,99.46876376333199
random,4,4,1646,11.700000000000001,8230,99.46909882929485
random,4,4,1647,11.700000000000001,8235,99.46943347285267
random,4,4,1648,11.700000000000001,8240,99.46975567973243
random,4,4,1649,11.700000000000001,8245,99.47007749550471
random,4,4,1650,11.700000000000001,8250,99.47039892088122
random,4,4,1651,11.700000000000001,8255,99.4707199565719
random,4,4,1652,11.700000000000001,8260,99.47104060328498
random,4,4,1653,11.700000000000001,8265,99.47136086172698
random,4,4,1654,11.700000000000001,8270,99.47168073260272
random,4,4,1655,11.700000000000001,8275,99.47201213018285
random,4,4,1656,11.700000000000001,8280,99.47235501037251
random,4,4,1657,11.700000000000001,8285,99.47269982197986
random,4,4,1658,11.700000000000001,8290,99.47304418321849
random,4,4,1659,11.700000000000001,8295,99.47338809497019
random,4,4,1660,11.700000000000001,8300,99.47373155811444
random,4,4,1661,11.700000000000001,8305,99.47407457352841
random,4,4,1662,11.700000000000001,8310,99.47441714208706
random,4,4,1663,11.700000000000001,8315,99.47475926466296
random,4,4,1664,11.700000000000001,8320,99.47510094212652
random,4,4,1665,11.700000000000001,8325,99.47544217534579
random,4,4,1666,11.700000000000001,8330,99.47578296518661
random,4,4,1667,11.700000000000001,8335,99.47612331251258
random,4,4,1668,11.700000000000001,8340,99.47646321818507
random,4,4,1669,11.700000000000001,8345,99.47680268306316
random,4,4,1670,11.700000000000001,8350,99.47714170800376
random,4,4,1671,11.700000000000001,8355,99.4774802938615
random,4,4,1672,11.700000000000001,8360,99.47781844148889
random,4,4,1673,11.700000000000001,8365,99.47815615173613
random,4,4,1674,11.700000000000001,8370,99.4784934254513
random,4,4,1675,11.700000000000001,8375,99.47883026348026
random,4,4,1676,11.700000000000001,8380,99.47916666666666
random,4,4,1677,11.700000000000001,8385,99.47950263585203
random,4,4,1678,11.700000000000001,8390,99.47983817187568
random,4,4,1679,11.700000000000001,8395,99.48017327557481
random,4,4,1680,11.700000000000001,8400,99.48050794778439
random,4,4,1681,11.700000000000001,8405,99.4808421893373
random,4,4,1682,11.700000000000001,8410,99.48117600106426
random,4,4,1683,11.700000000000001,8415,99.48150708606983
random,4,4,1684,11.700000000000001,8420,99.48184004357859
random,4,4,1685,11.700000000000001,8425,99.48217257373508
random,4,4,1686,11.700000000000001,8430,99.48250467736158
random,4,4,1687,11.700000000000001,8435,99.48283635527815
random,4,4,1688,11.700000000000001,8440,99.48316760830289
random,4,4,1689,11.700000000000001,8445,99.48349843725168
random,4,4,1690,11.700000000000001,8450,99.48382884293838
random,4,4,1691,11.700000000000001,8455,99.48415882617475
random,4,4,1692,11.700000000000001,8460,99.48448838777047
random,4,4,1693,11.700000000000001,8465,99.48481752853318
random,4,4,1694,11.700000000000001,8470,99.48514624926842
random,4,4,1695,11.709999999999999,8475,99.48503478543849
random,4,4,1696,11.709999999999999,8480,99.48536294876922
random,4,4,1697,11.709999999999999,8485,99.48569069411992
random,4,4,1698,11.72,8490,99.48557909660315
random,4,4,1699,11.72,8495,99.48590628755912
random,4,4,1700,11.72,8500,99.48623306256822
random,4,4,1701,11.72,8505,99.48655942242316
random,4,4,1702,11.72,8510,99.48688536791458
random,4,4,1703,11.72,8515,99.48721089983111
random,4,4,1704,11.72,8520,99.48753601895942
random,4,4,1705,11.72,8525,99.48786072608414
random,4,4,1706,11.72,8530,99.48818502198795
random,4,4,1707,11.74,8535,99.48763605575776
random,4,4,1708,11.77,8540,99.4866516340354
random,4,4,1709,11.799999999999999,8545,99.48566845665667
random,4,4,1710,11.799999999999999,8550,99.48599331791314
random,4,4,1711,11.799999999999999,8555,99.48631776905195
random,4,4,1712,11.81,8560,99.48620676153642
random,4,4,1713,11.85,8565,99.48479156884228
random,4,4,1714,11.91,8570,99.48250915711127
random,4,4,1715,11.91,8575,99.48283498484545
random,4,4,1716,11.91,8580,99.48316040253603
random,4,4,1717,11.91,8585,99.48348541095653
random,4,4,1718,11.91,8590,99.48381001087856
random,4,4,1719,11.91,8595,99.4841342030718
random,4,4,1720,11.91,8600,99.48445798830399
random,4,4,1721,11.91,8605,99.48478136734093
random,4,4,1722,11.91,8610,99.48510434094653
random,4,4,1723,11.91,8615,99.48542690988275
random,4,4,1724,11.91,8620,99.48574907490965
random,4,4,1725,11.91,8625,99.48607083678542
random,4,4,1726,11.91,8630,99.48639219626631
random,4,4,1727,11.91,8635,99.48671315410672
random,4,4,1728,11.91,8640,99.48703371105914
random,4,4,1729,11.91,8645,99.48735386787418
random,4,4,1730,11.93,8650,99.48681329553618
random,4,4,1731,11.93,8655,99.48713319060761
random,4,4,1732,11.93,8660,99.48745268711414
random,4,4,1733,11.93,8665,99.48777178580016
random,4,4,1734,11.93,8670,99.48809048740823
random,4,4,1735,11.93,8675,99.48840879267907
random,4,4,1736,11.93,8680,99.48872670235151
random,4,4,1737,11.93,8685,99.48904421716264
random,4,4,1738,11.97,8690,99.48764922162916
random,4,4,1739,12.0,8695,99.48668372017418
random,4,4,1740,12.049999999999999,8700,99.48486441888004
random,4,4,1741,12.049999999999999,8705,99.48518353954474
random,4,4,1742,12.049999999999999,8710,99.48550226507095
random,4,4,1743,12.049999999999999,8715,99.48582059619208
random,4,4,1744,12.11,8720,99.48357988733427
random,4,4,1745,12.11,8725,99.48389901297284
random,4,4,1746,12.13,8730,99.4833659157797
random,4,4,1747,12.13,8735,99.4836847795551
random,4,4,1748,12.139999999999999,8740,99.48357786105947
random,4,4,1749,12.139999999999999,8745,99.48389620106792
random,4,4,1750,12.139999999999999,8750,99.48421414884713
random,4,4,1751,12.139999999999999,8755,99.48453170512155
random,4,4,1752,12.139999999999999,8760,99.4848488706139
random,4,4,1753,12.17,8765,99.4838934029957
random,4,4,1754,12.22,8770,99.48209146891914
random,4,4,1755,12.25,8775,99.48113886841682
random,4,4,1756,12.3,8780,99.47934083703367
random,4,4,1757,12.34,8785,99.47796805198321
random,4,4,1758,12.34,8790,99.47828807461242
random,4,4,1759,12.370000000000001,8795,99.47734013875626
random,4,4,1760,12.370000000000001,8800,99.47766015395723
random,4,4,1761,12.370000000000001,8805,99.47797977751894
random,4,4,1762,12.379999999999999,8810,99.47787726319962
random,4,4,1763,12.379999999999999,8815,99.47819636339113
random,4,4,1764,12.42,8820,99.47683014671502
random,4,4,1765,12.42,8825,99.47714949651433
random,4,4,1766,12.42,8830,99.47746845668078
random,4,4,1767,12.42,8835,99.47778702792705
random,4,4,1768,12.42,8840,99.478105210964
random,4,4,1769,12.42,8845,99.47842300650082
random,4,4,1770,12.42,8850,99.47874041524496
random,4,4,1771,12.42,8855,99.47905743790214
random,4,4,1772,12.42,8860,99.47937407517638
random,4,4,1773,12.42,8865,99.47969032776996
random,4,4,1774,12.44,8870,99.47916884726334
random,4,4,1775,12.44,8875,99.47948484062361
random,4,4,1776,12.45,8880,99.47938228394365
random,4,4,1777,12.45,8885,99.4796977649989
random,4,4,1778,12.45,8890,99.48001286393878
random,4,4,1779,12.46,8895,99.479910173892
random,4,4,1780,12.46,8900,99.4802247631602
random,4,4,1781,12.479999999999999,8905,99.47970516626089
random,4,4,1782,12.49,8910,99.47960284822652
random,4,4,1783,12.520000000000001,8915,99.47866785479317
random,4,4,1784,12.53,8920,99.47856628616847
random,4,4,1785,12.53,8925,99.47888073730266
random,4,4,1786,12.53,8930,99.47919480940524
random,4,4,1787,12.559999999999999,8935,99.47826231442173
random,4,4,1788,12.6,8940,99.47691579589753
random,4,4,1789,12.6,8945,99.47723048327137
random,4,4,1790,12.6,8950,99.47754479224112
random,4,4,1791,12.6,8955,99.4778587234889
random,4,4,1792,12.6,8960,99.47817227769518
random,4,4,1793,12.6,8965,99.47848545553882
random,4,4,1794,12.6,8970,99.47879825769704
random,4,4,1795,12.6,8975,99.47911068484542
random,4,4,1796,12.6,8980,99.47942273765798
random,4,4,1797,12.6,8985,99.47973441680705
random,4,4,1798,12.6,8990,99.48004572296341
random,4,4,1799,12.6,8995,99.48035665679619
random,4,4,1800,12.6,9000,99.48066721897297
random,4,4,1801,12.6,9005,99.48097741015967
random,4,4,1802,12.6,9010,99.48128723102066
random,4,4,1803,12.6,9015,99.48159668221876
random,4,4,1804,12.6,9020,99.48190576441515
random,4,4,1805,12.6,9025,99.48221447826946
random,4,4,1806,12.6,9030,99.48252282443971
random,4,4,1807,12.6,9035,99.48283080358242
random,4,4,1808,12.6,9040,99.48313841635252
random,4,4,1809,12.6,9045,99.48344566340336
random,4,4,1810,12.6,9050,99.48375254538675
random,4,4,1811,12.6,9055,99.48405906295298
random,4,4,1812,12.6,9060,99.48436521675077
random,4,4,1813,12.6,9065,99.48467100742728
random,4,4,1814,12.6,9070,99.48497643562818
random,4,4,1815,12.6,9075,99.4852815019976
random,4,4,1816,12.6,9080,99.48558620717812
random,4,4,1817,12.6,9085,99.48589055181081
random,4,4,1818,12.6,9090,99.48619453653524
random,4,4,1819,12.6,9095,99.48649816198946
random,4,4,1820,12.6,9100,99.48680142881
random,4,4,1821,12.6,9105,99.48710433763188
random,4,4,1822,12.6,9110,99.48740688908867
random,4,4,1823,12.6,9115,99.48770908381242
random,4,4,1824,12.6,9120,99.48801092243366
random,4,4,1825,12.6,9125,99.48831240558145
random,4,4,1826,12.6,9130,99.48861353388341
random,4,4,1827,12.6,9135,99.48891430796564
random,4,4,1828,12.6,9140,99.48921472845277
random,4,4,1829,12.6,9145,99.48951479596798
random,4,4,1830,12.6,9150,99.48981451113298
random,4,4,1831,12.6,9155,99.49011387456801
random,4,4,1832,12.6,9160,99.49041288689189
random,4,4,1833,12.6,9165,99.49071154872193
random,4,4,1834,12.6,9170,99.49100986067405
random,4,4,1835,12.6,9175,99.49130782336269
random,4,4,1836,12.6,9180,99.49160543740089
random,4,4,1837,12.6,9185,99.49190270340021
random,4,4,1838,12.6,9190,99.49219962197084
random,4,4,1839,12.6,9195,99.49249619372146
random,4,4,1840,12.6,9200,99.4927924192594
random,4,4,1841,12.6,9205,99.49308829919055
random,4,4,1842,12.6,9210,99.4933838341194
random,4,4,1843,12.6,9215,99.493679024649
random,4,4,1844,12.6,9220,99.49397387138102
random,4,4,1845,12.6,9225,99.4942683749157
random,4,4,1846,12.6,9230,99.49456253585195
random,4,4,1847,12.6,9235,99.49485635478725
random,4,4,1848,12.6,9240,99.49514983231762
random,4,4,1849,12.6,9245,99.49544094857102
random,4,4,1850,12.6,9250,99.49572163834436
random,4,4,1851,12.6,9255,99.49599193587098
random,4,4,1852,12.6,9260,99.49626194378924
random,4,4,1853,12.6,9265,99.49654172110809
random,4,4,1854,12.6,9270,99.49681114044161
random,4,4,1855,12.6,9275,99.49708027157665
random,4,4,1856,12.6,9280,99.4973491149754
random,4,4,1857,12.6,9285,99.4976276862964
random,4,4,1858,12.6,9290,99.49790594901754
random,4,4,1859,12.6,9295,99.49819389628544
random,4,4,1860,12.6,9300,99.49848151347135
random,4,4,1861,12.6,9305,99.49876880114249
random,4,4,1862,12.6,9310,99.49905575986483
random,4,4,1863,12.6,9315,99.49934239020301
random,4,4,1864,12.6,9320,99.49963067978746
random,4,4,1865,12.6,9325,99.4999186375561
random,4,4,1866,12.6,9330,99.5002062640815
random,4,4,1867,12.6,9335,99.50049355993482
random,4,4,1868,12.6,9340,99.50077854774102
random,4,4,1869,12.6,9345,99.50106321053944
random,4,4,1870,12.6,9350,99.50133768145768
random,4,4,1871,12.6,9355,99.50161185056267
random,4,4,1872,12.6,9360,99.50188571835196
random,4,4,1873,12.6,9365,99.502159285322
random,4,4,1874,12.6,9370,99.50243255196816
random,4,4,1875,12.6,9375,99.5026957050275
random,4,4,1876,12.6,9380,99.5029683832666
random,4,4,1877,12.6,9385,99.50325055490067
random,4,4,1878,12.6,9390,99.50352262518322
random,4,4,1879,12.6,9395,99.50379439760246
random,4,4,1880,12.6,9400,99.50406587264726
random,4,4,1881,12.6,9405,99.50433705080545
random,4,4,1882,12.6,9410,99.50460793256377
random,4,4,1883,12.6,9415,99.5048785184079
random,4,4,1884,12.6,9420,99.50514880882248
random,4,4,1885,12.6,9425,99.50540909733235
random,4,4,1886,12.6,9430,99.50566911216603
random,4,4,1887,12.6,9435,99.50592885375494
random,4,4,1888,12.6,9440,99.50618832252957
random,4,4,1889,12.6,9445,99.50644751891952
random,4,4,1890,12.6,9450,99.50670644335345
random,4,4,1891,12.6,9455,99.50697474223779
random,4,4,1892,12.6,9460,99.50724274942903
random,4,4,1893,12.6,9465,99.50752009005348
random,4,4,1894,12.6,9470,99.50778750483423
random,4,4,1895,12.6,9475,99.50804502559338
random,4,4,1896,12.6,9480,99.50830227702873
random,4,4,1897,12.6,9485,99.50855925956262
random,4,4,1898,12.61,9490,99.50843572631449
random,4,4,1899,12.620000000000001,9495,99.50831232686711
random,4,4,1900,12.620000000000001,9500,99.50857846000483
random,4,4,1901,12.620000000000001,9505,99.5088443052015
random,4,4,1902,12.620000000000001,9510,99.50910986292418
random,4,4,1903,12.620000000000001,9515,99.50936559649791
random,4,4,1904,12.620000000000001,9520,99.50962106375704
random,4,4,1905,12.620000000000001,9525,99.5098857824157
random,4,4,1906,12.629999999999999,9530,99.50975254730713
random,4,4,1907,12.629999999999999,9535,99.51000741002254
random,4,4,1908,12.629999999999999,9540,99.510262007887
random,4,4,1909,12.629999999999999,9545,99.51051634131312
random,4,4,1910,12.629999999999999,9550,99.5107704107127
random,4,4,1911,12.629999999999999,9555,99.51102421649665
random,4,4,1912,12.629999999999999,9560,99.51127775907503
random,4,4,1913,12.629999999999999,9565,99.51153103885707
random,4,4,1914,12.629999999999999,9570,99.51178405625114
random,4,4,1915,12.629999999999999,9575,99.51204623777218
random,4,4,1916,12.629999999999999,9580,99.51229872185966
random,4,4,1917,12.629999999999999,9585,99.51255094479437
random,4,4,1918,12.629999999999999,9590,99.51280290698124
random,4,4,1919,12.629999999999999,9595,99.51305460882439
random,4,4,1920,12.629999999999999,9600,99.51330605072715
random,4,4,1921,12.629999999999999,9605,99.51355723309197
random,4,4,1922,12.629999999999999,9610,99.5138081563205
random,4,4,1923,12.629999999999999,9615,99.51406816896423
random,4,4,1924,12.629999999999999,9620,99.51431856549009
random,4,4,1925,12.629999999999999,9625,99.51457803263818
random,4,4,1926,12.629999999999999,9630,99.5148372227024
random,4,4,1927,12.629999999999999,9635,99.5150961361263
random,4,4,1928,12.629999999999999,9640,99.51534547463909
random,4,4,1929,12.629999999999999,9645,99.51559455686298
random,4,4,1930,12.629999999999999,9650,99.5158433831929
random,4,4,1931,12.629999999999999,9655,99.51610122411448
random,4,4,1932,12.629999999999999,9660,99.51635879055235
random,4,4,1933,12.629999999999999,9665,99.51661608294454
random,4,4,1934,12.629999999999999,9670,99.51687310172824
random,4,4,1935,12.629999999999999,9675,99.51712061661748
random,4,4,1936,12.629999999999999,9680,99.5173678780236
random,4,4,1937,12.629999999999999,9685,99.51762409817094
random,4,4,1938,12.659999999999998,9690,99.51673486838088
random,4,4,1939,12.67,9695,99.51661884995727
random,4,4,1940,12.67,9700,99.5168842657556
random,4,4,1941,12.67,9705,99.5171493902439
random,4,4,1942,12.67,9710,99.51741422390151
random,4,4,1943,12.67,9715,99.51767876720673
random,4,4,1944,12.67,9720,99.51794302063675
random,4,4,1945,12.67,9725,99.5182069846678
random,4,4,1946,12.67,9730,99.518470659775
random,4,4,1947,12.67,9735,99.51873404643248
random,4,4,1948,12.67,9740,99.51899714511329
random,4,4,1949,12.67,9745,99.51926178036297
random,4,4,1950,12.67,9750,99.51952430251387
random,4,4,1951,12.67,9755,99.5197865381044
random,4,4,1952,12.67,9760,99.520039396924
random,4,4,1953,12.67,9765,99.5202919895956
random,4,4,1954,12.67,9770,99.52053524463298
random,4,4,1955,12.67,9775,99.52077825309111
random,4,4,1956,12.67,9780,99.52102101534472
random,4,4,1957,12.67,9785,99.52127257613542
random,4,4,1958,12.67,9790,99.52152387282429
random,4,4,1959,12.67,9795,99.52177490582702
random,4,4,1960,12.67,9800,99.52202567555842
random,4,4,1961,12.67,9805,99.52227618243244
random,4,4,1962,12.67,9810,99.52252642686213
random,4,4,1963,12.67,9815,99.52277640925972
random,4,4,1964,12.67,9820,99.52303510792883
random,4,4,1965,12.67,9825,99.52329352627342
random,4,4,1966,12.67,9830,99.52355166474885
random,4,4,1967,12.67,9835,99.52380952380952
random,4,4,1968,12.68,9840,99.52369146626398
random,4,4,1969,12.68,9845,99.52394897093384
random,4,4,1970,12.68,9850,99.52420619732685
random,4,4,1971,12.68,9855,99.5244631458938
random,4,4,1972,12.68,9860,99.52471981708459
random,4,4,1973,12.68,9865,99.52497621134813
random,4,4,1974,12.68,9870,99.52523410676241
random,4,4,1975,12.68,9875,99.5254917223004
random,4,4,1976,12.68,9880,99.5257472846414
random,4,4,1977,12.68,9885,99.52600257184724
random,4,4,1978,12.68,9890,99.52625758436201
random,4,4,1979,12.68,9895,99.52651232262882
random,4,4,1980,12.68,9900,99.52676678708984
random,4,4,1981,12.68,9905,99.52702097818627
random,4,4,1982,12.68,9910,99.5272660843241
random,4,4,1983,12.68,9915,99.5275109365568
random,4,4,1984,12.68,9920,99.52775553527867
random,4,4,1985,12.68,9925,99.52799109585727
random,4,4,1986,12.68,9930,99.52822642155276
random,4,4,1987,12.68,9935,99.52847028024038
random,4,4,1988,12.68,9940,99.52870512849104
random,4,4,1989,12.68,9945,99.52893974292294
random,4,4,1990,12.68,9950,99.52917412388513
random,4,4,1991,12.68,9955,99.5294082717259
random,4,4,1992,12.68,9960,99.52964218679288
random,4,4,1993,12.68,9965,99.52987586943304
random,4,4,1994,12.68,9970,99.53010757868289
random,4,4,1995,12.690000000000001,9975,99.52996866457764
random,4,4,1996,12.690000000000001,9980,99.53020879609062
random,4,4,1997,12.690000000000001,9985,99.53044868237018
random,4,4,1998,12.690000000000001,9990,99.53067096669206
random,4,4,1999,12.690000000000001,9995,99.53089304065593
random,4,4,2000,12.690000000000001,10000,99.53111490456027
random,4,4,2001,12.690000000000001,10005,99.53135386660757
random,4,4,2002,12.690000000000001,10010,99.53159258521028
random,4,4,2003,12.72,10015,99.53071562178334
random,4,4,2004,12.75,10020,99.5298464533829
random,4,4,2005,12.76,10025,99.5297066194899
random,4,4,2006,12.770000000000001,10030,99.52956865461056
random,4,4,2007,12.78,10035,99.52943082485842
random,4,4,2008,12.78,10040,99.52966115729853
random,4,4,2009,12.78,10045,99.52988261779603
random,4,4,2010,12.78,10050,99.53010386984099
random,4,4,2011,12.78,10055,99.53031628310389
random,4,4,2012,12.78,10060,99.5305285044137
random,4,4,2013,12.78,10065,99.5307405340305
random,4,4,2014,12.78,10070,99.53095237221389
random,4,4,2015,12.78,10075,99.53117261872008
random,4,4,2016,12.790000000000001,10080,99.53102598607379
random,4,4,2017,12.790000000000001,10085,99.53123740131797
random,4,4,2018,12.809999999999999,10090,99.53071594210331
random,4,4,2019,12.809999999999999,10095,99.5309273065487
random,4,4,2020,12.809999999999999,10100,99.53113848068371
random,4,4,2021,12.809999999999999,10105,99.5313580373377
random,4,4,2022,12.809999999999999,10110,99.53157738846167
random,4,4,2023,12.809999999999999,10115,99.53178797780653
random,4,4,2024,12.809999999999999,10120,99.53199837788665
random,4,4,2025,12.809999999999999,10125,99.53220858895706
random,4,4,2026,12.809999999999999,10130,99.53241861127232
random,4,4,2027,12.809999999999999,10135,99.53262844508657
random,4,4,2028,12.809999999999999,10140,99.53284660885295
random,4,4,2029,12.809999999999999,10145,99.53306456904156
random,4,4,2030,12.809999999999999,10150,99.53327382362049
random,4,4,2031,12.809999999999999,10155,99.53349138543226
random,4,4,2032,12.809999999999999,10160,99.53371723098651
random,4,4,2033,12.809999999999999,10165,99.53393437970705
random,4,4,2034,12.809999999999999,10170,99.53415132626863
random,4,4,2035,12.809999999999999,10175,99.53436807095343
random,4,4,2036,12.809999999999999,10180,99.53458461404313
random,4,4,2037,12.809999999999999,10185,99.53480095581881
random,4,4,2038,12.809999999999999,10190,99.53502553548289
random,4,4,2039,12.809999999999999,10195,99.53525832888909
random,4,4,2040,12.809999999999999,10200,99.53549088931194
random,4,4,2041,12.809999999999999,10205,99.53572321710105
random,4,4,2042,12.809999999999999,10210,99.53596539845032
random,4,4,2043,12.809999999999999,10215,99.53620732727254
random,4,4,2044,12.809999999999999,10220,99.53644900396243
random,4,4,2045,12.809999999999999,10225,99.53669042891399
random,4,4,2046,12.809999999999999,10230,99.53692323264455
random,4,4,2047,12.809999999999999,10235,99.53714744076137
random,4,4,2048,12.809999999999999,10240,99.53737143187334
random,4,4,2049,12.809999999999999,10245,99.53759520629535
random,4,4,2050,12.809999999999999,10250,99.5378187643417
random,4,4,2051,12.809999999999999,10255,99.53804210632605
random,4,4,2052,12.82,10260,99.53790478387496
random,4,4,2053,12.85,10265,99.53704704466685
random,4,4,2054,12.879999999999999,10270,99.5361901332373
random,4,4,2055,12.91,10275,99.5353340483886
random,4,4,2056,12.91,10280,99.53556640393131
random,4,4,2057,12.91,10285,99.53580687264713
random,4,4,2058,12.91,10290,99.53603708828234
random,4,4,2059,12.91,10295,99.53626874142402
random,4,4,2060,12.91,10300,99.53650016335587
random,4,4,2061,12.91,10305,99.53673135442384
random,4,4,2062,12.950000000000001,10310,99.53552765134805
random,4,4,2063,12.959999999999999,10315,99.53540060942821
random,4,4,2064,12.98,10320,99.53490538656958
random,4,4,2065,12.98,10325,99.53512859174047
random,4,4,2066,12.98,10330,99.53535158277579
random,4,4,2067,12.98,10335,99.53557435998354
random,4,4,2068,12.98,10340,99.53579692367114
random,4,4,2069,12.98,10345,99.53601761560239
random,4,4,2070,12.98,10350,99.53623809779016
random,4,4,2071,12.98,10355,99.53645837053332
random,4,4,2072,12.98,10360,99.53668670312254
random,4,4,2073,12.98,10365,99.53692307143443
random,4,4,2074,12.98,10370,99.53715919869349
random,4,4,2075,12.98,10375,99.53738684154251
random,4,4,2076,12.98,10380,99.53761590772267
random,4,4,2077,12.98,10385,99.53785297458191
random,4,4,2078,12.98,10390,99.53809144223652
random,4,4,2079,12.98,10395,99.53832966391964
random,4,4,2080,12.98,10400,99.53856764001165
random,4,4,2081,12.98,10405,99.53880537089215
random,4,4,2082,12.98,10410,99.53904285693993
random,4,4,2083,12.98,10415,99.53928009853301
random,4,4,2084,12.98,10420,99.53951709604864
random,4,4,2085,12.98,10425,99.53975384986332
random,4,4,2086,12.98,10430,99.53999036035269
random,4,4,2087,12.98,10435,99.54022662789174
random,4,4,2088,12.98,10440,99.54046265285459
random,4,4,2089,12.98,10445,99.54069843561463
random,4,4,2090,12.98,10450,99.5409339765445
random,4,4,2091,12.98,10455,99.54116927601602
random,4,4,2092,12.98,10460,99.54140433440033
random,4,4,2093,12.98,10465,99.54163915206775
random,4,4,2094,12.98,10470,99.54187372938785
random,4,4,2095,12.98,10475,99.54210806672947
random,4,4,2096,12.98,10480,99.54234216446065
random,4,4,2097,12.98,10485,99.54257602294872
random,4,4,2098,12.98,10490,99.54280964256027
random,4,4,2099,12.98,10495,99.5430414149522
random,4,4,2100,12.98,10500,99.54326491690448
random,4,4,2101,12.98,10505,99.5434882003306
random,4,4,2102,12.98,10510,99.54371126555091
random,4,4,2103,12.98,10515,99.54392610056816
random,4,4,2104,12.98,10520,99.54414073337851
random,4,4,2105,12.98,10525,99.54436316151589
random,4,4,2106,12.98,10530,99.54458537269969
random,4,4,2107,12.98,10535,99.54480736724717
random,4,4,2108,12.98,10540,99.545021171588
random,4,4,2109,12.98,10545,99.545234775175
random,4,4,2110,12.98,10550,99.54545613721761
random,4,4,2111,12.98,10555,99.5456772838642
random,4,4,2112,12.98,10560,99.54589821542896
random,4,4,2113,12.98,10565,99.54611099649267
random,4,4,2114,12.98,10570,99.5463235782417
random,4,4,2115,12.98,10575,99.54653596095598
random,4,4,2116,12.98,10580,99.54675605838396
random,4,4,2117,13.0,10585,99.54627790827135
random,4,4,2118,13.01,10590,99.54615698572889
random,4,4,2119,13.01,10595,99.54637694297809
random,4,4,2120,13.03,10600,99.5458996797251
random,4,4,2121,13.05,10605,99.54543079575735
random,4,4,2122,13.05,10610,99.54565078127176
random,4,4,2123,13.05,10615,99.54587055396833
random,4,4,2124,13.05,10620,99.5460980080485
random,4,4,2125,13.05,10625,99.54632681156397
random,4,4,2126,13.05,10630,99.54655538452451
random,4,4,2127,13.07,10635,99.54608756655009
random,4,4,2128,13.100000000000001,10640,99.54527467492346
random,4,4,2129,13.100000000000001,10645,99.54550185615653
random,4,4,2130,13.100000000000001,10650,99.54572881050304
random,4,4,2131,13.100000000000001,10655,99.54595396458441
random,4,4,2132,13.120000000000001,10660,99.54547816597669
random,4,4,2133,13.120000000000001,10665,99.54568906710436
random,4,4,2134,13.120000000000001,10670,99.5459076309669
random,4,4,2135,13.15,10675,99.54509603143853
random,4,4,2136,13.16,10680,99.54496889814011
random,4,4,2137,13.16,10685,99.54517962985364
random,4,4,2138,13.16,10690,99.54539016647149
random,4,4,2139,13.16,10695,99.54560050826447
random,4,4,2140,13.16,10700,99.5458106555029
random,4,4,2141,13.16,10705,99.54602060845657
random,4,4,2142,13.16,10710,99.54623819046962
random,4,4,2143,13.170000000000002,10715,99.54611092538919
random,4,4,2144,13.170000000000002,10720,99.54632044176056
random,4,4,2145,13.170000000000002,10725,99.5465297647946
random,4,4,2146,13.170000000000002,10730,99.54673733480176
random,4,4,2147,13.170000000000002,10735,99.54694471487102
random,4,4,2148,13.170000000000002,10740,99.54714411957872
random,4,4,2149,13.170000000000002,10745,99.54734334883433
random,4,4,2150,13.170000000000002,10750,99.54754240286935
random,4,4,2151,13.170000000000002,10755,99.54774128191481
random,4,4,2152,13.19,10760,99.54725348656005
random,4,4,2153,13.209999999999999,10765,99.54677389472528
random,4,4,2154,13.209999999999999,10770,99.54697284580615
random,4,4,2155,13.209999999999999,10775,99.54717162229794
random,4,4,2156,13.25,10780,99.54600743519899
random,4,4,2157,13.309999999999999,10785,99.54415934901434
random,4,4,2158,13.33,10790,99.54368224126304
random,4,4,2159,13.34,10795,99.54355554491052
random,4,4,2160,13.34,10800,99.54376316725492
random,4,4,2161,13.34,10805,99.54397839537825
random,4,4,2162,13.34,10810,99.54419342053112
random,4,4,2163,13.36,10815,99.54372675516638
random,4,4,2164,13.370000000000001,10820,99.54360189249896
random,4,4,2165,13.370000000000001,10825,99.54382612849295
random,4,4,2166,13.370000000000001,10830,99.54405014425339
random,4,4,2167,13.370000000000001,10835,99.54426461966376
random,4,4,2168,13.370000000000001,10840,99.54447889339374
random,4,4,2169,13.370000000000001,10845,99.54469296572768
random,4,4,2170,13.370000000000001,10850,99.54490683694934
random,4,4,2171,13.370000000000001,10855,99.54512050734203
random,4,4,2172,13.370000000000001,10860,99.54533397718849
random,4,4,2173,13.370000000000001,10865,99.54554724677091
random,4,4,2174,13.370000000000001,10870,99.54576031637097
random,4,4,2175,13.389999999999999,10875,99.54529401377363
random,4,4,2176,13.389999999999999,10880,99.54550700238278
random,4,4,2177,13.389999999999999,10885,99.54572749756579
random,4,4,2178,13.41,10890,99.54526958290946
random,4,4,2179,13.41,10895,99.5454915199089
random,4,4,2180,13.41,10900,99.54571324037562
random,4,4,2181,13.41,10905,99.54593628209513
random,4,4,2182,13.41,10910,99.54615910490799
random,4,4,2183,13.41,10915,99.54638017468254
random,4,4,2184,13.450000000000001,10920,99.54525014622998
random,4,4,2185,13.489999999999998,10925,99.54412122522912
random,4,4,2186,13.5,10930,99.54400518820763
random,4,4,2187,13.5,10935,99.54422687373396
random,4,4,2188,13.5,10940,99.54444834381665
random,4,4,2189,13.530000000000001,10945,99.54365005750752
random,4,4,2190,13.54,10950,99.54352677818908
random,4,4,2191,13.569999999999999,10955,99.5427296713517
random,4,4,2192,13.58,10960,99.5426146410468
random,4,4,2193,13.58,10965,99.54282713277203
random,4,4,2194,13.58,10970,99.54302405012602
random,4,4,2195,13.58,10975,99.54321311563638
random,4,4,2196,13.58,10980,99.54340970069464
random,4,4,2197,13.59,10985,99.54326236367608
random,4,4,2198,13.63,10990,99.54210731418897
random,4,4,2199,13.66,10995,99.541289024853
random,4,4,2200,13.66,11000,99.54147841323335
random,4,4,2201,13.69,11005,99.54066876480496
random,4,4,2202,13.71,11010,99.54020290098097
random,4,4,2203,13.71,11015,99.540400197115
random,4,4,2204,13.74,11020,99.53960749360846
random,4,4,2205,13.780000000000001,11025,99.5384728743963
random,4,4,2206,13.84,11030,99.53667746859851
random,4,4,2207,13.87,11035,99.53588756901456
random,4,4,2208,13.919999999999998,11040,99.53443881817027
random,4,4,2209,13.96,11045,99.53332731606378
random,4,4,2210,13.96,11050,99.53355341414843
random,4,4,2211,13.98,11055,99.53311135527954
random,4,4,2212,13.99,11060,99.53300353168166
random,4,4,2213,14.000000000000002,11065,99.53289581241096
random,4,4,2214,14.02,11070,99.53245471280314
random,4,4,2215,14.02,11075,99.53268068624608
random,4,4,2216,14.02,11080,99.5329064413601
random,4,4,2217,14.02,11085,99.53313197846147
random,4,4,2218,14.02,11090,99.53335729786582
random,4,4,2219,14.02,11095,99.53358239988822
random,4,4,2220,14.02,11100,99.53380728484308
random,4,4,2221,14.030000000000001,11105,99.5336995935243
random,4,4,2222,14.030000000000001,11110,99.53392420537898
random,4,4,2223,14.030000000000001,11115,99.53414860095162
random,4,4,2224,14.030000000000001,11120,99.5343727805545
random,4,4,2225,14.030000000000001,11125,99.53459674449925
random,4,4,2226,14.030000000000001,11130,99.53481895073988
random,4,4,2227,14.04,11135,99.53470183136587
random,4,4,2228,14.04,11140,99.53492377917492
random,4,4,2229,14.06,11145,99.5344848707583
random,4,4,2230,14.06,11150,99.5347067096881
random,4,4,2231,14.06,11155,99.5349283372861
random,4,4,2232,14.06,11160,99.53514975385418
random,4,4,2233,14.06,11165,99.5353709596936
random,4,4,2234,14.09,11170,99.53459335548611
random,4,4,2235,14.149999999999999,11175,99.53282599006224
random,4,4,2236,14.17,11180,99.53238027350969
random,4,4,2237,14.17,11185,99.53259467679104
random,4,4,2238,14.17,11190,99.53281658517608
random,4,4,2239,14.17,11195,99.53303828295178
random,4,4,2240,14.17,11200,99.53326130779062
random,4,4,2241,14.17,11205,99.53348258378877
random,4,4,2242,14.17,11210,99.53370518452704
random,4,4,2243,14.21,11215,99.53261191329803
random,4,4,2244,14.21,11220,99.53283318100824
random,4,4,2245,14.219999999999999,11225,99.53272563568373
random,4,4,2246,14.23,11230,99.53261051642761
random,4,4,2247,14.23,11235,99.53282380595937
random,4,4,2248,14.23,11240,99.53303690091391
random,4,4,2249,14.23,11245,99.53325745623674
random,4,4,2250,14.23,11250,99.5334778033132
random,4,4,2251,14.23,11255,99.53369794243807
random,4,4,2252,14.23,11260,99.53391787390562
random,4,4,2253,14.23,11265,99.53413759800954
random,4,4,2254,14.23,11270,99.53434949639063
random,4,4,2255,14.23,11275,99.53455359011933
random,4,4,2256,14.29,11280,99.53279583603063
random,4,4,2257,14.34,11285,99.53136642309049
random,4,4,2258,14.42,11290,99.52895674699228
random,4,4,2259,14.45,11295,99.52818175287825
random,4,4,2260,14.499999999999998,11300,99.52674695649335
random,4,4,2261,14.499999999999998,11305,99.52694458400485
random,4,4,2262,14.499999999999998,11310,99.52714204652922
random,4,4,2263,14.530000000000001,11315,99.52636142567492
random,4,4,2264,14.530000000000001,11320,99.52656667980854
random,4,4,2265,14.580000000000002,11325,99.52515103649301
random,4,4,2266,14.64,11330,99.52341112626675
random,4,4,2267,14.66,11335,99.522974349296
random,4,4,2268,14.7,11340,99.5218890262148
random,4,4,2269,14.75,11345,99.52047958543429
random,4,4,2270,14.77,11350,99.52004627312844
random,4,4,2271,14.81,11355,99.51895592973703
random,4,4,2272,14.89,11360,99.51656785906768
random,4,4,2273,14.899999999999999,11365,99.51645356007009
random,4,4,2274,15.0,11370,99.51342777159651
random,4,4,2275,15.079999999999998,11375,99.51106110763465
random,4,4,2276,15.079999999999998,11380,99.51128928239248
random,4,4,2277,15.120000000000001,11385,99.51022153405611
random,4,4,2278,15.18,11390,99.50850722831102
random,4,4,2279,15.18,11395,99.50873786407767
random,4,4,2280,15.2,11400,99.50832133788352
random,4,4,2281,15.24,11405,99.5072569667851
random,4,4,2282,15.25,11410,99.5071631015438
random,4,4,2283,15.27,11415,99.50674630221238
random,4,4,2284,15.27,11420,99.50697563290832
random,4,4,2285,15.299999999999999,11425,99.50623658690074
random,4,4,2286,15.299999999999999,11430,99.50646594131139
random,4,4,2287,15.340000000000002,11435,99.50540380200675
random,4,4,2288,15.340000000000002,11440,99.50563333075515
random,4,4,2289,15.340000000000002,11445,99.50586264656617
random,4,4,2290,15.35,11450,99.50576181905409
random,4,4,2291,15.39,11455,99.50470354624537
random,4,4,2292,15.42,11460,99.5039679348403
random,4,4,2293,15.47,11465,99.50259153987628
random,4,4,2294,15.5,11470,99.50185919005519
random,4,4,2295,15.5,11475,99.50209121688907
random,4,4,2296,15.509999999999998,11480,99.50200194575642
random,4,4,2297,15.540000000000001,11485,99.50127089270585
random,4,4,2298,15.540000000000001,11490,99.50150286940594
random,4,4,2299,15.540000000000001,11495,99.5017346304051
random,4,4,2300,15.540000000000001,11500,99.501966176004
random,4,4,2301,15.540000000000001,11505,99.50219750650282
random,4,4,2302,15.559999999999999,11510,99.50178824719755
random,4,4,2303,15.58,11515,99.50137936773112
random,4,4,2304,15.659999999999998,11520,99.49905152475792
random,4,4,2305,15.68,11525,99.49864429324194
random,4,4,2306,15.75,11530,99.49663946921831
random,4,4,2307,15.82,11535,99.49463650245015
random,4,4,2308,15.86,11540,99.49359328452331
random,4,4,2309,15.939999999999998,11545,99.4912728073507
random,4,4,2310,15.959999999999999,11550,99.49086849031023
random,4,4,2311,15.989999999999998,11555,99.4901456863264
random,4,4,2312,15.989999999999998,11560,99.49037968147934
random,4,4,2313,16.02,11565,99.4896577648794
random,4,4,2314,16.02,11570,99.4898836476185
random,4,4,2315,16.03,11575,99.48979104667632
random,4,4,2316,16.03,11580,99.49000855818451
random,4,4,2317,16.05,11585,99.48958985921584
random,4,4,2318,16.1,11590,99.48821788567233
random,4,4,2319,16.13,11595,99.48748256392169
random,4,4,2320,16.17,11600,99.48643026154896
random,4,4,2321,16.259999999999998,11605,99.48379149748087
random,4,4,2322,16.31,11610,99.48243253535071
random,4,4,2323,16.39,11615,99.48012319716304
random,4,4,2324,16.45,11620,99.4784566120288
random,4,4,2325,16.470000000000002,11625,99.47805915329596
random,4,4,2326,16.470000000000002,11630,99.47829557549035
random,4,4,2327,16.470000000000002,11635,99.47852352818252
random,4,4,2328,16.470000000000002,11640,99.47875128175914
random,4,4,2329,16.48,11645,99.47866249090507
random,4,4,2330,16.48,11650,99.478889985075
random,4,4,2331,16.5,11655,99.47848514156757
random,4,4,2332,16.54,11660,99.47744878745371
random,4,4,2333,16.580000000000002,11665,99.4764133366176
random,4,4,2334,16.59,11670,99.47632741058267
random,4,4,2335,16.63,11675,99.47530328605909
random,4,4,2336,16.66,11680,99.47459546058047
random,4,4,2337,16.72,11685,99.47294426196436
random,4,4,2338,16.78,11690,99.47129457210464
random,4,4,2339,16.81,11695,99.4705911994054
random,4,4,2340,16.81,11700,99.47083284802734
random,4,4,2341,16.85,11705,99.46981567835275
random,4,4,2342,16.89,11710,99.46879943640532
random,4,4,2343,16.900000000000002,11715,99.46872720871161
random,4,4,2344,16.91,11720,99.4686550468344
random,4,4,2345,16.950000000000003,11725,99.4676407218729
random,4,4,2346,16.950000000000003,11730,99.46788305356644
random,4,4,2347,16.950000000000003,11735,99.46812349576226
random,4,4,2348,16.950000000000003,11740,99.4683553832546
random,4,4,2349,16.950000000000003,11745,99.46858706863848
random,4,4,2350,16.950000000000003,11750,99.46881855217799
random,4,4,2351,16.950000000000003,11755,99.46905814987909
random,4,4,2352,16.950000000000003,11760,99.46929753152904
random,4,4,2353,16.950000000000003,11765,99.46953835754053
random,4,4,2354,16.950000000000003,11770,99.4697789650836
random,4,4,2355,16.950000000000003,11775,99.47001769734415
random,4,4,2356,16.950000000000003,11780,99.47025621472282
random,4,4,2357,17.01,11785,99.46862016181937
random,4,4,2358,17.01,11790,99.46885080047089
random,4,4,2359,17.01,11795,99.46907295330901
random,4,4,2360,17.01,11800,99.46930319915637
random,4,4,2361,17.02,11805,99.46922138956718
random,4,4,2362,17.04,11810,99.46883620891197
random,4,4,2363,17.080000000000002,11815,99.46782822192934
random,4,4,2364,17.080000000000002,11820,99.46805860075743
random,4,4,2365,17.080000000000002,11825,99.4682887802084
random,4,4,2366,17.09,11830,99.46820758885508
random,4,4,2367,17.09,11835,99.46843585149796
random,4,4,2368,17.09,11840,99.46866391826939
random,4,4,2369,17.09,11845,99.46888518721097
random,4,4,2370,17.09,11850,99.46910462273499
random,4,4,2371,17.09,11855,99.46932552485227
random,4,4,2372,17.1,11860,99.46924409184871
random,4,4,2373,17.1,11865,99.46946474887997
random,4,4,2374,17.11,11870,99.46937509691425
random,4,4,2375,17.11,11875,99.4696037372632
random,4,4,2376,17.11,11880,99.46984039438173
random,4,4,2377,17.11,11885,99.47007684040672
random,4,4,2378,17.119999999999997,11890,99.47000513896886
random,4,4,2379,17.169999999999998,11895,99.46869575173207
random,4,4,2380,17.2,11900,99.46800613648735
random,4,4,2381,17.24,11905,99.4670079794223
random,4,4,2382,17.330000000000002,11910,99.46446560898882
random,4,4,2383,17.380000000000003,11915,99.46316104859659
random,4,4,2384,17.39,11920,99.46309263581688
random,4,4,2385,17.4,11925,99.46302428426384
random,4,4,2386,17.4,11930,99.46326446255499
random,4,4,2387,17.419999999999998,11935,99.46288776450928
random,4,4,2388,17.43,11940,99.46281959614389
random,4,4,2389,17.46,11945,99.4621353779993
random,4,4,2390,17.549999999999997,11950,99.45960426404568
random,4,4,2391,17.65,11955,99.45676762889073
random,4,4,2392,17.69,11960,99.45577938299103
random,4,4,2393,17.740000000000002,11965,99.45448451246475
random,4,4,2394,17.86,11970,99.45103921411929
random,4,4,2395,17.94,11975,99.44882591317011
random,4,4,2396,17.94,11980,99.44907134433963
random,4,4,2397,18.0,11985,99.44747480638596
random,4,4,2398,18.02,11990,99.44710697651585
random,4,4,2399,18.05,11995,99.4464327883533
random,4,4,2400,18.099999999999998,12000,99.44514610130835
random,4,4,2401,18.15,12005,99.44386055761022
random,4,4,2402,18.2,12010,99.44257615573565
random,4,4,2403,18.240000000000002,12015,99.44159903504395
random,4,4,2404,18.29,12020,99.44031677642047
random,4,4,2405,18.3,12025,99.44025913249341
random,4,4,2406,18.310000000000002,12030,99.44020153967507
random,4,4,2407,18.310000000000002,12035,99.44044959615191
random,4,4,2408,18.310000000000002,12040,99.4406974328898
random,4,4,2409,18.34,12045,99.44002906719346
random,4,4,2410,18.34,12050,99.4402768706777
random,4,4,2411,18.37,12055,99.4396092822911
random,4,4,2412,18.42,12060,99.4383324388935
random,4,4,2413,18.459999999999997,12065,99.43736151199188
random,4,4,2414,18.509999999999998,12070,99.43608678962474
random,4,4,2415,18.509999999999998,12075,99.43633578673942
random,4,4,2416,18.509999999999998,12080,99.43658456406072
random,4,4,2417,18.52,12085,99.43652887181031
random,4,4,2418,18.55,12090,99.43586499686761
random,4,4,2419,18.63,12095,99.43368179787029
random,4,4,2420,18.66,12100,99.43301976226938
random,4,4,2421,18.709999999999997,12105,99.43175088153023
random,4,4,2422,18.740000000000002,12110,99.43109027874755
random,4,4,2423,18.740000000000002,12115,99.43134059785099
random,4,4,2424,18.740000000000002,12120,99.43159069677154
random,4,4,2425,18.740000000000002,12125,99.43184057579955
random,4,4,2426,18.790000000000003,12130,99.43057500106066
random,4,4,2427,18.82,12135,99.42991636551993
random,4,4,2428,18.84,12140,99.42956108904177
random,4,4,2429,18.84,12145,99.42981142011458
random,4,4,2430,18.84,12150,99.4300615315735
random,4,4,2431,18.84,12155,99.4303114237074
random,4,4,2432,18.84,12160,99.43056109680461
random,4,4,2433,18.87,12165,99.42990419852748
random,4,4,2434,18.88,12170,99.42985184603585
random,4,4,2435,18.9,12175,99.42949768629617
random,4,4,2436,18.9,12180,99.42974727847643
random,4,4,2437,18.9,12185,99.4299966523613
random,4,4,2438,18.9,12190,99.43024580823702
random,4,4,2439,18.9,12195,99.43049474638937
random,4,4,2440,18.9,12200,99.4307434671036
random,4,4,2441,18.9,12205,99.43099197066448
random,4,4,2442,18.9,12210,99.43124025735625
random,4,4,2443,18.9,12215,99.43148832746273
random,4,4,2444,18.9,12220,99.43173618126714
random,4,4,2445,18.9,12225,99.43198381905228
random,4,4,2446,18.9,12230,99.43223124110045
random,4,4,2447,18.9,12235,99.43247844769343
random,4,4,2448,18.9,12240,99.43272543911253
random,4,4,2449,18.9,12245,99.43297221563857
random,4,4,2450,18.9,12250,99.43321877755187
random,4,4,2451,18.92,12255,99.43286561732818
random,4,4,2452,18.990000000000002,12260,99.43101464560512
random,4,4,2453,19.03,12265,99.43006376217815
random,4,4,2454,19.09,12270,99.42851497715857
random,4,4,2455,19.21,12275,99.42517041408078
random,4,4,2456,19.34,12280,99.42152962641701
random,4,4,2457,19.42,12285,99.41938512226697
random,4,4,2458,19.49,12290,99.4175447824086
random,4,4,2459,19.54,12295,99.4163034743983
random,4,4,2460,19.6,12300,99.41476465178496
random,4,4,2461,19.71,12305,99.41173310411519
random,4,4,2462,19.78,12310,99.40989749281017
random,4,4,2463,19.78,12315,99.41014209670927
random,4,4,2464,19.85,12320,99.40829107905648
random,4,4,2465,19.91,12325,99.40673951067184
random,4,4,2466,19.99,12330,99.40459347644138
random,4,4,2467,20.03,12335,99.40364008800998
random,4,4,2468,20.11,12340,99.401495220295
random,4,4,2469,20.16,12345,99.40023562172003
random,4,4,2470,20.18,12350,99.39986022512677
random,4,4,2471,20.18,12355,99.40008858949471
random,4,4,2472,20.200000000000003,12360,99.399722445923
random,4,4,2473,20.23,12365,99.39905060094941
random,4,4,2474,20.27,12370,99.39809123357148
random,4,4,2475,20.31,12375,99.39713259520911
random,4,4,2476,20.369999999999997,12380,99.39559917870325
random,4,4,2477,20.45,12385,99.39348463098952
random,4,4,2478,20.47,12390,99.39314883714036
random,4,4,2479,20.47,12395,99.39340779176136
random,4,4,2480,20.47,12400,99.39366652547518
random,4,4,2481,20.47,12405,99.39392683302344
random,4,4,2482,20.47,12410,99.39418691716017
random,4,4,2483,20.48,12415,99.3941509534431
random,4,4,2484,20.51,12420,99.39352362478303
random,4,4,2485,20.549999999999997,12425,99.39260126268
random,4,4,2486,20.549999999999997,12430,99.39286146900935
random,4,4,2487,20.57,12435,99.39253081643622
random,4,4,2488,20.57,12440,99.3927890377315
random,4,4,2489,20.57,12445,99.39304883050512
random,4,4,2490,20.57,12450,99.3933066116897
random,4,4,2491,20.599999999999998,12455,99.39267972700068
random,4,4,2492,20.62,12460,99.39233911131805
random,4,4,2493,20.669999999999998,12465,99.39112401981866
random,4,4,2494,20.68,12470,99.39107877403075
random,4,4,2495,20.68,12475,99.3913278941358
random,4,4,2496,20.69,12480,99.3912915563401
random,4,4,2497,20.69,12485,99.39154932891037
random,4,4,2498,20.7,12490,99.39151471681919
random,4,4,2499,20.71,12495,99.39147834620798
random,4,4,2500,20.71,12500,99.39173749845806
random,4,4,2501,20.71,12505,99.39199643007079
random,4,4,2502,20.71,12510,99.39225514132782
random,4,4,2503,20.72,12515,99.39222030254054
random,4,4,2504,20.74,12520,99.39189228811522
random,4,4,2505,20.79,12525,99.3906853105043
random,4,4,2506,20.810000000000002,12530,99.39035822679494
random,4,4,2507,20.830000000000002,12535,99.39003142084903
random,4,4,2508,20.84,12540,99.3899958142707
random,4,4,2509,20.84,12545,99.39025460673763
random,4,4,2510,20.84,12550,99.3905131797138
random,4,4,2511,20.84,12555,99.39077153347833
random,4,4,2512,20.849999999999998,12560,99.39073745605859
random,4,4,2513,20.849999999999998,12565,99.39099549599547
random,4,4,2514,20.880000000000003,12570,99.39037742294317
random,4,4,2515,20.880000000000003,12575,99.39063539684578
random,4,4,2516,20.880000000000003,12580,99.39089315250716
random,4,4,2517,20.880000000000003,12585,99.39115069020417
random,4,4,2518,20.880000000000003,12590,99.39140801021315
random,4,4,2519,20.880000000000003,12595,99.39166511280999
random,4,4,2520,20.880000000000003,12600,99.39192199827012
random,4,4,2521,20.89,12605,99.39188756469746
random,4,4,2522,20.89,12610,99.39214413953042
random,4,4,2523,20.89,12615,99.39240049794655
random,4,4,2524,20.9,12620,99.3923659062034
random,4,4,2525,20.93,12625,99.39175012060377
random,4,4,2526,20.93,12630,99.39200632104274
random,4,4,2527,20.93,12635,99.39226230574462
random,4,4,2528,20.93,12640,99.39251807498178
random,4,4,2529,20.93,12645,99.39277362902618
random,4,4,2530,20.93,12650,99.39302896814924
random,4,4,2531,20.93,12655,99.39328409262201
random,4,4,2532,20.93,12660,99.39353900271503
random,4,4,2533,20.93,12665,99.39379369869839
random,4,4,2534,20.93,12670,99.39404818084174
random,4,4,2535,20.93,12675,99.39430244941427
random,4,4,2536,20.93,12680,99.39455650468474
random,4,4,2537,20.93,12685,99.39481034692143
random,4,4,2538,20.93,12690,99.39506397639218
random,4,4,2539,20.93,12695,99.39531739336438
random,4,4,2540,20.93,12700,99.39557059810498
random,4,4,2541,20.95,12705,99.39524626034142
random,4,4,2542,20.979999999999997,12710,99.39463364948192
random,4,4,2543,21.02,12715,99.39373137858331
random,4,4,2544,21.02,12720,99.39398307650171
random,4,4,2545,21.02,12725,99.39422583675798
random,4,4,2546,21.029999999999998,12730,99.39417160240603
random,4,4,2547,21.029999999999998,12735,99.39441409635813
random,4,4,2548,21.029999999999998,12740,99.39465639626258
random,4,4,2549,21.029999999999998,12745,99.39488979685791
random,4,4,2550,21.060000000000002,12750,99.39426014024633
random,4,4,2551,21.060000000000002,12755,99.39449351366271
random,4,4,2552,21.060000000000002,12760,99.39472670732479
random,4,4,2553,21.08,12765,99.39438513428101
random,4,4,2554,21.09,12770,99.39433100715085
random,4,4,2555,21.12,12775,99.3937010360478
random,4,4,2556,21.12,12780,99.39393243724102
random,4,4,2557,21.15,12785,99.39331180044404
random,4,4,2558,21.15,12790,99.3935344753428
random,4,4,2559,21.15,12795,99.39376567538517
random,4,4,2560,21.15,12800,99.39399669921606
random,4,4,2561,21.15,12805,99.39422754703688
random,4,4,2562,21.15,12810,99.39446688750255
random,4,4,2563,21.17,12815,99.39413365691996
random,4,4,2564,21.2,12820,99.39351461143454
random,4,4,2565,21.2,12825,99.39374528150809
random,4,4,2566,21.2,12830,99.39397577618267
random,4,4,2567,21.21,12835,99.39392034381662
random,4,4,2568,21.29,12840,99.391865450588
random,4,4,2569,21.34,12845,99.39066872251728
random,4,4,2570,21.349999999999998,12850,99.39062504459712
random,4,4,2571,21.349999999999998,12855,99.39086670965312
random,4,4,2572,21.4,12860,99.38968220695476
random,4,4,2573,21.46,12865,99.38821356079093
random,4,4,2574,21.46,12870,99.38844718018865
random,4,4,2575,21.51,12875,99.38725629835577
random,4,4,2576,21.51,12880,99.3874883605703
random,4,4,2577,21.52,12885,99.38743559818963
random,4,4,2578,21.529999999999998,12890,99.38740030672665
random,4,4,2579,21.529999999999998,12895,99.387652944556
random,4,4,2580,21.529999999999998,12900,99.38790363391348
random,4,4,2581,21.529999999999998,12905,99.38815411809506
random,4,4,2582,21.529999999999998,12910,99.38839571053192
random,4,4,2583,21.58,12915,99.38722601932595
random,4,4,2584,21.62,12920,99.38634286460373
random,4,4,2585,21.67,12925,99.38517671558962
random,4,4,2586,21.69,12930,99.38486233848737
random,4,4,2587,21.69,12935,99.38511345209612
random,4,4,2588,21.69,12940,99.38536610247299
random,4,4,2589,21.69,12945,99.38561854531241
random,4,4,2590,21.740000000000002,12950,99.38445508419149
random,4,4,2591,21.8,12955,99.3830095548612
random,4,4,2592,21.87,12960,99.38128230444758
random,4,4,2593,21.91,12965,99.38040309148033
random,4,4,2594,21.92,12970,99.38036386661993
random,4,4,2595,21.95,12975,99.37976829612884
random,4,4,2596,21.959999999999997,12980,99.37973811164714
random,4,4,2597,21.97,12985,99.37970795170926
random,4,4,2598,21.97,12990,99.37996003747898
random,4,4,2599,21.97,12995,99.38021191843735
random,4,4,2600,21.97,13000,99.38046359483391
random,4,4,2601,21.97,13005,99.38071681253787
random,4,4,2602,21.97,13010,99.38096982333549
random,4,4,2603,21.98,13015,99.38093923741177
random,4,4,2604,21.98,13020,99.38117975630082
random,4,4,2605,21.98,13025,99.38142879254788
random,4,4,2606,21.98,13030,99.3816793678389
random,4,4,2607,21.98,13035,99.38192105011558
random,4,4,2608,21.98,13040,99.38215385999236
random,4,4,2609,21.98,13045,99.38238649455162
random,4,4,2610,21.98,13050,99.38261895399135
random,4,4,2611,21.98,13055,99.38285123850919
random,4,4,2612,21.98,13060,99.38308334830249
random,4,4,2613,21.98,13065,99.38331528356835
random,4,4,2614,22.0,13070,99.38298439230974
random,4,4,2615,22.0,13075,99.38321446193873
random,4,4,2616,22.0,13080,99.38344608796544
random,4,4,2617,22.0,13085,99.38367754008898
random,4,4,2618,22.02,13090,99.38334873561287
random,4,4,2619,22.05,13095,99.38274024141714
random,4,4,2620,22.05,13100,99.38297169784921
random,4,4,2621,22.05,13105,99.38320988206861
random,4,4,2622,22.05,13110,99.38344788247203
random,4,4,2623,22.09,13115,99.382559039822
random,4,4,2624,22.13,13120,99.38167258543564
random,4,4,2625,22.18,13125,99.38051441323431
random,4,4,2626,22.18,13130,99.38075482022904
random,4,4,2627,22.18,13135,99.38099331316491
random,4,4,2628,22.18,13140,99.38124197957931
random,4,4,2629,22.18,13145,99.38149044628616
random,4,4,2630,22.18,13150,99.38173009647575
random,4,4,2631,22.18,13155,99.38196956102563
random,4,4,2632,22.18,13160,99.3822088401514
random,4,4,2633,22.18,13165,99.38244793406838
random,4,4,2634,22.189999999999998,13170,99.38240852326335
random,4,4,2635,22.2,13175,99.38236055120147
random,4,4,2636,22.2,13180,99.38259072718019
random,4,4,2637,22.2,13185,99.38282073166324
random,4,4,2638,22.2,13190,99.38305056484222
random,4,4,2639,22.2,13195,99.3832887930795
random,4,4,2640,22.24,13200,99.38240749997223
random,4,4,2641,22.27,13205,99.3818044536728
random,4,4,2642,22.27,13210,99.38204289349328
random,4,4,2643,22.27,13215,99.38228114945079
random,4,4,2644,22.27,13220,99.38252778209082
random,4,4,2645,22.27,13225,99.38277250718528
random,4,4,2646,22.27,13230,99.38300849159845
random,4,4,2647,22.27,13235,99.38324429563285
random,4,4,2648,22.27,13240,99.38348845321212
random,4,4,2649,22.27,13245,99.38373412292111
random,4,4,2650,22.27,13250,99.3839795969174
random,4,4,2651,22.27,13255,99.3842248754348
random,4,4,2652,22.27,13260,99.3844699587067
random,4,4,2653,22.27,13265,99.38471654689775
random,4,4,2654,22.28,13270,99.38468676468963
random,4,4,2655,22.28,13275,99.38493306868156
random,4,4,2656,22.32,13280,99.38407536798185
random,4,4,2657,22.33,13285,99.3840458779622
random,4,4,2658,22.37,13290,99.38318921780562
random,4,4,2659,22.43,13295,99.38178200029216
random,4,4,2660,22.470000000000002,13300,99.38092692898981
random,4,4,2661,22.52,13305,99.3797971396861
random,4,4,2662,22.58,13310,99.37839296136016
random,4,4,2663,22.58,13315,99.37863928056446
random,4,4,2664,22.650000000000002,13320,99.376959894372
random,4,4,2665,22.71,13325,99.37555680205892
random,4,4,2666,22.74,13330,99.37497938586365
random,4,4,2667,22.75,13335,99.37495363667085
random,4,4,2668,22.75,13340,99.37520254423016
random,4,4,2669,22.75,13345,99.37544953906803
random,4,4,2670,22.75,13350,99.37569462548538
random,4,4,2671,22.75,13355,99.3759395196243
random,4,4,2672,22.75,13360,99.37618422171099
random,4,4,2673,22.78,13365,99.37560644018923
random,4,4,2674,22.79,13370,99.37557880200998
random,4,4,2675,22.79,13375,99.37582335718844
random,4,4,2676,22.830000000000002,13380,99.37497091137071
random,4,4,2677,22.830000000000002,13385,99.37520525451559
random,4,4,2678,22.830000000000002,13390,99.37544967349943
random,4,4,2679,22.85,13395,99.3751486927345
random,4,4,2680,22.86,13400,99.37512129917913
random,4,4,2681,22.86,13405,99.37535863595377
random,4,4,2682,22.86,13410,99.37558726482094
random,4,4,2683,22.86,13415,99.37581572638557
random,4,4,2684,22.86,13420,99.37604231775987
random,4,4,2685,22.86,13425,99.37626874467945
random,4,4,2686,22.86,13430,99.37649330671292
random,4,4,2687,22.869999999999997,13435,99.37643145381175
random,4,4,2688,22.869999999999997,13440,99.37665070361881
random,4,4,2689,22.869999999999997,13445,99.37686979930139
random,4,4,2690,22.869999999999997,13450,99.37709552745329
random,4,4,2691,22.869999999999997,13455,99.37731431060772
random,4,4,2692,22.869999999999997,13460,99.37752446897693
random,4,4,2693,22.869999999999997,13465,99.37772940616286
random,4,4,2694,22.869999999999997,13470,99.37794774434659
random,4,4,2695,22.869999999999997,13475,99.3781726923464
random,4,4,2696,22.88,13480,99.37811046693358
random,4,4,2697,22.88,13485,99.37832675341471
random,4,4,2698,22.88,13490,99.37853613752604
random,4,4,2699,22.88,13495,99.37875381490774
random,4,4,2700,22.88,13500,99.37897133985305
random,4,4,2701,22.88,13505,99.3791954503275
random,4,4,2702,22.88,13510,99.37941434941577
random,4,4,2703,22.88,13515,99.37963982235141
random,4,4,2704,22.900000000000002,13520,99.37932978458136
random,4,4,2705,22.91,13525,99.37928418542903
random,4,4,2706,22.91,13530,99.37951617970468
random,4,4,2707,22.93,13535,99.37919812866004
random,4,4,2708,22.939999999999998,13540,99.3791459061249
random,4,4,2709,22.95,13545,99.37908868074607
random,4,4,2710,22.95,13550,99.37930698746173
random,4,4,2711,22.96,13555,99.37926149420626
random,4,4,2712,22.97,13560,99.3792227447165
random,4,4,2713,22.99,13565,99.37892225857257
random,4,4,2714,22.99,13570,99.3791620983727
random,4,4,2715,23.02,13575,99.37858353759272
random,4,4,2716,23.04,13580,99.37828364189785
random,4,4,2717,23.04,13585,99.37852513008085
random,4,4,2718,23.04,13590,99.37875805538329
random,4,4,2719,23.04,13595,99.37899917523329
random,4,4,2720,23.04,13600,99.37924010798636
random,4,4,2721,23.04,13605,99.37947918265773
random,4,4,2722,23.04,13610,99.37971640332434
random,4,4,2723,23.05,13615,99.37968599462843
random,4,4,2724,23.05,13620,99.37992629058725
random,4,4,2725,23.05,13625,99.38016473365907
random,4,4,2726,23.05,13630,99.38039466574912
random,4,4,2727,23.05,13635,99.38062442731271
random,4,4,2728,23.05,13640,99.3808457029886
random,4,4,2729,23.05,13645,99.38106682061678
random,4,4,2730,23.05,13650,99.3812960840471
random,4,4,2731,23.05,13655,99.38152517769412
random,4,4,2732,23.05,13660,99.38175575999786
random,4,4,2733,23.05,13665,99.38197788526506
random,4,4,2734,23.05,13670,99.38219985097749
random,4,4,2735,23.05,13675,99.38242000262572
random,4,4,2736,23.05,13680,99.38264165093139
random,4,4,2737,23.05,13685,99.38286974937283
random,4,4,2738,23.05,13690,99.3830976793232
random,4,4,2739,23.05,13695,99.38332544096913
random,4,4,2740,23.05,13700,99.38354643994725
random,4,4,2741,23.05,13705,99.38376728058239
random,4,4,2742,23.05,13710,99.38398796304462
random,4,4,2743,23.05,13715,99.38420848750384
random,4,4,2744,23.05,13720,99.38442885412967
random,4,4,2745,23.05,13725,99.38464906309149
random,4,4,2746,23.05,13730,99.38486911455846
random,4,4,2747,23.05,13735,99.38509721066224
random,4,4,2748,23.06,13740,99.38506666666666
random,4,4,2749,23.07,13745,99.3850345068414
random,4,4,2750,23.1,13750,99.38447108479643
random,4,4,2751,23.1,13755,99.38470553765016
random,4,4,2752,23.1,13760,99.38493162356751
random,4,4,2753,23.1,13765,99.38514936079488
random,4,4,2754,23.1,13770,99.38536694391674
random,4,4,2755,23.1,13775,99.38558437309658
random,4,4,2756,23.1,13780,99.38580164849775
random,4,4,2757,23.1,13785,99.38601877028331
random,4,4,2758,23.1,13790,99.38623573861614
random,4,4,2759,23.1,13795,99.38645418326693
random,4,4,2760,23.1,13800,99.38667247247992
random,4,4,2761,23.1,13805,99.38689060642093
random,4,4,2762,23.1,13810,99.3871167157946
random,4,4,2763,23.1,13815,99.38734265845547
random,4,4,2764,23.1,13820,99.3875684345878
random,4,4,2765,23.1,13825,99.38780215673854
random,4,4,2766,23.1,13830,99.38803570056666
random,4,4,2767,23.119999999999997,13835,99.38774105047958
random,4,4,2768,23.119999999999997,13840,99.38797605906349
random,4,4,2769,23.119999999999997,13845,99.3882108873059
random,4,4,2770,23.119999999999997,13850,99.38844553541435
random,4,4,2771,23.119999999999997,13855,99.38867838718974
random,4,4,2772,23.119999999999997,13860,99.38890298570583
random,4,4,2773,23.119999999999997,13865,99.38911934895765
random,4,4,2774,23.119999999999997,13870,99.38933555905378
random,4,4,2775,23.119999999999997,13875,99.3895596750303
random,4,4,2776,23.119999999999997,13880,99.38977557360305
random,4,4,2777,23.119999999999997,13885,99.38999131951314
random,4,4,2778,23.119999999999997,13890,99.3902069129225
random,4,4,2779,23.119999999999997,13895,99.39043038989254
random,4,4,2780,23.119999999999997,13900,99.39064567310987
random,4,4,2781,23.119999999999997,13905,99.39086882866079
random,4,4,2782,23.150000000000002,13910,99.39029368618166
random,4,4,2783,23.150000000000002,13915,99.39050878694135
random,4,4,2784,23.150000000000002,13920,99.39073175353454
random,4,4,2785,23.150000000000002,13925,99.39095455705427
random,4,4,2786,23.150000000000002,13930,99.39118520330207
random,4,4,2787,23.18,13935,99.39062701273164
random,4,4,2788,23.22,13940,99.38980645669912
random,4,4,2789,23.26,13945,99.38898652145247
random,4,4,2790,23.27,13950,99.38894695103698
random,4,4,2791,23.29,13955,99.38864491268043
random,4,4,2792,23.29,13960,99.38885987861167
random,4,4,2793,23.29,13965,99.38908270597801
random,4,4,2794,23.29,13970,99.38931337741954
random,4,4,2795,23.31,13975,99.38902125451156
random,4,4,2796,23.31,13980,99.3892517744712
random,4,4,2797,23.31,13985,99.38948212054781
random,4,4,2798,23.31,13990,99.3897122929381
random,4,4,2799,23.31,13995,99.38994229183842
random,4,4,2800,23.31,14000,99.39017211744485
random,4,4,2801,23.31,14005,99.39040176995316
random,4,4,2802,23.31,14010,99.3906232844124
random,4,4,2803,23.31,14015,99.39084463794325
random,4,4,2804,23.31,14020,99.39105787693153
random,4,4,2805,23.31,14025,99.39127096668051
random,4,4,2806,23.31,14030,99.39149185001096
random,4,4,2807,23.31,14035,99.39172050979614
random,4,4,2808,23.31,14040,99.39195058392048
random,4,4,2809,23.31,14045,99.39218048406528
random,4,4,2810,23.31,14050,99.39241021042781
random,4,4,2811,23.31,14055,99.39263976320507
random,4,4,2812,23.31,14060,99.39286914259371
random,4,4,2813,23.31,14065,99.3930983487901
random,4,4,2814,23.31,14070,99.39332738199033
random,4,4,2815,23.31,14075,99.39355624239018
random,4,4,2816,23.31,14080,99.39378493018513
random,4,4,2817,23.31,14085,99.3940134455704
random,4,4,2818,23.31,14090,99.39424178874084
random,4,4,2819,23.31,14095,99.39446995989111
random,4,4,2820,23.31,14100,99.39469795921548
random,4,4,2821,23.31,14105,99.39492578690798
random,4,4,2822,23.31,14110,99.39515344316233
random,4,4,2823,23.31,14115,99.39538092817199
random,4,4,2824,23.31,14120,99.39560824213007
random,4,4,2825,23.31,14125,99.39583538522946
random,4,4,2826,23.31,14130,99.3960623576627
random,4,4,2827,23.31,14135,99.39628915962207
random,4,4,2828,23.31,14140,99.39651579129958
random,4,4,2829,23.31,14145,99.3967422528869
random,4,4,2830,23.31,14150,99.39696854457544
random,4,4,2831,23.31,14155,99.39719466655633
random,4,4,2832,23.31,14160,99.39742061902041
random,4,4,2833,23.31,14165,99.39764640215823
random,4,4,2834,23.31,14170,99.39787201616006
random,4,4,2835,23.31,14175,99.39809746121588
random,4,4,2836,23.31,14180,99.39832273751539
random,4,4,2837,23.31,14185,99.39854784524799
random,4,4,2838,23.31,14190,99.39877278460281
random,4,4,2839,23.31,14195,99.3989975557687
random,4,4,2840,23.31,14200,99.39922215893422
random,4,4,2841,23.31,14205,99.39944659428765
random,4,4,2842,23.31,14210,99.399670862017
random,4,4,2843,23.31,14215,99.39989496231001
random,4,4,2844,23.31,14220,99.40011889535407
random,4,4,2845,23.31,14225,99.40034266133638
random,4,4,2846,23.31,14230,99.4005662604438
random,4,4,2847,23.31,14235,99.40078969286294
random,4,4,2848,23.31,14240,99.40101295878013
random,4,4,2849,23.31,14245,99.40123605838141
random,4,4,2850,23.31,14250,99.40145899185255
random,4,4,2851,23.31,14255,99.40168175937904
random,4,4,2852,23.31,14260,99.40190436114611
random,4,4,2853,23.31,14265,99.40212679733868
random,4,4,2854,23.31,14270,99.40234906814143
random,4,4,2855,23.31,14275,99.40257117373876
random,4,4,2856,23.31,14280,99.40279311431478
random,4,4,2857,23.31,14285,99.40301489005333
random,4,4,2858,23.31,14290,99.40323650113797
random,4,4,2859,23.31,14295,99.40345794775203
random,4,4,2860,23.31,14300,99.40367923007851
random,4,4,2861,23.31,14305,99.40390034830018
random,4,4,2862,23.31,14310,99.40412130259952
random,4,4,2863,23.31,14315,99.40434209315875
random,4,4,2864,23.31,14320,99.40456119915397
random,4,4,2865,23.31,14325,99.40478014401715
random,4,4,2866,23.31,14330,99.40499892792599
random,4,4,2867,23.31,14335,99.40520996266933
random,4,4,2868,23.31,14340,99.40541326456432
random,4,4,2869,23.31,14345,99.40561642752779
random,4,4,2870,23.31,14350,99.40581945170211
random,4,4,2871,23.31,14355,99.40602233722949
random,4,4,2872,23.31,14360,99.40622357172697
random,4,4,2873,23.31,14365,99.40643222734333
random,4,4,2874,23.31,14370,99.40664073636623
random,4,4,2875,23.31,14375,99.40685664557203
random,4,4,2876,23.31,14380,99.40707239770663
random,4,4,2877,23.31,14385,99.40728799294136
random,4,4,2878,23.31,14390,99.40750343144731
random,4,4,2879,23.31,14395,99.40770366380131
random,4,4,2880,23.31,14400,99.40790376086525
random,4,4,2881,23.31,14405,99.40809620785447
random,4,4,2882,23.31,14410,99.40828852978358
random,4,4,2883,23.31,14415,99.40848823193555
random,4,4,2884,23.31,14420,99.40868029923668
random,4,4,2885,23.31,14425,99.408879737077
random,4,4,2886,23.31,14430,99.40907904043156
random,4,4,2887,23.31,14435,99.4092856943744
random,4,4,2888,23.31,14440,99.40949220382778
random,4,4,2889,23.31,14445,99.4096985689432
random,4,4,2890,23.31,14450,99.40990478987193
random,4,4,2891,23.31,14455,99.41011086676502
random,4,4,2892,23.31,14460,99.41031679977334
random,4,4,2893,23.31,14465,99.4105151354222
random,4,4,2894,23.31,14470,99.41071333769843
random,4,4,2895,23.31,14475,99.41090396294078
random,4,4,2896,23.31,14480,99.41109446489432
random,4,4,2897,23.31,14485,99.4112997118374
random,4,4,2898,23.31,14490,99.41149738695752
random,4,4,2899,23.31,14495,99.4116875053632
random,4,4,2900,23.31,14500,99.41187750097137
random,4,4,2901,23.31,14505,99.41207478832422
random,4,4,2902,23.31,14510,99.41226453390888
random,4,4,2903,23.31,14515,99.41245415705697
random,4,4,2904,23.31,14520,99.41264365788697
random,4,4,2905,23.31,14525,99.4128330365172
random,4,4,2906,23.31,14530,99.41302229306581
random,4,4,2907,23.31,14535,99.41321142765081
random,4,4,2908,23.31,14540,99.41340044039006
random,4,4,2909,23.31,14545,99.41360408338846
random,4,4,2910,23.31,14550,99.41380021426093
random,4,4,2911,23.31,14555,99.41398884793878
random,4,4,2912,23.31,14560,99.41417736025453
random,4,4,2913,23.31,14565,99.41436575132528
random,4,4,2914,23.31,14570,99.41455402126795
random,4,4,2915,23.31,14575,99.41475686424167
random,4,4,2916,23.31,14580,99.41496837666901
random,4,4,2917,23.31,14585,99.41517973626638
random,4,4,2918,23.31,14590,99.41539094319938
random,4,4,2919,23.31,14595,99.41560346275632
random,4,4,2920,23.31,14600,99.41581582785739
random,4,4,2921,23.31,14605,99.41602657567604
random,4,4,2922,23.31,14610,99.41623863343241
random,4,4,2923,23.31,14615,99.41644907635731
random,4,4,2924,23.31,14620,99.41665936760971
random,4,4,2925,23.31,14625,99.4168622133719
random,4,4,2926,23.31,14630,99.41706491811149
random,4,4,2927,23.330000000000002,14635,99.41676749697508
random,4,4,2928,23.330000000000002,14640,99.41697009378959
random,4,4,2929,23.330000000000002,14645,99.41716526974531
random,4,4,2930,23.330000000000002,14650,99.41736031506997
random,4,4,2931,23.330000000000002,14655,99.41755377578941
random,4,4,2932,23.330000000000002,14660,99.41774856121751
random,4,4,2933,23.330000000000002,14665,99.41794321640637
random,4,4,2934,23.330000000000002,14670,99.41813774148656
random,4,4,2935,23.330000000000002,14675,99.41833938762332
random,4,4,2936,23.330000000000002,14680,99.41853364803465
random,4,4,2937,23.330000000000002,14685,99.41872777873286
random,4,4,2938,23.330000000000002,14690,99.41892177984782
random,4,4,2939,23.330000000000002,14695,99.41911565150923
random,4,4,2940,23.330000000000002,14700,99.41930939384662
random,4,4,2941,23.330000000000002,14705,99.41951022886177
random,4,4,2942,23.330000000000002,14710,99.41970370812564
random,4,4,2943,23.330000000000002,14715,99.41989705845786
random,4,4,2944,23.330000000000002,14720,99.42009027998728
random,4,4,2945,23.330000000000002,14725,99.42028337284252
random,4,4,2946,23.330000000000002,14730,99.42047633715211
random,4,4,2947,23.330000000000002,14735,99.42066917304435
random,4,4,2948,23.330000000000002,14740,99.42086188064741
random,4,4,2949,23.330000000000002,14745,99.42105446008924
random,4,4,2950,23.330000000000002,14750,99.42124691149766
random,4,4,2951,23.330000000000002,14755,99.42144640877676
random,4,4,2952,23.330000000000002,14760,99.42164576856906
random,4,4,2953,23.36,14765,99.42110154265535
random,4,4,2954,23.400000000000002,14770,99.42031714102396
random,4,4,2955,23.419999999999998,14775,99.42002139630716
random,4,4,2956,23.419999999999998,14780,99.42022814591833
random,4,4,2957,23.419999999999998,14785,99.42043474817865
random,4,4,2958,23.46,14790,99.41964451371108
random,4,4,2959,23.46,14795,99.4198440057966
random,4,4,2960,23.46,14800,99.42003619211486
random,4,4,2961,23.46,14805,99.42022825114546
random,4,4,2962,23.47,14810,99.42017313279443
random,4,4,2963,23.5,14815,99.41963128063914
random,4,4,2964,23.5,14820,99.41983044236076
random,4,4,2965,23.5,14825,99.42002946743898
random,4,4,2966,23.5,14830,99.42022835601433
random,4,4,2967,23.54,14835,99.4194406011774
random,4,4,2968,23.580000000000002,14840,99.41865338625774
random,4,4,2969,23.62,14845,99.41786671070045
random,4,4,2970,23.669999999999998,14850,99.41684138430573
random,4,4,2971,23.69,14855,99.41655707101306
random,4,4,2972,23.7,14860,99.41651915515914
random,4,4,2973,23.7,14865,99.41672737295978
random,4,4,2974,23.72,14870,99.41644340460498
random,4,4,2975,23.72,14875,99.41665150091733
random,4,4,2976,23.72,14880,99.41685944886825
random,4,4,2977,23.72,14885,99.41706724861639
random,4,4,2978,23.72,14890,99.41727490032011
random,4,4,2979,23.72,14895,99.41748240413754
random,4,4,2980,23.72,14900,99.41768976022664
random,4,4,2981,23.72,14905,99.41789696874508
random,4,4,2982,23.72,14910,99.41810402985038
random,4,4,2983,23.72,14915,99.41831094369977
random,4,4,2984,23.74,14920,99.41802742184187
random,4,4,2985,23.78,14925,99.41725398708058
random,4,4,2986,23.78,14930,99.4174609823793
random,4,4,2987,23.78,14935,99.41766783067798
random,4,4,2988,23.79,14940,99.41762973588934
random,4,4,2989,23.82,14945,99.41710224936865
random,4,4,2990,23.87,14950,99.4160858918817
random,4,4,2991,23.91,14955,99.41531479099521
random,4,4,2992,23.919999999999998,14960,99.4152775842555
random,4,4,2993,23.919999999999998,14965,99.41548476643827
random,4,4,2994,23.919999999999998,14970,99.41569180185309
random,4,4,2995,23.919999999999998,14975,99.41589869065585
random,4,4,2996,23.919999999999998,14980,99.41610543300224
random,4,4,2997,23.919999999999998,14985,99.41631202904775
random,4,4,2998,23.919999999999998,14990,99.41651705565529
random,4,4,2999,23.919999999999998,14995,99.41672193827786
random,4,4,3000,23.919999999999998,15000,99.41691957049008
random,4,4,3001,23.919999999999998,15005,99.41710996688346
random,4,4,3002,23.919999999999998,15010,99.41730591682968
random,4,4,3003,23.96,15015,99.4165361827927
random,4,4,3004,23.96,15020,99.41673929025254
random,4,4,3005,23.96,15025,99.41693516202193
random,4,4,3006,23.96,15030,99.41712523049826
random,4,4,3007,23.96,15035,99.41731517509727
random,4,4,3008,23.96,15040,99.41750357982461
random,4,4,3009,23.96,15045,99.41769327795424
random,4,4,3010,23.98,15050,99.41739694509974
random,4,4,3011,23.98,15055,99.41758513992043
random,4,4,3012,23.98,15060,99.41778028125243
random,4,4,3013,23.98,15065,99.41796964121882
random,4,4,3014,23.98,15070,99.41815887805114
random,4,4,3015,23.98,15075,99.41834658102762
random,4,4,3016,23.990000000000002,15080,99.41829168343817
random,4,4,3017,23.990000000000002,15085,99.41848627055538
random,4,4,3018,23.990000000000002,15090,99.41868072753354
random,4,4,3019,23.990000000000002,15095,99.41887505450318
random,4,4,3020,23.990000000000002,15100,99.41906925159459
random,4,4,3021,23.990000000000002,15105,99.41924926044456
random,4,4,3022,23.990000000000002,15110,99.41942213262539
random,4,4,3023,23.990000000000002,15115,99.41959490191904
random,4,4,3024,23.990000000000002,15120,99.41976756841736
random,4,4,3025,23.990000000000002,15125,99.41994714482945
random,4,4,3026,23.990000000000002,15130,99.42013361823086
random,4,4,3027,23.990000000000002,15135,99.42031997177715
random,4,4,3028,24.02,15140,99.41978854408472
random,4,4,3029,24.060000000000002,15145,99.4190174005013
random,4,4,3030,24.07,15150,99.41897094854743
random,4,4,3031,24.07,15155,99.41915883001649
random,4,4,3032,24.07,15160,99.41934659001816
random,4,4,3033,24.11,15165,99.41856819705498
random,4,4,3034,24.11,15170,99.4187546257344
random,4,4,3035,24.12,15175,99.41869292670759
random,4,4,3036,24.12,15180,99.41887919818822
random,4,4,3037,24.13,15185,99.41882449848625
random,4,4,3038,24.14,15190,99.4187698338173
random,4,4,3039,24.14,15195,99.41895590178574
random,4,4,3040,24.14,15200,99.41914185066123
random,4,4,3041,24.14,15205,99.41932768055806
random,4,4,3042,24.14,15210,99.41952176673144
random,4,4,3043,24.14,15215,99.41970735365881
random,4,4,3044,24.14,15220,99.41988585160709
random,4,4,3045,24.14,15225,99.42006423977725
random,4,4,3046,24.14,15230,99.42024948004976
random,4,4,3047,24.14,15235,99.42044851618975
random,4,4,3048,24.14,15240,99.42064880613815
random,4,4,3049,24.14,15245,99.42084895769607
random,4,4,3050,24.14,15250,99.42104897100688
random,4,4,3051,24.14,15255,99.42124745866738
random,4,4,3052,24.14,15260,99.42144442367332
random,4,4,3053,24.14,15265,99.42163432626629
random,4,4,3054,24.14,15270,99.42183102808215
random,4,4,3055,24.14,15275,99.42202897995537
random,4,4,3056,24.14,15280,99.42221988195479
random,4,4,3057,24.14,15285,99.42239683777821
random,4,4,3058,24.14,15290,99.42256677917126
random,4,4,3059,24.14,15295,99.42273524017227
random,4,4,3060,24.14,15300,99.42291739877747
random,4,4,3061,24.14,15305,99.42310633579322
random,4,4,3062,24.14,15310,99.42330341550583
random,4,4,3063,24.14,15315,99.42350173737566
random,4,4,3064,24.14,15320,99.42369992288943
random,4,4,3065,24.14,15325,99.42389934705412
random,4,4,3066,24.14,15330,99.42409725933278
random,4,4,3067,24.14,15335,99.42429640864938
random,4,4,3068,24.14,15340,99.42449542028045
random,4,4,3069,24.14,15345,99.42469429436872
random,4,4,3070,24.14,15350,99.42489303105673
random,4,4,3071,24.14,15355,99.42509163048682
random,4,4,3072,24.14,15360,99.42529009280113
random,4,4,3073,24.14,15365,99.42548841814161
random,4,4,3074,24.14,15370,99.42568660665005
random,4,4,3075,24.14,15375,99.42588465846796
random,4,4,3076,24.14,15380,99.42608257373674
random,4,4,3077,24.14,15385,99.42628035259754
random,4,4,3078,24.14,15390,99.42647799519135
random,4,4,3079,24.14,15395,99.4266741400112
random,4,4,3080,24.14,15400,99.42687015071368
random,4,4,3081,24.14,15405,99.42706738722318
random,4,4,3082,24.14,15410,99.4272644880257
random,4,4,3083,24.14,15415,99.42746145326127
random,4,4,3084,24.14,15420,99.42765828306969
random,4,4,3085,24.14,15425,99.42785497759058
random,4,4,3086,24.14,15430,99.42805153696341
random,4,4,3087,24.14,15435,99.4282479613274
random,4,4,3088,24.14,15440,99.42844289756248
random,4,4,3089,24.14,15445,99.42863770091763
random,4,4,3090,24.14,15450,99.42883237152869
random,4,4,3091,24.14,15455,99.42902690953129
random,4,4,3092,24.14,15460,99.42921456708739
random,4,4,3093,24.14,15465,99.429408844872
random,4,4,3094,24.14,15470,99.42960299044927
random,4,4,3095,24.14,15475,99.4297970039541
random,4,4,3096,24.14,15480,99.4299908855212
random,4,4,3097,24.14,15485,99.43018463528513
random,4,4,3098,24.14,15490,99.43037825338021
random,4,4,3099,24.14,15495,99.43057308313774
random,4,4,3100,24.14,15500,99.43076643738549
random,4,4,3101,24.14,15505,99.43095966036731
random,4,4,3102,24.14,15510,99.43114604983481
random,4,4,3103,24.14,15515,99.43133231723836
random,4,4,3104,24.14,15520,99.43152515630703
random,4,4,3105,24.14,15525,99.43171786463397
random,4,4,3106,24.14,15530,99.43190375781309
random,4,4,3107,24.14,15535,99.43208952941535
random,4,4,3108,24.14,15540,99.43226850360183
random,4,4,3109,24.14,15545,99.43244736501816
random,4,4,3110,24.14,15550,99.43262611377092
random,4,4,3111,24.14,15555,99.4328114133193
random,4,4,3112,24.14,15560,99.43299659187264
random,4,4,3113,24.14,15565,99.43318164954941
random,4,4,3114,24.14,15570,99.43335993615324
random,4,4,3115,24.14,15575,99.4335447567692
random,4,4,3116,24.14,15580,99.43372945685883
random,4,4,3117,24.14,15585,99.43391403653999
random,4,4,3118,24.14,15590,99.43409849593039
random,4,4,3119,24.14,15595,99.43428283514758
random,4,4,3120,24.14,15600,99.43445910488042
random,4,4,3121,24.14,15605,99.434635264801
random,4,4,3122,24.14,15610,99.43481793130252
random,4,4,3123,24.14,15615,99.43499386778763
random,4,4,3124,24.14,15620,99.43515647850248
random,4,4,3125,24.14,15625,99.43531899564442
random,4,4,3126,24.14,15630,99.43548141929419
random,4,4,3127,24.14,15635,99.43565034634797
random,4,4,3128,24.14,15640,99.43581917233224
random,4,4,3129,24.14,15645,99.43599448611013
random,4,4,3130,24.14,15650,99.43616310628815
random,4,4,3131,24.14,15655,99.43633820641602
random,4,4,3132,24.14,15660,99.43651319782262
random,4,4,3133,24.14,15665,99.43668808060913
random,4,4,3134,24.14,15670,99.43686285487671
random,4,4,3135,24.14,15675,99.4370375207263
random,4,4,3136,24.14,15680,99.43721207825877
random,4,4,3137,24.14,15685,99.43738652757482
random,4,4,3138,24.14,15690,99.43756742084821
random,4,4,3139,24.14,15695,99.43774819783624
random,4,4,3140,24.14,15700,99.43792231499634
random,4,4,3141,24.14,15705,99.43809632434923
random,4,4,3142,24.14,15710,99.43827676155152
random,4,4,3143,24.14,15715,99.43845708290783
random,4,4,3144,24.14,15720,99.43863728852975
random,4,4,3145,24.14,15725,99.4388173785286
random,4,4,3146,24.14,15730,99.43900387166342
random,4,4,3147,24.14,15735,99.43918502944628
random,4,4,3148,24.14,15740,99.43936607026735
random,4,4,3149,24.14,15745,99.43954699423992
random,4,4,3150,24.14,15750,99.43972780147703
random,4,4,3151,24.14,15755,99.43990849209166
random,4,4,3152,24.14,15760,99.44008257274403
random,4,4,3153,24.14,15765,99.44025654521887
random,4,4,3154,24.14,15770,99.440430409617
random,4,4,3155,24.14,15775,99.44060416603907
random,4,4,3156,24.14,15780,99.44077781458564
random,4,4,3157,24.14,15785,99.44095782867464
random,4,4,3158,24.14,15790,99.44113772690758
random,4,4,3159,24.14,15795,99.44132397423702
random,4,4,3160,24.14,15800,99.44151009746967
random,4,4,3161,24.14,15805,99.44168964049808
random,4,4,3162,24.14,15810,99.44187552020716
random,4,4,3163,24.14,15815,99.44206127618659
random,4,4,3164,24.14,15820,99.44224046506147
random,4,4,3165,24.14,15825,99.44242597823752
random,4,4,3166,24.14,15830,99.4426126550479
random,4,4,3167,24.14,15835,99.44279920690062
random,4,4,3168,24.14,15840,99.44298434864473
random,4,4,3169,24.14,15845,99.44316936739519
random,4,4,3170,24.14,15850,99.44335426327453
random,4,4,3171,24.14,15855,99.44353903640508
random,4,4,3172,24.14,15860,99.44372496877578
random,4,4,3173,24.14,15865,99.44391077693543
random,4,4,3174,24.14,15870,99.44409646100846
random,4,4,3175,24.14,15875,99.44428202111912
random,4,4,3176,24.14,15880,99.44446745739153
random,4,4,3177,24.14,15885,99.4446527699496
random,4,4,3178,24.14,15890,99.44483795891709
random,4,4,3179,24.14,15895,99.44502302441761
random,4,4,3180,24.14,15900,99.44520796657459
random,4,4,3181,24.14,15905,99.44539278551129
random,4,4,3182,24.14,15910,99.44557620800768
random,4,4,3183,24.14,15915,99.44575950921936
random,4,4,3184,24.14,15920,99.44594268926657
random,4,4,3185,24.14,15925,99.44612574826944
random,4,4,3186,24.14,15930,99.44630868634786
random,4,4,3187,24.14,15935,99.44649150362164
random,4,4,3188,24.14,15940,99.44667420021041
random,4,4,3189,24.14,15945,99.44685043880754
random,4,4,3190,24.14,15950,99.44702656517367
random,4,4,3191,24.14,15955,99.44720257941597
random,4,4,3192,24.14,15960,99.44738480697384
random,4,4,3193,24.14,15965,99.44756691443008
random,4,4,3194,24.14,15970,99.44774890190337
random,4,4,3195,24.14,15975,99.44793203206294
random,4,4,3196,24.14,15980,99.44811504080839
random,4,4,3197,24.14,15985,99.44829792826044
random,4,4,3198,24.14,15990,99.44848069453964
random,4,4,3199,24.14,15995,99.44866333976636
random,4,4,3200,24.14,16000,99.44884586406081
random,4,4,3201,24.14,16005,99.4490282675431
random,4,4,3202,24.14,16010,99.44921055033312
random,4,4,3203,24.14,16015,99.4493927125506
random,4,4,3204,24.14,16020,99.44957475431517
random,4,4,3205,24.14,16025,99.44975667574622
random,4,4,3206,24.14,16030,99.44993847696304
random,4,4,3207,24.14,16035,99.45012015808476
random,4,4,3208,24.14,16040,99.45030171923032
random,4,4,3209,24.14,16045,99.45048316051856
random,4,4,3210,24.14,16050,99.45066448206809
random,4,4,3211,24.14,16055,99.4508456839974
random,4,4,3212,24.14,16060,99.45102676642486
random,4,4,3213,24.14,16065,99.45120772946859
random,4,4,3214,24.14,16070,99.45138857324667
random,4,4,3215,24.14,16075,99.45156929787693
random,4,4,3216,24.14,16080,99.4517499034771
random,4,4,3217,24.14,16085,99.4519303901647
random,4,4,3218,24.14,16090,99.4521107580572
random,4,4,3219,24.14,16095,99.45229100727178
random,4,4,3220,24.14,16100,99.45247113792556
random,4,4,3221,24.14,16105,99.45265115013548
random,4,4,3222,24.14,16110,99.45283104401832
random,4,4,3223,24.14,16115,99.4530108196907
random,4,4,3224,24.14,16120,99.45319047726913
random,4,4,3225,24.14,16125,99.4533700168699
random,4,4,3226,24.14,16130,99.4535494386092
random,4,4,3227,24.14,16135,99.45372874260305
random,4,4,3228,24.14,16140,99.45390792896731
random,4,4,3229,24.14,16145,99.4540869978177
random,4,4,3230,24.14,16150,99.4542659492698
random,4,4,3231,24.14,16155,99.45444478343899
random,4,4,3232,24.14,16160,99.45462350044055
random,4,4,3233,24.14,16165,99.45480210038959
random,4,4,3234,24.14,16170,99.45498058340107
random,4,4,3235,24.14,16175,99.4551589495898
random,4,4,3236,24.14,16180,99.45533719907041
random,4,4,3237,24.14,16185,99.45551533195746
random,4,4,3238,24.14,16190,99.45569334836529
random,4,4,3239,24.14,16195,99.45587124840807
random,4,4,3240,24.14,16200,99.45604903219991
random,4,4,3241,24.14,16205,99.45622669985471
random,4,4,3242,24.14,16210,99.45640425148622
random,4,4,3243,24.14,16215,99.45658168720806
random,4,4,3244,24.14,16220,99.4567590071337
random,4,4,3245,24.14,16225,99.45693621137644
random,4,4,3246,24.14,16230,99.45711330004947
random,4,4,3247,24.14,16235,99.45729027326581
random,4,4,3248,24.14,16240,99.45746713113833
random,4,4,3249,24.14,16245,99.45764387377976
random,4,4,3250,24.14,16250,99.45782050130266
random,4,4,3251,24.14,16255,99.4579970138195
random,4,4,3252,24.14,16260,99.45817341144256
random,4,4,3253,24.14,16265,99.45834969428395
random,4,4,3254,24.14,16270,99.4585258624557
random,4,4,3255,24.14,16275,99.45870191606964
random,4,4,3256,24.14,16280,99.45887785523749
random,4,4,3257,24.14,16285,99.45905368007081
random,4,4,3258,24.14,16290,99.459229390681
random,4,4,3259,24.14,16295,99.45940498717934
random,4,4,3260,24.14,16300,99.45958046967695
random,4,4,3261,24.14,16305,99.45975583828482
random,4,4,3262,24.14,16310,99.45993109311378
random,4,4,3263,24.14,16315,99.46010623427453
random,4,4,3264,24.14,16320,99.46028126187761
random,4,4,3265,24.14,16325,99.46045497011717
random,4,4,3266,24.14,16330,99.46062254079405
random,4,4,3267,24.14,16335,99.46079000741581
random,4,4,3268,24.14,16340,99.46096338838325
random,4,4,3269,24.14,16345,99.46113064345109
random,4,4,3270,24.14,16350,99.46129779475758
random,4,4,3271,24.14,16355,99.46146484239927
random,4,4,3272,24.14,16360,99.46163178647255
random,4,4,3273,24.14,16365,99.46179862707372
random,4,4,3274,24.14,16370,99.46196536429893
random,4,4,3275,24.14,16375,99.46213199824425
random,4,4,3276,24.14,16380,99.4622985290056
random,4,4,3277,24.14,16385,99.46245897185815
random,4,4,3278,24.14,16390,99.4626193189913
random,4,4,3279,24.14,16395,99.46277957049071
random,4,4,3280,24.14,16400,99.46293972644187
random,4,4,3281,24.14,16405,99.46310575749017
random,4,4,3282,24.14,16410,99.46327168591388
random,4,4,3283,24.14,16415,99.46344347485919
random,4,4,3284,24.14,16420,99.46361515387179
random,4,4,3285,24.14,16425,99.46378672305717
random,4,4,3286,24.14,16430,99.46395818252068
random,4,4,3287,24.14,16435,99.46412239497776
random,4,4,3288,24.14,16440,99.46428056252759
random,4,4,3289,24.14,16445,99.46443744855694
random,4,4,3290,24.14,16450,99.4645883052246
random,4,4,3291,24.15,16455,99.46451734498166
random,4,4,3292,24.15,16460,99.46467996063237
random,4,4,3293,24.15,16465,99.46484484932557
random,4,4,3294,24.15,16470,99.46500963647239
random,4,4,3295,24.15,16475,99.4651731377395
random,4,4,3296,24.15,16480,99.46533180423394
random,4,4,3297,24.15,16485,99.46549037661349
random,4,4,3298,24.15,16490,99.46564885496183
random,4,4,3299,24.15,16495,99.46581314741124
random,4,4,3300,24.15,16500,99.46597733886446
random,4,4,3301,24.15,16505,99.4661414294146
random,4,4,3302,24.15,16510,99.46630541915466
random,4,4,3303,24.15,16515,99.46646812947924
random,4,4,3304,24.15,16520,99.46663074062131
random,4,4,3305,24.15,16525,99.46679325267155
random,4,4,3306,24.15,16530,99.46694978291724
random,4,4,3307,24.15,16535,99.46710622128663
random,4,4,3308,24.15,16540,99.4672625678606
random,4,4,3309,24.15,16545,99.46742469517507
random,4,4,3310,24.15,16550,99.46758085495712
random,4,4,3311,24.15,16555,99.4677380962876
random,4,4,3312,24.15,16560,99.46789524476819
random,4,4,3313,24.15,16565,99.46805112876686
random,4,4,3314,24.15,16570,99.46821394754805
random,4,4,3315,24.15,16575,99.46837666668868
random,4,4,3316,24.15,16580,99.46853811671035
random,4,4,3317,24.15,16585,99.46869362432349
random,4,4,3318,24.15,16590,99.46885488191643
random,4,4,3319,24.15,16595,99.46901604165201
random,4,4,3320,24.15,16600,99.46917827037839
random,4,4,3321,24.15,16605,99.46934040000527
random,4,4,3322,24.15,16610,99.46949543853945
random,4,4,3323,24.15,16615,99.46965038650738
random,4,4,3324,24.15,16620,99.46980524398839
random,4,4,3325,24.15,16625,99.46996001106172
random,4,4,3326,24.15,16630,99.4701146878065
random,4,4,3327,24.15,16635,99.47026346441113
random,4,4,3328,24.15,16640,99.47040635073793
random,4,4,3329,24.15,16645,99.47054916000377
random,4,4,3330,24.15,16650,99.47069769276796
random,4,4,3331,24.15,16655,99.47085077991994
random,4,4,3332,24.15,16660,99.47100493728726
random,4,4,3333,24.15,16665,99.47116016292209
random,4,4,3334,24.15,16670,99.4713152974864
random,4,4,3335,24.15,16675,99.47147612450841
random,4,4,3336,24.15,16680,99.47163107378131
random,4,4,3337,24.15,16685,99.47178593222674
random,4,4,3338,24.15,16690,99.47193954527764
random,4,4,3339,24.15,16695,99.47209306900827
random,4,4,3340,24.15,16700,99.4722465034965
random,4,4,3341,24.15,16705,99.47239984882016
random,4,4,3342,24.15,16710,99.47255310505693
random,4,4,3343,24.15,16715,99.47270627228444
random,4,4,3344,24.15,16720,99.47285935058018
random,4,4,3345,24.15,16725,99.47301234002161
random,4,4,3346,24.15,16730,99.47316524068604
random,4,4,3347,24.15,16735,99.47332379573251
random,4,4,3348,24.15,16740,99.47348110745564
random,4,4,3349,24.15,16745,99.47363373626325
random,4,4,3350,24.15,16750,99.47378054360757
random,4,4,3351,24.15,16755,99.47392612310783
random,4,4,3352,24.15,16760,99.47407849405698
random,4,4,3353,24.15,16765,99.47422505344834
random,4,4,3354,24.15,16770,99.47436581092404
random,4,4,3355,24.15,16775,99.47450649305435
random,4,4,3356,24.15,16780,99.47465281403363
random,4,4,3357,24.15,16785,99.47479905355092
random,4,4,3358,24.15,16790,99.47494521167425
random,4,4,3359,24.15,16795,99.47509128847157
random,4,4,3360,24.15,16800,99.4752372840107
random,4,4,3361,24.15,16805,99.47538889649195
random,4,4,3362,24.15,16810,99.47554042139187
random,4,4,3363,24.15,16815,99.4756975502158
random,4,4,3364,24.15,16820,99.4758602728131
random,4,4,3365,24.15,16825,99.47602289443651
random,4,4,3366,24.15,16830,99.47618655133373
random,4,4,3367,24.15,16835,99.47635010603098
random,4,4,3368,24.15,16840,99.47651355862398
random,4,4,3369,24.15,16845,99.47667690920832
random,4,4,3370,24.15,16850,99.47684015787945
random,4,4,3371,24.15,16855,99.47700330473273
random,4,4,3372,24.15,16860,99.47716634986338
random,4,4,3373,24.15,16865,99.47733042456352
random,4,4,3374,24.15,16870,99.47749439631671
random,4,4,3375,24.15,16875,99.47765826521983
random,4,4,3376,24.15,16880,99.4778220313696
random,4,4,3377,24.15,16885,99.47798569486265
random,4,4,3378,24.15,16890,99.47814925579546
random,4,4,3379,24.15,16895,99.47831271426442
random,4,4,3380,24.15,16900,99.47847607036579
random,4,4,3381,24.15,16905,99.47863932419567
random,4,4,3382,24.15,16910,99.4788024758501
random,4,4,3383,24.15,16915,99.47896552542497
random,4,4,3384,24.15,16920,99.47912847301606
random,4,4,3385,24.15,16925,99.47929131871899
random,4,4,3386,24.15,16930,99.47945406262933
random,4,4,3387,24.15,16935,99.47961670484247
random,4,4,3388,24.15,16940,99.47977924545373
random,4,4,3389,24.15,16945,99.47994168455824
random,4,4,3390,24.15,16950,99.48010402225111
random,4,4,3391,24.15,16955,99.48026625862725
random,4,4,3392,24.15,16960,99.4804283937815
random,4,4,3393,24.15,16965,99.48059042780852
random,4,4,3394,24.15,16970,99.48075236080292
random,4,4,3395,24.15,16975,99.48091419285919
random,4,4,3396,24.15,16980,99.48107592407163
random,4,4,3397,24.15,16985,99.4812375545345
random,4,4,3398,24.15,16990,99.4813990843419
random,4,4,3399,24.15,16995,99.48156051358784
random,4,4,3400,24.15,17000,99.48172184236618
random,4,4,3401,24.15,17005,99.48188307077069
random,4,4,3402,24.15,17010,99.48204419889503
random,4,4,3403,24.15,17015,99.4822052268327
random,4,4,3404,24.15,17020,99.48236615467714
random,4,4,3405,24.15,17025,99.48252698252162
random,4,4,3406,24.15,17030,99.48268771045934
random,4,4,3407,24.15,17035,99.48284833858338
random,4,4,3408,24.15,17040,99.48300886698664
random,4,4,3409,24.15,17045,99.48316929576198
random,4,4,3410,24.15,17050,99.48332962500214
random,4,4,3411,24.15,17055,99.48348985479969
random,4,4,3412,24.15,17060,99.48364998524714
random,4,4,3413,24.15,17065,99.48381001643686
random,4,4,3414,24.15,17070,99.4839699484611
random,4,4,3415,24.15,17075,99.48412978141201
random,4,4,3416,24.15,17080,99.48428951538163
random,4,4,3417,24.15,17085,99.48444915046186
random,4,4,3418,24.15,17090,99.48460868674452
random,4,4,3419,24.15,17095,99.48476812432129
random,4,4,3420,24.15,17100,99.48492746328375
random,4,4,3421,24.15,17105,99.48508670372337
random,4,4,3422,24.15,17110,99.48524584573148
random,4,4,3423,24.15,17115,99.48540488939935
random,4,4,3424,24.15,17120,99.48556383481805
random,4,4,3425,24.15,17125,99.48572268207866
random,4,4,3426,24.15,17130,99.48588143127203
random,4,4,3427,24.15,17135,99.48604008248897
random,4,4,3428,24.15,17140,99.48619863582014
random,4,4,3429,24.15,17145,99.48635709135613
random,4,4,3430,24.15,17150,99.48651544918735
random,4,4,3431,24.15,17155,99.48667370940419
random,4,4,3432,24.15,17160,99.48683187209683
random,4,4,3433,24.15,17165,99.48698993735542
random,4,4,3434,24.15,17170,99.48714790526995
random,4,4,3435,24.15,17175,99.48730577593034
random,4,4,3436,24.15,17180,99.48746354942634
random,4,4,3437,24.15,17185,99.48762122584766
random,4,4,3438,24.15,17190,99.48777771886103
random,4,4,3439,24.15,17195,99.48793411630999
random,4,4,3440,24.15,17200,99.48809041828206
random,4,4,3441,24.15,17205,99.48824770929927
random,4,4,3442,24.15,17210,99.48840490368667
random,4,4,3443,24.15,17215,99.48856200153325
random,4,4,3444,24.15,17220,99.48871900292797
random,4,4,3445,24.15,17225,99.48887590795957
random,4,4,3446,24.15,17230,99.48903271671678
random,4,4,3447,24.18,17235,99.48855488199536
random,4,4,3448,24.18,17240,99.48871061189794
random,4,4,3449,24.18,17245,99.48886624699303
random,4,4,3450,24.18,17250,99.48902178736712
random,4,4,3451,24.18,17255,99.48917723310672
random,4,4,3452,24.18,17260,99.48932719174307
random,4,4,3453,24.18,17265,99.48947706236065
random,4,4,3454,24.18,17270,99.48962684503695
random,4,4,3455,24.18,17275,99.48977653984934
random,4,4,3456,24.18,17280,99.4899261468751
random,4,4,3457,24.18,17285,99.49007566619147
random,4,4,3458,24.18,17290,99.49022509787552
random,4,4,3459,24.18,17295,99.49037981246482
random,4,4,3460,24.18,17300,99.49053443317214
random,4,4,3461,24.19,17305,99.4904783268985
random,4,4,3462,24.22,17310,99.49000111601738
random,4,4,3463,24.22,17315,99.4901557109086
random,4,4,3464,24.22,17320,99.49030484904858
random,4,4,3465,24.22,17325,99.49045389996319
random,4,4,3466,24.23,17330,99.49038718375296
random,4,4,3467,24.23,17335,99.49053076895581
random,4,4,3468,24.23,17340,99.49067427327017
random,4,4,3469,24.23,17345,99.4908176967644
random,4,4,3470,24.23,17350,99.49096103950671
random,4,4,3471,24.23,17355,99.49110430156534
random,4,4,3472,24.23,17360,99.49124748300834
random,4,4,3473,24.23,17365,99.49139058390377
random,4,4,3474,24.23,17370,99.49153360431954
random,4,4,3475,24.23,17375,99.49167654432358
random,4,4,3476,24.23,17380,99.49182473301398
random,4,4,3477,24.23,17385,99.49197816114126
random,4,4,3478,24.23,17390,99.49213256115684
random,4,4,3479,24.23,17395,99.4922868673492
random,4,4,3480,24.23,17400,99.49244001659049
random,4,4,3481,24.23,17405,99.49259307346617
random,4,4,3482,24.240000000000002,17410,99.4925366885088
random,4,4,3483,24.279999999999998,17415,99.49185354164268
random,4,4,3484,24.279999999999998,17420,99.49200769938908
random,4,4,3485,24.33,17425,99.49111596824966
random,4,4,3486,24.33,17430,99.49127025614219
random,4,4,3487,24.349999999999998,17435,99.49100638593632
random,4,4,3488,24.39,17440,99.490322607609
random,4,4,3489,24.39,17445,99.49046954516207
random,4,4,3490,24.39,17450,99.49061639801677
random,4,4,3491,24.39,17455,99.4907578500335
random,4,4,3492,24.39,17460,99.49090453677323
random,4,4,3493,24.39,17465,99.4910511390313
random,4,4,3494,24.39,17470,99.4911987182964
random,4,4,3495,24.39,17475,99.49134090795336
random,4,4,3496,24.39,17480,99.49148301815983
random,4,4,3497,24.4,17485,99.49142191346252
random,4,4,3498,24.4,17490,99.49157451454744
random,4,4,3499,24.4,17495,99.4917217301459
random,4,4,3500,24.4,17500,99.49186780232824
random,4,4,3501,24.4,17505,99.49200956021352
random,4,4,3502,24.4,17510,99.4921512390261
random,4,4,3503,24.4,17515,99.49229283883211
random,4,4,3504,24.4,17520,99.49243435969763
random,4,4,3505,24.4,17525,99.49257580168864
random,4,4,3506,24.4,17530,99.49271716487108
random,4,4,3507,24.4,17535,99.49285844931079
random,4,4,3508,24.4,17540,99.49300492242352
random,4,4,3509,24.4,17545,99.49314604664303
random,4,4,3510,24.4,17550,99.49329235369855
random,4,4,3511,24.4,17555,99.49344383454714
random,4,4,3512,24.4,17560,99.4935962758572
random,4,4,3513,24.4,17565,99.49374862544452
random,4,4,3514,24.4,17570,99.49390088339186
random,4,4,3515,24.4,17575,99.49405304978185
random,4,4,3516,24.4,17580,99.49420512469709
random,4,4,3517,24.4,17585,99.49435710822002
random,4,4,3518,24.4,17590,99.49450795321299
random,4,4,3519,24.4,17595,99.49465870823168
random,4,4,3520,24.4,17600,99.49480937335657
random,4,4,3521,24.4,17605,99.49496099401611
random,4,4,3522,24.4,17610,99.49511252369247
random,4,4,3523,24.4,17615,99.49526396246749
random,4,4,3524,24.4,17620,99.49541531042298
random,4,4,3525,24.4,17625,99.4955665676406
random,4,4,3526,24.4,17630,99.49571773420192
random,4,4,3527,24.41,17635,99.49566219904504
random,4,4,3528,24.43,17640,99.49540014788927
random,4,4,3529,24.48,17645,99.49451879138782
random,4,4,3530,24.5,17650,99.49425723934637
random,4,4,3531,24.51,17655,99.49420220768044
random,4,4,3532,24.529999999999998,17660,99.49394090682159
random,4,4,3533,24.57,17665,99.49326728140062
random,4,4,3534,24.57,17670,99.49341877381364
random,4,4,3535,24.57,17675,99.49357017567364
random,4,4,3536,24.59,17680,99.49330937594013
random,4,4,3537,24.6,17685,99.49325472601767
random,4,4,3538,24.6,17690,99.49340604123591
random,4,4,3539,24.6,17695,99.49355726611508
random,4,4,3540,24.610000000000003,17700,99.49350259114279
random,4,4,3541,24.62,17705,99.49344794879339
random,4,4,3542,24.62,17710,99.49359798426492
random,4,4,3543,24.62,17715,99.49374272589314
random,4,4,3544,24.62,17720,99.49388738480388
random,4,4,3545,24.62,17725,99.494031961068
random,4,4,3546,24.62,17730,99.49417645475633
random,4,4,3547,24.62,17735,99.49431567272242
random,4,4,3548,24.62,17740,99.4944548140756
random,4,4,3549,24.62,17745,99.49459387887907
random,4,4,3550,24.62,17750,99.494732867196
random,4,4,3551,24.62,17755,99.4948717790895
random,4,4,3552,24.62,17760,99.49501061462254
random,4,4,3553,24.62,17765,99.49515351475272
random,4,4,3554,24.62,17770,99.49529116083033
random,4,4,3555,24.62,17775,99.49542873187018
random,4,4,3556,24.62,17780,99.49556622793358
random,4,4,3557,24.62,17785,99.49569848422777
random,4,4,3558,24.62,17790,99.49583583333505
random,4,4,3559,24.62,17795,99.49596278886942
random,4,4,3560,24.62,17800,99.49608968048156
random,4,4,3561,24.62,17805,99.49621650821973
random,4,4,3562,24.62,17810,99.49634842378741
random,4,4,3563,24.62,17815,99.49647512133069
random,4,4,3564,24.62,17820,99.49660690151529
random,4,4,3565,24.62,17825,99.49674375631115
random,4,4,3566,24.62,17830,99.49688670550707
random,4,4,3567,24.62,17835,99.49702957351704
random,4,4,3568,24.62,17840,99.49717236041019
random,4,4,3569,24.65,17845,99.49670253384242
random,4,4,3570,24.66,17850,99.49663607563932
random,4,4,3571,24.67,17855,99.49657479037553
random,4,4,3572,24.67,17860,99.4967175457279
random,4,4,3573,24.67,17865,99.49686535080741
random,4,4,3574,24.68,17870,99.49680405329636
random,4,4,3575,24.68,17875,99.49695174772579
random,4,4,3576,24.68,17880,99.49709935548026
random,4,4,3577,24.68,17885,99.49724687663604
random,4,4,3578,24.68,17890,99.49739431126933
random,4,4,3579,24.68,17895,99.49754165945622
random,4,4,3580,24.68,17900,99.49768994362242
random,4,4,3581,24.68,17905,99.49783814029199
random,4,4,3582,24.69,17910,99.4977828404052
random,4,4,3583,24.72,17915,99.4973208748081
random,4,4,3584,24.72,17920,99.49746904921632
random,4,4,3585,24.72,17925,99.49761713629573
random,4,4,3586,24.72,17930,99.49776513612353
random,4,4,3587,24.72,17935,99.49791304877678
random,4,4,3588,24.72,17940,99.49806087433247
random,4,4,3589,24.72,17945,99.49820861286753
random,4,4,3590,24.72,17950,99.49835626445879
random,4,4,3591,24.72,17955,99.49850382918294
random,4,4,3592,24.72,17960,99.49865130711663
random,4,4,3593,24.72,17965,99.49879869833642
random,4,4,3594,24.72,17970,99.49894600291877
random,4,4,3595,24.72,17975,99.49909322094001
random,4,4,3596,24.72,17980,99.49924035247645
random,4,4,3597,24.72,17985,99.49938739760427
random,4,4,3598,24.72,17990,99.49953435639956
random,4,4,3599,24.72,17995,99.49968122893834
random,4,4,3600,24.72,18000,99.49982801529652
random,4,4,3601,24.72,18005,99.49997471554994
random,4,4,3602,24.72,18010,99.50012132977433
random,4,4,3603,24.72,18015,99.50026785804535
random,4,4,3604,24.72,18020,99.50041430043855
random,4,4,3605,24.72,18025,99.50056065702942
random,4,4,3606,24.75,18030,99.50010098969905
random,4,4,3607,24.75,18035,99.50024735232057
random,4,4,3608,24.759999999999998,18040,99.5001917681019
random,4,4,3609,24.759999999999998,18045,99.50033801850525
random,4,4,3610,24.759999999999998,18050,99.5004841833441
random,4,4,3611,24.77,18055,99.50042857863157
random,4,4,3612,24.77,18060,99.50057463153014
random,4,4,3613,24.77,18065,99.50072059905466
random,4,4,3614,24.77,18070,99.50086648127997
random,4,4,3615,24.77,18075,99.50101227828084
random,4,4,3616,24.77,18080,99.5011579901319
random,4,4,3617,24.77,18085,99.50130361690776
random,4,4,3618,24.77,18090,99.50144915868287
random,4,4,3619,24.8,18095,99.50099097558277
random,4,4,3620,24.8,18100,99.50113652364573
random,4,4,3621,24.8,18105,99.50128198682822
random,4,4,3622,24.81,18110,99.50122632785171
random,4,4,3623,24.82,18115,99.50117070131542
random,4,4,3624,24.83,18120,99.50111510719093
random,4,4,3625,24.85,18125,99.50085868375331
random,4,4,3626,24.88,18130,99.5004016064257
random,4,4,3627,24.94,18135,99.49934256090094
random,4,4,3628,24.94,18140,99.49948824981436
random,4,4,3629,24.94,18145,99.4996338539629
random,4,4,3630,24.94,18150,99.49977937342052
random,4,4,3631,24.959999999999997,18155,99.49952378565342
random,4,4,3632,24.959999999999997,18160,99.49966925251067
random,4,4,3633,24.97,18165,99.4996142400529
random,4,4,3634,24.97,18170,99.49975959612148
random,4,4,3635,25.0,18175,99.49930403260532
random,4,4,3636,25.009999999999998,18180,99.4992491740915
random,4,4,3637,25.05,18185,99.49859386102743
random,4,4,3638,25.080000000000002,18190,99.49813903229679
random,4,4,3639,25.080000000000002,18195,99.49828460545925
random,4,4,3640,25.080000000000002,18200,99.49843009419435
random,4,4,3641,25.080000000000002,18205,99.4985754985755
random,4,4,3642,25.080000000000002,18210,99.49872081867605
random,4,4,3643,25.080000000000002,18215,99.49886605456925
random,4,4,3644,25.080000000000002,18220,99.49901120632828
random,4,4,3645,25.080000000000002,18225,99.49915627402622
random,4,4,3646,25.080000000000002,18230,99.49930125773608
random,4,4,3647,25.080000000000002,18235,99.49944615753076
random,4,4,3648,25.080000000000002,18240,99.49959097348311
random,4,4,3649,25.080000000000002,18245,99.49973570566587
random,4,4,3650,25.080000000000002,18250,99.49988035415171
random,4,4,3651,25.080000000000002,18255,99.50002491901321
random,4,4,3652,25.080000000000002,18260,99.50016940032286
random,4,4,3653,25.080000000000002,18265,99.50031379815307
random,4,4,3654,25.080000000000002,18270,99.50045811257618
random,4,4,3655,25.1,18275,99.50020409991936
random,4,4,3656,25.130000000000003,18280,99.49975116950334
random,4,4,3657,25.130000000000003,18285,99.49989552134846
random,4,4,3658,25.130000000000003,18290,99.50003978990928
random,4,4,3659,25.130000000000003,18295,99.50018397525781
random,4,4,3660,25.130000000000003,18300,99.50032807746605
random,4,4,3661,25.180000000000003,18305,99.49947820901455
random,4,4,3662,25.19,18310,99.49942371129923
random,4,4,3663,25.19,18315,99.4995679079793
random,4,4,3664,25.19,18320,99.49971202160832
random,4,4,3665,25.19,18325,99.499856052258
random,4,4,3666,25.19,18330,99.5
random,4,4,3667,25.19,18335,99.5001438649059
random,4,4,3668,25.21,18340,99.49989089249935
random,4,4,3669,25.240000000000002,18345,99.49943974535684
random,4,4,3670,25.240000000000002,18350,99.49958364725009
random,4,4,3671,25.240000000000002,18355,99.49972746642882
random,4,4,3672,25.240000000000002,18360,99.49987120296431
random,4,4,3673,25.3,18365,99.49882630270496
random,4,4,3674,25.3,18370,99.4989702154626
random,4,4,3675,25.3,18375,99.49911404559448
random,4,4,3676,25.3,18380,99.49925779317171
random,4,4,3677,25.3,18385,99.49940145826531
random,4,4,3678,25.3,18390,99.49954504094632
random,4,4,3679,25.3,18395,99.49968854128558
random,4,4,3680,25.31,18400,99.49963426447621
random,4,4,3681,25.31,18405,99.49977765699887
random,4,4,3682,25.31,18410,99.49992096735953
random,4,4,3683,25.36,18415,99.49907657057075
random,4,4,3684,25.430000000000003,18420,99.49783772042416
random,4,4,3685,25.47,18425,99.4971918153014
random,4,4,3686,25.53,18430,99.49615156897572
random,4,4,3687,25.53,18435,99.49629571170674
random,4,4,3688,25.540000000000003,18440,99.49624252943845
random,4,4,3689,25.540000000000003,18445,99.4963865637355
random,4,4,3690,25.580000000000002,18450,99.49574199653051
random,4,4,3691,25.619999999999997,18455,99.49509779770409
random,4,4,3692,25.669999999999998,18460,99.49425694978032
random,4,4,3693,25.69,18465,99.49400746481786
random,4,4,3694,25.69,18470,99.4941519316347
random,4,4,3695,25.69,18475,99.49429631598115
random,4,4,3696,25.69,18480,99.49444061792778
random,4,4,3697,25.72,18485,99.49399462910318
random,4,4,3698,25.72,18490,99.49413893478089
random,4,4,3699,25.72,18495,99.49428315817414
random,4,4,3700,25.72,18500,99.49442729935329
random,4,4,3701,25.759999999999998,18505,99.49378531073447
random,4,4,3702,25.790000000000003,18510,99.49334014380574
random,4,4,3703,25.790000000000003,18515,99.49348443039094
random,4,4,3704,25.790000000000003,18520,99.49362863481966
random,4,4,3705,25.83,18525,99.49298760440078
random,4,4,3706,25.83,18530,99.49313186813187
random,4,4,3707,25.869999999999997,18535,99.49249134371108
random,4,4,3708,25.869999999999997,18540,99.4926356665163
random,4,4,3709,25.869999999999997,18545,99.49277990726127
random,4,4,3710,25.869999999999997,18550,99.49292406601592
random,4,4,3711,25.869999999999997,18555,99.49306814285015
random,4,4,3712,25.89,18560,99.49282034203773
random,4,4,3713,25.89,18565,99.49296436649922
random,4,4,3714,25.89,18570,99.49310830918631
random,4,4,3715,25.89,18575,99.49325217016862
random,4,4,3716,25.919999999999998,18580,99.49280892280599
random,4,4,3717,25.919999999999998,18585,99.4929527870969
random,4,4,3718,25.919999999999998,18590,99.493096569797
random,4,4,3719,25.929999999999996,18595,99.49304476182097
random,4,4,3720,25.95,18600,99.49279752946465
random,4,4,3721,25.95,18605,99.4929412339407
random,4,4,3722,25.95,18610,99.49308485700891
random,4,4,3723,25.95,18615,99.49322839873844
random,4,4,3724,25.95,18620,99.49337185919838
random,4,4,3725,25.96,18625,99.49332006128563
random,4,4,3726,25.990000000000002,18630,99.49287804878048
random,4,4,3727,25.990000000000002,18635,99.4930214866038
random,4,4,3728,25.990000000000002,18640,99.49316484330818
random,4,4,3729,25.990000000000002,18645,99.49330811896245
random,4,4,3730,25.990000000000002,18650,99.4934513136353
random,4,4,3731,25.990000000000002,18655,99.4935944273954
random,4,4,3732,25.990000000000002,18660,99.49373746031127
random,4,4,3733,26.029999999999998,18665,99.49310146733785
random,4,4,3734,26.05,18670,99.49285519604408
random,4,4,3735,26.05,18675,99.49299831648193
random,4,4,3736,26.05,18680,99.49314135616305
random,4,4,3737,26.07,18685,99.4928952820004
random,4,4,3738,26.07,18690,99.49303827006844
random,4,4,3739,26.07,18695,99.49318117752267
random,4,4,3740,26.07,18700,99.49332400443123
random,4,4,3741,26.07,18705,99.4934667508622
random,4,4,3742,26.07,18710,99.49360941688357
random,4,4,3743,26.07,18715,99.49375200256328
random,4,4,3744,26.07,18720,99.49389450796917
random,4,4,3745,26.07,18725,99.49403693316901
random,4,4,3746,26.07,18730,99.4941792782305
random,4,4,3747,26.07,18735,99.49432154322125
random,4,4,3748,26.07,18740,99.4944637282088
random,4,4,3749,26.07,18745,99.49460583326064
random,4,4,3750,26.07,18750,99.49474785844413
random,4,4,3751,26.07,18755,99.4948898038266
random,4,4,3752,26.07,18760,99.49503166947528
random,4,4,3753,26.11,18765,99.494398884618
random,4,4,3754,26.169999999999998,18770,99.49337927830261
random,4,4,3755,26.169999999999998,18775,99.49352144840866
random,4,4,3756,26.169999999999998,18780,99.49366353874431
random,4,4,3757,26.169999999999998,18785,99.49380554937669
random,4,4,3758,26.169999999999998,18790,99.49394748037282
random,4,4,3759,26.179999999999996,18795,99.49389601476942
random,4,4,3760,26.179999999999996,18800,99.49403784086736
random,4,4,3761,26.19,18805,99.49398637878568
random,4,4,3762,26.19,18810,99.49412810013133
random,4,4,3763,26.200000000000003,18815,99.49407664159578
random,4,4,3764,26.200000000000003,18820,99.49421825833478
random,4,4,3765,26.229999999999997,18825,99.49378081848096
random,4,4,3766,26.27,18830,99.4931506849315
random,4,4,3767,26.31,18835,99.49252090385673
random,4,4,3768,26.32,18840,99.49246996664031
random,4,4,3769,26.32,18845,99.49261183455907
random,4,4,3770,26.32,18850,99.4927536231884
random,4,4,3771,26.32,18855,99.49289533259477
random,4,4,3772,26.32,18860,99.49303696284454
random,4,4,3773,26.33,18865,99.49298595264916
random,4,4,3774,26.33,18870,99.4931274785354
random,4,4,3775,26.33,18875,99.49326892543374
random,4,4,3776,26.33,18880,99.49341029341029
random,4,4,3777,26.33,18885,99.4935515825311
random,4,4,3778,26.369999999999997,18890,99.4929236212599
random,4,4,3779,26.43,18895,99.49191153147437
random,4,4,3780,26.43,18900,99.49205312013531
random,4,4,3781,26.43,18905,99.49219462990537
random,4,4,3782,26.43,18910,99.49233606085053
random,4,4,3783,26.450000000000003,18915,99.49209336264919
random,4,4,3784,26.47,18920,99.49185079956231
random,4,4,3785,26.47,18925,99.49199220811623
random,4,4,3786,26.47,18930,99.49213353798926
random,4,4,3787,26.47,18935,99.49227478924705
random,4,4,3788,26.47,18940,99.49241596195517
random,4,4,3789,26.47,18945,99.49255705617914
random,4,4,3790,26.47,18950,99.49269807198436
random,4,4,3791,26.47,18955,99.49283900943622
random,4,4,3792,26.47,18960,99.4929798686
random,4,4,3793,26.47,18965,99.4931206495409
random,4,4,3794,26.47,18970,99.49326135232407
random,4,4,3795,26.51,18975,99.49263643410112
random,4,4,3796,26.51,18980,99.49277719315029
random,4,4,3797,26.51,18985,99.49291787411892
random,4,4,3798,26.51,18990,99.49305847707194
random,4,4,3799,26.56,18995,99.492243134481
random,4,4,3800,26.63,19000,99.49104600271392
random,4,4,3801,26.63,19005,99.49118700740387
random,4,4,3802,26.669999999999998,19010,99.49056387530563
random,4,4,3803,26.669999999999998,19015,99.49070493540718
random,4,4,3804,26.68,19020,99.49065500849544
random,4,4,3805,26.68,19025,99.49079596530235
random,4,4,3806,26.68,19030,99.49093684411372
random,4,4,3807,26.700000000000003,19035,99.49069614397848
random,4,4,3808,26.700000000000003,19040,99.49083697248231
random,4,4,3809,26.700000000000003,19045,99.49097772312619
random,4,4,3810,26.700000000000003,19050,99.49111839597468
random,4,4,3811,26.740000000000002,19055,99.49049683227743
random,4,4,3812,26.740000000000002,19060,99.49063756024154
random,4,4,3813,26.76,19065,99.4903973415347
random,4,4,3814,26.76,19070,99.49053801926665
random,4,4,3815,26.76,19075,99.49067861935079
random,4,4,3816,26.76,19080,99.49081914185139
random,4,4,3817,26.810000000000002,19085,99.49000846498444
random,4,4,3818,26.810000000000002,19090,99.49014909478169
random,4,4,3819,26.88,19095,99.48895881061247
random,4,4,3820,26.88,19100,99.48909965217722
random,4,4,3821,26.919999999999998,19105,99.48848035722769
random,4,4,3822,26.919999999999998,19110,99.4886212529919
random,4,4,3823,26.97,19115,99.48781252077141
random,4,4,3824,26.97,19120,99.48795352281141
random,4,4,3825,26.97,19125,99.48809444723881
random,4,4,3826,26.99,19130,99.48785578747628
random,4,4,3827,27.02,19135,99.48742755788255
random,4,4,3828,27.02,19140,99.48756851068671
random,4,4,3829,27.02,19145,99.48770938599068
random,4,4,3830,27.02,19150,99.48785018385837
random,4,4,3831,27.02,19155,99.4879909043536
random,4,4,3832,27.029999999999998,19160,99.48794210695814
random,4,4,3833,27.029999999999998,19165,99.48808272492259
random,4,4,3834,27.04,19170,99.48803392911239
random,4,4,3835,27.04,19175,99.48817444468631
random,4,4,3836,27.04,19180,99.48831488314883
random,4,4,3837,27.04,19185,99.48845524456343
random,4,4,3838,27.04,19190,99.48859552899346
random,4,4,3839,27.04,19195,99.48873573650226
random,4,4,3840,27.04,19200,99.4888758671531
random,4,4,3841,27.04,19205,99.48901592100911
random,4,4,3842,27.04,19210,99.48915589813345
random,4,4,3843,27.04,19215,99.48929579858914
random,4,4,3844,27.04,19220,99.48943562243915
random,4,4,3845,27.04,19225,99.48957536974639
random,4,4,3846,27.04,19230,99.48971504057369
random,4,4,3847,27.04,19235,99.48985463498381
random,4,4,3848,27.04,19240,99.48999415303948
random,4,4,3849,27.04,19245,99.49013359480328
random,4,4,3850,27.04,19250,99.4902729603378
random,4,4,3851,27.04,19255,99.49041224970554
random,4,4,3852,27.04,19260,99.4905514629689
random,4,4,3853,27.04,19265,99.49069060019023
random,4,4,3854,27.04,19270,99.49082966143186
random,4,4,3855,27.04,19275,99.49096864675596
random,4,4,3856,27.04,19280,99.4911075562247
random,4,4,3857,27.04,19285,99.49124638990018
random,4,4,3858,27.04,19290,99.4913851478444
random,4,4,3859,27.04,19295,99.4915238301193
random,4,4,3860,27.04,19300,99.4916624367868
random,4,4,3861,27.04,19305,99.49180096790866
random,4,4,3862,27.04,19310,99.49193942354665
random,4,4,3863,27.060000000000002,19315,99.49170212166464
random,4,4,3864,27.060000000000002,19320,99.49184052881635
random,4,4,3865,27.060000000000002,19325,99.49197886061334
random,4,4,3866,27.060000000000002,19330,99.49211711711712
random,4,4,3867,27.060000000000002,19335,99.49225529838914
random,4,4,3868,27.060000000000002,19340,99.4923934044908
random,4,4,3869,27.060000000000002,19345,99.49253143548343
random,4,4,3870,27.060000000000002,19350,99.49266939142825
random,4,4,3871,27.060000000000002,19355,99.49280727238649
random,4,4,3872,27.060000000000002,19360,99.49294507841925
random,4,4,3873,27.060000000000002,19365,99.49308280958759
random,4,4,3874,27.060000000000002,19370,99.4932204659525
random,4,4,3875,27.060000000000002,19375,99.49335804757492
random,4,4,3876,27.060000000000002,19380,99.49349555451568
random,4,4,3877,27.060000000000002,19385,99.49363298683558
random,4,4,3878,27.060000000000002,19390,99.49377034459536
random,4,4,3879,27.060000000000002,19395,99.49390762785565
random,4,4,3880,27.060000000000002,19400,99.49404483667708
random,4,4,3881,27.060000000000002,19405,99.49418197112014
random,4,4,3882,27.060000000000002,19410,99.49431903124533
random,4,4,3883,27.060000000000002,19415,99.49445601711302
random,4,4,3884,27.060000000000002,19420,99.49459292878356
random,4,4,3885,27.060000000000002,19425,99.49472976631718
random,4,4,3886,27.060000000000002,19430,99.49486652977413
random,4,4,3887,27.060000000000002,19435,99.49500321921451
random,4,4,3888,27.060000000000002,19440,99.4951398346984
random,4,4,3889,27.060000000000002,19445,99.49527637628583
random,4,4,3890,27.060000000000002,19450,99.49541284403671
random,4,4,3891,27.07,19455,99.49536281866058
random,4,4,3892,27.07,19460,99.49549918929496
random,4,4,3893,27.07,19465,99.49563548624502
random,4,4,3894,27.07,19470,99.49577170957046
random,4,4,3895,27.07,19475,99.49590785933093
random,4,4,3896,27.07,19480,99.49604393558596
random,4,4,3897,27.07,19485,99.49617993839512
random,4,4,3898,27.07,19490,99.49631586781781
random,4,4,3899,27.07,19495,99.49645172391342
random,4,4,3900,27.07,19500,99.49658750674129
random,4,4,3901,27.07,19505,99.49672321636068
random,4,4,3902,27.07,19510,99.49685885283075
random,4,4,3903,27.07,19515,99.49699441621064
random,4,4,3904,27.07,19520,99.49712990655942
random,4,4,3905,27.07,19525,99.49726532393608
random,4,4,3906,27.07,19530,99.49740066839955
random,4,4,3907,27.07,19535,99.49753594000872
random,4,4,3908,27.07,19540,99.4976711388224
random,4,4,3909,27.07,19545,99.49780626489931
random,4,4,3910,27.07,19550,99.49794131829816
random,4,4,3911,27.07,19555,99.49807629907755
random,4,4,3912,27.07,19560,99.49821120729605
random,4,4,3913,27.07,19565,99.49834604301215
random,4,4,3914,27.07,19570,99.49848080628428
random,4,4,3915,27.07,19575,99.49861549717079
random,4,4,3916,27.08,19580,99.49856494769003
random,4,4,3917,27.08,19585,99.4986995436833
random,4,4,3918,27.08,19590,99.49883406743902
random,4,4,3919,27.08,19595,99.49896851901534
random,4,4,3920,27.08,19600,99.4991028984703
random,4,4,3921,27.08,19605,99.49923720586196
random,4,4,3922,27.08,19610,99.49937144124824
random,4,4,3923,27.08,19615,99.49950560468706
random,4,4,3924,27.08,19620,99.49963969623622
random,4,4,3925,27.08,19625,99.4997737159535
random,4,4,3926,27.08,19630,99.49990766389658
random,4,4,3927,27.08,19635,99.50004154012314
random,4,4,3928,27.08,19640,99.50017534469075
random,4,4,3929,27.08,19645,99.50030907765691
random,4,4,3930,27.08,19650,99.50044273907909
random,4,4,3931,27.08,19655,99.5005763290147
random,4,4,3932,27.08,19660,99.50070984752107
random,4,4,3933,27.08,19665,99.50084329465545
random,4,4,3934,27.08,19670,99.50097667047507
random,4,4,3935,27.08,19675,99.50110997503707
random,4,4,3936,27.08,19680,99.50124320839856
random,4,4,3937,27.08,19685,99.50137637061655
random,4,4,3938,27.08,19690,99.50150946174803
random,4,4,3939,27.08,19695,99.50164248184988
random,4,4,3940,27.08,19700,99.50177451433134
random,4,4,3941,27.08,19705,99.5019064768712
random,4,4,3942,27.08,19710,99.50203836952505
random,4,4,3943,27.08,19715,99.5021711075406
random,4,4,3944,27.089999999999996,19720,99.50211998742894
random,4,4,3945,27.089999999999996,19725,99.50225263297149
random,4,4,3946,27.1,19730,99.50220060397211
random,4,4,3947,27.13,19735,99.50177674529644
random,4,4,3948,27.13,19740,99.50190846351704
random,4,4,3949,27.139999999999997,19745,99.50185748058088
random,4,4,3950,27.16,19750,99.50162302809885
random,4,4,3951,27.200000000000003,19755,99.50102088924682
random,4,4,3952,27.200000000000003,19760,99.50115266745773
random,4,4,3953,27.250000000000004,19765,99.5003676194213
random,4,4,3954,27.29,19770,99.49976628875712
random,4,4,3955,27.35,19775,99.4987941739175
random,4,4,3956,27.389999999999997,19780,99.4981889733485
random,4,4,3957,27.450000000000003,19785,99.49722235959317
random,4,4,3958,27.450000000000003,19790,99.49735493333772
random,4,4,3959,27.48,19795,99.49693824312821
random,4,4,3960,27.52,19800,99.49633967789165
random,4,4,3961,27.52,19805,99.49647330046017
random,4,4,3962,27.52,19810,99.49660685214656
random,4,4,3963,27.52,19815,99.49674033300721
random,4,4,3964,27.52,19820,99.49687374309846
random,4,4,3965,27.52,19825,99.49700708247659
random,4,4,3966,27.52,19830,99.49714035119777
random,4,4,3967,27.52,19835,99.49727354931815
random,4,4,3968,27.52,19840,99.49740667689385
random,4,4,3969,27.560000000000002,19845,99.49680849509954
random,4,4,3970,27.58,19850,99.49657569252786
random,4,4,3971,27.58,19855,99.496703388949
random,4,4,3972,27.61,19860,99.4962837011928
random,4,4,3973,27.650000000000002,19865,99.4956818326904
random,4,4,3974,27.689999999999998,19870,99.49508026929053
random,4,4,3975,27.750000000000004,19875,99.49410979731577
random,4,4,3976,27.750000000000004,19880,99.49423334888604
random,4,4,3977,27.750000000000004,19885,99.49436144683689
random,4,4,3978,27.79,19890,99.4937562050843
random,4,4,3979,27.839999999999996,19895,99.49296913558887
random,4,4,3980,27.860000000000003,19900,99.49273330444377
random,4,4,3981,27.860000000000003,19905,99.49286165462532
random,4,4,3982,27.860000000000003,19910,99.49298532642027
random,4,4,3983,27.91,19915,99.4921992267455
random,4,4,3984,27.93,19920,99.49195920394209
random,4,4,3985,27.93,19925,99.4920830052392
random,4,4,3986,27.93,19930,99.49221136224801
random,4,4,3987,27.93,19935,99.49233965439836
random,4,4,3988,27.93,19940,99.49247249302672
random,4,4,3989,27.93,19945,99.49260526215394
random,4,4,3990,27.93,19950,99.49273796183456
random,4,4,3991,27.93,19955,99.49287059212307
random,4,4,3992,27.93,19960,99.49300315307383
random,4,4,3993,27.93,19965,99.49313656458017
random,4,4,3994,27.93,19970,99.49326990589297
random,4,4,3995,27.93,19975,99.49340317706765
random,4,4,3996,27.939999999999998,19980,99.4933541262444
random,4,4,3997,27.96,19985,99.49312381484154
random,4,4,3998,27.96,19990,99.49325701982205
random,4,4,3999,28.000000000000004,19995,99.4926653910825
random,4,4,4000,28.000000000000004,20000,99.49279864649696
random,4,4,4001,28.01,20005,99.49275073615432
random,4,4,4002,28.01,20010,99.4928838991996
random,4,4,4003,28.01,20015,99.4930169923473
random,4,4,4004,28.03,20020,99.49278810920165
random,4,4,4005,28.04,20025,99.49274025189318
random,4,4,4006,28.04,20030,99.49287327800275
random,4,4,4007,28.04,20035,99.49300623435985
random,4,4,4008,28.04,20040,99.49313912101935
random,4,4,4009,28.050000000000004,20045,99.49309122189412
random,4,4,4010,28.060000000000002,20050,99.49304334786513
random,4,4,4011,28.060000000000002,20055,99.49317612039505
random,4,4,4012,28.060000000000002,20060,99.49330882339663
random,4,4,4013,28.1,20065,99.49271934923655
random,4,4,4014,28.1,20070,99.49285210231754
random,4,4,4015,28.1,20075,99.49298478593492
random,4,4,4016,28.1,20080,99.49311740014323
random,4,4,4017,28.1,20085,99.49324994499688
random,4,4,4018,28.12,20090,99.4930218386432
random,4,4,4019,28.15,20095,99.49261360768848
random,4,4,4020,28.189999999999998,20100,99.49202539332444
random,4,4,4021,28.21,20105,99.49179778560028
random,4,4,4022,28.21,20110,99.49193050200003
random,4,4,4023,28.21,20115,99.49206314910045
random,4,4,4024,28.21,20120,99.49219572695574
random,4,4,4025,28.21,20125,99.49232823562016
random,4,4,4026,28.21,20130,99.49246067514784
random,4,4,4027,28.21,20135,99.49259304559288
random,4,4,4028,28.21,20140,99.49272534700931
random,4,4,4029,28.23,20145,99.49249803147482
random,4,4,4030,28.27,20150,99.49191138014267
random,4,4,4031,28.32,20155,99.49114443987257
random,4,4,4032,28.33,20160,99.49109643300454
random,4,4,4033,28.37,20165,99.49050968785862
random,4,4,4034,28.37,20170,99.49064232570166
random,4,4,4035,28.37,20175,99.49077489450228
random,4,4,4036,28.37,20180,99.49090739431439
random,4,4,4037,28.37,20185,99.49103982519183
random,4,4,4038,28.4,20190,99.49063412464399
random,4,4,4039,28.439999999999998,20195,99.49004932750704
random,4,4,4040,28.449999999999996,20200,99.49000261720977
random,4,4,4041,28.449999999999996,20205,99.49013423179626
random,4,4,4042,28.49,20210,99.48954910469529
random,4,4,4043,28.549999999999997,20215,99.48860603498615
random,4,4,4044,28.59,20220,99.48802252056237
random,4,4,4045,28.59,20225,99.48815542601797
random,4,4,4046,28.62,20230,99.48775131418098
random,4,4,4047,28.660000000000004,20235,99.48716847571298
random,4,4,4048,28.660000000000004,20240,99.4873014992764
random,4,4,4049,28.689999999999998,20245,99.48689700561748
random,4,4,4050,28.689999999999998,20250,99.48702911364566
random,4,4,4051,28.7,20255,99.48698240188762
random,4,4,4052,28.7,20260,99.48711533650237
random,4,4,4053,28.7,20265,99.48724820224217
random,4,4,4054,28.720000000000002,20270,99.48702285713264
random,4,4,4055,28.76,20275,99.48644049334568
random,4,4,4056,28.77,20280,99.48639491000753
random,4,4,4057,28.77,20285,99.48652782512319
random,4,4,4058,28.77,20290,99.48666067146283
random,4,4,4059,28.77,20295,99.48679344907981
random,4,4,4060,28.77,20300,99.48692615802746
random,4,4,4061,28.77,20305,99.48705879835902
random,4,4,4062,28.77,20310,99.48719137012769
random,4,4,4063,28.77,20315,99.48732387338663
random,4,4,4064,28.77,20320,99.48745630818894
random,4,4,4065,28.77,20325,99.48758867458764
random,4,4,4066,28.77,20330,99.48772097263571
random,4,4,4067,28.77,20335,99.48785229069055
random,4,4,4068,28.77,20340,99.4879844526666
random,4,4,4069,28.77,20345,99.48811654645027
random,4,4,4070,28.77,20350,99.48824857209434
random,4,4,4071,28.78,20355,99.48820269876158
random,4,4,4072,28.78,20360,99.48833463412726
random,4,4,4073,28.78,20365,99.48846650148768
random,4,4,4074,28.810000000000002,20370,99.4880652205975
random,4,4,4075,28.83,20375,99.48784179409925
random,4,4,4076,28.849999999999998,20380,99.48761757267484
random,4,4,4077,28.88,20385,99.4872159090909
random,4,4,4078,28.88,20390,99.48734698514585
random,4,4,4079,28.89,20395,99.48729597876067
random,4,4,4080,28.9,20400,99.48724044874446
random,4,4,4081,28.9,20405,99.48736232840385
random,4,4,4082,28.9,20410,99.48748415013699
random,4,4,4083,28.9,20415,99.48761045629264
random,4,4,4084,28.9,20420,99.48773670020898
random,4,4,4085,28.9,20425,99.48786288193202
random,4,4,4086,28.9,20430,99.48798900150769
random,4,4,4087,28.9,20435,99.48811505898189
random,4,4,4088,28.9,20440,99.4882410544005
random,4,4,4089,28.9,20445,99.48837151663324
random,4,4,4090,28.9,20450,99.48850191236569
random,4,4,4091,28.9,20455,99.48863224164869
random,4,4,4092,28.9,20460,99.48876250453303
random,4,4,4093,28.9,20465,99.48888818146769
random,4,4,4094,28.9,20470,99.48901379662749
random,4,4,4095,28.9,20475,99.48914386521884
random,4,4,4096,28.9,20480,99.48927386761059
random,4,4,4097,28.93,20485,99.48887377319988
random,4,4,4098,28.93,20490,99.48900377815734
random,4,4,4099,28.93,20495,99.48912920634024
random,4,4,4100,28.939999999999998,20500,99.48907802770701
random,4,4,4101,28.95,20505,99.48902236475861
random,4,4,4102,28.95,20510,99.48914318989934
random,4,4,4103,28.95,20515,99.48926395791324
random,4,4,4104,28.96,20520,99.48920738956049
random,4,4,4105,28.96,20525,99.48932718503954
random,4,4,4106,28.99,20530,99.48891803648621
random,4,4,4107,29.03,20535,99.48832831590747
random,4,4,4108,29.07,20540,99.48774337476145
random,4,4,4109,29.110000000000003,20545,99.48716322514609
random,4,4,4110,29.110000000000003,20550,99.48729238952393
random,4,4,4111,29.17,20555,99.48636679784826
random,4,4,4112,29.21,20560,99.48579284898223
random,4,4,4113,29.220000000000002,20565,99.48574626629262
random,4,4,4114,29.220000000000002,20570,99.48587746570317
random,4,4,4115,29.270000000000003,20575,99.48512907833356
random,4,4,4116,29.270000000000003,20580,99.48526036821382
random,4,4,4117,29.270000000000003,20585,99.48539159115442
random,4,4,4118,29.270000000000003,20590,99.48552274720657
random,4,4,4119,29.299999999999997,20595,99.48512666235555
random,4,4,4120,29.32,20600,99.48490645922381
random,4,4,4121,29.32,20605,99.48503763862007
random,4,4,4122,29.349999999999998,20610,99.48464197981764
random,4,4,4123,29.4,20615,99.48389543089465
random,4,4,4124,29.4,20620,99.48402676742771
random,4,4,4125,29.439999999999998,20625,99.48345621133379
random,4,4,4126,29.439999999999998,20630,99.48358759277093
random,4,4,4127,29.49,20635,99.4828420712973
random,4,4,4128,29.49,20640,99.48297354206078
random,4,4,4129,29.49,20645,99.48310494599683
random,4,4,4130,29.49,20650,99.48323628315637
random,4,4,4131,29.49,20655,99.48336755359033
random,4,4,4132,29.54,20660,99.48262303465935
random,4,4,4133,29.59,20665,99.4818788937878
random,4,4,4134,29.64,20670,99.48113513068778
random,4,4,4135,29.69,20675,99.48039174507169
random,4,4,4136,29.74,20680,99.47964873665221
random,4,4,4137,29.74,20685,99.4797807172519
random,4,4,4138,29.74,20690,99.4799126309181
random,4,4,4139,29.759999999999998,20695,99.47969481023546
random,4,4,4140,29.759999999999998,20700,99.4798266788087
random,4,4,4141,29.759999999999998,20705,99.4799584805561
random,4,4,4142,29.759999999999998,20710,99.48009021552846
random,4,4,4143,29.759999999999998,20715,99.4802218837765
random,4,4,4144,29.759999999999998,20720,99.48035348535089
random,4,4,4145,29.81,20725,99.47961217927457
random,4,4,4146,29.81,20730,99.47974386853454
random,4,4,4147,29.81,20735,99.47987549116085
random,4,4,4148,29.849999999999998,20740,99.47930930422815
random,4,4,4149,29.849999999999998,20745,99.47944097017555
random,4,4,4150,29.849999999999998,20750,99.4795725695516
random,4,4,4151,29.849999999999998,20755,99.47970410240679
random,4,4,4152,29.849999999999998,20760,99.47983556879153
random,4,4,4153,29.87,20765,99.4796185379145
random,4,4,4154,29.87,20770,99.47974995950514
random,4,4,4155,29.9,20775,99.4793589323898
random,4,4,4156,29.9,20780,99.47948944704022
random,4,4,4157,29.9,20785,99.4796153678806
random,4,4,4158,29.93,20790,99.47922375978521
random,4,4,4159,29.959999999999997,20795,99.4788332544741
random,4,4,4160,29.98,20800,99.47861685643181
random,4,4,4161,30.009999999999998,20805,99.47822670102269
random,4,4,4162,30.049999999999997,20810,99.47766291962962
random,4,4,4163,30.11,20815,99.47675186464713
random,4,4,4164,30.15,20820,99.47618873883968
random,4,4,4165,30.2,20825,99.47545220535872
random,4,4,4166,30.25,20830,99.4747151306353
random,4,4,4167,30.25,20835,99.47484735852562
random,4,4,4168,30.25,20840,99.47497951986226
random,4,4,4169,30.25,20845,99.47510979314987
random,4,4,4170,30.25,20850,99.47524091212671
random,4,4,4171,30.28,20855,99.47485167334665
random,4,4,4172,30.28,20860,99.47498279129525
random,4,4,4173,30.31,20865,99.47459381126633
random,4,4,4174,30.349999999999998,20870,99.4740317244654
random,4,4,4175,30.36,20875,99.47399060251986
random,4,4,4176,30.36,20880,99.47412271509263
random,4,4,4177,30.36,20885,99.47425476131929
random,4,4,4178,30.36,20890,99.47438583127023
random,4,4,4179,30.36,20895,99.4745122882082
random,4,4,4180,30.36,20900,99.47464322980207
random,4,4,4181,30.36,20905,99.47476956293077
random,4,4,4182,30.36,20910,99.47489129419579
random,4,4,4183,30.36,20915,99.4750129690472
random,4,4,4184,30.36,20920,99.47513912443662
random,4,4,4185,30.36,20925,99.47526068447715
random,4,4,4186,30.39,20930,99.47486379117585
random,4,4,4187,30.42,20935,99.47446708163382
random,4,4,4188,30.42,20940,99.47458871281142
random,4,4,4189,30.43,20945,99.47453760863671
random,4,4,4190,30.44,20950,99.47448652810651
random,4,4,4191,30.44,20955,99.47461260446477
random,4,4,4192,30.44,20960,99.47473862034335
random,4,4,4193,30.44,20965,99.47486910543158
random,4,4,4194,30.44,20970,99.47499952570588
random,4,4,4195,30.44,20975,99.47512988121451
random,4,4,4196,30.44,20980,99.47526017200572
random,4,4,4197,30.44,20985,99.47539130224975
random,4,4,4198,30.44,20990,99.47552236697238
random,4,4,4199,30.44,20995,99.4756533662227
random,4,4,4200,30.45,21000,99.47561118420599
random,4,4,4201,30.45,21005,99.47574119348506
random,4,4,4202,30.459999999999997,21010,99.47569991307566
random,4,4,4203,30.459999999999997,21015,99.47583073772608
random,4,4,4204,30.459999999999997,21020,99.4759614971054
random,4,4,4205,30.459999999999997,21025,99.4760912901467
random,4,4,4206,30.459999999999997,21030,99.47622101891004
random,4,4,4207,30.459999999999997,21035,99.47635158366684
random,4,4,4208,30.459999999999997,21040,99.47648118357189
random,4,4,4209,30.459999999999997,21045,99.47660622264684
random,4,4,4210,30.459999999999997,21050,99.47673120200649
random,4,4,4211,30.459999999999997,21055,99.47685612169363
random,4,4,4212,30.459999999999997,21060,99.47698547200945
random,4,4,4213,30.459999999999997,21065,99.47711475837586
random,4,4,4214,30.459999999999997,21070,99.47724398084029
random,4,4,4215,30.459999999999997,21075,99.47736865584571
random,4,4,4216,30.459999999999997,21080,99.47749327139644
random,4,4,4217,30.459999999999997,21085,99.477617827535
random,4,4,4218,30.459999999999997,21090,99.47774232430385
random,4,4,4219,30.459999999999997,21095,99.47786676174543
random,4,4,4220,30.459999999999997,21100,99.47799113990214
random,4,4,4221,30.459999999999997,21105,99.47811545881635
random,4,4,4222,30.459999999999997,21110,99.47823971853038
random,4,4,4223,30.459999999999997,21115,99.47835945246581
random,4,4,4224,30.459999999999997,21120,99.47847913146059
random,4,4,4225,30.459999999999997,21125,99.47859786303866
random,4,4,4226,30.459999999999997,21130,99.47871654056718
random,4,4,4227,30.459999999999997,21135,99.4788351640831
random,4,4,4228,30.459999999999997,21140,99.4789581900725
random,4,4,4229,30.459999999999997,21145,99.47908115799267
random,4,4,4230,30.490000000000002,21150,99.47869202821116
random,4,4,4231,30.53,21155,99.478136607529
random,4,4,4232,30.570000000000004,21160,99.47758146020853
random,4,4,4233,30.570000000000004,21165,99.47770998809172
random,4,4,4234,30.599999999999998,21170,99.47732602728495
random,4,4,4235,30.599999999999998,21175,99.47745366243507
random,4,4,4236,30.599999999999998,21180,99.47758212716266
random,4,4,4237,30.61,21185,99.47753895415622
random,4,4,4238,30.65,21190,99.4769847702743
random,4,4,4239,30.680000000000003,21195,99.4766014579413
random,4,4,4240,30.72,21200,99.47604777652892
random,4,4,4241,30.72,21205,99.47617642896239
random,4,4,4242,30.72,21210,99.47630501823215
random,4,4,4243,30.72,21215,99.4764335443847
random,4,4,4244,30.72,21220,99.47655754799926
random,4,4,4245,30.72,21225,99.47667703545717
random,4,4,4246,30.72,21230,99.47679646837616
random,4,4,4247,30.72,21235,99.47691584679356
random,4,4,4248,30.73,21240,99.47686493479964
random,4,4,4249,30.73,21245,99.47698424315041
random,4,4,4250,30.73,21250,99.4771034970937
random,4,4,4251,30.73,21255,99.47722269666667
random,4,4,4252,30.73,21260,99.47734628657344
random,4,4,4253,30.73,21265,99.47746981805815
random,4,4,4254,30.73,21270,99.47759329116226
random,4,4,4255,30.769999999999996,21275,99.47703687085513
random,4,4,4256,30.81,21280,99.47648071338637
random,4,4,4257,30.81,21285,99.47660877822719
random,4,4,4258,30.86,21290,99.47588849298411
random,4,4,4259,30.86,21295,99.47601752947189
random,4,4,4260,30.86,21300,99.47614650243763
random,4,4,4261,30.86,21305,99.47627452311451
random,4,4,4262,30.869999999999997,21310,99.4762319238933
random,4,4,4263,30.869999999999997,21315,99.47635897314113
random,4,4,4264,30.869999999999997,21320,99.47648152168014
random,4,4,4265,30.869999999999997,21325,99.47659957578624
random,4,4,4266,30.869999999999997,21330,99.47672201174706
random,4,4,4267,30.869999999999997,21335,99.4768488233759
random,4,4,4268,30.869999999999997,21340,99.47697114276806
random,4,4,4269,30.880000000000003,21345,99.47692844523417
random,4,4,4270,30.880000000000003,21350,99.47705688699823
random,4,4,4271,30.89,21355,99.47701596040966
random,4,4,4272,30.919999999999998,21360,99.4766365264373
random,4,4,4273,30.959999999999997,21365,99.47608805646607
random,4,4,4274,30.959999999999997,21370,99.47621657835435
random,4,4,4275,30.959999999999997,21375,99.47634503720217
random,4,4,4276,30.990000000000002,21380,99.47596613987088
random,4,4,4277,30.990000000000002,21385,99.47609459713044
random,4,4,4278,30.990000000000002,21390,99.47622210616517
random,4,4,4279,30.990000000000002,21395,99.47634955314824
random,4,4,4280,30.990000000000002,21400,99.47647693812495
random,4,4,4281,30.990000000000002,21405,99.4766051451116
random,4,4,4282,30.990000000000002,21410,99.47673328931972
random,4,4,4283,30.990000000000002,21415,99.47686137079539
random,4,4,4284,30.990000000000002,21420,99.47698938958467
random,4,4,4285,30.990000000000002,21425,99.47711734573359
random,4,4,4286,30.990000000000002,21430,99.47724435747783
random,4,4,4287,30.990000000000002,21435,99.47737218891503
random,4,4,4288,30.990000000000002,21440,99.4774999578493
random,4,4,4289,30.990000000000002,21445,99.47762766432648
random,4,4,4290,30.990000000000002,21450,99.47775530839232
random,4,4,4291,30.990000000000002,21455,99.47788289009259
random,4,4,4292,30.990000000000002,21460,99.47800953024226
random,4,4,4293,30.990000000000002,21465,99.4781361089734
random,4,4,4294,30.990000000000002,21470,99.47825823439489
random,4,4,4295,30.990000000000002,21475,99.47838030267071
random,4,4,4296,30.990000000000002,21480,99.4784970483505
random,4,4,4297,30.990000000000002,21485,99.47861812773604
random,4,4,4298,30.990000000000002,21490,99.47873476699495
random,4,4,4299,30.990000000000002,21495,99.47884697204877
random,4,4,4300,30.990000000000002,21500,99.47895912880756
random,4,4,4301,30.990000000000002,21505,99.47907123730246
random,4,4,4302,30.990000000000002,21510,99.47918767394023
random,4,4,4303,30.990000000000002,21515,99.47930405853839
random,4,4,4304,30.990000000000002,21520,99.47942039113184
random,4,4,4305,30.990000000000002,21525,99.47953667175543
random,4,4,4306,30.990000000000002,21530,99.4796485318835
random,4,4,4307,30.990000000000002,21535,99.47976034393902
random,4,4,4308,30.990000000000002,21540,99.47987647276022
random,4,4,4309,30.990000000000002,21545,99.4799969125341
random,4,4,4310,30.990000000000002,21550,99.48011816868731
random,4,4,4311,30.990000000000002,21555,99.48023849656596
random,4,4,4312,30.990000000000002,21560,99.48035876875714
random,4,4,4313,30.990000000000002,21565,99.48047550154483
random,4,4,4314,30.990000000000002,21570,99.48059131134353
random,4,4,4315,30.990000000000002,21575,99.48070706952224
random,4,4,4316,30.990000000000002,21580,99.4808227761155
random,4,4,4317,30.990000000000002,21585,99.48093843115777
random,4,4,4318,30.990000000000002,21590,99.48105403468347
random,4,4,4319,30.990000000000002,21595,99.48116524359618
random,4,4,4320,30.990000000000002,21600,99.48127640485548
random,4,4,4321,30.990000000000002,21605,99.48139185790237
random,4,4,4322,31.0,21610,99.48133994987401
random,4,4,4323,31.009999999999998,21615,99.48128893260268
random,4,4,4324,31.009999999999998,21620,99.48140950922041
random,4,4,4325,31.009999999999998,21625,99.48153002979406
random,4,4,4326,31.009999999999998,21630,99.48165049436267
random,4,4,4327,31.019999999999996,21635,99.4816037861975
random,4,4,4328,31.019999999999996,21640,99.48172417768406
random,4,4,4329,31.019999999999996,21645,99.48183932007697
random,4,4,4330,31.019999999999996,21650,99.48195008550663
random,4,4,4331,31.019999999999996,21655,99.48206512755524
random,4,4,4332,31.03,21660,99.48201318754695
random,4,4,4333,31.03,21665,99.48213248596434
random,4,4,4334,31.04,21670,99.4820848753433
random,4,4,4335,31.04,21675,99.48220496609477
random,4,4,4336,31.04,21680,99.48232931793885
random,4,4,4337,31.04,21685,99.48245361006947
random,4,4,4338,31.04,21690,99.4825726673679
random,4,4,4339,31.04,21695,99.48269166990262
random,4,4,4340,31.05,21700,99.48264485943936
random,4,4,4341,31.05,21705,99.48276379046686
random,4,4,4342,31.05,21710,99.48288266682654
random,4,4,4343,31.05,21715,99.48299718437436
random,4,4,4344,31.05,21720,99.48311595348875
random,4,4,4345,31.05,21725,99.48323896827537
random,4,4,4346,31.05,21730,99.48336278415046
random,4,4,4347,31.05,21735,99.48348654070725
random,4,4,4348,31.05,21740,99.48361109679007
random,4,4,4349,31.05,21745,99.48373559281453
random,4,4,4350,31.05,21750,99.48386002882404
random,4,4,4351,31.05,21755,99.48398354730152
random,4,4,4352,31.05,21760,99.48410700667421
random,4,4,4353,31.05,21765,99.48423040698457
random,4,4,4354,31.05,21770,99.48434946657987
random,4,4,4355,31.05,21775,99.48446847122072
random,4,4,4356,31.05,21780,99.48459169868948
random,4,4,4357,31.05,21785,99.48471486726221
random,4,4,4358,31.05,21790,99.48483370332394
random,4,4,4359,31.05,21795,99.48494821282836
random,4,4,4360,31.05,21800,99.48506267143847
random,4,4,4361,31.05,21805,99.48518134715026
random,4,4,4362,31.05,21810,99.48529996817314
random,4,4,4363,31.05,21815,99.4854185345449
random,4,4,4364,31.05,21820,99.48553704630332
random,4,4,4365,31.05,21825,99.48565124338221
random,4,4,4366,31.05,21830,99.48576453812382
random,4,4,4367,31.05,21835,99.48588203931801
random,4,4,4368,31.05,21840,99.48599523241954
random,4,4,4369,31.069999999999997,21845,99.48577736659092
random,4,4,4370,31.1,21850,99.48539838603725
random,4,4,4371,31.169999999999998,21855,99.48434933223487
random,4,4,4372,31.169999999999998,21860,99.4844584994881
random,4,4,4373,31.169999999999998,21865,99.48457188213116
random,4,4,4374,31.209999999999997,21870,99.48402818419582
random,4,4,4375,31.269999999999996,21875,99.48314989314244
random,4,4,4376,31.330000000000002,21880,99.48226771039381
random,4,4,4377,31.35,21885,99.48205104481951
random,4,4,4378,31.35,21890,99.48216910853802
random,4,4,4379,31.35,21895,99.48228711844477
random,4,4,4380,31.35,21900,99.48240507457659
random,4,4,4381,31.4,21905,99.48169765476442
random,4,4,4382,31.44,21910,99.48115558401352
random,4,4,4383,31.44,21915,99.48126515863981
random,4,4,4384,31.44,21920,99.48137468699379
random,4,4,4385,31.46,21925,99.48115432442862
random,4,4,4386,31.46,21930,99.4812638299416
random,4,4,4387,31.480000000000004,21935,99.48104358376662
random,4,4,4388,31.480000000000004,21940,99.48115306643813
random,4,4,4389,31.480000000000004,21945,99.4812625029249
random,4,4,4390,31.490000000000002,21950,99.48121141829121
random,4,4,4391,31.52,21955,99.48082665836516
random,4,4,4392,31.52,21960,99.48093609355007
random,4,4,4393,31.52,21965,99.48104548260959
random,4,4,4394,31.540000000000003,21970,99.48082133603732
random,4,4,4395,31.540000000000003,21975,99.48093070408443
random,4,4,4396,31.540000000000003,21980,99.48104429551844
random,4,4,4397,31.55,21985,99.48099760321239
random,4,4,4398,31.56,21990,99.48095093210095
random,4,4,4399,31.56,21995,99.48106870906798
random,4,4,4400,31.6,22000,99.48052460439318
random,4,4,4401,31.61,22005,99.48047465649859
random,4,4,4402,31.65,22010,99.47993177493616
random,4,4,4403,31.65,22015,99.48005053284554
random,4,4,4404,31.65,22020,99.48016923653039
random,4,4,4405,31.669999999999998,22025,99.47995862001018
random,4,4,4406,31.71,22030,99.47941976070712
random,4,4,4407,31.75,22035,99.47887772419747
random,4,4,4408,31.790000000000003,22040,99.47833250190354
random,4,4,4409,31.840000000000003,22045,99.47762602026168
random,4,4,4410,31.89,22050,99.47692070485304
random,4,4,4411,31.89,22055,99.47703564980247
random,4,4,4412,31.89,22060,99.47715483037453
random,4,4,4413,31.95,22065,99.47629475671883
random,4,4,4414,32.01,22070,99.47543422935044
random,4,4,4415,32.01,22075,99.47555283219492
random,4,4,4416,32.01,22080,99.47567567567567
random,4,4,4417,32.019999999999996,22085,99.47563040623086
random,4,4,4418,32.019999999999996,22090,99.47574545002063
random,4,4,4419,32.019999999999996,22095,99.47585701143555
random,4,4,4420,32.019999999999996,22100,99.47596595251616
random,4,4,4421,32.019999999999996,22105,99.47607742011489
random,4,4,4422,32.07,22110,99.47537347127069
random,4,4,4423,32.07,22115,99.4754884483159
random,4,4,4424,32.09,22120,99.47527634246845
random,4,4,4425,32.12,22125,99.47490084911736
random,4,4,4426,32.12,22130,99.47501585412894
random,4,4,4427,32.12,22135,99.47513080877572
random,4,4,4428,32.12,22140,99.47524999959157
random,4,4,4429,32.12,22145,99.47537342077109
random,4,4,4430,32.12,22150,99.475492501437
random,4,4,4431,32.17,22155,99.47479523217903
random,4,4,4432,32.190000000000005,22160,99.47458365773998
random,4,4,4433,32.190000000000005,22165,99.47469855138212
random,4,4,4434,32.190000000000005,22170,99.47481339478729
random,4,4,4435,32.190000000000005,22175,99.47492818798843
random,4,4,4436,32.190000000000005,22180,99.47504293101845
random,4,4,4437,32.2,22185,99.47499457874837
random,4,4,4438,32.2,22190,99.47510925714919
random,4,4,4439,32.22,22195,99.47489793756468
random,4,4,4440,32.22,22200,99.47501258698873
random,4,4,4441,32.22,22205,99.47512718635917
random,4,4,4442,32.22,22210,99.47524600897066
random,4,4,4443,32.22,22215,99.47536477779533
random,4,4,4444,32.22,22220,99.4754834928697
random,4,4,4445,32.22,22225,99.47560215423026
random,4,4,4446,32.22,22230,99.4757164963803
random,4,4,4447,32.22,22235,99.47583078867781
random,4,4,4448,32.22,22240,99.47594929297068
random,4,4,4449,32.22,22245,99.47606348380383
random,4,4,4450,32.22,22250,99.47617762488335
random,4,4,4451,32.22,22255,99.47629171624179
random,4,4,4452,32.22,22260,99.4764057579116
random,4,4,4453,32.22,22265,99.47651974992526
random,4,4,4454,32.24,22270,99.47630882185729
random,4,4,4455,32.24,22275,99.47642703676216
random,4,4,4456,32.24,22280,99.47654519830884
random,4,4,4457,32.24,22285,99.47665905896027
random,4,4,4458,32.24,22290,99.476777115815
random,4,4,4459,32.24,22295,99.47689511941849
random,4,4,4460,32.24,22300,99.4770088279093
random,4,4,4461,32.24,22305,99.47712248697673
random,4,4,4462,32.24,22310,99.47723609665296
random,4,4,4463,32.24,22315,99.47735389334063
random,4,4,4464,32.25,22320,99.4773095623987
random,4,4,4465,32.26,22325,99.47726101624606
random,4,4,4466,32.26,22330,99.47737449535697
random,4,4,4467,32.26,22335,99.47749215671348
random,4,4,4468,32.26,22340,99.47761399463364
random,4,4,4469,32.26,22345,99.47773577574694
random,4,4,4470,32.26,22350,99.47785750009307
random,4,4,4471,32.26,22355,99.47797916771174
random,4,4,4472,32.26,22360,99.47810077864257
random,4,4,4473,32.26,22365,99.4782231768542
random,4,4,4474,32.26,22370,99.4783455176685
random,4,4,4475,32.26,22375,99.47846695798798
random,4,4,4476,32.26,22380,99.47858412801034
random,4,4,4477,32.26,22385,99.47870040301339
random,4,4,4478,32.26,22390,99.47881746817733
random,4,4,4479,32.26,22395,99.47893448077582
random,4,4,4480,32.26,22400,99.47904723455794
random,4,4,4481,32.26,22405,99.47915993955284
random,4,4,4482,32.26,22410,99.47927259579221
random,4,4,4483,32.26,22415,99.47938520330766
random,4,4,4484,32.26,22420,99.47949776213079
random,4,4,4485,32.26,22425,99.4796102722932
random,4,4,4486,32.26,22430,99.4797227338264
random,4,4,4487,32.26,22435,99.47983514676196
random,4,4,4488,32.29,22440,99.47946389133385
random,4,4,4489,32.29,22445,99.47957631161597
random,4,4,4490,32.29,22450,99.47968868334972
random,4,4,4491,32.29,22455,99.47980100656653
random,4,4,4492,32.29,22460,99.47991328129781
random,4,4,4493,32.29,22465,99.48002467024482
random,4,4,4494,32.300000000000004,22470,99.47997919916797
random,4,4,4495,32.300000000000004,22475,99.4800905254144
random,4,4,4496,32.31,22480,99.48004505954296
random,4,4,4497,32.31,22485,99.48016134144439
random,4,4,4498,32.31,22490,99.48027757134722
random,4,4,4499,32.32,22495,99.48023293026726
random,4,4,4500,32.32,22500,99.48034909221874
random,4,4,4501,32.34,22505,99.48014287229904
random,4,4,4502,32.35,22510,99.4800941134118
random,4,4,4503,32.39,22515,99.47956334094948
random,4,4,4504,32.39,22520,99.479675371408
random,4,4,4505,32.39,22525,99.47978401158963
random,4,4,4506,32.45,22530,99.4789266370455
random,4,4,4507,32.519999999999996,22535,99.47791158211092
random,4,4,4508,32.56,22540,99.47737848166892
random,4,4,4509,32.61,22545,99.47668260743974
random,4,4,4510,32.61,22550,99.47679175959054
random,4,4,4511,32.67,22555,99.47593840230992
random,4,4,4512,32.71,22560,99.47540952057146
random,4,4,4513,32.72,22565,99.47536525609615
random,4,4,4514,32.72,22570,99.47547795308157
random,4,4,4515,32.72,22575,99.47558723971689
random,4,4,4516,32.72,22580,99.47569648082094
random,4,4,4517,32.72,22585,99.47580819578373
random,4,4,4518,32.72,22590,99.47591986314973
random,4,4,4519,32.74,22595,99.47571120879472
random,4,4,4520,32.75,22600,99.47566358575662
random,4,4,4521,32.76,22605,99.475615983148
random,4,4,4522,32.76,22610,99.47572843501096
random,4,4,4523,32.76,22615,99.47584083865466
random,4,4,4524,32.76,22620,99.47595738554563
random,4,4,4525,32.76,22625,99.47607807012494
random,4,4,4526,32.76,22630,99.47619869913083
random,4,4,4527,32.76,22635,99.47631927260171
random,4,4,4528,32.76,22640,99.47643979057592
random,4,4,4529,32.769999999999996,22645,99.47639628987545
random,4,4,4530,32.78,22650,99.47635280849337
random,4,4,4531,32.79,22655,99.47630934641681
random,4,4,4532,32.800000000000004,22660,99.47626590363292
random,4,4,4533,32.83,22665,99.47590738423028
random,4,4,4534,32.83,22670,99.47602783452503
random,4,4,4535,32.89,22675,99.47518665260357
random,4,4,4536,32.95,22680,99.47434584374271
random,4,4,4537,32.95,22685,99.4744623805977
random,4,4,4538,33.01,22690,99.4736221050013
random,4,4,4539,33.01,22695,99.47373791159562
random,4,4,4540,33.01,22700,99.47385786033405
random,4,4,4541,33.01,22705,99.47397859263378
random,4,4,4542,33.019999999999996,22710,99.47393911586084
random,4,4,4543,33.019999999999996,22715,99.4740589366179
random,4,4,4544,33.019999999999996,22720,99.474179540138
random,4,4,4545,33.019999999999996,22725,99.47430008835961
random,4,4,4546,33.019999999999996,22730,99.47442058132077
random,4,4,4547,33.03,22735,99.47437770330268
random,4,4,4548,33.050000000000004,22740,99.47417490804027
random,4,4,4549,33.050000000000004,22745,99.47429451277998
random,4,4,4550,33.050000000000004,22750,99.47441489894612
random,4,4,4551,33.1,22755,99.47374027572194
random,4,4,4552,33.15,22760,99.47306512374624
random,4,4,4553,33.17,22765,99.4728628458096
random,4,4,4554,33.17,22770,99.47298261335163
random,4,4,4555,33.17,22775,99.47309814162651
random,4,4,4556,33.17,22780,99.47321445587198
random,4,4,4557,33.17,22785,99.47333071877576
random,4,4,4558,33.17,22790,99.47344693037181
random,4,4,4559,33.22,22795,99.47276871020372
random,4,4,4560,33.22,22800,99.47288834023297
random,4,4,4561,33.23,22805,99.47284927899489
random,4,4,4562,33.23,22810,99.47296883648711
random,4,4,4563,33.23,22815,99.47308833976051
random,4,4,4564,33.23,22820,99.47320361322397
random,4,4,4565,33.23,22825,99.47331883626129
random,4,4,4566,33.23,22830,99.47343067127686
random,4,4,4567,33.23,22835,99.47354245880862
random,4,4,4568,33.25,22840,99.47334074616133
random,4,4,4569,33.25,22845,99.4734566737981
random,4,4,4570,33.25,22850,99.47356838307122
random,4,4,4571,33.269999999999996,22855,99.47336346152325
random,4,4,4572,33.269999999999996,22860,99.47347514318406
random,4,4,4573,33.269999999999996,22865,99.47358677748717
random,4,4,4574,33.269999999999996,22870,99.47369836446269
random,4,4,4575,33.269999999999996,22875,99.47381406515406
random,4,4,4576,33.28,22880,99.47377159346958
random,4,4,4577,33.32,22885,99.47325404742294
random,4,4,4578,33.36,22890,99.47273172697746
random,4,4,4579,33.36,22895,99.47284170871345
random,4,4,4580,33.36,22900,99.47294748117557
random,4,4,4581,33.36,22905,99.47305404355203
random,4,4,4582,33.39,22910,99.47268178975496
random,4,4,4583,33.39,22915,99.47278503397924
random,4,4,4584,33.4,22920,99.47273037262492
random,4,4,4585,33.410000000000004,22925,99.47267573266664
random,4,4,4586,33.43,22930,99.4724608132909
random,4,4,4587,33.48,22935,99.47177265397953
random,4,4,4588,33.550000000000004,22940,99.47077594814708
random,4,4,4589,33.589999999999996,22945,99.47025027086787
random,4,4,4590,33.64,22950,99.46957046876157
random,4,4,4591,33.68,22955,99.46904608011603
random,4,4,4592,33.7,22960,99.46883964316112
random,4,4,4593,33.7,22965,99.46895180225467
random,4,4,4594,33.75,22970,99.46827952584712
random,4,4,4595,33.79,22975,99.46776086254559
random,4,4,4596,33.79,22980,99.46786982574666
random,4,4,4597,33.85,22985,99.46703572671292
random,4,4,4598,33.92,22990,99.46604203659626
random,4,4,4599,33.92,22995,99.46614624319305
random,4,4,4600,33.989999999999995,23000,99.46514723793159
random,4,4,4601,33.989999999999995,23005,99.46525073746312
random,4,4,4602,34.03,23010,99.46472501683057
random,4,4,4603,34.089999999999996,23015,99.46388412725872
random,4,4,4604,34.089999999999996,23020,99.46398696838953
random,4,4,4605,34.089999999999996,23025,99.46408977007266
random,4,4,4606,34.089999999999996,23030,99.46419000586263
random,4,4,4607,34.089999999999996,23035,99.46429272968705
random,4,4,4608,34.11,23040,99.46408118439473
random,4,4,4609,34.13,23045,99.46386972018492
random,4,4,4610,34.13,23050,99.46396992074985
random,4,4,4611,34.13,23055,99.4640726085045
random,4,4,4612,34.13,23060,99.46417946298631
random,4,4,4613,34.13,23065,99.46428711573627
random,4,4,4614,34.13,23070,99.46439808733778
random,4,4,4615,34.13,23075,99.46450481208245
random,4,4,4616,34.13,23080,99.46460729501973
random,4,4,4617,34.13,23085,99.46470722010054
random,4,4,4618,34.13,23090,99.46480710788849
random,4,4,4619,34.17,23095,99.4642773152721
random,4,4,4620,34.21,23100,99.46375023708792
random,4,4,4621,34.260000000000005,23105,99.46306915688066
random,4,4,4622,34.260000000000005,23110,99.4631760049389
random,4,4,4623,34.260000000000005,23115,99.46329121856078
random,4,4,4624,34.300000000000004,23120,99.46277988698017
random,4,4,4625,34.300000000000004,23125,99.46289513614747
random,4,4,4626,34.33,23130,99.4625406656167
random,4,4,4627,34.38,23135,99.46187414303692
random,4,4,4628,34.4,23140,99.46167316362475
random,4,4,4629,34.449999999999996,23145,99.4610037377709
random,4,4,4630,34.449999999999996,23150,99.46111671633152
random,4,4,4631,34.449999999999996,23155,99.4612330178927
random,4,4,4632,34.449999999999996,23160,99.46134505813407
random,4,4,4633,34.449999999999996,23165,99.46145789366724
random,4,4,4634,34.449999999999996,23170,99.46157068193753
random,4,4,4635,34.510000000000005,23175,99.46074586144715
random,4,4,4636,34.54,23180,99.4603900689276
random,4,4,4637,34.58,23185,99.45988160504818
random,4,4,4638,34.58,23190,99.45999884441626
random,4,4,4639,34.62,23195,99.45948730919292
random,4,4,4640,34.63,23200,99.45944427187315
random,4,4,4641,34.63,23205,99.45955731454762
random,4,4,4642,34.64,23210,99.4595142805876
random,4,4,4643,34.660000000000004,23215,99.45931526786981
random,4,4,4644,34.660000000000004,23220,99.45942826663007
random,4,4,4645,34.660000000000004,23225,99.45954543186468
random,4,4,4646,34.660000000000004,23230,99.45966254632076
random,4,4,4647,34.69,23235,99.45931623531979
random,4,4,4648,34.69,23240,99.45943755950628
random,4,4,4649,34.69,23245,99.45955882925705
random,4,4,4650,34.69,23250,99.45967499505468
random,4,4,4651,34.69,23255,99.45979111092424
random,4,4,4652,34.69,23260,99.45991138125056
random,4,4,4653,34.699999999999996,23265,99.45987257973884
random,4,4,4654,34.699999999999996,23270,99.45998857727999
random,4,4,4655,34.699999999999996,23275,99.4601053650279
random,4,4,4656,34.72,23280,99.45991099109133
random,4,4,4657,34.77,23285,99.45925013530412
random,4,4,4658,34.79,23290,99.45905603022693
random,4,4,4659,34.79,23295,99.4591729185386
random,4,4,4660,34.79,23300,99.45929395820447
random,4,4,4661,34.79,23305,99.45941074372588
random,4,4,4662,34.79,23310,99.45953167697425
random,4,4,4663,34.8,23315,99.4594930417495
random,4,4,4664,34.8,23320,99.45961390345101
random,4,4,4665,34.8,23325,99.45973554986656
random,4,4,4666,34.8,23330,99.45985714152674
random,4,4,4667,34.8,23335,99.4599786784685
random,4,4,4668,34.8,23340,99.4601001607288
random,4,4,4669,34.8,23345,99.46022158834451
random,4,4,4670,34.8,23350,99.4603429613525
random,4,4,4671,34.8,23355,99.46046427978959
random,4,4,4672,34.81,23360,99.46043053953846
random,4,4,4673,34.83,23365,99.46024184512676
random,4,4,4674,34.86,23370,99.45989830098817
random,4,4,4675,34.870000000000005,23375,99.45986471059312
random,4,4,4676,34.870000000000005,23380,99.45998600021062
random,4,4,4677,34.870000000000005,23385,99.46010723536817
random,4,4,4678,34.870000000000005,23390,99.46022841610244
random,4,4,4679,34.870000000000005,23395,99.46034954245007
random,4,4,4680,34.870000000000005,23400,99.4604706144477
random,4,4,4681,34.89,23405,99.46028224964383
random,4,4,4682,34.89,23410,99.4604032824307
random,4,4,4683,34.89,23415,99.46052426094607
random,4,4,4684,34.910000000000004,23420,99.460336010784
random,4,4,4685,34.96,23425,99.45968418726208
random,4,4,4686,34.96,23430,99.45980524557538
random,4,4,4687,35.010000000000005,23435,99.45915383296334
random,4,4,4688,35.04,23440,99.458811609603
random,4,4,4689,35.04,23445,99.45893278197184
random,4,4,4690,35.04,23450,99.4590539000917
random,4,4,4691,35.04,23455,99.45917496399902
random,4,4,4692,35.04,23460,99.45929597373018
random,4,4,4693,35.13,23465,99.45802844540714
random,4,4,4694,35.18,23470,99.45737844999644
random,4,4,4695,35.19,23475,99.4573455732568
random,4,4,4696,35.199999999999996,23480,99.45731271121636
random,4,4,4697,35.23,23485,99.45697158773
random,4,4,4698,35.23,23490,99.45709292756821
random,4,4,4699,35.24,23495,99.4570593074887
random,4,4,4700,35.24,23500,99.45717555688027
random,4,4,4701,35.25,23505,99.45714109711399
random,4,4,4702,35.25,23510,99.45726145678724
random,4,4,4703,35.25,23515,99.45738259837537
random,4,4,4704,35.25,23520,99.45750285099567
random,4,4,4705,35.25,23525,99.45762305032797
random,4,4,4706,35.25,23530,99.45774319640772
random,4,4,4707,35.25,23535,99.4578632892703
random,4,4,4708,35.25,23540,99.45798332895107
random,4,4,4709,35.25,23545,99.45810248242869
random,4,4,4710,35.25,23550,99.45821742003903
random,4,4,4711,35.260000000000005,23555,99.4581786443095
random,4,4,4712,35.260000000000005,23560,99.45828935583137
random,4,4,4713,35.260000000000005,23565,99.45839586254989
random,4,4,4714,35.27,23570,99.45834875460142
random,4,4,4715,35.3,23575,99.45799457994579
random,4,4,4716,35.31,23580,99.45794756936075
random,4,4,4717,35.31,23585,99.45805821845272
random,4,4,4718,35.32,23590,99.45801121419605
random,4,4,4719,35.32,23595,99.45811764922476
random,4,4,4720,35.33,23600,99.4580706517571
random,4,4,4721,35.33,23605,99.45818118801404
random,4,4,4722,35.33,23610,99.45829167918846
random,4,4,4723,35.33,23615,99.45840212530793
random,4,4,4724,35.33,23620,99.45850837679725
random,4,4,4725,35.339999999999996,23625,99.45846134986247
random,4,4,4726,35.339999999999996,23630,99.45856754806476
random,4,4,4727,35.339999999999996,23635,99.45866955866404
random,4,4,4728,35.35,23640,99.45861838185859
random,4,4,4729,35.36,23645,99.45857551462888
random,4,4,4730,35.36,23650,99.45868160803406
random,4,4,4731,35.36,23655,99.45878765986886
random,4,4,4732,35.370000000000005,23660,99.4587447837045
random,4,4,4733,35.38,23665,99.45870192498937
random,4,4,4734,35.39,23670,99.45865494338744
random,4,4,4735,35.4,23675,99.45860798017955
random,4,4,4736,35.410000000000004,23680,99.45856103535485
random,4,4,4737,35.410000000000004,23685,99.45866698464822
random,4,4,4738,35.410000000000004,23690,99.45877289248519
random,4,4,4739,35.44,23695,99.45841617294006
random,4,4,4740,35.44,23700,99.45851795263559
random,4,4,4741,35.47,23705,99.4581655535663
random,4,4,4742,35.47,23710,99.45827147823006
random,4,4,4743,35.47,23715,99.45837736148691
random,4,4,4744,35.5,23720,99.45802519648494
random,4,4,4745,35.56,23725,99.45721525170192
random,4,4,4746,35.589999999999996,23730,99.45687173993328
random,4,4,4747,35.589999999999996,23735,99.4569902398611
random,4,4,4748,35.589999999999996,23740,99.45710951621884
random,4,4,4749,35.6,23745,99.45707623351213
random,4,4,4750,35.6,23750,99.4571946109793
random,4,4,4751,35.6,23755,99.45730880043902
random,4,4,4752,35.6,23760,99.45742376880156
random,4,4,4753,35.6,23765,99.45753868846265
random,4,4,4754,35.61,23770,99.45750121494743
random,4,4,4755,35.63,23775,99.45731144504725
random,4,4,4756,35.63,23780,99.45742631550895
random,4,4,4757,35.63,23785,99.45754113735187
random,4,4,4758,35.63,23790,99.45765591060683
random,4,4,4759,35.63,23795,99.45777063530473
random,4,4,4760,35.63,23800,99.45788943561466
random,4,4,4761,35.63,23805,99.4580090083375
random,4,4,4762,35.63,23810,99.45812852832393
random,4,4,4763,35.63,23815,99.4582471718769
random,4,4,4764,35.63,23820,99.4583657634869
random,4,4,4765,35.63,23825,99.45848512619897
random,4,4,4766,35.63,23830,99.45860443631346
random,4,4,4767,35.63,23835,99.45872287157923
random,4,4,4768,35.63,23840,99.45884043310991
random,4,4,4769,35.63,23845,99.45895794358464
random,4,4,4770,35.63,23850,99.45907129692326
random,4,4,4771,35.63,23855,99.45918049831896
random,4,4,4772,35.63,23860,99.45929375843193
random,4,4,4773,35.63,23865,99.45940287003518
random,4,4,4774,35.63,23870,99.45951193761103
random,4,4,4775,35.63,23875,99.45962096118613
random,4,4,4776,35.63,23880,99.45972994078713
random,4,4,4777,35.63,23885,99.45983478190999
random,4,4,4778,35.63,23890,99.45994367529322
random,4,4,4779,35.63,23895,99.4600566160113
random,4,4,4780,35.63,23900,99.4601695095012
random,4,4,4781,35.63,23905,99.46028644354064
random,4,4,4782,35.63,23910,99.4604041441204
random,4,4,4783,35.63,23915,99.46052179337515
random,4,4,4784,35.63,23920,99.46064020781171
random,4,4,4785,35.64,23925,99.4606072255022
random,4,4,4786,35.65,23930,99.46057425766544
random,4,4,4787,35.65,23935,99.46069258266985
random,4,4,4788,35.65,23940,99.4608108557756
random,4,4,4789,35.65,23945,99.46092826187545
random,4,4,4790,35.65,23950,99.46104643164361
random,4,4,4791,35.65,23955,99.46116454961518
random,4,4,4792,35.65,23960,99.4612818017517
random,4,4,4793,35.65,23965,99.46139900287052
random,4,4,4794,35.65,23970,99.46151696636936
random,4,4,4795,35.65,23975,99.46163487820716
random,4,4,4796,35.65,23980,99.46175192576555
random,4,4,4797,35.65,23985,99.46186892243969
random,4,4,4798,35.67,23990,99.46168484945437
random,4,4,4799,35.709999999999994,23995,99.46119746637576
random,4,4,4800,35.709999999999994,24000,99.46130963156052
random,4,4,4801,35.77,24005,99.46051683000474
random,4,4,4802,35.83,24010,99.45972435839441
random,4,4,4803,35.870000000000005,24015,99.4592304700338
random,4,4,4804,35.88,24020,99.45918896431974
random,4,4,4805,35.88,24025,99.45930224672877
random,4,4,4806,35.89,24030,99.45926889055958
random,4,4,4807,35.91,24035,99.45908491809452
random,4,4,4808,35.91,24040,99.45919814943662
random,4,4,4809,35.91,24045,99.45931133338252
random,4,4,4810,35.949999999999996,24050,99.45881825174962
random,4,4,4811,35.949999999999996,24055,99.4589265825833
random,4,4,4812,35.980000000000004,24060,99.45857936522268
random,4,4,4813,35.980000000000004,24065,99.45868770131838
random,4,4,4814,35.980000000000004,24070,99.45880006437842
random,4,4,4815,35.980000000000004,24075,99.45890831217893
random,4,4,4816,35.99,24080,99.45886209177843
random,4,4,4817,36.04,24085,99.45821457348679
random,4,4,4818,36.059999999999995,24090,99.45801820433586
random,4,4,4819,36.07,24095,99.45797625434092
random,4,4,4820,36.11,24100,99.4574836013113
random,4,4,4821,36.13,24105,99.45728748892193
random,4,4,4822,36.16,24110,99.45694126976022
random,4,4,4823,36.18,24115,99.45674533698906
random,4,4,4824,36.18,24120,99.45684565138738
random,4,4,4825,36.21,24125,99.45649563515411
random,4,4,4826,36.230000000000004,24130,99.45630397754984
random,4,4,4827,36.230000000000004,24135,99.45641247235551
random,4,4,4828,36.230000000000004,24140,99.45652173913044
random,4,4,4829,36.230000000000004,24145,99.45663503661677
random,4,4,4830,36.230000000000004,24150,99.45675235974599
random,4,4,4831,36.230000000000004,24155,99.45686963222144
random,4,4,4832,36.24,24160,99.4568369746539
random,4,4,4833,36.24,24165,99.45695010953904
random,4,4,4834,36.24,24170,99.45705913021592
random,4,4,4835,36.26,24175,99.45687259872831
random,4,4,4836,36.29,24180,99.45653638914929
random,4,4,4837,36.29,24185,99.45665356087306
random,4,4,4838,36.29,24190,99.45677149524806
random,4,4,4839,36.29,24195,99.45688856562609
random,4,4,4840,36.29,24200,99.45700152320873
random,4,4,4841,36.29,24205,99.45711443381478
random,4,4,4842,36.29,24210,99.45722729747354
random,4,4,4843,36.29,24215,99.45734417149659
random,4,4,4844,36.29,24220,99.45746099519803
random,4,4,4845,36.29,24225,99.45757371482038
random,4,4,4846,36.29,24230,99.4576823354479
random,4,4,4847,36.29,24235,99.45779091258167
random,4,4,4848,36.29,24240,99.45790349517057
random,4,4,4849,36.29,24245,99.45801198377471
random,4,4,4850,36.29,24250,99.45812042896435
random,4,4,4851,36.309999999999995,24255,99.45793025200048
random,4,4,4852,36.34,24260,99.45759089158683
random,4,4,4853,36.34,24265,99.45769935592472
random,4,4,4854,36.34,24270,99.45781182161203
random,4,4,4855,36.34,24275,99.45792424066136
random,4,4,4856,36.34,24280,99.45804065440771
random,4,4,4857,36.35,24285,99.45800791442639
random,4,4,4858,36.35,24290,99.45812506801389
random,4,4,4859,36.35,24295,99.45824217096595
random,4,4,4860,36.35,24300,99.45835922331544
random,4,4,4861,36.35,24305,99.45847622509511
random,4,4,4862,36.35,24310,99.45859317633776
random,4,4,4863,36.35,24315,99.45870927103701
random,4,4,4864,36.35,24320,99.45882128745448
random,4,4,4865,36.35,24325,99.45893325751949
random,4,4,4866,36.35,24330,99.45904518126079
random,4,4,4867,36.35,24335,99.45915303514091
random,4,4,4868,36.36,24340,99.45911208697049
random,4,4,4869,36.36,24345,99.4592239059918
random,4,4,4870,36.38,24350,99.45903828367331
random,4,4,4871,36.39,24355,99.45900140490154
random,4,4,4872,36.39,24360,99.45911317748342
random,4,4,4873,36.39,24365,99.45922490388945
random,4,4,4874,36.39,24370,99.45933658414826
random,4,4,4875,36.42,24375,99.45900258615184
random,4,4,4876,36.44,24380,99.45882125804751
random,4,4,4877,36.46,24385,99.4586359883828
random,4,4,4878,36.46,24390,99.45874769715405
random,4,4,4879,36.480000000000004,24395,99.45855850106196
random,4,4,4880,36.480000000000004,24400,99.45867018056198
random,4,4,4881,36.5,24405,99.45848107650995
random,4,4,4882,36.53,24410,99.45814371577242
random,4,4,4883,36.6,24415,99.45721327958856
random,4,4,4884,36.69,24420,99.4559866672993
random,4,4,4885,36.69,24425,99.45609473350274
random,4,4,4886,36.69,24430,99.45620275678078
random,4,4,4887,36.69,24435,99.45631073715906
random,4,4,4888,36.7,24440,99.45627454727818
random,4,4,4889,36.7,24445,99.45638649587032
random,4,4,4890,36.7,24450,99.45649839837336
random,4,4,4891,36.7,24455,99.45660623200101
random,4,4,4892,36.7,24460,99.45671402284762
random,4,4,4893,36.720000000000006,24465,99.45652576100454
random,4,4,4894,36.720000000000006,24470,99.45663352506041
random,4,4,4895,36.720000000000006,24475,99.45674124638826
random,4,4,4896,36.75,24480,99.45640437006512
random,4,4,4897,36.75,24485,99.45651209426964
random,4,4,4898,36.75,24490,99.45661897235189
random,4,4,4899,36.75,24495,99.45672580840677
random,4,4,4900,36.8,24500,99.45609359919715
random,4,4,4901,36.84,24505,99.45560941009576
random,4,4,4902,36.84,24510,99.45571236082547
random,4,4,4903,36.86,24515,99.4555238625604
random,4,4,4904,36.9,24520,99.45504409121587
random,4,4,4905,36.91,24525,99.4550034551393
random,4,4,4906,36.91,24530,99.45511448353238
random,4,4,4907,36.91,24535,99.45522627075741
random,4,4,4908,36.91,24540,99.45533801212393
random,4,4,4909,36.91,24545,99.45544890425873
random,4,4,4910,36.94,24550,99.45511723682192
random,4,4,4911,36.95,24555,99.4550806539622
random,4,4,4912,36.95,24560,99.45519153077173
random,4,4,4913,36.95,24565,99.45529834761547
random,4,4,4914,36.95,24570,99.45540512258175
random,4,4,4915,36.95,24575,99.45550784392894
random,4,4,4916,36.95,24580,99.45561052653291
random,4,4,4917,36.95,24585,99.45571317041554
random,4,4,4918,36.95,24590,99.45581176830983
random,4,4,4919,36.95,24595,99.45591033048846
random,4,4,4920,36.95,24600,99.45600885697081
random,4,4,4921,36.95,24605,99.4561073477763
random,4,4,4922,36.95,24610,99.45620580292427
random,4,4,4923,36.95,24615,99.45630822247368
random,4,4,4924,36.95,24620,99.45641460192483
random,4,4,4925,36.95,24625,99.4565169428453
random,4,4,4926,36.95,24630,99.4566192452375
random,4,4,4927,36.95,24635,99.45672550302514
random,4,4,4928,36.96,24640,99.4566847183757
random,4,4,4929,36.96,24645,99.45679571197827
random,4,4,4930,36.96,24650,99.45690666024045
random,4,4,4931,36.96,24655,99.45701756319002
random,4,4,4932,36.96,24660,99.45712842085473
random,4,4,4933,36.96,24665,99.4572392332623
random,4,4,4934,36.96,24670,99.45735398402894
random,4,4,4935,36.96,24675,99.4574686862845
random,4,4,4936,36.96,24680,99.45758334005973
random,4,4,4937,36.96,24685,99.45769794538538
random,4,4,4938,36.96,24690,99.45781250229211
random,4,4,4939,36.97,24695,99.45778034604086
random,4,4,4940,36.97,24700,99.45789483717049
random,4,4,4941,36.99,24705,99.457716074269
random,4,4,4942,37.01,24710,99.45753818192478
random,4,4,4943,37.01,24715,99.45765344626724
random,4,4,4944,37.05,24720,99.45718262398358
random,4,4,4945,37.05,24725,99.45729791488147
random,4,4,4946,37.059999999999995,24730,99.45726591480567
random,4,4,4947,37.059999999999995,24735,99.45738034475235
random,4,4,4948,37.059999999999995,24740,99.45749552060522
random,4,4,4949,37.059999999999995,24745,99.45761064757424
random,4,4,4950,37.059999999999995,24750,99.45772572569057
random,4,4,4951,37.059999999999995,24755,99.45784075498527
random,4,4,4952,37.059999999999995,24760,99.45795573548942
random,4,4,4953,37.059999999999995,24765,99.45807066723404
random,4,4,4954,37.059999999999995,24770,99.45818555025015
random,4,4,4955,37.08,24775,99.45800804802505
random,4,4,4956,37.1,24780,99.45783062102507
random,4,4,4957,37.1,24785,99.45794548188063
random,4,4,4958,37.1,24790,99.45805950243727
random,4,4,4959,37.1,24795,99.45817347503582
random,4,4,4960,37.1,24800,99.4582873997065
random,4,4,4961,37.1,24805,99.45840127647958
random,4,4,4962,37.1,24810,99.45851589569644
random,4,4,4963,37.1,24815,99.45863046640955
random,4,4,4964,37.1,24820,99.45874419900707
random,4,4,4965,37.1,24825,99.45885788382802
random,4,4,4966,37.1,24830,99.45896757597058
random,4,4,4967,37.1,24835,99.45907722365189
random,4,4,4968,37.1,24840,99.45919076863423
random,4,4,4969,37.1,24845,99.45930426595817
random,4,4,4970,37.1,24850,99.45941771565371
random,4,4,4971,37.1,24855,99.45953111775083
random,4,4,4972,37.1,24860,99.45964447227948
random,4,4,4973,37.11,24865,99.4596082268859
random,4,4,4974,37.12,24870,99.45957199616227
random,4,4,4975,37.12,24875,99.45968134008343
random,4,4,4976,37.12,24880,99.45978670889023
random,4,4,4977,37.13,24885,99.45975046378814
random,4,4,4978,37.16,24890,99.45942328785856
random,4,4,4979,37.169999999999995,24895,99.459387130883
random,4,4,4980,37.18,24900,99.45935098852394
random,4,4,4981,37.18,24905,99.45946024532188
random,4,4,4982,37.18,24910,99.45956553022319
random,4,4,4983,37.18,24915,99.45967077411825
random,4,4,4984,37.18,24920,99.45977597703104
random,4,4,4985,37.18,24925,99.45988506214663
random,4,4,4986,37.18,24930,99.45999018163967
random,4,4,4987,37.18,24935,99.46009918027431
random,4,4,4988,37.18,24940,99.46021205332838
random,4,4,4989,37.18,24945,99.46032487919724
random,4,4,4990,37.18,24950,99.4604376579105
random,4,4,4991,37.18,24955,99.4605503894977
random,4,4,4992,37.19,24960,99.46051801295394
random,4,4,4993,37.19,24965,99.46063068067276
random,4,4,4994,37.2,24970,99.46059908301844
random,4,4,4995,37.2,24975,99.46071246841471
random,4,4,4996,37.2,24980,99.46082580615239
random,4,4,4997,37.2,24985,99.4609390962615
random,4,4,4998,37.230000000000004,24990,99.46061770356141
random,4,4,4999,37.230000000000004,24995,99.46073098978967
random,4,4,5000,37.26,25000,99.46040977576449
random,4,4,5001,37.26,25005,99.46052305807848
random,4,4,5002,37.3,25010,99.46005726577631
random,4,4,5003,37.3,25015,99.46017057452035
random,4,4,5004,37.3,25020,99.46028383571792
random,4,4,5005,37.330000000000005,25025,99.45996305238778
random,4,4,5006,37.37,25030,99.45949776827683
random,4,4,5007,37.41,25035,99.4590326792849
random,4,4,5008,37.43,25040,99.4588569346696
random,4,4,5009,37.43,25045,99.4589703525004
random,4,4,5010,37.43,25050,99.45908372279884
random,4,4,5011,37.43,25055,99.45919704559476
random,4,4,5012,37.43,25060,99.45931032091802
random,4,4,5013,37.45,25065,99.45913470217747
random,4,4,5014,37.47,25070,99.45895915697548
random,4,4,5015,37.47,25075,99.4590724109606
random,4,4,5016,37.47,25080,99.4591856175416
random,4,4,5017,37.5,25085,99.45886586944381
random,4,4,5018,37.56,25090,99.45811343838277
random,4,4,5019,37.56,25095,99.45822677450205
random,4,4,5020,37.56,25100,99.45834006322251
random,4,4,5021,37.580000000000005,25105,99.45816494105128
random,4,4,5022,37.580000000000005,25110,99.45827819533697
random,4,4,5023,37.580000000000005,25115,99.45839140228779
random,4,4,5024,37.580000000000005,25120,99.45850456193335
random,4,4,5025,37.63,25125,99.45789736785619
random,4,4,5026,37.69,25130,99.45714639619527
random,4,4,5027,37.74,25135,99.45653973927155
random,4,4,5028,37.74,25140,99.45665319097475
random,4,4,5029,37.75,25145,99.45662265430117
random,4,4,5030,37.769999999999996,25150,99.45644821938942
random,4,4,5031,37.8,25155,99.4561299763028
random,4,4,5032,37.8,25160,99.45624341881916
random,4,4,5033,37.8,25165,99.45635681402082
random,4,4,5034,37.8,25170,99.45647016193739
random,4,4,5035,37.82,25175,99.45629594062096
random,4,4,5036,37.82,25180,99.45640925397848
random,4,4,5037,37.82,25185,99.45652252011456
random,4,4,5038,37.82,25190,99.45663573905873
random,4,4,5039,37.830000000000005,25195,99.45660526962175
random,4,4,5040,37.830000000000005,25200,99.45671842418184
random,4,4,5041,37.830000000000005,25205,99.45683153162595
random,4,4,5042,37.85,25210,99.45665748893936
random,4,4,5043,37.85,25215,99.45677056198772
random,4,4,5044,37.88,25220,99.45645311262383
random,4,4,5045,37.88,25225,99.45656618114364
random,4,4,5046,37.88,25230,99.45667920263227
random,4,4,5047,37.88,25235,99.45679217711903
random,4,4,5048,37.88,25240,99.45690510463322
random,4,4,5049,37.88,25245,99.45701798520416
random,4,4,5050,37.88,25250,99.45713081886112
random,4,4,5051,37.88,25255,99.45724360563332
random,4,4,5052,37.88,25260,99.45735634554997
random,4,4,5053,37.88,25265,99.45746903864028
random,4,4,5054,37.88,25270,99.45758168493343
random,4,4,5055,37.88,25275,99.45769428445853
random,4,4,5056,37.88,25280,99.45780683724472
random,4,4,5057,37.88,25285,99.4579193433211
random,4,4,5058,37.88,25290,99.4580318027167
random,4,4,5059,37.88,25295,99.45814421546063
random,4,4,5060,37.9,25300,99.45797055020995
random,4,4,5061,37.9,25305,99.45808292904033
random,4,4,5062,37.9,25310,99.4581952612814
random,4,4,5063,37.93,25315,99.45787876665632
random,4,4,5064,37.980000000000004,25320,99.45727660887906
random,4,4,5065,38.019999999999996,25325,99.45681756813711
random,4,4,5066,38.019999999999996,25330,99.45693006939068
random,4,4,5067,38.07,25335,99.45632848213253
random,4,4,5068,38.129999999999995,25340,99.45558436514827
random,4,4,5069,38.129999999999995,25345,99.45569705179943
random,4,4,5070,38.17,25350,99.45523881291443
random,4,4,5071,38.17,25355,99.4553515244307
random,4,4,5072,38.17,25360,99.45546418931642
random,4,4,5073,38.22,25365,99.45486365172891
random,4,4,5074,38.25,25370,99.45454856585488
random,4,4,5075,38.26,25375,99.45451875466033
random,4,4,5076,38.26,25380,99.45463149852326
random,4,4,5077,38.3,25385,99.45417414267574
random,4,4,5078,38.3,25390,99.45428691114992
random,4,4,5079,38.3,25395,99.45439963303745
random,4,4,5080,38.3,25400,99.45451230836719
random,4,4,5081,38.31,25405,99.45448254159018
random,4,4,5082,38.31,25410,99.45459515328568
random,4,4,5083,38.33,25415,99.4544230448973
random,4,4,5084,38.4,25420,99.45353947038868
random,4,4,5085,38.4,25425,99.4536522069463
random,4,4,5086,38.4,25430,99.4537648969977
random,4,4,5087,38.4,25435,99.45387754057164
random,4,4,5088,38.4,25440,99.45399013769686
random,4,4,5089,38.4,25445,99.4541026884021
random,4,4,5090,38.4,25450,99.45421519271605
random,4,4,5091,38.4,25455,99.45432765066738
random,4,4,5092,38.4,25460,99.45444006228476
random,4,4,5093,38.4,25465,99.45455242759681
random,4,4,5094,38.4,25470,99.45466474663213
random,4,4,5095,38.4,25475,99.45477701941931
random,4,4,5096,38.440000000000005,25480,99.4543214222848
random,4,4,5097,38.48,25485,99.45386601266839
random,4,4,5098,38.48,25490,99.45397838049533
random,4,4,5099,38.519999999999996,25495,99.45352322880949
random,4,4,5100,38.54,25500,99.4533519426289
random,4,4,5101,38.57,25505,99.45303891691212
random,4,4,5102,38.57,25510,99.45315136237194
random,4,4,5103,38.62,25515,99.4525550031965
random,4,4,5104,38.62,25520,99.4526675018849
random,4,4,5105,38.62,25525,99.45277995434637
random,4,4,5106,38.629999999999995,25530,99.45275069628018
random,4,4,5107,38.629999999999995,25535,99.45286308546694
random,4,4,5108,38.629999999999995,25540,99.45297542850022
random,4,4,5109,38.629999999999995,25545,99.45308772540842
random,4,4,5110,38.67,25550,99.45263378411661
random,4,4,5111,38.73,25555,99.45189699116497
random,4,4,5112,38.75,25560,99.45172646031773
random,4,4,5113,38.75,25565,99.45183892127558
random,4,4,5114,38.79,25570,99.45138560845423
random,4,4,5115,38.79,25575,99.45149809318168
random,4,4,5116,38.79,25580,99.45161053179217
random,4,4,5117,38.81,25585,99.45144023440648
random,4,4,5118,38.85,25590,99.45098737482935
random,4,4,5119,38.85,25595,99.45109984896415
random,4,4,5120,38.85,25600,99.4512122770241
random,4,4,5121,38.85,25605,99.45132465903747
random,4,4,5122,38.85,25610,99.45143699503257
random,4,4,5123,38.85,25615,99.45154928503767
random,4,4,5124,38.85,25620,99.451661529081
random,4,4,5125,38.91,25625,99.45092704568835
random,4,4,5126,38.99,25630,99.44991069337495
random,4,4,5127,38.99,25635,99.4500232036889
random,4,4,5128,38.99,25640,99.45013566798856
random,4,4,5129,39.03,25645,99.44968409357203
random,4,4,5130,39.08,25650,99.44909173440244
random,4,4,5131,39.14,25655,99.44835867679372
random,4,4,5132,39.21,25660,99.44748500698923
random,4,4,5133,39.25,25665,99.44703434304158
random,4,4,5134,39.300000000000004,25670,99.44644300898368
random,4,4,5135,39.300000000000004,25675,99.44655604359393
random,4,4,5136,39.33,25680,99.4462466419991
random,4,4,5137,39.33,25685,99.4463596705467
random,4,4,5138,39.33,25690,99.44647265296241
random,4,4,5139,39.33,25695,99.44658558927448
random,4,4,5140,39.33,25700,99.4466984795111
random,4,4,5141,39.33,25705,99.44681132370047
random,4,4,5142,39.33,25710,99.44692412187075
random,4,4,5143,39.33,25715,99.4470368740501
random,4,4,5144,39.33,25720,99.44714958026663
random,4,4,5145,39.33,25725,99.44726224054844
random,4,4,5146,39.33,25730,99.44737485492361
random,4,4,5147,39.33,25735,99.44748742342018
random,4,4,5148,39.33,25740,99.4475999460662
random,4,4,5149,39.33,25745,99.44771242288968
random,4,4,5150,39.34,25750,99.44768445850895
random,4,4,5151,39.34,25755,99.44779687234619
random,4,4,5152,39.34,25760,99.44790924043315
random,4,4,5153,39.35,25765,99.44788125307804
random,4,4,5154,39.35,25770,99.44799355828823
random,4,4,5155,39.35,25775,99.44810581782022
random,4,4,5156,39.35,25780,99.44821803170187
random,4,4,5157,39.35,25785,99.44833019996102
random,4,4,5158,39.37,25790,99.44816198835491
random,4,4,5159,39.37,25795,99.44827412241672
random,4,4,5160,39.39,25800,99.44810599055097
random,4,4,5161,39.44,25805,99.44751768181557
random,4,4,5162,39.44,25810,99.44762987840573
random,4,4,5163,39.45,25815,99.44760200459561
random,4,4,5164,39.45,25820,99.44771413851805
random,4,4,5165,39.47,25825,99.4475462909179
random,4,4,5166,39.47,25830,99.44765839063861
random,4,4,5167,39.47,25835,99.44777044487569
random,4,4,5168,39.47,25840,99.44788245365682
random,4,4,5169,39.47,25845,99.44799441700965
random,4,4,5170,39.47,25850,99.44810633496184
random,4,4,5171,39.489999999999995,25855,99.44793861200387
random,4,4,5172,39.54,25860,99.44735164872027
random,4,4,5173,39.550000000000004,25865,99.44732388776552
random,4,4,5174,39.61,25870,99.44659757402682
random,4,4,5175,39.61,25875,99.4467096615584
random,4,4,5176,39.61,25880,99.44682170369418
random,4,4,5177,39.68,25885,99.44595630483015
random,4,4,5178,39.71,25890,99.44564965504918
random,4,4,5179,39.73,25895,99.44548270081887
random,4,4,5180,39.73,25900,99.44559490053362
random,4,4,5181,39.73,25905,99.44570705485309
random,4,4,5182,39.76,25910,99.44540070357114
random,4,4,5183,39.81,25915,99.4448155591102
random,4,4,5184,39.839999999999996,25920,99.44450951193802
random,4,4,5185,39.839999999999996,25925,99.44462179497009
random,4,4,5186,39.839999999999996,25930,99.44473403261908
random,4,4,5187,39.879999999999995,25935,99.4442888416042
random,4,4,5188,39.900000000000006,25940,99.44412246581145
random,4,4,5189,39.910000000000004,25945,99.44409544676424
random,4,4,5190,39.910000000000004,25950,99.44420770004206
random,4,4,5191,39.910000000000004,25955,99.44431990799464
random,4,4,5192,39.910000000000004,25960,99.44443207064943
random,4,4,5193,39.910000000000004,25965,99.44454418803383
random,4,4,5194,39.93,25970,99.44437796213477
random,4,4,5195,39.95,25975,99.44421180329968
random,4,4,5196,39.95,25980,99.44432389727156
random,4,4,5197,39.95,25985,99.44443594603727
random,4,4,5198,39.96,25990,99.44440891281558
random,4,4,5199,39.96,25995,99.44452089927563
random,4,4,5200,39.96,26000,99.44463284060018
random,4,4,5201,39.96,26005,99.4447447368165
random,4,4,5202,39.96,26010,99.44485658795189
random,4,4,5203,39.96,26015,99.44496839403355
random,4,4,5204,39.96,26020,99.4450801550887
random,4,4,5205,39.96,26025,99.44519187114457
random,4,4,5206,39.96,26030,99.44530354222827
random,4,4,5207,39.98,26035,99.44513759838122
random,4,4,5208,39.98,26040,99.44524923544854
random,4,4,5209,39.98,26045,99.44536082760266
random,4,4,5210,39.98,26050,99.44547237487066
random,4,4,5211,39.98,26055,99.44558387727962
random,4,4,5212,40.01,26060,99.4452793983895
random,4,4,5213,40.04,26065,99.44497504189718
random,4,4,5214,40.050000000000004,26070,99.44494798726082
random,4,4,5215,40.07,26075,99.4447823815746
random,4,4,5216,40.1,26080,99.44447830833255
random,4,4,5217,40.17,26085,99.44362033216572
random,4,4,5218,40.21,26090,99.44317813591384
random,4,4,5219,40.27,26095,99.44245921589857
random,4,4,5220,40.37,26100,99.44118689301573
random,4,4,5221,40.37,26105,99.44129903164958
random,4,4,5222,40.43,26110,99.44058092136032
random,4,4,5223,40.48,26115,99.44000143873149
random,4,4,5224,40.48,26120,99.44011374764177
random,4,4,5225,40.489999999999995,26125,99.44008772742546
random,4,4,5226,40.5,26130,99.4400617176418
random,4,4,5227,40.5,26135,99.44017394693955
random,4,4,5228,40.510000000000005,26140,99.44014793030249
random,4,4,5229,40.54,26145,99.43984557755735
random,4,4,5230,40.589999999999996,26150,99.43926705476368
random,4,4,5231,40.69,26155,99.43799817408106
random,4,4,5232,40.760000000000005,26160,99.4371440723372
random,4,4,5233,40.78,26165,99.43698062567219
random,4,4,5234,40.83,26170,99.43640313946779
random,4,4,5235,40.86,26175,99.43610189911938
random,4,4,5236,40.949999999999996,26180,99.434972900776
random,4,4,5237,40.96,26185,99.43494797134458
random,4,4,5238,40.97,26190,99.43492305188445
random,4,4,5239,41.03,26195,99.4342086574487
random,4,4,5240,41.03,26200,99.43432176516977
random,4,4,5241,41.08,26205,99.43374561835171
random,4,4,5242,41.13,26210,99.43316970179737
random,4,4,5243,41.17,26215,99.4327318021547
random,4,4,5244,41.22,26220,99.43215631819083
random,4,4,5245,41.260000000000005,26225,99.43171879583885
random,4,4,5246,41.31,26230,99.43114374395823
random,4,4,5247,41.31,26235,99.43125730547307
random,4,4,5248,41.349999999999994,26240,99.4308202245335
random,4,4,5249,41.410000000000004,26245,99.43010807440936
random,4,4,5250,41.410000000000004,26250,99.43022177458192
random,4,4,5251,41.49,26255,99.42923489412163
random,4,4,5252,41.49,26260,99.42934872308352
random,4,4,5253,41.49,26265,99.42946250665214
random,4,4,5254,41.49,26270,99.42957624485463
random,4,4,5255,41.52,26275,99.42927756601728
random,4,4,5256,41.57,26280,99.42870414653319
random,4,4,5257,41.57,26285,99.42881796784508
random,4,4,5258,41.57,26290,99.42893174381194
random,4,4,5259,41.57,26295,99.42904547446088
random,4,4,5260,41.63,26300,99.42833523750933
random,4,4,5261,41.67,26305,99.42789986943431
random,4,4,5262,41.72,26310,99.42732740894479
random,4,4,5263,41.78,26315,99.42661793788315
random,4,4,5264,41.81,26320,99.42632038243478
random,4,4,5265,41.81,26325,99.42643449678921
random,4,4,5266,41.82,26330,99.42641140922845
random,4,4,5267,41.88,26335,99.4257026845794
random,4,4,5268,41.94,26340,99.4249942417163
random,4,4,5269,42.04,26345,99.42373778150012
random,4,4,5270,42.08,26350,99.4233041056691
random,4,4,5271,42.11,26355,99.4230076224379
random,4,4,5272,42.13,26360,99.42284825005069
random,4,4,5273,42.17,26365,99.42241500926573
random,4,4,5274,42.230000000000004,26370,99.42170806322184
random,4,4,5275,42.24,26375,99.42168595521078
random,4,4,5276,42.24,26380,99.42180074027026
random,4,4,5277,42.24,26385,99.4219154797732
random,4,4,5278,42.26,26390,99.4217565137911
random,4,4,5279,42.26,26395,99.42187121654658
random,4,4,5280,42.3,26400,99.42143877098823
random,4,4,5281,42.34,26405,99.42100649692522
random,4,4,5282,42.36,26410,99.42084783720301
random,4,4,5283,42.36,26415,99.42096262912492
random,4,4,5284,42.36,26420,99.42107737555077
random,4,4,5285,42.370000000000005,26425,99.42105543629903
random,4,4,5286,42.370000000000005,26430,99.42117011888075
random,4,4,5287,42.370000000000005,26435,99.42128475603677
random,4,4,5288,42.370000000000005,26440,99.42139934779402
random,4,4,5289,42.370000000000005,26445,99.4215138941795
random,4,4,5290,42.370000000000005,26450,99.42162839522014
random,4,4,5291,42.370000000000005,26455,99.42174285094286
random,4,4,5292,42.39,26460,99.4215843594446
random,4,4,5293,42.39,26465,99.42169877859617
random,4,4,5294,42.39,26470,99.42181315248911
random,4,4,5295,42.39,26475,99.42192748115025
random,4,4,5296,42.39,26480,99.42204176460643
random,4,4,5297,42.4,26485,99.42201968677283
random,4,4,5298,42.41,26490,99.42199761766526
random,4,4,5299,42.41,26495,99.42211181952338
random,4,4,5300,42.41,26500,99.42222597626235
random,4,4,5301,42.41,26505,99.4223400879089
random,4,4,5302,42.41,26510,99.42245415448977
random,4,4,5303,42.41,26515,99.42256817603162
random,4,4,5304,42.43,26520,99.42240989703296
random,4,4,5305,42.43,26525,99.4225238823054
random,4,4,5306,42.43,26530,99.42263782259755
random,4,4,5307,42.43,26535,99.42275171793605
random,4,4,5308,42.43,26540,99.42286556834752
random,4,4,5309,42.43,26545,99.4229793738585
random,4,4,5310,42.43,26550,99.42309313449557
random,4,4,5311,42.43,26555,99.42320685028527
random,4,4,5312,42.44,26560,99.42318460810804
random,4,4,5313,42.47,26565,99.422890601963
random,4,4,5314,42.47,26570,99.42300429044609
random,4,4,5315,42.49,26575,99.42284626846816
random,4,4,5316,42.52,26580,99.42255250263464
random,4,4,5317,42.52,26585,99.42266619053373
random,4,4,5318,42.52,26590,99.42277983367588
random,4,4,5319,42.53,26595,99.42275770617783
random,4,4,5320,42.53,26600,99.42287128659129
random,4,4,5321,42.53,26605,99.4229848223165
random,4,4,5322,42.53,26610,99.42309831337982
random,4,4,5323,42.58,26615,99.42253366406322
random,4,4,5324,42.620000000000005,26620,99.42210482926195
random,4,4,5325,42.66,26625,99.42167616305316
random,4,4,5326,42.71,26630,99.42111212614904
random,4,4,5327,42.71,26635,99.42122587368333
random,4,4,5328,42.71,26640,99.42133957652517
random,4,4,5329,42.71,26645,99.42145323470089
random,4,4,5330,42.71,26650,99.4215668482368
random,4,4,5331,42.71,26655,99.42168041715921
random,4,4,5332,42.74,26660,99.42138780284405
random,4,4,5333,42.74,26665,99.42150136232775
random,4,4,5334,42.74,26670,99.4216148772454
random,4,4,5335,42.75,26675,99.42159304775139
random,4,4,5336,42.78,26680,99.42130068015432
random,4,4,5337,42.8,26685,99.42114367403356
random,4,4,5338,42.8,26690,99.42125717005574
random,4,4,5339,42.8,26695,99.42137062158044
random,4,4,5340,42.84,26700,99.42094335950172
random,4,4,5341,42.86,26705,99.42078654646343
random,4,4,5342,42.91,26710,99.42022445190875
random,4,4,5343,42.95,26715,99.4197976654117
random,4,4,5344,43.0,26720,99.41923598467864
random,4,4,5345,43.0,26725,99.4193496986695
random,4,4,5346,43.0,26730,99.41946336813852
random,4,4,5347,43.0,26735,99.41957699311187
random,4,4,5348,43.02,26740,99.41942066225452
random,4,4,5349,43.02,26745,99.41953425112227
random,4,4,5350,43.03,26750,99.41951289266856
random,4,4,5351,43.05,26755,99.41935666606871
random,4,4,5352,43.09,26760,99.41893080030853
random,4,4,5353,43.13,26765,99.41850510105715
random,4,4,5354,43.13,26770,99.4186187578688
random,4,4,5355,43.13,26775,99.41873237025925
random,4,4,5356,43.13,26780,99.41884593825458
random,4,4,5357,43.13,26785,99.41895946188075
random,4,4,5358,43.13,26790,99.41907294116379
random,4,4,5359,43.13,26795,99.41918637612967
random,4,4,5360,43.15,26800,99.41903048777205
random,4,4,5361,43.15,26805,99.41914388674181
random,4,4,5362,43.15,26810,99.4192572414517
random,4,4,5363,43.15,26815,99.41937055192766
random,4,4,5364,43.15,26820,99.41948381819552
random,4,4,5365,43.15,26825,99.41959704028118
random,4,4,5366,43.15,26830,99.41971021821048
random,4,4,5367,43.16,26835,99.41968889623914
random,4,4,5368,43.18,26840,99.41953315301848
random,4,4,5369,43.18,26845,99.41964627722845
random,4,4,5370,43.18,26850,99.4197593573546
random,4,4,5371,43.22,26855,99.4193349894333
random,4,4,5372,43.22,26860,99.41944808613982
random,4,4,5373,43.24,26865,99.41929254145464
random,4,4,5374,43.24,26870,99.41940560238682
random,4,4,5375,43.24,26875,99.41951861930275
random,4,4,5376,43.24,26880,99.41963159222811
random,4,4,5377,43.24,26885,99.41974452118858
random,4,4,5378,43.269999999999996,26890,99.41945490209758
random,4,4,5379,43.269999999999996,26895,99.41956782149464
random,4,4,5380,43.269999999999996,26900,99.41968069697327
random,4,4,5381,43.33,26905,99.41898898988829
random,4,4,5382,43.39,26910,99.41829755172849
random,4,4,5383,43.39,26915,99.41841060827629
random,4,4,5384,43.41,26920,99.41825559766498
random,4,4,5385,43.41,26925,99.41836861843454
random,4,4,5386,43.45,26930,99.41794575709919
random,4,4,5387,43.5,26935,99.4173891264721
random,4,4,5388,43.56,26940,99.41669880447358
random,4,4,5389,43.59,26945,99.4164103950978
random,4,4,5390,43.59,26950,99.41652366432241
random,4,4,5391,43.59,26955,99.41663688958658
random,4,4,5392,43.59,26960,99.41675007091591
random,4,4,5393,43.63,26965,99.4163280977219
random,4,4,5394,43.63,26970,99.41644129503754
random,4,4,5395,43.63,26975,99.41655444845473
random,4,4,5396,43.63,26980,99.41666755799899
random,4,4,5397,43.63,26985,99.41678062369584
random,4,4,5398,43.63,26990,99.41689364557077
random,4,4,5399,43.66,26995,99.41660575724333
random,4,4,5400,43.66,27000,99.41671876920446
random,4,4,5401,43.66,27005,99.41683173738996
random,4,4,5402,43.66,27010,99.41694466182524
random,4,4,5403,43.66,27015,99.4170575425357
random,4,4,5404,43.66,27020,99.41717037954676
random,4,4,5405,43.66,27025,99.41728317288378
random,4,4,5406,43.66,27030,99.4173959225721
random,4,4,5407,43.66,27035,99.41750862863707
random,4,4,5408,43.69,27040,99.41722112249961
random,4,4,5409,43.74,27045,99.41666700007602
random,4,4,5410,43.78,27050,99.41624642987622
random,4,4,5411,43.8,27055,99.4160926466334
random,4,4,5412,43.8,27060,99.41620549566552
random,4,4,5413,43.8,27065,99.41631830108648
random,4,4,5414,43.84,27070,99.41589812325296
random,4,4,5415,43.87,27075,99.4156113169193
random,4,4,5416,43.91,27080,99.41519143790188
random,4,4,5417,43.97,27085,99.41450540553856
random,4,4,5418,43.97,27090,99.41461843026677
random,4,4,5419,43.97,27095,99.41473141136649
random,4,4,5420,43.97,27100,99.41484434886296
random,4,4,5421,43.980000000000004,27105,99.41482418779913
random,4,4,5422,43.980000000000004,27110,99.41493706383012
random,4,4,5423,43.980000000000004,27115,99.41504989632365
random,4,4,5424,43.980000000000004,27120,99.41516268530486
random,4,4,5425,43.980000000000004,27125,99.41527543079896
random,4,4,5426,43.99,27130,99.41525520607635
random,4,4,5427,43.99,27135,99.41536789028746
random,4,4,5428,44.01,27140,99.41521478001127
random,4,4,5429,44.04,27145,99.41492887878638
random,4,4,5430,44.04,27150,99.41504156073925
random,4,4,5431,44.04,27155,99.41515419929642
random,4,4,5432,44.04,27160,99.415266794483
random,4,4,5433,44.04,27165,99.41537934632402
random,4,4,5434,44.04,27170,99.41549185484449
random,4,4,5435,44.04,27175,99.41560432006943
random,4,4,5436,44.04,27180,99.41571674202382
random,4,4,5437,44.05,27185,99.41569647521055
random,4,4,5438,44.1,27190,99.41514573613391
random,4,4,5439,44.1,27195,99.41525818141317
random,4,4,5440,44.1,27200,99.41537058346282
random,4,4,5441,44.1,27205,99.41548294230776
random,4,4,5442,44.1,27210,99.41559525797295
random,4,4,5443,44.1,27215,99.41570753048325
random,4,4,5444,44.1,27220,99.41581975986351
random,4,4,5445,44.1,27225,99.41593194613858
random,4,4,5446,44.1,27230,99.41604408933333
random,4,4,5447,44.1,27235,99.41615618947253
random,4,4,5448,44.1,27240,99.416268246581
random,4,4,5449,44.12,27245,99.41611558052959
random,4,4,5450,44.12,27250,99.41622760243142
random,4,4,5451,44.12,27255,99.41633958135726
random,4,4,5452,44.16,27260,99.41592246159055
random,4,4,5453,44.16,27265,99.41603445608291
random,4,4,5454,44.16,27270,99.41614640763451
random,4,4,5455,44.16,27275,99.41625831627007
random,4,4,5456,44.16,27280,99.41637018201426
random,4,4,5457,44.16,27285,99.41648200489172
random,4,4,5458,44.17,27290,99.41646167301245
random,4,4,5459,44.18,27295,99.41644134892131
random,4,4,5460,44.2,27300,99.41628897129516
random,4,4,5461,44.2,27305,99.41640072408562
random,4,4,5462,44.230000000000004,27310,99.41611640180908
random,4,4,5463,44.230000000000004,27315,99.41622814485144
random,4,4,5464,44.230000000000004,27320,99.41633984513146
random,4,4,5465,44.230000000000004,27325,99.41645150267367
random,4,4,5466,44.230000000000004,27330,99.41656311750258
random,4,4,5467,44.230000000000004,27335,99.41667468964272
random,4,4,5468,44.230000000000004,27340,99.41678621911855
random,4,4,5469,44.230000000000004,27345,99.41689770595455
random,4,4,5470,44.230000000000004,27350,99.41700915017518
random,4,4,5471,44.230000000000004,27355,99.41712055180486
random,4,4,5472,44.230000000000004,27360,99.41723191086797
random,4,4,5473,44.230000000000004,27365,99.41734322738895
random,4,4,5474,44.269999999999996,27370,99.41692766847459
random,4,4,5475,44.269999999999996,27375,99.41703900057809
random,4,4,5476,44.269999999999996,27380,99.4171502901741
random,4,4,5477,44.269999999999996,27385,99.41726153728698
random,4,4,5478,44.269999999999996,27390,99.417372741941
random,4,4,5479,44.269999999999996,27395,99.4174839041605
random,4,4,5480,44.269999999999996,27400,99.41759502396977
random,4,4,5481,44.269999999999996,27405,99.41770610139305
random,4,4,5482,44.269999999999996,27410,99.41781713645462
random,4,4,5483,44.269999999999996,27415,99.41792812917866
random,4,4,5484,44.269999999999996,27420,99.41803907958943
random,4,4,5485,44.269999999999996,27425,99.4181499877111
random,4,4,5486,44.269999999999996,27430,99.41826085356783
random,4,4,5487,44.269999999999996,27435,99.4183716771838
random,4,4,5488,44.269999999999996,27440,99.41848245858313
random,4,4,5489,44.28,27445,99.41846186578131
random,4,4,5490,44.28,27450,99.4185725878247
random,4,4,5491,44.28,27455,99.41868326771421
random,4,4,5492,44.28,27460,99.41879390547395
random,4,4,5493,44.28,27465,99.41890450112794
random,4,4,5494,44.28,27470,99.41901505470024
random,4,4,5495,44.28,27475,99.41912556621483
random,4,4,5496,44.3,27480,99.41897372134872
random,4,4,5497,44.3,27485,99.41908419869681
random,4,4,5498,44.3,27490,99.41919463404018
random,4,4,5499,44.3,27495,99.41930502740277
random,4,4,5500,44.3,27500,99.41941537880852
random,4,4,5501,44.3,27505,99.41952568828137
random,4,4,5502,44.3,27510,99.41963595584517
random,4,4,5503,44.31,27515,99.41961519872055
random,4,4,5504,44.330000000000005,27520,99.41946349154797
random,4,4,5505,44.379999999999995,27525,99.41891904277452
random,4,4,5506,44.379999999999995,27530,99.41902934176731
random,4,4,5507,44.379999999999995,27535,99.41913959889483
random,4,4,5508,44.42,27540,99.41872638003413
random,4,4,5509,44.42,27545,99.41883665280265
random,4,4,5510,44.48,27550,99.41816203036336
random,4,4,5511,44.51,27555,99.4178800160603
random,4,4,5512,44.51,27560,99.41799038657678
random,4,4,5513,44.55,27565,99.41757777722579
random,4,4,5514,44.59,27570,99.41716532427776
random,4,4,5515,44.629999999999995,27575,99.4167530276438
random,4,4,5516,44.629999999999995,27580,99.41686352803445
random,4,4,5517,44.68,27585,99.41632080931274
random,4,4,5518,44.7,27590,99.41617012828584
random,4,4,5519,44.7,27595,99.41628067627867
random,4,4,5520,44.7,27600,99.41639118241497
random,4,4,5521,44.7,27605,99.4165016467185
random,4,4,5522,44.72,27610,99.41635104553036
random,4,4,5523,44.73,27615,99.41633098847929
random,4,4,5524,44.73,27620,99.41644140147997
random,4,4,5525,44.74,27625,99.41642133492641
random,4,4,5526,44.79,27630,99.41587962347124
random,4,4,5527,44.83,27635,99.41546850531789
random,4,4,5528,44.9,27640,99.41466645113182
random,4,4,5529,44.96,27645,99.41399503929075
random,4,4,5530,44.97,27650,99.41397545395074
random,4,4,5531,44.98,27655,99.41395587601089
random,4,4,5532,44.98,27660,99.41406657079139
random,4,4,5533,44.98,27665,99.41417722376268
random,4,4,5534,44.98,27670,99.41428783494844
random,4,4,5535,44.98,27675,99.41439840437235
random,4,4,5536,44.98,27680,99.41450893205804
random,4,4,5537,44.98,27685,99.41461941802915
random,4,4,5538,44.99,27690,99.41459974444852
random,4,4,5539,44.99,27695,99.41471017160609
random,4,4,5540,44.99,27700,99.4148205571106
random,4,4,5541,44.99,27705,99.41493090098561
random,4,4,5542,44.99,27710,99.41504120325465
random,4,4,5543,44.99,27715,99.41515146394127
random,4,4,5544,44.99,27720,99.41526168306898
random,4,4,5545,44.99,27725,99.41537186066124
random,4,4,5546,44.99,27730,99.41548199674156
random,4,4,5547,44.99,27735,99.41559209133338
random,4,4,5548,45.0,27740,99.41557227163162
random,4,4,5549,45.01,27745,99.41555245939317
random,4,4,5550,45.01,27750,99.4156624785466
random,4,4,5551,45.01,27755,99.41577245628677
random,4,4,5552,45.01,27760,99.41588239263707
random,4,4,5553,45.01,27765,99.41599228762088
random,4,4,5554,45.01,27770,99.4161021412615
random,4,4,5555,45.01,27775,99.4162119535823
random,4,4,5556,45.01,27780,99.41632172460656
random,4,4,5557,45.01,27785,99.41643145435758
random,4,4,5558,45.01,27790,99.41654114285863
random,4,4,5559,45.01,27795,99.41665079013296
random,4,4,5560,45.01,27800,99.41676039620383
random,4,4,5561,45.01,27805,99.41686996109443
random,4,4,5562,45.019999999999996,27810,99.41684995349826
random,4,4,5563,45.019999999999996,27815,99.41695946042202
random,4,4,5564,45.019999999999996,27820,99.41706892622594
random,4,4,5565,45.019999999999996,27825,99.4171783509332
random,4,4,5566,45.03,27830,99.41715830047865
random,4,4,5567,45.03,27835,99.41726766734952
random,4,4,5568,45.03,27840,99.41737699318396
random,4,4,5569,45.06,27845,99.41709819424626
random,4,4,5570,45.1,27850,99.41669016288701
random,4,4,5571,45.11,27855,99.41667022276705
random,4,4,5572,45.11,27860,99.41677957862292
random,4,4,5573,45.11,27865,99.41688889348495
random,4,4,5574,45.11,27870,99.41699816737619
random,4,4,5575,45.11,27875,99.41710740031968
random,4,4,5576,45.11,27880,99.41721659233842
random,4,4,5577,45.11,27885,99.41732574345541
random,4,4,5578,45.11,27890,99.41743485369362
random,4,4,5579,45.11,27895,99.41754392307602
random,4,4,5580,45.11,27900,99.41765295162557
random,4,4,5581,45.11,27905,99.41776193936516
random,4,4,5582,45.11,27910,99.4178708863177
random,4,4,5583,45.11,27915,99.41797979250612
random,4,4,5584,45.11,27920,99.41808865795326
random,4,4,5585,45.11,27925,99.41819748268199
random,4,4,5586,45.11,27930,99.41830626671515
random,4,4,5587,45.11,27935,99.41841501007556
random,4,4,5588,45.11,27940,99.41852371278603
random,4,4,5589,45.11,27945,99.41863237486935
random,4,4,5590,45.11,27950,99.41874099634829
random,4,4,5591,45.11,27955,99.4188495772456
random,4,4,5592,45.11,27960,99.41895811758403
random,4,4,5593,45.11,27965,99.41906661738628
random,4,4,5594,45.11,27970,99.41917507667507
random,4,4,5595,45.11,27975,99.41928349547308
random,4,4,5596,45.11,27980,99.419391873803
random,4,4,5597,45.11,27985,99.41950021168746
random,4,4,5598,45.11,27990,99.41960850914911
random,4,4,5599,45.11,27995,99.41971676621057
random,4,4,5600,45.11,28000,99.41982498289443
random,4,4,5601,45.11,28005,99.41993315922328
random,4,4,5602,45.11,28010,99.42004129521968
random,4,4,5603,45.11,28015,99.4201493909062
random,4,4,5604,45.11,28020,99.42025744630538
random,4,4,5605,45.11,28025,99.42036546143972
random,4,4,5606,45.11,28030,99.42047343633172
random,4,4,5607,45.11,28035,99.42058137100389
random,4,4,5608,45.11,28040,99.42068926547869
random,4,4,5609,45.11,28045,99.42079711977854
random,4,4,5610,45.11,28050,99.42090493392591
random,4,4,5611,45.11,28055,99.4210127079432
random,4,4,5612,45.11,28060,99.42112044185282
random,4,4,5613,45.11,28065,99.42122813567717
random,4,4,5614,45.12,28070,99.4212075109614
random,4,4,5615,45.15,28075,99.4209303846741
random,4,4,5616,45.2,28080,99.42039689989281
random,4,4,5617,45.2,28085,99.42050464814247
random,4,4,5618,45.2,28090,99.42061235633878
random,4,4,5619,45.21,28095,99.42059186521745
random,4,4,5620,45.23,28100,99.42044324623538
random,4,4,5621,45.23,28105,99.42055090581357
random,4,4,5622,45.24,28110,99.42053043752259
random,4,4,5623,45.269999999999996,28115,99.42025384864617
random,4,4,5624,45.28,28120,99.42023344310657
random,4,4,5625,45.32,28125,99.41982899549254
random,4,4,5626,45.32,28130,99.4199366691668
random,4,4,5627,45.32,28135,99.42004430288225
random,4,4,5628,45.32,28140,99.42015189666114
random,4,4,5629,45.32,28145,99.42025945052569
random,4,4,5630,45.32,28150,99.42036696449811
random,4,4,5631,45.32,28155,99.42047443860059
random,4,4,5632,45.32,28160,99.42058187285531
random,4,4,5633,45.32,28165,99.42068926728442
random,4,4,5634,45.32,28170,99.42079662191004
random,4,4,5635,45.32,28175,99.42090393675433
random,4,4,5636,45.37,28180,99.42037243338818
random,4,4,5637,45.440000000000005,28185,99.4195856628462
random,4,4,5638,45.440000000000005,28190,99.41969314231565
random,4,4,5639,45.48,28195,99.4192898430627
random,4,4,5640,45.49,28200,99.41926967640465
random,4,4,5641,45.49,28205,99.41937715468002
random,4,4,5642,45.49,28210,99.4194845931798
random,4,4,5643,45.49,28215,99.4195919919261
random,4,4,5644,45.49,28220,99.41969935094093
random,4,4,5645,45.49,28225,99.41980667024637
random,4,4,5646,45.49,28230,99.41991394986445
random,4,4,5647,45.51,28235,99.41976619803427
random,4,4,5648,45.57,28240,99.41910861152043
random,4,4,5649,45.6,28245,99.41883361435787
random,4,4,5650,45.64,28250,99.41843129359536
random,4,4,5651,45.7,28255,99.41777431811435
random,4,4,5652,45.76,28260,99.41711684285211
random,4,4,5653,45.82,28265,99.41645960874011
random,4,4,5654,45.82,28270,99.41656734814453
random,4,4,5655,45.82,28275,99.41667430515241
random,4,4,5656,45.87,28280,99.41614479914465
random,4,4,5657,45.9,28285,99.4158700100791
random,4,4,5658,45.9,28290,99.41597703606438
random,4,4,5659,45.910000000000004,28295,99.41595309305696
random,4,4,5660,45.92,28300,99.41592544400223
random,4,4,5661,45.92,28305,99.4160286898797
random,4,4,5662,45.92,28310,99.41613561115038
random,4,4,5663,45.92,28315,99.41623878274599
random,4,4,5664,45.92,28320,99.41633820862096
random,4,4,5665,45.92,28325,99.41644130863546
random,4,4,5666,45.92,28330,99.41654807887782
random,4,4,5667,45.92,28335,99.41665481005711
random,4,4,5668,45.92,28340,99.41676150219476
random,4,4,5669,45.92,28345,99.41686815531219
random,4,4,5670,45.96,28350,99.41646690773169
random,4,4,5671,46.0,28355,99.41606580684473
random,4,4,5672,46.050000000000004,28360,99.41553793355536
random,4,4,5673,46.11,28365,99.41488409984657
random,4,4,5674,46.11,28370,99.41499174061208
random,4,4,5675,46.11,28375,99.41509859983915
random,4,4,5676,46.129999999999995,28380,99.41494805809174
random,4,4,5677,46.14,28385,99.41492066430725
random,4,4,5678,46.14,28390,99.41502006351864
random,4,4,5679,46.160000000000004,28395,99.41486590465712
random,4,4,5680,46.160000000000004,28400,99.41496527940605
random,4,4,5681,46.18,28405,99.41481118220052
random,4,4,5682,46.18,28410,99.4149105324973
random,4,4,5683,46.18,28415,99.41500984906546
random,4,4,5684,46.18,28420,99.41510913192215
random,4,4,5685,46.22,28425,99.41470184871652
random,4,4,5686,46.27,28430,99.41416809210236
random,4,4,5687,46.27,28435,99.41426746722264
random,4,4,5688,46.27,28440,99.41436680863451
random,4,4,5689,46.29,28445,99.41421672842131
random,4,4,5690,46.29,28450,99.41432345439087
random,4,4,5691,46.29,28455,99.41442643771656
random,4,4,5692,46.300000000000004,28460,99.41439920267227
random,4,4,5693,46.300000000000004,28465,99.41449843507951
random,4,4,5694,46.32,28470,99.41434846266472
random,4,4,5695,46.32,28475,99.414451370515
random,4,4,5696,46.33,28480,99.41442415004292
random,4,4,5697,46.33,28485,99.41452700909612
random,4,4,5698,46.33,28490,99.41462983202037
random,4,4,5699,46.36,28495,99.4143536414672
random,4,4,5700,46.37,28500,99.41433015511346
random,4,4,5701,46.379999999999995,28505,99.4143103750914
random,4,4,5702,46.45,28510,99.41353305615563
random,4,4,5703,46.46,28515,99.4135097264476
random,4,4,5704,46.46,28520,99.4136163187827
random,4,4,5705,46.47,28525,99.4135966827264
random,4,4,5706,46.5,28530,99.41332472035145
random,4,4,5707,46.51,28535,99.41330514439682
random,4,4,5708,46.54,28540,99.41303333375373
random,4,4,5709,46.57,28545,99.41276162182201
random,4,4,5710,46.62,28550,99.41223415320492
random,4,4,5711,46.64,28555,99.41208132538854
random,4,4,5712,46.650000000000006,28560,99.41205458250833
random,4,4,5713,46.650000000000006,28565,99.41215386069369
random,4,4,5714,46.650000000000006,28570,99.41225310535725
random,4,4,5715,46.650000000000006,28575,99.4123560177767
random,4,4,5716,46.650000000000006,28580,99.41246259408155
random,4,4,5717,46.650000000000006,28585,99.41256987144536
random,4,4,5718,46.650000000000006,28590,99.41267710964115
random,4,4,5719,46.650000000000006,28595,99.41278356952064
random,4,4,5720,46.69,28600,99.41238657387015
random,4,4,5721,46.71,28605,99.41223768700242
random,4,4,5722,46.73,28610,99.41208885220823
random,4,4,5723,46.77,28615,99.41168849301938
random,4,4,5724,46.77,28620,99.41179133873122
random,4,4,5725,46.81,28625,99.41139117149629
random,4,4,5726,46.81,28630,99.41149403322085
random,4,4,5727,46.81,28635,99.41159685900071
random,4,4,5728,46.81,28640,99.4116996488547
random,4,4,5729,46.83,28645,99.41155109000643
random,4,4,5730,46.9,28650,99.4107707093994
random,4,4,5731,46.910000000000004,28655,99.4107479769977
random,4,4,5732,46.910000000000004,28660,99.41085084391126
random,4,4,5733,46.97,28665,99.41019655510588
random,4,4,5734,47.04,28670,99.40941693732964
random,4,4,5735,47.089999999999996,28675,99.40888863783289
random,4,4,5736,47.089999999999996,28680,99.40899175926926
random,4,4,5737,47.11,28685,99.40884016724641
random,4,4,5738,47.14,28690,99.40856316229258
random,4,4,5739,47.17,28695,99.40828625046414
random,4,4,5740,47.18,28700,99.40826027517528
random,4,4,5741,47.19,28705,99.40823430861603
random,4,4,5742,47.199999999999996,28710,99.40821206068836
random,4,4,5743,47.199999999999996,28715,99.40831146885424
random,4,4,5744,47.199999999999996,28720,99.4084108436287
random,4,4,5745,47.199999999999996,28725,99.40851389115151
random,4,4,5746,47.21,28730,99.40849531532298
random,4,4,5747,47.21,28735,99.40859831160518
random,4,4,5748,47.21,28740,99.40870127202497
random,4,4,5749,47.21,28745,99.4088041966011
random,4,4,5750,47.21,28750,99.408903384939
random,4,4,5751,47.21,28755,99.40900253999968
random,4,4,5752,47.21,28760,99.40910166179988
random,4,4,5753,47.21,28765,99.40920075035635
random,4,4,5754,47.21,28770,99.40929980568579
random,4,4,5755,47.21,28775,99.40939882780492
random,4,4,5756,47.21,28780,99.40949781673044
random,4,4,5757,47.21,28785,99.40959677247902
random,4,4,5758,47.21,28790,99.40969938556721
random,4,4,5759,47.21,28795,99.40980196299292
random,4,4,5760,47.21,28800,99.40990450477476
random,4,4,5761,47.21,28805,99.4100070109313
random,4,4,5762,47.21,28810,99.41010948148111
random,4,4,5763,47.21,28815,99.41021191644273
random,4,4,5764,47.21,28820,99.41031799860355
random,4,4,5765,47.21,28825,99.41042404261033
random,4,4,5766,47.21,28830,99.41052636836297
random,4,4,5767,47.21,28835,99.41062497971332
random,4,4,5768,47.21,28840,99.41072355807637
random,4,4,5769,47.21,28845,99.41082210346867
random,4,4,5770,47.21,28850,99.41092061590676
random,4,4,5771,47.21,28855,99.41101909540717
random,4,4,5772,47.21,28860,99.41112121472932
random,4,4,5773,47.21,28865,99.4112232986461
random,4,4,5774,47.21,28870,99.4113290173272
random,4,4,5775,47.21,28875,99.41143102921652
random,4,4,5776,47.21,28880,99.41152933814813
random,4,4,5777,47.21,28885,99.41162761424407
random,4,4,5778,47.21,28890,99.41172585752078
random,4,4,5779,47.21,28895,99.41182406799469
random,4,4,5780,47.21,28900,99.41192224568222
random,4,4,5781,47.21,28905,99.4120240520896
random,4,4,5782,47.21,28910,99.41212948343104
random,4,4,5783,47.21,28915,99.41223560873641
random,4,4,5784,47.21,28920,99.41234169573217
random,4,4,5785,47.21,28925,99.41244774443904
random,4,4,5786,47.21,28930,99.41255375487775
random,4,4,5787,47.21,28935,99.41265972706903
random,4,4,5788,47.21,28940,99.41276566103356
random,4,4,5789,47.21,28945,99.41287155679203
random,4,4,5790,47.21,28950,99.41297741436507
random,4,4,5791,47.21,28955,99.41308323377339
random,4,4,5792,47.21,28960,99.41318901503757
random,4,4,5793,47.21,28965,99.41329475817827
random,4,4,5794,47.21,28970,99.41340046321608
random,4,4,5795,47.21,28975,99.41350613017158
random,4,4,5796,47.21,28980,99.41361175906536
random,4,4,5797,47.21,28985,99.41371734991797
random,4,4,5798,47.21,28990,99.41382290274998
random,4,4,5799,47.21,28995,99.4139284175819
random,4,4,5800,47.21,29000,99.41403389443425
random,4,4,5801,47.21,29005,99.41413933332754
random,4,4,5802,47.21,29010,99.41424473428225
random,4,4,5803,47.21,29015,99.41435009731886
random,4,4,5804,47.21,29020,99.41445542245782
random,4,4,5805,47.21,29025,99.41456070971958
random,4,4,5806,47.21,29030,99.41466595912458
random,4,4,5807,47.21,29035,99.41477117069319
random,4,4,5808,47.21,29040,99.41487634444584
random,4,4,5809,47.21,29045,99.41498148040293
random,4,4,5810,47.21,29050,99.4150865785848
random,4,4,5811,47.21,29055,99.41519163901184
random,4,4,5812,47.21,29060,99.41529666170435
random,4,4,5813,47.21,29065,99.41540164668268
random,4,4,5814,47.21,29070,99.41550659396712
random,4,4,5815,47.21,29075,99.415611503578
random,4,4,5816,47.21,29080,99.41571637553558
random,4,4,5817,47.21,29085,99.41582120986013
random,4,4,5818,47.21,29090,99.41592600657192
random,4,4,5819,47.21,29095,99.41603076569116
random,4,4,5820,47.21,29100,99.4161354872381
random,4,4,5821,47.21,29105,99.41624017123291
random,4,4,5822,47.21,29110,99.41634481769584
random,4,4,5823,47.22,29115,99.41632581923899
random,4,4,5824,47.22,29120,99.41643041284891
random,4,4,5825,47.22,29125,99.41653496897948
random,4,4,5826,47.22,29130,99.41663948765085
random,4,4,5827,47.22,29135,99.41674396888313
random,4,4,5828,47.22,29140,99.41684841269645
random,4,4,5829,47.22,29145,99.4169528191109
random,4,4,5830,47.22,29150,99.41705718814659
random,4,4,5831,47.22,29155,99.41716151982355
random,4,4,5832,47.22,29160,99.41726581416185
random,4,4,5833,47.22,29165,99.41737007118154
random,4,4,5834,47.22,29170,99.41747429090263
random,4,4,5835,47.22,29175,99.41757847334515
random,4,4,5836,47.22,29180,99.41768261852908
random,4,4,5837,47.22,29185,99.41778672647443
random,4,4,5838,47.25,29190,99.4175209692451
random,4,4,5839,47.25,29195,99.41762506886815
random,4,4,5840,47.260000000000005,29200,99.41760589935895
random,4,4,5841,47.260000000000005,29205,99.41770994661314
random,4,4,5842,47.28,29210,99.41756758088518
random,4,4,5843,47.31,29215,99.41730210010185
random,4,4,5844,47.339999999999996,29220,99.41703671412633
random,4,4,5845,47.339999999999996,29225,99.41714078869445
random,4,4,5846,47.339999999999996,29230,99.41724482610901
random,4,4,5847,47.339999999999996,29235,99.41734882638988
random,4,4,5848,47.339999999999996,29240,99.41745278955698
random,4,4,5849,47.370000000000005,29245,99.41718761342203
random,4,4,5850,47.39,29250,99.41704554400881
random,4,4,5851,47.39,29255,99.41714950564095
random,4,4,5852,47.44,29260,99.41663858891467
random,4,4,5853,47.44,29265,99.41674258602863
random,4,4,5854,47.46,29270,99.41660069722732
random,4,4,5855,47.46,29275,99.41670466402755
random,4,4,5856,47.47,29280,99.41668571316224
random,4,4,5857,47.47,29285,99.41678962777492
random,4,4,5858,47.47,29290,99.41689350537042
random,4,4,5859,47.47,29295,99.41699734596854
random,4,4,5860,47.47,29300,99.41710114958902
random,4,4,5861,47.47,29305,99.4172049162516
random,4,4,5862,47.47,29310,99.41730864597604
random,4,4,5863,47.47,29315,99.41741233878203
random,4,4,5864,47.47,29320,99.4175159946893
random,4,4,5865,47.47,29325,99.41761961371753
random,4,4,5866,47.47,29330,99.41772319588641
random,4,4,5867,47.47,29335,99.41782674121559
random,4,4,5868,47.47,29340,99.41793024972472
random,4,4,5869,47.47,29345,99.41803372143345
random,4,4,5870,47.47,29350,99.41813715636138
random,4,4,5871,47.47,29355,99.41824055452815
random,4,4,5872,47.47,29360,99.41834391595333
random,4,4,5873,47.47,29365,99.4184472406565
random,4,4,5874,47.47,29370,99.41855052865724
random,4,4,5875,47.47,29375,99.41865377997509
random,4,4,5876,47.47,29380,99.4187569946296
random,4,4,5877,47.47,29385,99.41886017264028
random,4,4,5878,47.47,29390,99.41896331402664
random,4,4,5879,47.47,29395,99.4190664188082
random,4,4,5880,47.5,29400,99.41880241484537
random,4,4,5881,47.5,29405,99.41890551158947
random,4,4,5882,47.52,29410,99.41876394379427
random,4,4,5883,47.52,29415,99.41886701079719
random,4,4,5884,47.52,29420,99.41897004125411
random,4,4,5885,47.57,29425,99.41846179048243
random,4,4,5886,47.58,29430,99.418442628962
random,4,4,5887,47.58,29435,99.41854567984817
random,4,4,5888,47.620000000000005,29440,99.41815995835971
random,4,4,5889,47.64,29445,99.418018698165
random,4,4,5890,47.64,29450,99.41812176937884
random,4,4,5891,47.64,29455,99.4182248040905
random,4,4,5892,47.67,29460,99.41796151000344
random,4,4,5893,47.71,29465,99.41757623330155
random,4,4,5894,47.75,29470,99.41719109297115
random,4,4,5895,47.8,29475,99.41668405631562
random,4,4,5896,47.8,29480,99.41678725423927
random,4,4,5897,47.8,29485,99.41689041565466
random,4,4,5898,47.81,29490,99.41687157270262
random,4,4,5899,47.81,29495,99.41697468272618
random,4,4,5900,47.81,29500,99.41707775629193
random,4,4,5901,47.83,29505,99.41693698701609
random,4,4,5902,47.83,29510,99.41704003081169
random,4,4,5903,47.83,29515,99.41714303819218
random,4,4,5904,47.839999999999996,29520,99.41712417058378
random,4,4,5905,47.839999999999996,29525,99.4172271267129
random,4,4,5906,47.85,29530,99.41720825091835
random,4,4,5907,47.85,29535,99.41731115584278
random,4,4,5908,47.85,29540,99.4174140244333
random,4,4,5909,47.85,29545,99.41751685670914
random,4,4,5910,47.85,29550,99.41761965268954
random,4,4,5911,47.85,29555,99.4177224123937
random,4,4,5912,47.86,29560,99.41770346920252
random,4,4,5913,47.86,29565,99.41780617787201
random,4,4,5914,47.86,29570,99.41790885031526
random,4,4,5915,47.86,29575,99.41801148655139
random,4,4,5916,47.86,29580,99.4181140865996
random,4,4,5917,47.86,29585,99.41821665047901
random,4,4,5918,47.86,29590,99.41831917820872
random,4,4,5919,47.86,29595,99.41842166980787
random,4,4,5920,47.86,29600,99.41852412529553
random,4,4,5921,47.86,29605,99.4186265446908
random,4,4,5922,47.86,29610,99.41872892801274
random,4,4,5923,47.870000000000005,29615,99.41870984428904
random,4,4,5924,47.9,29620,99.41844794805611
random,4,4,5925,47.94,29625,99.41806475577292
random,4,4,5926,47.949999999999996,29630,99.41804579900673
random,4,4,5927,47.980000000000004,29635,99.41778415785598
random,4,4,5928,47.980000000000004,29640,99.41788658130297
random,4,4,5929,47.980000000000004,29645,99.41798896871964
random,4,4,5930,47.980000000000004,29650,99.41809132012497
random,4,4,5931,47.980000000000004,29655,99.41819363553796
random,4,4,5932,47.99,29660,99.41817467611037
random,4,4,5933,48.02,29665,99.41791328823231
random,4,4,5934,48.02,29670,99.41801558099061
random,4,4,5935,48.02,29675,99.41811783780247
random,4,4,5936,48.04,29680,99.41797775133936
random,4,4,5937,48.04,29685,99.4180799788745
random,4,4,5938,48.04,29690,99.41818217050509
random,4,4,5939,48.04,29695,99.41828432624999
random,4,4,5940,48.04,29700,99.41838644612811
random,4,4,5941,48.06,29705,99.41824643545816
random,4,4,5942,48.06,29710,99.41834852614406
random,4,4,5943,48.06,29715,99.4184505810049
random,4,4,5944,48.06,29720,99.41855260005953
random,4,4,5945,48.06,29725,99.41865458332678
random,4,4,5946,48.06,29730,99.41875653082549
random,4,4,5947,48.06,29735,99.41885844257449
random,4,4,5948,48.06,29740,99.41896031859254
random,4,4,5949,48.06,29745,99.41906215889847
random,4,4,5950,48.06,29750,99.41916396351102
random,4,4,5951,48.1,29755,99.41878239140233
random,4,4,5952,48.1,29760,99.41888420935634
random,4,4,5953,48.1,29765,99.41898599164355
random,4,4,5954,48.1,29770,99.41908773828271
random,4,4,5955,48.120000000000005,29775,99.4189479480241
random,4,4,5956,48.15,29780,99.4186874772123
random,4,4,5957,48.19,29785,99.41830638921446
random,4,4,5958,48.230000000000004,29790,99.41792543459475
random,4,4,5959,48.24,29795,99.417906611659
random,4,4,5960,48.24,29800,99.41800844032535
random,4,4,5961,48.28,29805,99.41762773771053
random,4,4,5962,48.28,29810,99.41772957953032
random,4,4,5963,48.28,29815,99.41783138573736
random,4,4,5964,48.28,29820,99.41793315635029
random,4,4,5965,48.28,29825,99.4180348913878
random,4,4,5966,48.309999999999995,29830,99.41777503531193
random,4,4,5967,48.35,29835,99.41739477257912
random,4,4,5968,48.35,29840,99.4174965483508
random,4,4,5969,48.39,29845,99.4171164670922
random,4,4,5970,48.39,29850,99.41721825591814
random,4,4,5971,48.39,29855,99.41732000919957
random,4,4,5972,48.39,29860,99.41742172695511
random,4,4,5973,48.39,29865,99.41752340920334
random,4,4,5974,48.39,29870,99.41762505596287
random,4,4,5975,48.39,29875,99.41772666725227
random,4,4,5976,48.39,29880,99.41782824309009
random,4,4,5977,48.39,29885,99.4179297834949
random,4,4,5978,48.39,29890,99.41803128848522
random,4,4,5979,48.39,29895,99.41813275807958
random,4,4,5980,48.39,29900,99.41823419229651
random,4,4,5981,48.39,29905,99.41833559115447
random,4,4,5982,48.39,29910,99.41843695467198
random,4,4,5983,48.39,29915,99.41853828286749
random,4,4,5984,48.39,29920,99.41863957575947
random,4,4,5985,48.39,29925,99.41874083336637
random,4,4,5986,48.39,29930,99.41884205570662
random,4,4,5987,48.39,29935,99.41894324279863
random,4,4,5988,48.39,29940,99.41904439466083
random,4,4,5989,48.39,29945,99.4191455113116
random,4,4,5990,48.39,29950,99.41924659276933
random,4,4,5991,48.39,29955,99.41934763905238
random,4,4,5992,48.39,29960,99.41944865017912
random,4,4,5993,48.39,29965,99.41954962616789
random,4,4,5994,48.39,29970,99.41965056703702
random,4,4,5995,48.39,29975,99.41975147280482
random,4,4,5996,48.39,29980,99.41985234348961
random,4,4,5997,48.39,29985,99.41995317910968
random,4,4,5998,48.39,29990,99.4200539796833
random,4,4,5999,48.39,29995,99.42015474522877
random,4,4,6000,48.39,30000,99.42025547576431
random,4,4,6001,48.39,30005,99.42035617130817
random,4,4,6002,48.39,30010,99.4204568318786
random,4,4,6003,48.39,30015,99.42055745749377
random,4,4,6004,48.39,30020,99.42065804817194
random,4,4,6005,48.39,30025,99.42075860393128
random,4,4,6006,48.39,30030,99.42085912478996
random,4,4,6007,48.39,30035,99.42095961076616
random,4,4,6008,48.39,30040,99.42106006187802
random,4,4,6009,48.39,30045,99.4211604781437
random,4,4,6010,48.39,30050,99.42126085958131
random,4,4,6011,48.39,30055,99.42136120620899
random,4,4,6012,48.39,30060,99.42146151804481
random,4,4,6013,48.39,30065,99.42156179510688
random,4,4,6014,48.39,30070,99.4216620374133
random,4,4,6015,48.39,30075,99.42176224498209
random,4,4,6016,48.39,30080,99.42186241783133
random,4,4,6017,48.39,30085,99.42196255597908
random,4,4,6018,48.39,30090,99.42206265944334
random,4,4,6019,48.39,30095,99.42216272824214
random,4,4,6020,48.39,30100,99.42226276239347
random,4,4,6021,48.4,30105,99.42224339071507
random,4,4,6022,48.4,30110,99.42234337628362
random,4,4,6023,48.4,30115,99.42244332725149
random,4,4,6024,48.4,30120,99.42254324363664
random,4,4,6025,48.4,30125,99.42264312545703
random,4,4,6026,48.4,30130,99.42274297273057
random,4,4,6027,48.4,30135,99.4228427854752
random,4,4,6028,48.4,30140,99.4229425637088
random,4,4,6029,48.4,30145,99.42304230744931
random,4,4,6030,48.4,30150,99.42314201671458
random,4,4,6031,48.4,30155,99.42324169152249
random,4,4,6032,48.4,30160,99.4233413318909
random,4,4,6033,48.4,30165,99.42344093783764
random,4,4,6034,48.4,30170,99.42354050938057
random,4,4,6035,48.4,30175,99.4236400465375
random,4,4,6036,48.4,30180,99.42373954932623
random,4,4,6037,48.4,30185,99.42383901776456
random,4,4,6038,48.4,30190,99.4239384518703
random,4,4,6039,48.4,30195,99.42403785166118
random,4,4,6040,48.4,30200,99.42413721715499
random,4,4,6041,48.4,30205,99.42423654836948
random,4,4,6042,48.4,30210,99.42433584532237
random,4,4,6043,48.4,30215,99.42443510803139
random,4,4,6044,48.4,30220,99.42453433651424
random,4,4,6045,48.4,30225,99.42463353078864
random,4,4,6046,48.4,30230,99.42473269087226
random,4,4,6047,48.4,30235,99.42483181678278
random,4,4,6048,48.4,30240,99.42493090853787
random,4,4,6049,48.4,30245,99.42502996615518
random,4,4,6050,48.41,30250,99.42501021465019
random,4,4,6051,48.41,30255,99.42510922449716
random,4,4,6052,48.41,30260,99.42520820025219
random,4,4,6053,48.41,30265,99.42530714193288
random,4,4,6054,48.41,30270,99.4254060495568
random,4,4,6055,48.41,30275,99.42550492314155
random,4,4,6056,48.41,30280,99.42560376270471
random,4,4,6057,48.41,30285,99.4257025682638
random,4,4,6058,48.42,30290,99.42568272825612
random,4,4,6059,48.47,30295,99.42518853033503
random,4,4,6060,48.52,30300,99.42469450234651
random,4,4,6061,48.559999999999995,30305,99.42431919461592
random,4,4,6062,48.559999999999995,30310,99.42441813604404
random,4,4,6063,48.61,30315,99.42392449511918
random,4,4,6064,48.64,30320,99.42366800243614
random,4,4,6065,48.69,30325,99.42317465996449
random,4,4,6066,48.69,30330,99.42327372999404
random,4,4,6067,48.69,30335,99.42337276599878
random,4,4,6068,48.699999999999996,30340,99.42335336006195
random,4,4,6069,48.699999999999996,30345,99.42345234839578
random,4,4,6070,48.699999999999996,30350,99.42355130275038
random,4,4,6071,48.699999999999996,30355,99.42365022314323
random,4,4,6072,48.699999999999996,30360,99.4237491095918
random,4,4,6073,48.699999999999996,30365,99.42384796211357
random,4,4,6074,48.699999999999996,30370,99.423946780726
random,4,4,6075,48.699999999999996,30375,99.42404556544652
random,4,4,6076,48.699999999999996,30380,99.42414431629257
random,4,4,6077,48.699999999999996,30385,99.42424303328158
random,4,4,6078,48.72,30390,99.42410530645824
random,4,4,6079,48.72,30395,99.42420399629846
random,4,4,6080,48.72,30400,99.42430265231992
random,4,4,6081,48.76,30405,99.42392869758973
random,4,4,6082,48.82,30410,99.42331862295764
random,4,4,6083,48.84,30415,99.42318117236891
random,4,4,6084,48.85,30420,99.42316185240028
random,4,4,6085,48.85,30425,99.42326060238275
random,4,4,6086,48.88,30430,99.42300518917591
random,4,4,6087,48.91,30435,99.42274986338846
random,4,4,6088,49.0,30440,99.42178660857786
random,4,4,6089,49.05,30445,99.42129561352694
random,4,4,6090,49.05,30450,99.42139459826737
random,4,4,6091,49.07,30455,99.42125766476819
random,4,4,6092,49.09,30460,99.4211207780967
random,4,4,6093,49.11,30465,99.42098393822886
random,4,4,6094,49.13,30470,99.42084714514068
random,4,4,6095,49.13,30475,99.42094612194194
random,4,4,6096,49.13,30480,99.42104506491884
random,4,4,6097,49.13,30485,99.42114397408875
random,4,4,6098,49.13,30490,99.42124284946895
random,4,4,6099,49.15,30495,99.4211061289726
random,4,4,6100,49.15,30500,99.42120497704839
random,4,4,6101,49.15,30505,99.42130379137267
random,4,4,6102,49.15,30510,99.42140257196269
random,4,4,6103,49.15,30515,99.42150131883575
random,4,4,6104,49.15,30520,99.42160003200911
random,4,4,6105,49.16,30525,99.42158105101406
random,4,4,6106,49.16,30530,99.4216797169101
random,4,4,6107,49.17,30535,99.42166072879922
random,4,4,6108,49.19,30540,99.42152414686866
random,4,4,6109,49.19,30545,99.42162277200131
random,4,4,6110,49.19,30550,99.42172136351026
random,4,4,6111,49.19,30555,99.42181992141265
random,4,4,6112,49.2,30560,99.4218009255886
random,4,4,6113,49.2,30565,99.42189943635195
random,4,4,6114,49.2,30570,99.42199791355344
random,4,4,6115,49.2,30575,99.42209635721024
random,4,4,6116,49.2,30580,99.42219476733945
random,4,4,6117,49.2,30585,99.4222931439582
random,4,4,6118,49.2,30590,99.42239148708364
random,4,4,6119,49.2,30595,99.42248979673283
random,4,4,6120,49.2,30600,99.4225880729229
random,4,4,6121,49.2,30605,99.42268631567089
random,4,4,6122,49.2,30610,99.4227845249939
random,4,4,6123,49.2,30615,99.42288270090896
random,4,4,6124,49.2,30620,99.42298084343312
random,4,4,6125,49.2,30625,99.42307895258342
random,4,4,6126,49.2,30630,99.42317702837687
random,4,4,6127,49.2,30635,99.4232750708305
random,4,4,6128,49.2,30640,99.42337307996128
random,4,4,6129,49.2,30645,99.42347105578621
random,4,4,6130,49.2,30650,99.42356899832225
random,4,4,6131,49.2,30655,99.4236669075864
random,4,4,6132,49.2,30660,99.42376478359557
random,4,4,6133,49.2,30665,99.42386195170278
random,4,4,6134,49.2,30670,99.42395976148187
random,4,4,6135,49.2,30675,99.42405753805669
random,4,4,6136,49.2,30680,99.4241552814441
random,4,4,6137,49.2,30685,99.42425299166104
random,4,4,6138,49.2,30690,99.42435066872434
random,4,4,6139,49.2,30695,99.42444763935796
random,4,4,6140,49.2,30700,99.424545250393
random,4,4,6141,49.2,30705,99.42464282832488
random,4,4,6142,49.2,30710,99.42474037317045
random,4,4,6143,49.2,30715,99.42483788494654
random,4,4,6144,49.2,30720,99.42493536366995
random,4,4,6145,49.2,30725,99.42503280935748
random,4,4,6146,49.2,30730,99.42513022202593
random,4,4,6147,49.2,30735,99.42522760169209
random,4,4,6148,49.2,30740,99.42532494837269
random,4,4,6149,49.2,30745,99.42542226208452
random,4,4,6150,49.2,30750,99.42551954284433
random,4,4,6151,49.2,30755,99.42561679066884
random,4,4,6152,49.2,30760,99.42571400557478
random,4,4,6153,49.2,30765,99.42581118757884
random,4,4,6154,49.2,30770,99.42590833669776
random,4,4,6155,49.2,30775,99.4260054529482
random,4,4,6156,49.2,30780,99.42610253634683
random,4,4,6157,49.2,30785,99.42619958691036
random,4,4,6158,49.2,30790,99.42629660465539
random,4,4,6159,49.2,30795,99.4263935895986
random,4,4,6160,49.2,30800,99.42649054175662
random,4,4,6161,49.2,30805,99.42658746114606
random,4,4,6162,49.230000000000004,30810,99.42633476506876
random,4,4,6163,49.230000000000004,30815,99.42643167802812
random,4,4,6164,49.230000000000004,30820,99.42652789022138
random,4,4,6165,49.230000000000004,30825,99.42662407014218
random,4,4,6166,49.26,30830,99.4263708699809
random,4,4,6167,49.28,30835,99.42623418447363
random,4,4,6168,49.28,30840,99.4263303652604
random,4,4,6169,49.28,30845,99.42642651380686
random,4,4,6170,49.28,30850,99.42652329749104
random,4,4,6171,49.28,30855,99.42662004851856
random,4,4,6172,49.28,30860,99.42671676690593
random,4,4,6173,49.28,30865,99.42681345266966
random,4,4,6174,49.28,30870,99.42691010582627
random,4,4,6175,49.28,30875,99.42700672639222
random,4,4,6176,49.28,30880,99.42710331438404
random,4,4,6177,49.28,30885,99.42719920403006
random,4,4,6178,49.28,30890,99.42729572714732
random,4,4,6179,49.28,30895,99.42739155239867
random,4,4,6180,49.28,30900,99.42748668046832
random,4,4,6181,49.28,30905,99.42757911732421
random,4,4,6182,49.28,30910,99.42767418308851
random,4,4,6183,49.28,30915,99.42776589494024
random,4,4,6184,49.28,30920,99.42785425608862
random,4,4,6185,49.28,30925,99.4279492304942
random,4,4,6186,49.28,30930,99.4280441733741
random,4,4,6187,49.28,30935,99.4281357666961
random,4,4,6188,49.28,30940,99.42822733068718
random,4,4,6189,49.28,30945,99.42831886536143
random,4,4,6190,49.28,30950,99.42841368559505
random,4,4,6191,49.28,30955,99.42850847437971
random,4,4,6192,49.29,30960,99.42848463204568
random,4,4,6193,49.29,30965,99.42857937808013
random,4,4,6194,49.29,30970,99.42867409270572
random,4,4,6195,49.3,30975,99.42865288402812
random,4,4,6196,49.3,30980,99.42874424543835
random,4,4,6197,49.3,30985,99.42883226900726
random,4,4,6198,49.3,30990,99.42892026545361
random,4,4,6199,49.32,30995,99.42877990305936
random,4,4,6200,49.32,31000,99.42886457304384
random,4,4,6201,49.33,31005,99.42883012646092
random,4,4,6202,49.33,31010,99.42891476439985
random,4,4,6203,49.33,31015,99.42899937725859
random,4,4,6204,49.33,31020,99.42908396504832
random,4,4,6205,49.35,31025,99.42893709397832
random,4,4,6206,49.370000000000005,31030,99.42879357083272
random,4,4,6207,49.4,31035,99.42853441055753
random,4,4,6208,49.44,31040,99.428159666519
random,4,4,6209,49.46,31045,99.42801963652764
random,4,4,6210,49.46,31050,99.42811090439648
random,4,4,6211,49.46,31055,99.42819553261863
random,4,4,6212,49.47,31060,99.42816454342747
random,4,4,6213,49.51,31065,99.42779014426021
random,4,4,6214,49.53,31070,99.42765028080149
random,4,4,6215,49.53,31075,99.42774484329128
random,4,4,6216,49.53,31080,99.4278400354871
random,4,4,6217,49.53,31085,99.42793189236387
random,4,4,6218,49.53,31090,99.42802041711897
random,4,4,6219,49.53,31095,99.42810891448075
random,4,4,6220,49.53,31100,99.42819738446194
random,4,4,6221,49.54,31105,99.42817039921879
random,4,4,6222,49.559999999999995,31110,99.42802801231656
random,4,4,6223,49.58,31115,99.42788500927176
random,4,4,6224,49.59,31120,99.42785742470078
random,4,4,6225,49.59,31125,99.42794850498339
random,4,4,6226,49.59,31130,99.42803691751229
random,4,4,6227,49.63,31135,99.42766402044403
random,4,4,6228,49.65,31140,99.42752184410607
random,4,4,6229,49.66,31145,99.42749499663368
random,4,4,6230,49.66,31150,99.42758342458647
random,4,4,6231,49.66,31155,99.4276718252267
random,4,4,6232,49.69,31160,99.42741780293908
random,4,4,6233,49.71,31165,99.42727907442953
random,4,4,6234,49.74,31170,99.42702189619581
random,4,4,6235,49.74,31175,99.42711032790851
random,4,4,6236,49.78,31180,99.42673809600582
random,4,4,6237,49.85,31185,99.42602385944551
random,4,4,6238,49.88,31190,99.42577034037036
random,4,4,6239,49.88,31195,99.42586551809076
random,4,4,6240,49.919999999999995,31200,99.42549702218258
random,4,4,6241,49.980000000000004,31205,99.42489851150202
random,4,4,6242,50.029999999999994,31210,99.4244152401683
random,4,4,6243,50.029999999999994,31215,99.42451058093027
random,4,4,6244,50.029999999999994,31220,99.42460589011272
random,4,4,6245,50.06,31225,99.42435619541531
random,4,4,6246,50.09,31230,99.42410658339648
random,4,4,6247,50.160000000000004,31235,99.42339392908298
random,4,4,6248,50.23,31240,99.42268150247628
random,4,4,6249,50.239999999999995,31245,99.42265880330409
random,4,4,6250,50.29,31250,99.42217651823722
random,4,4,6251,50.29,31255,99.42226878689083
random,4,4,6252,50.32,31260,99.42201976067575
random,4,4,6253,50.349999999999994,31265,99.4217708168248
random,4,4,6254,50.4,31270,99.42129297387666
random,4,4,6255,50.42,31275,99.42115970114298
random,4,4,6256,50.44,31280,99.42102647277252
random,4,4,6257,50.5,31285,99.42043422674449
random,4,4,6258,50.5,31290,99.42053065622322
random,4,4,6259,50.5,31295,99.42062705361896
random,4,4,6260,50.5,31300,99.42072341894773
random,4,4,6261,50.5,31305,99.42081975222554
random,4,4,6262,50.5,31310,99.42091538943153
random,4,4,6263,50.5,31315,99.42101165887613
random,4,4,6264,50.5,31320,99.42110789631757
random,4,4,6265,50.5,31325,99.42120410177179
random,4,4,6266,50.5,31330,99.4213002752548
random,4,4,6267,50.5,31335,99.42139641678249
random,4,4,6268,50.5,31340,99.42149252637078
random,4,4,6269,50.5,31345,99.42158860403559
random,4,4,6270,50.519999999999996,31350,99.42145561401058
random,4,4,6271,50.519999999999996,31355,99.42155166590143
random,4,4,6272,50.519999999999996,31360,99.42164768590386
random,4,4,6273,50.529999999999994,31365,99.42162921316162
random,4,4,6274,50.55,31370,99.42149630467173
random,4,4,6275,50.55,31375,99.42159228606639
random,4,4,6276,50.57000000000001,31380,99.42145942779742
random,4,4,6277,50.6,31385,99.42121222866463
random,4,4,6278,50.6,31390,99.42130820941782
random,4,4,6279,50.63999999999999,31395,99.42094677032604
random,4,4,6280,50.68,31400,99.42058545106988
random,4,4,6281,50.68,31405,99.4206814879844
random,4,4,6282,50.68,31410,99.4207774930683
random,4,4,6283,50.690000000000005,31415,99.42075919511925
random,4,4,6284,50.71,31420,99.42062665094555
random,4,4,6285,50.72,31425,99.42060838404343
random,4,4,6286,50.72,31430,99.42070433763617
random,4,4,6287,50.73,31435,99.4206860639198
random,4,4,6288,50.73,31440,99.42078197288076
random,4,4,6289,50.74999999999999,31445,99.42064953463603
random,4,4,6290,50.78,31450,99.42040300139477
random,4,4,6291,50.78,31455,99.42049890958391
random,4,4,6292,50.79,31460,99.42048068497152
random,4,4,6293,50.82,31465,99.42023430200523
random,4,4,6294,50.82,31470,99.42033019050857
random,4,4,6295,50.82,31475,99.4204260472988
random,4,4,6296,50.82,31480,99.42052187239166
random,4,4,6297,50.82,31485,99.42061766580288
random,4,4,6298,50.82,31490,99.42071342754815
random,4,4,6299,50.82,31495,99.42080915764316
random,4,4,6300,50.82,31500,99.42090485610363
random,4,4,6301,50.82,31505,99.4210005229452
random,4,4,6302,50.82,31510,99.4210961581836
random,4,4,6303,50.82,31515,99.42119176183442
random,4,4,6304,50.82,31520,99.42128733391333
random,4,4,6305,50.82,31525,99.42138287443598
random,4,4,6306,50.82,31530,99.42147838341799
random,4,4,6307,50.82,31535,99.42157386087497
random,4,4,6308,50.82,31540,99.42166930682252
random,4,4,6309,50.82,31545,99.42176472127626
random,4,4,6310,50.82,31550,99.42186010425175
random,4,4,6311,50.82,31555,99.42195545576458
random,4,4,6312,50.82,31560,99.4220507758303
random,4,4,6313,50.82,31565,99.42214606446448
random,4,4,6314,50.82,31570,99.42224132168266
random,4,4,6315,50.82,31575,99.42233654750036
random,4,4,6316,50.82,31580,99.42243174193314
random,4,4,6317,50.82,31585,99.42252690499646
random,4,4,6318,50.82,31590,99.42262203670587
random,4,4,6319,50.82,31595,99.42271713707686
random,4,4,6320,50.82,31600,99.42281220612486
random,4,4,6321,50.82,31605,99.42290724386541
random,4,4,6322,50.82,31610,99.42300225031393
random,4,4,6323,50.82,31615,99.42309722548589
random,4,4,6324,50.82,31620,99.42319216939673
random,4,4,6325,50.82,31625,99.42328708206188
random,4,4,6326,50.82,31630,99.42338196349674
random,4,4,6327,50.82,31635,99.42347681371676
random,4,4,6328,50.82,31640,99.42357163273732
random,4,4,6329,50.82,31645,99.42366642057382
random,4,4,6330,50.82,31650,99.42376117724163
random,4,4,6331,50.82,31655,99.42385590275613
random,4,4,6332,50.82,31660,99.42395059713267
random,4,4,6333,50.82,31665,99.42404526038662
random,4,4,6334,50.82,31670,99.4241398925333
random,4,4,6335,50.82,31675,99.42423449358807
random,4,4,6336,50.82,31680,99.42432906356622
random,4,4,6337,50.82,31685,99.42442360248307
random,4,4,6338,50.82,31690,99.42451811035392
random,4,4,6339,50.82,31695,99.42461258719406
random,4,4,6340,50.82,31700,99.42470703301878
random,4,4,6341,50.82,31705,99.42480144784335
random,4,4,6342,50.82,31710,99.42489583168302
random,4,4,6343,50.82,31715,99.42499018455302
random,4,4,6344,50.82,31720,99.42508450646865
random,4,4,6345,50.82,31725,99.42517879744508
random,4,4,6346,50.82,31730,99.42527305749758
random,4,4,6347,50.82,31735,99.42536728664132
random,4,4,6348,50.82,31740,99.42546148489151
random,4,4,6349,50.82,31745,99.42555565226336
random,4,4,6350,50.82,31750,99.42564978877203
random,4,4,6351,50.82,31755,99.4257438944327
random,4,4,6352,50.82,31760,99.42583796926053
random,4,4,6353,50.82,31765,99.42593201327067
random,4,4,6354,50.82,31770,99.42602602647825
random,4,4,6355,50.82,31775,99.42612000889841
random,4,4,6356,50.83,31780,99.42610105498953
random,4,4,6357,50.83,31785,99.4261949943613
random,4,4,6358,50.849999999999994,31790,99.42606316578366
random,4,4,6359,50.849999999999994,31795,99.42615708061223
random,4,4,6360,50.849999999999994,31800,99.42625096471077
random,4,4,6361,50.849999999999994,31805,99.42634481809434
random,4,4,6362,50.9,31810,99.42587466697347
random,4,4,6363,50.91,31815,99.42585577488043
random,4,4,6364,50.92,31820,99.42583688896505
random,4,4,6365,50.93,31825,99.42581800922434
random,4,4,6366,50.93,31830,99.42591185667297
random,4,4,6367,50.949999999999996,31835,99.42578026825473
random,4,4,6368,50.949999999999996,31840,99.42587409120208
random,4,4,6369,50.970000000000006,31845,99.42574255194737
random,4,4,6370,50.99,31850,99.42561105566358
random,4,4,6371,50.99,31855,99.42570486027813
random,4,4,6372,51.019999999999996,31860,99.42546080250806
random,4,4,6373,51.03,31865,99.42544200882497
random,4,4,6374,51.06,31870,99.42519807363679
random,4,4,6375,51.06,31875,99.42529188441456
random,4,4,6376,51.06,31880,99.42538566457648
random,4,4,6377,51.09,31885,99.42514185797661
random,4,4,6378,51.09,31890,99.42523563201581
random,4,4,6379,51.09,31895,99.42532937546609
random,4,4,6380,51.09,31900,99.42542308834247
random,4,4,6381,51.09,31905,99.42551677065985
random,4,4,6382,51.129999999999995,31910,99.42516071440618
random,4,4,6383,51.129999999999995,31915,99.42525440894953
random,4,4,6384,51.13999999999999,31920,99.42523568259163
random,4,4,6385,51.15,31925,99.42521696233626
random,4,4,6386,51.15,31930,99.42531060192394
random,4,4,6387,51.15,31935,99.42540421100641
random,4,4,6388,51.15,31940,99.42549778959854
random,4,4,6389,51.15,31945,99.42559133771523
random,4,4,6390,51.15,31950,99.42568485537139
random,4,4,6391,51.15,31955,99.42577834258188
random,4,4,6392,51.15,31960,99.42587179936156
random,4,4,6393,51.15,31965,99.42596522572529
random,4,4,6394,51.15,31970,99.42605862168791
random,4,4,6395,51.190000000000005,31975,99.42570323026507
random,4,4,6396,51.23,31980,99.42534795444959
random,4,4,6397,51.28,31985,99.42487999641111
random,4,4,6398,51.28,31990,99.42497350818863
random,4,4,6399,51.28,31995,99.42506634496692
random,4,4,6400,51.28,32000,99.42515915177346
random,4,4,6401,51.29,32005,99.425136626721
random,4,4,6402,51.339999999999996,32010,99.42466585457964
random,4,4,6403,51.4,32015,99.42408318300485
random,4,4,6404,51.41,32020,99.4240576099231
random,4,4,6405,51.449999999999996,32025,99.42369923484732
random,4,4,6406,51.49,32030,99.42334420045985
random,4,4,6407,51.49,32035,99.42343718331875
random,4,4,6408,51.519999999999996,32040,99.42319490906812
random,4,4,6409,51.519999999999996,32045,99.42328788591131
random,4,4,6410,51.519999999999996,32050,99.42338083278491
random,4,4,6411,51.559999999999995,32055,99.42302613615509
random,4,4,6412,51.580000000000005,32060,99.42289209603845
random,4,4,6413,51.580000000000005,32065,99.4229850622713
random,4,4,6414,51.580000000000005,32070,99.42307864384334
random,4,4,6415,51.580000000000005,32075,99.42317154998882
random,4,4,6416,51.59,32080,99.4231526124176
random,4,4,6417,51.59,32085,99.42324547674201
random,4,4,6418,51.59,32090,99.42333895575058
random,4,4,6419,51.61,32095,99.42320888533244
random,4,4,6420,51.61,32100,99.42330169556676
random,4,4,6421,51.61,32105,99.42339447593808
random,4,4,6422,51.61,32110,99.42348787045736
random,4,4,6423,51.629999999999995,32115,99.42335785989037
random,4,4,6424,51.66,32120,99.42311557788945
random,4,4,6425,51.67,32125,99.42309667680462
random,4,4,6426,51.67,32130,99.42319005926619
random,4,4,6427,51.68000000000001,32135,99.42317179613677
random,4,4,6428,51.7,32140,99.42304194161451
random,4,4,6429,51.71,32145,99.42302370835863
random,4,4,6430,51.71,32150,99.42311704220026
random,4,4,6431,51.71,32155,99.4232103458507
random,4,4,6432,51.71,32160,99.42330361932463
random,4,4,6433,51.71,32165,99.42339621968259
random,4,4,6434,51.71,32170,99.42348879030757
random,4,4,6435,51.72,32175,99.42346985980241
random,4,4,6436,51.72,32180,99.42356238889477
random,4,4,6437,51.73,32185,99.4235434526549
random,4,4,6438,51.739999999999995,32190,99.42352452249135
random,4,4,6439,51.739999999999995,32195,99.42361699828555
random,4,4,6440,51.739999999999995,32200,99.42370623497727
random,4,4,6441,51.739999999999995,32205,99.4237922355614
random,4,4,6442,51.739999999999995,32210,99.42388141800443
random,4,4,6443,51.739999999999995,32215,99.42397057284535
random,4,4,6444,51.739999999999995,32220,99.42405970009696
random,4,4,6445,51.739999999999995,32225,99.42414879977206
random,4,4,6446,51.76,32230,99.42401531211226
random,4,4,6447,51.76,32235,99.42410439109275
random,4,4,6448,51.790000000000006,32240,99.42385650144398
random,4,4,6449,51.849999999999994,32245,99.42327499716365
random,4,4,6450,51.88,32250,99.42302730499925
random,4,4,6451,51.910000000000004,32255,99.42278289587074
random,4,4,6452,51.949999999999996,32260,99.42242417302148
random,4,4,6453,52.0,32265,99.42195439442497
random,4,4,6454,52.019999999999996,32270,99.4218181939432
random,4,4,6455,52.07000000000001,32275,99.42134864549797
random,4,4,6456,52.12,32280,99.42087923687617
random,4,4,6457,52.17,32285,99.42040996801535
random,4,4,6458,52.21,32290,99.4200519187384
random,4,4,6459,52.27,32295,99.41947507307928
random,4,4,6460,52.27,32300,99.41956467906158
random,4,4,6461,52.290000000000006,32305,99.41943542343242
random,4,4,6462,52.300000000000004,32310,99.4194172192194
random,4,4,6463,52.300000000000004,32315,99.4195100131748
random,4,4,6464,52.339999999999996,32320,99.41915887902326
random,4,4,6465,52.35999999999999,32325,99.41902654769063
random,4,4,6466,52.400000000000006,32330,99.41867237639855
random,4,4,6467,52.400000000000006,32335,99.41876200744517
random,4,4,6468,52.43,32340,99.41851566780309
random,4,4,6469,52.480000000000004,32345,99.41804762073737
random,4,4,6470,52.55,32350,99.41735796506586
random,4,4,6471,52.55,32355,99.41744451588586
random,4,4,6472,52.6,32360,99.41697683646754
random,4,4,6473,52.72,32365,99.41573352483798
random,4,4,6474,52.83,32370,99.41460139041865
random,4,4,6475,52.839999999999996,32375,99.4145775075449
random,4,4,6476,52.86,32380,99.41444609990751
random,4,4,6477,52.910000000000004,32385,99.41398246045406
random,4,4,6478,52.910000000000004,32390,99.41407266562054
random,4,4,6479,52.910000000000004,32395,99.41416284302089
random,4,4,6480,52.959999999999994,32400,99.41369946119246
random,4,4,6481,53.02,32405,99.41312228463902
random,4,4,6482,53.02,32410,99.41320932003333
random,4,4,6483,53.059999999999995,32415,99.41285370142295
random,4,4,6484,53.06999999999999,32420,99.41283011018702
random,4,4,6485,53.09,32425,99.41269915018928
random,4,4,6486,53.14,32430,99.4122364105939
random,4,4,6487,53.25,32435,99.4111102755451
random,4,4,6488,53.290000000000006,32440,99.41075523730122
random,4,4,6489,53.290000000000006,32445,99.41084578841526
random,4,4,6490,53.33,32450,99.41049741284304
random,4,4,6491,53.33,32455,99.41059188378503
random,4,4,6492,53.33,32460,99.41068632445293
random,4,4,6493,53.37,32465,99.41033814130009
random,4,4,6494,53.42,32470,99.40987960085678
random,4,4,6495,53.47,32475,99.40942120627403
random,4,4,6496,53.559999999999995,32480,99.40852122576135
random,4,4,6497,53.580000000000005,32485,99.40839443904022
random,4,4,6498,53.59,32490,99.4083748247425
random,4,4,6499,53.63,32495,99.40802080481795
random,4,4,6500,53.66,32500,99.40778052341783
random,4,4,6501,53.7,32505,99.40742996749141
random,4,4,6502,53.7,32510,99.40752084434348
random,4,4,6503,53.73,32515,99.40728401939316
random,4,4,6504,53.779999999999994,32520,99.40682667713746
random,4,4,6505,53.779999999999994,32525,99.40692087389293
random,4,4,6506,53.82,32530,99.40657399576818
random,4,4,6507,53.87,32535,99.40611698404001
random,4,4,6508,53.87,32540,99.40621124858772
random,4,4,6509,53.87,32545,99.40630548321576
random,4,4,6510,53.879999999999995,32550,99.40628949667939
random,4,4,6511,53.900000000000006,32555,99.40616007015905
random,4,4,6512,53.900000000000006,32560,99.40625426858017
random,4,4,6513,53.94,32565,99.40590787937529
random,4,4,6514,53.97,32570,99.40567237648457
random,4,4,6515,54.0,32575,99.40543629415049
random,4,4,6516,54.0,32580,99.40553054747335
random,4,4,6517,54.0,32585,99.40562149977106
random,4,4,6518,54.05,32590,99.40516543114227
random,4,4,6519,54.09,32595,99.40481954225352
random,4,4,6520,54.11,32600,99.40469379851784
random,4,4,6521,54.11,32605,99.40478482162794
random,4,4,6522,54.14,32610,99.40454586448634
random,4,4,6523,54.14,32615,99.40463688238225
random,4,4,6524,54.14,32620,99.4047278724574
random,4,4,6525,54.14,32625,99.40482210623057
random,4,4,6526,54.14,32630,99.40491303970288
random,4,4,6527,54.14,32635,99.40500067588583
random,4,4,6528,54.14,32640,99.40508828626088
random,4,4,6529,54.14,32645,99.40517587083944
random,4,4,6530,54.14,32650,99.40526342963291
random,4,4,6531,54.14,32655,99.40535096265266
random,4,4,6532,54.14,32660,99.40543846991007
random,4,4,6533,54.14,32665,99.40552595141652
random,4,4,6534,54.14,32670,99.40561340718335
random,4,4,6535,54.14,32675,99.40570083722197
random,4,4,6536,54.14,32680,99.40579150240141
random,4,4,6537,54.17999999999999,32685,99.40544319063459
random,4,4,6538,54.17999999999999,32690,99.40553712869385
random,4,4,6539,54.2,32695,99.40541163177208
random,4,4,6540,54.2,32700,99.405506197214
random,4,4,6541,54.2,32705,99.40560008071556
random,4,4,6542,54.22,32710,99.40547463343816
random,4,4,6543,54.230000000000004,32715,99.40545885902479
random,4,4,6544,54.230000000000004,32720,99.40555270554087
random,4,4,6545,54.230000000000004,32725,99.40564652243484
random,4,4,6546,54.269999999999996,32730,99.4052987258906
random,4,4,6547,54.269999999999996,32735,99.40538929634994
random,4,4,6548,54.269999999999996,32740,99.4054798392265
random,4,4,6549,54.269999999999996,32745,99.40557360996559
random,4,4,6550,54.279999999999994,32750,99.40555783709787
random,4,4,6551,54.279999999999994,32755,99.40565156596797
random,4,4,6552,54.31,32760,99.40541747772642
random,4,4,6553,54.32,32765,99.40540238780417
random,4,4,6554,54.32,32770,99.40549674730548
random,4,4,6555,54.379999999999995,32775,99.40493386208648
random,4,4,6556,54.44,32780,99.40436789582347
random,4,4,6557,54.47,32785,99.40413028400899
random,4,4,6558,54.47,32790,99.40421761862052
random,4,4,6559,54.48,32795,99.40419882348954
random,4,4,6560,54.48,32800,99.40428612198794
random,4,4,6561,54.48,32805,99.40437339490765
random,4,4,6562,54.48,32810,99.4044606422599
random,4,4,6563,54.50000000000001,32815,99.40432926929236
random,4,4,6564,54.61,32820,99.4032144024112
random,4,4,6565,54.61,32825,99.4033017811349
random,4,4,6566,54.669999999999995,32830,99.40273363799344
random,4,4,6567,54.7,32835,99.40249336134077
random,4,4,6568,54.72,32840,99.40236237242041
random,4,4,6569,54.72,32845,99.40244982467712
random,4,4,6570,54.730000000000004,32850,99.40242806589995
random,4,4,6571,54.769999999999996,32855,99.40207880507464
random,4,4,6572,54.800000000000004,32860,99.40183879992271
random,4,4,6573,54.800000000000004,32865,99.40192627759133
random,4,4,6574,54.81,32870,99.4019046080953
random,4,4,6575,54.83,32875,99.40177383930705
random,4,4,6576,54.85,32880,99.40164310875042
random,4,4,6577,54.86,32885,99.4016247534947
random,4,4,6578,54.900000000000006,32890,99.40128249869133
random,4,4,6579,54.910000000000004,32895,99.4012674680298
random,4,4,6580,54.92,32900,99.40124917824393
random,4,4,6581,54.92,32905,99.40133663695514
random,4,4,6582,54.92,32910,99.40142407012014
random,4,4,6583,54.92,32915,99.40151147775012
random,4,4,6584,54.93,32920,99.4014931617897
random,4,4,6585,54.93,32925,99.4015837929761
random,4,4,6586,54.94,32930,99.40156547161303
random,4,4,6587,54.96,32935,99.40143498773682
random,4,4,6588,55.00000000000001,32940,99.40108675530583
random,4,4,6589,55.00000000000001,32945,99.40117413420667
random,4,4,6590,55.00000000000001,32950,99.40126148761482
random,4,4,6591,55.00000000000001,32955,99.40134881554143
random,4,4,6592,55.010000000000005,32960,99.40132728820089
random,4,4,6593,55.010000000000005,32965,99.40141458106638
random,4,4,6594,55.03,32970,99.40128425235059
random,4,4,6595,55.08,32975,99.40082761501543
random,4,4,6596,55.1,32980,99.40069740983813
random,4,4,6597,55.120000000000005,32985,99.40056724260931
random,4,4,6598,55.15,32990,99.40032837865756
random,4,4,6599,55.21,32995,99.39976342786072
random,4,4,6600,55.24,33000,99.39952475058101
random,4,4,6601,55.24,33005,99.39961546696635
random,4,4,6602,55.24,33010,99.39970941762903
random,4,4,6603,55.25,33015,99.39969142509453
random,4,4,6604,55.26,33020,99.39967343799397
random,4,4,6605,55.26,33025,99.39976733652458
random,4,4,6606,55.26,33030,99.39985794683214
random,4,4,6607,55.269999999999996,33035,99.39983994283983
random,4,4,6608,55.269999999999996,33040,99.3999305148416
random,4,4,6609,55.269999999999996,33045,99.40002431600384
random,4,4,6610,55.269999999999996,33050,99.4001180878452
random,4,4,6611,55.269999999999996,33055,99.40020857592131
random,4,4,6612,55.269999999999996,33060,99.4002957831907
random,4,4,6613,55.269999999999996,33065,99.40038296510461
random,4,4,6614,55.28999999999999,33070,99.40025317581618
random,4,4,6615,55.28999999999999,33075,99.40034359043327
random,4,4,6616,55.28999999999999,33080,99.40043397779361
random,4,4,6617,55.28999999999999,33085,99.40052758776595
random,4,4,6618,55.28999999999999,33090,99.40061791967044
random,4,4,6619,55.28999999999999,33095,99.4007082243556
random,4,4,6620,55.28999999999999,33100,99.40079525491399
random,4,4,6621,55.28999999999999,33105,99.40088550617536
random,4,4,6622,55.28999999999999,33110,99.40097248525454
random,4,4,6623,55.28999999999999,33115,99.40105943908225
random,4,4,6624,55.28999999999999,33120,99.4011463676695
random,4,4,6625,55.28999999999999,33125,99.40123327102722
random,4,4,6626,55.28999999999999,33130,99.40132014916647
random,4,4,6627,55.28999999999999,33135,99.40140700209817
random,4,4,6628,55.28999999999999,33140,99.4014938298333
random,4,4,6629,55.28999999999999,33145,99.40158063238283
random,4,4,6630,55.31,33150,99.40145097546934
random,4,4,6631,55.31,33155,99.40153775906133
random,4,4,6632,55.31,33160,99.40162451749147
random,4,4,6633,55.31,33165,99.4017112507707
random,4,4,6634,55.34,33170,99.40147349568032
random,4,4,6635,55.34,33175,99.40156022570717
random,4,4,6636,55.34,33180,99.4016469306023
random,4,4,6637,55.34,33185,99.4017368442105
random,4,4,6638,55.34,33190,99.40182673080041
random,4,4,6639,55.34,33195,99.4019165903842
random,4,4,6640,55.34,33200,99.40200642297403
random,4,4,6641,55.34,33205,99.40209945849702
random,4,4,6642,55.34,33210,99.40219246507567
random,4,4,6643,55.34,33215,99.40228544272352
random,4,4,6644,55.34,33220,99.40237903683025
random,4,4,6645,55.34,33225,99.40247260163041
random,4,4,6646,55.34,33230,99.40256613713774
random,4,4,6647,55.34,33235,99.402659643366
random,4,4,6648,55.379999999999995,33240,99.40232142760783
random,4,4,6649,55.400000000000006,33245,99.40219913027526
random,4,4,6650,55.400000000000006,33250,99.40229265003371
random,4,4,6651,55.43,33255,99.40206252292292
random,4,4,6652,55.46,33260,99.4018324677916
random,4,4,6653,55.46,33265,99.40192600101369
random,4,4,6654,55.46,33270,99.40201950498945
random,4,4,6655,55.50000000000001,33275,99.40168175937904
random,4,4,6656,55.52,33280,99.40155969582159
random,4,4,6657,55.54,33285,99.40143767041351
random,4,4,6658,55.54,33290,99.40153119225029
random,4,4,6659,55.54,33295,99.40162468486716
random,4,4,6660,55.559999999999995,33300,99.40150270648749
random,4,4,6661,55.58,33305,99.40138012146879
random,4,4,6662,55.58,33310,99.40147294944181
random,4,4,6663,55.58,33315,99.40156252691784
random,4,4,6664,55.58,33320,99.40165529833264
random,4,4,6665,55.58,33325,99.40174482123925
random,4,4,6666,55.58,33330,99.40183431736143
random,4,4,6667,55.58,33335,99.40192378671125
random,4,4,6668,55.58,33340,99.4020132293007
random,4,4,6669,55.58,33345,99.40210264514178
random,4,4,6670,55.58,33350,99.40219203424651
random,4,4,6671,55.58,33355,99.40228139662683
random,4,4,6672,55.589999999999996,33360,99.40226641993176
random,4,4,6673,55.589999999999996,33365,99.40235959912187
random,4,4,6674,55.589999999999996,33370,99.40245274926556
random,4,4,6675,55.589999999999996,33375,99.40254587037643
random,4,4,6676,55.589999999999996,33380,99.40263896246802
random,4,4,6677,55.589999999999996,33385,99.40273138383883
random,4,4,6678,55.60000000000001,33390,99.40271635149928
random,4,4,6679,55.64,33395,99.4023797402006
random,4,4,6680,55.67999999999999,33400,99.40204259157834
random,4,4,6681,55.67999999999999,33405,99.40213504790006
random,4,4,6682,55.67999999999999,33410,99.40222747563497
random,4,4,6683,55.67999999999999,33415,99.40231987479632
random,4,4,6684,55.67999999999999,33420,99.40241288676003
random,4,4,6685,55.67999999999999,33425,99.4025058697789
random,4,4,6686,55.67999999999999,33430,99.40259882386644
random,4,4,6687,55.67999999999999,33435,99.40269174903614
random,4,4,6688,55.67999999999999,33440,99.4027846453015
random,4,4,6689,55.67999999999999,33445,99.40287751267599
random,4,4,6690,55.67999999999999,33450,99.4029703511731
random,4,4,6691,55.7,33455,99.40284874383819
random,4,4,6692,55.7,33460,99.40294155794737
random,4,4,6693,55.7,33465,99.40303434320916
random,4,4,6694,55.7,33470,99.40312709963706
random,4,4,6695,55.74,33475,99.40279125979544
random,4,4,6696,55.74,33480,99.40288402516586
random,4,4,6697,55.74,33485,99.40297676172196
random,4,4,6698,55.74,33490,99.40306946947719
random,4,4,6699,55.74,33495,99.40316214844495
random,4,4,6700,55.74,33500,99.40325479863864
random,4,4,6701,55.74,33505,99.40334742007167
random,4,4,6702,55.74,33510,99.40344001275744
random,4,4,6703,55.74,33515,99.40353257670931
random,4,4,6704,55.74,33520,99.40362511194067
random,4,4,6705,55.74,33525,99.40371761846485
random,4,4,6706,55.74,33530,99.40381009629526
random,4,4,6707,55.74,33535,99.4039025454452
random,4,4,6708,55.74,33540,99.40399496592805
random,4,4,6709,55.74,33545,99.40408735775713
random,4,4,6710,55.74,33550,99.40417972094573
random,4,4,6711,55.74,33555,99.40427205550722
random,4,4,6712,55.74,33560,99.40436436145488
random,4,4,6713,55.74,33565,99.40445663880199
random,4,4,6714,55.74,33570,99.40454888756186
random,4,4,6715,55.74,33575,99.40464110774778
random,4,4,6716,55.74,33580,99.40473329937302
random,4,4,6717,55.74,33585,99.40482546245083
random,4,4,6718,55.74,33590,99.40491759699448
random,4,4,6719,55.74,33595,99.40500970301723
random,4,4,6720,55.74,33600,99.40510178053229
random,4,4,6721,55.74,33605,99.40519382955293
random,4,4,6722,55.74,33610,99.40528585009234
random,4,4,6723,55.74,33615,99.40537784216377
random,4,4,6724,55.74,33620,99.4054698057804
random,4,4,6725,55.74,33625,99.40556174095545
random,4,4,6726,55.74,33630,99.40565364770211
random,4,4,6727,55.74,33635,99.40574552603356
random,4,4,6728,55.74,33640,99.40583737596296
random,4,4,6729,55.74,33645,99.4059291975035
random,4,4,6730,55.74,33650,99.40602099066834
random,4,4,6731,55.74,33655,99.4061127554706
random,4,4,6732,55.74,33660,99.40620449192346
random,4,4,6733,55.74,33665,99.40629620004005
random,4,4,6734,55.74,33670,99.40638787983347
random,4,4,6735,55.74,33675,99.40647953131688
random,4,4,6736,55.74,33680,99.40657115450337
random,4,4,6737,55.74,33685,99.40666274940602
random,4,4,6738,55.74,33690,99.40675431603796
random,4,4,6739,55.74,33695,99.40684585441227
random,4,4,6740,55.74,33700,99.406937364542
random,4,4,6741,55.74,33705,99.40702884644026
random,4,4,6742,55.74,33710,99.40712030012008
random,4,4,6743,55.74,33715,99.40721172559455
random,4,4,6744,55.74,33720,99.40730312287668
random,4,4,6745,55.74,33725,99.40739449197952
random,4,4,6746,55.74,33730,99.40748583291611
random,4,4,6747,55.74,33735,99.40757714569946
random,4,4,6748,55.74,33740,99.40766843034258
random,4,4,6749,55.74,33745,99.40775968685851
random,4,4,6750,55.74,33750,99.40785091526021
random,4,4,6751,55.74,33755,99.40794211556069
random,4,4,6752,55.74,33760,99.40803328777292
random,4,4,6753,55.74,33765,99.40812443190988
random,4,4,6754,55.74,33770,99.40821554798454
random,4,4,6755,55.74,33775,99.40830663600985
random,4,4,6756,55.74,33780,99.40839769599877
random,4,4,6757,55.74,33785,99.40848872796424
random,4,4,6758,55.74,33790,99.40857973191919
random,4,4,6759,55.74,33795,99.40867070787654
random,4,4,6760,55.74,33800,99.40876165584922
random,4,4,6761,55.74,33805,99.40885257585013
random,4,4,6762,55.74,33810,99.40894346789219
random,4,4,6763,55.74,33815,99.40903433198827
random,4,4,6764,55.74,33820,99.40912516815126
random,4,4,6765,55.74,33825,99.40921597639407
random,4,4,6766,55.74,33830,99.40930675672955
random,4,4,6767,55.74,33835,99.40939750917055
random,4,4,6768,55.74,33840,99.40948823372993
random,4,4,6769,55.74,33845,99.40957893042057
random,4,4,6770,55.74,33850,99.40966959925525
random,4,4,6771,55.74,33855,99.40976024024685
random,4,4,6772,55.75,33860,99.40974497806792
random,4,4,6773,55.75,33865,99.4098355796632
random,4,4,6774,55.75,33870,99.40992615344884
random,4,4,6775,55.75,33875,99.41001669943765
random,4,4,6776,55.75,33880,99.41010721764239
random,4,4,6777,55.75,33885,99.4101977080759
random,4,4,6778,55.75,33890,99.41028817075093
random,4,4,6779,55.75,33895,99.41037860568025
random,4,4,6780,55.75,33900,99.41046901287662
random,4,4,6781,55.75,33905,99.41055939235281
random,4,4,6782,55.75,33910,99.41064974412156
random,4,4,6783,55.75,33915,99.41074006819561
random,4,4,6784,55.75,33920,99.41083036458768
random,4,4,6785,55.75,33925,99.41092063331051
random,4,4,6786,55.75,33930,99.4110108743768
random,4,4,6787,55.769999999999996,33935,99.41088982361553
random,4,4,6788,55.800000000000004,33940,99.41066319401538
random,4,4,6789,55.84,33945,99.41033103407493
random,4,4,6790,55.84,33950,99.41042131014436
random,4,4,6791,55.85,33955,99.4104059911619
random,4,4,6792,55.85,33960,99.41049622812582
random,4,4,6793,55.85,33965,99.41058643747256
random,4,4,6794,55.85,33970,99.41067661921478
random,4,4,6795,55.85,33975,99.41076677336518
random,4,4,6796,55.85,33980,99.41085689993639
random,4,4,6797,55.85,33985,99.41094699894107
random,4,4,6798,55.86,33990,99.41093161597297
random,4,4,6799,55.86,33995,99.41102167600498
random,4,4,6800,55.86,34000,99.41111170850347
random,4,4,6801,55.87,34005,99.41109630741468
random,4,4,6802,55.88999999999999,34010,99.4109755210743
random,4,4,6803,55.910000000000004,34015,99.41085477164432
random,4,4,6804,55.910000000000004,34020,99.41094477462396
random,4,4,6805,55.910000000000004,34025,99.41103475010851
random,4,4,6806,55.910000000000004,34030,99.41112469811057
random,4,4,6807,55.910000000000004,34035,99.41121461864273
random,4,4,6808,55.910000000000004,34040,99.41130451171757
random,4,4,6809,55.910000000000004,34045,99.41139437734769
random,4,4,6810,55.910000000000004,34050,99.41148421554561
random,4,4,6811,55.910000000000004,34055,99.41157402632393
random,4,4,6812,55.910000000000004,34060,99.41166380969518
random,4,4,6813,55.910000000000004,34065,99.41175356567192
random,4,4,6814,55.910000000000004,34070,99.41184329426666
random,4,4,6815,55.910000000000004,34075,99.41193299549195
random,4,4,6816,55.910000000000004,34080,99.41202266936028
random,4,4,6817,55.910000000000004,34085,99.41211231588422
random,4,4,6818,55.910000000000004,34090,99.41220193507623
random,4,4,6819,55.92,34095,99.41218641006935
random,4,4,6820,55.93,34100,99.4121708897944
random,4,4,6821,55.94,34105,99.41215537424917
random,4,4,6822,55.94,34110,99.41224493226738
random,4,4,6823,55.94,34115,99.41233446300144
random,4,4,6824,55.94,34120,99.41242396646383
random,4,4,6825,55.94,34125,99.41251344266703
random,4,4,6826,55.94,34130,99.41260289162345
random,4,4,6827,55.94,34135,99.41269231334556
random,4,4,6828,55.98,34140,99.41236181632476
random,4,4,6829,55.98,34145,99.41245124751778
random,4,4,6830,56.010000000000005,34150,99.41222582869233
random,4,4,6831,56.07,34155,99.41168570355339
random,4,4,6832,56.11000000000001,34160,99.41135556075437
random,4,4,6833,56.11000000000001,34165,99.41144509058563
random,4,4,6834,56.11000000000001,34170,99.41153459318699
random,4,4,6835,56.11000000000001,34175,99.4116240685708
random,4,4,6836,56.15,34180,99.41129413590247
random,4,4,6837,56.15,34185,99.41138362063543
random,4,4,6838,56.19,34190,99.41105382479611
random,4,4,6839,56.19,34195,99.41114331885032
random,4,4,6840,56.220000000000006,34200,99.41091844122857
random,4,4,6841,56.220000000000006,34205,99.41100792865883
random,4,4,6842,56.25,34210,99.41078313991308
random,4,4,6843,56.25,34215,99.41087262071089
random,4,4,6844,56.3,34220,99.41043848506776
random,4,4,6845,56.34,34225,99.4101091831991
random,4,4,6846,56.34,34230,99.41019872555188
random,4,4,6847,56.39999999999999,34235,99.40966021968177
random,4,4,6848,56.47,34240,99.40901722295654
random,4,4,6849,56.49999999999999,34245,99.4087929749956
random,4,4,6850,56.54,34250,99.40846417253512
random,4,4,6851,56.55,34255,99.40844928982533
random,4,4,6852,56.57,34260,99.40832982082549
random,4,4,6853,56.57,34265,99.40841953794607
random,4,4,6854,56.57,34270,99.40850922786248
random,4,4,6855,56.57,34275,99.40859889058714
random,4,4,6856,56.57,34280,99.40868852613237
random,4,4,6857,56.57,34285,99.40877813451056
random,4,4,6858,56.57,34290,99.40886771573403
random,4,4,6859,56.57,34295,99.40895726981513
random,4,4,6860,56.57,34300,99.4090467967662
random,4,4,6861,56.57,34305,99.40913629659958
random,4,4,6862,56.57,34310,99.40922576932756
random,4,4,6863,56.57,34315,99.40931521496248
random,4,4,6864,56.57,34320,99.40940463351663
random,4,4,6865,56.57,34325,99.4094940250023
random,4,4,6866,56.57,34330,99.40958338943179
random,4,4,6867,56.57,34335,99.40967272681736
random,4,4,6868,56.57,34340,99.40976203717132
random,4,4,6869,56.57,34345,99.40985132050592
random,4,4,6870,56.57,34350,99.4099405768334
random,4,4,6871,56.57,34355,99.41002980616605
random,4,4,6872,56.57,34360,99.41011900851609
random,4,4,6873,56.57,34365,99.41020818389578
random,4,4,6874,56.57,34370,99.41029733231731
random,4,4,6875,56.57,34375,99.41038645379294
random,4,4,6876,56.57,34380,99.41047554833486
random,4,4,6877,56.58,34385,99.41046042020064
random,4,4,6878,56.58,34390,99.4105494766517
random,4,4,6879,56.58,34395,99.4106385062009
random,4,4,6880,56.589999999999996,34400,99.41062336031128
random,4,4,6881,56.589999999999996,34405,99.410712351819
random,4,4,6882,56.589999999999996,34410,99.41080131645664
random,4,4,6883,56.589999999999996,34415,99.4108902542364
random,4,4,6884,56.589999999999996,34420,99.41097916517043
random,4,4,6885,56.589999999999996,34425,99.4110680492709
random,4,4,6886,56.589999999999996,34430,99.4111569065499
random,4,4,6887,56.589999999999996,34435,99.41124573701963
random,4,4,6888,56.589999999999996,34440,99.41133454069218
random,4,4,6889,56.589999999999996,34445,99.4114233175797
random,4,4,6890,56.589999999999996,34450,99.4115120676943
random,4,4,6891,56.599999999999994,34455,99.4114968152204
random,4,4,6892,56.599999999999994,34460,99.41158552749903
random,4,4,6893,56.599999999999994,34465,99.4116742130363
random,4,4,6894,56.599999999999994,34470,99.41176287184433
random,4,4,6895,56.599999999999994,34475,99.4118515039352
random,4,4,6896,56.599999999999994,34480,99.41194010932097
random,4,4,6897,56.599999999999994,34485,99.41202868801369
random,4,4,6898,56.599999999999994,34490,99.41211724002547
random,4,4,6899,56.599999999999994,34495,99.41220576536833
random,4,4,6900,56.599999999999994,34500,99.41229426405431
random,4,4,6901,56.599999999999994,34505,99.41238273609548
random,4,4,6902,56.599999999999994,34510,99.41247118150385
random,4,4,6903,56.599999999999994,34515,99.41255960029144
random,4,4,6904,56.599999999999994,34520,99.41264799247027
random,4,4,6905,56.599999999999994,34525,99.41273635805236
random,4,4,6906,56.599999999999994,34530,99.4128246970497
random,4,4,6907,56.599999999999994,34535,99.4129130094743
random,4,4,6908,56.599999999999994,34540,99.41300129533813
random,4,4,6909,56.599999999999994,34545,99.41308955465318
random,4,4,6910,56.599999999999994,34550,99.41317778743142
random,4,4,6911,56.599999999999994,34555,99.41326599368483
random,4,4,6912,56.599999999999994,34560,99.41335417342536
random,4,4,6913,56.599999999999994,34565,99.41344232666496
random,4,4,6914,56.599999999999994,34570,99.41353045341556
random,4,4,6915,56.599999999999994,34575,99.41361855368913
random,4,4,6916,56.599999999999994,34580,99.41370662749758
random,4,4,6917,56.599999999999994,34585,99.41379467485282
random,4,4,6918,56.599999999999994,34590,99.4138826957668
random,4,4,6919,56.599999999999994,34595,99.4139706902514
random,4,4,6920,56.599999999999994,34600,99.41405865831857
random,4,4,6921,56.599999999999994,34605,99.41414659998013
random,4,4,6922,56.599999999999994,34610,99.41423451524801
random,4,4,6923,56.599999999999994,34615,99.4143224041341
random,4,4,6924,56.599999999999994,34620,99.41441026665025
random,4,4,6925,56.599999999999994,34625,99.41449810280834
random,4,4,6926,56.599999999999994,34630,99.41458591262023
random,4,4,6927,56.599999999999994,34635,99.41467369609775
random,4,4,6928,56.599999999999994,34640,99.41476145325278
random,4,4,6929,56.599999999999994,34645,99.41484918409714
random,4,4,6930,56.599999999999994,34650,99.41493688864264
random,4,4,6931,56.599999999999994,34655,99.41502456690114
random,4,4,6932,56.599999999999994,34660,99.41511221888445
random,4,4,6933,56.599999999999994,34665,99.41519984460435
random,4,4,6934,56.599999999999994,34670,99.41528744407265
random,4,4,6935,56.599999999999994,34675,99.41537501730117
random,4,4,6936,56.599999999999994,34680,99.4154625643017
random,4,4,6937,56.599999999999994,34685,99.415550085086
random,4,4,6938,56.599999999999994,34690,99.41563757966584
random,4,4,6939,56.599999999999994,34695,99.415725048053
random,4,4,6940,56.599999999999994,34700,99.41581249025924
random,4,4,6941,56.599999999999994,34705,99.41589990629632
random,4,4,6942,56.599999999999994,34710,99.41598729617596
random,4,4,6943,56.599999999999994,34715,99.41607465990991
random,4,4,6944,56.599999999999994,34720,99.41616199750992
random,4,4,6945,56.599999999999994,34725,99.4162493089877
random,4,4,6946,56.599999999999994,34730,99.41633659435496
random,4,4,6947,56.599999999999994,34735,99.41642385362343
random,4,4,6948,56.599999999999994,34740,99.4165110868048
random,4,4,6949,56.599999999999994,34745,99.41659829391078
random,4,4,6950,56.599999999999994,34750,99.41668547495303
random,4,4,6951,56.599999999999994,34755,99.41677262994327
random,4,4,6952,56.599999999999994,34760,99.41685975889315
random,4,4,6953,56.599999999999994,34765,99.41694686181435
random,4,4,6954,56.599999999999994,34770,99.41703393871852
random,4,4,6955,56.599999999999994,34775,99.41712098961733
random,4,4,6956,56.599999999999994,34780,99.41720801452244
random,4,4,6957,56.599999999999994,34785,99.41729501344545
random,4,4,6958,56.61000000000001,34790,99.41727905035323
random,4,4,6959,56.61000000000001,34795,99.41736601270864
random,4,4,6960,56.620000000000005,34800,99.41735004378621
random,4,4,6961,56.620000000000005,34805,99.41743696960219
random,4,4,6962,56.620000000000005,34810,99.41752386948502
random,4,4,6963,56.620000000000005,34815,99.41761074344632
random,4,4,6964,56.620000000000005,34820,99.41769759149769
random,4,4,6965,56.620000000000005,34825,99.41778441365071
random,4,4,6966,56.620000000000005,34830,99.41787120991695
random,4,4,6967,56.620000000000005,34835,99.41795798030803
random,4,4,6968,56.620000000000005,34840,99.41804472483547
random,4,4,6969,56.620000000000005,34845,99.41813144351086
random,4,4,6970,56.620000000000005,34850,99.41821813634574
random,4,4,6971,56.620000000000005,34855,99.41830480335169
random,4,4,6972,56.620000000000005,34860,99.4183914445402
random,4,4,6973,56.620000000000005,34865,99.41847805992285
random,4,4,6974,56.620000000000005,34870,99.41856464951114
random,4,4,6975,56.620000000000005,34875,99.4186512133166
random,4,4,6976,56.620000000000005,34880,99.41873775135075
random,4,4,6977,56.620000000000005,34885,99.4188242636251
random,4,4,6978,56.620000000000005,34890,99.41891075015113
random,4,4,6979,56.620000000000005,34895,99.41899721094035
random,4,4,6980,56.620000000000005,34900,99.41908364600422
random,4,4,6981,56.620000000000005,34905,99.41917005535427
random,4,4,6982,56.620000000000005,34910,99.41925643900193
random,4,4,6983,56.620000000000005,34915,99.41934279695867
random,4,4,6984,56.620000000000005,34920,99.41942912923598
random,4,4,6985,56.64,34925,99.41931039007906
random,4,4,6986,56.64,34930,99.41939670150902
random,4,4,6987,56.67,34935,99.41917551005348
random,4,4,6988,56.67,34940,99.41926181587515
random,4,4,6989,56.71000000000001,34945,99.41893824822843
random,4,4,6990,56.76,34950,99.41851232997683
random,4,4,6991,56.76,34955,99.4185986958419
random,4,4,6992,56.769999999999996,34960,99.41858261974771
random,4,4,6993,56.769999999999996,34965,99.41866894952854
random,4,4,6994,56.769999999999996,34970,99.41875525367642
random,4,4,6995,56.8,34975,99.41853442010068
random,4,4,6996,56.830000000000005,34980,99.41831365207521
random,4,4,6997,56.830000000000005,34985,99.41839997052598
random,4,4,6998,56.830000000000005,34990,99.41848626336238
random,4,4,6999,56.830000000000005,34995,99.4185725305958
random,4,4,7000,56.830000000000005,35000,99.4186587722376
random,4,4,7001,56.830000000000005,35005,99.41874498829921
random,4,4,7002,56.830000000000005,35010,99.41883117879199
random,4,4,7003,56.830000000000005,35015,99.41891734372732
random,4,4,7004,56.84,35020,99.41890124899427
random,4,4,7005,56.87,35025,99.4186807210935
random,4,4,7006,56.87,35030,99.4187668700182
random,4,4,7007,56.87,35035,99.41885299341293
random,4,4,7008,56.87,35040,99.41893909128899
random,4,4,7009,56.87,35045,99.41902516365776
random,4,4,7010,56.87,35050,99.41911121053056
random,4,4,7011,56.87,35055,99.41919723191872
random,4,4,7012,56.87,35060,99.41928322783356
random,4,4,7013,56.87,35065,99.41936919828639
random,4,4,7014,56.87,35070,99.41945514328852
random,4,4,7015,56.87,35075,99.41954106285124
random,4,4,7016,56.87,35080,99.41962695698585
random,4,4,7017,56.87,35085,99.41971282570366
random,4,4,7018,56.87,35090,99.4197986690159
random,4,4,7019,56.87,35095,99.41988448693388
random,4,4,7020,56.87,35100,99.41997027946886
random,4,4,7021,56.87,35105,99.4200560466321
random,4,4,7022,56.87,35110,99.42014178843486
random,4,4,7023,56.87,35115,99.42022750488836
random,4,4,7024,56.87,35120,99.42031319600386
random,4,4,7025,56.87,35125,99.42039886179259
random,4,4,7026,56.87,35130,99.42048450226578
random,4,4,7027,56.87,35135,99.42057011743466
random,4,4,7028,56.87,35140,99.42065570731042
random,4,4,7029,56.87,35145,99.42074127190426
random,4,4,7030,56.87,35150,99.42082681122743
random,4,4,7031,56.879999999999995,35155,99.42081049872615
random,4,4,7032,56.89999999999999,35160,99.42069237950861
random,4,4,7033,56.910000000000004,35165,99.42067609166571
random,4,4,7034,56.940000000000005,35170,99.42045624566792
random,4,4,7035,56.95,35175,99.4204399974762
random,4,4,7036,56.95,35180,99.42052550552663
random,4,4,7037,56.98,35185,99.4203057790366
random,4,4,7038,56.98,35190,99.42039128165952
random,4,4,7039,56.989999999999995,35195,99.42037505263308
random,4,4,7040,57.02,35200,99.42015544552542
random,4,4,7041,57.07,35205,99.41973255028917
random,4,4,7042,57.089999999999996,35210,99.41961476408952
random,4,4,7043,57.13,35215,99.41929371967123
random,4,4,7044,57.16,35220,99.41907440136511
random,4,4,7045,57.16,35225,99.41915999723602
random,4,4,7046,57.199999999999996,35230,99.41883916170598
random,4,4,7047,57.230000000000004,35235,99.41862000727359
random,4,4,7048,57.28,35240,99.41819777415957
random,4,4,7049,57.28,35245,99.4182834487017
random,4,4,7050,57.28,35250,99.41836909801516
random,4,4,7051,57.28,35255,99.41845472211111
random,4,4,7052,57.28,35260,99.41854032100066
random,4,4,7053,57.34,35265,99.4180169134394
random,4,4,7054,57.379999999999995,35270,99.41769662379731
random,4,4,7055,57.440000000000005,35275,99.41717349438177
random,4,4,7056,57.48,35280,99.41685342304403
random,4,4,7057,57.48,35285,99.41693919450779
random,4,4,7058,57.48,35290,99.41702494074406
random,4,4,7059,57.54,35295,99.41650221777833
random,4,4,7060,57.54,35300,99.41658800304583
random,4,4,7061,57.599999999999994,35305,99.41606549798664
random,4,4,7062,57.63,35310,99.41584723437165
random,4,4,7063,57.64,35315,99.4158317303502
random,4,4,7064,57.64,35320,99.41591756371555
random,4,4,7065,57.66,35325,99.41580073597355
random,4,4,7066,57.66,35330,99.41588654867562
random,4,4,7067,57.66,35335,99.41597233617144
random,4,4,7068,57.66,35340,99.41605809847209
random,4,4,7069,57.69,35345,99.41584006026902
random,4,4,7070,57.69,35350,99.41592581680784
random,4,4,7071,57.69,35355,99.41601154817171
random,4,4,7072,57.720000000000006,35360,99.41579361279828
random,4,4,7073,57.720000000000006,35365,99.41587933840138
random,4,4,7074,57.720000000000006,35370,99.41596503884966
random,4,4,7075,57.720000000000006,35375,99.4160507141542
random,4,4,7076,57.720000000000006,35380,99.41613636432606
random,4,4,7077,57.720000000000006,35385,99.4162219893763
random,4,4,7078,57.720000000000006,35390,99.41630758931596
random,4,4,7079,57.720000000000006,35395,99.4163931641561
random,4,4,7080,57.720000000000006,35400,99.41647871390776
random,4,4,7081,57.720000000000006,35405,99.41656423858196
random,4,4,7082,57.720000000000006,35410,99.41664973818973
random,4,4,7083,57.720000000000006,35415,99.4167352127421
random,4,4,7084,57.720000000000006,35420,99.41682066225005
random,4,4,7085,57.720000000000006,35425,99.41690608672461
random,4,4,7086,57.720000000000006,35430,99.41699148617677
random,4,4,7087,57.74,35435,99.41687487754777
random,4,4,7088,57.74,35440,99.41696025656172
random,4,4,7089,57.74,35445,99.41704561057759
random,4,4,7090,57.74,35450,99.41713093960632
random,4,4,7091,57.74,35455,99.41721624365893
random,4,4,7092,57.74,35460,99.41730152274634
random,4,4,7093,57.74,35465,99.41738677687951
random,4,4,7094,57.76,35470,99.41727022983322
random,4,4,7095,57.79,35475,99.41705284351919
random,4,4,7096,57.79,35480,99.4171380966165
random,4,4,7097,57.830000000000005,35485,99.41681994933604
random,4,4,7098,57.830000000000005,35490,99.41690521155462
random,4,4,7099,57.84,35495,99.41688963446722
random,4,4,7100,57.84,35500,99.41697486157689
random,4,4,7101,57.84,35505,99.4170600637767
random,4,4,7102,57.85,35510,99.41704447089103
random,4,4,7103,57.85,35515,99.41712963802591
random,4,4,7104,57.85,35520,99.4172147802794
random,4,4,7105,57.85,35525,99.41729989766235
random,4,4,7106,57.85,35530,99.41738499018568
random,4,4,7107,57.86,35535,99.41736936124107
random,4,4,7108,57.86,35540,99.41745441877839
random,4,4,7109,57.86,35545,99.41753945148444
random,4,4,7110,57.86,35550,99.41762445937009
random,4,4,7111,57.86,35555,99.41770944244622
random,4,4,7112,57.86,35560,99.41779440072368
random,4,4,7113,57.86,35565,99.41787933421332
random,4,4,7114,57.89,35570,99.41766246151029
random,4,4,7115,57.93000000000001,35575,99.41734507292993
random,4,4,7116,57.989999999999995,35580,99.41682664797509
random,4,4,7117,58.02,35585,99.4166100236091
random,4,4,7118,58.02,35590,99.41669506784615
random,4,4,7119,58.02,35595,99.416780087292
random,4,4,7120,58.02,35600,99.4168650819575
random,4,4,7121,58.02,35605,99.41695005185346
random,4,4,7122,58.02,35610,99.41703499699072
random,4,4,7123,58.02,35615,99.41711991738012
random,4,4,7124,58.02,35620,99.41720481303243
random,4,4,7125,58.02,35625,99.4172896839585
random,4,4,7126,58.02,35630,99.41737453016908
random,4,4,7127,58.02,35635,99.41745935167503
random,4,4,7128,58.02,35640,99.4175441484871
random,4,4,7129,58.02,35645,99.41762892061605
random,4,4,7130,58.02,35650,99.41771366807271
random,4,4,7131,58.02,35655,99.4177983908678
random,4,4,7132,58.02,35660,99.41788308901212
random,4,4,7133,58.02,35665,99.4179677625164
random,4,4,7134,58.02,35670,99.41805241139141
random,4,4,7135,58.02,35675,99.41813703564787
random,4,4,7136,58.02,35680,99.41822163529656
random,4,4,7137,58.02,35685,99.41830621034818
random,4,4,7138,58.02,35690,99.41839076081345
random,4,4,7139,58.02,35695,99.41847528670311
random,4,4,7140,58.02,35700,99.41855978802786
random,4,4,7141,58.02,35705,99.41864426479842
random,4,4,7142,58.02,35710,99.41872871702547
random,4,4,7143,58.02,35715,99.41881314471973
random,4,4,7144,58.02,35720,99.41889754789187
random,4,4,7145,58.02,35725,99.41898192655259
random,4,4,7146,58.02,35730,99.41906628071254
random,4,4,7147,58.02,35735,99.41915061038242
random,4,4,7148,58.02,35740,99.41923491557286
random,4,4,7149,58.02,35745,99.41931919629454
random,4,4,7150,58.02,35750,99.4194034525581
random,4,4,7151,58.02,35755,99.4194876843742
random,4,4,7152,58.02,35760,99.41957189175345
random,4,4,7153,58.02,35765,99.41965607470652
random,4,4,7154,58.02,35770,99.41974023324403
random,4,4,7155,58.02,35775,99.41982436737658
random,4,4,7156,58.02,35780,99.41990847711479
random,4,4,7157,58.02,35785,99.41999256246926
random,4,4,7158,58.02,35790,99.42007662345061
random,4,4,7159,58.02,35795,99.42016066006943
random,4,4,7160,58.02,35800,99.42024467233632
random,4,4,7161,58.02,35805,99.42032866026183
random,4,4,7162,58.02,35810,99.42041262385658
random,4,4,7163,58.02,35815,99.42049656313111
random,4,4,7164,58.02,35820,99.42058047809601
random,4,4,7165,58.02,35825,99.4206643687618
random,4,4,7166,58.02,35830,99.42074823513907
random,4,4,7167,58.02,35835,99.42083207723836
random,4,4,7168,58.02,35840,99.4209158950702
random,4,4,7169,58.02,35845,99.42099968864513
random,4,4,7170,58.02,35850,99.42108345797367
random,4,4,7171,58.02,35855,99.42116720306635
random,4,4,7172,58.02,35860,99.4212509239337
random,4,4,7173,58.02,35865,99.42133462058621
random,4,4,7174,58.02,35870,99.42141829303438
random,4,4,7175,58.02,35875,99.42150194128872
random,4,4,7176,58.02,35880,99.42158556535973
random,4,4,7177,58.02,35885,99.42166916525788
random,4,4,7178,58.02,35890,99.42175274099367
random,4,4,7179,58.02,35895,99.42183629257754
random,4,4,7180,58.02,35900,99.42191982002
random,4,4,7181,58.02,35905,99.42200332333147
random,4,4,7182,58.02,35910,99.42208680252241
random,4,4,7183,58.02,35915,99.42217025760331
random,4,4,7184,58.02,35920,99.42225368858459
random,4,4,7185,58.02,35925,99.42233709547666
random,4,4,7186,58.02,35930,99.42242047829
random,4,4,7187,58.02,35935,99.42250383703501
random,4,4,7188,58.02,35940,99.4225871717221
random,4,4,7189,58.040000000000006,35945,99.422471471842
random,4,4,7190,58.050000000000004,35950,99.4224552962491
random,4,4,7191,58.050000000000004,35955,99.42253860187692
random,4,4,7192,58.050000000000004,35960,99.42262188347605
random,4,4,7193,58.050000000000004,35965,99.42270514105685
random,4,4,7194,58.050000000000004,35970,99.42278837462973
random,4,4,7195,58.050000000000004,35975,99.42287158420507
random,4,4,7196,58.050000000000004,35980,99.42295476979325
random,4,4,7197,58.050000000000004,35985,99.42303793140462
random,4,4,7198,58.050000000000004,35990,99.42312106904959
random,4,4,7199,58.050000000000004,35995,99.42320418273846
random,4,4,7200,58.050000000000004,36000,99.4232872724816
random,4,4,7201,58.050000000000004,36005,99.4233703382894
random,4,4,7202,58.050000000000004,36010,99.42345338017216
random,4,4,7203,58.050000000000004,36015,99.42353639814023
random,4,4,7204,58.050000000000004,36020,99.42361939220392
random,4,4,7205,58.050000000000004,36025,99.42370236237356
random,4,4,7206,58.050000000000004,36030,99.42378530865949
random,4,4,7207,58.050000000000004,36035,99.423868231072
random,4,4,7208,58.050000000000004,36040,99.42395112962141
random,4,4,7209,58.050000000000004,36045,99.424034004318
random,4,4,7210,58.050000000000004,36050,99.42411685517209
random,4,4,7211,58.050000000000004,36055,99.42419968219394
random,4,4,7212,58.050000000000004,36060,99.42428248539383
random,4,4,7213,58.050000000000004,36065,99.42436526478207
random,4,4,7214,58.050000000000004,36070,99.4244480203689
random,4,4,7215,58.050000000000004,36075,99.42453075216457
random,4,4,7216,58.050000000000004,36080,99.42461346017939
random,4,4,7217,58.050000000000004,36085,99.42469614442356
random,4,4,7218,58.050000000000004,36090,99.42477880490736
random,4,4,7219,58.050000000000004,36095,99.42486144164103
random,4,4,7220,58.050000000000004,36100,99.42494405463476
random,4,4,7221,58.050000000000004,36105,99.42502664389885
random,4,4,7222,58.050000000000004,36110,99.42510920944346
random,4,4,7223,58.050000000000004,36115,99.42519175127885
random,4,4,7224,58.050000000000004,36120,99.42527426941518
random,4,4,7225,58.050000000000004,36125,99.42535676386271
random,4,4,7226,58.050000000000004,36130,99.42543923463163
random,4,4,7227,58.050000000000004,36135,99.42552168173209
random,4,4,7228,58.050000000000004,36140,99.42560410517432
random,4,4,7229,58.07,36145,99.42548863640862
random,4,4,7230,58.07,36150,99.425571040946
random,4,4,7231,58.07,36155,99.42565342184753
random,4,4,7232,58.07,36160,99.42573577912337
random,4,4,7233,58.07,36165,99.42581811278369
random,4,4,7234,58.07,36170,99.42590042283862
random,4,4,7235,58.08,36175,99.42588386010071
random,4,4,7236,58.08,36180,99.42596613714151
random,4,4,7237,58.08,36185,99.42604839060331
random,4,4,7238,58.08,36190,99.42613062049627
random,4,4,7239,58.08,36195,99.42621282683048
random,4,4,7240,58.08,36200,99.42629500961607
random,4,4,7241,58.08,36205,99.42637716886318
random,4,4,7242,58.08,36210,99.42645930458191
random,4,4,7243,58.08,36215,99.42654141678236
random,4,4,7244,58.08,36220,99.42662350547462
random,4,4,7245,58.08,36225,99.4267055706688
random,4,4,7246,58.08,36230,99.426787612375
random,4,4,7247,58.08,36235,99.42686963060326
random,4,4,7248,58.08,36240,99.4269516253637
random,4,4,7249,58.08,36245,99.42703359666638
random,4,4,7250,58.08,36250,99.42711554452134
random,4,4,7251,58.08,36255,99.42719746893867
random,4,4,7252,58.08,36260,99.42727936992843
random,4,4,7253,58.08,36265,99.42736124750063
random,4,4,7254,58.08,36270,99.42744310166532
random,4,4,7255,58.08,36275,99.42752493243256
random,4,4,7256,58.08,36280,99.42760673981238
random,4,4,7257,58.08,36285,99.42768852381478
random,4,4,7258,58.08,36290,99.42777028444979
random,4,4,7259,58.08,36295,99.42785202172743
random,4,4,7260,58.08,36300,99.42793373565772
random,4,4,7261,58.08,36305,99.42801542625062
random,4,4,7262,58.08,36310,99.42809709351617
random,4,4,7263,58.08,36315,99.42817873746434
random,4,4,7264,58.08,36320,99.42826035810512
random,4,4,7265,58.08,36325,99.42834195544846
random,4,4,7266,58.08,36330,99.42842352950439
random,4,4,7267,58.08,36335,99.42850508028283
random,4,4,7268,58.08,36340,99.42858660779376
random,4,4,7269,58.08,36345,99.42866811204716
random,4,4,7270,58.08,36350,99.42874959305293
random,4,4,7271,58.08,36355,99.42883105082106
random,4,4,7272,58.08,36360,99.42891248536145
random,4,4,7273,58.08,36365,99.42899389668408
random,4,4,7274,58.08,36370,99.42907528479883
random,4,4,7275,58.089999999999996,36375,99.42905836401485
random,4,4,7276,58.089999999999996,36380,99.42913971974878
random,4,4,7277,58.089999999999996,36385,99.4292210523006
random,4,4,7278,58.089999999999996,36390,99.42930236168024
random,4,4,7279,58.10999999999999,36395,99.42918718848905
random,4,4,7280,58.10999999999999,36400,99.42926847953234
random,4,4,7281,58.120000000000005,36405,99.42925154569522
random,4,4,7282,58.13,36410,99.42923461667993
random,4,4,7283,58.13,36415,99.4293158662559
random,4,4,7284,58.13,36420,99.4293970927031
random,4,4,7285,58.13,36425,99.42947829603138
random,4,4,7286,58.13,36430,99.42955947625062
random,4,4,7287,58.13,36435,99.42964063337068
random,4,4,7288,58.15,36440,99.42952555951132
random,4,4,7289,58.19,36445,99.42921433840263
random,4,4,7290,58.199999999999996,36450,99.42919743393843
random,4,4,7291,58.209999999999994,36455,99.42918053428153
random,4,4,7292,58.220000000000006,36460,99.42916363942987
random,4,4,7293,58.220000000000006,36465,99.42924478359927
random,4,4,7294,58.220000000000006,36470,99.42932590470271
random,4,4,7295,58.220000000000006,36475,99.42940700275005
random,4,4,7296,58.230000000000004,36480,99.42939008532201
random,4,4,7297,58.230000000000004,36485,99.42947115120828
random,4,4,7298,58.230000000000004,36490,99.42955219406393
random,4,4,7299,58.230000000000004,36495,99.42963321389881
random,4,4,7300,58.230000000000004,36500,99.42971421072271
random,4,4,7301,58.230000000000004,36505,99.42979518454543
random,4,4,7302,58.230000000000004,36510,99.42987613537676
random,4,4,7303,58.25,36515,99.42976127310568
random,4,4,7304,58.26,36520,99.42974432460528
random,4,4,7305,58.26,36525,99.42982524819142
random,4,4,7306,58.26,36530,99.42990614881347
random,4,4,7307,58.269999999999996,36535,99.42988918697326
random,4,4,7308,58.28,36540,99.42987222994502
random,4,4,7309,58.32000000000001,36545,99.42956184246047
random,4,4,7310,58.32000000000001,36550,99.42964273454622
random,4,4,7311,58.330000000000005,36555,99.42962581967454
random,4,4,7312,58.330000000000005,36560,99.42970667975484
random,4,4,7313,58.330000000000005,36565,99.42978751691184
random,4,4,7314,58.330000000000005,36570,99.4298683311553
random,4,4,7315,58.330000000000005,36575,99.42994912249497
random,4,4,7316,58.330000000000005,36580,99.43002989094057
random,4,4,7317,58.330000000000005,36585,99.43011063650184
random,4,4,7318,58.34,36590,99.4300936721251
random,4,4,7319,58.34,36595,99.4301743857819
random,4,4,7320,58.34,36600,99.43025507657963
random,4,4,7321,58.34,36605,99.43033574452794
random,4,4,7322,58.34,36610,99.43041638963659
random,4,4,7323,58.34,36615,99.43049701191524
random,4,4,7324,58.34,36620,99.43057761137362
random,4,4,7325,58.34,36625,99.43065818802138
random,4,4,7326,58.34,36630,99.43073874186823
random,4,4,7327,58.34,36635,99.43081927292383
random,4,4,7328,58.34,36640,99.43089978119785
random,4,4,7329,58.34,36645,99.43098026669995
random,4,4,7330,58.34,36650,99.43106072943982
random,4,4,7331,58.34,36655,99.43114116942711
random,4,4,7332,58.34,36660,99.43122158667144
random,4,4,7333,58.34,36665,99.43130198118247
random,4,4,7334,58.34,36670,99.43138235296985
random,4,4,7335,58.34,36675,99.43146270204318
random,4,4,7336,58.34,36680,99.43154302841212
random,4,4,7337,58.34,36685,99.43162333208629
random,4,4,7338,58.34,36690,99.4317036130753
random,4,4,7339,58.34,36695,99.43178387138875
random,4,4,7340,58.34,36700,99.43186410703626
random,4,4,7341,58.34,36705,99.43194432002743
random,4,4,7342,58.34,36710,99.43202451037183
random,4,4,7343,58.34,36715,99.43210467807909
random,4,4,7344,58.34,36720,99.43218482315876
random,4,4,7345,58.34,36725,99.43226494562045
random,4,4,7346,58.34,36730,99.4323450454737
random,4,4,7347,58.34,36735,99.43242512272809
random,4,4,7348,58.35,36740,99.43240790368347
random,4,4,7349,58.35,36745,99.43248794948704
random,4,4,7350,58.37,36750,99.43237348016225
random,4,4,7351,58.379999999999995,36755,99.43235627568156
random,4,4,7352,58.4,36760,99.43224185719133
random,4,4,7353,58.440000000000005,36765,99.43193306064046
random,4,4,7354,58.48,36770,99.43162435112552
random,4,4,7355,58.48,36775,99.43170443966329
random,4,4,7356,58.48,36780,99.43178450563406
random,4,4,7357,58.48,36785,99.43186454904735
random,4,4,7358,58.48,36790,99.43194456991269
random,4,4,7359,58.489999999999995,36795,99.43192744521777
random,4,4,7360,58.52,36800,99.43171610665325
random,4,4,7361,58.52,36805,99.4317961146195
random,4,4,7362,58.52,36810,99.43187610006048
random,4,4,7363,58.52,36815,99.4319560629857
random,4,4,7364,58.52,36820,99.43203600340468
random,4,4,7365,58.52,36825,99.4321159213269
random,4,4,7366,58.52,36830,99.43219581676188
random,4,4,7367,58.52,36835,99.43227568971906
random,4,4,7368,58.53,36840,99.43225854012941
random,4,4,7369,58.53,36845,99.43233838180069
random,4,4,7370,58.53,36850,99.43241820101879
random,4,4,7371,58.53,36855,99.4324979977932
random,4,4,7372,58.53,36860,99.43257777213338
random,4,4,7373,58.53,36865,99.4326575240488
random,4,4,7374,58.550000000000004,36870,99.43254341697059
random,4,4,7375,58.57,36875,99.43242934195914
random,4,4,7376,58.599999999999994,36880,99.43221840794429
random,4,4,7377,58.63,36885,99.43200753319022
random,4,4,7378,58.63,36890,99.43208730919034
random,4,4,7379,58.63,36895,99.43216706278413
random,4,4,7380,58.63,36900,99.43224679398102
random,4,4,7381,58.67,36905,99.4319392106211
random,4,4,7382,58.709999999999994,36910,99.43163171361441
random,4,4,7383,58.709999999999994,36915,99.43171148637792
random,4,4,7384,58.75,36920,99.43140410763351
random,4,4,7385,58.76,36925,99.43138712124731
random,4,4,7386,58.76,36930,99.43146689475074
random,4,4,7387,58.76,36935,99.43154664587368
random,4,4,7388,58.76,36940,99.43162637462554
random,4,4,7389,58.76,36945,99.43170608101573
random,4,4,7390,58.76,36950,99.43178576505366
random,4,4,7391,58.76,36955,99.43186542674873
random,4,4,7392,58.76,36960,99.43194506611034
random,4,4,7393,58.76,36965,99.43202468314787
random,4,4,7394,58.76,36970,99.43210427787072
random,4,4,7395,58.76,36975,99.43218385028825
random,4,4,7396,58.76,36980,99.43226340040987
random,4,4,7397,58.76,36985,99.43234292824489
random,4,4,7398,58.76,36990,99.43242243380274
random,4,4,7399,58.76,36995,99.43250191709274
random,4,4,7400,58.76,37000,99.43258137812425
random,4,4,7401,58.76,37005,99.43266026912913
random,4,4,7402,58.76,37010,99.43273913819985
random,4,4,7403,58.76,37015,99.43281798534555
random,4,4,7404,58.76,37020,99.4328973578962
random,4,4,7405,58.77,37025,99.43288021005723
random,4,4,7406,58.77,37030,99.4329595516936
random,4,4,7407,58.77,37035,99.43303887113282
random,4,4,7408,58.77,37040,99.43311816838425
random,4,4,7409,58.77,37045,99.43319744345717
random,4,4,7410,58.77,37050,99.43327669636089
random,4,4,7411,58.77,37055,99.43335592710471
random,4,4,7412,58.78,37060,99.43333873194358
random,4,4,7413,58.78,37065,99.43341793186941
random,4,4,7414,58.78,37070,99.43349710965947
random,4,4,7415,58.78,37075,99.43357626532297
random,4,4,7416,58.78,37080,99.43365539886923
random,4,4,7417,58.79,37085,99.43363817388531
random,4,4,7418,58.830000000000005,37090,99.43333198481179
random,4,4,7419,58.84,37095,99.43331480980315
random,4,4,7420,58.879999999999995,37100,99.43300875138667
random,4,4,7421,58.879999999999995,37105,99.43308790892435
random,4,4,7422,58.879999999999995,37110,99.43316704436278
random,4,4,7423,58.879999999999995,37115,99.4332461577112
random,4,4,7424,58.9,37120,99.43313221878209
random,4,4,7425,58.9,37125,99.43321131498824
random,4,4,7426,58.93000000000001,37130,99.43300174246367
random,4,4,7427,58.97,37135,99.43269602627473
random,4,4,7428,58.97,37140,99.43277515022272
random,4,4,7429,58.97,37145,99.43285370664773
random,4,4,7430,58.97,37150,99.43292951478307
random,4,4,7431,58.97,37155,99.43300257682397
random,4,4,7432,58.97,37160,99.43307834516943
random,4,4,7433,58.97,37165,99.43315409326765
random,4,4,7434,59.03,37170,99.43265315145172
random,4,4,7435,59.06,37175,99.4324406397872
random,4,4,7436,59.06,37180,99.43251644270636
random,4,4,7437,59.06,37185,99.43259222537982
random,4,4,7438,59.08,37190,99.43247586725622
random,4,4,7439,59.08,37195,99.43255163511188
random,4,4,7440,59.08,37200,99.43262738273931
random,4,4,7441,59.08,37205,99.43270311014662
random,4,4,7442,59.08,37210,99.43277609441186
random,4,4,7443,59.08,37215,99.43284905990028
random,4,4,7444,59.08,37220,99.43292200661911
random,4,4,7445,59.089999999999996,37225,99.43289896215424
random,4,4,7446,59.11,37230,99.43277996353517
random,4,4,7447,59.12,37235,99.43275966452993
random,4,4,7448,59.12,37240,99.43283530542662
random,4,4,7449,59.12,37245,99.4329082063324
random,4,4,7450,59.12,37250,99.43298108849984
random,4,4,7451,59.12,37255,99.4330566703587
random,4,4,7452,59.13,37260,99.43303362964909
random,4,4,7453,59.13,37265,99.43310646726485
random,4,4,7454,59.13,37270,99.43317928616825
random,4,4,7455,59.13,37275,99.43325480242993
random,4,4,7456,59.13,37280,99.43333029857254
random,4,4,7457,59.13,37285,99.4334030599876
random,4,4,7458,59.13,37290,99.43347580271966
random,4,4,7459,59.13,37295,99.43355123999878
random,4,4,7460,59.13,37300,99.43362394468997
random,4,4,7461,59.13,37305,99.43369663072002
random,4,4,7462,59.13,37310,99.4337692980961
random,4,4,7463,59.13,37315,99.43384465723808
random,4,4,7464,59.13,37320,99.43392270598925
random,4,4,7465,59.13,37325,99.43400073322415
random,4,4,7466,59.13,37330,99.43407873895171
random,4,4,7467,59.13,37335,99.43415726466282
random,4,4,7468,59.13,37340,99.43423576858493
random,4,4,7469,59.13,37345,99.43431425072707
random,4,4,7470,59.13,37350,99.43439271109835
random,4,4,7471,59.13,37355,99.43447114970782
random,4,4,7472,59.13,37360,99.4345495665645
random,4,4,7473,59.13,37365,99.43462796167746
random,4,4,7474,59.13,37370,99.43470633505575
random,4,4,7475,59.14,37375,99.43468909812168
random,4,4,7476,59.14,37380,99.4347674413048
random,4,4,7477,59.14,37385,99.43484522270289
random,4,4,7478,59.14,37390,99.43492298269703
random,4,4,7479,59.14,37395,99.43500072129599
random,4,4,7480,59.14,37400,99.43507897813677
random,4,4,7481,59.14,37405,99.43515721330218
random,4,4,7482,59.14,37410,99.4352354268012
random,4,4,7483,59.14,37415,99.43531361864287
random,4,4,7484,59.14,37420,99.43539178883614
random,4,4,7485,59.14,37425,99.43546993739004
random,4,4,7486,59.14,37430,99.43554806431354
random,4,4,7487,59.14,37435,99.43562616961562
random,4,4,7488,59.14,37440,99.43570425330525
random,4,4,7489,59.14,37445,99.43578177710613
random,4,4,7490,59.14,37450,99.43585927960929
random,4,4,7491,59.14,37455,99.43593676082345
random,4,4,7492,59.14,37460,99.43601475859924
random,4,4,7493,59.14,37465,99.43609273480722
random,4,4,7494,59.14,37470,99.43617068945628
random,4,4,7495,59.14,37475,99.4362486225554
random,4,4,7496,59.14,37480,99.43632599686615
random,4,4,7497,59.14,37485,99.43640388704063
random,4,4,7498,59.14,37490,99.43648175569187
random,4,4,7499,59.14,37495,99.43655906602568
random,4,4,7500,59.14,37500,99.43663689180552
random,4,4,7501,59.14,37505,99.43671469608881
random,4,4,7502,59.14,37510,99.43679247888448
random,4,4,7503,59.14,37515,99.43687024020142
random,4,4,7504,59.14,37520,99.4369479800485
random,4,4,7505,59.14,37525,99.43702569843464
random,4,4,7506,59.14,37530,99.43710339536871
random,4,4,7507,59.14,37535,99.43718107085961
random,4,4,7508,59.14,37540,99.43725872491619
random,4,4,7509,59.14,37545,99.43733582222323
random,4,4,7510,59.14,37550,99.43741289840803
random,4,4,7511,59.14,37555,99.43748727830969
random,4,4,7512,59.14,37560,99.43756163854633
random,4,4,7513,59.14,37565,99.43763865288118
random,4,4,7514,59.14,37570,99.43771511152522
random,4,4,7515,59.14,37575,99.43779154938147
random,4,4,7516,59.14,37580,99.43786262328241
random,4,4,7517,59.14,37585,99.43793100826471
random,4,4,7518,59.14,37590,99.43799937661075
random,4,4,7519,59.14,37595,99.43806772832656
random,4,4,7520,59.14,37600,99.43813606341823
random,4,4,7521,59.14,37605,99.43820438189182
random,4,4,7522,59.14,37610,99.43827535145783
random,4,4,7523,59.14,37615,99.43834363606491
random,4,4,7524,59.14,37620,99.43840923766476
random,4,4,7525,59.14,37625,99.43847482394183
random,4,4,7526,59.14,37630,99.43854039490148
random,4,4,7527,59.14,37635,99.4386059505491
random,4,4,7528,59.14,37640,99.43867149089004
random,4,4,7529,59.14,37645,99.43873701592966
random,4,4,7530,59.14,37650,99.43880518834757
random,4,4,7531,59.14,37655,99.43887600620899
random,4,4,7532,59.14,37660,99.43894680619948
random,4,4,7533,59.14,37665,99.43902078108341
random,4,4,7534,59.150000000000006,37670,99.4389998928267
random,4,4,7535,59.17,37675,99.43888417894256
random,4,4,7536,59.18,37680,99.43886331419577
random,4,4,7537,59.18,37685,99.43893726108853
random,4,4,7538,59.18,37690,99.43901118849433
random,4,4,7539,59.18,37695,99.43908775461652
random,4,4,7540,59.18,37700,99.43916164237126
random,4,4,7541,59.18,37705,99.4392355106624
random,4,4,7542,59.18,37710,99.43930670340197
random,4,4,7543,59.18,37715,99.43937787806706
random,4,4,7544,59.18,37720,99.43944903466455
random,4,4,7545,59.18,37725,99.4395196423836
random,4,4,7546,59.18,37730,99.43959023231722
random,4,4,7547,59.18,37735,99.43966080447211
random,4,4,7548,59.18,37740,99.439731358855
random,4,4,7549,59.18,37745,99.4398018954726
random,4,4,7550,59.18,37750,99.43987506507027
random,4,4,7551,59.18,37755,99.43994821555653
random,4,4,7552,59.18,37760,99.44002134693886
random,4,4,7553,59.18,37765,99.44009445922472
random,4,4,7554,59.18,37770,99.44016755242163
random,4,4,7555,59.18,37775,99.44023797925722
random,4,4,7556,59.18,37780,99.44030574173675
random,4,4,7557,59.18,37785,99.44037613381043
random,4,4,7558,59.18,37790,99.44044650818009
random,4,4,7559,59.18,37795,99.44051686485238
random,4,4,7560,59.18,37800,99.44058720383403
random,4,4,7561,59.18,37805,99.44065752513166
random,4,4,7562,59.18,37810,99.44072518607842
random,4,4,7563,59.18,37815,99.44079283065793
random,4,4,7564,59.18,37820,99.44085993059407
random,4,4,7565,59.18,37825,99.44092437363786
random,4,4,7566,59.18,37830,99.44099197004518
random,4,4,7567,59.18,37835,99.44105955010866
random,4,4,7568,59.18,37840,99.44112711383423
random,4,4,7569,59.18,37845,99.4411972994665
random,4,4,7570,59.18,37850,99.4412648298964
random,4,4,7571,59.18,37855,99.44133234400636
random,4,4,7572,59.18,37860,99.44139720547578
random,4,4,7573,59.18,37865,99.44146468760057
random,4,4,7574,59.18,37870,99.44152951834516
random,4,4,7575,59.18,37875,99.44159433404133
random,4,4,7576,59.18,37880,99.4416591346943
random,4,4,7577,59.18,37885,99.44172392030934
random,4,4,7578,59.18,37890,99.44178869089167
random,4,4,7579,59.18,37895,99.4418534464465
random,4,4,7580,59.18,37900,99.4419208183904
random,4,4,7581,59.18,37905,99.44199080482313
random,4,4,7582,59.18,37910,99.4420634037715
random,4,4,7583,59.18,37915,99.44213545795702
random,4,4,7584,59.18,37920,99.44220539056933
random,4,4,7585,59.18,37925,99.44227267758122
random,4,4,7586,59.18,37930,99.44233994836132
random,4,4,7587,59.18,37935,99.44240982971735
random,4,4,7588,59.18,37940,99.44247706741807
random,4,4,7589,59.18,37945,99.44254166336977
random,4,4,7590,59.18,37950,99.44260624435472
random,4,4,7591,59.18,37955,99.4426708103781
random,4,4,7592,59.18,37960,99.442737985156
random,4,4,7593,59.18,37965,99.44280514374272
random,4,4,7594,59.18,37970,99.44287228614411
random,4,4,7595,59.230000000000004,37975,99.44247138700656
random,4,4,7596,59.29,37980,99.44197647058823
random,4,4,7597,59.330000000000005,37985,99.44166463552925
random,4,4,7598,59.330000000000005,37990,99.44172925609695
random,4,4,7599,59.330000000000005,37995,99.44179386170826
random,4,4,7600,59.330000000000005,38000,99.44185845236842
random,4,4,7601,59.330000000000005,38005,99.44192302808257
random,4,4,7602,59.330000000000005,38010,99.44198758885592
random,4,4,7603,59.34,38015,99.44196071719426
random,4,4,7604,59.35,38020,99.44193385200104
random,4,4,7605,59.36,38025,99.44190699327392
random,4,4,7606,59.37,38030,99.44188014101057
random,4,4,7607,59.38,38035,99.44185591836697
random,4,4,7608,59.38,38040,99.44192306282548
random,4,4,7609,59.39,38045,99.4418988407584
random,4,4,7610,59.39,38050,99.44196858524613
random,4,4,7611,59.39,38055,99.44203831230448
random,4,4,7612,59.39,38060,99.44211064226319
random,4,4,7613,59.39,38065,99.44218557309115
random,4,4,7614,59.39,38070,99.44225838866298
random,4,4,7615,59.39,38075,99.44232856697504
random,4,4,7616,59.39,38080,99.44240082170533
random,4,4,7617,59.39,38085,99.4424730577147
random,4,4,7618,59.39,38090,99.44254579825584
random,4,4,7619,59.39,38095,99.44261851981852
random,4,4,7620,59.39,38100,99.44268860753792
random,4,4,7621,59.39,38105,99.44275867763322
random,4,4,7622,59.39,38110,99.44282873011107
random,4,4,7623,59.39,38115,99.44289876497814
random,4,4,7624,59.39,38120,99.44297139448486
random,4,4,7625,59.39,38125,99.44304087117824
random,4,4,7626,59.39,38130,99.44311033054247
random,4,4,7627,59.39,38135,99.44317977258407
random,4,4,7628,59.39,38140,99.44324919730953
random,4,4,7629,59.39,38145,99.44331912652001
random,4,4,7630,59.39,38150,99.44338851650247
random,4,4,7631,59.39,38155,99.44345528150535
random,4,4,7632,59.39,38160,99.44352203049338
random,4,4,7633,59.39,38165,99.44358876347229
random,4,4,7634,59.39,38170,99.44365548044784
random,4,4,7635,59.39,38175,99.44372218142581
random,4,4,7636,59.39,38180,99.44379407550315
random,4,4,7637,59.39,38185,99.44386595099952
random,4,4,7638,59.39,38190,99.44393520473464
random,4,4,7639,59.39,38195,99.444004441224
random,4,4,7640,59.4,38200,99.4439774520688
random,4,4,7641,59.4,38205,99.44404666638587
random,4,4,7642,59.4,38210,99.44411638368696
random,4,4,7643,59.4,38215,99.44418608350496
random,4,4,7644,59.4,38220,99.44425524589366
random,4,4,7645,59.4,38225,99.44432699017936
random,4,4,7646,59.419999999999995,38230,99.44421424409116
random,4,4,7647,59.419999999999995,38235,99.4442885734059
random,4,4,7648,59.440000000000005,38240,99.44417378359248
random,4,4,7649,59.47,38245,99.44396552530158
random,4,4,7650,59.48,38250,99.44394377362865
random,4,4,7651,59.48,38255,99.44401550176012
random,4,4,7652,59.489999999999995,38260,99.4439937492523
random,4,4,7653,59.489999999999995,38265,99.4440685695489
random,4,4,7654,59.489999999999995,38270,99.44414336971147
random,4,4,7655,59.489999999999995,38275,99.44421814974814
random,4,4,7656,59.489999999999995,38280,99.44429290966701
random,4,4,7657,59.489999999999995,38285,99.44436764947622
random,4,4,7658,59.5,38290,99.44434898245824
random,4,4,7659,59.5,38295,99.44442369462911
random,4,4,7660,59.5,38300,99.44449527494216
random,4,4,7661,59.5,38305,99.44456424431331
random,4,4,7662,59.540000000000006,38310,99.44426243432468
random,4,4,7663,59.540000000000006,38315,99.44433141515368
random,4,4,7664,59.540000000000006,38320,99.44439778654946
random,4,4,7665,59.540000000000006,38325,99.44446414209179
random,4,4,7666,59.58,38330,99.4441547149357
random,4,4,7667,59.58,38335,99.44421849172204
random,4,4,7668,59.58,38340,99.44428225387477
random,4,4,7669,59.589999999999996,38345,99.44425533105465
random,4,4,7670,59.63,38350,99.44395125644823
random,4,4,7671,59.660000000000004,38355,99.44373790227839
random,4,4,7672,59.660000000000004,38360,99.44380428175612
random,4,4,7673,59.660000000000004,38365,99.44387064539343
random,4,4,7674,59.660000000000004,38370,99.44393699319602
random,4,4,7675,59.699999999999996,38375,99.44363054831747
random,4,4,7676,59.74,38380,99.44332677016776
random,4,4,7677,59.74,38385,99.44339056577756
random,4,4,7678,59.74,38390,99.44345953157068
random,4,4,7679,59.760000000000005,38395,99.44333958986348
random,4,4,7680,59.8,38400,99.44303080654355
random,4,4,7681,59.84,38405,99.44272468886084
random,4,4,7682,59.84,38410,99.44279110998544
random,4,4,7683,59.84,38415,99.44286010891415
random,4,4,7684,59.84,38420,99.44292909075676
random,4,4,7685,59.84,38425,99.44299805551961
random,4,4,7686,59.84,38430,99.44306441149945
random,4,4,7687,59.86,38435,99.44294722422816
random,4,4,7688,59.89,38440,99.44273701821038
random,4,4,7689,59.93000000000001,38445,99.44243434671411
random,4,4,7690,59.93000000000001,38450,99.44250384889092
random,4,4,7691,59.93000000000001,38455,99.44257281526306
random,4,4,7692,59.93000000000001,38460,99.44264176457403
random,4,4,7693,59.93000000000001,38465,99.44271380615405
random,4,4,7694,59.98,38470,99.44231834900941
random,4,4,7695,60.019999999999996,38475,99.44201595674461
random,4,4,7696,60.019999999999996,38480,99.44208545889911
random,4,4,7697,60.019999999999996,38485,99.44215494374149
random,4,4,7698,60.07,38490,99.44175975317361
random,4,4,7699,60.07,38495,99.44182926126702
random,4,4,7700,60.07,38500,99.4419013446582
random,4,4,7701,60.07,38505,99.44197340943379
random,4,4,7702,60.089999999999996,38510,99.44185916905843
random,4,4,7703,60.089999999999996,38515,99.44193070244849
random,4,4,7704,60.089999999999996,38520,99.44200221750492
random,4,4,7705,60.11,38525,99.4418854263481
random,4,4,7706,60.150000000000006,38530,99.441582989216
random,4,4,7707,60.150000000000006,38535,99.44165193054762
random,4,4,7708,60.150000000000006,38540,99.441721373022
random,4,4,7709,60.150000000000006,38545,99.44179079822524
random,4,4,7710,60.150000000000006,38550,99.44186020616375
random,4,4,7711,60.150000000000006,38555,99.441929596844
random,4,4,7712,60.150000000000006,38560,99.4420015584994
random,4,4,7713,60.160000000000004,38565,99.44198333370436
random,4,4,7714,60.18,38570,99.44187237073476
random,4,4,7715,60.18,38575,99.44194689871586
random,4,4,7716,60.18,38580,99.44201882004319
random,4,4,7717,60.19,38585,99.44200060259114
random,4,4,7718,60.19,38590,99.4420724981322
random,4,4,7719,60.209999999999994,38595,99.44195901026272
random,4,4,7720,60.22,38600,99.44193822213491
random,4,4,7721,60.22,38605,99.44201268304616
random,4,4,7722,60.22,38610,99.44208453966415
random,4,4,7723,60.22,38615,99.44215379399338
random,4,4,7724,60.22,38620,99.44222561427428
random,4,4,7725,60.22,38625,99.44229689957083
random,4,4,7726,60.23,38630,99.44227040301358
random,4,4,7727,60.23,38635,99.44233650172863
random,4,4,7728,60.23,38640,99.44240516582961
random,4,4,7729,60.23,38645,99.4424686521682
random,4,4,7730,60.23,38650,99.44253212405164
random,4,4,7731,60.23,38655,99.44259558148488
random,4,4,7732,60.24,38660,99.44256648902946
random,4,4,7733,60.24,38665,99.44262992810813
random,4,4,7734,60.24,38670,99.44269335274902
random,4,4,7735,60.24,38675,99.44275676295702
random,4,4,7736,60.25,38680,99.4427302425904
random,4,4,7737,60.29,38685,99.44242886089576
random,4,4,7738,60.29,38690,99.44249743395319
random,4,4,7739,60.29,38695,99.44256599014575
random,4,4,7740,60.29,38700,99.44263452947963
random,4,4,7741,60.309999999999995,38705,99.44251817986022
random,4,4,7742,60.31999999999999,38710,99.4424947988055
random,4,4,7743,60.36,38715,99.44219418407037
random,4,4,7744,60.38,38720,99.44207844720768
random,4,4,7745,60.41,38725,99.4418703487271
random,4,4,7746,60.41,38730,99.44193943828124
random,4,4,7747,60.419999999999995,38735,99.44191614332834
random,4,4,7748,60.419999999999995,38740,99.4419877869025
random,4,4,7749,60.42999999999999,38745,99.44196706839251
random,4,4,7750,60.46,38750,99.44176169151933
random,4,4,7751,60.51,38755,99.44137172737167
random,4,4,7752,60.56,38760,99.44098134727557
random,4,4,7753,60.58,38765,99.44087053633234
random,4,4,7754,60.589999999999996,38770,99.44084945847575
random,4,4,7755,60.61,38775,99.44073662949009
random,4,4,7756,60.62,38780,99.44071609006852
random,4,4,7757,60.62,38785,99.4407878047093
random,4,4,7758,60.62,38790,99.44085950096111
random,4,4,7759,60.62,38795,99.44093066322851
random,4,4,7760,60.62,38800,99.44100438473136
random,4,4,7761,60.62,38805,99.44107808679425
random,4,4,7762,60.62,38810,99.44115176942486
random,4,4,7763,60.64000000000001,38815,99.44103850326628
random,4,4,7764,60.64000000000001,38820,99.44110959652794
random,4,4,7765,60.660000000000004,38825,99.44099894023867
random,4,4,7766,60.69,38830,99.4407935958013
random,4,4,7767,60.699999999999996,38835,99.44077513909221
random,4,4,7768,60.699999999999996,38840,99.44084622902828
random,4,4,7769,60.709999999999994,38845,99.44082777016374
random,4,4,7770,60.709999999999994,38850,99.44089883501405
random,4,4,7771,60.709999999999994,38855,99.4409703965694
random,4,4,7772,60.709999999999994,38860,99.4410419398082
random,4,4,7773,60.709999999999994,38865,99.4411134647375
random,4,4,7774,60.709999999999994,38870,99.44118239950073
random,4,4,7775,60.709999999999994,38875,99.44125080301215
random,4,4,7776,60.709999999999994,38880,99.44131970390221
random,4,4,7777,60.709999999999994,38885,99.4413880738056
random,4,4,7778,60.72,38890,99.44136493902579
random,4,4,7779,60.72,38895,99.44143636955718
random,4,4,7780,60.72,38900,99.44150521335385
random,4,4,7781,60.75000000000001,38905,99.44129813802833
random,4,4,7782,60.8,38910,99.44090977221671
random,4,4,7783,60.8,38915,99.44098122506023
random,4,4,7784,60.809999999999995,38920,99.4409607275141
random,4,4,7785,60.81999999999999,38925,99.4409376657447
random,4,4,7786,60.81999999999999,38930,99.441009087968
random,4,4,7787,60.81999999999999,38935,99.44107792377265
random,4,4,7788,60.81999999999999,38940,99.44114674262612
random,4,4,7789,60.81999999999999,38945,99.44121554453463
random,4,4,7790,60.81999999999999,38950,99.44128432950446
random,4,4,7791,60.81999999999999,38955,99.44135309754184
random,4,4,7792,60.81999999999999,38960,99.44142441366553
random,4,4,7793,60.81999999999999,38965,99.4414931472256
random,4,4,7794,60.81999999999999,38970,99.44156186387221
random,4,4,7795,60.81999999999999,38975,99.4416331267076
random,4,4,7796,60.81999999999999,38980,99.44170437135746
random,4,4,7797,60.81999999999999,38985,99.44177559782878
random,4,4,7798,60.81999999999999,38990,99.44184680612848
random,4,4,7799,60.81999999999999,38995,99.44191799626356
random,4,4,7800,60.81999999999999,39000,99.44198916824091
random,4,4,7801,60.81999999999999,39005,99.44206032206752
random,4,4,7802,60.81999999999999,39010,99.4421314577503
random,4,4,7803,60.81999999999999,39015,99.44220257529624
random,4,4,7804,60.81999999999999,39020,99.44227623190744
random,4,4,7805,60.81999999999999,39025,99.44234986906866
random,4,4,7806,60.81999999999999,39030,99.44242093094252
random,4,4,7807,60.81999999999999,39035,99.44249197470772
random,4,4,7808,60.81999999999999,39040,99.4425630003712
random,4,4,7809,60.81999999999999,39045,99.44263656183188
random,4,4,7810,60.81999999999999,39050,99.44271010388023
random,4,4,7811,60.81999999999999,39055,99.44278362652393
random,4,4,7812,60.81999999999999,39060,99.44285712977069
random,4,4,7813,60.81999999999999,39065,99.44292806243016
random,4,4,7814,60.81999999999999,39070,99.44299897703036
random,4,4,7815,60.81999999999999,39075,99.44306987357814
random,4,4,7816,60.81999999999999,39080,99.44314075208044
random,4,4,7817,60.81999999999999,39085,99.4432085541915
random,4,4,7818,60.81999999999999,39090,99.44327633979367
random,4,4,7819,60.81999999999999,39095,99.44334156148092
random,4,4,7820,60.81999999999999,39100,99.4434042210496
random,4,4,7821,60.81999999999999,39105,99.44346686651349
random,4,4,7822,60.81999999999999,39110,99.44353204356956
random,4,4,7823,60.81999999999999,39115,99.4435972053613
random,4,4,7824,60.81999999999999,39120,99.44366235189408
random,4,4,7825,60.81999999999999,39125,99.44372748317326
random,4,4,7826,60.81999999999999,39130,99.4437925992042
random,4,4,7827,60.81999999999999,39135,99.44386024268249
random,4,4,7828,60.81999999999999,39140,99.44393092016541
random,4,4,7829,60.84,39145,99.44381874561198
random,4,4,7830,60.84,39150,99.4438894104076
random,4,4,7831,60.86,39155,99.44377726962819
random,4,4,7832,60.86,39160,99.44384792174029
random,4,4,7833,60.9,39165,99.4435530735241
random,4,4,7834,60.9,39170,99.4436257693541
random,4,4,7835,60.91,39175,99.44360506647325
random,4,4,7836,60.91,39180,99.44367824490578
random,4,4,7837,60.91,39185,99.44375140409164
random,4,4,7838,60.940000000000005,39190,99.44355061096208
random,4,4,7839,60.99,39195,99.4431677809702
random,4,4,7840,60.99,39200,99.44324148658814
random,4,4,7841,60.99,39205,99.44331466458317
random,4,4,7842,60.99,39210,99.44338833132403
random,4,4,7843,60.99,39215,99.4434619785707
random,4,4,7844,60.99,39220,99.44353509861993
random,4,4,7845,60.99,39225,99.44360870703566
random,4,4,7846,60.99,39230,99.44368178853705
random,4,4,7847,60.99,39235,99.44375485084258
random,4,4,7848,60.99,39240,99.4438278939598
random,4,4,7849,60.99,39245,99.44390142493992
random,4,4,7850,60.99,39250,99.44397442957009
random,4,4,7851,60.99,39255,99.4440479218112
random,4,4,7852,60.99,39260,99.44412139462733
random,4,4,7853,60.99,39265,99.44419484802616
random,4,4,7854,60.99,39270,99.44426828201539
random,4,4,7855,60.99,39275,99.44434169660273
random,4,4,7856,60.99,39280,99.44441509179586
random,4,4,7857,60.99,39285,99.44448846760244
random,4,4,7858,61.0,39290,99.44447024773895
random,4,4,7859,61.01,39295,99.44445203265359
random,4,4,7860,61.01,39300,99.44452486891569
random,4,4,7861,61.01,39305,99.44459768608162
random,4,4,7862,61.01,39310,99.44467098963435
random,4,4,7863,61.029999999999994,39315,99.44456124160538
random,4,4,7864,61.08,39320,99.44417599637458
random,4,4,7865,61.09,39325,99.44415479956726
random,4,4,7866,61.129999999999995,39330,99.44386118454929
random,4,4,7867,61.18,39335,99.44347617262973
random,4,4,7868,61.19,39340,99.44345507166233
random,4,4,7869,61.19,39345,99.44351935132126
random,4,4,7870,61.23,39350,99.44321988586144
random,4,4,7871,61.23,39355,99.44328417783265
random,4,4,7872,61.24000000000001,39360,99.44325754338755
random,4,4,7873,61.27,39365,99.44305164430207
random,4,4,7874,61.27,39370,99.44311846389041
random,4,4,7875,61.27,39375,99.44318526744738
random,4,4,7876,61.28,39380,99.4431586570746
random,4,4,7877,61.28,39385,99.44322544009086
random,4,4,7878,61.31999999999999,39390,99.44292882080241
random,4,4,7879,61.38,39395,99.44245313354419
random,4,4,7880,61.44,39400,99.4419775646644
random,4,4,7881,61.44,39405,99.44204192313909
random,4,4,7882,61.45,39410,99.4420154637537
random,4,4,7883,61.45,39415,99.4420798030165
random,4,4,7884,61.45,39420,99.44214159526624
random,4,4,7885,61.45,39425,99.44220388015508
random,4,4,7886,61.45,39430,99.44226817597641
random,4,4,7887,61.45,39435,99.44233245697701
random,4,4,7888,61.45,39440,99.44239925302371
random,4,4,7889,61.45,39445,99.4424640096682
random,4,4,7890,61.45,39450,99.44252875127347
random,4,4,7891,61.45,39455,99.44259347784478
random,4,4,7892,61.46,39460,99.44256749096418
random,4,4,7893,61.47,39465,99.44254100456887
random,4,4,7894,61.47,39470,99.44260520180738
random,4,4,7895,61.47,39475,99.44266988957665
random,4,4,7896,61.51,39480,99.44237395847404
random,4,4,7897,61.51,39485,99.442440679441
random,4,4,7898,61.51,39490,99.44250788972333
random,4,4,7899,61.51,39495,99.4425725580038
random,4,4,7900,61.51,39500,99.44263670623755
random,4,4,7901,61.51,39505,99.44270083970876
random,4,4,7902,61.51,39510,99.44276243434273
random,4,4,7903,61.51,39515,99.44282401536287
random,4,4,7904,61.51,39520,99.4428830597866
random,4,4,7905,61.51,39525,99.44294461415016
random,4,4,7906,61.51,39530,99.44300867678567
random,4,4,7907,61.51,39535,99.44307070765603
random,4,4,7908,61.51,39540,99.44313222056346
random,4,4,7909,61.51,39545,99.44319624005837
random,4,4,7910,61.51,39550,99.44326074875138
random,4,4,7911,61.51,39555,99.44332776148255
random,4,4,7912,61.51,39560,99.44338972130575
random,4,4,7913,61.51,39565,99.44345418517749
random,4,4,7914,61.519999999999996,39570,99.443425142853
random,4,4,7915,61.519999999999996,39575,99.44348656750982
random,4,4,7916,61.519999999999996,39580,99.44354546202821
random,4,4,7917,61.53999999999999,39585,99.44342346122957
random,4,4,7918,61.53999999999999,39590,99.4434848662971
random,4,4,7919,61.58,39595,99.44318457192666
random,4,4,7920,61.58,39600,99.44324850663482
random,4,4,7921,61.59,39605,99.4432169925943
random,4,4,7922,61.59,39610,99.44327587718624
random,4,4,7923,61.6,39615,99.44324436691643
random,4,4,7924,61.6,39620,99.44330575166376
random,4,4,7925,61.6,39625,99.44336712287671
random,4,4,7926,61.6,39630,99.44342848055975
random,4,4,7927,61.6,39635,99.44349485232739
random,4,4,7928,61.6,39640,99.44356171090321
random,4,4,7929,61.61,39645,99.44354124893874
random,4,4,7930,61.61,39650,99.44361110032429
random,4,4,7931,61.61,39655,99.44368344585779
random,4,4,7932,61.61,39660,99.44375326155063
random,4,4,7933,61.62,39665,99.4437302750836
random,4,4,7934,61.62,39670,99.44379755747515
random,4,4,7935,61.62,39675,99.44386733320758
random,4,4,7936,61.62,39680,99.4439345824501
random,4,4,7937,61.62,39685,99.44400181543061
random,4,4,7938,61.62,39690,99.44407153992725
random,4,4,7939,61.62,39695,99.44414124693857
random,4,4,7940,61.62,39700,99.44420842995646
random,4,4,7941,61.62,39705,99.44427559673636
random,4,4,7942,61.62,39710,99.44434274728417
random,4,4,7943,61.62,39715,99.44440988160575
random,4,4,7944,61.62,39720,99.44447900298316
random,4,4,7945,61.62,39725,99.44454560368932
random,4,4,7946,61.62,39730,99.44461469130239
random,4,4,7947,61.62,39735,99.44468125947948
random,4,4,7948,61.62,39740,99.44474781170084
random,4,4,7949,61.62,39745,99.4448143479722
random,4,4,7950,61.62,39750,99.44487836782349
random,4,4,7951,61.62,39755,99.44494487281112
random,4,4,7952,61.62,39760,99.4450118617231
random,4,4,7953,61.62,39765,99.44507883446742
random,4,4,7954,61.62,39770,99.44514579104994
random,4,4,7955,61.62,39775,99.44521273147649
random,4,4,7956,61.62,39780,99.4452796557529
random,4,4,7957,61.62,39785,99.44534656388507
random,4,4,7958,61.62,39790,99.44541345587878
random,4,4,7959,61.62,39795,99.44548282679573
random,4,4,7960,61.629999999999995,39800,99.44545970697453
random,4,4,7961,61.650000000000006,39805,99.44534662462156
random,4,4,7962,61.69,39810,99.44505365500851
random,4,4,7963,61.69,39815,99.44512054169331
random,4,4,7964,61.69,39820,99.44518691328224
random,4,4,7965,61.69,39825,99.44525077470652
random,4,4,7966,61.69,39830,99.44531462143105
random,4,4,7967,61.69,39835,99.44537596029794
random,4,4,7968,61.69,39840,99.44543977821186
random,4,4,7969,61.69,39845,99.44550358144105
random,4,4,7970,61.69,39850,99.4455698614329
random,4,4,7971,61.69,39855,99.44563612558153
random,4,4,7972,61.69,39860,99.445699883641
random,4,4,7973,61.69,39865,99.44576362703638
random,4,4,7974,61.69,39870,99.44582984487906
random,4,4,7975,61.69,39875,99.44589604690078
random,4,4,7976,61.69,39880,99.44596273068795
random,4,4,7977,61.69,39885,99.4460293984269
random,4,4,7978,61.69,39890,99.44609853681663
random,4,4,7979,61.69,39895,99.44616765795085
random,4,4,7980,61.69,39900,99.44623427638376
random,4,4,7981,61.69,39905,99.44630087879204
random,4,4,7982,61.69,39910,99.44636746518147
random,4,4,7983,61.69,39915,99.4464340355578
random,4,4,7984,61.69,39920,99.44650058992683
random,4,4,7985,61.69,39925,99.44656961075964
random,4,4,7986,61.69,39930,99.44663861438093
random,4,4,7987,61.69,39935,99.44670760079715
random,4,4,7988,61.69,39940,99.44677657001473
random,4,4,7989,61.69,39945,99.44684552204009
random,4,4,7990,61.69,39950,99.44691445687968
random,4,4,7991,61.69,39955,99.4469833745399
random,4,4,7992,61.69,39960,99.44705475314208
random,4,4,7993,61.69,39965,99.44712363584546
random,4,4,7994,61.69,39970,99.44719250138895
random,4,4,7995,61.69,39975,99.447261349779
random,4,4,7996,61.69,39980,99.44732770537523
random,4,4,7997,61.69,39985,99.44739404504155
random,4,4,7998,61.69,39990,99.44746036878371
random,4,4,7999,61.69,39995,99.44752667660742
random,4,4,8000,61.69,40000,99.44759544178933
random,4,4,8001,61.69,40005,99.44766171719994
random,4,4,8002,61.69,40010,99.4477279767095
random,4,4,8003,61.69,40015,99.44779422032374
random,4,4,8004,61.69,40020,99.44786291892473
random,4,4,8005,61.69,40025,99.44793407067411
random,4,4,8006,61.69,40030,99.44800569800569
random,4,4,8007,61.69,40035,99.44807730675325
random,4,4,8008,61.69,40040,99.44814889692398
random,4,4,8009,61.69,40045,99.44822046852512
random,4,4,8010,61.69,40050,99.44829202156392
random,4,4,8011,61.69,40055,99.44836355604757
random,4,4,8012,61.69,40060,99.44843507198328
random,4,4,8013,61.69,40065,99.44850656937831
random,4,4,8014,61.69,40070,99.44857804823981
random,4,4,8015,61.69,40075,99.44864950857503
random,4,4,8016,61.69,40080,99.44872095039115
random,4,4,8017,61.69,40085,99.44879237369535
random,4,4,8018,61.69,40090,99.44886377849488
random,4,4,8019,61.69,40095,99.44893516479688
random,4,4,8020,61.69,40100,99.44900653260856
random,4,4,8021,61.69,40105,99.4490778819371
random,4,4,8022,61.69,40110,99.44914921278966
random,4,4,8023,61.69,40115,99.44922052517346
random,4,4,8024,61.69,40120,99.44929181909562
random,4,4,8025,61.69,40125,99.44936309456334
random,4,4,8026,61.69,40130,99.44943435158378
random,4,4,8027,61.69,40135,99.4495055901641
random,4,4,8028,61.69,40140,99.44957681031144
random,4,4,8029,61.69,40145,99.44964801203298
random,4,4,8030,61.69,40150,99.44971919533586
random,4,4,8031,61.69,40155,99.44979036022723
random,4,4,8032,61.69,40160,99.4498615067142
random,4,4,8033,61.69,40165,99.44993263480396
random,4,4,8034,61.69,40170,99.4500037445036
random,4,4,8035,61.7,40175,99.44998569249654
random,4,4,8036,61.7,40180,99.45005677695836
random,4,4,8037,61.7,40185,99.45012784304849
random,4,4,8038,61.7,40190,99.45019889077403
random,4,4,8039,61.7,40195,99.45026992014213
random,4,4,8040,61.7,40200,99.45034093115987
random,4,4,8041,61.7,40205,99.4504119238344
random,4,4,8042,61.7,40210,99.4504828981728
random,4,4,8043,61.7,40215,99.45055385418216
random,4,4,8044,61.7,40220,99.4506247918696
random,4,4,8045,61.7,40225,99.45069571124222
random,4,4,8046,61.7,40230,99.45076661230709
random,4,4,8047,61.71,40235,99.4507484898031
random,4,4,8048,61.72,40240,99.45073037197622
random,4,4,8049,61.72,40245,99.45080124112513
random,4,4,8050,61.72,40250,99.45087209198871
random,4,4,8051,61.72,40255,99.45094292457404
random,4,4,8052,61.72,40260,99.45101373888818
random,4,4,8053,61.72,40265,99.45108453493822
random,4,4,8054,61.72,40270,99.4511553127312
random,4,4,8055,61.72,40275,99.4512260722742
random,4,4,8056,61.72,40280,99.45129681357427
random,4,4,8057,61.72,40285,99.45136753663846
random,4,4,8058,61.72,40290,99.45143824147384
random,4,4,8059,61.739999999999995,40295,99.45133119280813
random,4,4,8060,61.739999999999995,40300,99.45140188410664
random,4,4,8061,61.739999999999995,40305,99.45147255719158
random,4,4,8062,61.739999999999995,40310,99.45154321206996
random,4,4,8063,61.739999999999995,40315,99.4516138487488
random,4,4,8064,61.739999999999995,40320,99.45168446723517
random,4,4,8065,61.739999999999995,40325,99.45175506753607
random,4,4,8066,61.739999999999995,40330,99.45182564965852
random,4,4,8067,61.739999999999995,40335,99.45189621360956
random,4,4,8068,61.739999999999995,40340,99.45196675939619
random,4,4,8069,61.739999999999995,40345,99.45203728702543
random,4,4,8070,61.739999999999995,40350,99.45210779650428
random,4,4,8071,61.739999999999995,40355,99.45217828783977
random,4,4,8072,61.739999999999995,40360,99.45224876103886
random,4,4,8073,61.739999999999995,40365,99.45231921610859
random,4,4,8074,61.739999999999995,40370,99.45238965305595
random,4,4,8075,61.739999999999995,40375,99.4524600718879
random,4,4,8076,61.739999999999995,40380,99.45253047261144
random,4,4,8077,61.739999999999995,40385,99.45260085523358
random,4,4,8078,61.739999999999995,40390,99.45267121976129
random,4,4,8079,61.739999999999995,40395,99.45274156620152
random,4,4,8080,61.739999999999995,40400,99.45281189456126
random,4,4,8081,61.739999999999995,40405,99.4528822048475
random,4,4,8082,61.739999999999995,40410,99.45295249706717
random,4,4,8083,61.739999999999995,40415,99.45302277122727
random,4,4,8084,61.739999999999995,40420,99.45309302733472
random,4,4,8085,61.739999999999995,40425,99.45316326539651
random,4,4,8086,61.739999999999995,40430,99.45323348541956
random,4,4,8087,61.739999999999995,40435,99.45330368741084
random,4,4,8088,61.739999999999995,40440,99.4533738713773
random,4,4,8089,61.739999999999995,40445,99.45344403732585
random,4,4,8090,61.739999999999995,40450,99.45351418526347
random,4,4,8091,61.739999999999995,40455,99.45358431519706
random,4,4,8092,61.739999999999995,40460,99.45365442713357
random,4,4,8093,61.739999999999995,40465,99.4537245210799
random,4,4,8094,61.739999999999995,40470,99.45379459704301
random,4,4,8095,61.739999999999995,40475,99.4538646550298
random,4,4,8096,61.739999999999995,40480,99.45393469504721
random,4,4,8097,61.739999999999995,40485,99.45400471710211
random,4,4,8098,61.739999999999995,40490,99.45407472120142
random,4,4,8099,61.739999999999995,40495,99.45414470735207
random,4,4,8100,61.739999999999995,40500,99.45421467556095
random,4,4,8101,61.739999999999995,40505,99.45428462583494
random,4,4,8102,61.739999999999995,40510,99.45435455818097
random,4,4,8103,61.739999999999995,40515,99.45442447260591
random,4,4,8104,61.739999999999995,40520,99.45449436911665
random,4,4,8105,61.739999999999995,40525,99.45456424772007
random,4,4,8106,61.739999999999995,40530,99.45463410842305
random,4,4,8107,61.739999999999995,40535,99.45470395123249
random,4,4,8108,61.739999999999995,40540,99.45477377615522
random,4,4,8109,61.739999999999995,40545,99.45484358319815
random,4,4,8110,61.739999999999995,40550,99.45491337236815
random,4,4,8111,61.739999999999995,40555,99.45498314367207
random,4,4,8112,61.739999999999995,40560,99.45505289711673
random,4,4,8113,61.739999999999995,40565,99.45512263270906
random,4,4,8114,61.739999999999995,40570,99.45519235045586
random,4,4,8115,61.739999999999995,40575,99.455262050364
random,4,4,8116,61.739999999999995,40580,99.45533173244031
random,4,4,8117,61.739999999999995,40585,99.45540139669166
random,4,4,8118,61.739999999999995,40590,99.45547104312486
random,4,4,8119,61.739999999999995,40595,99.45554067174676
random,4,4,8120,61.739999999999995,40600,99.4556102825642
random,4,4,8121,61.739999999999995,40605,99.45567987558397
random,4,4,8122,61.739999999999995,40610,99.45574945081293
random,4,4,8123,61.739999999999995,40615,99.4558190082579
random,4,4,8124,61.739999999999995,40620,99.4558885479257
random,4,4,8125,61.739999999999995,40625,99.45595806982313
random,4,4,8126,61.739999999999995,40630,99.45602757395699
random,4,4,8127,61.739999999999995,40635,99.45609706033412
random,4,4,8128,61.739999999999995,40640,99.45616652896129
random,4,4,8129,61.739999999999995,40645,99.45623597984533
random,4,4,8130,61.739999999999995,40650,99.45630541299302
random,4,4,8131,61.739999999999995,40655,99.45637482841116
random,4,4,8132,61.739999999999995,40660,99.45644422610653
random,4,4,8133,61.739999999999995,40665,99.45651360608592
random,4,4,8134,61.739999999999995,40670,99.45658296835612
random,4,4,8135,61.739999999999995,40675,99.45665231292391
random,4,4,8136,61.739999999999995,40680,99.45672163979606
random,4,4,8137,61.739999999999995,40685,99.45679094897935
random,4,4,8138,61.739999999999995,40690,99.45686024048054
random,4,4,8139,61.739999999999995,40695,99.45692951430641
random,4,4,8140,61.739999999999995,40700,99.45699877046368
random,4,4,8141,61.739999999999995,40705,99.45706800895917
random,4,4,8142,61.739999999999995,40710,99.4571372297996
random,4,4,8143,61.739999999999995,40715,99.45720643299171
random,4,4,8144,61.739999999999995,40720,99.4572756185423
random,4,4,8145,61.739999999999995,40725,99.45734478645805
random,4,4,8146,61.739999999999995,40730,99.45741393674575
random,4,4,8147,61.739999999999995,40735,99.4574830694121
random,4,4,8148,61.739999999999995,40740,99.45755218446388
random,4,4,8149,61.739999999999995,40745,99.45762128190779
random,4,4,8150,61.739999999999995,40750,99.45769036175058
random,4,4,8151,61.739999999999995,40755,99.45775942399894
random,4,4,8152,61.739999999999995,40760,99.4578284686596
random,4,4,8153,61.739999999999995,40765,99.45789749573932
random,4,4,8154,61.739999999999995,40770,99.45796650524474
random,4,4,8155,61.739999999999995,40775,99.45803549718264
random,4,4,8156,61.739999999999995,40780,99.45810447155971
random,4,4,8157,61.739999999999995,40785,99.45817342838262
random,4,4,8158,61.739999999999995,40790,99.4582423676581
random,4,4,8159,61.739999999999995,40795,99.45831128939285
random,4,4,8160,61.739999999999995,40800,99.45838019359356
random,4,4,8161,61.739999999999995,40805,99.4584490802669
random,4,4,8162,61.739999999999995,40810,99.45851794941957
random,4,4,8163,61.739999999999995,40815,99.45858680105827
random,4,4,8164,61.739999999999995,40820,99.45865563518966
random,4,4,8165,61.739999999999995,40825,99.45872445182043
random,4,4,8166,61.739999999999995,40830,99.45879325095723
random,4,4,8167,61.739999999999995,40835,99.45886203260676
random,4,4,8168,61.78,40840,99.45858024983481
random,4,4,8169,61.79,40845,99.45856141546889
random,4,4,8170,61.809999999999995,40850,99.45845497142017
random,4,4,8171,61.839999999999996,40855,99.45826095107441
random,4,4,8172,61.839999999999996,40860,99.45832975665131
random,4,4,8173,61.86000000000001,40865,99.45822338257435
random,4,4,8174,61.870000000000005,40870,99.45820460547978
random,4,4,8175,61.870000000000005,40875,99.4582733920036
random,4,4,8176,61.870000000000005,40880,99.45834216106331
random,4,4,8177,61.870000000000005,40885,99.45841091266558
random,4,4,8178,61.9,40890,99.45821707027599
random,4,4,8179,61.9,40895,99.45828582030317
random,4,4,8180,61.9,40900,99.45835455288437
random,4,4,8181,61.91,40905,99.45833577582398
random,4,4,8182,61.96,40910,99.45796707911092
random,4,4,8183,61.96,40915,99.45803582596618
random,4,4,8184,61.96,40920,99.4581045553851
random,4,4,8185,61.970000000000006,40925,99.45808581954792
random,4,4,8186,61.980000000000004,40930,99.4580670884615
random,4,4,8187,61.980000000000004,40935,99.45813578777947
random,4,4,8188,61.980000000000004,40940,99.458204469682
random,4,4,8189,62.019999999999996,40945,99.45792352019328
random,4,4,8190,62.019999999999996,40950,99.45799221158754
random,4,4,8191,62.019999999999996,40955,99.458060885575
random,4,4,8192,62.019999999999996,40960,99.45812954216228
random,4,4,8193,62.019999999999996,40965,99.45819818135597
random,4,4,8194,62.019999999999996,40970,99.4582668031627
random,4,4,8195,62.019999999999996,40975,99.45833540758908
random,4,4,8196,62.029999999999994,40980,99.45831666861696
random,4,4,8197,62.029999999999994,40985,99.45838524935844
random,4,4,8198,62.029999999999994,40990,99.4584538127366
random,4,4,8199,62.029999999999994,40995,99.45852235875796
random,4,4,8200,62.029999999999994,41000,99.45859088742914
random,4,4,8201,62.029999999999994,41005,99.45865939875674
random,4,4,8202,62.029999999999994,41010,99.45872789274732
random,4,4,8203,62.029999999999994,41015,99.45879636940747
random,4,4,8204,62.029999999999994,41020,99.45886482874377
random,4,4,8205,62.029999999999994,41025,99.45893327076277
random,4,4,8206,62.029999999999994,41030,99.45900169547107
random,4,4,8207,62.029999999999994,41035,99.45907010287523
random,4,4,8208,62.029999999999994,41040,99.4591384929818
random,4,4,8209,62.029999999999994,41045,99.45920686579734
random,4,4,8210,62.029999999999994,41050,99.45927522132843
random,4,4,8211,62.029999999999994,41055,99.4593435595816
random,4,4,8212,62.029999999999994,41060,99.45941188056341
random,4,4,8213,62.03999999999999,41065,99.45939304582872
random,4,4,8214,62.03999999999999,41070,99.45946134329606
random,4,4,8215,62.050000000000004,41075,99.45944250707167
random,4,4,8216,62.06,41080,99.45942367560544
random,4,4,8217,62.06,41085,99.4594919433294
random,4,4,8218,62.06,41090,99.4595601938129
random,4,4,8219,62.06,41095,99.45962842706247
random,4,4,8220,62.06,41100,99.45969664308463
random,4,4,8221,62.06,41105,99.4597648418859
random,4,4,8222,62.06,41110,99.45983302347281
random,4,4,8223,62.06,41115,99.45990118785187
random,4,4,8224,62.06,41120,99.4599693350296
random,4,4,8225,62.06,41125,99.46003746501249
random,4,4,8226,62.06,41130,99.46010557780708
random,4,4,8227,62.06,41135,99.46017367341986
random,4,4,8228,62.06,41140,99.46024175185732
random,4,4,8229,62.06,41145,99.46030981312597
random,4,4,8230,62.06,41150,99.4603778572323
random,4,4,8231,62.06,41155,99.46044588418279
random,4,4,8232,62.06,41160,99.46051389398394
random,4,4,8233,62.06,41165,99.46058188664223
random,4,4,8234,62.07,41170,99.4605629543108
random,4,4,8235,62.09,41175,99.46045712984744
random,4,4,8236,62.11,41180,99.46035133204857
random,4,4,8237,62.11,41185,99.46041931092479
random,4,4,8238,62.11,41190,99.46048727267673
random,4,4,8239,62.11,41195,99.46055521731087
random,4,4,8240,62.11,41200,99.46062314483368
random,4,4,8241,62.129999999999995,41205,99.46051739273517
random,4,4,8242,62.129999999999995,41210,99.46058530791697
random,4,4,8243,62.129999999999995,41215,99.4606532060013
random,4,4,8244,62.129999999999995,41220,99.46072108699464
random,4,4,8245,62.129999999999995,41225,99.4607889509034
random,4,4,8246,62.150000000000006,41230,99.46068324447407
random,4,4,8247,62.150000000000006,41235,99.46075109606787
random,4,4,8248,62.150000000000006,41240,99.46081893059096
random,4,4,8249,62.150000000000006,41245,99.46088674804979
random,4,4,8250,62.17,41250,99.46078108249694
random,4,4,8251,62.17,41255,99.46084888765935
random,4,4,8252,62.17,41260,99.46091667577134
random,4,4,8253,62.17,41265,99.46098444683929
random,4,4,8254,62.17,41270,99.46105220086967
random,4,4,8255,62.17,41275,99.46111993786887
random,4,4,8256,62.17,41280,99.46118765784333
random,4,4,8257,62.17,41285,99.46125536079946
random,4,4,8258,62.17,41290,99.46132304674367
random,4,4,8259,62.17,41295,99.4613907156824
random,4,4,8260,62.17,41300,99.46145836762201
random,4,4,8261,62.17,41305,99.46152600256895
random,4,4,8262,62.17,41310,99.46159362052958
random,4,4,8263,62.17,41315,99.46166122151034
random,4,4,8264,62.17,41320,99.4617288055176
random,4,4,8265,62.17,41325,99.46179637255777
random,4,4,8266,62.17,41330,99.4618639226372
random,4,4,8267,62.17,41335,99.46193145576233
random,4,4,8268,62.17,41340,99.4619989719395
random,4,4,8269,62.17,41345,99.46206647117508
random,4,4,8270,62.17,41350,99.4621339534755
random,4,4,8271,62.18,41355,99.46211491433024
random,4,4,8272,62.18,41360,99.46218237362842
random,4,4,8273,62.18,41365,99.4622498160078
random,4,4,8274,62.21,41370,99.46205782554105
random,4,4,8275,62.21,41375,99.46212526662454
random,4,4,8276,62.21,41380,99.46219269080014
random,4,4,8277,62.21,41385,99.46226009807421
random,4,4,8278,62.21,41390,99.46232748845314
random,4,4,8279,62.21,41395,99.46239486194324
random,4,4,8280,62.21,41400,99.46246221855088
random,4,4,8281,62.22,41405,99.46244316213361
random,4,4,8282,62.23,41410,99.46242411049029
random,4,4,8283,62.23,41415,99.46249143812692
random,4,4,8284,62.23,41420,99.46255874890102
random,4,4,8285,62.23,41425,99.46262604281894
random,4,4,8286,62.23,41430,99.462693319887
random,4,4,8287,62.27,41435,99.46241525507865
random,4,4,8288,62.31,41440,99.46213725987808
random,4,4,8289,62.35000000000001,41445,99.46185933425915
random,4,4,8290,62.41,41450,99.4614088804968
random,4,4,8291,62.419999999999995,41455,99.46138997971367
random,4,4,8292,62.43,41460,99.4613710836596
random,4,4,8293,62.43,41465,99.46143845879784
random,4,4,8294,62.44,41470,99.46141956140714
random,4,4,8295,62.46000000000001,41475,99.46131442385395
random,4,4,8296,62.49,41480,99.46112307848855
random,4,4,8297,62.529999999999994,41485,99.46084555764504
random,4,4,8298,62.53999999999999,41490,99.46082674382114
random,4,4,8299,62.53999999999999,41495,99.46089413646946
random,4,4,8300,62.55,41500,99.46087532127693
random,4,4,8301,62.580000000000005,41505,99.46068415033623
random,4,4,8302,62.61,41510,99.4604930271675
random,4,4,8303,62.660000000000004,41515,99.46012963436836
random,4,4,8304,62.72,41520,99.4596801844255
random,4,4,8305,62.79,41525,99.45914470958422
random,4,4,8306,62.79,41530,99.45921225337702
random,4,4,8307,62.83,41535,99.45893531766775
random,4,4,8308,62.83,41540,99.45900287073759
random,4,4,8309,62.83,41545,99.45907040694125
random,4,4,8310,62.839999999999996,41550,99.45905184287366
random,4,4,8311,62.839999999999996,41555,99.45911935610758
random,4,4,8312,62.839999999999996,41560,99.45918685249157
random,4,4,8313,62.89,41565,99.4588240760899
random,4,4,8314,62.92,41570,99.45863347111278
random,4,4,8315,62.92,41575,99.45870100284844
random,4,4,8316,62.92,41580,99.45876851773797
random,4,4,8317,62.92,41585,99.45883601578768
random,4,4,8318,62.970000000000006,41590,99.4584735093187
random,4,4,8319,62.970000000000006,41595,99.45854102731887
random,4,4,8320,62.970000000000006,41600,99.45860852848473
random,4,4,8321,62.970000000000006,41605,99.4586760128226
random,4,4,8322,62.99,41610,99.4585715710106
random,4,4,8323,63.04,41615,99.45820932337186
random,4,4,8324,63.05,41620,99.45819089898204
random,4,4,8325,63.05,41625,99.45825840172051
random,4,4,8326,63.05,41630,99.45832588764107
random,4,4,8327,63.05,41635,99.45839335674998
random,4,4,8328,63.05,41640,99.45846080905353
random,4,4,8329,63.05,41645,99.45852824455802
random,4,4,8330,63.05,41650,99.45859566326969
random,4,4,8331,63.05,41655,99.45866306519483
random,4,4,8332,63.05,41660,99.4587304503397
random,4,4,8333,63.080000000000005,41665,99.45854030775992
random,4,4,8334,63.129999999999995,41670,99.45817855990332
random,4,4,8335,63.190000000000005,41675,99.45773108645152
random,4,4,8336,63.260000000000005,41680,99.4571979194017
random,4,4,8337,63.260000000000005,41685,99.45726544489905
random,4,4,8338,63.28,41690,99.45716138640022
random,4,4,8339,63.28,41695,99.45722889964482
random,4,4,8340,63.28,41700,99.45729639609816
random,4,4,8341,63.29,41705,99.4572781241666
random,4,4,8342,63.29,41710,99.45734559771722
random,4,4,8343,63.29,41715,99.45741305449273
random,4,4,8344,63.29,41720,99.45748049449938
random,4,4,8345,63.3,41725,99.45746220877163
random,4,4,8346,63.3,41730,99.45752962590969
random,4,4,8347,63.3,41735,99.45759702629498
random,4,4,8348,63.3,41740,99.45766440993373
random,4,4,8349,63.31,41745,99.45764611044623
random,4,4,8350,63.31,41750,99.45771347125051
random,4,4,8351,63.31,41755,99.4577808153243
random,4,4,8352,63.33,41760,99.45767687372512
random,4,4,8353,63.33,41765,99.45774420562053
random,4,4,8354,63.33,41770,99.45781152079888
random,4,4,8355,63.33,41775,99.4578788192664
random,4,4,8356,63.33,41780,99.45794610102932
random,4,4,8357,63.33,41785,99.45801336609387
random,4,4,8358,63.36000000000001,41790,99.45782390229877
random,4,4,8359,63.36000000000001,41795,99.45789116583346
random,4,4,8360,63.39,41800,99.45770176420164
random,4,4,8361,63.39,41805,99.4577690261997
random,4,4,8362,63.4,41810,99.45775074324071
random,4,4,8363,63.4,41815,99.45781798248427
random,4,4,8364,63.4,41820,99.4578852050545
random,4,4,8365,63.41,41825,99.45786691449243
random,4,4,8366,63.41,41830,99.45793411433222
random,4,4,8367,63.41,41835,99.45800129751463
random,4,4,8368,63.41,41840,99.45806846404587
random,4,4,8369,63.44,41845,99.45787925166144
random,4,4,8370,63.480000000000004,41850,99.45760464265818
random,4,4,8371,63.480000000000004,41855,99.4576718333648
random,4,4,8372,63.5,41860,99.45756816275347
random,4,4,8373,63.5,41865,99.45763534133528
random,4,4,8374,63.5,41870,99.4577025032794
random,4,4,8375,63.5,41875,99.45776964859203
random,4,4,8376,63.5,41880,99.45783677727935
random,4,4,8377,63.5,41885,99.4579038893475
random,4,4,8378,63.5,41890,99.4579709848027
random,4,4,8379,63.5,41895,99.45803806365107
random,4,4,8380,63.5,41900,99.45810512589883
random,4,4,8381,63.51,41905,99.458086844335
random,4,4,8382,63.519999999999996,41910,99.45806856729436
random,4,4,8383,63.56,41915,99.45779437645074
random,4,4,8384,63.56,41920,99.4578614356607
random,4,4,8385,63.56,41925,99.45792847828517
random,4,4,8386,63.56,41930,99.45799550433023
random,4,4,8387,63.56,41935,99.45806251380209
random,4,4,8388,63.56,41940,99.45812950670688
random,4,4,8389,63.56,41945,99.45819648305074
random,4,4,8390,63.56,41950,99.4582634428398
random,4,4,8391,63.56,41955,99.45833038608022
random,4,4,8392,63.56,41960,99.45839731277812
random,4,4,8393,63.56,41965,99.45846422293961
random,4,4,8394,63.56,41970,99.45853111657085
random,4,4,8395,63.56,41975,99.45859799367797
random,4,4,8396,63.56,41980,99.45866485426707
random,4,4,8397,63.56,41985,99.45873169834427
random,4,4,8398,63.56,41990,99.45879852591568
random,4,4,8399,63.56,41995,99.45886533698743
random,4,4,8400,63.56,42000,99.45893213156563
random,4,4,8401,63.56,42005,99.45899890965639
random,4,4,8402,63.56,42010,99.4590656712658
random,4,4,8403,63.56,42015,99.45913241639997
random,4,4,8404,63.56,42020,99.45919914506499
random,4,4,8405,63.56,42025,99.45926585726694
random,4,4,8406,63.56,42030,99.45933255301195
random,4,4,8407,63.56,42035,99.45939923230608
random,4,4,8408,63.580000000000005,42040,99.45929580890468
random,4,4,8409,63.580000000000005,42045,99.45936247628653
random,4,4,8410,63.580000000000005,42050,99.45942912723056
random,4,4,8411,63.580000000000005,42055,99.45949576174287
random,4,4,8412,63.629999999999995,42060,99.45913737383697
random,4,4,8413,63.67,42065,99.45886406498731
random,4,4,8414,63.67,42070,99.45893074449498
random,4,4,8415,63.690000000000005,42075,99.45882746801101
random,4,4,8416,63.73,42080,99.45855429834653
random,4,4,8417,63.77,42085,99.45828119597783
random,4,4,8418,63.81,42090,99.4580081608801
random,4,4,8419,63.82,42095,99.45798997680619
random,4,4,8420,63.82,42100,99.458056714679
random,4,4,8421,63.82,42105,99.45812343611894
random,4,4,8422,63.83,42110,99.45810524457002
random,4,4,8423,63.85999999999999,42115,99.4579172852742
random,4,4,8424,63.85999999999999,42120,99.45798399923952
random,4,4,8425,63.85999999999999,42125,99.4580506967859
random,4,4,8426,63.85999999999999,42130,99.45811737791944
random,4,4,8427,63.85999999999999,42135,99.45818404264615
random,4,4,8428,63.85999999999999,42140,99.45825069097215
random,4,4,8429,63.85999999999999,42145,99.45831732290344
random,4,4,8430,63.85999999999999,42150,99.45838393844609
random,4,4,8431,63.85999999999999,42155,99.45845053760614
random,4,4,8432,63.85999999999999,42160,99.45851712038963
random,4,4,8433,63.91,42165,99.45815977800744
random,4,4,8434,63.91,42170,99.45822638016215
random,4,4,8435,63.91,42175,99.4582929659456
random,4,4,8436,63.949999999999996,42180,99.45802053335187
random,4,4,8437,63.949999999999996,42185,99.45808712806516
random,4,4,8438,63.949999999999996,42190,99.45815370641505
random,4,4,8439,63.949999999999996,42195,99.45822026840759
random,4,4,8440,63.949999999999996,42200,99.45828681404879
random,4,4,8441,64.0,42205,99.45792985104082
random,4,4,8442,64.05999999999999,42210,99.45748828764131
random,4,4,8443,64.13,42215,99.45696215501262
random,4,4,8444,64.17,42220,99.4566901533663
random,4,4,8445,64.17,42225,99.45675684598967
random,4,4,8446,64.17,42230,99.4568235222417
random,4,4,8447,64.22,42235,99.45646700165632
random,4,4,8448,64.25,42240,99.45627981998419
random,4,4,8449,64.25,42245,99.45634653022162
random,4,4,8450,64.29,42250,99.45607480430876
random,4,4,8451,64.32,42255,99.4558877396247
random,4,4,8452,64.37,42260,99.45553155244136
random,4,4,8453,64.42999999999999,42265,99.4550908787981
random,4,4,8454,64.42999999999999,42270,99.45515769392091
random,4,4,8455,64.46,42275,99.45497083341436
random,4,4,8456,64.47,42280,99.45495310415494
random,4,4,8457,64.47,42285,99.45501991159607
random,4,4,8458,64.47,42290,99.45508670266176
random,4,4,8459,64.47,42295,99.45515347735807
random,4,4,8460,64.47,42300,99.45522023569097
random,4,4,8461,64.47,42305,99.45528697766652
random,4,4,8462,64.47,42310,99.45535370329068
random,4,4,8463,64.47,42315,99.45542041256951
random,4,4,8464,64.47,42320,99.45548710550898
random,4,4,8465,64.47,42325,99.4555537821151
random,4,4,8466,64.47,42330,99.4556204423939
random,4,4,8467,64.47,42335,99.45568708635132
random,4,4,8468,64.47,42340,99.45575371399339
random,4,4,8469,64.47,42345,99.4558203253261
random,4,4,8470,64.47,42350,99.45588692035543
random,4,4,8471,64.47,42355,99.45595349908734
random,4,4,8472,64.48,42360,99.45593568430769
random,4,4,8473,64.48,42365,99.45600224078481
random,4,4,8474,64.49000000000001,42370,99.45598442440132
random,4,4,8475,64.52,42375,99.4557979198525
random,4,4,8476,64.52,42380,99.45586446875943
random,4,4,8477,64.53,42385,99.45584667575696
random,4,4,8478,64.53,42390,99.45591320243098
random,4,4,8479,64.53,42395,99.45597971284025
random,4,4,8480,64.53,42400,99.45604620699073
random,4,4,8481,64.55,42405,99.45594411606301
random,4,4,8482,64.59,42410,99.45567350185908
random,4,4,8483,64.63,42415,99.45540295378382
random,4,4,8484,64.69,42420,99.45496396476855
random,4,4,8485,64.7,42425,99.45494629915277
random,4,4,8486,64.7,42430,99.4550128707934
random,4,4,8487,64.7,42435,99.45507942617421
random,4,4,8488,64.7,42440,99.45514596530114
random,4,4,8489,64.71000000000001,42445,99.45512828609175
random,4,4,8490,64.71000000000001,42450,99.45519480300801
random,4,4,8491,64.71000000000001,42455,99.45526130368572
random,4,4,8492,64.71000000000001,42460,99.45532778813084
random,4,4,8493,64.71000000000001,42465,99.45539425634932
random,4,4,8494,64.71000000000001,42470,99.45546070834708
random,4,4,8495,64.71000000000001,42475,99.45552714413006
random,4,4,8496,64.71000000000001,42480,99.45559356370421
random,4,4,8497,64.71000000000001,42485,99.45565996707546
random,4,4,8498,64.71000000000001,42490,99.45572635424973
random,4,4,8499,64.71000000000001,42495,99.45579272523294
random,4,4,8500,64.73,42500,99.45569090172164
random,4,4,8501,64.73,42505,99.45575726084387
random,4,4,8502,64.73,42510,99.45582360378779
random,4,4,8503,64.73,42515,99.45588993055935
random,4,4,8504,64.73,42520,99.45595624116443
random,4,4,8505,64.73,42525,99.45602253560897
random,4,4,8506,64.73,42530,99.45608881389884
random,4,4,8507,64.73,42535,99.45615507603999
random,4,4,8508,64.73,42540,99.45622132203829
random,4,4,8509,64.73,42545,99.45628755189963
random,4,4,8510,64.73,42550,99.45635376562993
random,4,4,8511,64.73,42555,99.45641996323508
random,4,4,8512,64.73,42560,99.45648614472096
random,4,4,8513,64.73,42565,99.45655231009344
random,4,4,8514,64.73,42570,99.45661845935845
random,4,4,8515,64.73,42575,99.45668459252184
random,4,4,8516,64.73,42580,99.45675070958949
random,4,4,8517,64.73,42585,99.45681681056728
random,4,4,8518,64.74,42590,99.45679899045497
random,4,4,8519,64.74,42595,99.45686506947747
random,4,4,8520,64.74,42600,99.45693113242525
random,4,4,8521,64.74,42605,99.45699717930417
random,4,4,8522,64.74,42610,99.45706321012005
random,4,4,8523,64.74,42615,99.45712922487881
random,4,4,8524,64.75,42620,99.45711137978391
random,4,4,8525,64.75,42625,99.45717737263789
random,4,4,8526,64.75,42630,99.45724334944978
random,4,4,8527,64.75,42635,99.45730931022545
random,4,4,8528,64.75,42640,99.45737525497078
random,4,4,8529,64.75,42645,99.45744118369156
random,4,4,8530,64.75,42650,99.45750709639366
random,4,4,8531,64.75,42655,99.4575729930829
random,4,4,8532,64.75,42660,99.45763887376513
random,4,4,8533,64.75,42665,99.45770473844618
random,4,4,8534,64.75,42670,99.45777058713186
random,4,4,8535,64.75,42675,99.45783641982803
random,4,4,8536,64.75,42680,99.45790223654049
random,4,4,8537,64.75,42685,99.45796803727505
random,4,4,8538,64.75,42690,99.45803382203756
random,4,4,8539,64.75,42695,99.4580995908338
random,4,4,8540,64.75,42700,99.45816534366962
random,4,4,8541,64.75,42705,99.45823108055079
random,4,4,8542,64.75,42710,99.45829680148314
random,4,4,8543,64.75,42715,99.45836250647247
random,4,4,8544,64.75,42720,99.45842819552458
random,4,4,8545,64.75,42725,99.45849386864525
random,4,4,8546,64.75,42730,99.4585595258403
random,4,4,8547,64.75,42735,99.45862516711551
random,4,4,8548,64.75,42740,99.45869079247667
random,4,4,8549,64.75,42745,99.45875640192958
random,4,4,8550,64.75,42750,99.45882199548002
random,4,4,8551,64.75,42755,99.45888757313375
random,4,4,8552,64.75,42760,99.45895313489656
random,4,4,8553,64.75,42765,99.45901868077424
random,4,4,8554,64.75,42770,99.45908421077255
random,4,4,8555,64.75,42775,99.45914972489723
random,4,4,8556,64.75,42780,99.4592152231541
random,4,4,8557,64.75,42785,99.4592807055489
random,4,4,8558,64.75,42790,99.45934617208741
random,4,4,8559,64.75,42795,99.45941162277533
random,4,4,8560,64.75,42800,99.4594770576185
random,4,4,8561,64.75,42805,99.4595424766226
random,4,4,8562,64.75,42810,99.45960787979342
random,4,4,8563,64.75,42815,99.45967326713671
random,4,4,8564,64.75,42820,99.45973863865818
random,4,4,8565,64.75,42825,99.45980399436361
random,4,4,8566,64.75,42830,99.45986933425871
random,4,4,8567,64.75,42835,99.45993465834924
random,4,4,8568,64.75,42840,99.45999996664092
random,4,4,8569,64.75,42845,99.46006525913948
random,4,4,8570,64.75,42850,99.46013053585067
random,4,4,8571,64.75,42855,99.46019579678018
random,4,4,8572,64.75,42860,99.46026104193376
random,4,4,8573,64.75,42865,99.46032627131711
random,4,4,8574,64.75,42870,99.46039148493597
random,4,4,8575,64.75,42875,99.46045668279602
random,4,4,8576,64.75,42880,99.460521864903
random,4,4,8577,64.75,42885,99.46058703126262
random,4,4,8578,64.75,42890,99.46065218188058
random,4,4,8579,64.75,42895,99.46071731676257
random,4,4,8580,64.75,42900,99.46078243591431
random,4,4,8581,64.75,42905,99.46084753934147
random,4,4,8582,64.75,42910,99.46091262704978
random,4,4,8583,64.75,42915,99.4609776990449
random,4,4,8584,64.75,42920,99.46104275533256
random,4,4,8585,64.75,42925,99.46110779591841
random,4,4,8586,64.75,42930,99.46117282080813
random,4,4,8587,64.75,42935,99.46123783000743
random,4,4,8588,64.75,42940,99.46130282352198
random,4,4,8589,64.75,42945,99.46136780135744
random,4,4,8590,64.75,42950,99.4614327635195
random,4,4,8591,64.75,42955,99.46149771001382
random,4,4,8592,64.75,42960,99.46156264084607
random,4,4,8593,64.75,42965,99.46162755602191
random,4,4,8594,64.75,42970,99.46169245554702
random,4,4,8595,64.75,42975,99.46175733942705
random,4,4,8596,64.75,42980,99.46182220766764
random,4,4,8597,64.75,42985,99.46188706027446
random,4,4,8598,64.75,42990,99.46195189725317
random,4,4,8599,64.75,42995,99.4620167186094
random,4,4,8600,64.75,43000,99.4620815243488
random,4,4,8601,64.75,43005,99.46214631447702
random,4,4,8602,64.75,43010,99.46221108899971
random,4,4,8603,64.75,43015,99.46227584792247
random,4,4,8604,64.75,43020,99.46234059125098
random,4,4,8605,64.75,43025,99.46240531899083
random,4,4,8606,64.75,43030,99.46247003114769
random,4,4,8607,64.75,43035,99.46253472772715
random,4,4,8608,64.75,43040,99.46259940873486
random,4,4,8609,64.75,43045,99.46266407417642
random,4,4,8610,64.75,43050,99.46272872405747
random,4,4,8611,64.75999999999999,43055,99.46271039210693
random,4,4,8612,64.75999999999999,43060,99.46277502086352
random,4,4,8613,64.75999999999999,43065,99.46283963407402
random,4,4,8614,64.75999999999999,43070,99.46290423174405
random,4,4,8615,64.75999999999999,43075,99.46296881387921
random,4,4,8616,64.78,43080,99.46286754768107
random,4,4,8617,64.8,43085,99.46276630583023
random,4,4,8618,64.8,43090,99.46283088125578
random,4,4,8619,64.8,43095,99.46289544115928
random,4,4,8620,64.8,43100,99.46295998554633
random,4,4,8621,64.81,43105,99.46294164783524
random,4,4,8622,64.81,43110,99.46300617116192
random,4,4,8623,64.82,43115,99.46298783230839
random,4,4,8624,64.82,43120,99.46305233458747
random,4,4,8625,64.83,43125,99.46303399459472
random,4,4,8626,64.83,43130,99.46309847583902
random,4,4,8627,64.84,43135,99.46308013471025
random,4,4,8628,64.84,43140,99.4631445949325
random,4,4,8629,64.84,43145,99.46320903967899
random,4,4,8630,64.84,43150,99.46327346895528
random,4,4,8631,64.84,43155,99.46333788276696
random,4,4,8632,64.84,43160,99.46340228111961
random,4,4,8633,64.84,43165,99.46346666401875
random,4,4,8634,64.84,43170,99.46353103146997
random,4,4,8635,64.84,43175,99.46359538347885
random,4,4,8636,64.84,43180,99.46365972005088
random,4,4,8637,64.88000000000001,43185,99.46339321086546
random,4,4,8638,64.92,43190,99.46312676559512
random,4,4,8639,64.92,43195,99.46319113521184
random,4,4,8640,64.92,43200,99.46325548939492
random,4,4,8641,64.92999999999999,43205,99.4632371602245
random,4,4,8642,64.92999999999999,43210,99.46330149346507
random,4,4,8643,64.92999999999999,43215,99.46336581128627
random,4,4,8644,64.92999999999999,43220,99.46343011369365
random,4,4,8645,64.92999999999999,43225,99.46349440069275
random,4,4,8646,64.92999999999999,43230,99.46355867228912
random,4,4,8647,64.94,43235,99.4635403199758
random,4,4,8648,64.94,43240,99.46360457067715
random,4,4,8649,64.94,43245,99.46366880599
random,4,4,8650,64.94,43250,99.46373302591984
random,4,4,8651,64.95,43255,99.46371466152098
random,4,4,8652,64.95,43260,99.4637788605858
random,4,4,8653,64.97,43265,99.46367794591212
random,4,4,8654,65.0,43270,99.46349451608856
random,4,4,8655,65.02,43275,99.46339365959417
random,4,4,8656,65.02,43280,99.46345786634143
random,4,4,8657,65.02,43285,99.46352205772541
random,4,4,8658,65.02,43290,99.46358623375167
random,4,4,8659,65.02,43295,99.46365039442566
random,4,4,8660,65.02,43300,99.46371453975293
random,4,4,8661,65.02,43305,99.46377866973896
random,4,4,8662,65.02,43310,99.46384278438927
random,4,4,8663,65.02,43315,99.46390688370936
random,4,4,8664,65.02,43320,99.46397096770471
random,4,4,8665,65.02,43325,99.46403503638082
random,4,4,8666,65.02,43330,99.4640990897432
random,4,4,8667,65.02,43335,99.46416312779735
random,4,4,8668,65.02,43340,99.46422715054871
random,4,4,8669,65.03,43345,99.46420876660908
random,4,4,8670,65.03,43350,99.4642727686133
random,4,4,8671,65.03,43355,99.46433675532883
random,4,4,8672,65.03,43360,99.46440072676118
random,4,4,8673,65.03999999999999,43365,99.46438233087568
random,4,4,8674,65.03999999999999,43370,99.4644462815906
random,4,4,8675,65.03999999999999,43375,99.46451021703638
random,4,4,8676,65.03999999999999,43380,99.46457413721852
random,4,4,8677,65.03999999999999,43385,99.46463804214247
random,4,4,8678,65.03999999999999,43390,99.46470193181369
random,4,4,8679,65.03999999999999,43395,99.46476580623765
random,4,4,8680,65.03999999999999,43400,99.4648296654198
random,4,4,8681,65.03999999999999,43405,99.4648935093656
random,4,4,8682,65.03999999999999,43410,99.4649573380805
random,4,4,8683,65.03999999999999,43415,99.46502115156993
random,4,4,8684,65.03999999999999,43420,99.46508494983938
random,4,4,8685,65.03999999999999,43425,99.46514873289426
random,4,4,8686,65.03999999999999,43430,99.46521250074002
random,4,4,8687,65.03999999999999,43435,99.4652762533821
random,4,4,8688,65.03999999999999,43440,99.46533999082594
random,4,4,8689,65.03999999999999,43445,99.46540371307698
random,4,4,8690,65.03999999999999,43450,99.46546742014064
random,4,4,8691,65.03999999999999,43455,99.46553111202235
random,4,4,8692,65.03999999999999,43460,99.46559478872753
random,4,4,8693,65.03999999999999,43465,99.46565845026163
random,4,4,8694,65.03999999999999,43470,99.46572209663003
random,4,4,8695,65.03999999999999,43475,99.4657857278382
random,4,4,8696,65.03999999999999,43480,99.4658493438915
random,4,4,8697,65.03999999999999,43485,99.46591294479539
random,4,4,8698,65.03999999999999,43490,99.46597653055528
random,4,4,8699,65.03999999999999,43495,99.46604010117653
random,4,4,8700,65.03999999999999,43500,99.4661036566646
random,4,4,8701,65.03999999999999,43505,99.46616719702484
random,4,4,8702,65.03999999999999,43510,99.46623072226271
random,4,4,8703,65.05,43515,99.46621217430122
random,4,4,8704,65.05,43520,99.46627567907292
random,4,4,8705,65.05,43525,99.46633916873608
random,4,4,8706,65.06,43530,99.46632061449417
random,4,4,8707,65.06,43535,99.46638408371193
random,4,4,8708,65.06,43540,99.466447537835
random,4,4,8709,65.06,43545,99.46651097686875
random,4,4,8710,65.06,43550,99.46657440081859
random,4,4,8711,65.06,43555,99.46663780968987
random,4,4,8712,65.06,43560,99.466701203488
random,4,4,8713,65.06,43565,99.46676458221833
random,4,4,8714,65.06,43570,99.46682794588624
random,4,4,8715,65.06,43575,99.46689129449709
random,4,4,8716,65.06,43580,99.46695462805624
random,4,4,8717,65.06,43585,99.46701794656909
random,4,4,8718,65.06,43590,99.46708125004096
random,4,4,8719,65.07,43595,99.4670626363159
random,4,4,8720,65.07,43600,99.46712591944731
random,4,4,8721,65.08,43605,99.46710730483869
random,4,4,8722,65.08,43610,99.46717056764183
random,4,4,8723,65.08,43615,99.46723381542614
random,4,4,8724,65.08,43620,99.46729704819701
random,4,4,8725,65.08,43625,99.46736026595975
random,4,4,8726,65.08,43630,99.46742346871972
random,4,4,8727,65.08,43635,99.46748665648225
random,4,4,8728,65.08,43640,99.46754982925269
random,4,4,8729,65.08,43645,99.46761298703636
random,4,4,8730,65.08,43650,99.4676761298386
random,4,4,8731,65.08,43655,99.46773925766475
random,4,4,8732,65.08,43660,99.4678023705201
random,4,4,8733,65.08,43665,99.46786546841004
random,4,4,8734,65.08,43670,99.46792855133982
random,4,4,8735,65.08,43675,99.46799161931482
random,4,4,8736,65.08,43680,99.46805467234032
random,4,4,8737,65.08,43685,99.46811771042164
random,4,4,8738,65.08,43690,99.46818073356411
random,4,4,8739,65.08,43695,99.46824374177302
random,4,4,8740,65.08,43700,99.46830673505367
random,4,4,8741,65.08,43705,99.4683697134114
random,4,4,8742,65.08,43710,99.4684326768515
random,4,4,8743,65.08,43715,99.46849562537925
random,4,4,8744,65.08,43720,99.46855855899996
random,4,4,8745,65.08,43725,99.46862147771893
random,4,4,8746,65.08,43730,99.46868438154144
random,4,4,8747,65.08,43735,99.46874727047278
random,4,4,8748,65.08,43740,99.46881014451824
random,4,4,8749,65.08,43745,99.46887300368313
random,4,4,8750,65.08,43750,99.46893584797269
random,4,4,8751,65.08,43755,99.46899867739222
random,4,4,8752,65.08,43760,99.469061491947
random,4,4,8753,65.08,43765,99.4691242916423
random,4,4,8754,65.08,43770,99.4691870764834
random,4,4,8755,65.08,43775,99.46924984647553
random,4,4,8756,65.08,43780,99.46931260162403
random,4,4,8757,65.08,43785,99.46937534193411
random,4,4,8758,65.08,43790,99.46943806741105
random,4,4,8759,65.08,43795,99.4695007780601
random,4,4,8760,65.08,43800,99.46956347388651
random,4,4,8761,65.08,43805,99.46962615489556
random,4,4,8762,65.08,43810,99.46968882109249
random,4,4,8763,65.08,43815,99.46975147248256
random,4,4,8764,65.08,43820,99.469814109071
random,4,4,8765,65.08,43825,99.46987673086306
random,4,4,8766,65.08,43830,99.46993933786399
random,4,4,8767,65.08,43835,99.47000193007902
random,4,4,8768,65.08,43840,99.47006450751338
random,4,4,8769,65.08,43845,99.47012707017234
random,4,4,8770,65.08,43850,99.4701896180611
random,4,4,8771,65.08,43855,99.4702521511849
random,4,4,8772,65.08,43860,99.47031466954896
random,4,4,8773,65.08,43865,99.47037717315851
random,4,4,8774,65.08,43870,99.47043966201878
random,4,4,8775,65.08,43875,99.47050213613497
random,4,4,8776,65.08,43880,99.47056459551233
random,4,4,8777,65.08,43885,99.47062704015605
random,4,4,8778,65.08,43890,99.47068947007135
random,4,4,8779,65.08,43895,99.47075188526343
random,4,4,8780,65.08,43900,99.47081428573752
random,4,4,8781,65.08,43905,99.47087667149881
random,4,4,8782,65.08,43910,99.4709390425525
random,4,4,8783,65.08,43915,99.47100139890381
random,4,4,8784,65.08,43920,99.47106374055791
random,4,4,8785,65.08,43925,99.47112606752
random,4,4,8786,65.08,43930,99.47118837979531
random,4,4,8787,65.08,43935,99.47125067738898
random,4,4,8788,65.08,43940,99.47131296030622
random,4,4,8789,65.08,43945,99.47137522855223
random,4,4,8790,65.08,43950,99.47143748213219
random,4,4,8791,65.08,43955,99.47149972105125
random,4,4,8792,65.08,43960,99.47156194531462
random,4,4,8793,65.08,43965,99.47162415492747
random,4,4,8794,65.08,43970,99.47168634989495
random,4,4,8795,65.08,43975,99.47174853022227
random,4,4,8796,65.08,43980,99.47181069591457
random,4,4,8797,65.08,43985,99.47187284697702
random,4,4,8798,65.08,43990,99.4719349834148
random,4,4,8799,65.08,43995,99.47199710523306
random,4,4,8800,65.08,44000,99.47205921243695
random,4,4,8801,65.08,44005,99.47212130503164
random,4,4,8802,65.08,44010,99.47218338302227
random,4,4,8803,65.08,44015,99.47224544641402
random,4,4,8804,65.08,44020,99.47230749521201
random,4,4,8805,65.08,44025,99.4723695294214
random,4,4,8806,65.08,44030,99.47243154904733
random,4,4,8807,65.08,44035,99.47249355409494
random,4,4,8808,65.08,44040,99.47255554456939
random,4,4,8809,65.08,44045,99.47261752047578
random,4,4,8810,65.08,44050,99.47267948181927
random,4,4,8811,65.08,44055,99.47274142860499
random,4,4,8812,65.08,44060,99.47280336083807
random,4,4,8813,65.08,44065,99.47286527852364
random,4,4,8814,65.08,44070,99.4729271816668
random,4,4,8815,65.08,44075,99.47298907027272
random,4,4,8816,65.08,44080,99.47305094434647
random,4,4,8817,65.08,44085,99.4731128038932
random,4,4,8818,65.08,44090,99.47317464891802
random,4,4,8819,65.08,44095,99.47323647942603
random,4,4,8820,65.08,44100,99.47329829542235
random,4,4,8821,65.08,44105,99.4733600969121
random,4,4,8822,65.08,44110,99.47342188390037
random,4,4,8823,65.08,44115,99.47348365639226
random,4,4,8824,65.08,44120,99.47354541439289
random,4,4,8825,65.08,44125,99.47360715790734
random,4,4,8826,65.08,44130,99.47366888694071
random,4,4,8827,65.08,44135,99.4737306014981
random,4,4,8828,65.08,44140,99.47379230158461
random,4,4,8829,65.08,44145,99.4738539872053
random,4,4,8830,65.08,44150,99.47391565836529
random,4,4,8831,65.08,44155,99.47397731506965
random,4,4,8832,65.08,44160,99.47403895732346
random,4,4,8833,65.08,44165,99.47410058513178
random,4,4,8834,65.08,44170,99.47416219849973
random,4,4,8835,65.08,44175,99.47422379743236
random,4,4,8836,65.08,44180,99.47428538193473
random,4,4,8837,65.08,44185,99.47434695201196
random,4,4,8838,65.08,44190,99.47440850766904
random,4,4,8839,65.08,44195,99.47447004891112
random,4,4,8840,65.08,44200,99.47453157574319
random,4,4,8841,65.08,44205,99.47459308817035
random,4,4,8842,65.08,44210,99.47465458619766
random,4,4,8843,65.08,44215,99.47471606983015
random,4,4,8844,65.08,44220,99.4747775390729
random,4,4,8845,65.08,44225,99.47483899393094
random,4,4,8846,65.08,44230,99.47490043440935
random,4,4,8847,65.09,44235,99.47488118470807
random,4,4,8848,65.10000000000001,44240,99.4748619395099
random,4,4,8849,65.10000000000001,44245,99.47492335574789
random,4,4,8850,65.10000000000001,44250,99.474984757622
random,4,4,8851,65.10000000000001,44255,99.47504614513724
random,4,4,8852,65.10000000000001,44260,99.47510751829867
random,4,4,8853,65.10000000000001,44265,99.47516887711132
random,4,4,8854,65.10000000000001,44270,99.47523022158022
random,4,4,8855,65.10000000000001,44275,99.47529155171037
random,4,4,8856,65.10000000000001,44280,99.47535286750686
random,4,4,8857,65.10000000000001,44285,99.47541416897465
random,4,4,8858,65.10000000000001,44290,99.47547545611882
random,4,4,8859,65.10000000000001,44295,99.47553672894432
random,4,4,8860,65.10000000000001,44300,99.47559798745624
random,4,4,8861,65.10000000000001,44305,99.47565923165955
random,4,4,8862,65.10000000000001,44310,99.47572046155928
random,4,4,8863,65.12,44315,99.47562062698444
random,4,4,8864,65.12,44320,99.47568184709426
random,4,4,8865,65.12,44325,99.47574305291114
random,4,4,8866,65.12,44330,99.47580424444008
random,4,4,8867,65.14999999999999,44335,99.47562395919606
random,4,4,8868,65.16999999999999,44340,99.4755241941325
random,4,4,8869,65.16999999999999,44345,99.47558538977837
random,4,4,8870,65.2,44350,99.47540519316675
random,4,4,8871,65.24,44355,99.47514458865543
random,4,4,8872,65.25,44360,99.47512536660784
random,4,4,8873,65.25,44365,99.47518658021924
random,4,4,8874,65.25,44370,99.47524777955421
random,4,4,8875,65.25,44375,99.47530896461774
random,4,4,8876,65.25,44380,99.4753701354148
random,4,4,8877,65.25,44385,99.47543129195043
random,4,4,8878,65.25,44390,99.47549243422957
random,4,4,8879,65.25,44395,99.47555356225722
random,4,4,8880,65.27,44400,99.47545394490459
random,4,4,8881,65.27,44405,99.47551506317203
random,4,4,8882,65.3,44410,99.47533512667484
random,4,4,8883,65.33,44415,99.475155232099
random,4,4,8884,65.38000000000001,44420,99.47481472318125
random,4,4,8885,65.41,44425,99.47463493111461
random,4,4,8886,65.42999999999999,44430,99.47453549033717
random,4,4,8887,65.42999999999999,44435,99.4745966728471
random,4,4,8888,65.51,44440,99.47401551537808
random,4,4,8889,65.55,44445,99.4737556186924
random,4,4,8890,65.55,44450,99.47381687061113
random,4,4,8891,65.58,44455,99.47363732022161
random,4,4,8892,65.62,44460,99.47337755827597
random,4,4,8893,65.63,44465,99.47335858879681
random,4,4,8894,65.63,44470,99.47341985840185
random,4,4,8895,65.63,44475,99.4734811137523
random,4,4,8896,65.63,44480,99.47354235485315
random,4,4,8897,65.68,44485,99.47320254832653
random,4,4,8898,65.74,44490,99.47278262347986
random,4,4,8899,65.77,44495,99.47260336035937
random,4,4,8900,65.77,44500,99.4726646750277
random,4,4,8901,65.77,44505,99.47272597544091
random,4,4,8902,65.79,44510,99.47262694147673
random,4,4,8903,65.82000000000001,44515,99.47244777978422
random,4,4,8904,65.82000000000001,44520,99.4725090840315
random,4,4,8905,65.82000000000001,44525,99.47257037403271
random,4,4,8906,65.82000000000001,44530,99.4726316497928
random,4,4,8907,65.82000000000001,44535,99.47269291131676
random,4,4,8908,65.82000000000001,44540,99.47275415860952
random,4,4,8909,65.82000000000001,44545,99.47281539167606
random,4,4,8910,65.82000000000001,44550,99.47287661052133
random,4,4,8911,65.82000000000001,44555,99.47293781515027
random,4,4,8912,65.82000000000001,44560,99.47299900556786
random,4,4,8913,65.82000000000001,44565,99.47306018177903
random,4,4,8914,65.82000000000001,44570,99.47312134378873
random,4,4,8915,65.82000000000001,44575,99.4731824916019
random,4,4,8916,65.82000000000001,44580,99.47324362522349
random,4,4,8917,65.82000000000001,44585,99.47330474465844
random,4,4,8918,65.82000000000001,44590,99.47336584991166
random,4,4,8919,65.82000000000001,44595,99.47342694098815
random,4,4,8920,65.82000000000001,44600,99.47348801789276
random,4,4,8921,65.82000000000001,44605,99.47354908063049
random,4,4,8922,65.84,44610,99.47345018090154
random,4,4,8923,65.84,44615,99.47351123386609
random,4,4,8924,65.86,44620,99.47341236145691
random,4,4,8925,65.86,44625,99.4734734046508
random,4,4,8926,65.86,44630,99.4735344336938
random,4,4,8927,65.86,44635,99.47359544859083
random,4,4,8928,65.86,44640,99.47365644934682
random,4,4,8929,65.89,44645,99.47347770810576
random,4,4,8930,65.89,44650,99.4735387083681
random,4,4,8931,65.92,44655,99.47336002217769
random,4,4,8932,65.97,44660,99.4730216143416
random,4,4,8933,65.97,44665,99.47308264623214
random,4,4,8934,65.99000000000001,44670,99.47298393794964
random,4,4,8935,65.99000000000001,44675,99.47304496006912
random,4,4,8936,66.02,44680,99.47286643447877
random,4,4,8937,66.02,44685,99.47292745607264
random,4,4,8938,66.02,44690,99.47298846354026
random,4,4,8939,66.02,44695,99.47304945688656
random,4,4,8940,66.02,44700,99.47311043611644
random,4,4,8941,66.02,44705,99.4731714012348
random,4,4,8942,66.02,44710,99.47323235224654
random,4,4,8943,66.03999999999999,44715,99.4731337294138
random,4,4,8944,66.03999999999999,44720,99.47319467068286
random,4,4,8945,66.03999999999999,44725,99.4732555978557
random,4,4,8946,66.03999999999999,44730,99.47331651093721
random,4,4,8947,66.03999999999999,44735,99.47337740993231
random,4,4,8948,66.03999999999999,44740,99.47343829484585
random,4,4,8949,66.03999999999999,44745,99.47349916568274
random,4,4,8950,66.03999999999999,44750,99.47356002244784
random,4,4,8951,66.03999999999999,44755,99.47362086514603
random,4,4,8952,66.03999999999999,44760,99.47368169378221
random,4,4,8953,66.03999999999999,44765,99.47374250836123
random,4,4,8954,66.03999999999999,44770,99.47380330888798
random,4,4,8955,66.03999999999999,44775,99.47386409536732
random,4,4,8956,66.03999999999999,44780,99.47392486780412
random,4,4,8957,66.03999999999999,44785,99.47398562620322
random,4,4,8958,66.03999999999999,44790,99.47404637056954
random,4,4,8959,66.03999999999999,44795,99.4741071009079
random,4,4,8960,66.06,44800,99.47400857065054
random,4,4,8961,66.06,44805,99.47406929133106
random,4,4,8962,66.06,44810,99.47412999799396
random,4,4,8963,66.06,44815,99.47419069064408
random,4,4,8964,66.06,44820,99.47425136928628
random,4,4,8965,66.07,44825,99.47423245657663
random,4,4,8966,66.07,44830,99.47429311639868
random,4,4,8967,66.07,44835,99.47435376222523
random,4,4,8968,66.09,44840,99.47425529443773
random,4,4,8969,66.09,44845,99.47431593063737
random,4,4,8970,66.09,44850,99.47437655285184
random,4,4,8971,66.09,44855,99.47443716108593
random,4,4,8972,66.09,44860,99.47449775534447
random,4,4,8973,66.09,44865,99.47455833563232
random,4,4,8974,66.09,44870,99.4746189019543
random,4,4,8975,66.09,44875,99.47467945431524
random,4,4,8976,66.09,44880,99.47473999271995
random,4,4,8977,66.12,44885,99.47456211522919
random,4,4,8978,66.12,44890,99.47462265320327
random,4,4,8979,66.12,44895,99.47468317722928
random,4,4,8980,66.12,44900,99.47474368731203
random,4,4,8981,66.12,44905,99.47480418345633
random,4,4,8982,66.12,44910,99.47486466566701
random,4,4,8983,66.12,44915,99.47492513394889
random,4,4,8984,66.12,44920,99.47498558830675
random,4,4,8985,66.12,44925,99.47504602874544
random,4,4,8986,66.12,44930,99.47510645526974
random,4,4,8987,66.12,44935,99.47516686788444
random,4,4,8988,66.12,44940,99.47522726659439
random,4,4,8989,66.12,44945,99.47528765140436
random,4,4,8990,66.12,44950,99.47534802231914
random,4,4,8991,66.12,44955,99.47540837934353
random,4,4,8992,66.12,44960,99.47546872248235
random,4,4,8993,66.12,44965,99.47552905174034
random,4,4,8994,66.12,44970,99.47558936712234
random,4,4,8995,66.12,44975,99.47564966863311
random,4,4,8996,66.12,44980,99.47570995627744
random,4,4,8997,66.12,44985,99.47577023006012
random,4,4,8998,66.12,44990,99.47583048998592
random,4,4,8999,66.12,44995,99.47589073605963
random,4,4,9000,66.12,45000,99.475950968286
random,4,4,9001,66.12,45005,99.47601118666982
random,4,4,9002,66.12,45010,99.47607139121588
random,4,4,9003,66.12,45015,99.47613158192891
random,4,4,9004,66.12,45020,99.47619175881371
random,4,4,9005,66.12,45025,99.47625192187503
random,4,4,9006,66.12,45030,99.47631207111765
random,4,4,9007,66.12,45035,99.47637220654629
random,4,4,9008,66.12,45040,99.47643232816576
random,4,4,9009,66.12,45045,99.47649243598077
random,4,4,9010,66.12,45050,99.47655252999611
random,4,4,9011,66.12,45055,99.4766126102165
random,4,4,9012,66.12,45060,99.47667267664671
random,4,4,9013,66.12,45065,99.4767327292915
random,4,4,9014,66.12,45070,99.47679276815558
random,4,4,9015,66.12,45075,99.47685279324371
random,4,4,9016,66.12,45080,99.47691280456064
random,4,4,9017,66.12,45085,99.47697280211109
random,4,4,9018,66.12,45090,99.47703278589982
random,4,4,9019,66.12,45095,99.47709275593154
random,4,4,9020,66.12,45100,99.47715271221101
random,4,4,9021,66.12,45105,99.47721265474291
random,4,4,9022,66.12,45110,99.47727258353203
random,4,4,9023,66.12,45115,99.47733249858305
random,4,4,9024,66.12,45120,99.47739239990072
random,4,4,9025,66.12,45125,99.47745228748975
random,4,4,9026,66.12,45130,99.47751216135487
random,4,4,9027,66.12,45135,99.47757202150078
random,4,4,9028,66.12,45140,99.47763186793219
random,4,4,9029,66.12,45145,99.47769170065384
random,4,4,9030,66.12,45150,99.4777515196704
random,4,4,9031,66.12,45155,99.47781132498663
random,4,4,9032,66.12,45160,99.4778711166072
random,4,4,9033,66.12,45165,99.47793089453683
random,4,4,9034,66.12,45170,99.47799065878021
random,4,4,9035,66.12,45175,99.47805040934205
random,4,4,9036,66.12,45180,99.47811014622702
random,4,4,9037,66.12,45185,99.47816986943987
random,4,4,9038,66.12,45190,99.47822957898525
random,4,4,9039,66.12,45195,99.47828927486786
random,4,4,9040,66.12,45200,99.4783489570924
random,4,4,9041,66.12,45205,99.47840862566353
random,4,4,9042,66.12,45210,99.47846828058596
random,4,4,9043,66.12,45215,99.47852792186437
random,4,4,9044,66.12,45220,99.47858754950343
random,4,4,9045,66.12,45225,99.47864716350783
random,4,4,9046,66.13,45230,99.4786279234049
random,4,4,9047,66.13,45235,99.4786875191659
random,4,4,9048,66.13,45240,99.4787471013042
random,4,4,9049,66.13,45245,99.47880666982446
random,4,4,9050,66.13,45250,99.47886622473135
random,4,4,9051,66.14,45255,99.47884697059118
random,4,4,9052,66.16,45260,99.47874893441345
random,4,4,9053,66.2,45265,99.47849295492824
random,4,4,9054,66.2,45270,99.47855210776801
random,4,4,9055,66.2,45275,99.4786091939629
random,4,4,9056,66.21000000000001,45280,99.47858710572136
random,4,4,9057,66.21000000000001,45285,99.47864622827595
random,4,4,9058,66.21000000000001,45290,99.47870574785766
random,4,4,9059,66.21000000000001,45295,99.47876525385101
random,4,4,9060,66.21000000000001,45300,99.47882474626061
random,4,4,9061,66.21000000000001,45305,99.47888422509116
random,4,4,9062,66.21000000000001,45310,99.47894369034728
random,4,4,9063,66.21000000000001,45315,99.4790031420336
random,4,4,9064,66.21000000000001,45320,99.4790625801548
random,4,4,9065,66.22,45325,99.47904333412266
random,4,4,9066,66.24,45330,99.47894502099088
random,4,4,9067,66.24,45335,99.47900362589566
random,4,4,9068,66.24,45340,99.47906221761893
random,4,4,9069,66.24,45345,99.47912161535207
random,4,4,9070,66.24,45350,99.47918099954161
random,4,4,9071,66.24,45355,99.47923996078576
random,4,4,9072,66.24,45360,99.47929686210328
random,4,4,9073,66.24,45365,99.47935375098741
random,4,4,9074,66.24,45370,99.47940858174205
random,4,4,9075,66.24,45375,99.47946340094913
random,4,4,9076,66.24,45380,99.4795182086123
random,4,4,9077,66.24,45385,99.47957504914339
random,4,4,9078,66.24,45390,99.479631877261
random,4,4,9079,66.24,45395,99.4796886929692
random,4,4,9080,66.24,45400,99.47974549627206
random,4,4,9081,66.24,45405,99.4798043297808
random,4,4,9082,66.24,45410,99.47986110783931
random,4,4,9083,66.24,45415,99.47991787350479
random,4,4,9084,66.24,45420,99.47997462678131
random,4,4,9085,66.24,45425,99.48003340848149
random,4,4,9086,66.24,45430,99.48009217689425
random,4,4,9087,66.24,45435,99.48015093202407
random,4,4,9088,66.24,45440,99.48020967387552
random,4,4,9089,66.25,45445,99.48019034840976
random,4,4,9090,66.25,45450,99.48024907248976
random,4,4,9091,66.25999999999999,45455,99.48022933919468
random,4,4,9092,66.29,45460,99.48005314768248
random,4,4,9093,66.29,45465,99.48011227504405
random,4,4,9094,66.29,45470,99.48017138895946
random,4,4,9095,66.29,45475,99.48023048943328
random,4,4,9096,66.29,45480,99.48028916901931
random,4,4,9097,66.29,45485,99.4803453911912
random,4,4,9098,66.29,45490,99.4804016012002
random,4,4,9099,66.29,45495,99.48045779905026
random,4,4,9100,66.29,45500,99.48051194924392
random,4,4,9101,66.3,45505,99.48048773034257
random,4,4,9102,66.31,45510,99.48046351648868
random,4,4,9103,66.32000000000001,45515,99.48043727251505
random,4,4,9104,66.32000000000001,45520,99.4804893677355
random,4,4,9105,66.32000000000001,45525,99.48054145251012
random,4,4,9106,66.32000000000001,45530,99.48059556078371
random,4,4,9107,66.32000000000001,45535,99.48065169128847
random,4,4,9108,66.33,45540,99.48062910199653
random,4,4,9109,66.36,45545,99.4804499322377
random,4,4,9110,66.36,45550,99.48050768709278
random,4,4,9111,66.36,45555,99.48056542910885
random,4,4,9112,66.36,45560,99.48062397128561
random,4,4,9113,66.36,45565,99.48068046823276
random,4,4,9114,66.36999999999999,45570,99.48065667157032
random,4,4,9115,66.4,45575,99.48047639688473
random,4,4,9116,66.45,45580,99.48013969338804
random,4,4,9117,66.47,45585,99.48003773579002
random,4,4,9118,66.47,45590,99.48009182671814
random,4,4,9119,66.47,45595,99.48014549982129
random,4,4,9120,66.47,45600,99.48019712939315
random,4,4,9121,66.49000000000001,45605,99.48008829663038
random,4,4,9122,66.52,45610,99.47990333019806
random,4,4,9123,66.57,45615,99.47956204094237
random,4,4,9124,66.64,45620,99.47906691691884
random,4,4,9125,66.64,45625,99.4791190358387
random,4,4,9126,66.64999999999999,45630,99.47909502432194
random,4,4,9127,66.67999999999999,45635,99.47891268739762
random,4,4,9128,66.67999999999999,45640,99.4789648059011
random,4,4,9129,66.67999999999999,45645,99.47901691397998
random,4,4,9130,66.67999999999999,45650,99.47906901163735
random,4,4,9131,66.67999999999999,45655,99.47912109887638
random,4,4,9132,66.7,45660,99.47901695889624
random,4,4,9133,66.7,45665,99.47907310939465
random,4,4,9134,66.73,45670,99.4788929383863
random,4,4,9135,66.75999999999999,45675,99.47871280479997
random,4,4,9136,66.75999999999999,45680,99.4787689703579
random,4,4,9137,66.75999999999999,45685,99.47882308947989
random,4,4,9138,66.75999999999999,45690,99.47887719736472
random,4,4,9139,66.75999999999999,45695,99.47893129401591
random,4,4,9140,66.75999999999999,45700,99.47898781911606
random,4,4,9141,66.75999999999999,45705,99.47904433195394
random,4,4,9142,66.75999999999999,45710,99.47910042609834
random,4,4,9143,66.75999999999999,45715,99.47915244465214
random,4,4,9144,66.75999999999999,45720,99.4792024214435
random,4,4,9145,66.75999999999999,45725,99.47925238864495
random,4,4,9146,66.75999999999999,45730,99.47930437685385
random,4,4,9147,66.75999999999999,45735,99.47935838485678
random,4,4,9148,66.8,45740,99.4791004657684
random,4,4,9149,66.81,45745,99.47907448197891
random,4,4,9150,66.82000000000001,45750,99.47904850337542
random,4,4,9151,66.82000000000001,45755,99.47910048558562
random,4,4,9152,66.82000000000001,45760,99.47915448736236
random,4,4,9153,66.86,45765,99.47889672007338
random,4,4,9154,66.9,45770,99.47863900621893
random,4,4,9155,66.9,45775,99.47869344525189
random,4,4,9156,66.91,45780,99.4786719887678
random,4,4,9157,66.91,45785,99.47872844330597
random,4,4,9158,66.95,45790,99.47847126255914
random,4,4,9159,67.01,45795,99.47805998143106
random,4,4,9160,67.02,45800,99.47803413105378
random,4,4,9161,67.02,45805,99.47809022450997
random,4,4,9162,67.02,45810,99.47814874395962
random,4,4,9163,67.02,45815,99.47820684403897
random,4,4,9164,67.02,45820,99.47826493118266
random,4,4,9165,67.02,45825,99.47832300539503
random,4,4,9166,67.02,45830,99.47838106668037
random,4,4,9167,67.02,45835,99.47843952093012
random,4,4,9168,67.04,45840,99.47834233628555
random,4,4,9169,67.06,45845,99.47824314367453
random,4,4,9170,67.06,45850,99.47829753533317
random,4,4,9171,67.07,45855,99.47827412739072
random,4,4,9172,67.12,45860,99.47793960371011
random,4,4,9173,67.12,45865,99.47799400999682
random,4,4,9174,67.12,45870,99.4780504343877
random,4,4,9175,67.12,45875,99.47810481757773
random,4,4,9176,67.12,45880,99.47816121801775
random,4,4,9177,67.12,45885,99.47821760626884
random,4,4,9178,67.13,45890,99.47819625199864
random,4,4,9179,67.16,45895,99.47801945846462
random,4,4,9180,67.17,45900,99.47799610187353
random,4,4,9181,67.19000000000001,45905,99.47789504439329
random,4,4,9182,67.19000000000001,45910,99.47794940328195
random,4,4,9183,67.22,45915,99.47777271071078
random,4,4,9184,67.22,45920,99.47782909894836
random,4,4,9185,67.23,45925,99.47780983050374
random,4,4,9186,67.25999999999999,45930,99.47763483366406
random,4,4,9187,67.30000000000001,45935,99.47738262658329
random,4,4,9188,67.30000000000001,45940,99.47744106070924
random,4,4,9189,67.30000000000001,45945,99.47749988742568
random,4,4,9190,67.30000000000001,45950,99.47755829533405
random,4,4,9191,67.30000000000001,45955,99.47761669018556
random,4,4,9192,67.30000000000001,45960,99.47767304505749
random,4,4,9193,67.30000000000001,45965,99.477727361266
random,4,4,9194,67.30000000000001,45970,99.47778166617911
random,4,4,9195,67.30000000000001,45975,99.47783595980036
random,4,4,9196,67.30000000000001,45980,99.47789024213324
random,4,4,9197,67.30000000000001,45985,99.47794451318131
random,4,4,9198,67.31,45990,99.47792120961569
random,4,4,9199,67.31,45995,99.47797546616535
random,4,4,9200,67.31,46000,99.47802971143906
random,4,4,9201,67.31,46005,99.47808394544036
random,4,4,9202,67.31,46010,99.4781381681727
random,4,4,9203,67.32000000000001,46015,99.47811687949243
random,4,4,9204,67.32000000000001,46020,99.47817310979215
random,4,4,9205,67.32000000000001,46025,99.47823134998724
random,4,4,9206,67.32000000000001,46030,99.47828957718362
random,4,4,9207,67.32000000000001,46035,99.47834577027686
random,4,4,9208,67.32000000000001,46040,99.47839993057728
random,4,4,9209,67.32000000000001,46045,99.4784540796326
random,4,4,9210,67.32000000000001,46050,99.47850821744628
random,4,4,9211,67.32000000000001,46055,99.47856234402182
random,4,4,9212,67.32000000000001,46060,99.47861645936275
random,4,4,9213,67.32000000000001,46065,99.47867056347256
random,4,4,9214,67.32000000000001,46070,99.47872465635473
random,4,4,9215,67.32000000000001,46075,99.47877873801276
random,4,4,9216,67.32000000000001,46080,99.47883280845016
random,4,4,9217,67.32000000000001,46085,99.47888888458844
random,4,4,9218,67.32000000000001,46090,99.47894494866075
random,4,4,9219,67.32000000000001,46095,99.47900301670565
random,4,4,9220,67.32000000000001,46100,99.47905905622402
random,4,4,9221,67.32000000000001,46105,99.47911508368821
random,4,4,9222,67.32000000000001,46110,99.47917109910217
random,4,4,9223,67.34,46115,99.4790723868139
random,4,4,9224,67.34,46120,99.47912839477334
random,4,4,9225,67.34,46125,99.4791843906906
random,4,4,9226,67.36,46130,99.47908570880612
random,4,4,9227,67.36,46135,99.47914169727431
random,4,4,9228,67.39,46140,99.47896572492884
random,4,4,9229,67.44,46145,99.4786351744995
random,4,4,9230,67.47999999999999,46150,99.47838199474826
random,4,4,9231,67.53,46155,99.47805359515417
random,4,4,9232,67.53,46160,99.47811208418214
random,4,4,9233,67.58,46165,99.47778419149664
random,4,4,9234,67.58,46170,99.47784269760153
random,4,4,9235,67.63,46175,99.47751450490192
random,4,4,9236,67.69,46180,99.4771091373421
random,4,4,9237,67.73,46185,99.47685874259179
random,4,4,9238,67.73,46190,99.47691732621577
random,4,4,9239,67.77,46195,99.4766670090172
random,4,4,9240,67.81,46200,99.4764167478693
random,4,4,9241,67.81,46205,99.4764753612984
random,4,4,9242,67.82000000000001,46210,99.47645676561135
random,4,4,9243,67.83,46215,99.47643817408681
random,4,4,9244,67.83,46220,99.47649676543999
random,4,4,9245,67.84,46225,99.47647817360027
random,4,4,9246,67.84,46230,99.47653674736725
random,4,4,9247,67.84,46235,99.47659530802875
random,4,4,9248,67.84,46240,99.47665385558918
random,4,4,9249,67.84,46245,99.47671239005291
random,4,4,9250,67.84,46250,99.47677091142435
random,4,4,9251,67.84,46255,99.4768294197079
random,4,4,9252,67.84,46260,99.47688791490792
random,4,4,9253,67.84,46265,99.47694599374864
random,4,4,9254,67.84,46270,99.47700405969431
random,4,4,9255,67.84,46275,99.47706211274924
random,4,4,9256,67.86,46280,99.47696600201937
random,4,4,9257,67.89,46285,99.47679284572595
random,4,4,9258,67.9,46290,99.47677182859384
random,4,4,9259,67.91,46295,99.47675081596361
random,4,4,9260,67.91,46300,99.47680684997046
random,4,4,9261,67.91,46305,99.4768608570053
random,4,4,9262,67.91,46310,99.47691686744761
random,4,4,9263,67.91,46315,99.47697286589758
random,4,4,9264,67.93,46320,99.47687483346708
random,4,4,9265,67.93,46325,99.47692881057323
random,4,4,9266,67.93,46330,99.4769827765416
random,4,4,9267,67.93,46335,99.47703673137565
random,4,4,9268,67.93,46340,99.47709067507878
random,4,4,9269,67.93,46345,99.4771446076545
random,4,4,9270,67.93,46350,99.47719852910618
random,4,4,9271,67.93,46355,99.47725203716259
random,4,4,9272,67.93,46360,99.47730553426715
random,4,4,9273,67.93,46365,99.47735700986351
random,4,4,9274,67.93,46370,99.47740847532211
random,4,4,9275,67.93,46375,99.47745993064594
random,4,4,9276,67.93,46380,99.477511375838
random,4,4,9277,67.95,46385,99.47740899456413
random,4,4,9278,67.95,46390,99.4774644529718
random,4,4,9279,67.97,46395,99.47736410659404
random,4,4,9280,67.97,46400,99.47741955820925
random,4,4,9281,67.97,46405,99.4774749980589
random,4,4,9282,67.97,46410,99.47753243419
random,4,4,9283,67.97999999999999,46415,99.47751340034402
random,4,4,9284,68.01,46420,99.47734026831557
random,4,4,9285,68.01,46425,99.4773956923758
random,4,4,9286,68.01,46430,99.47745150617823
random,4,4,9287,68.07,46435,99.47704434405826
random,4,4,9288,68.14,46440,99.4765604475124
random,4,4,9289,68.17999999999999,46445,99.47630708160638
random,4,4,9290,68.23,46450,99.47597897771739
random,4,4,9291,68.25,46455,99.47588132570922
random,4,4,9292,68.28999999999999,46460,99.47563012304916
random,4,4,9293,68.30000000000001,46465,99.47560930666798
random,4,4,9294,68.33,46470,99.47543495600732
random,4,4,9295,68.36,46475,99.4752606425524
random,4,4,9296,68.36,46480,99.47531662523285
random,4,4,9297,68.36,46485,99.47537259596936
random,4,4,9298,68.36,46490,99.4754265420664
random,4,4,9299,68.37,46495,99.47540374805875
random,4,4,9300,68.39,46500,99.47530423761452
random,4,4,9301,68.42,46505,99.47513004761572
random,4,4,9302,68.44,46510,99.47503461289172
random,4,4,9303,68.49,46515,99.47470911125444
random,4,4,9304,68.52000000000001,46520,99.47453705656395
random,4,4,9305,68.58999999999999,46525,99.47405832362705
random,4,4,9306,68.58999999999999,46530,99.47411639056307
random,4,4,9307,68.58999999999999,46535,99.47417484778745
random,4,4,9308,68.58999999999999,46540,99.47423329201706
random,4,4,9309,68.63,46545,99.47398514312692
random,4,4,9310,68.63,46550,99.47404359544811
random,4,4,9311,68.66,46555,99.47387215077939
random,4,4,9312,68.66,46560,99.47393060266589
random,4,4,9313,68.67999999999999,46565,99.47383541651504
random,4,4,9314,68.69,46570,99.47381685394721
random,4,4,9315,68.69,46575,99.47387287469611
random,4,4,9316,68.69,46580,99.47392888351764
random,4,4,9317,68.69,46585,99.4739828663454
random,4,4,9318,68.69,46590,99.47403683809539
random,4,4,9319,68.69,46595,99.47409079877102
random,4,4,9320,68.69,46600,99.47414474837569
random,4,4,9321,68.72,46605,99.4739690459259
random,4,4,9322,68.77,46610,99.47364030122746
random,4,4,9323,68.82000000000001,46615,99.47331162395582
random,4,4,9324,68.84,46620,99.4732146000058
random,4,4,9325,68.84,46625,99.47327264185446
random,4,4,9326,68.89,46630,99.4729461232965
random,4,4,9327,68.89,46635,99.47300015070253
random,4,4,9328,68.93,46640,99.4727482034199
random,4,4,9329,68.96,46645,99.47257279084405
random,4,4,9330,68.97,46650,99.47255036467212
random,4,4,9331,69.04,46655,99.47207115722247
random,4,4,9332,69.07,46660,99.47189586860017
random,4,4,9333,69.08999999999999,46665,99.4717990864089
random,4,4,9334,69.11,46670,99.4717043440106
random,4,4,9335,69.11,46675,99.47176249108584
random,4,4,9336,69.12,46680,99.47174218083659
random,4,4,9337,69.15,46685,99.47156701966856
random,4,4,9338,69.15,46690,99.4716231446637
random,4,4,9339,69.15,46695,99.471679257738
random,4,4,9340,69.15,46700,99.47173535889529
random,4,4,9341,69.15,46705,99.4717934655161
random,4,4,9342,69.15,46710,99.4718515593554
random,4,4,9343,69.15,46715,99.47190964041744
random,4,4,9344,69.19,46720,99.4716602498217
random,4,4,9345,69.23,46725,99.47141293011167
random,4,4,9346,69.24,46730,99.47139469654054
random,4,4,9347,69.24,46735,99.47145280250625
random,4,4,9348,69.24,46740,99.47151089569897
random,4,4,9349,69.26,46745,99.47141432157333
random,4,4,9350,69.27,46750,99.4713940788811
random,4,4,9351,69.27,46755,99.4714501433349
random,4,4,9352,69.27,46760,99.47150619589748
random,4,4,9353,69.27,46765,99.47156022092703
random,4,4,9354,69.27,46770,99.47161423491237
random,4,4,9355,69.27,46775,99.47166823785683
random,4,4,9356,69.27,46780,99.47172222976384
random,4,4,9357,69.27,46785,99.47177822463495
random,4,4,9358,69.27,46790,99.47183420763695
random,4,4,9359,69.3,46795,99.47166146079127
random,4,4,9360,69.3,46800,99.47171744430163
random,4,4,9361,69.3,46805,99.47177341594909
random,4,4,9362,69.3,46810,99.47182937573739
random,4,4,9363,69.3,46815,99.47188733596501
random,4,4,9364,69.34,46820,99.47164048998602
random,4,4,9365,69.39,46825,99.47131549413601
random,4,4,9366,69.45,46830,99.4709143848818
random,4,4,9367,69.45,46835,99.47097040557412
random,4,4,9368,69.49,46840,99.47072174999238
random,4,4,9369,69.49,46845,99.470779794435
random,4,4,9370,69.49,46850,99.47083782614787
random,4,4,9371,69.49,46855,99.47089383080024
random,4,4,9372,69.49,46860,99.47095183750784
random,4,4,9373,69.49,46865,99.4710098314981
random,4,4,9374,69.49,46870,99.47106821537852
random,4,4,9375,69.49,46875,99.47112658637289
random,4,4,9376,69.49,46880,99.47118494448546
random,4,4,9377,69.49,46885,99.47124328972048
random,4,4,9378,69.49,46890,99.47130121983415
random,4,4,9379,69.49,46895,99.47135913725567
random,4,4,9380,69.52000000000001,46900,99.47118884384933
random,4,4,9381,69.56,46905,99.47094253002948
random,4,4,9382,69.56,46910,99.47100046770373
random,4,4,9383,69.56,46915,99.47105839268971
random,4,4,9384,69.56,46920,99.47111590286659
random,4,4,9385,69.56,46925,99.47117340053902
random,4,4,9386,69.57,46930,99.47115567346503
random,4,4,9387,69.6,46935,99.47098593476254
random,4,4,9388,69.6,46940,99.47104423164615
random,4,4,9389,69.6,46945,99.47110251568265
random,4,4,9390,69.6,46950,99.47116038504996
random,4,4,9391,69.6,46955,99.47121864349349
random,4,4,9392,69.61,46960,99.47120052143077
random,4,4,9393,69.61,46965,99.47125635293733
random,4,4,9394,69.61,46970,99.47131217265557
random,4,4,9395,69.61,46975,99.47136998784933
random,4,4,9396,69.63000000000001,46980,99.47127632513127
random,4,4,9397,69.66,46985,99.47110675808032
random,4,4,9398,69.67,46990,99.47108866002547
random,4,4,9399,69.67,46995,99.47114647428452
random,4,4,9400,69.67,47000,99.47120427590583
random,4,4,9401,69.67,47005,99.47126206489352
random,4,4,9402,69.67,47010,99.47132024243234
random,4,4,9403,69.67,47015,99.47137840716988
random,4,4,9404,69.67,47020,99.47143655911042
random,4,4,9405,69.67,47025,99.47149469825814
random,4,4,9406,69.67,47030,99.47155282461728
random,4,4,9407,69.67,47035,99.47161053745255
random,4,4,9408,69.67,47040,99.47166623441427
random,4,4,9409,69.67,47045,99.4717219196353
random,4,4,9410,69.67,47050,99.47177759311938
random,4,4,9411,69.67999999999999,47055,99.47175744508908
random,4,4,9412,69.67999999999999,47060,99.47181310309801
random,4,4,9413,69.69999999999999,47065,99.47171716176445
random,4,4,9414,69.69999999999999,47070,99.47177081067645
random,4,4,9415,69.69999999999999,47075,99.4718244486931
random,4,4,9416,69.69999999999999,47080,99.4718780758177
random,4,4,9417,69.69999999999999,47085,99.4719316920536
random,4,4,9418,69.69999999999999,47090,99.47198529740409
random,4,4,9419,69.71000000000001,47095,99.47196314422429
random,4,4,9420,69.73,47100,99.47186525558071
random,4,4,9421,69.77,47105,99.47161592225628
random,4,4,9422,69.78,47110,99.47159541382985
random,4,4,9423,69.78999999999999,47115,99.47157490968921
random,4,4,9424,69.82000000000001,47120,99.47140299275847
random,4,4,9425,69.82000000000001,47125,99.47145621307688
random,4,4,9426,69.83,47130,99.47143372938588
random,4,4,9427,69.83,47135,99.47148893593156
random,4,4,9428,69.83,47140,99.47154413094627
random,4,4,9429,69.84,47145,99.47152564432405
random,4,4,9430,69.84,47150,99.47158282281
random,4,4,9431,69.84,47155,99.47163998892441
random,4,4,9432,69.85,47160,99.47162189762248
random,4,4,9433,69.85,47165,99.47167744868237
random,4,4,9434,69.85,47170,99.47173099044578
random,4,4,9435,69.87,47175,99.47163327855823
random,4,4,9436,69.87,47180,99.4716868139471
random,4,4,9437,69.87,47185,99.47174033848842
random,4,4,9438,69.87,47190,99.47179385218544
random,4,4,9439,69.87,47195,99.47184735504149
random,4,4,9440,69.87,47200,99.47190084705986
random,4,4,9441,69.87,47205,99.47195432824383
random,4,4,9442,69.87,47210,99.4720077985967
random,4,4,9443,69.87,47215,99.47206125812177
random,4,4,9444,69.87,47220,99.47211470682231
random,4,4,9445,69.87,47225,99.47216814470163
random,4,4,9446,69.87,47230,99.47222157176299
random,4,4,9447,69.87,47235,99.47227498800967
random,4,4,9448,69.87,47240,99.472328393445
random,4,4,9449,69.87,47245,99.47238178807221
random,4,4,9450,69.87,47250,99.47243517189463
random,4,4,9451,69.87,47255,99.47248854491548
random,4,4,9452,69.87,47260,99.47254389805687
random,4,4,9453,69.89999999999999,47265,99.47237279013646
random,4,4,9454,69.92,47270,99.4722771933479
random,4,4,9455,69.99,47275,99.47180228697007
random,4,4,9456,69.99,47280,99.4718556963974
random,4,4,9457,70.04,47285,99.47153183334088
random,4,4,9458,70.04,47290,99.4715872526083
random,4,4,9459,70.04,47295,99.47164066737426
random,4,4,9460,70.04,47300,99.47169407134243
random,4,4,9461,70.04,47305,99.47174746451604
random,4,4,9462,70.04,47310,99.47180084689842
random,4,4,9463,70.04,47315,99.4718542184928
random,4,4,9464,70.04,47320,99.47190957016878
random,4,4,9465,70.04,47325,99.47196690067791
random,4,4,9466,70.04,47330,99.47202222873861
random,4,4,9467,70.04,47335,99.4720775452058
random,4,4,9468,70.04,47340,99.47213285008316
random,4,4,9469,70.04,47345,99.47218814337432
random,4,4,9470,70.04,47350,99.47224342508291
random,4,4,9471,70.04,47355,99.47230068313102
random,4,4,9472,70.04,47360,99.47235792875627
random,4,4,9473,70.04,47365,99.47241516196267
random,4,4,9474,70.04,47370,99.47247238275428
random,4,4,9475,70.05,47375,99.47245428125379
random,4,4,9476,70.05,47380,99.47250949934713
random,4,4,9477,70.05,47385,99.4725643087543
random,4,4,9478,70.05,47390,99.47261950381815
random,4,4,9479,70.05,47395,99.47267429036864
random,4,4,9480,70.08,47400,99.47250126831531
random,4,4,9481,70.1,47405,99.47240354430417
random,4,4,9482,70.1,47410,99.47245635159543
random,4,4,9483,70.1,47415,99.47250914831673
random,4,4,9484,70.1,47420,99.47255796595478
random,4,4,9485,70.14,47425,99.47230583691136
random,4,4,9486,70.19999999999999,47430,99.47190329962642
random,4,4,9487,70.22,47435,99.4718017187882
random,4,4,9488,70.22,47440,99.47185256999909
random,4,4,9489,70.22,47445,99.47190341141973
random,4,4,9490,70.22,47450,99.47195622846503
random,4,4,9491,70.22,47455,99.4720070499315
random,4,4,9492,70.22,47460,99.47205984624927
random,4,4,9493,70.25,47465,99.47188313318769
random,4,4,9494,70.25,47470,99.4719339470175
random,4,4,9495,70.25,47475,99.47198475106993
random,4,4,9496,70.28999999999999,47480,99.47173492501777
random,4,4,9497,70.28999999999999,47485,99.47178375372452
random,4,4,9498,70.28999999999999,47490,99.47183455775442
random,4,4,9499,70.34,47495,99.47151365431704
random,4,4,9500,70.39999999999999,47500,99.47111610278678
random,4,4,9501,70.39999999999999,47505,99.47116933923961
random,4,4,9502,70.39999999999999,47510,99.47122256497616
random,4,4,9503,70.39999999999999,47515,99.47127577999966
random,4,4,9504,70.39999999999999,47520,99.47132898431335
random,4,4,9505,70.39999999999999,47525,99.47138217792045
random,4,4,9506,70.39999999999999,47530,99.4714353608242
random,4,4,9507,70.39999999999999,47535,99.47149051685825
random,4,4,9508,70.39999999999999,47540,99.47154566138238
random,4,4,9509,70.39999999999999,47545,99.4716027773879
random,4,4,9510,70.39999999999999,47550,99.47165988104842
random,4,4,9511,70.39999999999999,47555,99.47171697236794
random,4,4,9512,70.39999999999999,47560,99.47177405135047
random,4,4,9513,70.39999999999999,47565,99.47183111799998
random,4,4,9514,70.39999999999999,47570,99.47188817232049
random,4,4,9515,70.39999999999999,47575,99.47194521431598
random,4,4,9516,70.39999999999999,47580,99.47200224399046
random,4,4,9517,70.39999999999999,47585,99.47205926134791
random,4,4,9518,70.39999999999999,47590,99.4721142872568
random,4,4,9519,70.39999999999999,47595,99.47216930169648
random,4,4,9520,70.39999999999999,47600,99.47222430467052
random,4,4,9521,70.39999999999999,47605,99.47227731826925
random,4,4,9522,70.39999999999999,47610,99.47233229873487
random,4,4,9523,70.39999999999999,47615,99.47238529064151
random,4,4,9524,70.39999999999999,47620,99.47243827190562
random,4,4,9525,70.39999999999999,47625,99.4724912425304
random,4,4,9526,70.39999999999999,47630,99.47254420251906
random,4,4,9527,70.39999999999999,47635,99.47259715187478
random,4,4,9528,70.39999999999999,47640,99.47265206572074
random,4,4,9529,70.39999999999999,47645,99.47270696813247
random,4,4,9530,70.42,47650,99.47261207555083
random,4,4,9531,70.43,47655,99.47259011198193
random,4,4,9532,70.43,47660,99.47264302957333
random,4,4,9533,70.43,47665,99.47269791048218
random,4,4,9534,70.44,47670,99.4726798925896
random,4,4,9535,70.44,47675,99.47273475803735
random,4,4,9536,70.44,47680,99.4727911904336
random,4,4,9537,70.45,47685,99.47277356279346
random,4,4,9538,70.45,47690,99.47283037335133
random,4,4,9539,70.45,47695,99.4728851997088
random,4,4,9540,70.45,47700,99.47294001466341
random,4,4,9541,70.45,47705,99.47299481821874
random,4,4,9542,70.45,47710,99.4730476396349
random,4,4,9543,70.45,47715,99.47310045046359
random,4,4,9544,70.45,47720,99.47315325070801
random,4,4,9545,70.45,47725,99.47320604037134
random,4,4,9546,70.45,47730,99.47325881945675
random,4,4,9547,70.45,47735,99.47331158796743
random,4,4,9548,70.45,47740,99.47336434590656
random,4,4,9549,70.45,47745,99.4734170932773
random,4,4,9550,70.45,47750,99.47346983008285
random,4,4,9551,70.45,47755,99.47352452351915
random,4,4,9552,70.45,47760,99.47357920559404
random,4,4,9553,70.45,47765,99.47363387631107
random,4,4,9554,70.45,47770,99.47368656970646
random,4,4,9555,70.45,47775,99.47373925255287
random,4,4,9556,70.45,47780,99.47379389003376
random,4,4,9557,70.45,47785,99.47384851617066
random,4,4,9558,70.45,47790,99.47390313096713
random,4,4,9559,70.45,47795,99.47395773442669
random,4,4,9560,70.45,47800,99.47401429008728
random,4,4,9561,70.45,47805,99.47406887047612
random,4,4,9562,70.45,47810,99.47412343953876
random,4,4,9563,70.45,47815,99.47417799727872
random,4,4,9564,70.45,47820,99.47423450559013
random,4,4,9565,70.45,47825,99.47429139404939
random,4,4,9566,70.45,47830,99.47434827019916
random,4,4,9567,70.45,47835,99.47440513404348
random,4,4,9568,70.45,47840,99.4744619855863
random,4,4,9569,70.45,47845,99.47451882483165
random,4,4,9570,70.45,47850,99.4745756517835
random,4,4,9571,70.45,47855,99.47463246644584
random,4,4,9572,70.45,47860,99.47468926882263
random,4,4,9573,70.45,47865,99.4747460589179
random,4,4,9574,70.45,47870,99.47480283673562
random,4,4,9575,70.45,47875,99.47485960227975
random,4,4,9576,70.45,47880,99.4749163555543
random,4,4,9577,70.45,47885,99.47497309656322
random,4,4,9578,70.45,47890,99.47502982531049
random,4,4,9579,70.45,47895,99.4750865418001
random,4,4,9580,70.45,47900,99.47514324603601
random,4,4,9581,70.45,47905,99.4751999380222
random,4,4,9582,70.47,47910,99.47510764873998
random,4,4,9583,70.52000000000001,47915,99.47479194998756
random,4,4,9584,70.58,47920,99.47440185098719
random,4,4,9585,70.58,47925,99.47445859853642
random,4,4,9586,70.59,47930,99.47444088148602
random,4,4,9587,70.61,47935,99.47434872395007
random,4,4,9588,70.64,47940,99.47418215003226
random,4,4,9589,70.67,47945,99.47401561206809
random,4,4,9590,70.67999999999999,47950,99.47399795046739
random,4,4,9591,70.69,47955,99.473980292678
random,4,4,9592,70.69,47960,99.47403704285158
random,4,4,9593,70.69,47965,99.47409378078139
random,4,4,9594,70.69,47970,99.47415050647139
random,4,4,9595,70.69,47975,99.47420721992553
random,4,4,9596,70.69,47980,99.47426392114777
random,4,4,9597,70.69,47985,99.47432061014206
random,4,4,9598,70.69,47990,99.47437728691237
random,4,4,9599,70.69,47995,99.47443395146264
random,4,4,9600,70.69,48000,99.47449060379684
random,4,4,9601,70.73,48005,99.47424991600487
random,4,4,9602,70.78999999999999,48010,99.47386063215508
random,4,4,9603,70.83,48015,99.4736200641198
random,4,4,9604,70.84,48020,99.47360208062419
random,4,4,9605,70.84,48025,99.47365840103308
random,4,4,9606,70.84,48030,99.47371470939156
random,4,4,9607,70.84,48035,99.47377100570354
random,4,4,9608,70.84,48040,99.47382728997286
random,4,4,9609,70.84,48045,99.4738835622034
random,4,4,9610,70.85000000000001,48050,99.47386556206901
random,4,4,9611,70.86,48055,99.47384795646437
random,4,4,9612,70.86,48060,99.47390459899147
random,4,4,9613,70.86,48065,99.47396122932425
random,4,4,9614,70.86,48070,99.47401745703846
random,4,4,9615,70.86,48075,99.47407406307846
random,4,4,9616,70.86,48080,99.47413065693593
random,4,4,9617,70.86,48085,99.4741872386148
random,4,4,9618,70.86,48090,99.47424380811903
random,4,4,9619,70.86,48095,99.47429997544359
random,4,4,9620,70.86,48100,99.47435652069416
random,4,4,9621,70.86,48105,99.47441266394009
random,4,4,9622,70.86,48110,99.47446684639317
random,4,4,9623,70.86,48115,99.47451906926248
random,4,4,9624,70.86,48120,99.47457128175392
random,4,4,9625,70.86,48125,99.47462543151002
random,4,4,9626,70.86,48130,99.4746795701061
random,4,4,9627,70.86,48135,99.47473330817944
random,4,4,9628,70.86,48140,99.4747874245461
random,4,4,9629,70.86,48145,99.47484152976305
random,4,4,9630,70.86,48150,99.47489756945602
random,4,4,9631,70.86,48155,99.47495359719026
random,4,4,9632,70.86,48160,99.47500961296963
random,4,4,9633,70.86,48165,99.47506561679789
random,4,4,9634,70.86,48170,99.47511927592238
random,4,4,9635,70.86,48175,99.4751748676457
random,4,4,9636,70.86,48180,99.47523083622403
random,4,4,9637,70.86,48185,99.47528679286638
random,4,4,9638,70.86,48190,99.4753427375766
random,4,4,9639,70.86,48195,99.47539867035847
random,4,4,9640,70.89999999999999,48200,99.47515848881177
random,4,4,9641,70.96000000000001,48205,99.47476837922078
random,4,4,9642,70.98,48210,99.47467439137571
random,4,4,9643,70.98,48215,99.47472842838124
random,4,4,9644,70.98,48220,99.47478206563522
random,4,4,9645,70.98,48225,99.47483569193616
random,4,4,9646,70.98,48230,99.47488930728741
random,4,4,9647,70.98,48235,99.4749433000901
random,4,4,9648,70.98,48240,99.47499728179065
random,4,4,9649,70.98,48245,99.47504931119636
random,4,4,9650,70.98,48250,99.47510327110199
random,4,4,9651,70.98,48255,99.4751552795031
random,4,4,9652,70.98,48260,99.47520727759893
random,4,4,9653,70.98,48265,99.47525926539255
random,4,4,9654,70.99,48270,99.475239261772
random,4,4,9655,71.0,48275,99.47521732285443
random,4,4,9656,71.0,48280,99.4752712330387
random,4,4,9657,71.02000000000001,48285,99.47517539723945
random,4,4,9658,71.02000000000001,48290,99.475227362068
random,4,4,9659,71.02000000000001,48295,99.47527931660709
random,4,4,9660,71.02000000000001,48300,99.4753312608598
random,4,4,9661,71.05,48305,99.47516158818098
random,4,4,9662,71.05,48310,99.47521353380348
random,4,4,9663,71.05,48315,99.47526546914443
random,4,4,9664,71.05,48320,99.47531739420685
random,4,4,9665,71.05,48325,99.47536930899382
random,4,4,9666,71.05,48330,99.47542121350837
random,4,4,9667,71.05,48335,99.47547310775356
random,4,4,9668,71.09,48340,99.47522933341799
random,4,4,9669,71.09,48345,99.47528278559962
random,4,4,9670,71.09,48350,99.47533622689329
random,4,4,9671,71.09,48355,99.47538965730229
random,4,4,9672,71.09,48360,99.47544307682999
random,4,4,9673,71.11,48365,99.47534698960877
random,4,4,9674,71.11,48370,99.47539846772973
random,4,4,9675,71.12,48375,99.4753765567382
random,4,4,9676,71.12,48380,99.47542802182078
random,4,4,9677,71.12,48385,99.4754814110081
random,4,4,9678,71.12,48390,99.47553285552154
random,4,4,9679,71.12,48395,99.47558622337283
random,4,4,9680,71.12,48400,99.47563764732945
random,4,4,9681,71.12,48405,99.4756909938575
random,4,4,9682,71.12,48410,99.47574432953213
random,4,4,9683,71.12,48415,99.4757957224872
random,4,4,9684,71.12,48420,99.4758432423429
random,4,4,9685,71.12,48425,99.47589268475299
random,4,4,9686,71.12,48430,99.47594018703158
random,4,4,9687,71.12,48435,99.47598768070026
random,4,4,9688,71.12,48440,99.47603709586636
random,4,4,9689,71.12,48445,99.47609036115288
random,4,4,9690,71.12,48450,99.4761436156108
random,4,4,9691,71.12,48455,99.47619685924337
random,4,4,9692,71.12,48460,99.47625202057581
random,4,4,9693,71.12,48465,99.47630562779999
random,4,4,9694,71.12,48470,99.47635922405155
random,4,4,9695,71.12,48475,99.47641473665767
random,4,4,9696,71.12,48480,99.47647023749495
random,4,4,9697,71.12,48485,99.47652572656713
random,4,4,9698,71.12,48490,99.47658120387794
random,4,4,9699,71.12,48495,99.47663628429423
random,4,4,9700,71.12,48500,99.47669135311928
random,4,4,9701,71.12,48505,99.47674448547399
random,4,4,9702,71.12,48510,99.4767979919401
random,4,4,9703,71.12,48515,99.47685148746451
random,4,4,9704,71.12,48520,99.47690304833424
random,4,4,9705,71.12,48525,99.47695459904142
random,4,4,9706,71.12,48530,99.47700806254724
random,4,4,9707,71.12,48535,99.47706151512456
random,4,4,9708,71.12,48540,99.4771149567767
random,4,4,9709,71.12,48545,99.47716992492036
random,4,4,9710,71.12,48550,99.47722334441808
random,4,4,9711,71.12,48555,99.47727867396948
random,4,4,9712,71.12,48560,99.47733399181018
random,4,4,9713,71.12,48565,99.47738968197339
random,4,4,9714,71.12,48570,99.47744536027027
random,4,4,9715,71.12,48575,99.47750064283878
random,4,4,9716,71.12,48580,99.47755629749614
random,4,4,9717,71.12,48585,99.4776119402985
random,4,4,9718,71.12,48590,99.47766757124968
random,4,4,9719,71.12,48595,99.47772319035344
random,4,4,9720,71.12,48600,99.47777879761358
random,4,4,9721,71.12,48605,99.47783400965771
random,4,4,9722,71.12,48610,99.47788959332357
random,4,4,9723,71.12,48615,99.4779451651571
random,4,4,9724,71.12,48620,99.47800072516209
random,4,4,9725,71.12,48625,99.47805627334235
random,4,4,9726,71.12,48630,99.4781114267327
random,4,4,9727,71.12,48635,99.47816656846827
random,4,4,9728,71.12,48640,99.47822208135979
random,4,4,9729,71.12,48645,99.4782775824416
random,4,4,9730,71.12,48650,99.47833307171746
random,4,4,9731,71.12,48655,99.47838816662828
random,4,4,9732,71.12,48660,99.47844133748409
random,4,4,9733,71.12,48665,99.47849258545807
random,4,4,9734,71.12,48670,99.47854382336186
random,4,4,9735,71.12,48675,99.47859658023286
random,4,4,9736,71.12,48680,99.4786477977048
random,4,4,9737,71.12,48685,99.47870091564512
random,4,4,9738,71.13000000000001,48690,99.47868073170856
random,4,4,9739,71.14,48695,99.47866055188405
random,4,4,9740,71.14,48700,99.47871365229453
random,4,4,9741,71.14,48705,99.47876674188916
random,4,4,9742,71.14,48710,99.47881982067123
random,4,4,9743,71.14,48715,99.47887288864405
random,4,4,9744,71.14,48720,99.47892594581094
random,4,4,9745,71.14,48725,99.47897708421984
random,4,4,9746,71.14,48730,99.47902821259223
random,4,4,9747,71.14,48735,99.47908123813764
random,4,4,9748,71.14,48740,99.47913425289005
random,4,4,9749,71.14,48745,99.47918725685277
random,4,4,9750,71.14,48750,99.47923834398672
random,4,4,9751,71.14,48755,99.47928942109925
random,4,4,9752,71.14,48760,99.47934239348804
random,4,4,9753,71.14,48765,99.47939535510008
random,4,4,9754,71.14,48770,99.47944602051338
random,4,4,9755,71.14,48775,99.47949858021788
random,4,4,9756,71.14,48780,99.47954922554233
random,4,4,9757,71.14,48785,99.4795979576012
random,4,4,9758,71.14,48790,99.47964668053496
random,4,4,9759,71.14,48795,99.47969729704428
random,4,4,9760,71.14,48800,99.47974790370729
random,4,4,9761,71.14,48805,99.4798023044012
random,4,4,9762,71.14,48810,99.47985479218686
random,4,4,9763,71.14,48815,99.47990726938157
random,4,4,9764,71.14,48820,99.47995973598856
random,4,4,9765,71.14,48825,99.48001409239289
random,4,4,9766,71.14,48830,99.48006881743063
random,4,4,9767,71.14,48835,99.4801235309507
random,4,4,9768,71.14,48840,99.48017595393631
random,4,4,9769,71.14,48845,99.4802283663506
random,4,4,9770,71.14,48850,99.48028076819675
random,4,4,9771,71.14,48855,99.48033315947796
random,4,4,9772,71.14,48860,99.48038743785136
random,4,4,9773,71.14,48865,99.48044208433724
random,4,4,9774,71.14,48870,99.48049482247441
random,4,4,9775,71.14,48875,99.48054944637698
random,4,4,9776,71.14,48880,99.48060443800657
random,4,4,9777,71.14,48885,99.48065941799398
random,4,4,9778,71.14,48890,99.48071438634295
random,4,4,9779,71.14,48895,99.48076934305718
random,4,4,9780,71.14,48900,99.48082428814034
random,4,4,9781,71.14,48905,99.48087922159613
random,4,4,9782,71.14,48910,99.48093414342824
random,4,4,9783,71.14,48915,99.48098905364037
random,4,4,9784,71.14,48920,99.48104357366496
random,4,4,9785,71.14,48925,99.4810961897697
random,4,4,9786,71.14,48930,99.48114879520621
random,4,4,9787,71.14,48935,99.48120138997773
random,4,4,9788,71.14,48940,99.4812539740875
random,4,4,9789,71.15,48945,99.48123363589237
random,4,4,9790,71.17,48950,99.48114039756149
random,4,4,9791,71.2,48955,99.48097428125507
random,4,4,9792,71.2,48960,99.48102686706416
random,4,4,9793,71.2,48965,99.4810794422187
random,4,4,9794,71.2,48970,99.48113200672196
random,4,4,9795,71.2,48975,99.48118456057716
random,4,4,9796,71.2,48980,99.48123710378755
random,4,4,9797,71.2,48985,99.4812892584622
random,4,4,9798,71.2,48990,99.481341402651
random,4,4,9799,71.2,48995,99.48139164763768
random,4,4,9800,71.2,49000,99.48144188289035
random,4,4,9801,71.2,49005,99.48149210841184
random,4,4,9802,71.2,49010,99.48154232420498
random,4,4,9803,71.2,49015,99.48159064300235
random,4,4,9804,71.2,49020,99.48163706586193
random,4,4,9805,71.2,49025,99.48168725358305
random,4,4,9806,71.2,49030,99.48174120397633
random,4,4,9807,71.2,49035,99.48179552029694
random,4,4,9808,71.2,49040,99.48184982523348
random,4,4,9809,71.2,49045,99.48190449578829
random,4,4,9810,71.2,49050,99.48195877788837
random,4,4,9811,71.21,49055,99.48193992074503
random,4,4,9812,71.21,49060,99.48199418780166
random,4,4,9813,71.21,49065,99.48204882022635
random,4,4,9814,71.21,49070,99.48210344112844
random,4,4,9815,71.21,49075,99.4821580505116
random,4,4,9816,71.21,49080,99.48221264837942
random,4,4,9817,71.21,49085,99.48226723473556
random,4,4,9818,71.21,49090,99.4823218095837
random,4,4,9819,71.21,49095,99.48237637292743
random,4,4,9820,71.21,49100,99.48243092477041
random,4,4,9821,71.21,49105,99.48248546511628
random,4,4,9822,71.21,49110,99.48253999396866
random,4,4,9823,71.21,49115,99.48259451133119
random,4,4,9824,71.21,49120,99.48264901720749
random,4,4,9825,71.21,49125,99.48270351160122
random,4,4,9826,71.21,49130,99.48275799451596
random,4,4,9827,71.21,49135,99.48281246595539
random,4,4,9828,71.21,49140,99.48286692592309
random,4,4,9829,71.21,49145,99.48292137442273
random,4,4,9830,71.21,49150,99.48297581145789
random,4,4,9831,71.21,49155,99.4830302370322
random,4,4,9832,71.21,49160,99.48308465114928
random,4,4,9833,71.21,49165,99.48313905381276
random,4,4,9834,71.21,49170,99.48319344502625
random,4,4,9835,71.21,49175,99.48324782479337
random,4,4,9836,71.21,49180,99.48330219311771
random,4,4,9837,71.21,49185,99.4833565500029
random,4,4,9838,71.21,49190,99.48341089545255
random,4,4,9839,71.21,49195,99.48346522947026
random,4,4,9840,71.21,49200,99.48351955205965
random,4,4,9841,71.21,49205,99.48357348870367
random,4,4,9842,71.21,49210,99.48362741408353
random,4,4,9843,71.21,49215,99.48368170256701
random,4,4,9844,71.21,49220,99.48373597963653
random,4,4,9845,71.21,49225,99.4837902452957
random,4,4,9846,71.21,49230,99.48384449954807
random,4,4,9847,71.21,49235,99.48389874239727
random,4,4,9848,71.21,49240,99.4839529738469
random,4,4,9849,71.21,49245,99.48400719390055
random,4,4,9850,71.21,49250,99.48406140256179
random,4,4,9851,71.21,49255,99.48411559983424
random,4,4,9852,71.21,49260,99.48416978572148
random,4,4,9853,71.21,49265,99.48422396022708
random,4,4,9854,71.21,49270,99.48427812335466
random,4,4,9855,71.21,49275,99.48433227510776
random,4,4,9856,71.21,49280,99.48438604214697
random,4,4,9857,71.21,49285,99.48443793164114
random,4,4,9858,71.21,49290,99.48449167665082
random,4,4,9859,71.21,49295,99.48454354488692
random,4,4,9860,71.21,49300,99.48459726788059
random,4,4,9861,71.21,49305,99.4846513526364
random,4,4,9862,71.21,49310,99.48470542604245
random,4,4,9863,71.21,49315,99.4847594881023
random,4,4,9864,71.21,49320,99.4848135388195
random,4,4,9865,71.21,49325,99.48486757819762
random,4,4,9866,71.21,49330,99.48492160624025
random,4,4,9867,71.21,49335,99.48497562295096
random,4,4,9868,71.21,49340,99.48502962833328
random,4,4,9869,71.21,49345,99.4850836223908
random,4,4,9870,71.21,49350,99.48513760512708
random,4,4,9871,71.21,49355,99.48519157654567
random,4,4,9872,71.21,49360,99.48524553665014
random,4,4,9873,71.21,49365,99.48529948544405
random,4,4,9874,71.21,49370,99.48535305098699
random,4,4,9875,71.21,49375,99.485404746041
random,4,4,9876,71.21,49380,99.4854579178857
random,4,4,9877,71.21,49385,99.48550922015741
random,4,4,9878,71.21,49390,99.48556088384412
random,4,4,9879,71.21,49395,99.48561067930306
random,4,4,9880,71.21,49400,99.48566046512299
random,4,4,9881,71.21,49405,99.48571024130669
random,4,4,9882,71.21,49410,99.48576186463139
random,4,4,9883,71.21,49415,99.48581533398175
random,4,4,9884,71.21,49420,99.48586693621169
random,4,4,9885,71.21,49425,99.48591852808534
random,4,4,9886,71.21,49430,99.48597010960582
random,4,4,9887,71.21,49435,99.48602168077623
random,4,4,9888,71.21,49440,99.4860732415997
random,4,4,9889,71.21,49445,99.48612664622047
random,4,4,9890,71.21,49450,99.48617818598747
random,4,4,9891,71.21,49455,99.48622749133852
random,4,4,9892,71.21,49460,99.48627641661749
random,4,4,9893,71.21,49465,99.48632162715073
random,4,4,9894,71.21,49470,99.4863668297271
random,4,4,9895,71.21,49475,99.48641387641767
random,4,4,9896,71.21,49480,99.48646091449044
random,4,4,9897,71.21,49485,99.486509795325
random,4,4,9898,71.21,49490,99.48655903705846
random,4,4,9899,71.21,49495,99.48661012000245
random,4,4,9900,71.21,49500,99.48666119278283
random,4,4,9901,71.21,49505,99.48671225540264
random,4,4,9902,71.21,49510,99.48676293795604
random,4,4,9903,71.21,49515,99.48680991211413
random,4,4,9904,71.21,49520,99.4868550287991
random,4,4,9905,71.21,49525,99.48689828898846
random,4,4,9906,71.21,49530,99.48694523837486
random,4,4,9907,71.21,49535,99.4869921791702
random,4,4,9908,71.21,49540,99.48703726381454
random,4,4,9909,71.21,49545,99.48708234053527
random,4,4,9910,71.23,49550,99.486981516786
random,4,4,9911,71.26,49555,99.48680869328501
random,4,4,9912,71.28999999999999,49560,99.48663589890565
random,4,4,9913,71.28999999999999,49565,99.48667914746544
random,4,4,9914,71.28999999999999,49570,99.48672238873885
random,4,4,9915,71.3,49575,99.48669547795275
random,4,4,9916,71.3,49580,99.48674055778991
random,4,4,9917,71.3,49585,99.48678562970971
random,4,4,9918,71.3,49590,99.48683475647321
random,4,4,9919,71.3,49595,99.48688387383244
random,4,4,9920,71.3,49600,99.48693298179008
random,4,4,9921,71.3,49605,99.48697986557865
random,4,4,9922,71.3,49610,99.48702526454531
random,4,4,9923,71.31,49615,99.48699834682682
random,4,4,9924,71.32,49620,99.48697327901907
random,4,4,9925,71.32,49625,99.48702014229941
random,4,4,9926,71.32,49630,99.48706699701891
random,4,4,9927,71.32,49635,99.48711384317996
random,4,4,9928,71.32,49640,99.48716068078485
random,4,4,9929,71.32,49645,99.48720750983595
random,4,4,9930,71.32,49650,99.48725617348744
random,4,4,9931,71.32,49655,99.48730298510145
random,4,4,9932,71.32,49660,99.48734978816879
random,4,4,9933,71.32,49665,99.48739474054929
random,4,4,9934,71.32,49670,99.48743784321434
random,4,4,9935,71.32,49675,99.48748093863138
random,4,4,9936,71.32,49680,99.48752586801564
random,4,4,9937,71.32,49685,99.48757263040062
random,4,4,9938,71.32,49690,99.48761938425241
random,4,4,9939,71.32,49695,99.48766244914877
random,4,4,9940,71.32,49700,99.48770734671625
random,4,4,9941,71.32,49705,99.48775260433126
random,4,4,9942,71.32,49710,99.48779785395057
random,4,4,9943,71.32,49715,99.48784493449773
random,4,4,9944,71.32,49720,99.48789163867495
random,4,4,9945,71.32,49725,99.48793649608415
random,4,4,9946,71.32,49730,99.48798134563557
random,4,4,9947,71.32,49735,99.48802251207799
random,4,4,9948,71.32,49740,99.48806550923915
random,4,4,9949,71.32,49745,99.4881084991789
random,4,4,9950,71.32,49750,99.48815331860662
random,4,4,9951,71.32,49755,99.48819813018656
random,4,4,9952,71.32,49760,99.48824293392077
random,4,4,9953,71.32,49765,99.48828772981133
random,4,4,9954,71.32,49770,99.48833618866419
random,4,4,9955,71.32,49775,99.48838463833988
random,4,4,9956,71.32,49780,99.48843307884098
random,4,4,9957,71.32,49785,99.48847967581717
random,4,4,9958,71.32,49790,99.48852443027344
random,4,4,9959,71.32,49795,99.48856954364226
random,4,4,9960,71.32,49800,99.48861648243857
random,4,4,9961,71.32,49805,99.48866157957113
random,4,4,9962,71.32,49810,99.48870666875045
random,4,4,9963,71.32,49815,99.48875358238078
random,4,4,9964,71.32,49820,99.48880012099066
random,4,4,9965,71.32,49825,99.48884298764537
random,4,4,9966,71.32,49830,99.4888858471115
random,4,4,9967,71.32,49835,99.48893053052478
random,4,4,9968,71.32,49840,99.48897703692664
random,4,4,9969,71.32,49845,99.48902353486527
random,4,4,9970,71.32,49850,99.48907002434296
random,4,4,9971,71.32,49855,99.48911833515041
random,4,4,9972,71.32,49860,99.48916700270959
random,4,4,9973,71.32,49865,99.48921566099733
random,4,4,9974,71.32,49870,99.48926613874602
random,4,4,9975,71.32,49875,99.48931441247528
random,4,4,9976,71.32,49880,99.4893608490414
random,4,4,9977,71.32,49885,99.48940727716337
random,4,4,9978,71.32,49890,99.48945552421722
random,4,4,9979,71.32,49895,99.48950010808396
random,4,4,9980,71.32,49900,99.48954833759664
random,4,4,9981,71.32,49905,99.48959874961713
random,4,4,9982,71.32,49910,99.48964696049416
random,4,4,9983,71.32,49915,99.48969516226434
random,4,4,9984,71.32,49920,99.48974335493028
random,4,4,9985,71.32,49925,99.48979190348682
random,4,4,9986,71.32,49930,99.48984080772821
random,4,4,9987,71.32,49935,99.4898897025954
random,4,4,9988,71.32,49940,99.48994041199542
random,4,4,9989,71.32,49945,99.48998928777276
random,4,4,9990,71.32,49950,99.49003815418409
random,4,4,9991,71.32,49955,99.49008701123209
random,4,4,9992,71.32,49960,99.49013585891949
random,4,4,9993,71.32,49965,99.49018433281842
random,4,4,9994,71.32,49970,99.49023279750119
random,4,4,9995,71.32,49975,99.49028125297043
random,4,4,9996,71.32,49980,99.49032933500555
random,4,4,9997,71.32,49985,99.49037558718994
random,4,4,9998,71.32,49990,99.49042183098038
random,4,4,9999,71.32,49995,99.49046843040415
random,4,4,10000,71.32,50000,99.49051502130592
random,4,4,10001,71.32,50005,99.49056160368806
random,4,4,10002,71.32,50010,99.49060999667168
random,4,4,10003,71.32,50015,99.4906583804622
random,4,4,10004,71.32,50020,99.49070857347701
random,4,4,10005,71.32,50025,99.49075839299
random,4,4,10006,71.32,50030,99.49081002044757
random,4,4,10007,71.32,50035,99.4908605470465
random,4,4,10008,71.32,50040,99.49091106361898
random,4,4,10009,71.32,50045,99.49096302344553
random,4,4,10010,71.32,50050,99.49101134019884
random,4,4,10011,71.32,50055,99.49105964778073
random,4,4,10012,71.32,50060,99.49110794619386
random,4,4,10013,71.32,50065,99.49115805064733
random,4,4,10014,71.32,50070,99.49120996007153
random,4,4,10015,71.32,50075,99.4912596815451
random,4,4,10016,71.32,50080,99.4913112074155
random,4,4,10017,71.32,50085,99.49136344834471
random,4,4,10018,71.32,50090,99.49141350250086
random,4,4,10019,71.32,50095,99.49146137117188
random,4,4,10020,71.32,50100,99.49150923083285
random,4,4,10021,71.32,50105,99.49155671901522
random,4,4,10022,71.32,50110,99.49160419832855
random,4,4,10023,71.32,50115,99.49165203111102
random,4,4,10024,71.32,50120,99.49169985489357
random,4,4,10025,71.32,50125,99.49174404766147
random,4,4,10026,71.32,50130,99.49178823274559
random,4,4,10027,71.32,50135,99.4918342205334
random,4,4,10028,71.32,50140,99.4918783899413
random,4,4,10029,71.32,50145,99.49192255167152
random,4,4,10030,71.32,50150,99.49196851515475
random,4,4,10031,71.32,50155,99.49201447032252
random,4,4,10032,71.32,50160,99.4920622259383
random,4,4,10033,71.32,50165,99.49210852584001
random,4,4,10034,71.32,50170,99.49215662539075
random,4,4,10035,71.32,50175,99.49220471583186
random,4,4,10036,71.32,50180,99.49225243568614
random,4,4,10037,71.32,50185,99.49230014657235
random,4,4,10038,71.32,50190,99.49234604176543
random,4,4,10039,71.32,50195,99.49239192866156
random,4,4,10040,71.32,50200,99.49243961333748
random,4,4,10041,71.32,50205,99.4924890947776
random,4,4,10042,71.32,50210,99.49253856657087
random,4,4,10043,71.32,50215,99.49258875072391
random,4,4,10044,71.32,50220,99.49263675936314
random,4,4,10045,71.32,50225,99.49268475891856
random,4,4,10046,71.32,50230,99.49273274939276
random,4,4,10047,71.32,50235,99.49277892714066
random,4,4,10048,71.32,50240,99.49282509648198
random,4,4,10049,71.32,50245,99.49287306041012
random,4,4,10050,71.32,50250,99.4929228179044
random,4,4,10051,71.32,50255,99.4929725656356
random,4,4,10052,71.32,50260,99.49302050167654
random,4,4,10053,71.32,50265,99.49306662705213
random,4,4,10054,71.32,50270,99.49311094274826
random,4,4,10055,71.32,50275,99.49315525069699
random,4,4,10056,71.32,50280,99.49320135155781
random,4,4,10057,71.32,50285,99.49324744403305
random,4,4,10058,71.32,50290,99.49329352812498
random,4,4,10059,71.32,50295,99.49334284321903
random,4,4,10060,71.32,50300,99.49339034941292
random,4,4,10061,71.32,50305,99.49343604772156
random,4,4,10062,71.32,50310,99.49348533507948
random,4,4,10063,71.32,50315,99.4935310162543
random,4,4,10064,71.32,50320,99.49357668919015
random,4,4,10065,71.32,50325,99.49362415154354
random,4,4,10066,71.32,50330,99.49367196446333
random,4,4,10067,71.32,50335,99.49371976835478
random,4,4,10068,71.32,50340,99.49376756322049
random,4,4,10069,71.32,50345,99.49381534906301
random,4,4,10070,71.32,50350,99.4938649218301
random,4,4,10071,71.32,50355,99.49391484400557
random,4,4,10072,71.32,50360,99.49396296109715
random,4,4,10073,71.32,50365,99.49401106903997
random,4,4,10074,71.32,50370,99.49405916783658
random,4,4,10075,71.32,50375,99.49410725748962
random,4,4,10076,71.32,50380,99.49415533800169
random,4,4,10077,71.32,50385,99.49420520290656
random,4,4,10078,71.32,50390,99.49425685114615
random,4,4,10079,71.32,50395,99.49430669604018
random,4,4,10080,71.32,50400,99.49435653110997
random,4,4,10081,71.32,50405,99.4944059979385
random,4,4,10082,71.32,50410,99.49445545508932
random,4,4,10083,71.32,50415,99.49450490256532
random,4,4,10084,71.32,50420,99.49455434036932
random,4,4,10085,71.32,50425,99.49460376850415
random,4,4,10086,71.32,50430,99.49465139661717
random,4,4,10087,71.32,50435,99.49470080577225
random,4,4,10088,71.32,50440,99.49474841559848
random,4,4,10089,71.32,50445,99.49479601645383
random,4,4,10090,71.32,50450,99.49484181933441
random,4,4,10091,71.32,50455,99.49489119126216
random,4,4,10092,71.32,50460,99.49493876522017
random,4,4,10093,71.32,50465,99.49498811820054
random,4,4,10094,71.32,50470,99.49503567390293
random,4,4,10095,71.32,50475,99.49508322064976
random,4,4,10096,71.32,50480,99.49513254540409
random,4,4,10097,71.32,50485,99.49518043123426
random,4,4,10098,71.32,50490,99.49522795072599
random,4,4,10099,71.32,50495,99.49527546127237
random,4,4,10100,71.32,50500,99.495323319997
random,4,4,10101,71.32,50505,99.49537116964642
random,4,4,10102,71.32,50510,99.4954190102232
random,4,4,10103,71.32,50515,99.49546684172996
random,4,4,10104,71.32,50520,99.49551644841316
random,4,4,10105,71.32,50525,99.49556426144936
random,4,4,10106,71.32,50530,99.49561206542333
random,4,4,10107,71.32,50535,99.49565950369275
random,4,4,10108,71.32,50540,99.49570693303976
random,4,4,10109,71.32,50545,99.49575435346686
random,4,4,10110,71.32,50550,99.4958017649766
random,4,4,10111,71.32,50555,99.49585094945009
random,4,4,10112,71.32,50560,99.49590048063331
random,4,4,10113,71.32,50565,99.4959500020849
random,4,4,10114,71.32,50570,99.49599773297915
random,4,4,10115,71.32,50575,99.4960468792286
random,4,4,10116,71.32,50580,99.49609423574763
random,4,4,10117,71.32,50585,99.49614336317947
random,4,4,10118,71.32,50590,99.49619461637467
random,4,4,10119,71.32,50595,99.49624621495991
random,4,4,10120,71.32,50600,99.49629744723377
random,4,4,10121,71.32,50605,99.49634866908794
random,4,4,10122,71.32,50610,99.4963981025252
random,4,4,10123,71.32,50615,99.49644752625963
random,4,4,10124,71.32,50620,99.49649694029408
random,4,4,10125,71.32,50625,99.49654634463138
random,4,4,10126,71.32,50630,99.49659573927443
random,4,4,10127,71.32,50635,99.4966465452323
random,4,4,10128,71.32,50640,99.49669698575691
random,4,4,10129,71.32,50645,99.49674741617336
random,4,4,10130,71.32,50650,99.49679606129324
random,4,4,10131,71.32,50655,99.49684505198046
random,4,4,10132,71.32,50660,99.49689403312937
random,4,4,10133,71.32,50665,99.49694300474279
random,4,4,10134,71.32,50670,99.49699019300144
random,4,4,10135,71.32,50675,99.49703559890635
random,4,4,10136,71.32,50680,99.49708099661454
random,4,4,10137,71.32,50685,99.49712638612824
random,4,4,10138,71.32,50690,99.4971717674497
random,4,4,10139,71.32,50695,99.49721891280288
random,4,4,10140,71.32,50700,99.49726604931615
random,4,4,10141,71.32,50705,99.49731494853681
random,4,4,10142,71.32,50710,99.49736419248443
random,4,4,10143,71.32,50715,99.49741307261579
random,4,4,10144,71.32,50720,99.4974619432411
random,4,4,10145,71.32,50725,99.4975111583946
random,4,4,10146,71.32,50730,99.49755859409399
random,4,4,10147,71.32,50735,99.49760602083822
random,4,4,10148,71.32,50740,99.49765343862983
random,4,4,10149,71.32,50745,99.49770084747136
random,4,4,10150,71.32,50750,99.4977478936679
random,4,4,10151,71.32,50755,99.49779316288908
random,4,4,10152,71.32,50760,99.49783665609345
random,4,4,10153,71.32,50765,99.497881909316
random,4,4,10154,71.32,50770,99.49792715438318
random,4,4,10155,71.32,50775,99.49797415819867
random,4,4,10156,71.32,50780,99.49801938664332
random,4,4,10157,71.32,50785,99.49806460693927
random,4,4,10158,71.32,50790,99.49810981908873
random,4,4,10159,71.32,50795,99.49815502309387
random,4,4,10160,71.32,50800,99.49820198425515
random,4,4,10161,71.32,50805,99.49825070158369
random,4,4,10162,71.32,50810,99.49830117405403
random,4,4,10163,71.32,50815,99.49835022497572
random,4,4,10164,71.32,50820,99.49839750239654
random,4,4,10165,71.32,50825,99.49844477090699
random,4,4,10166,71.32,50830,99.49849379375522
random,4,4,10167,71.33,50835,99.49847425927749
random,4,4,10168,71.33,50840,99.49852503226931
random,4,4,10169,71.33,50845,99.49857579498196
random,4,4,10170,71.33,50850,99.49862654741855
random,4,4,10171,71.33,50855,99.49867552787366
random,4,4,10172,71.33,50860,99.49872626012404
random,4,4,10173,71.33,50865,99.49877733430772
random,4,4,10174,71.33,50870,99.49882839808468
random,4,4,10175,71.33,50875,99.49887945145812
random,4,4,10176,71.33,50880,99.49893049443119
random,4,4,10177,71.33,50885,99.49898152700709
random,4,4,10178,71.33,50890,99.499032549189
random,4,4,10179,71.33,50895,99.49908356098007
random,4,4,10180,71.33,50900,99.49913456238349
random,4,4,10181,71.33,50905,99.49918555340243
random,4,4,10182,71.33,50910,99.49923653404005
random,4,4,10183,71.33,50915,99.49928750429955
random,4,4,10184,71.33,50920,99.49933846418406
random,4,4,10185,71.33,50925,99.49938941369678
random,4,4,10186,71.33,50930,99.49944035284086
random,4,4,10187,71.33,50935,99.49949128161948
random,4,4,10188,71.33,50940,99.49954220003579
random,4,4,10189,71.33,50945,99.49959310809294
random,4,4,10190,71.33,50950,99.49964400579411
random,4,4,10191,71.33,50955,99.49969489314246
random,4,4,10192,71.33,50960,99.49974577014115
random,4,4,10193,71.33,50965,99.49979663679332
random,4,4,10194,71.33,50970,99.49984749310214
random,4,4,10195,71.33,50975,99.49989833907075
random,4,4,10196,71.33,50980,99.49994917470232
random,4,4,10197,71.33,50985,99.5
random,4,4,10198,71.33,50990,99.50005081496694
random,4,4,10199,71.33,50995,99.50010161960627
random,4,4,10200,71.33,51000,99.50015241392117
random,4,4,10201,71.33,51005,99.50020319791477
random,4,4,10202,71.33,51010,99.50025397159021
random,4,4,10203,71.33,51015,99.50030473495065
random,4,4,10204,71.33,51020,99.50035548799922
random,4,4,10205,71.33,51025,99.50040623073906
random,4,4,10206,71.33,51030,99.50045696317332
random,4,4,10207,71.33,51035,99.50050768530514
random,4,4,10208,71.33,51040,99.50055839713765
random,4,4,10209,71.33,51045,99.50060909867399
random,4,4,10210,71.33,51050,99.5006597899173
random,4,4,10211,71.33,51055,99.50071047087069
random,4,4,10212,71.33,51060,99.50076114153732
random,4,4,10213,71.33,51065,99.50081180192034
random,4,4,10214,71.34,51070,99.50079247619948
random,4,4,10215,71.37,51075,99.50063321695201
random,4,4,10216,71.41999999999999,51080,99.50033406676438
random,4,4,10217,71.41999999999999,51085,99.50038474991256
random,4,4,10218,71.48,51090,99.50001573817276
random,4,4,10219,71.52,51095,99.49978633210914
random,4,4,10220,71.52,51100,99.4998349567251
random,4,4,10221,71.53,51105,99.49981189626743
random,4,4,10222,71.53,51110,99.49985876061743
random,4,4,10223,71.53,51115,99.49990736435869
random,4,4,10224,71.55,51120,99.49981439653708
random,4,4,10225,71.55,51125,99.49986124732018
random,4,4,10226,71.56,51130,99.49983819527978
random,4,4,10227,71.56,51135,99.49988503505907
random,4,4,10228,71.58,51140,99.49979210415057
random,4,4,10229,71.59,51145,99.49977081272046
random,4,4,10230,71.59,51150,99.49981939281051
random,4,4,10231,71.59,51155,99.4998679634657
random,4,4,10232,71.59,51160,99.4999147780457
random,4,4,10233,71.59,51165,99.49996158386243
random,4,4,10234,71.59,51170,99.50000838091833
random,4,4,10235,71.59,51175,99.50005691487839
random,4,4,10236,71.59,51180,99.5001068356672
random,4,4,10237,71.59,51185,99.50015535051615
random,4,4,10238,71.59,51190,99.50020350702292
random,4,4,10239,71.59,51195,99.50025165425149
random,4,4,10240,71.59,51200,99.50029804823774
random,4,4,10241,71.59,51205,99.50034443361085
random,4,4,10242,71.6,51210,99.50032102280659
random,4,4,10243,71.6,51215,99.5003673974375
random,4,4,10244,71.6,51220,99.50041550637702
random,4,4,10245,71.6,51225,99.5004618634726
random,4,4,10246,71.6,51230,99.5005082119659
random,4,4,10247,71.6,51235,99.50055629379287
random,4,4,10248,71.6,51240,99.50060262476565
random,4,4,10249,71.6,51245,99.50064894714342
random,4,4,10250,71.6,51250,99.50069526092857
random,4,4,10251,71.6,51255,99.5007433067528
random,4,4,10252,71.6,51260,99.50079308361367
random,4,4,10253,71.6,51265,99.50084285054984
random,4,4,10254,71.6,51270,99.50089121589453
random,4,4,10255,71.6,51275,99.50093957186749
random,4,4,10256,71.6,51280,99.50098757068761
random,4,4,10257,71.6,51285,99.50103416940308
random,4,4,10258,71.6,51290,99.50108041176196
random,4,4,10259,71.6,51295,99.50112490759314
random,4,4,10260,71.6,51300,99.50117113313576
random,4,4,10261,71.6,51305,99.50121735011268
random,4,4,10262,71.6,51310,99.50126147412062
random,4,4,10263,71.6,51315,99.5013042009549
random,4,4,10264,71.61,51320,99.50127901283749
random,4,4,10265,71.61,51325,99.5013252033766
random,4,4,10266,71.63000000000001,51330,99.50123038657952
random,4,4,10267,71.63000000000001,51335,99.50127483704226
random,4,4,10268,71.67,51340,99.501039066824
random,4,4,10269,71.71,51345,99.50080333698106
random,4,4,10270,71.72,51350,99.50077646939263
random,4,4,10271,71.72,51355,99.5008192077419
random,4,4,10272,71.72,51360,99.50086193877416
random,4,4,10273,71.72,51365,99.50090639907307
random,4,4,10274,71.72,51370,99.50095258771252
random,4,4,10275,71.72,51375,99.50099876780371
random,4,4,10276,71.72,51380,99.50104702207443
random,4,4,10277,71.72,51385,99.50109526701351
random,4,4,10278,71.72,51390,99.50114350262366
random,4,4,10279,71.74000000000001,51395,99.50105401817042
random,4,4,10280,71.74000000000001,51400,99.50110224830838
random,4,4,10281,71.74000000000001,51405,99.50114838784148
random,4,4,10282,71.74000000000001,51410,99.50119451884115
random,4,4,10283,71.74000000000001,51415,99.50123717375148
random,4,4,10284,71.74000000000001,51420,99.50127982136725
random,4,4,10285,71.74000000000001,51425,99.50132419488256
random,4,4,10286,71.74000000000001,51430,99.50136682761847
random,4,4,10287,71.74000000000001,51435,99.50140945306549
random,4,4,10288,71.74000000000001,51440,99.50145380351692
random,4,4,10289,71.74000000000001,51445,99.50149814607897
random,4,4,10290,71.74000000000001,51450,99.50154248075374
random,4,4,10291,71.74000000000001,51455,99.50158853889853
random,4,4,10292,71.74000000000001,51460,99.50163285749714
random,4,4,10293,71.74000000000001,51465,99.50168062965786
random,4,4,10294,71.74000000000001,51470,99.50172666227708
random,4,4,10295,71.74000000000001,51475,99.50177441645658
random,4,4,10296,71.74000000000001,51480,99.50181870200647
random,4,4,10297,71.74000000000001,51485,99.50186297968429
random,4,4,10298,71.74000000000001,51490,99.5019089786218
random,4,4,10299,71.74000000000001,51495,99.50195496906483
random,4,4,10300,71.74000000000001,51500,99.50200095101575
random,4,4,10301,71.74000000000001,51505,99.50204899826751
random,4,4,10302,71.74000000000001,51510,99.50209703624891
random,4,4,10303,71.74000000000001,51515,99.50214471946542
random,4,4,10304,71.74000000000001,51520,99.50219066638726
random,4,4,10305,71.74000000000001,51525,99.50223833167274
random,4,4,10306,71.74000000000001,51530,99.50228426131811
random,4,4,10307,71.74000000000001,51535,99.50233018248818
random,4,4,10308,71.74000000000001,51540,99.50237644036147
random,4,4,10309,71.75,51545,99.50235505700896
random,4,4,10310,71.75,51550,99.50240268418209
random,4,4,10311,71.75,51555,99.50244857710695
random,4,4,10312,71.76,51560,99.50242546782823
random,4,4,10313,71.78,51565,99.50233303058246
random,4,4,10314,71.82,51570,99.50210195887038
random,4,4,10315,71.87,51575,99.50180161070513
random,4,4,10316,71.87,51580,99.50184788304412
random,4,4,10317,71.87,51585,99.50189587288122
random,4,4,10318,71.87,51590,99.50194350832184
random,4,4,10319,71.87,51595,99.50199286007295
random,4,4,10320,71.87,51600,99.50204220204462
random,4,4,10321,71.87,51605,99.50209015445111
random,4,4,10322,71.87,51610,99.5021363732086
random,4,4,10323,71.87,51615,99.50218258338633
random,4,4,10324,71.89,51620,99.5020919893534
random,4,4,10325,71.92,51625,99.50193388435476
random,4,4,10326,71.96000000000001,51630,99.50170656499523
random,4,4,10327,72.02,51635,99.50134081299035
random,4,4,10328,72.03,51640,99.50132163958078
random,4,4,10329,72.03,51645,99.50137169510779
random,4,4,10330,72.03,51650,99.50142174058702
random,4,4,10331,72.03,51655,99.5014717760215
random,4,4,10332,72.04,51660,99.50145259716624
random,4,4,10333,72.04,51665,99.50150261946395
random,4,4,10334,72.04,51670,99.5015526317246
random,4,4,10335,72.04,51675,99.50160263395121
random,4,4,10336,72.04,51680,99.50165262614678
random,4,4,10337,72.04,51685,99.50170260831432
random,4,4,10338,72.04,51690,99.50175258045687
random,4,4,10339,72.04,51695,99.50180254257742
random,4,4,10340,72.04,51700,99.501852494679
random,4,4,10341,72.04,51705,99.50190243676464
random,4,4,10342,72.04,51710,99.50195236883732
random,4,4,10343,72.04,51715,99.50200229090007
random,4,4,10344,72.04,51720,99.5020522029559
random,4,4,10345,72.04,51725,99.5021021050078
random,4,4,10346,72.04,51730,99.5021519970588
random,4,4,10347,72.04,51735,99.5022018791119
random,4,4,10348,72.04,51740,99.50225175117009
random,4,4,10349,72.04,51745,99.5023016132364
random,4,4,10350,72.04,51750,99.50235146531381
random,4,4,10351,72.04,51755,99.50240130740534
random,4,4,10352,72.04,51760,99.50245113951397
random,4,4,10353,72.04,51765,99.50250096164271
random,4,4,10354,72.04,51770,99.50255077379457
random,4,4,10355,72.04,51775,99.50260057597251
random,4,4,10356,72.04,51780,99.50265036817957
random,4,4,10357,72.04,51785,99.5027001504187
random,4,4,10358,72.04,51790,99.50274992269293
random,4,4,10359,72.04,51795,99.50279968500524
random,4,4,10360,72.04,51800,99.50284943735862
random,4,4,10361,72.04,51805,99.50289917975604
random,4,4,10362,72.04,51810,99.50294891220052
random,4,4,10363,72.04,51815,99.50299863469503
random,4,4,10364,72.04,51820,99.50304834724255
random,4,4,10365,72.04,51825,99.50309804984609
random,4,4,10366,72.04,51830,99.50314774250859
random,4,4,10367,72.04,51835,99.50319742523307
random,4,4,10368,72.04,51840,99.50324709802251
random,4,4,10369,72.04,51845,99.50329676087986
random,4,4,10370,72.04,51850,99.50334641380813
random,4,4,10371,72.04,51855,99.50339605681027
random,4,4,10372,72.04,51860,99.50344568988929
random,4,4,10373,72.04,51865,99.50349531304813
random,4,4,10374,72.04,51870,99.50354492628979
random,4,4,10375,72.04,51875,99.50359452961723
random,4,4,10376,72.04,51880,99.50364412303342
random,4,4,10377,72.04,51885,99.50369370654134
random,4,4,10378,72.04,51890,99.50374328014394
random,4,4,10379,72.04,51895,99.50379284384422
random,4,4,10380,72.04,51900,99.50384239764512
random,4,4,10381,72.04,51905,99.50389194154961
random,4,4,10382,72.04,51910,99.50394147556065
random,4,4,10383,72.04,51915,99.5039909996812
random,4,4,10384,72.04,51920,99.50404051391428
random,4,4,10385,72.04,51925,99.50409001826276
random,4,4,10386,72.04,51930,99.50413951272965
random,4,4,10387,72.05,51935,99.50412017291444
random,4,4,10388,72.07000000000001,51940,99.50403167810988
random,4,4,10389,72.11999999999999,51945,99.50373676855018
random,4,4,10390,72.14,51950,99.50364662171461
random,4,4,10391,72.14,51955,99.50369408732756
random,4,4,10392,72.14,51960,99.50374154386323
random,4,4,10393,72.14,51965,99.50378728473834
random,4,4,10394,72.14,51970,99.5038330171822
random,4,4,10395,72.14,51975,99.50387874119718
random,4,4,10396,72.14,51980,99.50392616242809
random,4,4,10397,72.16,51985,99.50383435108257
random,4,4,10398,72.19,51990,99.503675510075
random,4,4,10399,72.23,51995,99.50344795346724
random,4,4,10400,72.28,52000,99.50315170095617
random,4,4,10401,72.34,52005,99.5027867722311
random,4,4,10402,72.36,52010,99.50269681824929
random,4,4,10403,72.36,52015,99.50274432083299
random,4,4,10404,72.36,52020,99.50279181434263
random,4,4,10405,72.36,52025,99.5028392987808
random,4,4,10406,72.36,52030,99.50288848172826
random,4,4,10407,72.36,52035,99.50293765494558
random,4,4,10408,72.36,52040,99.502985111533
random,4,4,10409,72.41,52045,99.5026891597775
random,4,4,10410,72.41,52050,99.5027383384552
random,4,4,10411,72.45,52055,99.50251318391562
random,4,4,10412,72.5,52060,99.50221941481601
random,4,4,10413,72.5,52065,99.50226896698499
random,4,4,10414,72.5,52070,99.50231850928948
random,4,4,10415,72.56,52075,99.50195620838768
random,4,4,10416,72.6,52080,99.50173124371588
random,4,4,10417,72.6,52085,99.50178048283374
random,4,4,10418,72.6,52090,99.5018297122209
random,4,4,10419,72.61999999999999,52095,99.5017417084455
random,4,4,10420,72.61999999999999,52100,99.50178922295035
random,4,4,10421,72.61999999999999,52105,99.501836728394
random,4,4,10422,72.65,52110,99.50167844850174
random,4,4,10423,72.65,52115,99.50172766416239
random,4,4,10424,72.65,52120,99.50177687010263
random,4,4,10425,72.68,52125,99.50162035100519
random,4,4,10426,72.72999999999999,52130,99.50132673280903
random,4,4,10427,72.8,52135,99.50089605611903
random,4,4,10428,72.8,52140,99.50094532472144
random,4,4,10429,72.82,52145,99.50085749419769
random,4,4,10430,72.83,52150,99.50083650836406
random,4,4,10431,72.83,52155,99.50088405816966
random,4,4,10432,72.83,52160,99.50093159891703
random,4,4,10433,72.83,52165,99.50097913060875
random,4,4,10434,72.84,52170,99.50095985069902
random,4,4,10435,72.84,52175,99.50100907966181
random,4,4,10436,72.86,52180,99.50091959298165
random,4,4,10437,72.86,52185,99.50096710739001
random,4,4,10438,72.86,52190,99.50101461275213
random,4,4,10439,72.86,52195,99.50106381740278
random,4,4,10440,72.86,52200,99.50111301235029
random,4,4,10441,72.86,52205,99.50116253912786
random,4,4,10442,72.86,52210,99.5012120560729
random,4,4,10443,72.86,52215,99.50126156318836
random,4,4,10444,72.86,52220,99.50131106047716
random,4,4,10445,72.86,52225,99.50136054794221
random,4,4,10446,72.86,52230,99.50141002558644
random,4,4,10447,72.86,52235,99.50145949341278
random,4,4,10448,72.86,52240,99.50150895142414
random,4,4,10449,72.86,52245,99.50155839962346
random,4,4,10450,72.86,52250,99.50160783801365
random,4,4,10451,72.86,52255,99.50165726659763
random,4,4,10452,72.86,52260,99.50170668537831
random,4,4,10453,72.87,52265,99.50168771062191
random,4,4,10454,72.87,52270,99.50173711658476
random,4,4,10455,72.88,52275,99.50171814257371
random,4,4,10456,72.91,52280,99.50156244552292
random,4,4,10457,72.91,52285,99.50161184921076
random,4,4,10458,72.91,52290,99.50166124310607
random,4,4,10459,72.91,52295,99.50171062721175
random,4,4,10460,72.91,52300,99.50176000153074
random,4,4,10461,72.91,52305,99.50180936606591
random,4,4,10462,72.91,52310,99.5018587208202
random,4,4,10463,72.91,52315,99.50190806579651
random,4,4,10464,72.91,52320,99.50195740099772
random,4,4,10465,72.91,52325,99.50200672642677
random,4,4,10466,72.91,52330,99.50205604208654
random,4,4,10467,72.91,52335,99.50210534797993
random,4,4,10468,72.91,52340,99.50215464410988
random,4,4,10469,72.91,52345,99.50220393047924
random,4,4,10470,72.91,52350,99.50225320709093
random,4,4,10471,72.91,52355,99.50230247394785
random,4,4,10472,72.91,52360,99.50235173105288
random,4,4,10473,72.91,52365,99.50240097840893
random,4,4,10474,72.91,52370,99.5024502160189
random,4,4,10475,72.91,52375,99.50249944388567
random,4,4,10476,72.92,52380,99.50248043387636
random,4,4,10477,72.92,52385,99.50252964901462
random,4,4,10478,72.92,52390,99.502578854417
random,4,4,10479,72.92,52395,99.50262805008641
random,4,4,10480,72.92,52400,99.50267723602576
random,4,4,10481,72.94,52405,99.50258968422561
random,4,4,10482,72.94,52410,99.50263886426555
random,4,4,10483,72.94,52415,99.50268803458138
random,4,4,10484,72.94,52420,99.5027368561707
random,4,4,10485,72.94,52425,99.50278566817522
random,4,4,10486,72.94,52430,99.50283447059778
random,4,4,10487,72.94,52435,99.50288360224691
random,4,4,10488,72.94,52440,99.50293238544752
random,4,4,10489,72.94,52445,99.50298149774693
random,4,4,10490,72.94,52450,99.5030306003423
random,4,4,10491,72.94,52455,99.50307969323653
random,4,4,10492,72.94,52460,99.50312877643248
random,4,4,10493,72.94,52465,99.50317784993301
random,4,4,10494,72.94,52470,99.50322691374102
random,4,4,10495,72.94,52475,99.50327596785935
random,4,4,10496,72.96000000000001,52480,99.50318882501705
random,4,4,10497,72.96000000000001,52485,99.50323787320991
random,4,4,10498,72.96000000000001,52490,99.50328691171904
random,4,4,10499,72.96000000000001,52495,99.50333594054736
random,4,4,10500,72.96000000000001,52500,99.50338495969767
random,4,4,10501,72.96000000000001,52505,99.50343396917289
random,4,4,10502,72.96000000000001,52510,99.50348296897586
random,4,4,10503,72.96000000000001,52515,99.50353195910944
random,4,4,10504,72.96000000000001,52520,99.5035809395765
random,4,4,10505,72.96000000000001,52525,99.50362991037989
random,4,4,10506,72.99,52530,99.5034747921111
random,4,4,10507,72.99,52535,99.50352376372383
random,4,4,10508,73.03,52540,99.50330067346526
random,4,4,10509,73.03,52545,99.50334965258958
random,4,4,10510,73.03,52550,99.50339862205527
random,4,4,10511,73.03,52555,99.5034475818652
random,4,4,10512,73.03,52560,99.5034965320222
random,4,4,10513,73.03,52565,99.50354547252913
random,4,4,10514,73.03,52570,99.50359440338885
random,4,4,10515,73.03,52575,99.50364332460421
random,4,4,10516,73.03,52580,99.50369223617807
random,4,4,10517,73.03,52585,99.50374113811327
random,4,4,10518,73.03,52590,99.50379003041266
random,4,4,10519,73.03,52595,99.50383891307906
random,4,4,10520,73.03,52600,99.50388778611537
random,4,4,10521,73.03,52605,99.50393664952442
random,4,4,10522,73.03,52610,99.50398550330902
random,4,4,10523,73.07000000000001,52615,99.50376269710782
random,4,4,10524,73.11,52620,99.50353993478316
random,4,4,10525,73.11,52625,99.50358881319636
random,4,4,10526,73.17,52630,99.50323032678034
random,4,4,10527,73.17,52635,99.50327922604698
random,4,4,10528,73.17,52640,99.50332811568782
random,4,4,10529,73.17,52645,99.50337699570571
random,4,4,10530,73.17,52650,99.50342586610347
random,4,4,10531,73.17,52655,99.50347472688395
random,4,4,10532,73.17,52660,99.50352324117833
random,4,4,10533,73.17,52665,99.50357174599318
random,4,4,10534,73.17,52670,99.50362024133133
random,4,4,10535,73.17,52675,99.50366872719553
random,4,4,10536,73.2,52680,99.50351372560723
random,4,4,10537,73.2,52685,99.50356221240348
random,4,4,10538,73.2,52690,99.50361068973024
random,4,4,10539,73.2,52695,99.50365915759025
random,4,4,10540,73.2,52700,99.50370593356168
random,4,4,10541,73.2,52705,99.50375438282502
random,4,4,10542,73.2,52710,99.50380114085065
random,4,4,10543,73.2,52715,99.50384957152801
random,4,4,10544,73.2,52720,99.5038979927523
random,4,4,10545,73.2,52725,99.50394674068612
random,4,4,10546,73.2,52730,99.50399514294698
random,4,4,10547,73.22999999999999,52735,99.50383859408062
random,4,4,10548,73.22999999999999,52740,99.50388699761191
random,4,4,10549,73.22999999999999,52745,99.50393539170001
random,4,4,10550,73.22999999999999,52750,99.50398411231919
random,4,4,10551,73.24000000000001,52755,99.50396476009612
random,4,4,10552,73.24000000000001,52760,99.50401145297421
random,4,4,10553,73.24000000000001,52765,99.50405981618252
random,4,4,10554,73.24000000000001,52770,99.50410850571724
random,4,4,10555,73.24000000000001,52775,99.50415718569259
random,4,4,10556,73.24000000000001,52780,99.50420552048604
random,4,4,10557,73.24000000000001,52785,99.50425384585706
random,4,4,10558,73.24000000000001,52790,99.50430216180838
random,4,4,10559,73.24000000000001,52795,99.50435046834278
random,4,4,10560,73.24000000000001,52800,99.50439876546301
random,4,4,10561,73.24000000000001,52805,99.50444738847023
random,4,4,10562,73.25,52810,99.50442801182608
random,4,4,10563,73.27,52815,99.5043409906686
random,4,4,10564,73.28,52820,99.50432162816276
random,4,4,10565,73.28,52825,99.5043682284343
random,4,4,10566,73.29,52830,99.5043455149322
random,4,4,10567,73.29,52835,99.50439042862891
random,4,4,10568,73.29,52840,99.50443700960969
random,4,4,10569,73.29,52845,99.50448358183526
random,4,4,10570,73.29,52850,99.50453014530808
random,4,4,10571,73.29,52855,99.504575025552
random,4,4,10572,73.29,52860,99.50461989766606
random,4,4,10573,73.29,52865,99.50466643552453
random,4,4,10574,73.31,52870,99.50457780649138
random,4,4,10575,73.33,52875,99.50448919410739
random,4,4,10576,73.35000000000001,52880,99.50440059836787
random,4,4,10577,73.39,52885,99.5041785740827
random,4,4,10578,73.42,52890,99.50402448127595
random,4,4,10579,73.45,52895,99.50387041865366
random,4,4,10580,73.48,52900,99.50371638620699
random,4,4,10581,73.48,52905,99.50376498396083
random,4,4,10582,73.53,52910,99.50347593853716
random,4,4,10583,73.57000000000001,52915,99.50325446983202
random,4,4,10584,73.61999999999999,52920,99.50296553097688
random,4,4,10585,73.61999999999999,52925,99.50301418320024
random,4,4,10586,73.67,52930,99.5027253244233
random,4,4,10587,73.68,52935,99.50270649694254
random,4,4,10588,73.68,52940,99.50275516023122
random,4,4,10589,73.68,52945,99.50280381399679
random,4,4,10590,73.68,52950,99.5028524582421
random,4,4,10591,73.68,52955,99.5029010929699
random,4,4,10592,73.68,52960,99.502949718183
random,4,4,10593,73.68,52965,99.50299833388421
random,4,4,10594,73.68,52970,99.50304694007627
random,4,4,10595,73.68,52975,99.50309553676203
random,4,4,10596,73.72,52980,99.50287438676939
random,4,4,10597,73.78,52985,99.5025184246192
random,4,4,10598,73.82,52990,99.50229737428492
random,4,4,10599,73.82,52995,99.50234602524
random,4,4,10600,73.82,53000,99.50239466668465
random,4,4,10601,73.87,53005,99.5021062919152
random,4,4,10602,73.91,53010,99.50188536826178
random,4,4,10603,73.92,53015,99.50186665229053
random,4,4,10604,73.92,53020,99.50191532156177
random,4,4,10605,73.92,53025,99.50196398132366
random,4,4,10606,73.92,53030,99.50201263157895
random,4,4,10607,73.92,53035,99.50206127233045
random,4,4,10608,73.92,53040,99.50210990358094
random,4,4,10609,73.92999999999999,53045,99.50209117664886
random,4,4,10610,73.92999999999999,53050,99.50213979548201
random,4,4,10611,73.92999999999999,53055,99.50218840482123
random,4,4,10612,73.94,53060,99.50216967571008
random,4,4,10613,73.94,53065,99.50221827264221
random,4,4,10614,73.94,53070,99.50226686008745
random,4,4,10615,73.94,53075,99.50231543804857
random,4,4,10616,73.94,53080,99.50236400652835
random,4,4,10617,73.95,53085,99.50234526941998
random,4,4,10618,73.95,53090,99.50239382551148
random,4,4,10619,73.97,53095,99.5023078061712
random,4,4,10620,73.97,53100,99.5023563564439
random,4,4,10621,73.97,53105,99.5024048972453
random,4,4,10622,73.97,53110,99.50245342857815
random,4,4,10623,73.97,53115,99.50250195044525
random,4,4,10624,74.0,53120,99.50234871232729
random,4,4,10625,74.0,53125,99.50239723494248
random,4,4,10626,74.0,53130,99.50244574809635
random,4,4,10627,74.0,53135,99.50249425179169
random,4,4,10628,74.05000000000001,53140,99.50220662626506
random,4,4,10629,74.06,53145,99.50218792641039
random,4,4,10630,74.06,53150,99.50223644105104
random,4,4,10631,74.06,53155,99.50228494623656
random,4,4,10632,74.08,53160,99.50219904646389
random,4,4,10633,74.08,53165,99.5022475458412
random,4,4,10634,74.08,53170,99.5022960357691
random,4,4,10635,74.08,53175,99.50234451625039
random,4,4,10636,74.08,53180,99.50239298728778
random,4,4,10637,74.11,53185,99.50223995379046
random,4,4,10638,74.11,53190,99.50228842556993
random,4,4,10639,74.13,53195,99.5022025840071
random,4,4,10640,74.13,53200,99.5022510499864
random,4,4,10641,74.13,53205,99.50229950652925
random,4,4,10642,74.13,53210,99.5023479536384
random,4,4,10643,74.16,53215,99.50219501389505
random,4,4,10644,74.2,53220,99.50197498464647
random,4,4,10645,74.2,53225,99.50202344919231
random,4,4,10646,74.2,53230,99.50207190430655
random,4,4,10647,74.2,53235,99.50212034999196
random,4,4,10648,74.2,53240,99.50216878625126
random,4,4,10649,74.2,53245,99.50221721308726
random,4,4,10650,74.2,53250,99.50226563050266
random,4,4,10651,74.2,53255,99.50231403850024
random,4,4,10652,74.2,53260,99.50236243708271
random,4,4,10653,74.2,53265,99.50241082625286
random,4,4,10654,74.22,53270,99.50232509798268
random,4,4,10655,74.22,53275,99.5023734813742
random,4,4,10656,74.22,53280,99.50242185535909
random,4,4,10657,74.22,53285,99.50247021994008
random,4,4,10658,74.26,53290,99.50225046333068
random,4,4,10659,74.26,53295,99.5022988351675
random,4,4,10660,74.3,53300,99.50207913792006
random,4,4,10661,74.3,53305,99.50212751700337
random,4,4,10662,74.33999999999999,53310,99.50190787908836
random,4,4,10663,74.35000000000001,53315,99.50188927001821
random,4,4,10664,74.35000000000001,53320,99.50193765344642
random,4,4,10665,74.39,53325,99.50171809796842
random,4,4,10666,74.42999999999999,53330,99.50149858513471
random,4,4,10667,74.44,53335,99.50148002303746
random,4,4,10668,74.47,53340,99.50132753881336
random,4,4,10669,74.5,53345,99.50117508419763
random,4,4,10670,74.53999999999999,53350,99.50095570931707
random,4,4,10671,74.53999999999999,53355,99.50100415048868
random,4,4,10672,74.53999999999999,53360,99.50105258225705
random,4,4,10673,74.6,53365,99.50069942239088
random,4,4,10674,74.64,53370,99.50048017882061
random,4,4,10675,74.69,53375,99.50019406041302
random,4,4,10676,74.72,53380,99.50004181930714
random,4,4,10677,74.77000000000001,53385,99.49975579893889
random,4,4,10678,74.77000000000001,53390,99.49980432361195
random,4,4,10679,74.77000000000001,53395,99.49985283887194
random,4,4,10680,74.83,53400,99.49950003511458
random,4,4,10681,74.87,53405,99.4992810566795
random,4,4,10682,74.88,53410,99.49926273660137
random,4,4,10683,74.91,53415,99.49911068911564
random,4,4,10684,74.94,53420,99.49895867111056
random,4,4,10685,74.99,53425,99.49867297754425
random,4,4,10686,74.99,53430,99.49872156954494
random,4,4,10687,75.03,53435,99.49850279389354
random,4,4,10688,75.03,53440,99.4985513929685
random,4,4,10689,75.05,53445,99.49846632941507
random,4,4,10690,75.05,53450,99.49851492260558
random,4,4,10691,75.05,53455,99.4985635063807
random,4,4,10692,75.05,53460,99.49861208074317
random,4,4,10693,75.05,53465,99.4986606456957
random,4,4,10694,75.05,53470,99.49870920124104
random,4,4,10695,75.05,53475,99.49875774738192
random,4,4,10696,75.05,53480,99.49880628412107
random,4,4,10697,75.05,53485,99.49885481146123
random,4,4,10698,75.05,53490,99.49890332940512
random,4,4,10699,75.05,53495,99.49895183795549
random,4,4,10700,75.05,53500,99.49900033711504
random,4,4,10701,75.05,53505,99.4990488268865
random,4,4,10702,75.05,53510,99.49909730727259
random,4,4,10703,75.06,53515,99.4990790422039
random,4,4,10704,75.06,53520,99.49912751028471
random,4,4,10705,75.06,53525,99.49917596898707
random,4,4,10706,75.06,53530,99.49922441831373
random,4,4,10707,75.06,53535,99.4992728582674
random,4,4,10708,75.06,53540,99.4993212888508
random,4,4,10709,75.06,53545,99.49936971006663
random,4,4,10710,75.06,53550,99.49941812191763
random,4,4,10711,75.06,53555,99.49946652440651
random,4,4,10712,75.06,53560,99.49951491753598
random,4,4,10713,75.06,53565,99.49956330130875
random,4,4,10714,75.06,53570,99.49961167572756
random,4,4,10715,75.06,53575,99.4996600407951
random,4,4,10716,75.06,53580,99.49970839651408
random,4,4,10717,75.06,53585,99.49975674288723
random,4,4,10718,75.06,53590,99.49980507991724
random,4,4,10719,75.06,53595,99.4998534076068
random,4,4,10720,75.06,53600,99.49990172595868
random,4,4,10721,75.06,53605,99.49995003497551
random,4,4,10722,75.06,53610,99.49999833466006
random,4,4,10723,75.06,53615,99.50004662501499
random,4,4,10724,75.08,53620,99.49996170457914
random,4,4,10725,75.08,53625,99.50000998914513
random,4,4,10726,75.11,53630,99.49985850077408
random,4,4,10727,75.13,53635,99.49977362309576
random,4,4,10728,75.14999999999999,53640,99.49968876180458
random,4,4,10729,75.19,53645,99.49947077971788
random,4,4,10730,75.25,53650,99.49911971538019
random,4,4,10731,75.29,53655,99.49890183028286
random,4,4,10732,75.33999999999999,53660,99.4986174379178
random,4,4,10733,75.4,53665,99.49826655753633
random,4,4,10734,75.4,53670,99.49831496372099
random,4,4,10735,75.44,53675,99.49809724033318
random,4,4,10736,75.49,53680,99.49781303530743
random,4,4,10737,75.49,53685,99.49786147122798
random,4,4,10738,75.49,53690,99.49790989780614
random,4,4,10739,75.49,53695,99.49795831504463
random,4,4,10740,75.49,53700,99.49800672294613
random,4,4,10741,75.49,53705,99.49805512151335
random,4,4,10742,75.49,53710,99.49810351074899
random,4,4,10743,75.51,53715,99.49801893314897
random,4,4,10744,75.53,53720,99.49793437185295
random,4,4,10745,75.53,53725,99.49798275873528
random,4,4,10746,75.53,53730,99.49803113629189
random,4,4,10747,75.53,53735,99.49807950452546
random,4,4,10748,75.53,53740,99.4981278634387
random,4,4,10749,75.56,53745,99.4979768920544
random,4,4,10750,75.58,53750,99.4978923836825
random,4,4,10751,75.58,53755,99.49794074664541
random,4,4,10752,75.58,53760,99.49798910029259
random,4,4,10753,75.58,53765,99.49803744462672
random,4,4,10754,75.58,53770,99.4980857796505
random,4,4,10755,75.58,53775,99.4981341053666
random,4,4,10756,75.58,53780,99.49818242177774
random,4,4,10757,75.58,53785,99.49823072888658
random,4,4,10758,75.58,53790,99.49827902669584
random,4,4,10759,75.58,53795,99.49832731520816
random,4,4,10760,75.58,53800,99.49837559442625
random,4,4,10761,75.58,53805,99.49842386435279
random,4,4,10762,75.58,53810,99.49847212499046
random,4,4,10763,75.58,53815,99.49852037634194
random,4,4,10764,75.58,53820,99.49856861840992
random,4,4,10765,75.58,53825,99.49861685119707
random,4,4,10766,75.58,53830,99.49866507470607
random,4,4,10767,75.58,53835,99.49871328893958
random,4,4,10768,75.58,53840,99.49876149390032
random,4,4,10769,75.58,53845,99.49880968959091
random,4,4,10770,75.58,53850,99.49885787601407
random,4,4,10771,75.58,53855,99.49890605317245
random,4,4,10772,75.58,53860,99.49895422106871
random,4,4,10773,75.59,53865,99.4989360926428
random,4,4,10774,75.61,53870,99.49885168700932
random,4,4,10775,75.63,53875,99.49876729759822
random,4,4,10776,75.63,53880,99.49881546031378
random,4,4,10777,75.63,53885,99.49886361377446
random,4,4,10778,75.63,53890,99.49891175798292
random,4,4,10779,75.63,53895,99.49895989294185
random,4,4,10780,75.63,53900,99.4990080186539
random,4,4,10781,75.63,53905,99.4990561351217
random,4,4,10782,75.63,53910,99.49910424234798
random,4,4,10783,75.63,53915,99.49915234033536
random,4,4,10784,75.64,53920,99.49913421203362
random,4,4,10785,75.66000000000001,53925,99.49904987651705
random,4,4,10786,75.67,53930,99.49903176153197
random,4,4,10787,75.67,53935,99.49907984800943
random,4,4,10788,75.68,53940,99.49906173362501
random,4,4,10789,75.72,53945,99.49884506688022
random,4,4,10790,75.72,53950,99.49889315742975
random,4,4,10791,75.72,53955,99.49894123875066
random,4,4,10792,75.72,53960,99.49898931084564
random,4,4,10793,75.72,53965,99.49903737371733
random,4,4,10794,75.72,53970,99.49908542736839
random,4,4,10795,75.72,53975,99.49913347180144
random,4,4,10796,75.72,53980,99.4991815070192
random,4,4,10797,75.72,53985,99.49922953302426
random,4,4,10798,75.72,53990,99.49927754981931
random,4,4,10799,75.72,53995,99.49932555740698
random,4,4,10800,75.72,54000,99.49937355578989
random,4,4,10801,75.72,54005,99.49942154497074
random,4,4,10802,75.73,54010,99.49940342214246
random,4,4,10803,75.73,54015,99.49945139926236
random,4,4,10804,75.73,54020,99.4994993671869
random,4,4,10805,75.73,54025,99.49954732591873
random,4,4,10806,75.73,54030,99.49959527546048
random,4,4,10807,75.73,54035,99.49964321581479
random,4,4,10808,75.73,54040,99.4996911469843
random,4,4,10809,75.73,54045,99.49973906897168
random,4,4,10810,75.73,54050,99.49978698177951
random,4,4,10811,75.73,54055,99.49983488541048
random,4,4,10812,75.73,54060,99.49988277986719
random,4,4,10813,75.73,54065,99.4999306651523
random,4,4,10814,75.73,54070,99.49997854126845
random,4,4,10815,75.73,54075,99.50002640821823
random,4,4,10816,75.73,54080,99.50007426600432
random,4,4,10817,75.73,54085,99.50012211462933
random,4,4,10818,75.73,54090,99.5001699540959
random,4,4,10819,75.73,54095,99.50021778440664
random,4,4,10820,75.73,54100,99.50026560556418
random,4,4,10821,75.73,54105,99.50031341757118
random,4,4,10822,75.73,54110,99.50036122043024
random,4,4,10823,75.73,54115,99.50040901414397
random,4,4,10824,75.73,54120,99.50045679871504
random,4,4,10825,75.73,54125,99.50050457414602
random,4,4,10826,75.73,54130,99.50055234043957
random,4,4,10827,75.73,54135,99.5006000975983
random,4,4,10828,75.73,54140,99.50064784562481
random,4,4,10829,75.73,54145,99.50069558452176
random,4,4,10830,75.73,54150,99.50074331429174
random,4,4,10831,75.73,54155,99.50079103493738
random,4,4,10832,75.73,54160,99.50083874646128
random,4,4,10833,75.73,54165,99.50088644886607
random,4,4,10834,75.73,54170,99.50093414215436
random,4,4,10835,75.73,54175,99.50098182632875
random,4,4,10836,75.73,54180,99.5010295013919
random,4,4,10837,75.73,54185,99.50107716734635
random,4,4,10838,75.73,54190,99.50112482419475
random,4,4,10839,75.73,54195,99.50117247193971
random,4,4,10840,75.73,54200,99.50122011058384
random,4,4,10841,75.73,54205,99.50126774012973
random,4,4,10842,75.73,54210,99.50131536058001
random,4,4,10843,75.74,54215,99.50129712788232
random,4,4,10844,75.77000000000001,54220,99.50114722312749
random,4,4,10845,75.8,54225,99.50099734699117
random,4,4,10846,75.8,54230,99.50104497506871
random,4,4,10847,75.8,54235,99.50109259405524
random,4,4,10848,75.8,54240,99.50114020395337
random,4,4,10849,75.85,54245,99.50085877297464
random,4,4,10850,75.89,54250,99.50064319577827
random,4,4,10851,75.94999999999999,54255,99.50029607211
random,4,4,10852,75.96000000000001,54260,99.50027795229747
random,4,4,10853,75.96000000000001,54265,99.50032561719259
random,4,4,10854,75.96000000000001,54270,99.50037327299576
random,4,4,10855,75.96000000000001,54275,99.50042091970957
random,4,4,10856,75.99000000000001,54280,99.50027127003699
random,4,4,10857,76.02,54285,99.50012164890154
random,4,4,10858,76.02,54290,99.500169305977
random,4,4,10859,76.02,54295,99.50021695396632
random,4,4,10860,76.02,54300,99.5002645928721
random,4,4,10861,76.02,54305,99.50031222269695
random,4,4,10862,76.07000000000001,54310,99.50003121929419
random,4,4,10863,76.09,54315,99.49994742514654
random,4,4,10864,76.09,54320,99.49999507157713
random,4,4,10865,76.09,54325,99.50004270892879
random,4,4,10866,76.14,54330,99.49976183827998
random,4,4,10867,76.14,54335,99.49980948877297
random,4,4,10868,76.14,54340,99.49985713018889
random,4,4,10869,76.14,54345,99.4999047625303
random,4,4,10870,76.14,54350,99.4999523857998
random,4,4,10871,76.14,54355,99.5
random,4,4,10872,76.14,54360,99.50004760513347
random,4,4,10873,76.14,54365,99.50009520120283
random,4,4,10874,76.17,54370,99.4999458389546
random,4,4,10875,76.17,54375,99.49999343564967
random,4,4,10876,76.18,54380,99.4999753860291
random,4,4,10877,76.2,54385,99.49989170883458
random,4,4,10878,76.2,54390,99.49993929709315
random,4,4,10879,76.2,54395,99.49998687629596
random,4,4,10880,76.2,54400,99.50003444644562
random,4,4,10881,76.2,54405,99.5000820075447
random,4,4,10882,76.2,54410,99.50012955959578
random,4,4,10883,76.22,54415,99.50004591548927
random,4,4,10884,76.22,54420,99.5000934619282
random,4,4,10885,76.22,54425,99.50014099932451
random,4,4,10886,76.25,54430,99.49999180314431
random,4,4,10887,76.25,54435,99.5000393411666
random,4,4,10888,76.25,54440,99.50008687015043
random,4,4,10889,76.25,54445,99.50013439009841
random,4,4,10890,76.29,54450,99.49991970135459
random,4,4,10891,76.29,54455,99.49996722815757
random,4,4,10892,76.29,54460,99.50001474592767
random,4,4,10893,76.31,54465,99.49993119220964
random,4,4,10894,76.31,54470,99.49997870437413
random,4,4,10895,76.31,54475,99.50002620751107
random,4,4,10896,76.34,54480,99.49987716396154
random,4,4,10897,76.39,54485,99.4995971360632
random,4,4,10898,76.39,54490,99.49964466190481
random,4,4,10899,76.39,54495,99.49969217871973
random,4,4,10900,76.42,54500,99.4995432234996
random,4,4,10901,76.48,54505,99.49919785220837
random,4,4,10902,76.52,54510,99.49898349696686
random,4,4,10903,76.52,54515,99.49903105850312
random,4,4,10904,76.52,54520,99.49907861101019
random,4,4,10905,76.53999999999999,54525,99.49899524130574
random,4,4,10906,76.53999999999999,54530,99.49904278818622
random,4,4,10907,76.53999999999999,54535,99.49909032604285
random,4,4,10908,76.53999999999999,54540,99.49913785487824
random,4,4,10909,76.53999999999999,54545,99.49918537469492
random,4,4,10910,76.53999999999999,54550,99.49923288549549
random,4,4,10911,76.55,54555,99.49921496794452
random,4,4,10912,76.57000000000001,54560,99.4991316406595
random,4,4,10913,76.57000000000001,54565,99.49917914303842
random,4,4,10914,76.57000000000001,54570,99.49922663640794
random,4,4,10915,76.57000000000001,54575,99.49927412077061
random,4,4,10916,76.57000000000001,54580,99.49932159612901
random,4,4,10917,76.57000000000001,54585,99.4993690624857
random,4,4,10918,76.57000000000001,54590,99.49941651984324
random,4,4,10919,76.57000000000001,54595,99.49946396820415
random,4,4,10920,76.57000000000001,54600,99.49951140757106
random,4,4,10921,76.6,54605,99.49936276592268
random,4,4,10922,76.64,54610,99.49914880129657
random,4,4,10923,76.68,54615,99.49893487721683
random,4,4,10924,76.69,54620,99.49891700996743
random,4,4,10925,76.69,54625,99.49896447867872
random,4,4,10926,76.73,54630,99.49875063284938
random,4,4,10927,76.75999999999999,54635,99.49860214772816
random,4,4,10928,76.8,54640,99.49838837671817
random,4,4,10929,76.8,54645,99.49843587750864
random,4,4,10930,76.8,54650,99.49848336930366
random,4,4,10931,76.8,54655,99.49853085210579
random,4,4,10932,76.83,54660,99.49838245807612
random,4,4,10933,76.83,54665,99.49842994144106
random,4,4,10934,76.84,54670,99.49841213889623
random,4,4,10935,76.84,54675,99.49845928310485
random,4,4,10936,76.84,54680,99.49850641845215
random,4,4,10937,76.84,54685,99.49855190875263
random,4,4,10938,76.84,54690,99.49859902669222
random,4,4,10939,76.84,54695,99.4986461357779
random,4,4,10940,76.84,54700,99.49869323601214
random,4,4,10941,76.84,54705,99.49874032739746
random,4,4,10942,76.84,54710,99.49878740993633
random,4,4,10943,76.85,54715,99.4987676271066
random,4,4,10944,76.85,54720,99.49881306412063
random,4,4,10945,76.85,54725,99.49886012687284
random,4,4,10946,76.87,54730,99.49877677276663
random,4,4,10947,76.9,54735,99.49862823642319
random,4,4,10948,76.94,54740,99.49841453619969
random,4,4,10949,76.94,54745,99.49846194562086
random,4,4,10950,76.99000000000001,54750,99.49818344885304
random,4,4,10951,76.99000000000001,54755,99.49823087115176
random,4,4,10952,76.99000000000001,54760,99.49827828448839
random,4,4,10953,76.99000000000001,54765,99.49832568886549
random,4,4,10954,77.03,54770,99.49811246502816
random,4,4,10955,77.05,54775,99.49802957879437
random,4,4,10956,77.05,54780,99.49807699323038
random,4,4,10957,77.10000000000001,54785,99.49779871694412
random,4,4,10958,77.10000000000001,54790,99.49784614422693
random,4,4,10959,77.16,54795,99.49750281824333
random,4,4,10960,77.23,54800,99.4970944391916
random,4,4,10961,77.3,54805,99.49668580953497
random,4,4,10962,77.33,54810,99.49653767926853
random,4,4,10963,77.33,54815,99.49658323693139
random,4,4,10964,77.34,54820,99.49656369243908
random,4,4,10965,77.35,54825,99.49654578992518
random,4,4,10966,77.35,54830,99.49659297247695
random,4,4,10967,77.35,54835,99.49664014618585
random,4,4,10968,77.35,54840,99.4966873110544
random,4,4,10969,77.35,54845,99.49673446708506
random,4,4,10970,77.37,54850,99.49664986230573
random,4,4,10971,77.4,54855,99.49650022117561
random,4,4,10972,77.42999999999999,54860,99.49635060710469
random,4,4,10973,77.42999999999999,54865,99.49639777746414
random,4,4,10974,77.42999999999999,54870,99.49644493898873
random,4,4,10975,77.42999999999999,54875,99.4964904545827
random,4,4,10976,77.42999999999999,54880,99.49653596194923
random,4,4,10977,77.42999999999999,54885,99.49658309759708
random,4,4,10978,77.42999999999999,54890,99.4966305516586
random,4,4,10979,77.42999999999999,54895,99.49667799677454
random,4,4,10980,77.42999999999999,54900,99.49672543294741
random,4,4,10981,77.42999999999999,54905,99.4967728601798
random,4,4,10982,77.42999999999999,54910,99.49682027847419
random,4,4,10983,77.42999999999999,54915,99.49686768783313
random,4,4,10984,77.42999999999999,54920,99.49691508825914
random,4,4,10985,77.42999999999999,54925,99.4969621529474
random,4,4,10986,77.42999999999999,54930,99.4970092088305
random,4,4,10987,77.42999999999999,54935,99.49705625591088
random,4,4,10988,77.42999999999999,54940,99.497103294191
random,4,4,10989,77.42999999999999,54945,99.49715032367335
random,4,4,10990,77.42999999999999,54950,99.4971973443604
random,4,4,10991,77.42999999999999,54955,99.49724435625461
random,4,4,10992,77.44,54960,99.49722643508612
random,4,4,10993,77.46,54965,99.49714359906517
random,4,4,10994,77.46,54970,99.49719060280005
random,4,4,10995,77.46,54975,99.49723759774854
random,4,4,10996,77.46,54980,99.4972845839131
random,4,4,10997,77.47,54985,99.49726699360211
random,4,4,10998,77.47,54990,99.49731429439072
random,4,4,10999,77.48,54995,99.49729670459433
random,4,4,11000,77.48,55000,99.4973439936889
random,4,4,11001,77.49000000000001,55005,99.49732640440801
random,4,4,11002,77.5,55010,99.49730849237304
random,4,4,11003,77.5,55015,99.49735381103098
random,4,4,11004,77.5,55020,99.49739912151851
random,4,4,11005,77.5,55025,99.49744442383786
random,4,4,11006,77.5,55030,99.49748971799123
random,4,4,11007,77.5,55035,99.49753500398081
random,4,4,11008,77.5,55040,99.49758191035565
random,4,4,11009,77.5,55045,99.49762880797364
random,4,4,11010,77.5,55050,99.49767602242375
random,4,4,11011,77.5,55055,99.49772322799996
random,4,4,11012,77.5,55060,99.49777042470477
random,4,4,11013,77.5,55065,99.4978176125407
random,4,4,11014,77.5,55070,99.49786479151022
random,4,4,11015,77.5,55075,99.49791196161586
random,4,4,11016,77.5,55080,99.4979591228601
random,4,4,11017,77.5,55085,99.49800627524542
random,4,4,11018,77.5,55090,99.49805341877436
random,4,4,11019,77.5,55095,99.49810055344938
random,4,4,11020,77.5,55100,99.49814767927299
random,4,4,11021,77.5,55105,99.49819479624766
random,4,4,11022,77.51,55110,99.49817716139583
random,4,4,11023,77.51,55115,99.49822426675748
random,4,4,11024,77.51,55120,99.49827136327652
random,4,4,11025,77.51,55125,99.49831845095547
random,4,4,11026,77.52,55130,99.4983008111192
random,4,4,11027,77.52,55135,99.49834788719816
random,4,4,11028,77.52,55140,99.49839495444337
random,4,4,11029,77.52,55145,99.49844201285728
random,4,4,11030,77.52,55150,99.49848906244239
random,4,4,11031,77.52,55155,99.49853610320116
random,4,4,11032,77.52,55160,99.49858313513612
random,4,4,11033,77.53,55165,99.49856548205753
random,4,4,11034,77.53999999999999,55170,99.49854783228966
random,4,4,11035,77.55,55175,99.49853018583158
random,4,4,11036,77.55,55180,99.49857720068357
random,4,4,11037,77.55,55185,99.49862420672069
random,4,4,11038,77.55,55190,99.49867120394546
random,4,4,11039,77.55,55195,99.49871819236034
random,4,4,11040,77.55,55200,99.49876517196782
random,4,4,11041,77.55,55205,99.49881214277035
random,4,4,11042,77.55,55210,99.49885910477043
random,4,4,11043,77.55,55215,99.49890605797053
random,4,4,11044,77.55,55220,99.49895300237311
random,4,4,11045,77.55,55225,99.49899993798064
random,4,4,11046,77.55,55230,99.49904686479563
random,4,4,11047,77.55,55235,99.49909378282051
random,4,4,11048,77.55,55240,99.49914069205775
random,4,4,11049,77.55,55245,99.49918759250983
random,4,4,11050,77.55,55250,99.49923448417923
random,4,4,11051,77.55,55255,99.4992813670684
random,4,4,11052,77.55,55260,99.49932824117982
random,4,4,11053,77.55,55265,99.49937510651593
random,4,4,11054,77.55,55270,99.49942196307923
random,4,4,11055,77.55,55275,99.49946881087214
random,4,4,11056,77.55,55280,99.49951564989716
random,4,4,11057,77.55,55285,99.49956248015674
random,4,4,11058,77.55,55290,99.49960930165332
random,4,4,11059,77.55,55295,99.4996561143894
random,4,4,11060,77.55,55300,99.49970291836738
random,4,4,11061,77.55,55305,99.49974971358978
random,4,4,11062,77.55,55310,99.49979650005902
random,4,4,11063,77.55,55315,99.49984327777757
random,4,4,11064,77.55,55320,99.49989004674786
random,4,4,11065,77.55,55325,99.49993680697239
random,4,4,11066,77.55,55330,99.49998355845356
random,4,4,11067,77.55,55335,99.50002997886007
random,4,4,11068,77.55,55340,99.50007639064825
random,4,4,11069,77.55,55345,99.50012118274357
random,4,4,11070,77.55,55350,99.50016596681309
random,4,4,11071,77.55,55355,99.50020913234887
random,4,4,11072,77.55,55360,99.50025229042978
random,4,4,11073,77.55,55365,99.50029544105774
random,4,4,11074,77.55,55370,99.50033826229824
random,4,4,11075,77.55,55375,99.50037946678796
random,4,4,11076,77.55,55380,99.50042066448239
random,4,4,11077,77.55,55385,99.5004650731363
random,4,4,11078,77.55,55390,99.50050786531038
random,4,4,11079,77.55,55395,99.50055065015361
random,4,4,11080,77.55,55400,99.50059374927552
random,4,4,11081,77.55,55405,99.50063684095976
random,4,4,11082,77.55,55410,99.50067992520822
random,4,4,11083,77.55,55415,99.50072300202287
random,4,4,11084,77.55,55420,99.50076767832829
random,4,4,11085,77.55,55425,99.500812346639
random,4,4,11086,77.55,55430,99.50085861329447
random,4,4,11087,77.55,55435,99.5009048713744
random,4,4,11088,77.55,55440,99.50095112088115
random,4,4,11089,77.55,55445,99.50099575637267
random,4,4,11090,77.55,55450,99.50104038388042
random,4,4,11091,77.55,55455,99.50108500340652
random,4,4,11092,77.55,55460,99.50112961495311
random,4,4,11093,77.55,55465,99.50117389766186
random,4,4,11094,77.55,55470,99.5012181725097
random,4,4,11095,77.55,55475,99.5012608357595
random,4,4,11096,77.55,55480,99.50130188823631
random,4,4,11097,77.55,55485,99.50134133073384
random,4,4,11098,77.55,55490,99.50138076699275
random,4,4,11099,77.55,55495,99.50142179972907
random,4,4,11100,77.55,55500,99.50146282571257
random,4,4,11101,77.55,55505,99.50150544712166
random,4,4,11102,77.55,55510,99.50154966313627
random,4,4,11103,77.55,55515,99.50159387130775
random,4,4,11104,77.55,55520,99.50163967295224
random,4,4,11105,77.55,55525,99.50168546617951
random,4,4,11106,77.55,55530,99.50173125099188
random,4,4,11107,77.55,55535,99.50177766756138
random,4,4,11108,77.55,55540,99.50182407548377
random,4,4,11109,77.55,55545,99.50187047476143
random,4,4,11110,77.55,55550,99.50191686539681
random,4,4,11111,77.55,55555,99.50196324739228
random,4,4,11112,77.55,55560,99.5020093009636
random,4,4,11113,77.55,55565,99.50205534601857
random,4,4,11114,77.55,55570,99.50210138255949
random,4,4,11115,77.55,55575,99.50214741058876
random,4,4,11116,77.55,55580,99.5021918323513
random,4,4,11117,77.55,55585,99.50223624618734
random,4,4,11118,77.55,55590,99.50228224928631
random,4,4,11119,77.55,55595,99.50232664699075
random,4,4,11120,77.55,55600,99.50237103677513
random,4,4,11121,77.55,55605,99.50241541864156
random,4,4,11122,77.55,55610,99.50245819654408
random,4,4,11123,77.55,55615,99.50250256286559
random,4,4,11124,77.55,55620,99.50254851675426
random,4,4,11125,77.55,55625,99.5025944621542
random,4,4,11126,77.55,55630,99.50264071804442
random,4,4,11127,77.55,55635,99.50268696533237
random,4,4,11128,77.55,55640,99.50273320402046
random,4,4,11129,77.55,55645,99.50277943411106
random,4,4,11130,77.55,55650,99.5028256556066
random,4,4,11131,77.55,55655,99.50287186850944
random,4,4,11132,77.55,55660,99.50291807282203
random,4,4,11133,77.55,55665,99.5029642685467
random,4,4,11134,77.55,55670,99.50301045568591
random,4,4,11135,77.55,55675,99.503056634242
random,4,4,11136,77.55,55680,99.50310280421738
random,4,4,11137,77.55,55685,99.50314896561446
random,4,4,11138,77.55,55690,99.5031951184356
random,4,4,11139,77.55,55695,99.5032412626832
random,4,4,11140,77.55,55700,99.50328739835966
random,4,4,11141,77.55,55705,99.50333352546737
random,4,4,11142,77.55,55710,99.50337964400869
random,4,4,11143,77.55,55715,99.50342575398604
random,4,4,11144,77.55,55720,99.5034715374903
random,4,4,11145,77.55,55725,99.50351572328252
random,4,4,11146,77.57,55730,99.50343155235734
random,4,4,11147,77.58,55735,99.50340981684155
random,4,4,11148,77.58,55740,99.5034505005818
random,4,4,11149,77.58,55745,99.50349276646944
random,4,4,11150,77.58,55750,99.50353502516242
random,4,4,11151,77.58,55755,99.50357727666257
random,4,4,11152,77.58,55760,99.50361952097172
random,4,4,11153,77.58,55765,99.5036601703601
random,4,4,11154,77.58,55770,99.50370081309134
random,4,4,11155,77.58,55775,99.50374303637875
random,4,4,11156,77.60000000000001,55780,99.50365574176283
random,4,4,11157,77.60000000000001,55785,99.50369637474506
random,4,4,11158,77.60000000000001,55790,99.50373541423384
random,4,4,11159,77.60000000000001,55795,99.50377603417296
random,4,4,11160,77.60000000000001,55800,99.50381664746301
random,4,4,11161,77.60000000000001,55805,99.50385566803341
random,4,4,11162,77.60000000000001,55810,99.50389626828982
random,4,4,11163,77.60000000000001,55815,99.50393686190203
random,4,4,11164,77.60000000000001,55820,99.50397586356779
random,4,4,11165,77.60000000000001,55825,99.50401644415582
random,4,4,11166,77.60000000000001,55830,99.50405860288963
random,4,4,11167,77.63,55835,99.50390904083118
random,4,4,11168,77.63,55840,99.50394961666801
random,4,4,11169,77.63,55845,99.50399177046761
random,4,4,11170,77.64,55850,99.50397161317197
random,4,4,11171,77.64,55855,99.5040153420499
random,4,4,11172,77.68,55860,99.50380197048364
random,4,4,11173,77.69,55865,99.50378056741086
random,4,4,11174,77.71000000000001,55870,99.50369530174252
random,4,4,11175,77.71000000000001,55875,99.50373777225452
random,4,4,11176,77.71000000000001,55880,99.50378023549845
random,4,4,11177,77.71000000000001,55885,99.50382269147617
random,4,4,11178,77.71000000000001,55890,99.50386514018955
random,4,4,11179,77.71000000000001,55895,99.50390916513612
random,4,4,11180,77.71000000000001,55900,99.50395476547484
random,4,4,11181,77.71000000000001,55905,99.50400035743122
random,4,4,11182,77.71000000000001,55910,99.50404625753089
random,4,4,11183,77.71000000000001,55915,99.5040921491361
random,4,4,11184,77.71000000000001,55920,99.50413803224922
random,4,4,11185,77.71000000000001,55925,99.50418359052495
random,4,4,11186,77.71000000000001,55930,99.50422882414
random,4,4,11187,77.71000000000001,55935,99.50427246833526
random,4,4,11188,77.71000000000001,55940,99.50431642102551
random,4,4,11189,77.71000000000001,55945,99.504361946529
random,4,4,11190,77.71000000000001,55950,99.50440746367079
random,4,4,11191,77.71000000000001,55955,99.50445265644878
random,4,4,11192,77.73,55960,99.50437031501465
random,4,4,11193,77.75999999999999,55965,99.50422454751563
random,4,4,11194,77.77,55970,99.50420472895739
random,4,4,11195,77.77,55975,99.50425023984293
random,4,4,11196,77.77,55980,99.50429384660198
random,4,4,11197,77.77,55985,99.5043358661471
random,4,4,11198,77.77,55990,99.50437629928356
random,4,4,11199,77.77,55995,99.50441672582399
random,4,4,11200,77.77,56000,99.50445872454034
random,4,4,11201,77.77,56005,99.50449913763609
random,4,4,11202,77.77,56010,99.50454112238604
random,4,4,11203,77.77,56015,99.50458310002173
random,4,4,11204,77.77,56020,99.5046253860858
random,4,4,11205,77.77,56025,99.50466766493192
random,4,4,11206,77.77,56030,99.50470993656185
random,4,4,11207,77.77,56035,99.50475377786834
random,4,4,11208,77.77,56040,99.50479761141418
random,4,4,11209,77.77,56045,99.50484301352401
random,4,4,11210,77.77,56050,99.50488840730934
random,4,4,11211,77.77,56055,99.50493379277243
random,4,4,11212,77.77,56060,99.50497916991556
random,4,4,11213,77.77,56065,99.50502453874104
random,4,4,11214,77.77,56070,99.50506989925114
random,4,4,11215,77.77,56075,99.50511525144816
random,4,4,11216,77.77,56080,99.50516059533437
random,4,4,11217,77.77,56085,99.50520593091207
random,4,4,11218,77.77,56090,99.50525125818352
random,4,4,11219,77.77,56095,99.50529657715103
random,4,4,11220,77.77,56100,99.50534188781685
random,4,4,11221,77.77,56105,99.50538750475405
random,4,4,11222,77.77,56110,99.50543279876578
random,4,4,11223,77.77,56115,99.50547808448268
random,4,4,11224,77.77,56120,99.50552336190705
random,4,4,11225,77.77,56125,99.50556705933514
random,4,4,11226,77.77,56130,99.50561043475386
random,4,4,11227,77.77,56135,99.50565223139823
random,4,4,11228,77.77,56140,99.50569402097607
random,4,4,11229,77.77,56145,99.50573580348915
random,4,4,11230,77.78,56150,99.50571088853202
random,4,4,11231,77.78,56155,99.50574952214404
random,4,4,11232,77.78,56160,99.50578814971735
random,4,4,11233,77.78,56165,99.50582677125333
random,4,4,11234,77.78,56170,99.50586538675341
random,4,4,11235,77.78,56175,99.505903996219
random,4,4,11236,77.79,56180,99.50587907980062
random,4,4,11237,77.79,56185,99.50591768216388
random,4,4,11238,77.79,56190,99.50595627849611
random,4,4,11239,77.79,56195,99.50599643738272
random,4,4,11240,77.79,56200,99.50603502141213
random,4,4,11241,77.79,56205,99.50607359941483
random,4,4,11242,77.79,56210,99.50611217139222
random,4,4,11243,77.79,56215,99.50615230494
random,4,4,11244,77.79,56220,99.50619243196577
random,4,4,11245,77.79,56225,99.50623411954605
random,4,4,11246,77.79,56230,99.50627423327796
random,4,4,11247,77.79,56235,99.50631590704853
random,4,4,11248,77.79,56240,99.50635444119183
random,4,4,11249,77.79,56245,99.50639453537697
random,4,4,11250,77.79,56250,99.50643305724716
random,4,4,11251,77.79,56255,99.50647313866334
random,4,4,11252,77.79,56260,99.50651321357023
random,4,4,11253,77.79,56265,99.50655484700917
random,4,4,11254,77.79,56270,99.50659803818965
random,4,4,11255,77.79,56275,99.50664278629179
random,4,4,11256,77.79,56280,99.50668783911644
random,4,4,11257,77.79,56285,99.5067328837135
random,4,4,11258,77.79,56290,99.50677792008523
random,4,4,11259,77.79,56295,99.50682138489424
random,4,4,11260,77.79,56300,99.50686327896932
random,4,4,11261,77.79,56305,99.50690672873594
random,4,4,11262,77.79,56310,99.50695017084662
random,4,4,11263,77.79,56315,99.5069951675513
random,4,4,11264,77.79,56320,99.50704015604374
random,4,4,11265,77.79,56325,99.50708513632622
random,4,4,11266,77.79,56330,99.50713010840097
random,4,4,11267,77.79,56335,99.50717538449064
random,4,4,11268,77.79,56340,99.50722065226275
random,4,4,11269,77.79,56345,99.50726591171959
random,4,4,11270,77.79,56350,99.50731116286346
random,4,4,11271,77.79,56355,99.50735640569665
random,4,4,11272,77.79,56360,99.50740164022146
random,4,4,11273,77.79,56365,99.50744686644015
random,4,4,11274,77.79,56370,99.50749208435504
random,4,4,11275,77.79,56375,99.5075372939684
random,4,4,11276,77.79,56380,99.50758249528249
random,4,4,11277,77.79,56385,99.50762768829965
random,4,4,11278,77.79,56390,99.50767287302213
random,4,4,11279,77.79,56395,99.50771804945222
random,4,4,11280,77.79,56400,99.5077632175922
random,4,4,11281,77.79,56405,99.50780837744435
random,4,4,11282,77.79,56410,99.50785352901096
random,4,4,11283,77.79,56415,99.50789867229429
random,4,4,11284,77.79,56420,99.50794380729666
random,4,4,11285,77.79,56425,99.5079889340203
random,4,4,11286,77.79,56430,99.50803405246751
random,4,4,11287,77.79,56435,99.50807916264057
random,4,4,11288,77.79,56440,99.50812426454176
random,4,4,11289,77.79,56445,99.50816935817333
random,4,4,11290,77.79,56450,99.5082144435376
random,4,4,11291,77.79,56455,99.50825952063678
random,4,4,11292,77.79,56460,99.50830458947321
random,4,4,11293,77.79,56465,99.50834965004911
random,4,4,11294,77.79,56470,99.50839470236677
random,4,4,11295,77.79,56475,99.50843974642846
random,4,4,11296,77.79,56480,99.50848478223645
random,4,4,11297,77.79,56485,99.50852980979302
random,4,4,11298,77.79,56490,99.50857482910041
random,4,4,11299,77.79,56495,99.5086198401609
random,4,4,11300,77.79,56500,99.50866484297676
random,4,4,11301,77.79,56505,99.50870983755026
random,4,4,11302,77.79,56510,99.50875482388365
random,4,4,11303,77.79,56515,99.5087998019792
random,4,4,11304,77.79,56520,99.50884477183916
random,4,4,11305,77.79,56525,99.50888973346584
random,4,4,11306,77.79,56530,99.50893468686142
random,4,4,11307,77.79,56535,99.50897963202824
random,4,4,11308,77.79,56540,99.50902456896851
random,4,4,11309,77.79,56545,99.5090694976845
random,4,4,11310,77.79,56550,99.50911441817848
random,4,4,11311,77.79,56555,99.50915933045269
random,4,4,11312,77.79,56560,99.5092042345094
random,4,4,11313,77.79,56565,99.50924913035085
random,4,4,11314,77.79,56570,99.50929401797931
random,4,4,11315,77.79,56575,99.50933889739701
random,4,4,11316,77.79,56580,99.50938376860624
random,4,4,11317,77.79,56585,99.50942863160923
random,4,4,11318,77.79,56590,99.50947348640821
random,4,4,11319,77.79,56595,99.50951833300546
random,4,4,11320,77.79,56600,99.50956317140323
random,4,4,11321,77.79,56605,99.50960800160375
random,4,4,11322,77.79,56610,99.50965282360929
random,4,4,11323,77.79,56615,99.50969763742206
random,4,4,11324,77.79,56620,99.50974244304435
random,4,4,11325,77.79,56625,99.50978724047837
random,4,4,11326,77.79,56630,99.5098320297264
random,4,4,11327,77.79,56635,99.50987681079066
random,4,4,11328,77.79,56640,99.50992158367337
random,4,4,11329,77.79,56645,99.50996634837682
random,4,4,11330,77.79,56650,99.51001110490323
random,4,4,11331,77.79,56655,99.51005585325483
random,4,4,11332,77.79,56660,99.51010059343388
random,4,4,11333,77.79,56665,99.5101453254426
random,4,4,11334,77.79,56670,99.51019004928324
random,4,4,11335,77.79,56675,99.51023476495801
random,4,4,11336,77.79,56680,99.5102794724692
random,4,4,11337,77.79,56685,99.510324171819
random,4,4,11338,77.79,56690,99.51036855482248
random,4,4,11339,77.79,56695,99.51041138911879
random,4,4,11340,77.79,56700,99.51045267551866
random,4,4,11341,77.79,56705,99.51049395495588
random,4,4,11342,77.79,56710,99.51053522743217
random,4,4,11343,77.79,56715,99.51057649294933
random,4,4,11344,77.79,56720,99.51061775150907
random,4,4,11345,77.79,56725,99.51065900311319
random,4,4,11346,77.79,56730,99.51070024776342
random,4,4,11347,77.79,56735,99.51074148546155
random,4,4,11348,77.79,56740,99.51078271620932
random,4,4,11349,77.79,56745,99.51082394000849
random,4,4,11350,77.79,56750,99.5108651568608
random,4,4,11351,77.79,56755,99.51090636676804
random,4,4,11352,77.79,56760,99.51094756973194
random,4,4,11353,77.79,56765,99.51099030278495
random,4,4,11354,77.79,56770,99.5110345651231
random,4,4,11355,77.79,56775,99.51107881944925
random,4,4,11356,77.79,56780,99.51112337300363
random,4,4,11357,77.79,56785,99.51116791843876
random,4,4,11358,77.79,56790,99.51121245575683
random,4,4,11359,77.79,56795,99.51125698496011
random,4,4,11360,77.79,56800,99.51130150605077
random,4,4,11361,77.79,56805,99.51134601903105
random,4,4,11362,77.79,56810,99.51139052390317
random,4,4,11363,77.79,56815,99.51143502066934
random,4,4,11364,77.79,56820,99.51147950933176
random,4,4,11365,77.79,56825,99.51152398989265
random,4,4,11366,77.79,56830,99.51156846235423
random,4,4,11367,77.79,56835,99.51161292671871
random,4,4,11368,77.79,56840,99.5116573829883
random,4,4,11369,77.79,56845,99.51170183116521
random,4,4,11370,77.79,56850,99.51174627125165
random,4,4,11371,77.79,56855,99.51179070324983
random,4,4,11372,77.79,56860,99.51183512716196
random,4,4,11373,77.79,56865,99.51187954299024
random,4,4,11374,77.79,56870,99.51192395073689
random,4,4,11375,77.79,56875,99.51196835040409
random,4,4,11376,77.79,56880,99.51201243587282
random,4,4,11377,77.79,56885,99.51205498304205
random,4,4,11378,77.79,56890,99.51209752279262
random,4,4,11379,77.79,56895,99.51214005512648
random,4,4,11380,77.79,56900,99.51218410958079
random,4,4,11381,77.79,56905,99.51222662682045
random,4,4,11382,77.79,56910,99.5122691366493
random,4,4,11383,77.79,56915,99.51231163906924
random,4,4,11384,77.79,56920,99.51235413408224
random,4,4,11385,77.79,56925,99.51239509348738
random,4,4,11386,77.79,56930,99.5124360460124
random,4,4,11387,77.79,56935,99.51247699165903
random,4,4,11388,77.79,56940,99.51251945786198
random,4,4,11389,77.79,56945,99.51256191666745
random,4,4,11390,77.79,56950,99.51260436807738
random,4,4,11391,77.79,56955,99.51264681209368
random,4,4,11392,77.79,56960,99.51269077507789
random,4,4,11393,77.79,56965,99.51273473013121
random,4,4,11394,77.79,56970,99.51277715144683
random,4,4,11395,77.79,56975,99.51282109092003
random,4,4,11396,77.79,56980,99.51286349720048
random,4,4,11397,77.79,56985,99.51290742110184
random,4,4,11398,77.79,56990,99.51294981235513
random,4,4,11399,77.79,56995,99.5129937206929
random,4,4,11400,77.79,57000,99.51303792595097
random,4,4,11401,77.79,57005,99.51308212318479
random,4,4,11402,77.79,57010,99.51312631239654
random,4,4,11403,77.79,57015,99.513170188918
random,4,4,11404,77.79,57020,99.51321436214748
random,4,4,11405,77.79,57025,99.51325852736144
random,4,4,11406,77.79,57030,99.51330268456208
random,4,4,11407,77.79,57035,99.51334683375154
random,4,4,11408,77.79,57040,99.51339097493204
random,4,4,11409,77.79,57045,99.51343480376642
random,4,4,11410,77.79,57050,99.51347892899068
random,4,4,11411,77.79,57055,99.5135230462125
random,4,4,11412,77.79,57060,99.51356715543402
random,4,4,11413,77.79,57065,99.51361125665744
random,4,4,11414,77.79,57070,99.51365534988493
random,4,4,11415,77.79,57075,99.51369943511867
random,4,4,11416,77.79,57080,99.51374351236082
random,4,4,11417,77.79,57085,99.51378758161356
random,4,4,11418,77.79,57090,99.5138313390356
random,4,4,11419,77.79,57095,99.51387508858235
random,4,4,11420,77.79,57100,99.51391883025588
random,4,4,11421,77.79,57105,99.51396256405835
random,4,4,11422,77.79,57110,99.51400628999187
random,4,4,11423,77.79,57115,99.51405031162875
random,4,4,11424,77.79,57120,99.51409432529134
random,4,4,11425,77.79,57125,99.51413802752155
random,4,4,11426,77.79,57130,99.51418172189136
random,4,4,11427,77.79,57135,99.51422540840285
random,4,4,11428,77.79,57140,99.5142693903547
random,4,4,11429,77.79,57145,99.51431336434302
random,4,4,11430,77.79,57150,99.51435733036999
random,4,4,11431,77.79,57155,99.51440128843777
random,4,4,11432,77.79,57160,99.51444523854852
random,4,4,11433,77.79,57165,99.51448918070439
random,4,4,11434,77.79,57170,99.51453311490755
random,4,4,11435,77.79,57175,99.51457704116017
random,4,4,11436,77.79,57180,99.51462065660675
random,4,4,11437,77.79,57185,99.5146627501945
random,4,4,11438,77.79,57190,99.51470635024114
random,4,4,11439,77.79,57195,99.51474994245491
random,4,4,11440,77.79,57200,99.5147920136225
random,4,4,11441,77.79,57205,99.51483256453308
random,4,4,11442,77.79,57210,99.51487310866618
random,4,4,11443,77.79,57215,99.51491364602353
random,4,4,11444,77.79,57220,99.5149541766068
random,4,4,11445,77.79,57225,99.51499470041773
random,4,4,11446,77.79,57230,99.51503521745798
random,4,4,11447,77.79,57235,99.51507572772927
random,4,4,11448,77.79,57240,99.51511623123326
random,4,4,11449,77.79,57245,99.5151567279717
random,4,4,11450,77.79,57250,99.51519872863531
random,4,4,11451,77.79,57255,99.51523921159537
random,4,4,11452,77.79,57260,99.51527968779502
random,4,4,11453,77.79,57265,99.51532015723589
random,4,4,11454,77.79,57270,99.51536061991975
random,4,4,11455,77.79,57275,99.51540258526708
random,4,4,11456,77.79,57280,99.51544454334744
random,4,4,11457,77.79,57285,99.51548649416266
random,4,4,11458,77.79,57290,99.51552843771468
random,4,4,11459,77.79,57295,99.51557037400532
random,4,4,11460,77.79,57300,99.51561230303653
random,4,4,11461,77.79,57305,99.51565422481016
random,4,4,11462,77.79,57310,99.5156961393281
random,4,4,11463,77.79,57315,99.51573955391265
random,4,4,11464,77.79,57320,99.51578296071423
random,4,4,11465,77.79,57325,99.51582635973499
random,4,4,11466,77.79,57330,99.51586975097693
random,4,4,11467,77.79,57335,99.51591313444223
random,4,4,11468,77.79,57340,99.51595651013292
random,4,4,11469,77.79,57345,99.51600017919006
random,4,4,11470,77.79,57350,99.5160438403685
random,4,4,11471,77.79,57355,99.5160871926401
random,4,4,11472,77.79,57360,99.51613053714549
random,4,4,11473,77.79,57365,99.51617357296394
random,4,4,11474,77.79,57370,99.51621539764682
random,4,4,11475,77.79,57375,99.51625721509919
random,4,4,11476,77.79,57380,99.51629902532295
random,4,4,11477,77.79,57385,99.51634082831995
random,4,4,11478,77.79,57390,99.51638262409209
random,4,4,11479,77.79,57395,99.51642441264123
random,4,4,11480,77.79,57400,99.51646619396922
random,4,4,11481,77.79,57405,99.51650796807796
random,4,4,11482,77.79,57410,99.51655123724102
random,4,4,11483,77.79,57415,99.51659299665735
random,4,4,11484,77.79,57420,99.51663474886008
random,4,4,11485,77.79,57425,99.51667799533516
random,4,4,11486,77.79,57430,99.51672123407242
random,4,4,11487,77.79,57435,99.51676446507398
random,4,4,11488,77.79,57440,99.51680768834188
random,4,4,11489,77.79,57445,99.51685090387824
random,4,4,11490,77.79,57450,99.51689411168509
random,4,4,11491,77.79,57455,99.51693581189124
random,4,4,11492,77.79,57460,99.51697750489915
random,4,4,11493,77.79,57465,99.51702069006623
random,4,4,11494,77.79,57470,99.51706386751198
random,4,4,11495,77.79,57475,99.51710703723845
random,4,4,11496,77.79,57480,99.5171501992477
random,4,4,11497,77.79,57485,99.51719335354183
random,4,4,11498,77.79,57490,99.51723679972496
random,4,4,11499,77.79,57495,99.51728023808963
random,4,4,11500,77.79,57500,99.51732366863794
random,4,4,11501,77.79,57505,99.51736679193168
random,4,4,11502,77.79,57510,99.51741020690751
random,4,4,11503,77.79,57515,99.5174536140733
random,4,4,11504,77.79,57520,99.51749701343118
random,4,4,11505,77.79,57525,99.51754040498324
random,4,4,11506,77.79,57530,99.51758348956005
random,4,4,11507,77.79,57535,99.51762656644246
random,4,4,11508,77.79,57540,99.51766814030346
random,4,4,11509,77.79,57545,99.51770970699889
random,4,4,11510,77.79,57550,99.51775276134434
random,4,4,11511,77.79,57555,99.51779580800351
random,4,4,11512,77.79,57560,99.51783735269835
random,4,4,11513,77.79,57565,99.51787889023517
random,4,4,11514,77.79,57570,99.51792042061582
random,4,4,11515,77.79,57575,99.51796194384215
random,4,4,11516,77.79,57580,99.51800345991603
random,4,4,11517,77.79,57585,99.5180464618328
random,4,4,11518,77.79,57590,99.51808796335015
random,4,4,11519,77.79,57595,99.51812945772065
random,4,4,11520,77.79,57600,99.51817094494612
random,4,4,11521,77.79,57605,99.51821391698465
random,4,4,11522,77.79,57610,99.51825688135891
random,4,4,11523,77.79,57615,99.51829983807097
random,4,4,11524,77.79,57620,99.5183430853534
random,4,4,11525,77.79,57625,99.518386026694
random,4,4,11526,77.79,57630,99.51842896037857
random,4,4,11527,77.79,57635,99.51847188640913
random,4,4,11528,77.79,57640,99.51851331469447
random,4,4,11529,77.79,57645,99.51855622568876
random,4,4,11530,77.79,57650,99.51859912903511
random,4,4,11531,77.79,57655,99.51864202473557
random,4,4,11532,77.79,57660,99.51868491279218
random,4,4,11533,77.79,57665,99.51872809096095
random,4,4,11534,77.79,57670,99.51877126138348
random,4,4,11535,77.79,57675,99.51881442406187
random,4,4,11536,77.79,57680,99.51885728140446
random,4,4,11537,77.79,57685,99.51890013111347
random,4,4,11538,77.79,57690,99.51894327067868
random,4,4,11539,77.79,57695,99.51898640250802
random,4,4,11540,77.79,57700,99.51902952660362
random,4,4,11541,77.79,57705,99.51907264296754
random,4,4,11542,77.79,57710,99.51911575160186
random,4,4,11543,77.79,57715,99.51915855528749
random,4,4,11544,77.79,57720,99.51920135135386
random,4,4,11545,77.79,57725,99.51924265422058
random,4,4,11546,77.79,57730,99.5192824646553
random,4,4,11547,77.79,57735,99.51932226849735
random,4,4,11548,77.79,57740,99.51936206574835
random,4,4,11549,77.79,57745,99.51940185640996
random,4,4,11550,77.79,57750,99.51944312483668
random,4,4,11551,77.79,57755,99.51948587026551
random,4,4,11552,77.79,57760,99.51952860809062
random,4,4,11553,77.79,57765,99.51957133831405
random,4,4,11554,77.79,57770,99.51961406093781
random,4,4,11555,77.79,57775,99.51965677596394
random,4,4,11556,77.79,57780,99.51969948339448
random,4,4,11557,77.79,57785,99.51974218323141
random,4,4,11558,77.79,57790,99.5197848754768
random,4,4,11559,77.79,57795,99.51982607815371
random,4,4,11560,77.79,57800,99.51986727376084
random,4,4,11561,77.79,57805,99.51990846229994
random,4,4,11562,77.79,57810,99.51994816254745
random,4,4,11563,77.79,57815,99.51998933721012
random,4,4,11564,77.79,57820,99.52003050481018
random,4,4,11565,77.79,57825,99.52007166534948
random,4,4,11566,77.79,57830,99.5201142990393
random,4,4,11567,77.79,57835,99.5201569251552
random,4,4,11568,77.79,57840,99.52019983963486
random,4,4,11569,77.79,57845,99.52024274643914
random,4,4,11570,77.79,57850,99.52028564557008
random,4,4,11571,77.79,57855,99.52032853702978
random,4,4,11572,77.79,57860,99.52037142082028
random,4,4,11573,77.79,57865,99.52041429694364
random,4,4,11574,77.79,57870,99.5204571654019
random,4,4,11575,77.79,57875,99.52050002619714
random,4,4,11576,77.79,57880,99.52054287933139
random,4,4,11577,77.79,57885,99.5205854293469
random,4,4,11578,77.79,57890,99.52062649476842
random,4,4,11579,77.79,57895,99.52066607635699
random,4,4,11580,77.79,57900,99.52070565140964
random,4,4,11581,77.79,57905,99.52074669623879
random,4,4,11582,77.79,57910,99.52078773403873
random,4,4,11583,77.79,57915,99.52082876481126
random,4,4,11584,77.79,57920,99.52086978855816
random,4,4,11585,77.79,57925,99.52090932998132
random,4,4,11586,77.79,57930,99.52095033993497
random,4,4,11587,77.79,57935,99.52099134286834
random,4,4,11588,77.79,57940,99.52103381332572
random,4,4,11589,77.79,57945,99.5210762762526
random,4,4,11590,77.79,57950,99.52111873165104
random,4,4,11591,77.79,57955,99.521161179523
random,4,4,11592,77.79,57960,99.52120214637341
random,4,4,11593,77.79,57965,99.52124163296054
random,4,4,11594,77.79,57970,99.52128111303526
random,4,4,11595,77.79,57975,99.52132058659919
random,4,4,11596,77.79,57980,99.52136005365394
random,4,4,11597,77.79,57985,99.52139951420112
random,4,4,11598,77.79,57990,99.52143896824235
random,4,4,11599,77.79,57995,99.52147988757638
random,4,4,11600,77.79,58000,99.5215207999134
random,4,4,11601,77.79,58005,99.5215617052552
random,4,4,11602,77.79,58010,99.52160260360357
random,4,4,11603,77.79,58015,99.52164349496032
random,4,4,11604,77.79,58020,99.52168437932723
random,4,4,11605,77.79,58025,99.52172525670608
random,4,4,11606,77.79,58030,99.5217646570618
random,4,4,11607,77.79,58035,99.52180405092642
random,4,4,11608,77.79,58040,99.52184490785419
random,4,4,11609,77.79,58045,99.52188575780093
random,4,4,11610,77.79,58050,99.52192660076847
random,4,4,11611,77.79,58055,99.52196743675856
random,4,4,11612,77.79,58060,99.52200973431262
random,4,4,11613,77.79,58065,99.52205202438216
random,4,4,11614,77.79,58070,99.52209430696917
random,4,4,11615,77.79,58075,99.5221365820756
random,4,4,11616,77.79,58080,99.52217738220281
random,4,4,11617,77.79,58085,99.52221817536355
random,4,4,11618,77.79,58090,99.52225749455101
random,4,4,11619,77.79,58095,99.52229680726742
random,4,4,11620,77.79,58100,99.52233611351441
random,4,4,11621,77.79,58105,99.52237541329355
random,4,4,11622,77.79,58110,99.52241470660644
random,4,4,11623,77.79,58115,99.52245545925678
random,4,4,11624,77.79,58120,99.5224962049528
random,4,4,11625,77.79,58125,99.52253694369631
random,4,4,11626,77.79,58130,99.52257767548906
random,4,4,11627,77.79,58135,99.52261840033286
random,4,4,11628,77.79,58140,99.52265911822946
random,4,4,11629,77.79,58145,99.52269982918067
random,4,4,11630,77.79,58150,99.52273906913565
random,4,4,11631,77.79,58155,99.52277830263917
random,4,4,11632,77.79,58160,99.52281899326401
random,4,4,11633,77.79,58165,99.52285821362875
random,4,4,11634,77.79,58170,99.52289889062799
random,4,4,11635,77.79,58175,99.52293809786055
random,4,4,11636,77.79,58180,99.52297729864969
random,4,4,11637,77.79,58185,99.523016492997
random,4,4,11638,77.79,58190,99.52305714301481
random,4,4,11639,77.79,58195,99.52309924795712
random,4,4,11640,77.79,58200,99.52314134546599
random,4,4,11641,77.79,58205,99.52318372780957
random,4,4,11642,77.79,58210,99.52322610262007
random,4,4,11643,77.79,58215,99.52326846989953
random,4,4,11644,77.79,58220,99.52331082964996
random,4,4,11645,77.79,58225,99.52335318187333
random,4,4,11646,77.79,58230,99.52339552657166
random,4,4,11647,77.79,58235,99.52343786374696
random,4,4,11648,77.79,58240,99.52348019340124
random,4,4,11649,77.79,58245,99.52352251553651
random,4,4,11650,77.79,58250,99.52356453835553
random,4,4,11651,77.79,58255,99.52360655376283
random,4,4,11652,77.79,58260,99.52364710327348
random,4,4,11653,77.79,58265,99.52368764588175
random,4,4,11654,77.79,58270,99.52372672359007
random,4,4,11655,77.79,58275,99.523767252647
random,4,4,11656,77.79,58280,99.52380923230997
random,4,4,11657,77.79,58285,99.52384974732637
random,4,4,11658,77.79,58290,99.52389025544919
random,4,4,11659,77.79,58295,99.52392929992087
random,4,4,11660,77.79,58300,99.52396833798922
random,4,4,11661,77.79,58305,99.52400736965579
random,4,4,11662,77.79,58310,99.52404639492218
random,4,4,11663,77.79,58315,99.52408512262807
random,4,4,11664,77.79,58320,99.52412238845415
random,4,4,11665,77.79,58325,99.52415964844458
random,4,4,11666,77.79,58330,99.52419690260074
random,4,4,11667,77.79,58335,99.52423560581828
random,4,4,11668,77.79,58340,99.52427284808226
random,4,4,11669,77.79,58345,99.52431153894604
random,4,4,11670,77.79,58350,99.52435022351688
random,4,4,11671,77.79,58355,99.52439180968335
random,4,4,11672,77.79,58360,99.5244333885787
random,4,4,11673,77.79,58365,99.52447496020481
random,4,4,11674,77.79,58370,99.52451681519786
random,4,4,11675,77.79,58375,99.52455837224042
random,4,4,11676,77.79,58380,99.52459846935253
random,4,4,11677,77.79,58385,99.52463710727105
random,4,4,11678,77.79,58390,99.52467719110433
random,4,4,11679,77.79,58395,99.52471581622834
random,4,4,11680,77.79,58400,99.52475472541893
random,4,4,11681,77.79,58405,99.52479333794348
random,4,4,11682,77.79,58410,99.52483194419418
random,4,4,11683,77.79,58415,99.52487054417256
random,4,4,11684,77.79,58420,99.52490942803468
random,4,4,11685,77.79,58425,99.52494830553292
random,4,4,11686,77.79,58430,99.52498717666887
random,4,4,11687,77.79,58435,99.52502604144405
random,4,4,11688,77.79,58440,99.52506489986006
random,4,4,11689,77.79,58445,99.5251052014991
random,4,4,11690,77.79,58450,99.52514694562478
random,4,4,11691,77.79,58455,99.52518723334127
random,4,4,11692,77.79,58460,99.52522751422211
random,4,4,11693,77.8,58465,99.52520676086044
random,4,4,11694,77.8,58470,99.52524703325163
random,4,4,11695,77.81,58475,99.5252262817548
random,4,4,11696,77.84,58480,99.5250849587866
random,4,4,11697,77.84,58485,99.52512667965695
random,4,4,11698,77.84,58490,99.52516694493364
random,4,4,11699,77.84,58495,99.52520865140104
random,4,4,11700,77.84,58500,99.5252503505426
random,4,4,11701,77.84,58505,99.52529233186115
random,4,4,11702,77.84,58510,99.52533430575569
random,4,4,11703,77.84,58515,99.52537627222817
random,4,4,11704,77.84,58520,99.52541823128057
random,4,4,11705,77.84,58525,99.52546018291486
random,4,4,11706,77.84,58530,99.52550212713301
random,4,4,11707,77.84,58535,99.52554406393695
random,4,4,11708,77.84,58540,99.5255859933287
random,4,4,11709,77.84,58545,99.5256279153102
random,4,4,11710,77.84,58550,99.52566982988341
random,4,4,11711,77.84,58555,99.52571173705029
random,4,4,11712,77.84,58560,99.52575363681284
random,4,4,11713,77.84,58565,99.52579552917295
random,4,4,11714,77.84,58570,99.52583741413265
random,4,4,11715,77.84,58575,99.52587929169387
random,4,4,11716,77.84,58580,99.52592116185858
random,4,4,11717,77.84,58585,99.52596302462872
random,4,4,11718,77.84,58590,99.52600488000628
random,4,4,11719,77.84,58595,99.5260467279932
random,4,4,11720,77.84,58600,99.52608856859143
random,4,4,11721,77.84,58605,99.52613040180294
random,4,4,11722,77.84,58610,99.52617222762969
random,4,4,11723,77.84,58615,99.52621404607362
random,4,4,11724,77.84,58620,99.52625585713668
random,4,4,11725,77.84,58625,99.52629737254485
random,4,4,11726,77.84,58630,99.52633916890292
random,4,4,11727,77.84,58635,99.52638066971137
random,4,4,11728,77.84,58640,99.52642245137221
random,4,4,11729,77.84,58645,99.52646422566194
random,4,4,11730,77.84,58650,99.52650599258249
random,4,4,11731,77.84,58655,99.52654775213583
random,4,4,11732,77.84,58660,99.52658950432388
random,4,4,11733,77.84,58665,99.52663096127849
random,4,4,11734,77.84,58670,99.52667241097288
random,4,4,11735,77.84,58675,99.52671385340898
random,4,4,11736,77.84,58680,99.52675384998875
random,4,4,11737,77.84,58685,99.52679383980902
random,4,4,11738,77.84,58690,99.52683238474897
random,4,4,11739,77.84,58695,99.5268709234101
random,4,4,11740,77.84,58700,99.52690945579393
random,4,4,11741,77.84,58705,99.526947981902
random,4,4,11742,77.84,58710,99.52698650173582
random,4,4,11743,77.84,58715,99.52702645224875
random,4,4,11744,77.84,58720,99.52706495930474
random,4,4,11745,77.84,58725,99.52710489656634
random,4,4,11746,77.84,58730,99.52714339085085
random,4,4,11747,77.84,58735,99.52718331486773
random,4,4,11748,77.84,58740,99.52722323214348
random,4,4,11749,77.84,58745,99.5272631426798
random,4,4,11750,77.84,58750,99.52730448174134
random,4,4,11751,77.84,58755,99.52734581357363
random,4,4,11752,77.84,58760,99.5273874251297
random,4,4,11753,77.84,58765,99.52742902935962
random,4,4,11754,77.84,58770,99.52747062626533
random,4,4,11755,77.84,58775,99.52751221584873
random,4,4,11756,77.84,58780,99.5275537981118
random,4,4,11757,77.84,58785,99.52759537305643
random,4,4,11758,77.84,58790,99.52763694068457
random,4,4,11759,77.84,58795,99.52767850099816
random,4,4,11760,77.84,58800,99.52772005399912
random,4,4,11761,77.84,58805,99.52776159968938
random,4,4,11762,77.84,58810,99.52780313807087
random,4,4,11763,77.84,58815,99.52784466914552
random,4,4,11764,77.84,58820,99.52788619291526
random,4,4,11765,77.84,58825,99.52792770938201
random,4,4,11766,77.84,58830,99.52796921854771
random,4,4,11767,77.84,58835,99.52801043421948
random,4,4,11768,77.84,58840,99.52805021196511
random,4,4,11769,77.84,58845,99.52808998300662
random,4,4,11770,77.84,58850,99.52812974734573
random,4,4,11771,77.84,58855,99.52816807496939
random,4,4,11772,77.84,58860,99.52820639636724
random,4,4,11773,77.84,58865,99.5282447115408
random,4,4,11774,77.84,58870,99.52828302049157
random,4,4,11775,77.84,58875,99.52832132322108
random,4,4,11776,77.84,58880,99.52835961973085
random,4,4,11777,77.84,58885,99.52839791002239
random,4,4,11778,77.84,58890,99.52843762248717
random,4,4,11779,77.84,58895,99.52847732826434
random,4,4,11780,77.84,58900,99.52851845525589
random,4,4,11781,77.84,58905,99.52855957507374
random,4,4,11782,77.84,58910,99.52860097319918
random,4,4,11783,77.84,58915,99.52864236405475
random,4,4,11784,77.84,58920,99.52868374764236
random,4,4,11785,77.84,58925,99.52872512396394
random,4,4,11786,77.84,58930,99.5287664930214
random,4,4,11787,77.84,58935,99.52880785481665
random,4,4,11788,77.84,58940,99.52884920935159
random,4,4,11789,77.84,58945,99.52889055662816
random,4,4,11790,77.84,58950,99.52893189664825
random,4,4,11791,77.84,58955,99.52897322941375
random,4,4,11792,77.84,58960,99.52901455492662
random,4,4,11793,77.84,58965,99.52905587318874
random,4,4,11794,77.84,58970,99.52909718420202
random,4,4,11795,77.84,58975,99.52913848796835
random,4,4,11796,77.84,58980,99.52917978448966
random,4,4,11797,77.84,58985,99.52922107376786
random,4,4,11798,77.84,58990,99.52926207112594
random,4,4,11799,77.84,58995,99.5293030613442
random,4,4,11800,77.84,59000,99.52934262152048
random,4,4,11801,77.84,59005,99.52938217504759
random,4,4,11802,77.84,59010,99.52942172192716
random,4,4,11803,77.84,59015,99.52946126216092
random,4,4,11804,77.84,59020,99.52950079575051
random,4,4,11805,77.84,59025,99.52954032269763
random,4,4,11806,77.84,59030,99.52957842152529
random,4,4,11807,77.84,59035,99.52961793543123
random,4,4,11808,77.84,59040,99.52965886370076
random,4,4,11809,77.84,59045,99.52969978484852
random,4,4,11810,77.84,59050,99.52974069887637
random,4,4,11811,77.84,59055,99.52978160578616
random,4,4,11812,77.84,59060,99.52982250557973
random,4,4,11813,77.84,59065,99.52986339825898
random,4,4,11814,77.84,59070,99.52990286430716
random,4,4,11815,77.84,59075,99.52994232372988
random,4,4,11816,77.84,59080,99.5299817765288
random,4,4,11817,77.84,59085,99.53001980389315
random,4,4,11818,77.84,59090,99.53005924368759
random,4,4,11819,77.84,59095,99.53009725851835
random,4,4,11820,77.84,59100,99.53013668531472
random,4,4,11821,77.84,59105,99.5301761054955
random,4,4,11822,77.84,59110,99.53021551906235
random,4,4,11823,77.84,59115,99.53025634341013
random,4,4,11824,77.84,59120,99.53029744409157
random,4,4,11825,77.84,59125,99.53033853758136
random,4,4,11826,77.84,59130,99.53037962388139
random,4,4,11827,77.84,59135,99.53042070299351
random,4,4,11828,77.84,59140,99.53046177491964
random,4,4,11829,77.84,59145,99.53050283966165
random,4,4,11830,77.84,59150,99.53054389722143
random,4,4,11831,77.84,59155,99.53058494760089
random,4,4,11832,77.84,59160,99.53062599080185
random,4,4,11833,77.84,59165,99.53066702682626
random,4,4,11834,77.84,59170,99.53070805567596
random,4,4,11835,77.84,59175,99.5307487944693
random,4,4,11836,77.84,59180,99.53078952619026
random,4,4,11837,77.84,59185,99.53083025084067
random,4,4,11838,77.84,59190,99.53087096842238
random,4,4,11839,77.84,59195,99.5309102654961
random,4,4,11840,77.84,59200,99.53095096919125
random,4,4,11841,77.84,59205,99.53099166582314
random,4,4,11842,77.84,59210,99.53103094267962
random,4,4,11843,77.84,59215,99.5310688004723
random,4,4,11844,77.84,59220,99.5311066521533
random,4,4,11845,77.84,59225,99.53114590975402
random,4,4,11846,77.84,59230,99.53118516078169
random,4,4,11847,77.84,59235,99.53122440523795
random,4,4,11848,77.84,59240,99.5312622318036
random,4,4,11849,77.84,59245,99.53130005226511
random,4,4,11850,77.84,59250,99.53133786662396
random,4,4,11851,77.84,59255,99.53137567488164
random,4,4,11852,77.84,59260,99.53141347703962
random,4,4,11853,77.84,59265,99.53145127309938
random,4,4,11854,77.84,59270,99.53149047301767
random,4,4,11855,77.84,59275,99.53152966637738
random,4,4,11856,77.84,59280,99.53156885318018
random,4,4,11857,77.84,59285,99.53160803342769
random,4,4,11858,77.84,59290,99.53164861612514
random,4,4,11859,77.84,59295,99.53168919179085
random,4,4,11860,77.84,59300,99.53172976042659
random,4,4,11861,77.84,59305,99.53176891376283
random,4,4,11862,77.84,59310,99.5318066525078
random,4,4,11863,77.84,59315,99.53184438516986
random,4,4,11864,77.84,59320,99.53188211175052
random,4,4,11865,77.84,59325,99.53191983225122
random,4,4,11866,77.84,59330,99.5319589538104
random,4,4,11867,77.84,59335,99.53199666192891
random,4,4,11868,77.84,59340,99.53203436397193
random,4,4,11869,77.84,59345,99.53207205994094
random,4,4,11870,77.84,59350,99.5321097498374
random,4,4,11871,77.84,59355,99.53214743366279
random,4,4,11872,77.84,59360,99.53218511141856
random,4,4,11873,77.84,59365,99.53222278310618
random,4,4,11874,77.84,59370,99.53226044872711
random,4,4,11875,77.84,59375,99.53229810828284
random,4,4,11876,77.84,59380,99.53233576177482
random,4,4,11877,77.84,59385,99.53237340920451
random,4,4,11878,77.84,59390,99.53241105057337
random,4,4,11879,77.84,59395,99.53244868588288
random,4,4,11880,77.84,59400,99.53248631513449
random,4,4,11881,77.84,59405,99.53252393832967
random,4,4,11882,77.84,59410,99.53256155546988
random,4,4,11883,77.84,59415,99.53259916655658
random,4,4,11884,77.84,59420,99.53263677159123
random,4,4,11885,77.84,59425,99.53267577340539
random,4,4,11886,77.84,59430,99.53271476871062
random,4,4,11887,77.84,59435,99.53275515986209
random,4,4,11888,77.84,59440,99.5327955440315
random,4,4,11889,77.84,59445,99.53283592122068
random,4,4,11890,77.84,59450,99.53287488980493
random,4,4,11891,77.84,59455,99.53291385188857
random,4,4,11892,77.84,59460,99.53295280747324
random,4,4,11893,77.84,59465,99.53299315748582
random,4,4,11894,77.84,59470,99.53303378066266
random,4,4,11895,77.84,59475,99.53307439677279
random,4,4,11896,77.84,59480,99.53311500581808
random,4,4,11897,77.84,59485,99.53315532781085
random,4,4,11898,77.84,59490,99.53319564283949
random,4,4,11899,77.84,59495,99.53323455143685
random,4,4,11900,77.84,59500,99.5332734535486
random,4,4,11901,77.84,59505,99.53331234917637
random,4,4,11902,77.84,59510,99.53335123832179
random,4,4,11903,77.84,59515,99.53339012098648
random,4,4,11904,77.84,59520,99.53342759886043
random,4,4,11905,77.84,59525,99.53346646880146
random,4,4,11906,77.84,59530,99.53350533226659
random,4,4,11907,77.84,59535,99.53354418925737
random,4,4,11908,77.84,59540,99.53358164238702
random,4,4,11909,77.85,59545,99.53355917417505
random,4,4,11910,77.85,59550,99.53359662008823
random,4,4,11911,77.85,59555,99.5336354568845
random,4,4,11912,77.85,59560,99.53367428721351
random,4,4,11913,77.85,59565,99.5337131110769
random,4,4,11914,77.85,59570,99.5337533246652
random,4,4,11915,77.85,59575,99.53379353131787
random,4,4,11916,77.85,59580,99.53383373103674
random,4,4,11917,77.85,59585,99.53387392382356
random,4,4,11918,77.86999999999999,59590,99.53379464932522
random,4,4,11919,77.86999999999999,59595,99.53383511759483
random,4,4,11920,77.86999999999999,59600,99.5338755788395
random,4,4,11921,77.86999999999999,59605,99.53391603306102
random,4,4,11922,77.86999999999999,59610,99.53395648026124
random,4,4,11923,77.86999999999999,59615,99.53399692044196
random,4,4,11924,77.86999999999999,59620,99.53403735360503
random,4,4,11925,77.86999999999999,59625,99.53407777975228
random,4,4,11926,77.86999999999999,59630,99.53411819888552
random,4,4,11927,77.86999999999999,59635,99.53415861100659
random,4,4,11928,77.86999999999999,59640,99.53419873748537
random,4,4,11929,77.86999999999999,59645,99.53423913563589
random,4,4,11930,77.86999999999999,59650,99.53427924824405
random,4,4,11931,77.86999999999999,59655,99.53431796150035
random,4,4,11932,77.86999999999999,59660,99.53435666832107
random,4,4,11933,77.86999999999999,59665,99.5343939767191
random,4,4,11934,77.86999999999999,59670,99.53443127913914
random,4,4,11935,77.86999999999999,59675,99.53446857558265
random,4,4,11936,77.86999999999999,59680,99.53450586605102
random,4,4,11937,77.86999999999999,59685,99.53454315054573
random,4,4,11938,77.86999999999999,59690,99.5345804290682
random,4,4,11939,77.86999999999999,59695,99.53461770161984
random,4,4,11940,77.86999999999999,59700,99.53465496820212
random,4,4,11941,77.86999999999999,59705,99.5346936190224
random,4,4,11942,77.86999999999999,59710,99.53473365338942
random,4,4,11943,77.86999999999999,59715,99.534773680868
random,4,4,11944,77.86999999999999,59720,99.53481370145995
random,4,4,11945,77.86999999999999,59725,99.53485371516703
random,4,4,11946,77.86999999999999,59730,99.53489372199104
random,4,4,11947,77.86999999999999,59735,99.53493372193373
random,4,4,11948,77.86999999999999,59740,99.53497371499688
random,4,4,11949,77.86999999999999,59745,99.53501370118227
random,4,4,11950,77.86999999999999,59750,99.5350522924364
random,4,4,11951,77.86999999999999,59755,99.53509087728537
random,4,4,11952,77.86999999999999,59760,99.53512945573074
random,4,4,11953,77.86999999999999,59765,99.53516802777412
random,4,4,11954,77.86999999999999,59770,99.53520659341709
random,4,4,11955,77.86999999999999,59775,99.53524653956521
random,4,4,11956,77.86999999999999,59780,99.53528647884768
random,4,4,11957,77.86999999999999,59785,99.53532641126625
random,4,4,11958,77.86999999999999,59790,99.53536495063364
random,4,4,11959,77.86999999999999,59795,99.53540209764134
random,4,4,11960,77.86999999999999,59800,99.53543923870978
random,4,4,11961,77.86999999999999,59805,99.53547637384041
random,4,4,11962,77.86999999999999,59810,99.53551350303465
random,4,4,11963,77.86999999999999,59815,99.53555062629391
random,4,4,11964,77.86999999999999,59820,99.53558774361963
random,4,4,11965,77.86999999999999,59825,99.53562485501321
random,4,4,11966,77.86999999999999,59830,99.5356619604761
random,4,4,11967,77.86999999999999,59835,99.53569906000972
random,4,4,11968,77.86999999999999,59840,99.53573615361547
random,4,4,11969,77.86999999999999,59845,99.53577324129478
random,4,4,11970,77.86999999999999,59850,99.53581170658197
random,4,4,11971,77.86999999999999,59855,99.5358501654953
random,4,4,11972,77.86999999999999,59860,99.5358886180364
random,4,4,11973,77.86999999999999,59865,99.53592706420679
random,4,4,11974,77.86999999999999,59870,99.53596412139183
random,4,4,11975,77.88000000000001,59875,99.53594158631945
random,4,4,11976,77.88000000000001,59880,99.53597835995639
random,4,4,11977,77.91,59885,99.53583639707524
random,4,4,11978,77.91,59890,99.53587317321922
random,4,4,11979,77.92,59895,99.5358506525611
random,4,4,11980,77.94,59900,99.53576857283085
random,4,4,11981,77.94,59905,99.5358056220288
random,4,4,11982,77.94,59910,99.53584266531362
random,4,4,11983,77.94,59915,99.5358797026867
random,4,4,11984,77.94,59920,99.53591811580611
random,4,4,11985,77.94,59925,99.53595790398722
random,4,4,11986,77.94,59930,99.53599768534642
random,4,4,11987,77.94,59935,99.53603745988545
random,4,4,11988,77.94,59940,99.53607722760609
random,4,4,11989,77.94,59945,99.53611698851006
random,4,4,11990,77.94,59950,99.53615701864537
random,4,4,11991,77.94,59955,99.53619704187258
random,4,4,11992,77.94,59960,99.5362370581935
random,4,4,11993,77.94,59965,99.5362770676099
random,4,4,11994,77.94,59970,99.5363167942678
random,4,4,11995,77.94,59975,99.5363567899281
random,4,4,11996,77.94,59980,99.5363965029283
random,4,4,11997,77.94,59985,99.53643620912591
random,4,4,11998,77.94,59990,99.53647453018536
random,4,4,11999,77.95,59995,99.53645199944101
random,4,4,12000,77.95,60000,99.53648893489974
random,4,4,12001,77.95,60005,99.53652724232818
random,4,4,12002,77.95,60010,99.5365655434252
random,4,4,12003,77.95,60015,99.5366038381924
random,4,4,12004,77.95,60020,99.53664074945907
random,4,4,12005,77.95,60025,99.53667903179885
random,4,4,12006,77.95,60030,99.53671730781346
random,4,4,12007,77.95,60035,99.53675557750444
random,4,4,12008,77.95,60040,99.53679521713579
random,4,4,12009,77.95,60045,99.53683484998382
random,4,4,12010,77.95,60050,99.53687447605026
random,4,4,12011,77.95,60055,99.53691271978082
random,4,4,12012,77.95,60060,99.53695233252465
random,4,4,12013,77.95,60065,99.5369919384921
random,4,4,12014,77.95,60070,99.53703153768487
random,4,4,12015,77.95,60075,99.53707140502837
random,4,4,12016,77.95,60080,99.53711099062998
random,4,4,12017,77.95,60085,99.53714919531058
random,4,4,12018,77.95,60090,99.5371873936852
random,4,4,12019,77.95,60095,99.53722558575545
random,4,4,12020,77.96,60100,99.53720440831204
random,4,4,12021,77.96,60105,99.53724259267614
random,4,4,12022,77.96,60110,99.53728077073971
random,4,4,12023,77.96,60115,99.53731756952848
random,4,4,12024,77.96,60120,99.5373543624647
random,4,4,12025,77.96,60125,99.53739114954976
random,4,4,12026,77.96,60130,99.53742793078507
random,4,4,12027,77.96,60135,99.53746470617202
random,4,4,12028,77.96,60140,99.537501475712
random,4,4,12029,77.97,60145,99.5374789190164
random,4,4,12030,77.97,60150,99.5375156815816
random,4,4,12031,77.97,60155,99.53755243830325
random,4,4,12032,77.97,60160,99.53758918918277
random,4,4,12033,77.97,60165,99.53762593422155
random,4,4,12034,77.97,60170,99.53766267342097
random,4,4,12035,77.97,60175,99.53769940678242
random,4,4,12036,77.97,60180,99.5377375046244
random,4,4,12037,77.97,60185,99.53777559618767
random,4,4,12038,77.97,60190,99.53781505133115
random,4,4,12039,77.97,60195,99.5378544997395
random,4,4,12040,77.97,60200,99.53789421529139
random,4,4,12041,77.97,60205,99.53793392401778
random,4,4,12042,77.97,60210,99.5379736259204
random,4,4,12043,77.97,60215,99.53801332100105
random,4,4,12044,77.97,60220,99.53805300926145
random,4,4,12045,77.97,60225,99.53809269070338
random,4,4,12046,77.97,60230,99.5381323653286
random,4,4,12047,77.97,60235,99.53817203313884
random,4,4,12048,77.97,60240,99.53821169413587
random,4,4,12049,77.97,60245,99.53825134832147
random,4,4,12050,77.97,60250,99.53829099569734
random,4,4,12051,77.97,60255,99.5383306362653
random,4,4,12052,77.97,60260,99.53837027002704
random,4,4,12053,77.97,60265,99.53840989698436
random,4,4,12054,77.97,60270,99.538449517139
random,4,4,12055,77.97,60275,99.53848913049269
random,4,4,12056,77.97,60280,99.5385287370472
random,4,4,12057,77.97,60285,99.53856833680427
random,4,4,12058,77.97,60290,99.53860765673403
random,4,4,12059,77.97,60295,99.53864560503283
random,4,4,12060,77.97,60300,99.53868218237585
random,4,4,12061,77.97,60305,99.53872011841706
random,4,4,12062,77.97,60310,99.53875668394629
random,4,4,12063,77.97,60315,99.5387932436789
random,4,4,12064,77.97,60320,99.538831161457
random,4,4,12065,77.97,60325,99.53886770938433
random,4,4,12066,77.97,60330,99.53890425151924
random,4,4,12067,77.97,60335,99.5389407878631
random,4,4,12068,77.97,60340,99.53897731841725
random,4,4,12069,77.97,60345,99.53901384318313
random,4,4,12070,77.97,60350,99.53905036216206
random,4,4,12071,77.97,60355,99.53908687535542
random,4,4,12072,77.97,60360,99.53912338276461
random,4,4,12073,77.97,60365,99.5391612462801
random,4,4,12074,77.97,60370,99.53919774190936
random,4,4,12075,77.97,60375,99.53923423175863
random,4,4,12076,77.97,60380,99.53927207706334
random,4,4,12077,77.97,60385,99.53930991615168
random,4,4,12078,77.97,60390,99.53934638823819
random,4,4,12079,77.97,60395,99.53938285455025
random,4,4,12080,77.97,60400,99.53941931508929
random,4,4,12081,77.97,60405,99.53945712999749
random,4,4,12082,77.97,60410,99.53949357877926
random,4,4,12083,77.97,60415,99.53953002179216
random,4,4,12084,77.97,60420,99.53956781852465
random,4,4,12085,77.97,60425,99.5396056090527
random,4,4,12086,77.97,60430,99.53964339337787
random,4,4,12087,77.97,60435,99.53967981268387
random,4,4,12088,77.97,60440,99.53971622622797
random,4,4,12089,77.97,60445,99.53975263401156
random,4,4,12090,77.97,60450,99.53978903603598
random,4,4,12091,77.97,60455,99.53982543230265
random,4,4,12092,77.97,60460,99.53986182281287
random,4,4,12093,77.97,60465,99.53989820756804
random,4,4,12094,77.97,60470,99.53993458656953
random,4,4,12095,77.97,60475,99.5399709598187
random,4,4,12096,77.97,60480,99.54000732731691
random,4,4,12097,77.97,60485,99.54004368906553
random,4,4,12098,77.97,60490,99.5400800450659
random,4,4,12099,77.97,60495,99.54011639531942
random,4,4,12100,77.97,60500,99.54015273982742
random,4,4,12101,77.97,60505,99.54019043440417
random,4,4,12102,77.97,60510,99.54022812280161
random,4,4,12103,77.97,60515,99.54026580502129
random,4,4,12104,77.97,60520,99.54030348106471
random,4,4,12105,77.97,60525,99.54034115093341
random,4,4,12106,77.97,60530,99.54038016932307
random,4,4,12107,77.97,60535,99.540419451981
random,4,4,12108,77.97,60540,99.5404587279247
random,4,4,12109,77.97,60545,99.54049799715588
random,4,4,12110,77.97,60550,99.5405372596763
random,4,4,12111,77.97,60555,99.54057651548764
random,4,4,12112,77.97,60560,99.54061576459165
random,4,4,12113,77.97,60565,99.54065473637577
random,4,4,12114,77.97,60570,99.5406937015481
random,4,4,12115,77.97,60575,99.54073266011036
random,4,4,12116,77.97,60580,99.54077161206422
random,4,4,12117,77.97,60585,99.54080920525304
random,4,4,12118,77.97,60590,99.5408454403426
random,4,4,12119,77.97,60595,99.54088166971391
random,4,4,12120,77.97,60600,99.54091789336836
random,4,4,12121,77.97,60605,99.54095411130729
random,4,4,12122,77.99000000000001,60610,99.54087258345858
random,4,4,12123,78.02,60615,99.54073220307855
random,4,4,12124,78.03999999999999,60620,99.54065205747146
random,4,4,12125,78.03999999999999,60625,99.54068963650093
random,4,4,12126,78.05,60630,99.54066971003635
random,4,4,12127,78.05,60635,99.5407086327358
random,4,4,12128,78.05,60640,99.54074754883933
random,4,4,12129,78.05,60645,99.54078672853053
random,4,4,12130,78.05,60650,99.54082590153732
random,4,4,12131,78.06,60655,99.54080624211736
random,4,4,12132,78.06,60660,99.54084540677768
random,4,4,12133,78.06,60665,99.54088456475786
random,4,4,12134,78.06,60670,99.54092371605961
random,4,4,12135,78.06,60675,99.54096286068463
random,4,4,12136,78.06,60680,99.54100199863464
random,4,4,12137,78.06,60685,99.54104112991135
random,4,4,12138,78.06,60690,99.54108025451644
random,4,4,12139,78.06,60695,99.54111937245165
random,4,4,12140,78.06,60700,99.54115848371865
random,4,4,12141,78.06,60705,99.54119758831918
random,4,4,12142,78.06,60710,99.5412366862549
random,4,4,12143,78.06,60715,99.54127577752757
random,4,4,12144,78.06,60720,99.54131486213885
random,4,4,12145,78.06,60725,99.54135394009046
random,4,4,12146,78.06,60730,99.54139301138409
random,4,4,12147,78.06,60735,99.54143180663296
random,4,4,12148,78.06,60740,99.54147086466165
random,4,4,12149,78.06,60745,99.54150991603747
random,4,4,12150,78.06,60750,99.54154896076209
random,4,4,12151,78.06,60755,99.54158799883723
random,4,4,12152,78.06,60760,99.54162703026459
random,4,4,12153,78.06,60765,99.54166605504588
random,4,4,12154,78.06,60770,99.54170507318277
random,4,4,12155,78.06,60775,99.54174408467695
random,4,4,12156,78.06,60780,99.54178308953016
random,4,4,12157,78.06,60785,99.54182208774405
random,4,4,12158,78.06,60790,99.54186107932036
random,4,4,12159,78.06,60795,99.54190006426074
random,4,4,12160,78.06,60800,99.54193904256692
random,4,4,12161,78.06,60805,99.54197774549313
random,4,4,12162,78.06,60810,99.54201644187962
random,4,4,12163,78.06,60815,99.54205513172808
random,4,4,12164,78.06,60820,99.54209408365142
random,4,4,12165,78.06,60825,99.54213302894898
random,4,4,12166,78.06,60830,99.54217196762242
random,4,4,12167,78.06,60835,99.54221063119924
random,4,4,12168,78.06,60840,99.5422495566752
random,4,4,12169,78.06,60845,99.54228847553213
random,4,4,12170,78.06,60850,99.5423273877717
random,4,4,12171,78.06,60855,99.54236629339562
random,4,4,12172,78.06,60860,99.54240492415916
random,4,4,12173,78.06,60865,99.54244220739102
random,4,4,12174,78.06,60870,99.54247948454798
random,4,4,12175,78.06,60875,99.54251809620483
random,4,4,12176,78.06,60880,99.54255536099801
random,4,4,12177,78.06,60885,99.54259261972078
random,4,4,12178,78.06,60890,99.54262987237463
random,4,4,12179,78.06,60895,99.54266577926096
random,4,4,12180,78.06,60900,99.54270168050982
random,4,4,12181,78.06,60905,99.54273757612255
random,4,4,12182,78.06,60910,99.54277346610046
random,4,4,12183,78.06,60915,99.5428093504449
random,4,4,12184,78.06,60920,99.54284522915717
random,4,4,12185,78.06,60925,99.54288110223864
random,4,4,12186,78.06,60930,99.54291696969058
random,4,4,12187,78.06,60935,99.54295283151436
random,4,4,12188,78.06,60940,99.54298868771127
random,4,4,12189,78.06,60945,99.54302453828268
random,4,4,12190,78.06,60950,99.54306038322986
random,4,4,12191,78.06,60955,99.54309622255415
random,4,4,12192,78.06,60960,99.54313205625691
random,4,4,12193,78.06,60965,99.54316788433943
random,4,4,12194,78.06,60970,99.54320370680301
random,4,4,12195,78.06,60975,99.54323952364904
random,4,4,12196,78.06,60980,99.54327533487877
random,4,4,12197,78.06,60985,99.54331114049356
random,4,4,12198,78.06,60990,99.54334827620703
random,4,4,12199,78.06,60995,99.54338674136889
random,4,4,12200,78.06,61000,99.54342520005125
random,4,4,12201,78.06,61005,99.54346231721824
random,4,4,12202,78.06,61010,99.54349809352266
random,4,4,12203,78.06,61015,99.54353386422034
random,4,4,12204,78.06,61020,99.54356962931257
random,4,4,12205,78.06,61025,99.54360538880074
random,4,4,12206,78.06,61030,99.54364247667789
random,4,4,12207,78.06,61035,99.5436795585278
random,4,4,12208,78.06,61040,99.54371663435195
random,4,4,12209,78.06,61045,99.54375370415181
random,4,4,12210,78.06,61050,99.54379210104601
random,4,4,12211,78.06,61055,99.54382915858511
random,4,4,12212,78.06,61060,99.54386754278067
random,4,4,12213,78.06,61065,99.54390618700664
random,4,4,12214,78.06,61070,99.54394482468517
random,4,4,12215,78.06,61075,99.54398345581792
random,4,4,12216,78.06,61080,99.54402208040656
random,4,4,12217,78.06,61085,99.54406069845275
random,4,4,12218,78.06,61090,99.54409930995816
random,4,4,12219,78.06,61095,99.54413791492443
random,4,4,12220,78.06,61100,99.54417624717958
random,4,4,12221,78.06,61105,99.54421457298874
random,4,4,12222,78.06,61110,99.54425289235354
random,4,4,12223,78.06,61115,99.54428987507377
random,4,4,12224,78.06,61120,99.54432685179239
random,4,4,12225,78.06,61125,99.54436382251085
random,4,4,12226,78.06,61130,99.54440078723061
random,4,4,12227,78.06,61135,99.54443774595315
random,4,4,12228,78.06,61140,99.54447469867988
random,4,4,12229,78.06,61145,99.54451164541229
random,4,4,12230,78.06,61150,99.54454725745217
random,4,4,12231,78.06,61155,99.54458419241581
random,4,4,12232,78.06,61160,99.54462112138944
random,4,4,12233,78.06,61165,99.54465804437454
random,4,4,12234,78.06,61170,99.54469363352678
random,4,4,12235,78.06,61175,99.54472921711623
random,4,4,12236,78.06,61180,99.54476479514416
random,4,4,12237,78.06,61185,99.5448003676119
random,4,4,12238,78.06,61190,99.54483593452075
random,4,4,12239,78.06,61195,99.54487149587202
random,4,4,12240,78.06,61200,99.54490705166698
random,4,4,12241,78.06,61205,99.54494260190697
random,4,4,12242,78.06,61210,99.54497947278008
random,4,4,12243,78.06,61215,99.54501633767879
random,4,4,12244,78.06,61220,99.54505187084742
random,4,4,12245,78.06,61225,99.54508872401642
random,4,4,12246,78.06,61230,99.5451255712153
random,4,4,12247,78.06,61235,99.5451624124455
random,4,4,12248,78.06,61240,99.54519924770851
random,4,4,12249,78.06,61245,99.54523607700577
random,4,4,12250,78.06,61250,99.5452742248079
random,4,4,12251,78.06,61255,99.54531236621052
random,4,4,12252,78.06,61260,99.54535050121525
random,4,4,12253,78.06,61265,99.54538862982369
random,4,4,12254,78.06,61270,99.54542675203746
random,4,4,12255,78.06,61275,99.54546354449927
random,4,4,12256,78.06,61280,99.54550033100573
random,4,4,12257,78.06,61285,99.54553711155823
random,4,4,12258,78.06,61290,99.54557388615828
random,4,4,12259,78.06,61295,99.54561065480729
random,4,4,12260,78.06,61300,99.5456460952106
random,4,4,12261,78.06,61305,99.54568285217582
random,4,4,12262,78.06,61310,99.54571960319429
random,4,4,12263,78.06,61315,99.54575634826743
random,4,4,12264,78.06,61320,99.54579308739672
random,4,4,12265,78.06,61325,99.54583114181054
random,4,4,12266,78.06,61330,99.54586892564782
random,4,4,12267,78.06,61335,99.5459067031989
random,4,4,12268,78.06,61340,99.54594473857794
random,4,4,12269,78.06,61345,99.54598276758576
random,4,4,12270,78.06,61350,99.54602105424775
random,4,4,12271,78.06,61355,99.54605907047366
random,4,4,12272,78.06,61360,99.54609708033314
random,4,4,12273,78.06,61365,99.54613376436865
random,4,4,12274,78.06,61370,99.54617149787242
random,4,4,12275,78.06,61375,99.54620922510254
random,4,4,12276,78.06,61380,99.54624694606059
random,4,4,12277,78.06,61385,99.5462833421585
random,4,4,12278,78.06,61390,99.54631973241814
random,4,4,12279,78.06,61395,99.54635506230208
random,4,4,12280,78.06,61400,99.5463903866839
random,4,4,12281,78.06,61405,99.54642702332711
random,4,4,12282,78.06,61410,99.54646365405276
random,4,4,12283,78.06,61415,99.54650159619122
random,4,4,12284,78.06,61420,99.54653821487327
random,4,4,12285,78.06,61425,99.54657482764209
random,4,4,12286,78.06,61430,99.54661143449913
random,4,4,12287,78.06,61435,99.5466493519165
random,4,4,12288,78.06,61440,99.54668726299224
random,4,4,12289,78.06,61445,99.54672516772794
random,4,4,12290,78.06,61450,99.54676306612521
random,4,4,12291,78.06,61455,99.54680095818563
random,4,4,12292,78.06,61460,99.54683884391076
random,4,4,12293,78.06,61465,99.54687540815172
random,4,4,12294,78.06,61470,99.54691196649262
random,4,4,12295,78.06,61475,99.5469472042011
random,4,4,12296,78.06,61480,99.54698243642898
random,4,4,12297,78.06,61485,99.54701740031162
random,4,4,12298,78.06,61490,99.54705367292122
random,4,4,12299,78.06,61495,99.54708993972223
random,4,4,12300,78.06,61500,99.54712620071604
random,4,4,12301,78.06,61505,99.54716245590403
random,4,4,12302,78.06,61510,99.54720001856214
random,4,4,12303,78.06,61515,99.54723757498914
random,4,4,12304,78.06,61520,99.54727381234773
random,4,4,12305,78.06,61525,99.54731030643254
random,4,4,12306,78.06,61530,99.54734679463428
random,4,4,12307,78.06,61535,99.54738327695435
random,4,4,12308,78.06,61540,99.54741975339421
random,4,4,12309,78.06,61545,99.54745753573641
random,4,4,12310,78.06,61550,99.54749531177086
random,4,4,12311,78.06,61555,99.54753308149911
random,4,4,12312,78.06,61560,99.54757084492275
random,4,4,12313,78.06,61565,99.54760860204335
random,4,4,12314,78.06,61570,99.54764504217576
random,4,4,12315,78.06,61575,99.54768278691374
random,4,4,12316,78.06,61580,99.54772078740386
random,4,4,12317,78.06,61585,99.54775851950298
random,4,4,12318,78.06,61590,99.54779624530691
random,4,4,12319,78.06,61595,99.54783396481724
random,4,4,12320,78.06,61600,99.54787193991088
random,4,4,12321,78.06,61605,99.54790990862638
random,4,4,12322,78.06,61610,99.54794787096534
random,4,4,12323,78.06,61615,99.5479858269294
random,4,4,12324,78.06,61620,99.54802377652017
random,4,4,12325,78.06,61625,99.54806171973921
random,4,4,12326,78.06,61630,99.54809965658816
random,4,4,12327,78.06,61635,99.54813758706861
random,4,4,12328,78.06,61640,99.54817551118217
random,4,4,12329,78.06,61645,99.54821342893044
random,4,4,12330,78.06,61650,99.548251340315
random,4,4,12331,78.06,61655,99.54828898394533
random,4,4,12332,78.06,61660,99.54832662130259
random,4,4,12333,78.06,61665,99.54836425238835
random,4,4,12334,78.06,61670,99.5484021384657
random,4,4,12335,78.06,61675,99.54844001818735
random,4,4,12336,78.06,61680,99.54847789155487
random,4,4,12337,78.06,61685,99.54851575856986
random,4,4,12338,78.06,61690,99.54855361923394
random,4,4,12339,78.06,61695,99.54859147354871
random,4,4,12340,78.06,61700,99.54862932151573
random,4,4,12341,78.06,61705,99.54866716313664
random,4,4,12342,78.06,61710,99.548704998413
random,4,4,12343,78.06,61715,99.54874282734643
random,4,4,12344,78.06,61720,99.54878038911478
random,4,4,12345,78.06,61725,99.5488166407243
random,4,4,12346,78.06,61730,99.54885288650928
random,4,4,12347,78.06,61735,99.54888912647112
random,4,4,12348,78.06,61740,99.54892405732582
random,4,4,12349,78.06,61745,99.54895898277134
random,4,4,12350,78.06,61750,99.54899390280893
random,4,4,12351,78.06,61755,99.54902881743986
random,4,4,12352,78.06,61760,99.54906372666538
random,4,4,12353,78.06,61765,99.54909863048672
random,4,4,12354,78.06,61770,99.54913352890519
random,4,4,12355,78.06,61775,99.54916842192199
random,4,4,12356,78.06,61780,99.5492033095384
random,4,4,12357,78.06,61785,99.54923949322647
random,4,4,12358,78.06,61790,99.54927436984445
random,4,4,12359,78.06,61795,99.54930924106587
random,4,4,12360,78.06,61800,99.54934540775119
random,4,4,12361,78.06,61805,99.54938286927543
random,4,4,12362,78.06,61810,99.54941902414528
random,4,4,12363,78.06,61815,99.54945517321389
random,4,4,12364,78.06,61820,99.54949131648264
random,4,4,12365,78.06,61825,99.54952875375392
random,4,4,12366,78.06,61830,99.54956644471974
random,4,4,12367,78.06,61835,99.5496041293789
random,4,4,12368,78.06,61840,99.54964180773294
random,4,4,12369,78.06,61845,99.54967947978346
random,4,4,12370,78.06,61850,99.54971688578983
random,4,4,12371,78.06,61855,99.54975298708266
random,4,4,12372,78.06,61860,99.54979038087872
random,4,4,12373,78.06,61865,99.54982776846407
random,4,4,12374,78.06,61870,99.54986514984023
random,4,4,12375,78.06,61875,99.54990252500878
random,4,4,12376,78.06,61880,99.54993989397124
random,4,4,12377,78.06,61885,99.54997725672915
random,4,4,12378,78.06,61890,99.55001487268291
random,4,4,12379,78.06,61895,99.55005248234882
random,4,4,12380,78.06,61900,99.55009008572841
random,4,4,12381,78.06,61905,99.5501276828233
random,4,4,12382,78.06,61910,99.55016527363505
random,4,4,12383,78.06,61915,99.55020285816524
random,4,4,12384,78.06,61920,99.55024043641542
random,4,4,12385,78.06,61925,99.55027800838721
random,4,4,12386,78.06,61930,99.55031557408213
random,4,4,12387,78.06,61935,99.5503528744928
random,4,4,12388,78.06,61940,99.550390168716
random,4,4,12389,78.06,61945,99.55042745675327
random,4,4,12390,78.06,61950,99.55046473860612
random,4,4,12391,78.06,61955,99.55050201427615
random,4,4,12392,78.06,61960,99.55053928376483
random,4,4,12393,78.06,61965,99.55057654707375
random,4,4,12394,78.06,61970,99.5506138042044
random,4,4,12395,78.06,61975,99.55065105515835
random,4,4,12396,78.06,61980,99.55068829993714
random,4,4,12397,78.06,61985,99.5507255385423
random,4,4,12398,78.06,61990,99.55076277097534
random,4,4,12399,78.06,61995,99.55079870476266
random,4,4,12400,78.06,62000,99.55083463280184
random,4,4,12401,78.06,62005,99.5508705550943
random,4,4,12402,78.06,62010,99.55090647164141
random,4,4,12403,78.06,62015,99.55094238244453
random,4,4,12404,78.06,62020,99.55097828750505
random,4,4,12405,78.06,62025,99.55101418682433
random,4,4,12406,78.06,62030,99.55104878936734
random,4,4,12407,78.06,62035,99.55108338657725
random,4,4,12408,78.06,62040,99.55111797845527
random,4,4,12409,78.06,62045,99.55115385544234
random,4,4,12410,78.06,62050,99.5511910169209
random,4,4,12411,78.06,62055,99.55122688223413
random,4,4,12412,78.06,62060,99.55126274181569
random,4,4,12413,78.06,62065,99.55129859566692
random,4,4,12414,78.06,62070,99.5513344437892
random,4,4,12415,78.06,62075,99.55137028618391
random,4,4,12416,78.06,62080,99.5514048338629
random,4,4,12417,78.06,62085,99.55143937622147
random,4,4,12418,78.06,62090,99.55147391326082
random,4,4,12419,78.06,62095,99.55150844498222
random,4,4,12420,78.06,62100,99.55154297138688
random,4,4,12421,78.06,62105,99.55157878047352
random,4,4,12422,78.06,62110,99.55161458384192
random,4,4,12423,78.06,62115,99.55165038149349
random,4,4,12424,78.06,62120,99.55168617342956
random,4,4,12425,78.06,62125,99.55172067247642
random,4,4,12426,78.06,62130,99.55175516621408
random,4,4,12427,78.06,62135,99.55178965464377
random,4,4,12428,78.06,62140,99.55182413776672
random,4,4,12429,78.06,62145,99.5518599019672
random,4,4,12430,78.06,62150,99.55189566046022
random,4,4,12431,78.06,62155,99.55193012727457
random,4,4,12432,78.06,62160,99.55196458878717
random,4,4,12433,78.06,62165,99.55199904499923
random,4,4,12434,78.06,62170,99.55203349591201
random,4,4,12435,78.06,62175,99.55206794152667
random,4,4,12436,78.06,62180,99.55210238184449
random,4,4,12437,78.06,62185,99.55213681686665
random,4,4,12438,78.06,62190,99.55217124659438
random,4,4,12439,78.06,62195,99.55220567102893
random,4,4,12440,78.06,62200,99.55224009017148
random,4,4,12441,78.06,62205,99.55227450402327
random,4,4,12442,78.06,62210,99.55231019638477
random,4,4,12443,78.06,62215,99.55234459946139
random,4,4,12444,78.06,62220,99.55237899725097
random,4,4,12445,78.06,62225,99.5524133897547
random,4,4,12446,78.06,62230,99.55244777697382
random,4,4,12447,78.06,62235,99.55248215890954
random,4,4,12448,78.06,62240,99.55251653556307
random,4,4,12449,78.06,62245,99.55255090693564
random,4,4,12450,78.06,62250,99.55258527302846
random,4,4,12451,78.06,62255,99.55262091586053
random,4,4,12452,78.06,62260,99.55265527120059
random,4,4,12453,78.06,62265,99.55269090288132
random,4,4,12454,78.06,62270,99.55272652888627
random,4,4,12455,78.06,62275,99.55276343041794
random,4,4,12456,78.06,62280,99.55280058205818
random,4,4,12457,78.06,62285,99.5528377275266
random,4,4,12458,78.06,62290,99.55287461071279
random,4,4,12459,78.06,62295,99.55291020746203
random,4,4,12460,78.06,62300,99.55294451838735
random,4,4,12461,78.06,62305,99.55297882404683
random,4,4,12462,78.06,62310,99.55301440420531
random,4,4,12463,78.06,62315,99.5530499787003
random,4,4,12464,78.06,62320,99.55308426817692
random,4,4,12465,78.06,62325,99.55311855239263
random,4,4,12466,78.06,62330,99.55315283134868
random,4,4,12467,78.06,62335,99.55318710504625
random,4,4,12468,78.06,62340,99.55322137348655
random,4,4,12469,78.06,62345,99.55325563667081
random,4,4,12470,78.06,62350,99.55328989460021
random,4,4,12471,78.06,62355,99.553324147276
random,4,4,12472,78.06,62360,99.55335967248665
random,4,4,12473,78.06,62365,99.55339519204693
random,4,4,12474,78.06,62370,99.5534307059582
random,4,4,12475,78.06,62375,99.55346493704404
random,4,4,12476,78.06,62380,99.55349916288243
random,4,4,12477,78.06,62385,99.55353338347456
random,4,4,12478,78.06,62390,99.55356759882163
random,4,4,12479,78.06,62395,99.55360180892487
random,4,4,12480,78.06,62400,99.55363601378548
random,4,4,12481,78.06,62405,99.55367021340464
random,4,4,12482,78.06,62410,99.55370440778358
random,4,4,12483,78.06,62415,99.55373859692351
random,4,4,12484,78.06,62420,99.553774056243
random,4,4,12485,78.06,62425,99.55380950992783
random,4,4,12486,78.06,62430,99.55384495797935
random,4,4,12487,78.06,62435,99.55388040039891
random,4,4,12488,78.06,62440,99.55391583718786
random,4,4,12489,78.06,62445,99.5539512683475
random,4,4,12490,78.06,62450,99.55398541967709
random,4,4,12491,78.06,62455,99.55401956577754
random,4,4,12492,78.06,62460,99.55405370665005
random,4,4,12493,78.06,62465,99.55408911591283
random,4,4,12494,78.06,62470,99.55412451955289
random,4,4,12495,78.06,62475,99.55416119077685
random,4,4,12496,78.06,62480,99.55419811056755
random,4,4,12497,78.06,62485,99.55423502424411
random,4,4,12498,78.06,62490,99.55427193180806
random,4,4,12499,78.06,62495,99.55430883326092
random,4,4,12500,78.06,62500,99.55434547417448
random,4,4,12501,78.06,62505,99.55438210906392
random,4,4,12502,78.06,62510,99.55441746619601
random,4,4,12503,78.06,62515,99.55445154617757
random,4,4,12504,78.06,62520,99.55448562094637
random,4,4,12505,78.06,62525,99.55451969050361
random,4,4,12506,78.06,62530,99.55455375485049
random,4,4,12507,78.06,62535,99.5545878139882
random,4,4,12508,78.06,62540,99.55462186791793
random,4,4,12509,78.06,62545,99.5546559166409
random,4,4,12510,78.06,62550,99.55469123033805
random,4,4,12511,78.06,62555,99.55472653843522
random,4,4,12512,78.06,62560,99.55476057115675
random,4,4,12513,78.06,62565,99.55479459867637
random,4,4,12514,78.06,62570,99.55482862099525
random,4,4,12515,78.06,62575,99.55486263811461
random,4,4,12516,78.06,62580,99.55489665003564
random,4,4,12517,78.06,62585,99.55493192556656
random,4,4,12518,78.06,62590,99.55496592690062
random,4,4,12519,78.06,62595,99.55499992303996
random,4,4,12520,78.06,62600,99.55503391398577
random,4,4,12521,78.06,62605,99.55506789973924
random,4,4,12522,78.06,62610,99.55510188030155
random,4,4,12523,78.06,62615,99.5551358556739
random,4,4,12524,78.06,62620,99.55516982585748
random,4,4,12525,78.06,62625,99.55520379085347
random,4,4,12526,78.06,62630,99.55523775066307
random,4,4,12527,78.06,62635,99.55527297215072
random,4,4,12528,78.06,62640,99.55530818806032
random,4,4,12529,78.06,62645,99.55534339839318
random,4,4,12530,78.06,62650,99.55537860315063
random,4,4,12531,78.06,62655,99.55541380233399
random,4,4,12532,78.06,62660,99.5554489959446
random,4,4,12533,78.06,62665,99.55548291832355
random,4,4,12534,78.06,62670,99.55551683552586
random,4,4,12535,78.06,62675,99.55555074755272
random,4,4,12536,78.06,62680,99.55558591948625
random,4,4,12537,78.06,62685,99.55561982097274
random,4,4,12538,78.06,62690,99.55565371728738
random,4,4,12539,78.06,62695,99.55568760843136
random,4,4,12540,78.06,62700,99.55572149440583
random,4,4,12541,78.06,62705,99.555755375212
random,4,4,12542,78.06,62710,99.55578925085103
random,4,4,12543,78.06,62715,99.55582312132412
random,4,4,12544,78.06,62720,99.55585698663246
random,4,4,12545,78.06,62725,99.55589211011554
random,4,4,12546,78.06,62730,99.55592722804383
random,4,4,12547,78.06,62735,99.55596234041863
random,4,4,12548,78.06,62740,99.55599744724128
random,4,4,12549,78.06,62745,99.55603254851309
random,4,4,12550,78.06,62750,99.55606764423536
random,4,4,12551,78.06,62755,99.55610147226913
random,4,4,12552,78.06,62760,99.55613529514785
random,4,4,12553,78.06,62765,99.55617037462837
random,4,4,12554,78.06,62770,99.55620418700826
random,4,4,12555,78.06,62775,99.55623925560073
random,4,4,12556,78.06,62780,99.55627431865143
random,4,4,12557,78.06,62785,99.55630937616165
random,4,4,12558,78.06,62790,99.55634568889182
random,4,4,12559,78.06,62795,99.55638199567862
random,4,4,12560,78.06,62800,99.55641829652352
random,4,4,12561,78.06,62805,99.55645459142796
random,4,4,12562,78.06,62810,99.55648962045943
random,4,4,12563,78.06,62815,99.55652590369351
random,4,4,12564,78.06,62820,99.55656218099148
random,4,4,12565,78.06,62825,99.55659845235478
random,4,4,12566,78.06,62830,99.55663471778487
random,4,4,12567,78.06,62835,99.55667097728322
random,4,4,12568,78.06,62840,99.55670597214619
random,4,4,12569,78.06,62845,99.55674096148485
random,4,4,12570,78.06,62850,99.5567759453005
random,4,4,12571,78.06,62855,99.55681092359445
random,4,4,12572,78.06,62860,99.55684589636802
random,4,4,12573,78.06,62865,99.55687960590328
random,4,4,12574,78.06,62870,99.55691331031053
random,4,4,12575,78.06,62875,99.55694700959097
random,4,4,12576,78.06,62880,99.55698196089115
random,4,4,12577,78.06,62885,99.55701564973025
random,4,4,12578,78.06,62890,99.557050590202
random,4,4,12579,78.06,62895,99.55708552516231
random,4,4,12580,78.06,62900,99.5571204546125
random,4,4,12581,78.06,62905,99.55715537855386
random,4,4,12582,78.06,62910,99.55719155294386
random,4,4,12583,78.06,62915,99.55722797257377
random,4,4,12584,78.06,62920,99.55726438621338
random,4,4,12585,78.06,62925,99.55730079386414
random,4,4,12586,78.06,62930,99.55733719552755
random,4,4,12587,78.06,62935,99.55737359120508
random,4,4,12588,78.06,62940,99.55740998089821
random,4,4,12589,78.06,62945,99.55744636460841
random,4,4,12590,78.06,62950,99.55748249147675
random,4,4,12591,78.06,62955,99.5575186124473
random,4,4,12592,78.06,62960,99.5575547275215
random,4,4,12593,78.06,62965,99.55759083670081
random,4,4,12594,78.06,62970,99.5576271906833
random,4,4,12595,78.06,62975,99.55766353869168
random,4,4,12596,78.06,62980,99.55769963011313
random,4,4,12597,78.06,62985,99.55773571564548
random,4,4,12598,78.06,62990,99.55777179529015
random,4,4,12599,78.06,62995,99.55780811954023
random,4,4,12600,78.06,63000,99.5578444378235
random,4,4,12601,78.06,63005,99.55788075014146
random,4,4,12602,78.06,63010,99.55791705649555
random,4,4,12603,78.06,63015,99.55795335688727
random,4,4,12604,78.06,63020,99.55798965131805
random,4,4,12605,78.06,63025,99.55802593978939
random,4,4,12606,78.06,63030,99.55806222230275
random,4,4,12607,78.06,63035,99.55809849885958
random,4,4,12608,78.06,63040,99.55813476946138
random,4,4,12609,78.06,63045,99.55817103410958
random,4,4,12610,78.06,63050,99.55820729280566
random,4,4,12611,78.06,63055,99.55824354555112
random,4,4,12612,78.06,63060,99.55827979234736
random,4,4,12613,78.06,63065,99.5583160331959
random,4,4,12614,78.06,63070,99.55835201822265
random,4,4,12615,78.06,63075,99.5583879973863
random,4,4,12616,78.06,63080,99.55842397068831
random,4,4,12617,78.06,63085,99.5584599381301
random,4,4,12618,78.06,63090,99.55849589971308
random,4,4,12619,78.06,63095,99.55853060707415
random,4,4,12620,78.06,63100,99.55856530897884
random,4,4,12621,78.06,63105,99.55860000542845
random,4,4,12622,78.06,63110,99.55863469642424
random,4,4,12623,78.06,63115,99.55866938196752
random,4,4,12624,78.06,63120,99.55870406205958
random,4,4,12625,78.06,63125,99.55873873670168
random,4,4,12626,78.06,63130,99.55877465288691
random,4,4,12627,78.06,63135,99.55880931643703
random,4,4,12628,78.06,63140,99.55884397454112
random,4,4,12629,78.06,63145,99.55887987359755
random,4,4,12630,78.06,63150,99.55891576681188
random,4,4,12631,78.06,63155,99.55895165418556
random,4,4,12632,78.06,63160,99.55898778487689
random,4,4,12633,78.06,63165,99.55902390964904
random,4,4,12634,78.06,63170,99.5590600285035
random,4,4,12635,78.06,63175,99.5590958924072
random,4,4,12636,78.06,63180,99.55913175047738
random,4,4,12637,78.06,63185,99.55916785166896
random,4,4,12638,78.06,63190,99.55920394694861
random,4,4,12639,78.06,63195,99.5592400363178
random,4,4,12640,78.06,63200,99.55927611977798
random,4,4,12641,78.06,63205,99.55931219733058
random,4,4,12642,78.06,63210,99.55934826897706
random,4,4,12643,78.06,63215,99.55938433471889
random,4,4,12644,78.06,63220,99.55942039455749
random,4,4,12645,78.06,63225,99.55945644849433
random,4,4,12646,78.06,63230,99.55949249653085
random,4,4,12647,78.06,63235,99.55952829012222
random,4,4,12648,78.06,63240,99.55956432640312
random,4,4,12649,78.06,63245,99.55960035678802
random,4,4,12650,78.06,63250,99.5596363812784
random,4,4,12651,78.06,63255,99.55967239987568
random,4,4,12652,78.06,63260,99.5597084125813
random,4,4,12653,78.06,63265,99.55974441939674
random,4,4,12654,78.06,63270,99.55978042032342
random,4,4,12655,78.06,63275,99.55981641536277
random,4,4,12656,78.06,63280,99.55985240451628
random,4,4,12657,78.06,63285,99.55988838778535
random,4,4,12658,78.06,63290,99.55992436517145
random,4,4,12659,78.06,63295,99.559960336676
random,4,4,12660,78.06,63300,99.55999630230046
random,4,4,12661,78.06,63305,99.56003226204628
random,4,4,12662,78.06,63310,99.56006821591487
random,4,4,12663,78.06,63315,99.5601041639077
random,4,4,12664,78.06,63320,99.56014010602618
random,4,4,12665,78.06,63325,99.56017604227179
random,4,4,12666,78.06,63330,99.56021197264593
random,4,4,12667,78.06,63335,99.56024789715006
random,4,4,12668,78.06,63340,99.56028381578562
random,4,4,12669,78.06,63345,99.56031972855403
random,4,4,12670,78.06,63350,99.56035563545676
random,4,4,12671,78.06,63355,99.56039153649522
random,4,4,12672,78.06,63360,99.56042718413799
random,4,4,12673,78.06,63365,99.56046158853214
random,4,4,12674,78.06,63370,99.5604959875412
random,4,4,12675,78.06,63375,99.56053038116643
random,4,4,12676,78.06,63380,99.56056476940908
random,4,4,12677,78.06,63385,99.56060038896378
random,4,4,12678,78.06,63390,99.56063600274447
random,4,4,12679,78.06,63395,99.56067161075256
random,4,4,12680,78.06,63400,99.5607059768974
random,4,4,12681,78.06,63405,99.56073910176042
random,4,4,12682,78.06,63410,99.5607734573476
random,4,4,12683,78.06,63415,99.56080780756112
random,4,4,12684,78.06,63420,99.56084338772814
random,4,4,12685,78.06,63425,99.56087896213073
random,4,4,12686,78.06,63430,99.56091329584466
random,4,4,12687,78.06,63435,99.56094638945056
random,4,4,12688,78.06,63440,99.56097947806838
random,4,4,12689,78.06,63445,99.56101256169921
random,4,4,12690,78.06,63450,99.56104564034422
random,4,4,12691,78.06,63455,99.5610787140045
random,4,4,12692,78.06,63460,99.5611130164906
random,4,4,12693,78.06,63465,99.5611473136155
random,4,4,12694,78.06,63470,99.5611816053805
random,4,4,12695,78.06,63475,99.56121465855576
random,4,4,12696,78.06,63480,99.56124893979735
random,4,4,12697,78.06,63485,99.56128444852848
random,4,4,12698,78.06,63490,99.56131995151254
random,4,4,12699,78.06,63495,99.56135544875092
random,4,4,12700,78.06,63500,99.56138970799769
random,4,4,12701,78.06,63505,99.56142396189344
random,4,4,12702,78.06,63510,99.5614594423018
random,4,4,12703,78.06,63515,99.56149491696996
random,4,4,12704,78.06,63520,99.56153038589932
random,4,4,12705,78.06,63525,99.56156584909127
random,4,4,12706,78.06,63530,99.56160130654716
random,4,4,12707,78.06,63535,99.56163675826845
random,4,4,12708,78.06,63540,99.56167245038914
random,4,4,12709,78.06,63545,99.5617081366981
random,4,4,12710,78.06,63550,99.56174381719676
random,4,4,12711,78.06,63555,99.56177924587408
random,4,4,12712,78.06,63560,99.56181466882373
random,4,4,12713,78.06,63565,99.56185033198004
random,4,4,12714,78.06,63570,99.56188574343881
random,4,4,12715,78.06,63575,99.56191991990418
random,4,4,12716,78.06,63580,99.5619540910379
random,4,4,12717,78.06,63585,99.56198825684119
random,4,4,12718,78.06,63590,99.56202241731532
random,4,4,12719,78.06,63595,99.5620553439515
random,4,4,12720,78.06,63600,99.56208826563729
random,4,4,12721,78.06,63605,99.56212118237377
random,4,4,12722,78.06,63610,99.56215409416211
random,4,4,12723,78.06,63615,99.56218822877489
random,4,4,12724,78.06,63620,99.56222358563896
random,4,4,12725,78.06,63625,99.56225893679279
random,4,4,12726,78.06,63630,99.56229428223776
random,4,4,12727,78.06,63635,99.56232986737014
random,4,4,12728,78.06,63640,99.56236544671691
random,4,4,12729,78.06,63645,99.56240077496435
random,4,4,12730,78.06,63650,99.56243487112681
random,4,4,12731,78.06,63655,99.56247018816697
random,4,4,12732,78.06,63660,99.56250574470423
random,4,4,12733,78.06,63665,99.56254129546284
random,4,4,12734,78.06,63670,99.56257684044422
random,4,4,12735,78.06,63675,99.56261237964976
random,4,4,12736,78.06,63680,99.5626479130809
random,4,4,12737,78.06,63685,99.56268344073901
random,4,4,12738,78.06,63690,99.56271896262552
random,4,4,12739,78.06,63695,99.56275447874184
random,4,4,12740,78.06,63700,99.56278998908935
random,4,4,12741,78.06,63705,99.56282549366948
random,4,4,12742,78.06,63710,99.56286074768397
random,4,4,12743,78.06,63715,99.56289477220804
random,4,4,12744,78.06,63720,99.56292879143595
random,4,4,12745,78.06,63725,99.56296280536895
random,4,4,12746,78.06,63730,99.56299681400829
random,4,4,12747,78.06,63735,99.56303081735517
random,4,4,12748,78.06,63740,99.56306481541084
random,4,4,12749,78.06,63745,99.56309880817653
random,4,4,12750,78.06,63750,99.56313401812608
random,4,4,12751,78.06,63755,99.56316946685521
random,4,4,12752,78.06,63760,99.56320490983197
random,4,4,12753,78.06,63765,99.56324034705774
random,4,4,12754,78.06,63770,99.56327577853394
random,4,4,12755,78.06,63775,99.56331120426194
random,4,4,12756,78.06,63780,99.56334662424315
random,4,4,12757,78.06,63785,99.56338203847899
random,4,4,12758,78.06,63790,99.56341744697083
random,4,4,12759,78.06,63795,99.56345284972006
random,4,4,12760,78.06,63800,99.56348824672811
random,4,4,12761,78.06,63805,99.56352363799637
random,4,4,12762,78.06,63810,99.56355902352621
random,4,4,12763,78.06,63815,99.56359440331906
random,4,4,12764,78.06,63820,99.56362977737628
random,4,4,12765,78.06,63825,99.56366514569929
random,4,4,12766,78.06,63830,99.56370050828947
random,4,4,12767,78.06,63835,99.56373586514822
random,4,4,12768,78.06,63840,99.56377121627693
random,4,4,12769,78.06,63845,99.563806561677
random,4,4,12770,78.06,63850,99.56384190134983
random,4,4,12771,78.06,63855,99.56387723529679
random,4,4,12772,78.06,63860,99.56391256351928
random,4,4,12773,78.06,63865,99.56394788601868
random,4,4,12774,78.06,63870,99.56398320279641
random,4,4,12775,78.06,63875,99.56401851385384
random,4,4,12776,78.06,63880,99.56405381919235
random,4,4,12777,78.06,63885,99.56408911881336
random,4,4,12778,78.06,63890,99.56412441271823
random,4,4,12779,78.06,63895,99.56415970090836
random,4,4,12780,78.06,63900,99.56419498338515
random,4,4,12781,78.06,63905,99.56423026014996
random,4,4,12782,78.06,63910,99.56426553120419
random,4,4,12783,78.06,63915,99.56430079654923
random,4,4,12784,78.06,63920,99.56433605618648
random,4,4,12785,78.06,63925,99.5643713101173
random,4,4,12786,78.06,63930,99.56440655834307
random,4,4,12787,78.06,63935,99.5644418008652
random,4,4,12788,78.06,63940,99.56447703768507
random,4,4,12789,78.06,63945,99.56451226880405
random,4,4,12790,78.06,63950,99.56454749422353
random,4,4,12791,78.06,63955,99.5645827139449
random,4,4,12792,78.06,63960,99.56461792796954
random,4,4,12793,78.06,63965,99.56465313629882
random,4,4,12794,78.06,63970,99.56468833893413
random,4,4,12795,78.06,63975,99.56472353587685
random,4,4,12796,78.06,63980,99.56475872712836
random,4,4,12797,78.06,63985,99.56479391269005
random,4,4,12798,78.06,63990,99.56482909256329
random,4,4,12799,78.06,63995,99.56486426674947
random,4,4,12800,78.06,64000,99.56489943524994
random,4,4,12801,78.06,64005,99.56493459806612
random,4,4,12802,78.06,64010,99.56496975519936
random,4,4,12803,78.06,64015,99.56500490665104
random,4,4,12804,78.06,64020,99.56504005242253
random,4,4,12805,78.06,64025,99.56507519251524
random,4,4,12806,78.06,64030,99.56511032693052
random,4,4,12807,78.06,64035,99.56514545566974
random,4,4,12808,78.06,64040,99.56518057873429
random,4,4,12809,78.06,64045,99.56521569612555
random,4,4,12810,78.06,64050,99.56525080784486
random,4,4,12811,78.06,64055,99.56528591389365
random,4,4,12812,78.06,64060,99.56532101427325
random,4,4,12813,78.06,64065,99.56535610898504
random,4,4,12814,78.06,64070,99.5653911980304
random,4,4,12815,78.06,64075,99.5654262814107
random,4,4,12816,78.06,64080,99.56546135912731
random,4,4,12817,78.06,64085,99.56549643118161
random,4,4,12818,78.06,64090,99.56553149757497
random,4,4,12819,78.06,64095,99.56556655830875
random,4,4,12820,78.06,64100,99.56560161338433
random,4,4,12821,78.06,64105,99.56563666280306
random,4,4,12822,78.06,64110,99.56567170656633
random,4,4,12823,78.06,64115,99.56570674467551
random,4,4,12824,78.06,64120,99.56574177713196
random,4,4,12825,78.06,64125,99.56577680393704
random,4,4,12826,78.06,64130,99.56581182509214
random,4,4,12827,78.06,64135,99.56584684059861
random,4,4,12828,78.06,64140,99.5658818504578
random,4,4,12829,78.06,64145,99.56591685467112
random,4,4,12830,78.06,64150,99.5659518532399
random,4,4,12831,78.06,64155,99.56598684616552
random,4,4,12832,78.06,64160,99.56602183344934
random,4,4,12833,78.06,64165,99.56605681509274
random,4,4,12834,78.06,64170,99.56609179109705
random,4,4,12835,78.06,64175,99.56612676146365
random,4,4,12836,78.06,64180,99.56616172619391
random,4,4,12837,78.06,64185,99.5661966852892
random,4,4,12838,78.06,64190,99.56623163875086
random,4,4,12839,78.06,64195,99.56626658658027
random,4,4,12840,78.06,64200,99.56630152877878
random,4,4,12841,78.06,64205,99.56633646534775
random,4,4,12842,78.06,64210,99.56637139628855
random,4,4,12843,78.06,64215,99.56640632160253
random,4,4,12844,78.06,64220,99.56644124129106
random,4,4,12845,78.06,64225,99.56647615535549
random,4,4,12846,78.06,64230,99.56651106379718
random,4,4,12847,78.06,64235,99.5665459666175
random,4,4,12848,78.06,64240,99.56658086381778
random,4,4,12849,78.06,64245,99.56661551478703
random,4,4,12850,78.06,64250,99.5666504007901
random,4,4,12851,78.06,64255,99.56668528117719
random,4,4,12852,78.06,64260,99.56671991545322
random,4,4,12853,78.06,64265,99.56675478465115
random,4,4,12854,78.06,64270,99.56678964823719
random,4,4,12855,78.06,64275,99.56682450621268
random,4,4,12856,78.06,64280,99.56685911823703
random,4,4,12857,78.06,64285,99.5668937247306
random,4,4,12858,78.06,64290,99.5669285659599
random,4,4,12859,78.06,64295,99.56696316135753
random,4,4,12860,78.06,64300,99.5669979914165
random,4,4,12861,78.06,64305,99.56703281587302
random,4,4,12862,78.06,64310,99.56706763472843
random,4,4,12863,78.06,64315,99.56710244798408
random,4,4,12864,78.06,64320,99.56713725564133
random,4,4,12865,78.06,64325,99.56717205770153
random,4,4,12866,78.06,64330,99.56720661420955
random,4,4,12867,78.06,64335,99.5672399656054
random,4,4,12868,78.06,64340,99.56727331186146
random,4,4,12869,78.06,64345,99.56730545374725
random,4,4,12870,78.06,64350,99.56733759085856
random,4,4,12871,78.06,64355,99.56736972319644
random,4,4,12872,78.06,64360,99.56740185076195
random,4,4,12873,78.06,64365,99.56743397355618
random,4,4,12874,78.06,64370,99.56746609158016
random,4,4,12875,78.06,64375,99.56749820483498
random,4,4,12876,78.06,64380,99.56753031332168
random,4,4,12877,78.06,64385,99.56756241704134
random,4,4,12878,78.06,64390,99.56759451599501
random,4,4,12879,78.06,64395,99.56762661018375
random,4,4,12880,78.06,64400,99.56765989688307
random,4,4,12881,78.06,64405,99.56769317845755
random,4,4,12882,78.06,64410,99.56772645490838
random,4,4,12883,78.06,64415,99.56775972623674
random,4,4,12884,78.06,64420,99.5677941889746
random,4,4,12885,78.06,64425,99.56782864621742
random,4,4,12886,78.06,64430,99.56786333719559
random,4,4,12887,78.06,64435,99.56789802260482
random,4,4,12888,78.06,64440,99.56793270244646
random,4,4,12889,78.06,64445,99.56796737672182
random,4,4,12890,78.06,64450,99.56800204543228
random,4,4,12891,78.06,64455,99.56803670857917
random,4,4,12892,78.06,64460,99.56807136616382
random,4,4,12893,78.06,64465,99.56810601818758
random,4,4,12894,78.06,64470,99.56814042572967
random,4,4,12895,78.06,64475,99.56817482778993
random,4,4,12896,78.06,64480,99.56820922436968
random,4,4,12897,78.06,64485,99.56824385427815
random,4,4,12898,78.06,64490,99.5682784786324
random,4,4,12899,78.06,64495,99.56831309743372
random,4,4,12900,78.06,64500,99.56834771068348
random,4,4,12901,78.06,64505,99.56838207972822
random,4,4,12902,78.06,64510,99.56841525021245
random,4,4,12903,78.07,64515,99.56839313099907
random,4,4,12904,78.07,64520,99.5684262955365
random,4,4,12905,78.07,64525,99.56845945497761
random,4,4,12906,78.07,64530,99.56849380183104
random,4,4,12907,78.07,64535,99.56852814321748
random,4,4,12908,78.07,64540,99.56856247913825
random,4,4,12909,78.07,64545,99.56859704798148
random,4,4,12910,78.07,64550,99.56863161128553
random,4,4,12911,78.07,64555,99.56866593074125
random,4,4,12912,78.07,64560,99.56869905336984
random,4,4,12913,78.07,64565,99.5687333620955
random,4,4,12914,78.07,64570,99.56876766536327
random,4,4,12915,78.07,64575,99.56880196317445
random,4,4,12916,78.07,64580,99.56883649365267
random,4,4,12917,78.07,64585,99.56887101860089
random,4,4,12918,78.07,64590,99.56890553802047
random,4,4,12919,78.07,64595,99.56894005191272
random,4,4,12920,78.07,64600,99.56897456027896
random,4,4,12921,78.07,64605,99.56900906312055
random,4,4,12922,78.07,64610,99.56904356043879
random,4,4,12923,78.08,64615,99.5690228553671
random,4,4,12924,78.09,64620,99.56900215360942
random,4,4,12925,78.10000000000001,64625,99.56898145516496
random,4,4,12926,78.10000000000001,64630,99.56901594365091
random,4,4,12927,78.10000000000001,64635,99.569050426618
random,4,4,12928,78.10000000000001,64640,99.5690849040676
random,4,4,12929,78.10000000000001,64645,99.569119376001
random,4,4,12930,78.10000000000001,64650,99.56915360473899
random,4,4,12931,78.10000000000001,64655,99.56918782803919
random,4,4,12932,78.10000000000001,64660,99.56922204590295
random,4,4,12933,78.10000000000001,64665,99.56925625833154
random,4,4,12934,78.10000000000001,64670,99.56929046532623
random,4,4,12935,78.10000000000001,64675,99.56932347942514
random,4,4,12936,78.10000000000001,64680,99.56935648846333
random,4,4,12937,78.10000000000001,64685,99.56938830533623
random,4,4,12938,78.10000000000001,64690,99.56942011750806
random,4,4,12939,78.10000000000001,64695,99.56945192497989
random,4,4,12940,78.10000000000001,64700,99.56948491433246
random,4,4,12941,78.10000000000001,64705,99.56951908502137
random,4,4,12942,78.10000000000001,64710,99.56955206408328
random,4,4,12943,78.10000000000001,64715,99.56958503809255
random,4,4,12944,78.10000000000001,64720,99.56961800705034
random,4,4,12945,78.10000000000001,64725,99.56965097095778
random,4,4,12946,78.10000000000001,64730,99.56968392981605
random,4,4,12947,78.10000000000001,64735,99.56971688362633
random,4,4,12948,78.10000000000001,64740,99.56974864726992
random,4,4,12949,78.10000000000001,64745,99.56978040622425
random,4,4,12950,78.10000000000001,64750,99.56981334526031
random,4,4,12951,78.10000000000001,64755,99.56984509466437
random,4,4,12952,78.10000000000001,64760,99.56987683938232
random,4,4,12953,78.10000000000001,64765,99.5699085794152
random,4,4,12954,78.10000000000001,64770,99.56994149882821
random,4,4,12955,78.10000000000001,64775,99.56997441320227
random,4,4,12956,78.10000000000001,64780,99.57000850623378
random,4,4,12957,78.10000000000001,64785,99.57004141035226
random,4,4,12958,78.10000000000001,64790,99.5700743094353
random,4,4,12959,78.10000000000001,64795,99.57010720348406
random,4,4,12960,78.10000000000001,64800,99.57014127546404
random,4,4,12961,78.10000000000001,64805,99.57017534204357
random,4,4,12962,78.10000000000001,64810,99.57020963974102
random,4,4,12963,78.10000000000001,64815,99.57024369548601
random,4,4,12964,78.10000000000001,64820,99.57027774583442
random,4,4,12965,78.10000000000001,64825,99.5703117907875
random,4,4,12966,78.10000000000001,64830,99.57034583034657
random,4,4,12967,78.10000000000001,64835,99.57037868286136
random,4,4,12968,78.10000000000001,64840,99.57041153035254
random,4,4,12969,78.10000000000001,64845,99.57044555411149
random,4,4,12970,78.10000000000001,64850,99.57047957248143
random,4,4,12971,78.10000000000001,64855,99.57051358546367
random,4,4,12972,78.10000000000001,64860,99.57054759305947
random,4,4,12973,78.10000000000001,64865,99.57058159527013
random,4,4,12974,78.11,64870,99.57055943279317
random,4,4,12975,78.11,64875,99.57059224845068
random,4,4,12976,78.12,64880,99.57057008854656
random,4,4,12977,78.12,64885,99.57060289837547
random,4,4,12978,78.12,64890,99.57063570319121
random,4,4,12979,78.12,64895,99.57066850299493
random,4,4,12980,78.12,64900,99.57070247736324
random,4,4,12981,78.12,64905,99.57073644635497
random,4,4,12982,78.13,64910,99.57071546506741
random,4,4,12983,78.14999999999999,64915,99.5706397824355
random,4,4,12984,78.14999999999999,64920,99.5706739841619
random,4,4,12985,78.14999999999999,64925,99.5707081804399
random,4,4,12986,78.14999999999999,64930,99.57074237127077
random,4,4,12987,78.2,64935,99.57050194152895
random,4,4,12988,78.23,64940,99.57037138738244
random,4,4,12989,78.23,64945,99.5704055968633
random,4,4,12990,78.24,64950,99.5703848909901
random,4,4,12991,78.24,64955,99.57041909394886
random,4,4,12992,78.24,64960,99.57045329146204
random,4,4,12993,78.24,64965,99.57048748353097
random,4,4,12994,78.24,64970,99.57052167015691
random,4,4,12995,78.24,64975,99.5705558513412
random,4,4,12996,78.25,64980,99.57053514339735
random,4,4,12997,78.28,64985,99.57040468010844
random,4,4,12998,78.28,64990,99.57043886244222
random,4,4,12999,78.32000000000001,64995,99.57025355698585
random,4,4,13000,78.32000000000001,65000,99.57028774590356
random,4,4,13001,78.32000000000001,65005,99.57032192938182
random,4,4,13002,78.32000000000001,65010,99.57035610742194
random,4,4,13003,78.34,65015,99.57028057376375
random,4,4,13004,78.34,65020,99.5703147496565
random,4,4,13005,78.34,65025,99.57034892011364
random,4,4,13006,78.34,65030,99.57038308513643
random,4,4,13007,78.34,65035,99.57041724472617
random,4,4,13008,78.34,65040,99.57045139888419
random,4,4,13009,78.35,65045,99.57043072064565
random,4,4,13010,78.35,65050,99.5704648683024
random,4,4,13011,78.35,65055,99.57049901053058
random,4,4,13012,78.35,65060,99.57053314733152
random,4,4,13013,78.35,65065,99.57056727870649
random,4,4,13014,78.35,65070,99.5706014046568
random,4,4,13015,78.35,65075,99.57063552518372
random,4,4,13016,78.35,65080,99.57066964028856
random,4,4,13017,78.35,65085,99.5707037499726
random,4,4,13018,78.35,65090,99.57073785423715
random,4,4,13019,78.35,65095,99.57077195308348
random,4,4,13020,78.35,65100,99.5708060465129
random,4,4,13021,78.35,65105,99.57084013452669
random,4,4,13022,78.35,65110,99.57087421712615
random,4,4,13023,78.35,65115,99.57090829431256
random,4,4,13024,78.35,65120,99.5709423660872
random,4,4,13025,78.35,65125,99.57097643245137
random,4,4,13026,78.35,65130,99.57101049340638
random,4,4,13027,78.35,65135,99.57104454895348
random,4,4,13028,78.35,65140,99.571078599094
random,4,4,13029,78.35,65145,99.57111264382917
random,4,4,13030,78.35,65150,99.57114668316032
random,4,4,13031,78.35,65155,99.57118071708874
random,4,4,13032,78.35,65160,99.57121474561569
random,4,4,13033,78.35,65165,99.57124876874246
random,4,4,13034,78.35,65170,99.57128278647038
random,4,4,13035,78.35,65175,99.57131679880067
random,4,4,13036,78.35,65180,99.57135080573465
random,4,4,13037,78.35,65185,99.5713848072736
random,4,4,13038,78.35,65190,99.5714188034188
random,4,4,13039,78.35,65195,99.57145279417155
random,4,4,13040,78.35,65200,99.57148677953309
random,4,4,13041,78.35,65205,99.57152075950475
random,4,4,13042,78.35,65210,99.57155473408778
random,4,4,13043,78.35,65215,99.57158870328348
random,4,4,13044,78.35,65220,99.57162266709312
random,4,4,13045,78.35,65225,99.571656625518
random,4,4,13046,78.35,65230,99.57169057855938
random,4,4,13047,78.35,65235,99.57172452621855
random,4,4,13048,78.35,65240,99.57175846849678
random,4,4,13049,78.35,65245,99.57179240539537
random,4,4,13050,78.35,65250,99.57182633691556
random,4,4,13051,78.35,65255,99.57186026305868
random,4,4,13052,78.35,65260,99.57189418382596
random,4,4,13053,78.35,65265,99.57192809921871
random,4,4,13054,78.35,65270,99.57196200923819
random,4,4,13055,78.35,65275,99.57199591388569
random,4,4,13056,78.35,65280,99.57202981316247
random,4,4,13057,78.35,65285,99.57206370706983
random,4,4,13058,78.35,65290,99.57209736191334
random,4,4,13059,78.35,65295,99.57213124512265
random,4,4,13060,78.35,65300,99.57216512296635
random,4,4,13061,78.35,65305,99.5721989954457
random,4,4,13062,78.35,65310,99.57223286256199
random,4,4,13063,78.35,65315,99.57226672431648
random,4,4,13064,78.35,65320,99.57230034723644
random,4,4,13065,78.35,65325,99.57233419830811
random,4,4,13066,78.35,65330,99.57236804402181
random,4,4,13067,78.35,65335,99.57240188437878
random,4,4,13068,78.35,65340,99.57243571938031
random,4,4,13069,78.35,65345,99.57246954902767
random,4,4,13070,78.35,65350,99.57250337332214
random,4,4,13071,78.35,65355,99.57253719226496
random,4,4,13072,78.35,65360,99.57257100585744
random,4,4,13073,78.4,65365,99.57233206669439
random,4,4,13074,78.4,65370,99.57236589116167
random,4,4,13075,78.47,65375,99.57201792430602
random,4,4,13076,78.51,65380,99.57183362210431
random,4,4,13077,78.52,65385,99.5718129457328
random,4,4,13078,78.53999999999999,65390,99.57173774471447
random,4,4,13079,78.53999999999999,65395,99.57177160279772
random,4,4,13080,78.53999999999999,65400,99.5718054555278
random,4,4,13081,78.53999999999999,65405,99.57183930290597
random,4,4,13082,78.53999999999999,65410,99.57187314493353
random,4,4,13083,78.53999999999999,65415,99.57190698161173
random,4,4,13084,78.53999999999999,65420,99.57194081294183
random,4,4,13085,78.53999999999999,65425,99.57197463892513
random,4,4,13086,78.53999999999999,65430,99.57200845956287
random,4,4,13087,78.53999999999999,65435,99.57204227485632
random,4,4,13088,78.53999999999999,65440,99.57207585165297
random,4,4,13089,78.53999999999999,65445,99.57210965629847
random,4,4,13090,78.53999999999999,65450,99.57214345560348
random,4,4,13091,78.53999999999999,65455,99.57217724956926
random,4,4,13092,78.53999999999999,65460,99.57221103819708
random,4,4,13093,78.53999999999999,65465,99.57224482148818
random,4,4,13094,78.53999999999999,65470,99.57227859944386
random,4,4,13095,78.53999999999999,65475,99.57231237206537
random,4,4,13096,78.53999999999999,65480,99.57234613935395
random,4,4,13097,78.53999999999999,65485,99.57237990131091
random,4,4,13098,78.53999999999999,65490,99.57241365793746
random,4,4,13099,78.53999999999999,65495,99.5724474092349
random,4,4,13100,78.53999999999999,65500,99.57248115520447
random,4,4,13101,78.53999999999999,65505,99.57251489584745
random,4,4,13102,78.53999999999999,65510,99.57254863116509
random,4,4,13103,78.53999999999999,65515,99.57258236115865
random,4,4,13104,78.53999999999999,65520,99.5726160858294
random,4,4,13105,78.53999999999999,65525,99.5726498051786
random,4,4,13106,78.53999999999999,65530,99.57268351920749
random,4,4,13107,78.53999999999999,65535,99.57271722791732
random,4,4,13108,78.53999999999999,65540,99.5727509313094
random,4,4,13109,78.57,65545,99.57262144551535
random,4,4,13110,78.57,65550,99.5726551511453
random,4,4,13111,78.57,65555,99.5726888514592
random,4,4,13112,78.57,65560,99.57272254645834
random,4,4,13113,78.57,65565,99.57275623614395
random,4,4,13114,78.57,65570,99.57278992051728
random,4,4,13115,78.57,65575,99.57282336732841
random,4,4,13116,78.57,65580,99.5728570411176
random,4,4,13117,78.57,65585,99.57289047742005
random,4,4,13118,78.57,65590,99.57292274777492
random,4,4,13119,78.57,65595,99.57295617379167
random,4,4,13120,78.57,65600,99.57298982664702
random,4,4,13121,78.57,65605,99.57302347419882
random,4,4,13122,78.57,65610,99.57305711644831
random,4,4,13123,78.57,65615,99.57309052143593
random,4,4,13124,78.57,65620,99.57312392119663
random,4,4,13125,78.57,65625,99.57315731573158
random,4,4,13126,78.57,65630,99.57319093689398
random,4,4,13127,78.59,65635,99.5731159170349
random,4,4,13128,78.60000000000001,65640,99.57309522257707
random,4,4,13129,78.60000000000001,65645,99.57312884068637
random,4,4,13130,78.60000000000001,65650,99.57316245350131
random,4,4,13131,78.60000000000001,65655,99.57319606102318
random,4,4,13132,78.60000000000001,65660,99.57322966325323
random,4,4,13133,78.60000000000001,65665,99.57326302850777
random,4,4,13134,78.60000000000001,65670,99.57329638854567
random,4,4,13135,78.60000000000001,65675,99.57332997498062
random,4,4,13136,78.60000000000001,65680,99.57336332455272
random,4,4,13137,78.60000000000001,65685,99.57339690045168
random,4,4,13138,78.60000000000001,65690,99.57343047106627
random,4,4,13139,78.60000000000001,65695,99.57346403639774
random,4,4,13140,78.60000000000001,65700,99.57349759644734
random,4,4,13141,78.60000000000001,65705,99.5735311512163
random,4,4,13142,78.60000000000001,65710,99.5735647007059
random,4,4,13143,78.60000000000001,65715,99.57359801359604
random,4,4,13144,78.60000000000001,65720,99.57363132128182
random,4,4,13145,78.60000000000001,65725,99.57366462376446
random,4,4,13146,78.60000000000001,65730,99.57369815225809
random,4,4,13147,78.60000000000001,65735,99.57373167547856
random,4,4,13148,78.60000000000001,65740,99.57376519342709
random,4,4,13149,78.60000000000001,65745,99.57379870610494
random,4,4,13150,78.60000000000001,65750,99.57383221351331
random,4,4,13151,78.60000000000001,65755,99.5738657156535
random,4,4,13152,78.60000000000001,65760,99.57389921252671
random,4,4,13153,78.60000000000001,65765,99.57393270413421
random,4,4,13154,78.60000000000001,65770,99.57396619047722
random,4,4,13155,78.60000000000001,65775,99.573999671557
random,4,4,13156,78.61,65780,99.57397895311871
random,4,4,13157,78.63,65785,99.57390404793864
random,4,4,13158,78.66,65790,99.57377496878901
random,4,4,13159,78.69,65795,99.57364590992111
random,4,4,13160,78.73,65800,99.57346269410345
random,4,4,13161,78.73,65805,99.57349619895348
random,4,4,13162,78.77,65810,99.57331302367606
random,4,4,13163,78.77,65815,99.57334653501813
random,4,4,13164,78.82000000000001,65820,99.57310924005645
random,4,4,13165,78.88,65825,99.57281782640742
random,4,4,13166,78.88,65830,99.57285136873844
random,4,4,13167,78.88,65835,99.57288490580238
random,4,4,13168,78.88,65840,99.57291843760049
random,4,4,13169,78.94,65845,99.57262713043534
random,4,4,13170,78.94,65850,99.57266067720344
random,4,4,13171,78.94,65855,99.57269421870542
random,4,4,13172,78.94,65860,99.57272775494253
random,4,4,13173,78.96,65865,99.57265304200568
random,4,4,13174,78.97999999999999,65870,99.57257834079437
random,4,4,13175,79.01,65875,99.57244953784398
random,4,4,13176,79.01,65880,99.57248308275355
random,4,4,13177,79.02,65885,99.57246251742856
random,4,4,13178,79.02,65890,99.57249605605702
random,4,4,13179,79.02,65895,99.57252958942392
random,4,4,13180,79.02,65900,99.57256311753054
random,4,4,13181,79.02,65905,99.5725966403781
random,4,4,13182,79.02,65910,99.57263015796784
random,4,4,13183,79.03,65915,99.57260959078572
random,4,4,13184,79.03,65920,99.57264310210385
random,4,4,13185,79.03,65925,99.57267660816721
random,4,4,13186,79.03,65930,99.57271010897703
random,4,4,13187,79.03,65935,99.57274360453455
random,4,4,13188,79.03,65940,99.572777094841
random,4,4,13189,79.03,65945,99.5728105798976
random,4,4,13190,79.03,65950,99.57284405970562
random,4,4,13191,79.03,65955,99.57287753426627
random,4,4,13192,79.03,65960,99.57291100358077
random,4,4,13193,79.03,65965,99.57294446765039
random,4,4,13194,79.03,65970,99.57297792647634
random,4,4,13195,79.03,65975,99.57301138005985
random,4,4,13196,79.03,65980,99.57304482840216
random,4,4,13197,79.03,65985,99.5730782715045
random,4,4,13198,79.03,65990,99.5731117093681
random,4,4,13199,79.03,65995,99.57314514199419
random,4,4,13200,79.05,66000,99.57307055434399
random,4,4,13201,79.06,66005,99.57304998166589
random,4,4,13202,79.06,66010,99.57308341127198
random,4,4,13203,79.06,66015,99.5731168356435
random,4,4,13204,79.06,66020,99.57315025478167
random,4,4,13205,79.06,66025,99.57318366868773
random,4,4,13206,79.06,66030,99.57321707736291
random,4,4,13207,79.06,66035,99.57325048080841
random,4,4,13208,79.06,66040,99.5732838790255
random,4,4,13209,79.06,66045,99.57331727201537
random,4,4,13210,79.06,66050,99.57335065977927
random,4,4,13211,79.06,66055,99.57338404231841
random,4,4,13212,79.06,66060,99.57341741963403
random,4,4,13213,79.06,66065,99.57345079172734
random,4,4,13214,79.06,66070,99.57348415859958
random,4,4,13215,79.06,66075,99.57351752025198
random,4,4,13216,79.06,66080,99.57355087668576
random,4,4,13217,79.06,66085,99.57358422790213
random,4,4,13218,79.06,66090,99.57361757390233
random,4,4,13219,79.06,66095,99.57365091468759
random,4,4,13220,79.06,66100,99.57368425025909
random,4,4,13221,79.06,66105,99.57371758061811
random,4,4,13222,79.06,66110,99.57375090576585
random,4,4,13223,79.06,66115,99.57378422570352
random,4,4,13224,79.06,66120,99.57381754043236
random,4,4,13225,79.06,66125,99.57385084995356
random,4,4,13226,79.06,66130,99.57388415426837
random,4,4,13227,79.06,66135,99.57391745337803
random,4,4,13228,79.06,66140,99.5739507472837
random,4,4,13229,79.06,66145,99.57398403598665
random,4,4,13230,79.06,66150,99.57401731948808
random,4,4,13231,79.08,66155,99.57394284433559
random,4,4,13232,79.08,66160,99.57397612585483
random,4,4,13233,79.10000000000001,66165,99.57390166555429
random,4,4,13234,79.11,66170,99.57388108098792
random,4,4,13235,79.14,66175,99.5737527798439
random,4,4,13236,79.16,66180,99.57367835442861
random,4,4,13237,79.21000000000001,66185,99.57344238618084
random,4,4,13238,79.21000000000001,66190,99.57347569118369
random,4,4,13239,79.21000000000001,66195,99.57350899098613
random,4,4,13240,79.21000000000001,66200,99.57354228558938
random,4,4,13241,79.21000000000001,66205,99.57357557499465
random,4,4,13242,79.21000000000001,66210,99.57360885920318
random,4,4,13243,79.21000000000001,66215,99.57364213821617
random,4,4,13244,79.21000000000001,66220,99.57367541203483
random,4,4,13245,79.21000000000001,66225,99.57370868066039
random,4,4,13246,79.21000000000001,66230,99.57374194409407
random,4,4,13247,79.21000000000001,66235,99.57377520233706
random,4,4,13248,79.21000000000001,66240,99.57380845539059
random,4,4,13249,79.21000000000001,66245,99.57384170325588
random,4,4,13250,79.21000000000001,66250,99.57387494593414
random,4,4,13251,79.21000000000001,66255,99.57390818342658
random,4,4,13252,79.21000000000001,66260,99.57394141573442
random,4,4,13253,79.21000000000001,66265,99.57397464285887
random,4,4,13254,79.21000000000001,66270,99.57400786480115
random,4,4,13255,79.21000000000001,66275,99.57404108156244
random,4,4,13256,79.21000000000001,66280,99.574074293144
random,4,4,13257,79.21000000000001,66285,99.57410749954701
random,4,4,13258,79.21000000000001,66290,99.57414070077269
random,4,4,13259,79.22,66295,99.5741201376879
random,4,4,13260,79.22,66300,99.57415333275279
random,4,4,13261,79.23,66305,99.57413277188878
random,4,4,13262,79.24,66310,99.57411221422952
random,4,4,13263,79.25999999999999,66315,99.5740379173969
random,4,4,13264,79.27,66320,99.57401737033244
random,4,4,13265,79.27,66325,99.57405056047251
random,4,4,13266,79.27,66330,99.57408374544102
random,4,4,13267,79.27,66335,99.57411692523918
random,4,4,13268,79.27,66340,99.57415009986816
random,4,4,13269,79.27,66345,99.57418326932923
random,4,4,13270,79.27,66350,99.57421643362353
random,4,4,13271,79.27,66355,99.57424959275231
random,4,4,13272,79.27,66360,99.57428274671676
random,4,4,13273,79.27,66365,99.5743158955181
random,4,4,13274,79.27,66370,99.57434903915752
random,4,4,13275,79.27,66375,99.57438217763624
random,4,4,13276,79.27,66380,99.57441531095547
random,4,4,13277,79.27,66385,99.57444843911638
random,4,4,13278,79.27,66390,99.57448156212023
random,4,4,13279,79.27,66395,99.57451467996816
random,4,4,13280,79.27,66400,99.57454779266142
random,4,4,13281,79.27,66405,99.5745809002012
random,4,4,13282,79.28,66410,99.57456033966484
random,4,4,13283,79.28,66415,99.57459344107652
random,4,4,13284,79.28,66420,99.57462653733768
random,4,4,13285,79.28,66425,99.57465962844952
random,4,4,13286,79.28,66430,99.57469271441323
random,4,4,13287,79.28,66435,99.57472579523005
random,4,4,13288,79.28,66440,99.57475887090112
random,4,4,13289,79.28,66445,99.5747919414277
random,4,4,13290,79.28,66450,99.57482500681095
random,4,4,13291,79.28,66455,99.57485806705209
random,4,4,13292,79.28,66460,99.57489112215231
random,4,4,13293,79.28,66465,99.57492417211282
random,4,4,13294,79.28,66470,99.5749572169348
random,4,4,13295,79.28,66475,99.57499025661947
random,4,4,13296,79.28,66480,99.57502329116801
random,4,4,13297,79.28,66485,99.57505632058162
random,4,4,13298,79.28,66490,99.57508934486152
random,4,4,13299,79.28,66495,99.57512236400888
random,4,4,13300,79.28,66500,99.5751553780249
random,4,4,13301,79.28,66505,99.57518838691078
random,4,4,13302,79.28,66510,99.57522139066774
random,4,4,13303,79.28,66515,99.57525438929693
random,4,4,13304,79.28,66520,99.57528738279957
random,4,4,13305,79.28,66525,99.57532037117686
random,4,4,13306,79.28,66530,99.57535335442998
random,4,4,13307,79.28,66535,99.57538633256013
random,4,4,13308,79.28,66540,99.5754193055685
random,4,4,13309,79.28,66545,99.57545227345629
random,4,4,13310,79.28,66550,99.5754852362247
random,4,4,13311,79.28,66555,99.57551819387488
random,4,4,13312,79.28,66560,99.57555114640809
random,4,4,13313,79.28,66565,99.57558409382547
random,4,4,13314,79.28,66570,99.57561703612822
random,4,4,13315,79.28,66575,99.57564997331755
random,4,4,13316,79.28,66580,99.57568290539463
random,4,4,13317,79.28,66585,99.57571583236066
random,4,4,13318,79.28,66590,99.57574875421683
random,4,4,13319,79.28,66595,99.57578167096432
random,4,4,13320,79.28,66600,99.57581458260432
random,4,4,13321,79.28,66605,99.57584748913804
random,4,4,13322,79.28,66610,99.57588039056665
random,4,4,13323,79.28,66615,99.57591328689135
random,4,4,13324,79.28,66620,99.57594617811331
random,4,4,13325,79.28,66625,99.57597906423372
random,4,4,13326,79.28,66630,99.57601171850557
random,4,4,13327,79.28,66635,99.57604436774835
random,4,4,13328,79.28,66640,99.5760770119632
random,4,4,13329,79.28,66645,99.57610965115128
random,4,4,13330,79.28,66650,99.57614228531378
random,4,4,13331,79.28,66655,99.57617514102549
random,4,4,13332,79.28,66660,99.5762079916439
random,4,4,13333,79.28,66665,99.57624083717022
random,4,4,13334,79.28,66670,99.57627367760563
random,4,4,13335,79.28,66675,99.57630651295129
random,4,4,13336,79.28,66680,99.57633934320842
random,4,4,13337,79.28,66685,99.57637216837817
random,4,4,13338,79.28,66690,99.57640498846175
random,4,4,13339,79.28,66695,99.57643780346031
random,4,4,13340,79.28,66700,99.57647061337505
random,4,4,13341,79.28,66705,99.57650341820715
random,4,4,13342,79.3,66710,99.57642916432091
random,4,4,13343,79.3,66715,99.57646061003558
random,4,4,13344,79.3,66720,99.57649205108157
random,4,4,13345,79.3,66725,99.57652461817793
random,4,4,13346,79.3,66730,99.57655718026597
random,4,4,13347,79.3,66735,99.57658973734681
random,4,4,13348,79.3,66740,99.57662228942165
random,4,4,13349,79.31,66745,99.57660032105984
random,4,4,13350,79.31,66750,99.57663173740599
random,4,4,13351,79.31,66755,99.57666314909027
random,4,4,13352,79.32000000000001,66760,99.57664118258657
random,4,4,13353,79.35,66765,99.57651248020656
random,4,4,13354,79.36,66770,99.57649052813808
random,4,4,13355,79.36,66775,99.57652307084808
random,4,4,13356,79.38,66780,99.57644889374086
random,4,4,13357,79.41,66785,99.57632024448687
random,4,4,13358,79.43,66790,99.57624383344883
random,4,4,13359,79.43,66795,99.57627412498181
random,4,4,13360,79.43,66800,99.57630441218438
random,4,4,13361,79.44,66805,99.57628248687617
random,4,4,13362,79.44,66810,99.57631389892015
random,4,4,13363,79.44,66815,99.57634530630703
random,4,4,13364,79.44,66820,99.57637783854578
random,4,4,13365,79.44,66825,99.57641059165479
random,4,4,13366,79.47,66830,99.57628316036138
random,4,4,13367,79.52,66835,99.57604934717358
random,4,4,13368,79.52,66840,99.57608189210772
random,4,4,13369,79.55,66845,99.57595338525661
random,4,4,13370,79.55,66850,99.57598367257305
random,4,4,13371,79.59,66855,99.57580076333478
random,4,4,13372,79.59,66860,99.57583218750999
random,4,4,13373,79.63,66865,99.57565157706483
random,4,4,13374,79.63,66870,99.57568413805745
random,4,4,13375,79.63,66875,99.57571669405353
random,4,4,13376,79.63,66880,99.57574811489485
random,4,4,13377,79.63,66885,99.57577953108269
random,4,4,13378,79.65,66890,99.57570327249172
random,4,4,13379,79.67999999999999,66895,99.57557375844138
random,4,4,13380,79.67999999999999,66900,99.57560405050994
random,4,4,13381,79.73,66905,99.57536804454136
random,4,4,13382,79.75999999999999,66910,99.57523858214043
random,4,4,13383,79.75999999999999,66915,99.57526889164137
random,4,4,13384,79.75999999999999,66920,99.57529919681708
random,4,4,13385,79.75999999999999,66925,99.57532949766846
random,4,4,13386,79.79,66930,99.57520007496156
random,4,4,13387,79.79,66935,99.57523037856082
random,4,4,13388,79.82000000000001,66940,99.5751009813879
random,4,4,13389,79.82000000000001,66945,99.57513128773225
random,4,4,13390,79.86,66950,99.5749486915275
random,4,4,13391,79.86,66955,99.5749801354039
random,4,4,13392,79.86,66960,99.57501157462842
random,4,4,13393,79.86,66965,99.57504300920208
random,4,4,13394,79.86,66970,99.57507443912593
random,4,4,13395,79.86,66975,99.575105864401
random,4,4,13396,79.86,66980,99.57513728502829
random,4,4,13397,79.86999999999999,66985,99.57511437386955
random,4,4,13398,79.86999999999999,66990,99.57514578930487
random,4,4,13399,79.86999999999999,66995,99.57517607029088
random,4,4,13400,79.86999999999999,67000,99.57520634696073
random,4,4,13401,79.91,67005,99.575023891943
random,4,4,13402,79.91,67010,99.57505417514191
random,4,4,13403,79.91,67015,99.57508558375085
random,4,4,13404,79.92,67020,99.57506381752415
random,4,4,13405,79.95,67025,99.5749368519382
random,4,4,13406,79.95,67030,99.5749693919484
random,4,4,13407,79.95,67035,99.57500215289716
random,4,4,13408,79.95,67040,99.57503490879596
random,4,4,13409,79.95,67045,99.5750674337953
random,4,4,13410,79.95,67050,99.57509995381638
random,4,4,13411,79.96,67055,99.5750793272054
random,4,4,13412,79.96,67060,99.57511184133966
random,4,4,13413,79.99000000000001,67065,99.57498494992963
random,4,4,13414,80.03,67070,99.57480381895559
random,4,4,13415,80.07,67075,99.57462384465244
random,4,4,13416,80.07,67080,99.5746563837665
random,4,4,13417,80.08,67085,99.57463580049527
random,4,4,13418,80.10000000000001,67090,99.57456097720316
random,4,4,13419,80.10000000000001,67095,99.57459238408838
random,4,4,13420,80.12,67100,99.57451644526864
random,4,4,13421,80.12,67105,99.57454785088784
random,4,4,13422,80.12,67110,99.57457812241977
random,4,4,13423,80.12,67115,99.57460951893498
random,4,4,13424,80.12,67120,99.57463978169231
random,4,4,13425,80.12,67125,99.5746711691075
random,4,4,13426,80.12,67130,99.57470255189087
random,4,4,13427,80.12,67135,99.57473393004341
random,4,4,13428,80.12,67140,99.5747653035662
random,4,4,13429,80.12,67145,99.57479667246022
random,4,4,13430,80.12,67150,99.57482803672654
random,4,4,13431,80.13,67155,99.57480746148434
random,4,4,13432,80.14,67160,99.57478688938622
random,4,4,13433,80.14,67165,99.5748193751638
random,4,4,13434,80.14,67170,99.57485185597803
random,4,4,13435,80.15,67175,99.57483128520308
random,4,4,13436,80.17,67180,99.57475654719502
random,4,4,13437,80.17999999999999,67185,99.5747337312315
random,4,4,13438,80.19,67190,99.57471091851092
random,4,4,13439,80.2,67195,99.57468810903258
random,4,4,13440,80.2,67200,99.57471945801653
random,4,4,13441,80.2,67205,99.57475080237948
random,4,4,13442,80.2,67210,99.57478214212244
random,4,4,13443,80.2,67215,99.57481347724642
random,4,4,13444,80.2,67220,99.57484480775246
random,4,4,13445,80.2,67225,99.57487500689105
random,4,4,13446,80.2,67230,99.57490520173981
random,4,4,13447,80.2,67235,99.57493651873008
random,4,4,13448,80.2,67240,99.57496783110642
random,4,4,13449,80.2,67245,99.57500026496243
random,4,4,13450,80.2,67250,99.57503269386882
random,4,4,13451,80.2,67255,99.57506511782671
random,4,4,13452,80.23,67260,99.57493882096516
random,4,4,13453,80.24,67265,99.57491849602519
random,4,4,13454,80.24,67270,99.57495114639765
random,4,4,13455,80.24,67275,99.57498379175476
random,4,4,13456,80.24,67280,99.5750164320977
random,4,4,13457,80.24,67285,99.5750490674276
random,4,4,13458,80.24,67290,99.5750814727261
random,4,4,13459,80.24,67295,99.57511409806794
random,4,4,13460,80.24,67300,99.5751467184002
random,4,4,13461,80.24,67305,99.57517933372407
random,4,4,13462,80.24,67310,99.57521194404063
random,4,4,13463,80.24,67315,99.5752445493511
random,4,4,13464,80.24,67320,99.57527714965659
random,4,4,13465,80.24,67325,99.57530974495826
random,4,4,13466,80.24,67330,99.57534233525728
random,4,4,13467,80.24,67335,99.57537492055478
random,4,4,13468,80.24,67340,99.57540750085194
random,4,4,13469,80.24,67345,99.57544007614987
random,4,4,13470,80.24,67350,99.57547264644977
random,4,4,13471,80.24,67355,99.57550521175274
random,4,4,13472,80.24,67360,99.57553777205997
random,4,4,13473,80.24,67365,99.5755703273726
random,4,4,13474,80.24,67370,99.57560287769175
random,4,4,13475,80.24,67375,99.57563542301861
random,4,4,13476,80.24,67380,99.57566796335429
random,4,4,13477,80.24,67385,99.57570049869997
random,4,4,13478,80.24,67390,99.57573302905679
random,4,4,13479,80.24,67395,99.57576555442589
random,4,4,13480,80.24,67400,99.5757980748084
random,4,4,13481,80.24,67405,99.57583059020551
random,4,4,13482,80.24,67410,99.57586310061834
random,4,4,13483,80.24,67415,99.57589560604804
random,4,4,13484,80.24,67420,99.57592810649574
random,4,4,13485,80.24,67425,99.5759606019626
random,4,4,13486,80.24,67430,99.57599309244978
random,4,4,13487,80.24,67435,99.5760255779584
random,4,4,13488,80.24,67440,99.57605783450299
random,4,4,13489,80.24,67445,99.57609008613973
random,4,4,13490,80.24,67450,99.5761223328697
random,4,4,13491,80.24,67455,99.57615345526844
random,4,4,13492,80.24,67460,99.5761834538302
random,4,4,13493,80.24,67465,99.57621456725455
random,4,4,13494,80.24,67470,99.57624679504953
random,4,4,13495,80.24,67475,99.5762790179432
random,4,4,13496,80.24,67480,99.57631123593667
random,4,4,13497,80.24,67485,99.57634344903107
random,4,4,13498,80.24,67490,99.57637565722752
random,4,4,13499,80.24,67495,99.57640786052711
random,4,4,13500,80.24,67500,99.57644028251391
random,4,4,13501,80.24,67505,99.57647269953789
random,4,4,13502,80.24,67510,99.57650511160018
random,4,4,13503,80.24,67515,99.57653751870195
random,4,4,13504,80.24,67520,99.57656992084432
random,4,4,13505,80.24,67525,99.57660231802843
random,4,4,13506,80.24,67530,99.57663471025542
random,4,4,13507,80.24,67535,99.57666709752642
random,4,4,13508,80.24,67540,99.57669947984257
random,4,4,13509,80.24,67545,99.57673185720502
random,4,4,13510,80.24,67550,99.5767642296149
random,4,4,13511,80.24,67555,99.57679659707334
random,4,4,13512,80.24,67560,99.5768287364087
random,4,4,13513,80.27,67565,99.5767028915195
random,4,4,13514,80.27,67570,99.57673525626052
random,4,4,13515,80.27,67575,99.57676761605278
random,4,4,13516,80.27,67580,99.57679997089743
random,4,4,13517,80.28,67585,99.57677960275905
random,4,4,13518,80.28999999999999,67590,99.57675923773436
random,4,4,13519,80.28999999999999,67595,99.57679158580078
random,4,4,13520,80.28999999999999,67600,99.57682370588378
random,4,4,13521,80.28999999999999,67605,99.57685470606185
random,4,4,13522,80.28999999999999,67610,99.57688570169836
random,4,4,13523,80.28999999999999,67615,99.5769155780854
random,4,4,13524,80.28999999999999,67620,99.57694545025355
random,4,4,13525,80.28999999999999,67625,99.57697531820371
random,4,4,13526,80.28999999999999,67630,99.57700629617356
random,4,4,13527,80.28999999999999,67635,99.57703838367449
random,4,4,13528,80.28999999999999,67640,99.57707046630759
random,4,4,13529,80.28999999999999,67645,99.57710276681924
random,4,4,13530,80.28999999999999,67650,99.57713506239746
random,4,4,13531,80.28999999999999,67655,99.57716735304341
random,4,4,13532,80.28999999999999,67660,99.5771996387582
random,4,4,13533,80.28999999999999,67665,99.57723191954295
random,4,4,13534,80.28999999999999,67670,99.57726419539881
random,4,4,13535,80.28999999999999,67675,99.57729646632691
random,4,4,13536,80.28999999999999,67680,99.5773285098211
random,4,4,13537,80.28999999999999,67685,99.57735943608621
random,4,4,13538,80.28999999999999,67690,99.57738924561164
random,4,4,13539,80.28999999999999,67695,99.57741905093235
random,4,4,13540,80.28999999999999,67700,99.57744885204922
random,4,4,13541,80.28999999999999,67705,99.57747864896311
random,4,4,13542,80.28999999999999,67710,99.57750844167495
random,4,4,13543,80.28999999999999,67715,99.57753823018562
random,4,4,13544,80.28999999999999,67720,99.5775691257696
random,4,4,13545,80.28999999999999,67725,99.57760001683498
random,4,4,13546,80.28999999999999,67730,99.57763090338274
random,4,4,13547,80.28999999999999,67735,99.5776617854139
random,4,4,13548,80.28999999999999,67740,99.57769266292942
random,4,4,13549,80.28999999999999,67745,99.57772353593032
random,4,4,13550,80.28999999999999,67750,99.57775440441756
random,4,4,13551,80.28999999999999,67755,99.57778526839216
random,4,4,13552,80.28999999999999,67760,99.57781723782367
random,4,4,13553,80.30000000000001,67765,99.57779662416065
random,4,4,13554,80.30000000000001,67770,99.57782858789183
random,4,4,13555,80.30000000000001,67775,99.57786054678361
random,4,4,13556,80.30000000000001,67780,99.57789139140245
random,4,4,13557,80.34,67785,99.57771198106904
random,4,4,13558,80.35,67790,99.57768916345663
random,4,4,13559,80.35,67795,99.57771890426595
random,4,4,13560,80.35,67800,99.57774864088665
random,4,4,13561,80.36999999999999,67805,99.57767327770623
random,4,4,13562,80.36999999999999,67810,99.57770301335198
random,4,4,13563,80.36999999999999,67815,99.57773274481072
random,4,4,13564,80.36999999999999,67820,99.5777635812289
random,4,4,13565,80.41,67825,99.57758428220585
random,4,4,13566,80.45,67830,99.5774050093659
random,4,4,13567,80.5,67835,99.57717212718661
random,4,4,13568,80.52,67840,99.57709684230208
random,4,4,13569,80.52,67845,99.5771266036313
random,4,4,13570,80.52,67850,99.57715636077195
random,4,4,13571,80.52,67855,99.57718611372496
random,4,4,13572,80.52,67860,99.5772158624912
random,4,4,13573,80.52,67865,99.57724671686293
random,4,4,13574,80.54,67870,99.57717367851025
random,4,4,13575,80.57,67875,99.57704815624598
random,4,4,13576,80.57,67880,99.57707901593841
random,4,4,13577,80.57,67885,99.57710987112794
random,4,4,13578,80.58,67890,99.57708823835051
random,4,4,13579,80.58,67895,99.57711908836573
random,4,4,13580,80.58,67900,99.57714993388048
random,4,4,13581,80.61,67905,99.57702446867012
random,4,4,13582,80.61,67910,99.57705642605596
random,4,4,13583,80.64,67915,99.57693098686723
random,4,4,13584,80.67,67920,99.57680578863791
random,4,4,13585,80.71000000000001,67925,99.57662815351964
random,4,4,13586,80.76,67930,99.5763980934767
random,4,4,13587,80.76,67935,99.57643030820516
random,4,4,13588,80.76,67940,99.57646251803418
random,4,4,13589,80.76,67945,99.57649472296482
random,4,4,13590,80.78999999999999,67950,99.57636939288527
random,4,4,13591,80.80000000000001,67955,99.57634783520561
random,4,4,13592,80.80000000000001,67960,99.57637981953151
random,4,4,13593,80.83,67965,99.57625452618147
random,4,4,13594,80.84,67970,99.57623431453646
random,4,4,13595,80.84,67975,99.57626630017161
random,4,4,13596,80.84,67980,99.5762982809786
random,4,4,13597,80.84,67985,99.57633025695853
random,4,4,13598,80.84,67990,99.57636200610722
random,4,4,13599,80.84,67995,99.57639419444156
random,4,4,13600,80.84,68000,99.57642637788489
random,4,4,13601,80.84,68005,99.57645855643831
random,4,4,13602,80.84,68010,99.57649073010295
random,4,4,13603,80.84,68015,99.57652289887992
random,4,4,13604,80.86,68020,99.57645007967096
random,4,4,13605,80.86,68025,99.57648224666583
random,4,4,13606,80.86,68030,99.57651440877515
random,4,4,13607,80.86,68035,99.57654656600003
random,4,4,13608,80.87,68040,99.57652635360232
random,4,4,13609,80.87,68045,99.57655828332005
random,4,4,13610,80.87,68050,99.57659020822317
random,4,4,13611,80.88,68055,99.57656866702371
random,4,4,13612,80.88,68060,99.57659925653594
random,4,4,13613,80.88,68065,99.57662984162879
random,4,4,13614,80.88,68070,99.57666064388619
random,4,4,13615,80.88,68075,99.57669122011114
random,4,4,13616,80.88,68080,99.57672201343834
random,4,4,13617,80.88,68085,99.57675169485096
random,4,4,13618,80.88,68090,99.57678115064456
random,4,4,13619,80.88,68095,99.57680949520615
random,4,4,13620,80.88,68100,99.5768378359713
random,4,4,13621,80.88,68105,99.57686727977662
random,4,4,13622,80.88,68110,99.57689671948484
random,4,4,13623,80.88,68115,99.57692615509673
random,4,4,13624,80.88,68120,99.57695558661321
random,4,4,13625,80.88,68125,99.57698501403513
random,4,4,13626,80.88,68130,99.5770144373633
random,4,4,13627,80.88,68135,99.57704385659862
random,4,4,13628,80.88,68140,99.57707437749458
random,4,4,13629,80.88,68145,99.57710489398603
random,4,4,13630,80.88,68150,99.57713452172754
random,4,4,13631,80.88,68155,99.57716414531794
random,4,4,13632,80.88,68160,99.57719376475809
random,4,4,13633,80.88,68165,99.57722338004889
random,4,4,13634,80.88,68170,99.5772529911912
random,4,4,13635,80.88,68175,99.57728259818589
random,4,4,13636,80.88,68180,99.57731330553746
random,4,4,13637,80.88,68185,99.57734400842804
random,4,4,13638,80.88,68190,99.57737470685856
random,4,4,13639,80.88,68195,99.57740429680764
random,4,4,13640,80.88,68200,99.57743388261355
random,4,4,13641,80.88,68205,99.57746346427717
random,4,4,13642,80.88,68210,99.5774941453581
random,4,4,13643,80.88,68215,99.57752482198376
random,4,4,13644,80.88,68220,99.57755549415509
random,4,4,13645,80.88,68225,99.57758594125792
random,4,4,13646,80.9,68230,99.57751193698505
random,4,4,13647,80.9,68235,99.57754238283852
random,4,4,13648,80.9,68240,99.57757282430424
random,4,4,13649,80.9,68245,99.57760215866705
random,4,4,13650,80.9,68250,99.57763148895603
random,4,4,13651,80.9,68255,99.57766081517205
random,4,4,13652,80.9,68260,99.57769013731595
random,4,4,13653,80.9,68265,99.57771813285645
random,4,4,13654,80.9,68270,99.57774612468546
random,4,4,13655,80.94,68275,99.5775664508223
random,4,4,13656,80.95,68280,99.57754115907676
random,4,4,13657,80.96,68285,99.57751587055161
random,4,4,13658,80.96,68290,99.57754497064052
random,4,4,13659,80.97999999999999,68295,99.57746861016497
random,4,4,13660,80.97999999999999,68300,99.57749660739897
random,4,4,13661,81.02000000000001,68305,99.57731591957003
random,4,4,13662,81.06,68310,99.57713525568292
random,4,4,13663,81.06,68315,99.57716216660312
random,4,4,13664,81.07,68320,99.5771369138558
random,4,4,13665,81.08,68325,99.57711276714707
random,4,4,13666,81.08,68330,99.57714077696991
random,4,4,13667,81.08,68335,99.57716988560954
random,4,4,13668,81.08,68340,99.57720031308452
random,4,4,13669,81.08,68345,99.57723073618061
random,4,4,13670,81.08,68350,99.57726115489875
random,4,4,13671,81.08,68355,99.57729046734741
random,4,4,13672,81.08,68360,99.57731977573133
random,4,4,13673,81.08,68365,99.57735040195499
random,4,4,13674,81.08,68370,99.57737992231463
random,4,4,13675,81.08,68375,99.57741053982312
random,4,4,13676,81.08,68380,99.57744115289563
random,4,4,13677,81.08,68385,99.57747176153316
random,4,4,13678,81.08,68390,99.57750236573662
random,4,4,13679,81.08,68395,99.57753186487273
random,4,4,13680,81.08,68400,99.5775613598898
random,4,4,13681,81.08,68405,99.57759195111569
random,4,4,13682,81.08,68410,99.57762363807326
random,4,4,13683,81.08,68415,99.57765532027719
random,4,4,13684,81.08,68420,99.57768699772853
random,4,4,13685,81.08,68425,99.57771867042838
random,4,4,13686,81.08,68430,99.5777505582775
random,4,4,13687,81.08,68435,99.57778222144458
random,4,4,13688,81.08,68440,99.57781387986337
random,4,4,13689,81.08,68445,99.57784553353494
random,4,4,13690,81.08,68450,99.57787608361886
random,4,4,13691,81.08,68455,99.57790662928146
random,4,4,13692,81.08,68460,99.57793607199449
random,4,4,13693,81.08,68465,99.57796551060031
random,4,4,13694,81.08,68470,99.57799494509979
random,4,4,13695,81.08,68475,99.57802437549377
random,4,4,13696,81.08,68480,99.57805380178313
random,4,4,13697,81.08,68485,99.57808410217983
random,4,4,13698,81.08,68490,99.57811439822504
random,4,4,13699,81.08,68495,99.5781444704303
random,4,4,13700,81.08,68500,99.57817344105484
random,4,4,13701,81.08,68505,99.57820262712967
random,4,4,13702,81.08,68510,99.57823158976727
random,4,4,13703,81.08,68515,99.57825945158125
random,4,4,13704,81.08,68520,99.57828730971437
random,4,4,13705,81.08,68525,99.57831406760496
random,4,4,13706,81.08,68530,99.57834213780744
random,4,4,13707,81.08,68535,99.57837020427309
random,4,4,13708,81.08,68540,99.57839717087238
random,4,4,13709,81.08,68545,99.5784252300125
random,4,4,13710,81.08,68550,99.57845525792321
random,4,4,13711,81.08,68555,99.57848571982609
random,4,4,13712,81.08,68560,99.57851486270542
random,4,4,13713,81.08,68565,99.57854487784923
random,4,4,13714,81.08,68570,99.5785748887184
random,4,4,13715,81.08,68575,99.57860401926946
random,4,4,13716,81.08,68580,99.57863205088428
random,4,4,13717,81.08,68585,99.5786611735336
random,4,4,13718,81.08,68590,99.5786891975453
random,4,4,13719,81.08,68595,99.57871721782938
random,4,4,13720,81.08,68600,99.57874523438662
random,4,4,13721,81.08,68605,99.57877412255866
random,4,4,13722,81.08,68610,99.57880410078988
random,4,4,13723,81.08,68615,99.57883429352673
random,4,4,13724,81.08,68620,99.57886448193527
random,4,4,13725,81.08,68625,99.57889488472586
random,4,4,13726,81.08,68630,99.57892528312705
random,4,4,13727,81.08,68635,99.5789556771398
random,4,4,13728,81.08,68640,99.57898715983534
random,4,4,13729,81.08,68645,99.57901885640379
random,4,4,13730,81.08999999999999,68650,99.57899863040866
random,4,4,13731,81.10000000000001,68655,99.5789781888898
random,4,4,13732,81.10000000000001,68660,99.5790098789926
random,4,4,13733,81.10000000000001,68665,99.57904156432514
random,4,4,13734,81.10000000000001,68670,99.57907302641823
random,4,4,13735,81.10000000000001,68675,99.57910448380875
random,4,4,13736,81.10000000000001,68680,99.5791361549028
random,4,4,13737,81.11,68685,99.57911593070331
random,4,4,13738,81.16,68690,99.57888816305268
random,4,4,13739,81.16,68695,99.57891984327269
random,4,4,13740,81.19,68700,99.57879566375868
random,4,4,13741,81.23,68705,99.57861962782822
random,4,4,13742,81.23,68710,99.57865110257198
random,4,4,13743,81.23,68715,99.57868257261411
random,4,4,13744,81.23,68720,99.57871403795568
random,4,4,13745,81.23,68725,99.57874440629307
random,4,4,13746,81.24,68730,99.57872291438285
random,4,4,13747,81.24,68735,99.57875327770292
random,4,4,13748,81.24,68740,99.57878363664645
random,4,4,13749,81.24,68745,99.5788139912144
random,4,4,13750,81.24,68750,99.57884434140773
random,4,4,13751,81.24,68755,99.57887359572695
random,4,4,13752,81.24,68760,99.57890284598233
random,4,4,13753,81.25,68765,99.57888026205309
random,4,4,13754,81.26,68770,99.57885768126067
random,4,4,13755,81.28999999999999,68775,99.5787314577581
random,4,4,13756,81.32000000000001,68780,99.57860634360165
random,4,4,13757,81.32000000000001,68785,99.57863669384214
random,4,4,13758,81.36,68790,99.5784597928049
random,4,4,13759,81.37,68795,99.57843724921626
random,4,4,13760,81.37,68800,99.57846629491715
random,4,4,13761,81.37,68805,99.57849533661579
random,4,4,13762,81.37,68810,99.57852437431303
random,4,4,13763,81.37,68815,99.57855340800972
random,4,4,13764,81.37,68820,99.57858243770664
random,4,4,13765,81.37,68825,99.57861146340466
random,4,4,13766,81.39,68830,99.57853691879885
random,4,4,13767,81.39,68835,99.57856463432884
random,4,4,13768,81.42,68840,99.57843614410422
random,4,4,13769,81.42,68845,99.57846298970284
random,4,4,13770,81.42,68850,99.57848983188256
random,4,4,13771,81.42,68855,99.57851667064406
random,4,4,13772,81.42,68860,99.57854459678333
random,4,4,13773,81.43,68865,99.57852075952185
random,4,4,13774,81.46,68870,99.57839341287583
random,4,4,13775,81.46,68875,99.57842134163035
random,4,4,13776,81.46,68880,99.57844817593191
random,4,4,13777,81.46,68885,99.57847718804025
random,4,4,13778,81.46,68890,99.57850619615553
random,4,4,13779,81.47,68895,99.57848455184946
random,4,4,13780,81.47,68900,99.5785146456719
random,4,4,13781,81.47,68905,99.5785447351976
random,4,4,13782,81.47,68910,99.5785759103914
random,4,4,13783,81.47,68915,99.5786072989333
random,4,4,13784,81.47999999999999,68920,99.57858718094063
random,4,4,13785,81.49,68925,99.57856706596519
random,4,4,13786,81.5,68930,99.57854695400628
random,4,4,13787,81.5,68935,99.57857855321622
random,4,4,13788,81.5,68940,99.5786101476881
random,4,4,13789,81.5,68945,99.57864173742297
random,4,4,13790,81.5,68950,99.57867332242192
random,4,4,13791,81.51,68955,99.57865321003602
random,4,4,13792,81.51,68960,99.57868457166782
random,4,4,13793,81.51,68965,99.57871592863134
random,4,4,13794,81.51,68970,99.57874728092766
random,4,4,13795,81.51,68975,99.57877754017659
random,4,4,13796,81.51,68980,99.5788077950787
random,4,4,13797,81.51,68985,99.57883804563492
random,4,4,13798,81.51,68990,99.57886829184619
random,4,4,13799,81.51,68995,99.57889853371343
random,4,4,13800,81.51,69000,99.5789287712376
random,4,4,13801,81.51,69005,99.57896009186325
random,4,4,13802,81.51,69010,99.57899162528551
random,4,4,13803,81.51,69015,99.57902315398476
random,4,4,13804,81.51,69020,99.57905446057154
random,4,4,13805,81.51,69025,99.57908576250233
random,4,4,13806,81.51,69030,99.57911597314522
random,4,4,13807,81.51,69035,99.57914726592875
random,4,4,13808,81.51,69040,99.57917855405937
random,4,4,13809,81.51,69045,99.57920983753814
random,4,4,13810,81.51,69050,99.57924111636608
random,4,4,13811,81.51,69055,99.57927239054423
random,4,4,13812,81.51,69060,99.57930366007363
random,4,4,13813,81.51,69065,99.57933514205631
random,4,4,13814,81.51,69070,99.57936640225907
random,4,4,13815,81.51,69075,99.57939657263162
random,4,4,13816,81.51,69080,99.57942673867649
random,4,4,13817,81.51,69085,99.57945690039459
random,4,4,13818,81.51,69090,99.57948705778686
random,4,4,13819,81.51,69095,99.57951829541638
random,4,4,13820,81.51,69100,99.57954844400427
random,4,4,13821,81.51,69105,99.5795796725147
random,4,4,13822,81.51,69110,99.57961111320277
random,4,4,13823,81.51,69115,99.57964254918869
random,4,4,13824,81.51,69120,99.5796737637221
random,4,4,13825,81.51,69125,99.57970497362005
random,4,4,13826,81.51,69130,99.57973617888358
random,4,4,13827,81.51,69135,99.57976759616857
random,4,4,13828,81.51,69140,99.57979900875664
random,4,4,13829,81.51,69145,99.57983041664885
random,4,4,13830,81.51,69150,99.57986181984624
random,4,4,13831,81.51,69155,99.57989321834987
random,4,4,13832,81.51,69160,99.5799246121608
random,4,4,13833,81.51,69165,99.57995600128008
random,4,4,13834,81.51,69170,99.57998738570875
random,4,4,13835,81.51,69175,99.58001876544787
random,4,4,13836,81.51,69180,99.5800501404985
random,4,4,13837,81.51,69185,99.58008151086167
random,4,4,13838,81.51,69190,99.58011287653845
random,4,4,13839,81.51,69195,99.58014423752988
random,4,4,13840,81.51,69200,99.58017559383701
random,4,4,13841,81.51,69205,99.58020694546089
random,4,4,13842,81.51,69210,99.58023829240258
random,4,4,13843,81.51,69215,99.58026963466311
random,4,4,13844,81.51,69220,99.58030097224353
random,4,4,13845,81.51,69225,99.5803323051449
random,4,4,13846,81.51,69230,99.58036363336828
random,4,4,13847,81.51,69235,99.58039495691467
random,4,4,13848,81.51,69240,99.58042627578517
random,4,4,13849,81.51,69245,99.58045758998081
random,4,4,13850,81.51,69250,99.58048889950261
random,4,4,13851,81.51,69255,99.58052020435166
random,4,4,13852,81.51,69260,99.58055150452897
random,4,4,13853,81.51,69265,99.58058280003561
random,4,4,13854,81.51,69270,99.58061409087261
random,4,4,13855,81.51,69275,99.58064537704102
random,4,4,13856,81.51,69280,99.58067665854188
random,4,4,13857,81.51,69285,99.58070793537624
random,4,4,13858,81.51,69290,99.58073920754515
random,4,4,13859,81.51,69295,99.58077047504965
random,4,4,13860,81.51,69300,99.58080173789077
random,4,4,13861,81.51,69305,99.58083299606957
random,4,4,13862,81.51,69310,99.58086424958708
random,4,4,13863,81.51,69315,99.58089549844436
random,4,4,13864,81.51,69320,99.58092674264243
random,4,4,13865,81.51,69325,99.58095798218235
random,4,4,13866,81.51,69330,99.58098921706517
random,4,4,13867,81.51,69335,99.5810204472919
random,4,4,13868,81.51,69340,99.5810516728636
random,4,4,13869,81.51,69345,99.58108289378131
random,4,4,13870,81.51,69350,99.58111411004606
random,4,4,13871,81.51,69355,99.58114532165891
random,4,4,13872,81.51,69360,99.58117652862089
random,4,4,13873,81.51,69365,99.58120773093303
random,4,4,13874,81.51,69370,99.58123892859638
random,4,4,13875,81.51,69375,99.58127012161198
random,4,4,13876,81.51,69380,99.58130130998086
random,4,4,13877,81.51,69385,99.58133249370407
random,4,4,13878,81.51,69390,99.58136367278263
random,4,4,13879,81.51,69395,99.5813948472176
random,4,4,13880,81.51,69400,99.58142601700999
random,4,4,13881,81.51,69405,99.58145718216086
random,4,4,13882,81.51,69410,99.58148834267124
random,4,4,13883,81.51,69415,99.58151949854216
random,4,4,13884,81.51,69420,99.58155064977468
random,4,4,13885,81.51,69425,99.58158179636982
random,4,4,13886,81.51,69430,99.58161293832859
random,4,4,13887,81.51,69435,99.58164407565205
random,4,4,13888,81.53,69440,99.58157256454498
random,4,4,13889,81.53,69445,99.58160370023879
random,4,4,13890,81.53,69450,99.58163483129924
random,4,4,13891,81.53,69455,99.58166595772738
random,4,4,13892,81.53,69460,99.58169707952425
random,4,4,13893,81.53,69465,99.58172819669086
random,4,4,13894,81.53,69470,99.58175930922827
random,4,4,13895,81.53,69475,99.58179041713751
random,4,4,13896,81.54,69480,99.58177022905697
random,4,4,13897,81.57,69485,99.58164746888257
random,4,4,13898,81.6,69490,99.5815247269654
random,4,4,13899,81.64,69495,99.58135072338021
random,4,4,13900,81.69,69500,99.58112546956096
random,4,4,13901,81.69,69505,99.58115661071662
random,4,4,13902,81.69,69510,99.58118774724227
random,4,4,13903,81.69999999999999,69515,99.58116761446504
random,4,4,13904,81.69999999999999,69520,99.58119874554416
random,4,4,13905,81.69999999999999,69525,99.58122987199576
random,4,4,13906,81.69999999999999,69530,99.5812609938209
random,4,4,13907,81.69999999999999,69535,99.58129211102063
random,4,4,13908,81.69999999999999,69540,99.58132322359594
random,4,4,13909,81.69999999999999,69545,99.5813543315479
random,4,4,13910,81.69999999999999,69550,99.58138543487752
random,4,4,13911,81.69999999999999,69555,99.58141653358582
random,4,4,13912,81.69999999999999,69560,99.58144762767385
random,4,4,13913,81.69999999999999,69565,99.58147871714263
random,4,4,13914,81.69999999999999,69570,99.58150980199318
random,4,4,13915,81.69999999999999,69575,99.58154088222655
random,4,4,13916,81.69999999999999,69580,99.58157195784376
random,4,4,13917,81.69999999999999,69585,99.58160302884583
random,4,4,13918,81.69999999999999,69590,99.58163409523381
random,4,4,13919,81.69999999999999,69595,99.58166515700869
random,4,4,13920,81.69999999999999,69600,99.58169621417153
random,4,4,13921,81.69999999999999,69605,99.58172726672336
random,4,4,13922,81.69999999999999,69610,99.58175831466518
random,4,4,13923,81.69999999999999,69615,99.58178935799805
random,4,4,13924,81.69999999999999,69620,99.58182039672295
random,4,4,13925,81.74,69625,99.58164670693928
random,4,4,13926,81.78,69630,99.58147304293355
random,4,4,13927,81.84,69635,99.58119705794005
random,4,4,13928,81.85,69640,99.58117696181623
random,4,4,13929,81.85,69645,99.58120803446118
random,4,4,13930,81.89,69650,99.58103445453132
random,4,4,13931,81.89,69655,99.58106553313748
random,4,4,13932,81.89,69660,99.58109660713318
random,4,4,13933,81.89,69665,99.58112767651947
random,4,4,13934,81.91000000000001,69670,99.58105644766965
random,4,4,13935,81.95,69675,99.58088294334223
random,4,4,13936,81.97,69680,99.58081174320334
random,4,4,13937,81.97,69685,99.58084282449653
random,4,4,13938,81.97,69690,99.58087390118094
random,4,4,13939,81.98,69695,99.58085384540266
random,4,4,13940,81.98,69700,99.58088491666265
random,4,4,13941,81.98,69705,99.58091598331639
random,4,4,13942,81.98,69710,99.58094704536485
random,4,4,13943,81.98,69715,99.5809781028091
random,4,4,13944,81.99,69720,99.58095783257224
random,4,4,13945,82.0,69725,99.5809375653188
random,4,4,13946,82.02000000000001,69730,99.58086619963382
random,4,4,13947,82.02000000000001,69735,99.58089725391127
random,4,4,13948,82.02000000000001,69740,99.58092808946742
random,4,4,13949,82.02000000000001,69745,99.58095892048642
random,4,4,13950,82.05,69750,99.58083648791552
random,4,4,13951,82.08,69755,99.58071407335665
random,4,4,13952,82.08,69760,99.5807449133141
random,4,4,13953,82.08,69765,99.58077574873514
random,4,4,13954,82.09,69770,99.58075443772628
random,4,4,13955,82.12,69775,99.58063099408635
random,4,4,13956,82.16,69780,99.58045628953009
random,4,4,13957,82.17,69785,99.58043372032284
random,4,4,13958,82.17,69790,99.58046114044927
random,4,4,13959,82.17,69795,99.58048962787791
random,4,4,13960,82.17,69800,99.58051811143812
random,4,4,13961,82.17,69805,99.58054659113068
random,4,4,13962,82.17,69810,99.5805752810457
random,4,4,13963,82.17,69815,99.5806039670363
random,4,4,13964,82.17,69820,99.58063264910328
random,4,4,13965,82.17,69825,99.58066239725157
random,4,4,13966,82.17,69830,99.58069214117974
random,4,4,13967,82.17,69835,99.58072081118813
random,4,4,13968,82.19,69840,99.58064743260715
random,4,4,13969,82.22,69845,99.58052411527169
random,4,4,13970,82.22,69850,99.58055279081358
random,4,4,13971,82.25,69855,99.58042842721109
random,4,4,13972,82.25,69860,99.58045710537337
random,4,4,13973,82.28,69865,99.58033255125981
random,4,4,13974,82.28,69870,99.58036101804785
random,4,4,13975,82.3,69875,99.58028876948623
random,4,4,13976,82.3,69880,99.58031851937598
random,4,4,13977,82.3,69885,99.58034719513346
random,4,4,13978,82.3,69890,99.58037586697253
random,4,4,13979,82.3,69895,99.58040560451673
random,4,4,13980,82.31,69900,99.58038542753174
random,4,4,13981,82.31,69905,99.58041622954714
random,4,4,13982,82.31,69910,99.58044595775914
random,4,4,13983,82.31,69915,99.58047568175887
random,4,4,13984,82.31,69920,99.5805054015472
random,4,4,13985,82.31,69925,99.58053511712504
random,4,4,13986,82.31,69930,99.58056482849325
random,4,4,13987,82.31,69935,99.58059346712288
random,4,4,13988,82.31,69940,99.58062210184193
random,4,4,13989,82.31,69945,99.58065073265121
random,4,4,13990,82.31,69950,99.58067935955152
random,4,4,13991,82.31,69955,99.58070798254369
random,4,4,13992,82.31,69960,99.58073660162846
random,4,4,13993,82.31,69965,99.58076521680668
random,4,4,13994,82.31,69970,99.58079489558834
random,4,4,13995,82.31,69975,99.58082457016822
random,4,4,13996,82.31,69980,99.5808531733402
random,4,4,13997,82.31,69985,99.58088283967025
random,4,4,13998,82.31,69990,99.58091250180115
random,4,4,13999,82.31,69995,99.58094109297446
random,4,4,14000,82.31,70000,99.58096968024694
random,4,4,14001,82.31,70005,99.58099826361934
random,4,4,14002,82.31,70010,99.58102684309249
random,4,4,14003,82.31,70015,99.58105541866719
random,4,4,14004,82.31,70020,99.58108399034423
random,4,4,14005,82.31,70025,99.58111255812439
random,4,4,14006,82.31,70030,99.58114112200849
random,4,4,14007,82.31,70035,99.58116968199732
random,4,4,14008,82.31,70040,99.58119823809167
random,4,4,14009,82.31,70045,99.58122679029235
random,4,4,14010,82.34,70050,99.58110271632046
random,4,4,14011,82.38,70055,99.58092778863865
random,4,4,14012,82.38,70060,99.58095635343518
random,4,4,14013,82.42,70065,99.5807825257217
random,4,4,14014,82.42,70070,99.58081216244877
random,4,4,14015,82.42,70075,99.58084179498576
random,4,4,14016,82.42,70080,99.5808703576383
random,4,4,14017,82.44,70085,99.58079721751865
random,4,4,14018,82.47,70090,99.58067430744144
random,4,4,14019,82.50999999999999,70095,99.58050057248377
random,4,4,14020,82.50999999999999,70100,99.58053021672012
random,4,4,14021,82.55,70105,99.58035758312403
random,4,4,14022,82.55,70110,99.58038829967036
random,4,4,14023,82.55,70115,99.58041901172031
random,4,4,14024,82.55,70120,99.58044865311567
random,4,4,14025,82.58,70125,99.58032582937484
random,4,4,14026,82.59,70130,99.58030359005839
random,4,4,14027,82.59,70135,99.5803321671659
random,4,4,14028,82.6,70140,99.58030993044628
random,4,4,14029,82.61,70145,99.58028769675444
random,4,4,14030,82.62,70150,99.58026546608974
random,4,4,14031,82.63000000000001,70155,99.5802432384516
random,4,4,14032,82.63000000000001,70160,99.58027287596639
random,4,4,14033,82.65,70165,99.58020199065017
random,4,4,14034,82.65,70170,99.58023162681702
random,4,4,14035,82.65,70175,99.58026019297365
random,4,4,14036,82.65,70180,99.58028982092367
random,4,4,14037,82.65,70185,99.58031944469128
random,4,4,14038,82.66,70190,99.58029935531827
random,4,4,14039,82.66,70195,99.58033003950462
random,4,4,14040,82.67999999999999,70200,99.580259185384
random,4,4,14041,82.67999999999999,70205,99.58028986802076
random,4,4,14042,82.67999999999999,70210,99.58032054617209
random,4,4,14043,82.67999999999999,70215,99.58035121983902
random,4,4,14044,82.67999999999999,70220,99.5803808241954
random,4,4,14045,82.67999999999999,70225,99.58041042437516
random,4,4,14046,82.67999999999999,70230,99.58044108490589
random,4,4,14047,82.69999999999999,70235,99.58037047147687
random,4,4,14048,82.69999999999999,70240,99.58040134332455
random,4,4,14049,82.72,70245,99.58033074320828
random,4,4,14050,82.72,70250,99.58036161343654
random,4,4,14051,82.75,70255,99.58024030038055
random,4,4,14052,82.77,70260,99.58016972768601
random,4,4,14053,82.77,70265,99.58020060294494
random,4,4,14054,82.80999999999999,70270,99.58002861343512
random,4,4,14055,82.88,70275,99.5797045152352
random,4,4,14056,82.88,70280,99.57973541788893
random,4,4,14057,82.88,70285,99.5797663159987
random,4,4,14058,82.88,70290,99.57979720956548
random,4,4,14059,82.88,70295,99.57982809859034
random,4,4,14060,82.88,70300,99.57985898307422
random,4,4,14061,82.88,70305,99.57988986301814
random,4,4,14062,82.88,70310,99.57992073842311
random,4,4,14063,82.88,70315,99.57995160929013
random,4,4,14064,82.88,70320,99.57998247562017
random,4,4,14065,82.88,70325,99.58001333741429
random,4,4,14066,82.88,70330,99.58004419467343
random,4,4,14067,82.88,70335,99.58007504739862
random,4,4,14068,82.92,70340,99.57990324399607
random,4,4,14069,82.94,70345,99.57983278418784
random,4,4,14070,82.94,70350,99.5798636456428
random,4,4,14071,82.94,70355,99.57989450256449
random,4,4,14072,82.95,70360,99.57987449415269
random,4,4,14073,82.95,70365,99.57990406923302
random,4,4,14074,82.95,70370,99.57993364014973
random,4,4,14075,82.96,70375,99.57991363315968
random,4,4,14076,82.96,70380,99.57994426261382
random,4,4,14077,82.97,70385,99.57992425776662
random,4,4,14078,82.99,70390,99.57985362969202
random,4,4,14079,83.03,70395,99.57968176700712
random,4,4,14080,83.07,70400,99.5795099293767
random,4,4,14081,83.09,70405,99.57943955981105
random,4,4,14082,83.15,70410,99.57916654224708
random,4,4,14083,83.19,70415,99.5789949928795
random,4,4,14084,83.23,70420,99.57882346868705
random,4,4,14085,83.27,70425,99.57865196966415
random,4,4,14086,83.27,70430,99.5786828818354
random,4,4,14087,83.31,70435,99.57851120504512
random,4,4,14088,83.34,70440,99.57839035569204
random,4,4,14089,83.39,70445,99.57816813988286
random,4,4,14090,83.41,70450,99.57809770166686
random,4,4,14091,83.42,70455,99.57807678476505
random,4,4,14092,83.42,70460,99.57810644543301
random,4,4,14093,83.42,70465,99.57813610193107
random,4,4,14094,83.45,70470,99.57801405170225
random,4,4,14095,83.45,70475,99.57804371052535
random,4,4,14096,83.45,70480,99.57807229853773
random,4,4,14097,83.46000000000001,70485,99.57805032556254
random,4,4,14098,83.46000000000001,70490,99.57807890925359
random,4,4,14099,83.46000000000001,70495,99.5781074890723
random,4,4,14100,83.46000000000001,70500,99.57813606501942
random,4,4,14101,83.46000000000001,70505,99.57816463709574
random,4,4,14102,83.46000000000001,70510,99.57819320530204
random,4,4,14103,83.47,70515,99.57817229895339
random,4,4,14104,83.47,70520,99.57820192843633
random,4,4,14105,83.47,70525,99.57823048817029
random,4,4,14106,83.47,70530,99.57825904403698
random,4,4,14107,83.47,70535,99.57828759603721
random,4,4,14108,83.47,70540,99.57831614417174
random,4,4,14109,83.47,70545,99.57834468844133
random,4,4,14110,83.47,70550,99.57837429371253
random,4,4,14111,83.47,70555,99.57840495953758
random,4,4,14112,83.47,70560,99.5784358338127
random,4,4,14113,83.47,70565,99.57846670356619
random,4,4,14114,83.47,70570,99.57849735595083
random,4,4,14115,83.47,70575,99.57852800387793
random,4,4,14116,83.47,70580,99.57855864734846
random,4,4,14117,83.49,70585,99.57848831338781
random,4,4,14118,83.49,70590,99.57851916806378
random,4,4,14119,83.49,70595,99.57855001822296
random,4,4,14120,83.50999999999999,70600,99.57847991306117
random,4,4,14121,83.50999999999999,70605,99.5785107615777
random,4,4,14122,83.50999999999999,70610,99.57854160557935
random,4,4,14123,83.50999999999999,70615,99.57857244506705
random,4,4,14124,83.50999999999999,70620,99.57860328004186
random,4,4,14125,83.50999999999999,70625,99.5786338978963
random,4,4,14126,83.50999999999999,70630,99.5786645113018
random,4,4,14127,83.50999999999999,70635,99.57869512025931
random,4,4,14128,83.50999999999999,70640,99.57872572476982
random,4,4,14129,83.53,70645,99.57865437754545
random,4,4,14130,83.56,70650,99.57853260143136
random,4,4,14131,83.6,70655,99.57836040703351
random,4,4,14132,83.6,70660,99.57838996406733
random,4,4,14133,83.6,70665,99.57841845397574
random,4,4,14134,83.6,70670,99.57844694003408
random,4,4,14135,83.6,70675,99.57847542224309
random,4,4,14136,83.62,70680,99.57840306421613
random,4,4,14137,83.62,70685,99.57843154554094
random,4,4,14138,83.62,70690,99.57846002301784
random,4,4,14139,83.62,70695,99.57848955902205
random,4,4,14140,83.62,70700,99.57851909088755
random,4,4,14141,83.62,70705,99.57854861861523
random,4,4,14142,83.62,70710,99.57857814220594
random,4,4,14143,83.62,70715,99.57860872343439
random,4,4,14144,83.62,70720,99.57863823860504
random,4,4,14145,83.62,70725,99.57866774964137
random,4,4,14146,83.62,70730,99.57869831786664
random,4,4,14147,83.62,70735,99.57872782048828
random,4,4,14148,83.63000000000001,70740,99.57870588199734
random,4,4,14149,83.63000000000001,70745,99.57873538003227
random,4,4,14150,83.63000000000001,70750,99.57876593479158
random,4,4,14151,83.63000000000001,70755,99.57879669725843
random,4,4,14152,83.66,70760,99.57867637097631
random,4,4,14153,83.66,70765,99.57870713549053
random,4,4,14154,83.66,70770,99.57873789551229
random,4,4,14155,83.66,70775,99.57876865104261
random,4,4,14156,83.66,70780,99.57879940208244
random,4,4,14157,83.66,70785,99.57883014863278
random,4,4,14158,83.66,70790,99.57886089069461
random,4,4,14159,83.66,70795,99.57889162826893
random,4,4,14160,83.66,70800,99.57892236135669
random,4,4,14161,83.66,70805,99.57895308995889
random,4,4,14162,83.66,70810,99.57898381407652
random,4,4,14163,83.66,70815,99.57901453371053
random,4,4,14164,83.66,70820,99.57904524886196
random,4,4,14165,83.66,70825,99.57907595953172
random,4,4,14166,83.67,70830,99.57905635573586
random,4,4,14167,83.67999999999999,70835,99.57903675479997
random,4,4,14168,83.67999999999999,70840,99.5790674593693
random,4,4,14169,83.67999999999999,70845,99.57909815945983
random,4,4,14170,83.67999999999999,70850,99.57912885507257
random,4,4,14171,83.67999999999999,70855,99.57915954620846
random,4,4,14172,83.67999999999999,70860,99.57919023286851
random,4,4,14173,83.67999999999999,70865,99.57922091505371
random,4,4,14174,83.67999999999999,70870,99.57925159276502
random,4,4,14175,83.67999999999999,70875,99.57928226600342
random,4,4,14176,83.67999999999999,70880,99.57931293476989
random,4,4,14177,83.67999999999999,70885,99.57934359906538
random,4,4,14178,83.67999999999999,70890,99.57937425889092
random,4,4,14179,83.67999999999999,70895,99.57940491424746
random,4,4,14180,83.67999999999999,70900,99.57943556513598
random,4,4,14181,83.67999999999999,70905,99.57946621155745
random,4,4,14182,83.67999999999999,70910,99.57949685351285
random,4,4,14183,83.67999999999999,70915,99.57952749100315
random,4,4,14184,83.67999999999999,70920,99.57955812402935
random,4,4,14185,83.67999999999999,70925,99.5795887525924
random,4,4,14186,83.67999999999999,70930,99.5796193766933
random,4,4,14187,83.67999999999999,70935,99.57964999633299
random,4,4,14188,83.67999999999999,70940,99.57968061151247
random,4,4,14189,83.69,70945,99.57966099651834
random,4,4,14190,83.71,70950,99.57959116232422
random,4,4,14191,83.73,70955,99.57952133830027
random,4,4,14192,83.73,70960,99.57955195393099
random,4,4,14193,83.73,70965,99.57958256510369
random,4,4,14194,83.73,70970,99.57961317181937
random,4,4,14195,83.73,70975,99.57964377407899
random,4,4,14196,83.73,70980,99.57967437188351
random,4,4,14197,83.73,70985,99.57970496523393
random,4,4,14198,83.73,70990,99.5797355541312
random,4,4,14199,83.73,70995,99.5797661385763
random,4,4,14200,83.73,71000,99.5797967185702
random,4,4,14201,83.73,71005,99.57982729411387
random,4,4,14202,83.73,71010,99.57985786520828
random,4,4,14203,83.73,71015,99.57988843185443
random,4,4,14204,83.73,71020,99.57991899405324
random,4,4,14205,83.73,71025,99.57994955180573
random,4,4,14206,83.73,71030,99.57998010511282
random,4,4,14207,83.73,71035,99.58001065397552
random,4,4,14208,83.73,71040,99.5800411983948
random,4,4,14209,83.73,71045,99.5800717383716
random,4,4,14210,83.73,71050,99.58010227390692
random,4,4,14211,83.73,71055,99.5801328050017
random,4,4,14212,83.73,71060,99.58016333165692
random,4,4,14213,83.73,71065,99.58019385387357
random,4,4,14214,83.73,71070,99.58022437165258
random,4,4,14215,83.73,71075,99.58025488499496
random,4,4,14216,83.73,71080,99.58028539390163
random,4,4,14217,83.73,71085,99.5803158983736
random,4,4,14218,83.73,71090,99.5803463984118
random,4,4,14219,83.73,71095,99.58037689401723
random,4,4,14220,83.73,71100,99.58040738519082
random,4,4,14221,83.73,71105,99.58043787193358
random,4,4,14222,83.73,71110,99.58046835424645
random,4,4,14223,83.73,71115,99.58049883213039
random,4,4,14224,83.73,71120,99.58052930558638
random,4,4,14225,83.73,71125,99.58055977461538
random,4,4,14226,83.73,71130,99.58059023921835
random,4,4,14227,83.73,71135,99.58062069939625
random,4,4,14228,83.73,71140,99.58065115515005
random,4,4,14229,83.73,71145,99.58068160648072
random,4,4,14230,83.73,71150,99.58071205338923
random,4,4,14231,83.73,71155,99.58074249587654
random,4,4,14232,83.73,71160,99.58077293394358
random,4,4,14233,83.73,71165,99.58080336759134
random,4,4,14234,83.73,71170,99.58083379682078
random,4,4,14235,83.73,71175,99.58086422163286
random,4,4,14236,83.73,71180,99.58089464202857
random,4,4,14237,83.73,71185,99.58092505800882
random,4,4,14238,83.73,71190,99.5809554695746
random,4,4,14239,83.73,71195,99.58098587672688
random,4,4,14240,83.73,71200,99.5810162794666
random,4,4,14241,83.73,71205,99.58104667779473
random,4,4,14242,83.73,71210,99.58107707171222
random,4,4,14243,83.73,71215,99.58110746122004
random,4,4,14244,83.73,71220,99.58113784631915
random,4,4,14245,83.73,71225,99.58116822701052
random,4,4,14246,83.73,71230,99.58119860329509
random,4,4,14247,83.73,71235,99.58122897517383
random,4,4,14248,83.73,71240,99.58125934264768
random,4,4,14249,83.73,71245,99.58128970571762
random,4,4,14250,83.73,71250,99.5813200643846
random,4,4,14251,83.73,71255,99.58135041864958
random,4,4,14252,83.73,71260,99.58138076851351
random,4,4,14253,83.73,71265,99.58141111397735
random,4,4,14254,83.73,71270,99.58144145504207
random,4,4,14255,83.73,71275,99.58147179170861
random,4,4,14256,83.73,71280,99.58150212397794
random,4,4,14257,83.73,71285,99.58153245185099
random,4,4,14258,83.73,71290,99.58156277532875
random,4,4,14259,83.73,71295,99.58159309441214
random,4,4,14260,83.73,71300,99.58162340910215
random,4,4,14261,83.73,71305,99.58165371939972
random,4,4,14262,83.73,71310,99.58168402530579
random,4,4,14263,83.73,71315,99.58171432682134
random,4,4,14264,83.73,71320,99.58174462394732
random,4,4,14265,83.73,71325,99.58177491668465
random,4,4,14266,83.73,71330,99.58180520503433
random,4,4,14267,83.73,71335,99.58183548899727
random,4,4,14268,83.73,71340,99.58186576857446
random,4,4,14269,83.73,71345,99.58189604376683
random,4,4,14270,83.73,71350,99.58192631457536
random,4,4,14271,83.73,71355,99.58195658100097
random,4,4,14272,83.73,71360,99.58198684304462
random,4,4,14273,83.73,71365,99.58201710070728
random,4,4,14274,83.73,71370,99.58204735398986
random,4,4,14275,83.73,71375,99.58207760289336
random,4,4,14276,83.73,71380,99.58210784741871
random,4,4,14277,83.73,71385,99.58213808756685
random,4,4,14278,83.73,71390,99.58216832333873
random,4,4,14279,83.73,71395,99.58219855473533
random,4,4,14280,83.73,71400,99.58222878175758
random,4,4,14281,83.73,71405,99.58225900440641
random,4,4,14282,83.73,71410,99.58228922268279
random,4,4,14283,83.73,71415,99.58231943658768
random,4,4,14284,83.73,71420,99.582349646122
random,4,4,14285,83.73,71425,99.58237985128673
random,4,4,14286,83.73,71430,99.58241005208279
random,4,4,14287,83.73,71435,99.58244024851113
random,4,4,14288,83.73,71440,99.58247044057272
random,4,4,14289,83.73,71445,99.58250062826849
random,4,4,14290,83.73,71450,99.58253081159938
random,4,4,14291,83.73,71455,99.58256099056638
random,4,4,14292,83.73,71460,99.58259116517037
random,4,4,14293,83.73,71465,99.58262133541234
random,4,4,14294,83.73,71470,99.58265150129321
random,4,4,14295,83.73,71475,99.58268166281397
random,4,4,14296,83.73,71480,99.58271181997551
random,4,4,14297,83.73,71485,99.5827419727788
random,4,4,14298,83.73,71490,99.58277170541379
random,4,4,14299,83.73,71495,99.58280143381177
random,4,4,14300,83.73,71500,99.58283011873871
random,4,4,14301,83.73,71505,99.58285776062422
random,4,4,14302,83.73,71510,99.58288539884684
random,4,4,14303,83.73,71515,99.58291303340731
random,4,4,14304,83.73,71520,99.58294066430634
random,4,4,14305,83.73,71525,99.58296849925439
random,4,4,14306,83.73,71530,99.58299633048723
random,4,4,14307,83.73,71535,99.5830241580056
random,4,4,14308,83.73,71540,99.58305198181026
random,4,4,14309,83.73,71545,99.5830798019019
random,4,4,14310,83.73,71550,99.58310761828133
random,4,4,14311,83.73,71555,99.58313522340576
random,4,4,14312,83.73,71560,99.58316386245254
random,4,4,14313,83.73,71565,99.58319374248013
random,4,4,14314,83.73,71570,99.58322361822427
random,4,4,14315,83.73,71575,99.58325348968586
random,4,4,14316,83.73,71580,99.58328356426182
random,4,4,14317,83.73,71585,99.58331342713136
random,4,4,14318,83.73,71590,99.58334328572111
random,4,4,14319,83.73,71595,99.58337314003201
random,4,4,14320,83.73,71600,99.58340299006497
random,4,4,14321,83.73,71605,99.5834328358209
random,4,4,14322,83.73,71610,99.58346267730073
random,4,4,14323,83.73,71615,99.58349147856296
random,4,4,14324,83.73,71620,99.58352131164176
random,4,4,14325,83.73,71625,99.58355114044717
random,4,4,14326,83.73,71630,99.58358096498013
random,4,4,14327,83.73,71635,99.58361099231175
random,4,4,14328,83.73,71640,99.58364101531323
random,4,4,14329,83.73,71645,99.58367103398554
random,4,4,14330,83.74000000000001,71650,99.58365132911881
random,4,4,14331,83.74000000000001,71655,99.58368134271964
random,4,4,14332,83.74000000000001,71660,99.58371135199357
random,4,4,14333,83.74000000000001,71665,99.58374135694153
random,4,4,14334,83.74000000000001,71670,99.58377135756447
random,4,4,14335,83.76,71675,99.58370174436723
random,4,4,14336,83.81,71680,99.58348304784454
random,4,4,14337,83.85000000000001,71685,99.58331407682823
random,4,4,14338,83.91,71690,99.58304574869152
random,4,4,14339,83.91,71695,99.58307558152535
random,4,4,14340,83.91,71700,99.58310541009044
random,4,4,14341,83.91999999999999,71705,99.58308555440134
random,4,4,14342,83.93,71710,99.58306570155293
random,4,4,14343,83.93,71715,99.58309573151226
random,4,4,14344,83.93,71720,99.58312575714604
random,4,4,14345,83.93,71725,99.58315577845521
random,4,4,14346,83.93,71730,99.58318579544073
random,4,4,14347,83.93,71735,99.58321580810347
random,4,4,14348,83.93,71740,99.58324581644443
random,4,4,14349,83.93,71745,99.58327582046452
random,4,4,14350,83.93,71750,99.58330582016465
random,4,4,14351,83.93,71755,99.58333581554581
random,4,4,14352,83.93,71760,99.58336580660885
random,4,4,14353,83.93,71765,99.58339579335478
random,4,4,14354,83.93,71770,99.58342577578449
random,4,4,14355,83.93,71775,99.58345575389893
random,4,4,14356,83.93,71780,99.58348572769901
random,4,4,14357,83.93,71785,99.58351569718569
random,4,4,14358,83.93,71790,99.58354566235988
random,4,4,14359,83.93,71795,99.58357562322252
random,4,4,14360,83.94,71800,99.5835559676668
random,4,4,14361,83.95,71805,99.58353631493881
random,4,4,14362,83.95,71810,99.58356627000879
random,4,4,14363,83.95,71815,99.58359622076989
random,4,4,14364,83.95,71820,99.58362616722307
random,4,4,14365,83.95,71825,99.58365610936924
random,4,4,14366,83.95,71830,99.58368604720935
random,4,4,14367,83.95,71835,99.58371598074433
random,4,4,14368,83.98,71840,99.58359715925798
random,4,4,14369,83.98,71845,99.58362709487928
random,4,4,14370,83.98,71850,99.58365702619669
random,4,4,14371,84.03,71855,99.5834390888108
random,4,4,14372,84.07,71860,99.58327075207063
random,4,4,14373,84.07,71865,99.583300702545
random,4,4,14374,84.07,71870,99.58333064871458
random,4,4,14375,84.07,71875,99.5833605905803
random,4,4,14376,84.07,71880,99.58339052814307
random,4,4,14377,84.07,71885,99.58342046140383
random,4,4,14378,84.07,71890,99.58345039036351
random,4,4,14379,84.07,71895,99.58348031502304
random,4,4,14380,84.09,71900,99.58341115372174
random,4,4,14381,84.13000000000001,71905,99.58324292781131
random,4,4,14382,84.13000000000001,71910,99.5832728609237
random,4,4,14383,84.13000000000001,71915,99.58330278973656
random,4,4,14384,84.14,71920,99.58328318765084
random,4,4,14385,84.14,71925,99.58331311142388
random,4,4,14386,84.14,71930,99.58334303089967
random,4,4,14387,84.14,71935,99.58337294607912
random,4,4,14388,84.14,71940,99.5834028569632
random,4,4,14389,84.14,71945,99.58343276355279
random,4,4,14390,84.14,71950,99.58346266584884
random,4,4,14391,84.14,71955,99.58349256385226
random,4,4,14392,84.19,71960,99.58327496674961
random,4,4,14393,84.21,71965,99.58320588471122
random,4,4,14394,84.25,71970,99.58303783047036
random,4,4,14395,84.31,71975,99.58277082533286
random,4,4,14396,84.35000000000001,71980,99.58260282642463
random,4,4,14397,84.35000000000001,71985,99.58263277324812
random,4,4,14398,84.35000000000001,71990,99.58266271577475
random,4,4,14399,84.35000000000001,71995,99.58269265400546
random,4,4,14400,84.35000000000001,72000,99.58272258794115
random,4,4,14401,84.36,72005,99.58270305137263
random,4,4,14402,84.36,72010,99.58273298026884
random,4,4,14403,84.36,72015,99.58276290487231
random,4,4,14404,84.36,72020,99.58279282518396
random,4,4,14405,84.38,72025,99.58272383716043
random,4,4,14406,84.38,72030,99.58275375598265
random,4,4,14407,84.39,72035,99.58273422558361
random,4,4,14408,84.39,72040,99.58276413937132
random,4,4,14409,84.39,72045,99.5827940488703
random,4,4,14410,84.39,72050,99.58282395408146
random,4,4,14411,84.39,72055,99.58285385500575
random,4,4,14412,84.39,72060,99.58288375164408
random,4,4,14413,84.39,72065,99.58291364399734
random,4,4,14414,84.39,72070,99.5829435320665
random,4,4,14415,84.39,72075,99.58297341585245
random,4,4,14416,84.39,72080,99.58300329535611
random,4,4,14417,84.39,72085,99.58303317057842
random,4,4,14418,84.39,72090,99.58306304152028
random,4,4,14419,84.39,72095,99.58309290818262
random,4,4,14420,84.39,72100,99.58312277056636
random,4,4,14421,84.39,72105,99.58315262867242
random,4,4,14422,84.39,72110,99.58318248250173
random,4,4,14423,84.39,72115,99.58321233205515
random,4,4,14424,84.39,72120,99.58324217733369
random,4,4,14425,84.39,72125,99.5832720183382
random,4,4,14426,84.39,72130,99.58330185506964
random,4,4,14427,84.39,72135,99.58333168752888
random,4,4,14428,84.39999999999999,72140,99.58331214511796
random,4,4,14429,84.39999999999999,72145,99.58334197256968
random,4,4,14430,84.39999999999999,72150,99.58337179575148
random,4,4,14431,84.39999999999999,72155,99.58340161466427
random,4,4,14432,84.39999999999999,72160,99.58343142930896
random,4,4,14433,84.39999999999999,72165,99.58346123968647
random,4,4,14434,84.39999999999999,72170,99.58349104579773
random,4,4,14435,84.39999999999999,72175,99.58352084764364
random,4,4,14436,84.39999999999999,72180,99.58355064522512
random,4,4,14437,84.39999999999999,72185,99.58358043854308
random,4,4,14438,84.39999999999999,72190,99.58361022759846
random,4,4,14439,84.39999999999999,72195,99.58364001239214
random,4,4,14440,84.39999999999999,72200,99.58366979292505
random,4,4,14441,84.39999999999999,72205,99.58369956919812
random,4,4,14442,84.39999999999999,72210,99.58372934121222
random,4,4,14443,84.39999999999999,72215,99.58375910896832
random,4,4,14444,84.39999999999999,72220,99.5837888724673
random,4,4,14445,84.39999999999999,72225,99.58381863171006
random,4,4,14446,84.39999999999999,72230,99.58384838669755
random,4,4,14447,84.39999999999999,72235,99.58387813743066
random,4,4,14448,84.39999999999999,72240,99.5839078839103
random,4,4,14449,84.39999999999999,72245,99.5839376261374
random,4,4,14450,84.39999999999999,72250,99.58396736411285
random,4,4,14451,84.39999999999999,72255,99.58399709783757
random,4,4,14452,84.39999999999999,72260,99.58402682731248
random,4,4,14453,84.41,72265,99.5840072701395
random,4,4,14454,84.41,72270,99.58403699463895
random,4,4,14455,84.41,72275,99.58406671489082
random,4,4,14456,84.42,72280,99.58404715905984
random,4,4,14457,84.42,72285,99.58407687433919
random,4,4,14458,84.42,72290,99.58410658537319
random,4,4,14459,84.42,72295,99.58413629216273
random,4,4,14460,84.42,72300,99.58416599470873
random,4,4,14461,84.42,72305,99.5841956930121
random,4,4,14462,84.42,72310,99.58422538707376
random,4,4,14463,84.42,72315,99.58425507689459
random,4,4,14464,84.42,72320,99.58428476247552
random,4,4,14465,84.42,72325,99.58431444381746
random,4,4,14466,84.42,72330,99.5843441209213
random,4,4,14467,84.42,72335,99.58437379378796
random,4,4,14468,84.45,72340,99.58425577352796
random,4,4,14469,84.48,72345,99.58413777011602
random,4,4,14470,84.5,72350,99.58406900615134
random,4,4,14471,84.54,72355,99.58390181382191
random,4,4,14472,84.57000000000001,72360,99.58378365608925
random,4,4,14473,84.58,72365,99.58376291513596
random,4,4,14474,84.58,72370,99.58379240994431
random,4,4,14475,84.58,72375,99.5838219005729
random,4,4,14476,84.58,72380,99.5838503632576
random,4,4,14477,84.58,72385,99.58387984567443
random,4,4,14478,84.58,72390,99.58390932391414
random,4,4,14479,84.61,72395,99.58379122365676
random,4,4,14480,84.63000000000001,72400,99.583722532844
random,4,4,14481,84.67,72405,99.5835554829812
random,4,4,14482,84.7,72410,99.58343763786026
random,4,4,14483,84.7,72415,99.58346734177414
random,4,4,14484,84.71,72420,99.58344786754911
random,4,4,14485,84.71,72425,99.58347756649805
random,4,4,14486,84.71,72430,99.58350726121239
random,4,4,14487,84.71,72435,99.58353695169305
random,4,4,14488,84.71,72440,99.58356643322266
random,4,4,14489,84.71,72445,99.5835948871292
random,4,4,14490,84.71,72450,99.58362436045715
random,4,4,14491,84.71,72455,99.58365280644844
random,4,4,14492,84.71,72460,99.58368022552334
random,4,4,14493,84.72,72465,99.58365849775022
random,4,4,14494,84.72,72470,99.58368693572062
random,4,4,14495,84.72,72475,99.58371536980638
random,4,4,14496,84.72,72480,99.58374482260514
random,4,4,14497,84.72,72485,99.5837742712365
random,4,4,14498,84.72,72490,99.58380269339395
random,4,4,14499,84.72,72495,99.58383213383786
random,4,4,14500,84.73,72500,99.58381245085003
random,4,4,14501,84.76,72505,99.58369453906056
random,4,4,14502,84.81,72510,99.58347841931018
random,4,4,14503,84.82,72515,99.58345774271615
random,4,4,14504,84.82,72520,99.58348719721553
random,4,4,14505,84.82,72525,99.58351562503836
random,4,4,14506,84.83000000000001,72530,99.58349392769203
random,4,4,14507,84.84,72535,99.58347223320057
random,4,4,14508,84.87,72540,99.58335235665862
random,4,4,14509,84.91,72545,99.58318340666446
random,4,4,14510,84.91,72550,99.5832108228727
random,4,4,14511,84.92,72555,99.5831901756177
random,4,4,14512,84.95,72560,99.58307239571165
random,4,4,14513,84.95,72565,99.58310185957673
random,4,4,14514,84.95,72570,99.58313029644123
random,4,4,14515,84.95,72575,99.58315975212358
random,4,4,14516,85.0,72580,99.5829440811424
random,4,4,14517,85.00999999999999,72585,99.58292448386844
random,4,4,14518,85.03,72590,99.5828558308935
random,4,4,14519,85.07000000000001,72595,99.58268907760895
random,4,4,14520,85.11999999999999,72600,99.58247227232305
random,4,4,14521,85.11999999999999,72605,99.58250073817715
random,4,4,14522,85.11999999999999,72610,99.58252817640539
random,4,4,14523,85.11999999999999,72615,99.58255561102736
random,4,4,14524,85.11999999999999,72620,99.58258304204377
random,4,4,14525,85.11999999999999,72625,99.58261046945535
random,4,4,14526,85.11999999999999,72630,99.58263789326278
random,4,4,14527,85.11999999999999,72635,99.582666336539
random,4,4,14528,85.11999999999999,72640,99.58269579886644
random,4,4,14529,85.11999999999999,72645,99.58272525703428
random,4,4,14530,85.11999999999999,72650,99.58275471104342
random,4,4,14531,85.11999999999999,72655,99.58278436539307
random,4,4,14532,85.11999999999999,72660,99.58281401552783
random,4,4,14533,85.11999999999999,72665,99.58284366144862
random,4,4,14534,85.11999999999999,72670,99.58287330315633
random,4,4,14535,85.11999999999999,72675,99.58290294065188
random,4,4,14536,85.13,72680,99.58288357635318
random,4,4,14537,85.13,72685,99.58291320890791
random,4,4,14538,85.13,72690,99.58294283725266
random,4,4,14539,85.13,72695,99.58297246138834
random,4,4,14540,85.13,72700,99.58300208131583
random,4,4,14541,85.15,72705,99.58293373666882
random,4,4,14542,85.16,72710,99.58291437843418
random,4,4,14543,85.16,72715,99.58294399617617
random,4,4,14544,85.16,72720,99.58297360971208
random,4,4,14545,85.16,72725,99.58300321904278
random,4,4,14546,85.16,72730,99.58303282416921
random,4,4,14547,85.16,72735,99.58306242509224
random,4,4,14548,85.16,72740,99.58309181771185
random,4,4,14549,85.16,72745,99.58312141025974
random,4,4,14550,85.16,72750,99.58315099860691
random,4,4,14551,85.16,72755,99.58318058275427
random,4,4,14552,85.16,72760,99.5832101627027
random,4,4,14553,85.16,72765,99.58323973845309
random,4,4,14554,85.16,72770,99.58326931000633
random,4,4,14555,85.16,72775,99.58329887736333
random,4,4,14556,85.16,72780,99.58332844052498
random,4,4,14557,85.16,72785,99.58335799949216
random,4,4,14558,85.16,72790,99.58338755426578
random,4,4,14559,85.16,72795,99.58341710484672
random,4,4,14560,85.16,72800,99.58344665123586
random,4,4,14561,85.16,72805,99.58347598970919
random,4,4,14562,85.16,72810,99.58350532405007
random,4,4,14563,85.16,72815,99.58353363591861
random,4,4,14564,85.16,72820,99.58356092573095
random,4,4,14565,85.16,72825,99.58358923004104
random,4,4,14566,85.16,72830,99.58361753050383
random,4,4,14567,85.16,72835,99.58364582712012
random,4,4,14568,85.16,72840,99.5836741198907
random,4,4,14569,85.16,72845,99.58370240881635
random,4,4,14570,85.17,72850,99.58368181304932
random,4,4,14571,85.2,72855,99.58356346502568
random,4,4,14572,85.21,72860,99.58354186379312
random,4,4,14573,85.21,72865,99.58356913651562
random,4,4,14574,85.21,72870,99.58359640566633
random,4,4,14575,85.21,72875,99.58362367124595
random,4,4,14576,85.21,72880,99.58365093325516
random,4,4,14577,85.21,72885,99.58367819169467
random,4,4,14578,85.21,72890,99.58370544656519
random,4,4,14579,85.21,72895,99.58373269786742
random,4,4,14580,85.21,72900,99.58375994560204
random,4,4,14581,85.21,72905,99.5837871897698
random,4,4,14582,85.21,72910,99.58381443037135
random,4,4,14583,85.21,72915,99.5838416674074
random,4,4,14584,85.21,72920,99.58386991698399
random,4,4,14585,85.21,72925,99.58389714675818
random,4,4,14586,85.21,72930,99.58392437296901
random,4,4,14587,85.21,72935,99.58395261131867
random,4,4,14588,85.21,72940,99.58397983027197
random,4,4,14589,85.21,72945,99.58400704566402
random,4,4,14590,85.21,72950,99.58403527279349
random,4,4,14591,85.21,72955,99.58406349609251
random,4,4,14592,85.21,72960,99.58409171556188
random,4,4,14593,85.21,72965,99.58411993120238
random,4,4,14594,85.21,72970,99.58414915775685
random,4,4,14595,85.21,72975,99.58417736560428
random,4,4,14596,85.21,72980,99.58420455515841
random,4,4,14597,85.21,72985,99.58423153828963
random,4,4,14598,85.21,72990,99.58425851791894
random,4,4,14599,85.21,72995,99.58428650811888
random,4,4,14600,85.21,73000,99.58431571126602
random,4,4,14601,85.21,73005,99.58434491031049
random,4,4,14602,85.21,73010,99.58437430798152
random,4,4,14603,85.21,73015,99.58440370149447
random,4,4,14604,85.21,73020,99.58443309085021
random,4,4,14605,85.21,73025,99.58446247604967
random,4,4,14606,85.21,73030,99.58449185709367
random,4,4,14607,85.21,73035,99.58452123398315
random,4,4,14608,85.21,73040,99.58455060671896
random,4,4,14609,85.21,73045,99.58457997530199
random,4,4,14610,85.21,73050,99.5846093397331
random,4,4,14611,85.21,73055,99.5846387000132
random,4,4,14612,85.21,73060,99.58466805614317
random,4,4,14613,85.21,73065,99.58469740812387
random,4,4,14614,85.21,73070,99.58472655357154
random,4,4,14615,85.21,73075,99.58475569492872
random,4,4,14616,85.21,73080,99.58478503452409
random,4,4,14617,85.21,73085,99.58481416767447
random,4,4,14618,85.21,73090,99.58484349900777
random,4,4,14619,85.21,73095,99.5848728261971
random,4,4,14620,85.21,73100,99.58490214924329
random,4,4,14621,85.21,73105,99.58493146814723
random,4,4,14622,85.21,73110,99.58496078290979
random,4,4,14623,85.21,73115,99.58499009353187
random,4,4,14624,85.21,73120,99.58501919791482
random,4,4,14625,85.21,73125,99.5850472878572
random,4,4,14626,85.21,73130,99.58507638421898
random,4,4,14627,85.21,73135,99.58510567851606
random,4,4,14628,85.21,73140,99.58513496867698
random,4,4,14629,85.21,73145,99.58516425470263
random,4,4,14630,85.21,73150,99.58519333466394
random,4,4,14631,85.21,73155,99.58522241054852
random,4,4,14632,85.21,73160,99.58525168423056
random,4,4,14633,85.21,73165,99.58528075193598
random,4,4,14634,85.21,73170,99.58530981556726
random,4,4,14635,85.21,73175,99.58533786618106
random,4,4,14636,85.21,73180,99.58536591300032
random,4,4,14637,85.21,73185,99.58539294734963
random,4,4,14638,85.21,73190,99.58542098671849
random,4,4,14639,85.21,73195,99.58544902229507
random,4,4,14640,85.21,73200,99.58547705408014
random,4,4,14641,85.21,73205,99.58550508207446
random,4,4,14642,85.21,73210,99.58553310627882
random,4,4,14643,85.21,73215,99.58556112669397
random,4,4,14644,85.21,73220,99.5855891433207
random,4,4,14645,85.21,73225,99.58561715615974
random,4,4,14646,85.21,73230,99.58564415775768
random,4,4,14647,85.21,73235,99.58567115583695
random,4,4,14648,85.21,73240,99.58569915758991
random,4,4,14649,85.21,73245,99.58572614850266
random,4,4,14650,85.21,73250,99.58575313589884
random,4,4,14651,85.21,73255,99.58578112657229
random,4,4,14652,85.21,73260,99.5858081068062
random,4,4,14653,85.21,73265,99.58583508352561
random,4,4,14654,85.21,73270,99.58586306312611
random,4,4,14655,85.21,73275,99.58589103894646
random,4,4,14656,85.21,73280,99.58591901098741
random,4,4,14657,85.21,73285,99.58594697924973
random,4,4,14658,85.21,73290,99.5859759495805
random,4,4,14659,85.21,73295,99.5860049158576
random,4,4,14660,85.21,73300,99.58603387808185
random,4,4,14661,85.21,73305,99.58606283625411
random,4,4,14662,85.21,73310,99.58609179037524
random,4,4,14663,85.21,73315,99.58612074044608
random,4,4,14664,85.21,73320,99.58614868146513
random,4,4,14665,85.21,73325,99.58617661871185
random,4,4,14666,85.21,73330,99.58620555691799
random,4,4,14667,85.21,73335,99.58623449107716
random,4,4,14668,85.21,73340,99.58626342119025
random,4,4,14669,85.21,73345,99.58629134294851
random,4,4,14670,85.21,73350,99.58632026511235
random,4,4,14671,85.21,73355,99.58634817919896
random,4,4,14672,85.21,73360,99.58637508561566
random,4,4,14673,85.21,73365,99.5864029923047
random,4,4,14674,85.21,73370,99.58643089522835
random,4,4,14675,85.21,73375,99.58645879438737
random,4,4,14676,85.21,73380,99.58648668978252
random,4,4,14677,85.21,73385,99.58651458141455
random,4,4,14678,85.21,73390,99.58654246928424
random,4,4,14679,85.21,73395,99.58657035339235
random,4,4,14680,85.21,73400,99.58659823373962
random,4,4,14681,85.21,73405,99.58662611032682
random,4,4,14682,85.21,73410,99.5866549857044
random,4,4,14683,85.21,73415,99.58668285463858
random,4,4,14684,85.21,73420,99.586710719815
random,4,4,14685,85.21,73425,99.58673858123441
random,4,4,14686,85.21,73430,99.5867654368885
random,4,4,14687,85.21,73435,99.5867922890524
random,4,4,14688,85.21,73440,99.58682013947548
random,4,4,14689,85.21,73445,99.58684698453088
random,4,4,14690,85.21,73450,99.58687382609817
random,4,4,14691,85.21,73455,99.58690066417802
random,4,4,14692,85.21,73460,99.5869274987711
random,4,4,14693,85.21,73465,99.58695432987813
random,4,4,14694,85.22,73470,99.58693268679882
random,4,4,14695,85.22999999999999,73475,99.5869120475989
random,4,4,14696,85.25,73480,99.58684294700927
random,4,4,14697,85.26,73485,99.58682231663484
random,4,4,14698,85.26,73490,99.58685014668129
random,4,4,14699,85.26,73495,99.58687797297893
random,4,4,14700,85.26,73500,99.58690579552855
random,4,4,14701,85.26,73505,99.5869326137195
random,4,4,14702,85.27,73510,99.58691098360434
random,4,4,14703,85.27,73515,99.58693779797689
random,4,4,14704,85.27,73520,99.58696560920757
random,4,4,14705,85.27,73525,99.58699341669347
random,4,4,14706,85.27,73530,99.58702122043536
random,4,4,14707,85.27,73535,99.58705002036419
random,4,4,14708,85.27,73540,99.58707881627646
random,4,4,14709,85.27,73545,99.58710760817301
random,4,4,14710,85.27,73550,99.58713539654272
random,4,4,14711,85.27,73555,99.58716318117227
random,4,4,14712,85.27,73560,99.58719196130535
random,4,4,14713,85.27,73565,99.58722073742602
random,4,4,14714,85.27,73570,99.58724950953508
random,4,4,14715,85.27,73575,99.5872782776334
random,4,4,14716,85.27,73580,99.58730704172181
random,4,4,14717,85.27,73585,99.58733600150993
random,4,4,14718,85.27,73590,99.58736495723393
random,4,4,14719,85.27,73595,99.587393709242
random,4,4,14720,85.27,73600,99.58742265686841
random,4,4,14721,85.27,73605,99.58745160043331
random,4,4,14722,85.27,73610,99.58748034036863
random,4,4,14723,85.27,73615,99.58750907629994
random,4,4,14724,85.27,73620,99.58753800774134
random,4,4,14725,85.27,73625,99.58756693512463
random,4,4,14726,85.27,73630,99.58759585845063
random,4,4,14727,85.27,73635,99.58762477772024
random,4,4,14728,85.27,73640,99.58765349353288
random,4,4,14729,85.27,73645,99.58768220534654
random,4,4,14730,85.27,73650,99.58770991642992
random,4,4,14731,85.27,73655,99.58773762378871
random,4,4,14732,85.27,73660,99.58776532742368
random,4,4,14733,85.27,73665,99.58779203100043
random,4,4,14734,85.27,73670,99.58781873111782
random,4,4,14735,85.27,73675,99.58784542777653
random,4,4,14736,85.27,73680,99.5878721209772
random,4,4,14737,85.27,73685,99.58789881072053
random,4,4,14738,85.27,73690,99.58792529786858
random,4,4,14739,85.27,73695,99.58795178161203
random,4,4,14740,85.27,73700,99.5879782619515
random,4,4,14741,85.27,73705,99.58800473888768
random,4,4,14742,85.27,73710,99.58803121242119
random,4,4,14743,85.27,73715,99.58805768255272
random,4,4,14744,85.27,73720,99.5880841492829
random,4,4,14745,85.27,73725,99.58811081157192
random,4,4,14746,85.27,73730,99.5881374704096
random,4,4,14747,85.27,73735,99.5881639268886
random,4,4,14748,85.27,73740,99.58818938555363
random,4,4,14749,85.27,73745,99.5882158353636
random,4,4,14750,85.27,73750,99.58824228177615
random,4,4,14751,85.27,73755,99.588269718824
random,4,4,14752,85.27,73760,99.5882963570963
random,4,4,14753,85.27,73765,99.58832279316732
random,4,4,14754,85.27,73770,99.58834922584357
random,4,4,14755,85.27,73775,99.5883756551257
random,4,4,14756,85.27,73780,99.58840108762128
random,4,4,14757,85.27,73785,99.58842751024467
random,4,4,14758,85.27,73790,99.58845392947586
random,4,4,14759,85.27,73795,99.58848034531552
random,4,4,14760,85.27,73800,99.58850695634129
random,4,4,14761,85.27,73805,99.58853356392568
random,4,4,14762,85.27,73810,99.58856016806934
random,4,4,14763,85.27,73815,99.58858676877294
random,4,4,14764,85.27,73820,99.58861435840582
random,4,4,14765,85.27,73825,99.58864194433859
random,4,4,14766,85.27,73830,99.58867051866974
random,4,4,14767,85.27,73835,99.58869908903142
random,4,4,14768,85.27,73840,99.58872785378834
random,4,4,14769,85.27,73845,99.58875661452214
random,4,4,14770,85.27,73850,99.58878537123368
random,4,4,14771,85.27,73855,99.58881412392383
random,4,4,14772,85.27,73860,99.58884267434046
random,4,4,14773,85.27,73865,99.5888712207926
random,4,4,14774,85.27,73870,99.58889976328109
random,4,4,14775,85.27,73875,99.58892830180675
random,4,4,14776,85.27,73880,99.58895584565333
random,4,4,14777,85.27,73885,99.588983385809
random,4,4,14778,85.27,73890,99.58901092227453
random,4,4,14779,85.27,73895,99.58903845505063
random,4,4,14780,85.27,73900,99.58906598413805
random,4,4,14781,85.27,73905,99.58909331152626
random,4,4,14782,85.27,73910,99.58912162520298
random,4,4,14783,85.27,73915,99.58914993497805
random,4,4,14784,85.27,73920,99.58917843878172
random,4,4,14785,85.27,73925,99.58920674072861
random,4,4,14786,85.27,73930,99.58923503877627
random,4,4,14787,85.27,73935,99.58926234368535
random,4,4,14788,85.27,73940,99.58928964496458
random,4,4,14789,85.27,73945,99.58931812938671
random,4,4,14790,85.27,73950,99.58934680762533
random,4,4,14791,85.27,73955,99.58937528411937
random,4,4,14792,85.27,73960,99.5894025703871
random,4,4,14793,85.27,73965,99.58942787614752
random,4,4,14794,85.27,73970,99.58945317878887
random,4,4,14795,85.27,73975,99.58947946651107
random,4,4,14796,85.27,73980,99.5895047627942
random,4,4,14797,85.27,73985,99.58953005596004
random,4,4,14798,85.27,73990,99.58955732166297
random,4,4,14799,85.27,73995,99.58958379358958
random,4,4,14800,85.27,74000,99.58961026210173
random,4,4,14801,85.27,74005,99.5896367272001
random,4,4,14802,85.27,74010,99.58966318888535
random,4,4,14803,85.27,74015,99.58968944972095
random,4,4,14804,85.27,74020,99.58971472013319
random,4,4,14805,85.27,74025,99.58973998743286
random,4,4,14806,85.27,74030,99.58976525162059
random,4,4,14807,85.27,74035,99.58979248608748
random,4,4,14808,85.27,74040,99.58981873037665
random,4,4,14809,85.27,74045,99.58984398486747
random,4,4,14810,85.27,74050,99.5898692362487
random,4,4,14811,85.27,74055,99.58989547071843
random,4,4,14812,85.27,74060,99.58992189904586
random,4,4,14813,85.27,74065,99.58994832396726
random,4,4,14814,85.27,74070,99.58997474548332
random,4,4,14815,85.27,74075,99.59000116359468
random,4,4,14816,85.27,74080,99.59002757830199
random,4,4,14817,85.27,74085,99.59005398960592
random,4,4,14818,85.27,74090,99.59008039750712
random,4,4,14819,85.27,74095,99.59010660497036
random,4,4,14820,85.27,74100,99.59013280908275
random,4,4,14821,85.27,74105,99.59015920683045
random,4,4,14822,85.27,74110,99.59018560117808
random,4,4,14823,85.27,74115,99.59021199212623
random,4,4,14824,85.27,74120,99.59023837967558
random,4,4,14825,85.27,74125,99.59026574824432
random,4,4,14826,85.27,74130,99.5902940974386
random,4,4,14827,85.27,74135,99.59032145856514
random,4,4,14828,85.27,74140,99.59034881603745
random,4,4,14829,85.27,74145,99.59037616985626
random,4,4,14830,85.27,74150,99.5904025362667
random,4,4,14831,85.27,74155,99.59042889928307
random,4,4,14832,85.27,74160,99.59045525890605
random,4,4,14833,85.27,74165,99.59048161513628
random,4,4,14834,85.27,74170,99.59050895122364
random,4,4,14835,85.27,74175,99.59053726677503
random,4,4,14836,85.27,74180,99.59056577500564
random,4,4,14837,85.27,74185,99.59059427926684
random,4,4,14838,85.27,74190,99.59062258301931
random,4,4,14839,85.27,74195,99.59065088285855
random,4,4,14840,85.27,74200,99.59067917878541
random,4,4,14841,85.27,74205,99.59070747080064
random,4,4,14842,85.27,74210,99.5907347767448
random,4,4,14843,85.27,74215,99.59076207904575
random,4,4,14844,85.27,74220,99.59079035960251
random,4,4,14845,85.27,74225,99.59081863625087
random,4,4,14846,85.27,74230,99.59084690899162
random,4,4,14847,85.27,74235,99.5908751778256
random,4,4,14848,85.27,74240,99.59090246139792
random,4,4,14849,85.27,74245,99.59092974133155
random,4,4,14850,85.27,74250,99.59095682140783
random,4,4,14851,85.27,74255,99.59098409409236
random,4,4,14852,85.27,74260,99.59101136314037
random,4,4,14853,85.27,74265,99.59103843241152
random,4,4,14854,85.27,74270,99.59106647867331
random,4,4,14855,85.27,74275,99.59109452108858
random,4,4,14856,85.27,74280,99.59112255965813
random,4,4,14857,85.27,74285,99.59115079041624
random,4,4,14858,85.27,74290,99.59117901727625
random,4,4,14859,85.27,74295,99.5912070442596
random,4,4,14860,85.27,74300,99.59123506740043
random,4,4,14861,85.27,74305,99.59126328262512
random,4,4,14862,85.27,74310,99.59129149395493
random,4,4,14863,85.27,74315,99.59131970139067
random,4,4,14864,85.27,74320,99.59134790493316
random,4,4,14865,85.27,74325,99.59137512549388
random,4,4,14866,85.27,74330,99.59140136346495
random,4,4,14867,85.27,74335,99.59142759806672
random,4,4,14868,85.27,74340,99.59145382929987
random,4,4,14869,85.27,74345,99.59148103575151
random,4,4,14870,85.27,74350,99.59150921703139
random,4,4,14871,85.27,74355,99.59153641610689
random,4,4,14872,85.27,74360,99.59156361156056
random,4,4,14873,85.27,74365,99.59159080339315
random,4,4,14874,85.27,74370,99.59161799160535
random,4,4,14875,85.27,74375,99.59164615399351
random,4,4,14876,85.27,74380,99.59167431249773
random,4,4,14877,85.27,74385,99.59170246711881
random,4,4,14878,85.27,74390,99.59173081333523
random,4,4,14879,85.27,74395,99.59175896016549
random,4,4,14880,85.27,74400,99.59178710311505
random,4,4,14881,85.27,74405,99.59181524218468
random,4,4,14882,85.27,74410,99.59184337737518
random,4,4,14883,85.27,74415,99.59187170403017
random,4,4,14884,85.27,74420,99.59190002675359
random,4,4,14885,85.27,74425,99.5919283455463
random,4,4,14886,85.27,74430,99.59195666040908
random,4,4,14887,85.27,74435,99.59198497134277
random,4,4,14888,85.27,74440,99.59201327834819
random,4,4,14889,85.27,74445,99.59204138624595
random,4,4,14890,85.27,74450,99.59206949027106
random,4,4,14891,85.27,74455,99.59209641966184
random,4,4,14892,85.27,74460,99.59212432100443
random,4,4,14893,85.27,74465,99.59215221853026
random,4,4,14894,85.27,74470,99.59218011224014
random,4,4,14895,85.27,74475,99.5922072220498
random,4,4,14896,85.27,74480,99.59223432825543
random,4,4,14897,85.27,74485,99.59226221073546
random,4,4,14898,85.27,74490,99.59228911468834
random,4,4,14899,85.27,74495,99.59231601509106
random,4,4,14900,85.27,74500,99.59234291194426
random,4,4,14901,85.27,74505,99.59237000011473
random,4,4,14902,85.27,74510,99.59239708468552
random,4,4,14903,85.27,74515,99.59242416565732
random,4,4,14904,85.27,74520,99.59245124303088
random,4,4,14905,85.27,74525,99.59247831680689
random,4,4,14906,85.27,74530,99.59250441330097
random,4,4,14907,85.27,74535,99.59253050645299
random,4,4,14908,85.27,74540,99.59255640157588
random,4,4,14909,85.27,74545,99.59258229340765
random,4,4,14910,85.27,74550,99.59260818194892
random,4,4,14911,85.27,74555,99.59263212105519
random,4,4,14912,85.27,74560,99.59265605734822
random,4,4,14913,85.27,74565,99.59267999082849
random,4,4,14914,85.27,74570,99.59270489422842
random,4,4,14915,85.27,74575,99.59272979458336
random,4,4,14916,85.27,74580,99.59275469189387
random,4,4,14917,85.27,74585,99.59277861378536
random,4,4,14918,85.27,74590,99.59280253286661
random,4,4,14919,85.27,74595,99.59282644913816
random,4,4,14920,85.27,74600,99.59285036260049
random,4,4,14921,85.27,74605,99.59287621708621
random,4,4,14922,85.27,74610,99.59290304007425
random,4,4,14923,85.27,74615,99.5929298595281
random,4,4,14924,85.27,74620,99.59295570391883
random,4,4,14925,85.27,74625,99.5929825164344
random,4,4,14926,85.27,74630,99.59301049094572
random,4,4,14927,85.28,74635,99.5929907353848
random,4,4,14928,85.3,74640,99.59292325959184
random,4,4,14929,85.3,74645,99.59295123240814
random,4,4,14930,85.3,74650,99.59297920138034
random,4,4,14931,85.3,74655,99.59300736069807
random,4,4,14932,85.3,74660,99.59303532195773
random,4,4,14933,85.3,74665,99.59306211455993
random,4,4,14934,85.3,74670,99.59308793307751
random,4,4,14935,85.3,74675,99.59311374831915
random,4,4,14936,85.3,74680,99.59313975434799
random,4,4,14937,85.3,74685,99.5931657570527
random,4,4,14938,85.3,74690,99.59319253248378
random,4,4,14939,85.3,74695,99.5932183344556
random,4,4,14940,85.3,74700,99.59324413315461
random,4,4,14941,85.3,74705,99.59326992858144
random,4,4,14942,85.3,74710,99.59329552682294
random,4,4,14943,85.3,74715,99.59332131573188
random,4,4,14944,85.3,74720,99.59334807069165
random,4,4,14945,85.3,74725,99.59337385293767
random,4,4,14946,85.3,74730,99.59339963191465
random,4,4,14947,85.3,74735,99.59342637657106
random,4,4,14948,85.3,74740,99.59345311770939
random,4,4,14949,85.3,74745,99.59347869289817
random,4,4,14950,85.3,74750,99.59350329629272
random,4,4,14951,85.3,74755,99.5935288651688
random,4,4,14952,85.3,74760,99.59355249414868
random,4,4,14953,85.3,74765,99.59357708861116
random,4,4,14954,85.3,74770,99.5936026482052
random,4,4,14955,85.3,74775,99.5936283981813
random,4,4,14956,85.3,74780,99.59365317703192
random,4,4,14957,85.3,74785,99.59367698511181
random,4,4,14958,85.3,74790,99.59370272566885
random,4,4,14959,85.3,74795,99.59372923696826
random,4,4,14960,85.3,74800,99.59375574480812
random,4,4,14961,85.3,74805,99.59378031467978
random,4,4,14962,85.3,74810,99.59380604214702
random,4,4,14963,85.3,74815,99.59383176635566
random,4,4,14964,85.3,74820,99.59385748730625
random,4,4,14965,85.3,74825,99.59388223822782
random,4,4,14966,85.3,74830,99.59390795278668
random,4,4,14967,85.3,74835,99.59393269755793
random,4,4,14968,85.3,74840,99.59395743931377
random,4,4,14969,85.3,74845,99.59398314435064
random,4,4,14970,85.3,74850,99.59400884613316
random,4,4,14971,85.3,74855,99.59403454466191
random,4,4,14972,85.3,74860,99.59406023993752
random,4,4,14973,85.3,74865,99.59408593196062
random,4,4,14974,85.3,74870,99.59411258641167
random,4,4,14975,85.3,74875,99.59413827180936
random,4,4,14976,85.3,74880,99.59416395395641
random,4,4,14977,85.3,74885,99.59418963285341
random,4,4,14978,85.3,74890,99.59421434330989
random,4,4,14979,85.3,74895,99.59424001583082
random,4,4,14980,85.3,74900,99.59426568510355
random,4,4,14981,85.3,74905,99.5942913511287
random,4,4,14982,85.3,74910,99.59431701390689
random,4,4,14983,85.3,74915,99.59434170885338
random,4,4,14984,85.3,74920,99.59436640079358
random,4,4,14985,85.3,74925,99.59439012537293
random,4,4,14986,85.3,74930,99.59441384717724
random,4,4,14987,85.3,74935,99.59443756620699
random,4,4,14988,85.3,74940,99.5944612824627
random,4,4,14989,85.3,74945,99.59448595984888
random,4,4,14990,85.3,74950,99.59451063423195
random,4,4,14991,85.3,74955,99.59453530561248
random,4,4,14992,85.3,74960,99.59455997399101
random,4,4,14993,85.3,74965,99.59458560279846
random,4,4,14994,85.3,74970,99.59461238433028
random,4,4,14995,85.3,74975,99.59463896968916
random,4,4,14996,85.3,74980,99.59466670721584
random,4,4,14997,85.3,74985,99.59469444094678
random,4,4,14998,85.3,74990,99.5947221708828
random,4,4,14999,85.3,74995,99.59474893437498
random,4,4,15000,85.3,75000,99.59477569433261
