strategy,run_id,map_seed,timestep,coverage,total_distance,sensing_redundancy,visit_overlap,num_clusters,num_active_drones,exploration_efficiency,mean_pairwise_distance,movement_efficiency,nodes_expanded
cluster_utility_frontier,1,1,1,0.32,5,71.42857142857143,0.0,0,0,1.0,1.3478708664619075,1.0,0
cluster_utility_frontier,1,1,2,0.32,10,86.32478632478633,37.5,2,3,0.5,0.9656854249492381,0.5,317
cluster_utility_frontier,1,1,3,0.36,15,89.62536023054754,53.84615384615385,2,2,0.4,1.2,0.4,398
cluster_utility_frontier,1,1,4,0.43,20,90.79229122055675,55.55555555555556,2,2,0.4,1.2242640687119288,0.4,398
cluster_utility_frontier,1,1,5,0.49,25,91.73693086003372,56.52173913043478,2,2,0.4,1.3478708664619077,0.4,398
cluster_utility_frontier,1,1,6,0.53,30,92.57703081232494,55.55555555555556,1,1,0.4,1.509083264970256,0.4,436
cluster_utility_frontier,1,1,7,0.61,35,92.60606060606061,53.125,1,1,0.42857142857142855,2.6487475676864216,0.42857142857142855,468
cluster_utility_frontier,1,1,8,0.6799999999999999,40,92.76595744680851,51.35135135135135,2,2,0.45,3.0830388280710332,0.45,612
cluster_utility_frontier,1,1,9,0.76,45,92.90382819794584,52.38095238095239,2,2,0.4444444444444444,3.0830388280710332,0.4444444444444444,612
cluster_utility_frontier,1,1,10,0.79,50,93.43853820598007,53.191489361702125,2,1,0.44,2.886353168444791,0.44,694
cluster_utility_frontier,1,1,11,0.8699999999999999,55,93.5171385991058,51.92307692307693,2,1,0.45454545454545453,3.3074587526397288,0.45454545454545453,694
cluster_utility_frontier,1,1,12,0.9299999999999999,60,93.7204591492235,50.877192982456144,2,1,0.4666666666666667,3.3099552952969105,0.4666666666666667,694
cluster_utility_frontier,1,1,13,0.97,65,93.9938080495356,50.0,2,1,0.47692307692307695,3.4326280925013757,0.47692307692307695,694
cluster_utility_frontier,1,1,14,1.03,70,94.11092052601487,50.74626865671642,2,3,0.4714285714285714,3.6813769390438464,0.4714285714285714,1640
cluster_utility_frontier,1,1,15,1.11,75,94.10515135422199,48.61111111111111,3,1,0.49333333333333335,4.491659928717023,0.49333333333333335,1789
cluster_utility_frontier,1,1,16,1.23,80,93.90183440753594,46.75324675324675,3,1,0.5125,5.22336454874435,0.5125,1789
cluster_utility_frontier,1,1,17,1.39,85,93.55287569573284,45.1219512195122,3,1,0.5294117647058824,5.2880701018895016,0.5294117647058824,1789
cluster_utility_frontier,1,1,18,1.55,90,93.24618736383442,43.67816091954023,4,4,0.5444444444444444,5.8187862945967375,0.5444444444444444,2273
cluster_utility_frontier,1,1,19,1.69,95,93.05669679539852,41.30434782608695,4,4,0.5684210526315789,6.430762284047967,0.5684210526315789,2273
cluster_utility_frontier,1,1,20,1.8599999999999999,100,92.78510473235066,39.175257731958766,5,1,0.59,6.640694524988677,0.59,2496
cluster_utility_frontier,1,1,21,1.9800000000000002,105,92.72593681116827,38.23529411764706,4,3,0.6,6.457146026400258,0.6,3061
cluster_utility_frontier,1,1,22,2.13,110,92.56803907885555,37.38317757009346,4,3,0.6090909090909091,6.457146026400258,0.6090909090909091,3061
cluster_utility_frontier,1,1,23,2.25,115,92.52739953503819,36.607142857142854,4,1,0.6173913043478261,6.225654806134343,0.6173913043478261,3312
cluster_utility_frontier,1,1,24,2.3800000000000003,120,92.45880861850443,35.8974358974359,6,2,0.625,6.517659021848277,0.625,3524
cluster_utility_frontier,1,1,25,2.5100000000000002,125,92.3962435625568,35.24590163934426,6,2,0.632,6.498855441622031,0.632,3524
cluster_utility_frontier,1,1,26,2.65,130,92.30992455020314,34.645669291338585,6,2,0.6384615384615384,6.498855441622031,0.6384615384615384,3524
cluster_utility_frontier,1,1,27,2.74,135,92.369813422445,35.11450381679389,6,3,0.6296296296296297,6.80459238773008,0.6296296296296297,4067
cluster_utility_frontier,1,1,28,2.82,140,92.45182012847965,34.81481481481482,6,1,0.6285714285714286,7.404059551865783,0.6285714285714286,4355
cluster_utility_frontier,1,1,29,2.8899999999999997,145,92.55346560164905,33.57142857142857,6,1,0.6413793103448275,7.91230344673526,0.6413793103448275,4355
cluster_utility_frontier,1,1,30,2.9899999999999998,150,92.57327372081471,32.63888888888889,5,3,0.6466666666666666,8.935281752265674,0.6466666666666666,5466
cluster_utility_frontier,1,1,31,3.1,155,92.5677295612563,31.756756756756754,5,3,0.6516129032258065,9.151692500042634,0.6516129032258065,5466
cluster_utility_frontier,1,1,32,3.2199999999999998,160,92.53938832252085,31.57894736842105,6,1,0.65,9.415541911433174,0.65,5605
cluster_utility_frontier,1,1,33,3.3300000000000005,165,92.53530598520511,31.41025641025641,7,2,0.6484848484848484,10.04582571244683,0.6484848484848484,6551
cluster_utility_frontier,1,1,34,3.42,170,92.57490230134607,31.25,7,2,0.6470588235294118,10.446987227790869,0.6470588235294118,6551
cluster_utility_frontier,1,1,35,3.53,175,92.56998526625974,31.515151515151512,5,1,0.6457142857142857,11.18280259102186,0.6457142857142857,6743
cluster_utility_frontier,1,1,36,3.6700000000000004,180,92.50408496732027,31.76470588235294,5,1,0.6444444444444445,11.943118952787518,0.6444444444444445,6743
cluster_utility_frontier,1,1,37,3.83,185,92.40230113072802,31.60919540229885,5,1,0.6432432432432432,12.328753013358746,0.6432432432432432,7116
cluster_utility_frontier,1,1,38,3.9899999999999998,190,92.30472516875604,31.46067415730337,9,2,0.6421052631578947,12.710184588766746,0.6421052631578947,7586
cluster_utility_frontier,1,1,39,4.06,195,92.38130981422405,31.318681318681318,7,1,0.6410256410256411,12.849405124084118,0.6410256410256411,8173
cluster_utility_frontier,1,1,40,4.15,200,92.41593567251462,31.182795698924732,8,1,0.64,13.657478471381477,0.64,8427
cluster_utility_frontier,1,1,41,4.26,205,92.40641711229947,30.36649214659686,7,2,0.6487804878048781,14.547270784418828,0.6487804878048781,9076
cluster_utility_frontier,1,1,42,4.3999999999999995,210,92.33849904231238,29.591836734693878,7,2,0.6571428571428571,15.539045909473112,0.6571428571428571,9076
cluster_utility_frontier,1,1,43,4.53,215,92.28936170212766,29.35323383084577,7,2,0.6604651162790698,16.104894542064585,0.6604651162790698,9076
cluster_utility_frontier,1,1,44,4.68,220,92.21556886227546,29.126213592233007,8,2,0.6636363636363637,16.658344483508863,0.6636363636363637,10133
cluster_utility_frontier,1,1,45,4.72,225,92.31145137644567,28.436018957345972,6,1,0.6711111111111111,16.658856811825398,0.6711111111111111,10210
cluster_utility_frontier,1,1,46,4.79,230,92.35556974146186,27.906976744186046,6,1,0.6739130434782609,17.190503870583875,0.6739130434782609,10544
cluster_utility_frontier,1,1,47,4.91,235,92.3197246988894,27.27272727272727,6,1,0.6808510638297872,17.77074139205822,0.6808510638297872,10953
cluster_utility_frontier,1,1,48,5.029999999999999,240,92.27342549923195,26.666666666666668,7,1,0.6875,18.83522271703545,0.6875,11029
cluster_utility_frontier,1,1,49,5.17,245,92.21033599517855,26.200873362445414,7,1,0.689795918367347,18.88805042088456,0.689795918367347,11512
cluster_utility_frontier,1,1,50,5.3100000000000005,250,92.1554143891269,25.64102564102564,10,1,0.696,19.240708159663214,0.696,11712
cluster_utility_frontier,1,1,51,5.41,255,92.1605564410955,25.630252100840334,10,2,0.6941176470588235,19.14012859980333,0.6941176470588235,12006
cluster_utility_frontier,1,1,52,5.48,260,92.21480323909647,25.6198347107438,11,1,0.6923076923076923,18.616302583475406,0.6923076923076923,12847
cluster_utility_frontier,1,1,53,5.53,265,92.30019493177389,25.203252032520325,10,1,0.6943396226415094,17.95592639004243,0.6943396226415094,13302
cluster_utility_frontier,1,1,54,5.66,270,92.27303754266212,24.701195219123505,10,1,0.7,18.11645812117535,0.7,13302
cluster_utility_frontier,1,1,55,5.83,275,92.19335832886985,24.21875,10,1,0.7054545454545454,18.11645812117535,0.7054545454545454,13302
cluster_utility_frontier,1,1,56,6.04,280,92.058900867736,23.754789272030653,8,3,0.7107142857142857,18.560133041302706,0.7107142857142857,15227
cluster_utility_frontier,1,1,57,6.239999999999999,285,91.9369427574622,23.308270676691727,9,1,0.7157894736842105,18.918499914675735,0.7157894736842105,16162
cluster_utility_frontier,1,1,58,6.4,290,91.869918699187,22.962962962962962,10,1,0.7172413793103448,18.72940825515688,0.7172413793103448,16784
cluster_utility_frontier,1,1,59,6.47,295,91.9276356830942,22.794117647058822,10,3,0.711864406779661,18.557912575039456,0.711864406779661,18544
cluster_utility_frontier,1,1,60,6.61,300,91.8985169751195,22.82608695652174,11,1,0.71,18.9154797703629,0.71,19076
cluster_utility_frontier,1,1,61,6.76,305,91.85836444658557,22.857142857142858,11,1,0.7081967213114754,19.204258991165553,0.7081967213114754,19076
cluster_utility_frontier,1,1,62,6.890000000000001,310,91.84325796140642,22.535211267605636,11,1,0.7096774193548387,19.662406310627574,0.7096774193548387,19076
cluster_utility_frontier,1,1,63,6.97,315,91.88780260707635,22.22222222222222,11,3,0.7111111111111111,19.290009098115135,0.7111111111111111,19506
cluster_utility_frontier,1,1,64,7.109999999999999,320,91.86219526153143,22.26027397260274,11,3,0.709375,19.231305221996465,0.709375,19506
cluster_utility_frontier,1,1,65,7.24,325,91.84776489134107,22.2972972972973,11,3,0.7076923076923077,19.766045762401127,0.7076923076923077,19506
cluster_utility_frontier,1,1,66,7.3999999999999995,330,91.8005540166205,21.92691029900332,15,2,0.7121212121212122,19.812708746557888,0.7121212121212122,20211
cluster_utility_frontier,1,1,67,7.57,335,91.7439197295234,21.568627450980394,13,1,0.7164179104477612,19.51635628590941,0.7164179104477612,20297
cluster_utility_frontier,1,1,68,7.7,340,91.73287524157183,21.54340836012862,13,1,0.7176470588235294,18.655738124673327,0.7176470588235294,20297
cluster_utility_frontier,1,1,69,7.8,345,91.75388518870916,21.518987341772153,13,1,0.7188405797101449,17.677246998996313,0.7188405797101449,20297
cluster_utility_frontier,1,1,70,7.91,350,91.76384839650146,21.316614420062695,16,3,0.7171428571428572,17.271656950485845,0.7171428571428572,22786
cluster_utility_frontier,1,1,71,8.06,355,91.73248538311621,20.98765432098765,16,3,0.7211267605633803,16.77104393538327,0.7211267605633803,22786
cluster_utility_frontier,1,1,72,8.19,360,91.72225591267434,20.66869300911854,16,3,0.725,16.31487347023825,0.725,22786
cluster_utility_frontier,1,1,73,8.290000000000001,365,91.74220539894412,20.42042042042042,16,1,0.726027397260274,16.182502940196574,0.726027397260274,25361
cluster_utility_frontier,1,1,74,8.42,370,91.73212882953653,20.118343195266274,14,3,0.7297297297297297,16.992853418734867,0.7297297297297297,28130
cluster_utility_frontier,1,1,75,8.57,375,91.70297221415431,19.825072886297377,16,1,0.7333333333333333,17.40643833887297,0.7333333333333333,28233
cluster_utility_frontier,1,1,76,8.649999999999999,380,91.74145503150659,19.54022988505747,16,1,0.7368421052631579,17.161687613998094,0.7368421052631579,29638
cluster_utility_frontier,1,1,77,8.7,385,91.80636654737239,19.8300283286119,15,1,0.7350649350649351,17.61895565919371,0.7350649350649351,29702
cluster_utility_frontier,1,1,78,8.76,390,91.86024902434492,20.11173184357542,15,1,0.7333333333333333,17.61895565919371,0.7333333333333333,30498
cluster_utility_frontier,1,1,79,8.870000000000001,395,91.86686227764534,20.110192837465565,16,1,0.7341772151898734,17.93190964422752,0.7341772151898734,31302
cluster_utility_frontier,1,1,80,8.99,400,91.86425339366517,20.108695652173914,16,1,0.735,17.88809063294313,0.735,31302
cluster_utility_frontier,1,1,81,9.08,405,91.88851170269787,20.37533512064343,14,2,0.7333333333333333,17.52686128441587,0.7333333333333333,32170
cluster_utility_frontier,1,1,82,9.19,410,91.89451402363733,20.37037037037037,17,1,0.7341463414634146,17.981815674042288,0.7341463414634146,32262
cluster_utility_frontier,1,1,83,9.36,415,91.84811008535098,20.10443864229765,17,1,0.7373493975903614,18.461137382811533,0.7373493975903614,32262
cluster_utility_frontier,1,1,84,9.5,420,91.82865990022364,19.84536082474227,18,2,0.7404761904761905,18.85534503604003,0.7404761904761905,32456
cluster_utility_frontier,1,1,85,9.69,425,91.76720475785896,19.59287531806616,16,1,0.7435294117647059,19.437083641663307,0.7435294117647059,33264
cluster_utility_frontier,1,1,86,9.87,430,91.7156286721504,19.34673366834171,19,2,0.7465116279069768,20.122313384605647,0.7465116279069768,34879
cluster_utility_frontier,1,1,87,10.03,435,91.67842031029619,19.106699751861044,22,2,0.7494252873563219,21.17006948257422,0.7494252873563219,35794
cluster_utility_frontier,1,1,88,10.209999999999999,440,91.62222039878559,18.872549019607842,19,1,0.7522727272727273,22.05683040237003,0.7522727272727273,36605
cluster_utility_frontier,1,1,89,10.39,445,91.56724291859427,18.64406779661017,19,1,0.755056179775281,22.547217178813945,0.755056179775281,36605
cluster_utility_frontier,1,1,90,10.5,450,91.56965074267363,18.465227817745802,22,3,0.7555555555555555,22.771604857691347,0.7555555555555555,39825
cluster_utility_frontier,1,1,91,10.65,455,91.54359218675559,18.333333333333332,19,1,0.7538461538461538,22.98025483476482,0.7538461538461538,40224
cluster_utility_frontier,1,1,92,10.8,460,91.52143193593972,18.160377358490564,21,1,0.7543478260869565,23.064533156918834,0.7543478260869565,40308
cluster_utility_frontier,1,1,93,10.979999999999999,465,91.4771404176046,18.181818181818183,21,2,0.7548387096774194,22.698731466515323,0.7548387096774194,42051
cluster_utility_frontier,1,1,94,11.129999999999999,470,91.45686214307645,18.202764976958523,21,2,0.7553191489361702,22.43159675230861,0.7553191489361702,42051
cluster_utility_frontier,1,1,95,11.29,475,91.42943900402338,18.223234624145785,21,2,0.7557894736842106,22.80135645880015,0.7557894736842106,42051
cluster_utility_frontier,1,1,96,11.44,480,91.41012163988587,18.243243243243242,19,2,0.75625,23.02310369305962,0.75625,43087
cluster_utility_frontier,1,1,97,11.62,485,91.36893708683057,18.262806236080177,19,2,0.756701030927835,23.667631683792663,0.756701030927835,44960
cluster_utility_frontier,1,1,98,11.78,490,91.34332745443857,18.28193832599119,19,2,0.7571428571428571,23.887720534443538,0.7571428571428571,44960
cluster_utility_frontier,1,1,99,11.95,495,91.31098669381225,18.30065359477124,20,2,0.7575757575757576,24.201062671521225,0.7575757575757576,45183
cluster_utility_frontier,1,1,100,12.07,500,91.31529716505972,18.142548596112313,22,2,0.758,24.631306078048624,0.758,46193
cluster_utility_frontier,1,1,101,12.25,505,91.2767927081108,17.94871794871795,22,1,0.7603960396039604,25.852737241778538,0.7603960396039604,47188
cluster_utility_frontier,1,1,102,12.44,510,91.23202706512545,17.970401691331926,20,1,0.7607843137254902,26.53282230275361,0.7607843137254902,47477
cluster_utility_frontier,1,1,103,12.64,515,91.18119026023861,17.782426778242677,19,1,0.7631067961165049,26.95025088609404,0.7631067961165049,48491
cluster_utility_frontier,1,1,104,12.82,520,91.14457415210335,17.805383022774325,21,2,0.7634615384615384,28.06395664642136,0.7634615384615384,48887
cluster_utility_frontier,1,1,105,12.93,525,91.1529250769757,17.62295081967213,20,2,0.7657142857142857,28.621566802562988,0.7657142857142857,51378
cluster_utility_frontier,1,1,106,13.020000000000001,530,91.1740780911063,17.479674796747968,20,2,0.7660377358490567,28.67902128102927,0.7660377358490567,51378
cluster_utility_frontier,1,1,107,13.15,535,91.16500940607364,17.338709677419356,22,1,0.7663551401869159,28.961840878298585,0.7663551401869159,51467
cluster_utility_frontier,1,1,108,13.170000000000002,540,91.22935535428876,17.269076305220885,20,2,0.762962962962963,28.40684643497707,0.762962962962963,54876
cluster_utility_frontier,1,1,109,13.22,545,91.27047015319599,17.131474103585656,19,1,0.763302752293578,28.138584353544438,0.763302752293578,56292
cluster_utility_frontier,1,1,110,13.270000000000001,550,91.31658159926711,17.063492063492063,19,1,0.76,27.120725929572632,0.76,57417
cluster_utility_frontier,1,1,111,13.320000000000002,555,91.36522753792299,16.962524654832347,19,1,0.7585585585585586,25.91881498683238,0.7585585585585586,57417
cluster_utility_frontier,1,1,112,13.320000000000002,560,91.44508670520231,16.862745098039216,20,1,0.7571428571428571,25.29574453400326,0.7571428571428571,58691
cluster_utility_frontier,1,1,113,13.320000000000002,565,91.52402163538021,16.764132553606238,20,1,0.7557522123893805,24.672338471281357,0.7557522123893805,58691
cluster_utility_frontier,1,1,114,13.33,570,91.5952080706179,17.02127659574468,20,1,0.7526315789473684,24.32069167701489,0.7526315789473684,58691
cluster_utility_frontier,1,1,115,13.33,575,91.67135270228054,17.274472168905948,20,1,0.7495652173913043,24.29578262535525,0.7495652173913043,58691
cluster_utility_frontier,1,1,116,13.41,580,91.69659442724458,17.490494296577946,20,1,0.7482758620689656,24.229475514226813,0.7482758620689656,58691
cluster_utility_frontier,1,1,117,13.51,585,91.70911322491561,17.702448210922785,21,1,0.747008547008547,24.32077095889595,0.747008547008547,59836
cluster_utility_frontier,1,1,118,13.600000000000001,590,91.72749391727494,17.75700934579439,20,1,0.7457627118644068,24.40321757702789,0.7457627118644068,60313
cluster_utility_frontier,1,1,119,13.68,595,91.75158275550196,17.996289424860855,22,1,0.7428571428571429,24.63348097481184,0.7428571428571429,60362
cluster_utility_frontier,1,1,120,13.77,600,91.76927674835625,18.23204419889503,22,1,0.74,25.230316059080664,0.74,60362
cluster_utility_frontier,1,1,121,13.850000000000001,605,91.7925925925926,18.46435100548446,22,1,0.7371900826446282,25.837893120454407,0.7371900826446282,60485
cluster_utility_frontier,1,1,122,13.96,610,91.7978848413631,18.478260869565215,22,2,0.7377049180327869,26.57114207869902,0.7377049180327869,61683
cluster_utility_frontier,1,1,123,14.11,615,91.77978444509176,18.31238779174147,21,1,0.7398373983739838,27.479891278412317,0.7398373983739838,62852
cluster_utility_frontier,1,1,124,14.249999999999998,620,91.7677642980936,18.181818181818183,21,1,0.7403225806451613,28.057045947247598,0.7403225806451613,62852
cluster_utility_frontier,1,1,125,14.38,625,91.76167287310226,18.053097345132745,21,3,0.7408,29.064861891710272,0.7408,63391
cluster_utility_frontier,1,1,126,14.580000000000002,630,91.71543837718052,17.894736842105264,22,1,0.7428571428571429,30.12500363324805,0.7428571428571429,63563
cluster_utility_frontier,1,1,127,14.760000000000002,635,91.67888149735032,17.739130434782606,22,1,0.7448818897637796,31.1545091009312,0.7448818897637796,63563
cluster_utility_frontier,1,1,128,14.89,640,91.66853178155775,17.616580310880828,23,2,0.7453125,32.13699038110547,0.7453125,64444
cluster_utility_frontier,1,1,129,15.010000000000002,645,91.66388981450628,17.465753424657535,23,2,0.7472868217054264,32.23642235499945,0.7472868217054264,64752
cluster_utility_frontier,1,1,130,15.17,650,91.63726571113561,17.346938775510203,22,1,0.7476923076923077,32.602477322220736,0.7476923076923077,65369
cluster_utility_frontier,1,1,131,15.32,655,91.61833898676004,17.22972972972973,20,1,0.7480916030534351,32.77234499133111,0.7480916030534351,66072
cluster_utility_frontier,1,1,132,15.479999999999999,660,91.59426585577759,17.114093959731544,23,3,0.7484848484848485,33.32271549164703,0.7484848484848485,67684
cluster_utility_frontier,1,1,133,15.620000000000001,665,91.58133017139161,16.97171381031614,23,3,0.750375939849624,33.30283271564701,0.750375939849624,67684
cluster_utility_frontier,1,1,134,15.7,670,91.60068478493473,16.831683168316832,23,3,0.7522388059701492,33.48160981291277,0.7522388059701492,67684
cluster_utility_frontier,1,1,135,15.85,675,91.58034528552457,16.693944353518823,27,1,0.7540740740740741,34.20919703221024,0.7540740740740741,67800
cluster_utility_frontier,1,1,136,16.0,680,91.56073632575557,16.558441558441558,29,3,0.7558823529411764,34.52190753464083,0.7558823529411764,70492
cluster_utility_frontier,1,1,137,16.150000000000002,685,91.54361713268405,16.425120772946862,29,3,0.7576642335766424,33.84073890050238,0.7576642335766424,70492
cluster_utility_frontier,1,1,138,16.3,690,91.52674533451162,16.293929712460063,30,1,0.7594202898550725,33.93752255083812,0.7594202898550725,71808
cluster_utility_frontier,1,1,139,16.509999999999998,695,91.4791494632535,16.164817749603806,31,1,0.7611510791366907,34.66020017187284,0.7611510791366907,71928
cluster_utility_frontier,1,1,140,16.689999999999998,700,91.44979508196721,16.19496855345912,29,1,0.7614285714285715,34.63665605393322,0.7614285714285715,73366
cluster_utility_frontier,1,1,141,16.93,705,91.3907958301551,16.22464898595944,29,2,0.7617021276595745,34.55202991678284,0.7617021276595745,76054
cluster_utility_frontier,1,1,142,17.09,710,91.37304391721352,16.253869969040245,29,2,0.7619718309859155,35.168396823525676,0.7619718309859155,76054
cluster_utility_frontier,1,1,143,17.31,715,91.32548233525432,16.282642089093702,33,1,0.7622377622377622,35.954053486892164,0.7622377622377622,76215
cluster_utility_frontier,1,1,144,17.5,720,91.29309915916215,16.3109756097561,34,3,0.7625,36.65908377415467,0.7625,76474
cluster_utility_frontier,1,1,145,17.64,725,91.28544610216382,16.338880484114977,33,1,0.7627586206896552,37.224539279975744,0.7627586206896552,78036
cluster_utility_frontier,1,1,146,17.75,730,91.29090819881262,16.216216216216218,32,1,0.7643835616438356,37.57076252232828,0.7643835616438356,79662
cluster_utility_frontier,1,1,147,17.87,735,91.29142300194931,16.119402985074625,33,3,0.7646258503401361,38.27834588593472,0.7646258503401361,81303
cluster_utility_frontier,1,1,148,18.029999999999998,740,91.27256885618858,16.172106824925816,33,3,0.7635135135135135,38.618113980834195,0.7635135135135135,81303
cluster_utility_frontier,1,1,149,18.19,745,91.25396672756996,16.07669616519174,33,3,0.763758389261745,38.80173124566319,0.763758389261745,81303
cluster_utility_frontier,1,1,150,18.38,750,91.22337885588769,15.95900439238653,35,2,0.7653333333333333,38.51753525498451,0.7653333333333333,81553
cluster_utility_frontier,1,1,151,18.57,755,91.19362640489402,15.843023255813954,35,1,0.766887417218543,38.932974351175666,0.766887417218543,81751
cluster_utility_frontier,1,1,152,18.82,760,91.13602110022607,15.728715728715729,35,1,0.7684210526315789,39.373339458748106,0.7684210526315789,81892
cluster_utility_frontier,1,1,153,19.009999999999998,765,91.10726481732704,15.616045845272206,36,2,0.7699346405228759,40.049817211257626,0.7699346405228759,83496
cluster_utility_frontier,1,1,154,19.259999999999998,770,91.05101756342347,15.5049786628734,38,1,0.7714285714285715,41.0359420082173,0.7714285714285715,84995
cluster_utility_frontier,1,1,155,19.46,775,91.01818517492846,15.3954802259887,38,1,0.7729032258064517,41.956651831637515,0.7729032258064517,85153
cluster_utility_frontier,1,1,156,19.59,780,91.01582205916074,15.308988764044946,35,2,0.7730769230769231,42.52188076143007,0.7730769230769231,86879
cluster_utility_frontier,1,1,157,19.7,785,91.02464804774705,15.244755244755245,34,2,0.7719745222929937,41.82957316936594,0.7719745222929937,88677
cluster_utility_frontier,1,1,158,19.77,790,91.05146426469922,15.159944367176633,31,1,0.7721518987341772,41.29054486254322,0.7721518987341772,88956
cluster_utility_frontier,1,1,159,19.89,795,91.05544812699556,15.096952908587259,31,1,0.7710691823899372,41.0228217636003,0.7710691823899372,89104
cluster_utility_frontier,1,1,160,20.04,800,91.04597649792234,15.013774104683195,31,1,0.77125,41.092456331714445,0.77125,89104
cluster_utility_frontier,1,1,161,20.19,805,91.03702388351238,14.91108071135431,31,2,0.7726708074534161,40.753013288650386,0.7726708074534161,89606
cluster_utility_frontier,1,1,162,20.32,810,91.0370076308941,14.80978260869565,31,2,0.774074074074074,40.429348467999354,0.774074074074074,89606
cluster_utility_frontier,1,1,163,20.44,815,91.0413744740533,14.709851551956815,31,2,0.7754601226993865,40.32178039470999,0.7754601226993865,89606
cluster_utility_frontier,1,1,164,20.52,820,91.06310700753451,14.6112600536193,31,1,0.776829268292683,40.048881831446664,0.776829268292683,89694
cluster_utility_frontier,1,1,165,20.630000000000003,825,91.07158313857873,14.647137150466044,32,1,0.776969696969697,40.282694202113156,0.776969696969697,90069
cluster_utility_frontier,1,1,166,20.78,830,91.06274998924778,14.682539682539684,32,1,0.7771084337349398,40.39278974648338,0.7771084337349398,90155
cluster_utility_frontier,1,1,167,20.95,835,91.04547785946315,14.71747700394218,30,1,0.7772455089820359,40.94958999643834,0.7772455089820359,90427
cluster_utility_frontier,1,1,168,21.09,840,91.0411622276029,14.75195822454308,30,3,0.7773809523809524,41.385388890828516,0.7773809523809524,90996
cluster_utility_frontier,1,1,169,21.25,845,91.02845562779702,14.656290531776914,30,3,0.778698224852071,41.85482677274923,0.778698224852071,90996
cluster_utility_frontier,1,1,170,21.38,850,91.02849229994546,14.561855670103094,30,1,0.78,42.0758239880875,0.78,91096
cluster_utility_frontier,1,1,171,21.51,855,91.02852852852853,14.468629961587709,31,2,0.7812865497076024,41.85456682459339,0.7812865497076024,93144
cluster_utility_frontier,1,1,172,21.65,860,91.0244185564446,14.376590330788805,31,2,0.7825581395348837,41.708931186569245,0.7825581395348837,93144
cluster_utility_frontier,1,1,173,21.85,865,90.99563174812495,14.303797468354432,34,1,0.7826589595375723,41.50554738482202,0.7826589595375723,93214
cluster_utility_frontier,1,1,174,22.08,870,90.95489738232764,14.213836477987421,35,2,0.7839080459770115,41.542759200427284,0.7839080459770115,93482
cluster_utility_frontier,1,1,175,22.24,875,90.94315035021991,14.124999999999998,34,1,0.7851428571428571,42.04720016606551,0.7851428571428571,93775
cluster_utility_frontier,1,1,176,22.41,880,90.92749281405611,14.037267080745341,32,1,0.7863636363636364,41.58408189149521,0.7863636363636364,93869
cluster_utility_frontier,1,1,177,22.55,885,90.92409240924091,13.950617283950617,33,2,0.7875706214689265,41.82890901500202,0.7875706214689265,94222
cluster_utility_frontier,1,1,178,22.73,890,90.90472570125246,13.865030674846626,33,2,0.7887640449438202,41.39405288477896,0.7887640449438202,94222
cluster_utility_frontier,1,1,179,22.89,895,90.8935391470401,13.78048780487805,34,1,0.7899441340782123,41.04429725061036,0.7899441340782123,94347
cluster_utility_frontier,1,1,180,23.06,900,90.87852537478739,13.696969696969695,34,2,0.7911111111111111,40.98561748817691,0.7911111111111111,94732
cluster_utility_frontier,1,1,181,23.22,905,90.86761582631951,13.630880579010856,34,1,0.7911602209944751,41.10948821653503,0.7911602209944751,95087
cluster_utility_frontier,1,1,182,23.369999999999997,910,90.86038326163472,13.549160671462829,36,1,0.7923076923076923,41.45281906078594,0.7923076923076923,96933
cluster_utility_frontier,1,1,183,23.580000000000002,915,90.829898109979,13.468414779499405,39,1,0.7934426229508197,41.584283506329086,0.7934426229508197,97032
cluster_utility_frontier,1,1,184,23.830000000000002,920,90.78428339392065,13.38862559241706,38,1,0.7945652173913044,41.851402101525686,0.7945652173913044,97186
cluster_utility_frontier,1,1,185,24.04,925,90.75455734174295,13.30977620730271,40,2,0.7956756756756757,42.15337636960182,0.7956756756756757,97485
cluster_utility_frontier,1,1,186,24.25,930,90.72551344322484,13.23185011709602,40,1,0.7967741935483871,41.915182624206736,0.7967741935483871,97555
cluster_utility_frontier,1,1,187,24.44,935,90.70439677468431,13.154831199068685,43,2,0.7978609625668449,41.88809981197788,0.7978609625668449,97816
cluster_utility_frontier,1,1,188,24.57,940,90.70620720959262,13.109048723897912,42,2,0.7968085106382978,41.63425899575546,0.7968085106382978,98051
cluster_utility_frontier,1,1,189,24.72,945,90.70047400496577,13.048498845265588,42,2,0.7968253968253968,41.28873781954406,0.7968253968253968,98051
cluster_utility_frontier,1,1,190,24.93,950,90.67235379952857,12.988505747126435,46,2,0.7968421052631579,40.853280661360756,0.7968421052631579,98215
cluster_utility_frontier,1,1,191,25.15,955,90.64081571896398,12.914285714285715,42,1,0.7979057591623037,40.55222967918997,0.7979057591623037,98313
cluster_utility_frontier,1,1,192,25.380000000000003,960,90.60591479438872,12.840909090909092,46,1,0.7989583333333333,40.83523180260062,0.7989583333333333,98392
cluster_utility_frontier,1,1,193,25.619999999999997,965,90.56735760833548,12.768361581920903,45,2,0.8,41.11967215315925,0.8,98573
cluster_utility_frontier,1,1,194,25.85,970,90.53286943783189,12.696629213483146,45,2,0.8010309278350516,41.66118413816656,0.8010309278350516,98573
cluster_utility_frontier,1,1,195,25.95,975,90.54438128552688,12.639821029082773,42,3,0.801025641025641,41.64279809833693,0.801025641025641,99329
cluster_utility_frontier,1,1,196,26.14,980,90.52314831599173,12.583518930957686,42,2,0.8010204081632653,41.00327094141015,0.8010204081632653,99703
cluster_utility_frontier,1,1,197,26.340000000000003,985,90.49680701374608,12.513842746400886,42,2,0.8020304568527918,40.67492151533425,0.8020304568527918,99703
cluster_utility_frontier,1,1,198,26.540000000000003,990,90.47071918423036,12.444933920704845,44,1,0.803030303030303,40.363172193869495,0.803030303030303,99889
cluster_utility_frontier,1,1,199,26.72,995,90.45202787207432,12.390350877192983,46,3,0.8030150753768844,40.53725527683075,0.8030150753768844,102235
cluster_utility_frontier,1,1,200,26.83,1000,90.45840890501084,12.336244541484715,46,1,0.803,41.29751683443148,0.803,102485
cluster_utility_frontier,1,1,201,26.93,1005,90.46826885640463,12.295973884657236,45,1,0.8019900497512438,41.71726228170321,0.8019900497512438,102563
cluster_utility_frontier,1,1,202,27.07,1010,90.46562411947028,12.25596529284165,43,2,0.800990099009901,41.17796251772749,0.800990099009901,103003
cluster_utility_frontier,1,1,203,27.279999999999998,1015,90.44014578076815,12.203023758099352,44,1,0.8009852216748768,40.39614695467716,0.8009852216748768,103241
cluster_utility_frontier,1,1,204,27.500000000000004,1020,90.41143654114366,12.1374865735768,44,1,0.8019607843137255,39.78131069445029,0.8019607843137255,103241
cluster_utility_frontier,1,1,205,27.72,1025,90.38334778837815,12.072649572649572,44,2,0.8029268292682927,39.36305899530187,0.8029268292682927,103528
cluster_utility_frontier,1,1,206,27.97,1030,90.34518467380049,12.008501594048884,46,2,0.8038834951456311,38.90681238114454,0.8038834951456311,105923
cluster_utility_frontier,1,1,207,28.189999999999998,1035,90.31770565000858,11.945031712473574,49,1,0.8048309178743961,39.211711854135544,0.8048309178743961,106367
cluster_utility_frontier,1,1,208,28.38,1040,90.30075187969925,11.88222923238696,49,2,0.8057692307692308,38.90681238114454,0.8057692307692308,108709
cluster_utility_frontier,1,1,209,28.65,1045,90.25675905458256,11.820083682008368,51,1,0.8066985645933015,38.90681238114454,0.8066985645933015,110995
cluster_utility_frontier,1,1,210,28.910000000000004,1050,90.2165820642978,11.758584807492195,51,2,0.8076190476190476,38.74629339799728,0.8076190476190476,111386
cluster_utility_frontier,1,1,211,29.160000000000004,1055,90.1801650109446,11.697722567287784,51,2,0.8085308056872038,38.316267027815975,0.8085308056872038,111575
cluster_utility_frontier,1,1,212,29.38,1060,90.15415549597854,11.637487126673532,51,1,0.809433962264151,38.0614108801398,0.809433962264151,111648
cluster_utility_frontier,1,1,213,29.609999999999996,1065,90.12506253126563,11.577868852459016,53,2,0.8103286384976526,37.41104902381316,0.8103286384976526,114102
cluster_utility_frontier,1,1,214,29.849999999999998,1070,90.09293063391968,11.518858307849133,53,2,0.811214953271028,37.73049774402024,0.811214953271028,116620
cluster_utility_frontier,1,1,215,30.099999999999998,1075,90.05780346820809,11.460446247464503,54,1,0.812093023255814,37.349844920691154,0.812093023255814,119011
cluster_utility_frontier,1,1,216,30.380000000000003,1080,90.01314924391848,11.402623612512613,53,2,0.812962962962963,36.81203220501859,0.812962962962963,121530
cluster_utility_frontier,1,1,217,30.680000000000003,1085,89.96237526582692,11.345381526104417,56,2,0.8138248847926267,36.54411886898451,0.8138248847926267,124074
cluster_utility_frontier,1,1,218,30.930000000000003,1090,89.9283620970368,11.288711288711289,56,1,0.8146788990825689,36.59628093007912,0.8146788990825689,124932
cluster_utility_frontier,1,1,219,31.22,1095,89.88170474801491,11.232604373757455,59,1,0.8155251141552512,36.769396905644506,0.8155251141552512,127393
cluster_utility_frontier,1,1,220,31.45,1100,89.85483870967742,11.177052423343223,58,3,0.8163636363636364,36.99730721995151,0.8163636363636364,130062
cluster_utility_frontier,1,1,221,31.669999999999998,1105,89.83110711533521,11.122047244094487,58,3,0.8171945701357466,37.1874622240174,0.8171945701357466,130062
cluster_utility_frontier,1,1,222,31.86,1110,89.81718230631553,11.067580803134183,60,2,0.818018018018018,37.12418186255901,0.818018018018018,130316
cluster_utility_frontier,1,1,223,32.0,1115,89.81961632679032,11.02439024390244,61,3,0.8179372197309417,37.24007918766506,0.8179372197309417,131293
cluster_utility_frontier,1,1,224,32.269999999999996,1120,89.78086009246944,10.970873786407767,61,3,0.81875,37.24007918766506,0.81875,131293
cluster_utility_frontier,1,1,225,32.53,1125,89.74561044037449,10.917874396135266,64,2,0.8195555555555556,36.63954774224926,0.8195555555555556,131581
cluster_utility_frontier,1,1,226,32.74,1130,89.72637128153633,10.865384615384615,63,2,0.820353982300885,36.4072559637141,0.820353982300885,134292
cluster_utility_frontier,1,1,227,33.019999999999996,1135,89.68544028988224,10.813397129186603,63,1,0.8211453744493392,35.652181711706646,0.8211453744493392,134368
cluster_utility_frontier,1,1,228,33.28,1140,89.65109770508116,10.761904761904761,63,2,0.8219298245614035,35.49091286994487,0.8219298245614035,134919
cluster_utility_frontier,1,1,229,33.46,1145,89.6418289322973,10.710900473933648,65,2,0.8227074235807861,35.14374646314357,0.8227074235807861,140276
cluster_utility_frontier,1,1,230,33.650000000000006,1150,89.62956114398422,10.660377358490566,63,1,0.8234782608695652,34.94257109275041,0.8234782608695652,140453
cluster_utility_frontier,1,1,231,33.76,1155,89.64194765747247,10.6203007518797,62,1,0.8233766233766234,34.146199889388235,0.8233766233766234,140675
cluster_utility_frontier,1,1,232,33.839999999999996,1160,89.66338811167451,10.580524344569287,64,2,0.8232758620689655,33.99067889948817,0.8232758620689655,141025
cluster_utility_frontier,1,1,233,33.94,1165,89.67855730924794,10.531220876048462,64,1,0.8240343347639485,33.823652734422964,0.8240343347639485,141220
cluster_utility_frontier,1,1,234,34.04,1170,89.69359331476323,10.482374768089054,64,1,0.8247863247863247,32.99843872302598,0.8247863247863247,141220
cluster_utility_frontier,1,1,235,34.14,1175,89.70849787477768,10.43397968605725,66,1,0.825531914893617,32.70112975455486,0.825531914893617,141294
cluster_utility_frontier,1,1,236,34.31,1180,89.70226304099886,10.477941176470589,65,1,0.8254237288135593,32.20900229588245,0.8254237288135593,141571
cluster_utility_frontier,1,1,237,34.46,1185,89.70175124021279,10.521500457456542,66,1,0.8253164556962025,32.129628209676746,0.8253164556962025,141742
cluster_utility_frontier,1,1,238,34.61,1190,89.69971131811553,10.564663023679417,69,1,0.8252100840336134,32.19453683847216,0.8252100840336134,141793
cluster_utility_frontier,1,1,239,34.75,1195,89.70065204505039,10.607434270172257,66,2,0.8251046025104602,31.811182263697344,0.8251046025104602,142235
cluster_utility_frontier,1,1,240,34.94,1200,89.68530436322844,10.559566787003611,66,2,0.8258333333333333,32.09041643963645,0.8258333333333333,142235
cluster_utility_frontier,1,1,241,35.089999999999996,1205,89.68183956716067,10.512129380053908,68,2,0.8265560165975103,31.493919888042292,0.8265560165975103,144001
cluster_utility_frontier,1,1,242,35.23,1210,89.6810286751999,10.474485228290064,68,2,0.8264462809917356,31.83005533733614,0.8264462809917356,145455
cluster_utility_frontier,1,1,243,35.4,1215,89.67147108595437,10.427807486631016,68,1,0.8271604938271605,31.635324897117005,0.8271604938271605,147863
cluster_utility_frontier,1,1,244,35.53,1220,89.67361292760194,10.390763765541742,67,1,0.8270491803278689,32.13360990656524,0.8270491803278689,147969
cluster_utility_frontier,1,1,245,35.63,1225,89.68442385639838,10.353982300884956,69,1,0.8269387755102041,32.837424713612315,0.8269387755102041,148347
cluster_utility_frontier,1,1,246,35.730000000000004,1230,89.69544903962623,10.308370044052863,69,1,0.8276422764227642,33.2098520401003,0.8276422764227642,148347
cluster_utility_frontier,1,1,247,35.839999999999996,1235,89.7035164330039,10.263157894736842,68,2,0.8283400809716599,33.661783660438026,0.8283400809716599,148754
cluster_utility_frontier,1,1,248,35.92,1240,89.72157839013363,10.218340611353712,67,1,0.8290322580645161,33.986962020616076,0.8290322580645161,149020
cluster_utility_frontier,1,1,249,36.03,1245,89.73094681639401,10.173913043478262,67,1,0.8297188755020081,34.935565846712436,0.8297188755020081,149020
cluster_utility_frontier,1,1,250,36.1,1250,89.75159687721789,10.129870129870131,64,2,0.8304,35.31138373444917,0.8304,149642
cluster_utility_frontier,1,1,251,36.230000000000004,1255,89.75482849305772,10.086206896551724,64,2,0.8310756972111554,36.16590507148725,0.8310756972111554,150214
cluster_utility_frontier,1,1,252,36.309999999999995,1260,89.77096656055441,10.042918454935622,64,2,0.8317460317460318,36.541553407761874,0.8317460317460318,150214
cluster_utility_frontier,1,1,253,36.38,1265,89.79093587764838,10.0,61,1,0.8324110671936759,36.128257586462155,0.8324110671936759,150751
cluster_utility_frontier,1,1,254,36.449999999999996,1270,89.81217507965789,9.957446808510637,61,2,0.8330708661417323,35.859359138746065,0.8330708661417323,152029
cluster_utility_frontier,1,1,255,36.53,1275,89.83074439062413,9.915254237288137,61,1,0.8337254901960784,36.008892202160055,0.8337254901960784,152140
cluster_utility_frontier,1,1,256,36.63,1280,89.8436200299451,9.873417721518987,61,1,0.834375,36.22238917034831,0.834375,152140
cluster_utility_frontier,1,1,257,36.730000000000004,1285,89.85639326152996,9.915966386554622,61,1,0.8342412451361868,36.82524465921081,0.8342412451361868,152140
cluster_utility_frontier,1,1,258,36.78,1290,89.88142727447797,9.966499162479062,63,2,0.8333333333333334,37.51103883643448,0.8333333333333334,153380
cluster_utility_frontier,1,1,259,36.85,1295,89.90078930059198,9.924937447873228,64,2,0.833976833976834,37.95854206950548,0.833976833976834,154157
cluster_utility_frontier,1,1,260,36.95,1300,89.91181368935484,9.966777408637874,64,2,0.8338461538461538,38.64294783098292,0.8338461538461538,154157
cluster_utility_frontier,1,1,261,37.09,1305,89.91160070719434,10.008271298593879,64,2,0.8337164750957854,39.39410359949721,0.8337164750957854,154157
cluster_utility_frontier,1,1,262,37.169999999999995,1310,89.9276481586863,10.049423393739703,64,2,0.833587786259542,39.89701867521357,0.833587786259542,154347
cluster_utility_frontier,1,1,263,37.29,1315,89.93250539956803,10.090237899917966,64,2,0.8334600760456273,40.64387504175395,0.8334600760456273,154347
cluster_utility_frontier,1,1,264,37.39,1320,89.94135370709135,10.049019607843137,63,1,0.8340909090909091,41.303108469374024,0.8340909090909091,154725
cluster_utility_frontier,1,1,265,37.44,1325,89.96488782867405,10.01628664495114,62,2,0.8339622641509434,40.97556792550549,0.8339622641509434,156625
cluster_utility_frontier,1,1,266,37.49,1330,89.98718017199936,9.975669099756692,62,1,0.8345864661654135,40.6391403287152,0.8345864661654135,157215
cluster_utility_frontier,1,1,267,37.55,1335,90.00798296966471,9.935379644588044,62,1,0.8352059925093633,40.1122529086852,0.8352059925093633,158115
cluster_utility_frontier,1,1,268,37.65,1340,90.01829316789947,9.903381642512077,63,1,0.8350746268656717,39.866228886475575,0.8350746268656717,158256
cluster_utility_frontier,1,1,269,37.730000000000004,1345,90.0338105552327,9.871589085072232,60,1,0.8349442379182156,39.64420698409616,0.8349442379182156,158450
cluster_utility_frontier,1,1,270,37.79,1350,90.05447798510409,9.91207034372502,60,1,0.8348148148148148,39.924126734851335,0.8348148148148148,158450
cluster_utility_frontier,1,1,271,37.85,1355,90.07629584961066,9.952229299363058,61,2,0.8346863468634687,39.151773608351746,0.8346863468634687,162418
cluster_utility_frontier,1,1,272,37.9,1360,90.10082014313326,9.992069785884219,61,1,0.8345588235294118,38.87362991379018,0.8345588235294118,162505
cluster_utility_frontier,1,1,273,37.980000000000004,1365,90.11735317842367,10.039525691699605,61,1,0.8336996336996337,38.89262421905116,0.8336996336996337,162505
cluster_utility_frontier,1,1,274,38.019999999999996,1370,90.14413106594775,10.08668242710796,60,1,0.8328467153284671,38.89919714027311,0.8328467153284671,165656
cluster_utility_frontier,1,1,275,38.080000000000005,1375,90.16554324526741,10.125588697017267,59,1,0.8327272727272728,39.10371305022101,0.8327272727272728,165877
cluster_utility_frontier,1,1,276,38.190000000000005,1380,90.17367811655731,10.086004691164971,58,2,0.8333333333333334,40.15858918663177,0.8333333333333334,167401
cluster_utility_frontier,1,1,277,38.35,1385,90.16893537388808,10.046728971962617,58,2,0.8339350180505415,40.566209416588784,0.8339350180505415,167401
cluster_utility_frontier,1,1,278,38.51,1390,90.16422751768702,10.007757951900697,58,2,0.8345323741007195,40.821257244214955,0.8345323741007195,170816
cluster_utility_frontier,1,1,279,38.62,1395,90.17102718110557,9.969088098918084,58,2,0.8351254480286738,41.46778602825868,0.8351254480286738,170816
cluster_utility_frontier,1,1,280,38.769999999999996,1400,90.16763460221652,9.930715935334874,57,1,0.8357142857142857,41.83635081854815,0.8357142857142857,171253
cluster_utility_frontier,1,1,281,38.83,1405,90.18701036138489,9.90783410138249,58,1,0.8348754448398576,41.33774042677771,0.8348754448398576,171593
cluster_utility_frontier,1,1,282,38.92,1410,90.19869550983405,9.885057471264368,58,1,0.8340425531914893,41.26544235668895,0.8340425531914893,171593
cluster_utility_frontier,1,1,283,39.050000000000004,1415,90.20001505759531,9.854851031321619,58,1,0.833922261484099,41.91382796783857,0.833922261484099,172234
cluster_utility_frontier,1,1,284,39.190000000000005,1420,90.1975987993997,9.817351598173515,57,1,0.8345070422535211,41.87865273373931,0.8345070422535211,175387
cluster_utility_frontier,1,1,285,39.34,1425,90.19392791265766,9.78013646702047,57,1,0.8350877192982457,41.61088245442873,0.8350877192982457,175387
cluster_utility_frontier,1,1,286,39.46,1430,90.19797799140522,9.743202416918429,58,2,0.8356643356643356,41.04901478254353,0.8356643356643356,181853
cluster_utility_frontier,1,1,287,39.62,1435,90.19209822754728,9.706546275395034,55,1,0.8362369337979094,41.06278840288542,0.8362369337979094,182352
cluster_utility_frontier,1,1,288,39.7,1440,90.20599481929197,9.67016491754123,55,1,0.8368055555555556,41.08152259551731,0.8368055555555556,182352
cluster_utility_frontier,1,1,289,39.77,1445,90.22225500319615,9.634055265123227,55,1,0.8373702422145328,40.601363453554015,0.8373702422145328,182352
cluster_utility_frontier,1,1,290,39.86,1450,90.23350403057849,9.598214285714286,56,2,0.8379310344827586,41.026534499382464,0.8379310344827586,182823
cluster_utility_frontier,1,1,291,39.93,1455,90.24836984394462,9.562638991845812,56,2,0.8384879725085911,41.211535603383574,0.8384879725085911,182823
cluster_utility_frontier,1,1,292,40.0,1460,90.26313867724738,9.601181683899556,54,1,0.8383561643835616,41.53434644481515,0.8383561643835616,183011
cluster_utility_frontier,1,1,293,40.06,1465,90.28023777750819,9.63944076526858,54,2,0.8382252559726963,41.330381230205404,0.8382252559726963,183526
cluster_utility_frontier,1,1,294,40.2,1470,90.27787854603497,9.604105571847507,53,1,0.8387755102040816,41.5004480792758,0.8387755102040816,183723
cluster_utility_frontier,1,1,295,40.38,1475,90.26589205216595,9.569028487947406,53,1,0.8393220338983051,41.70552957608429,0.8393220338983051,183723
cluster_utility_frontier,1,1,296,40.510000000000005,1480,90.26716640238335,9.541150764748725,53,3,0.8391891891891892,41.70804021471705,0.8391891891891892,185563
cluster_utility_frontier,1,1,297,40.63,1485,90.2705938697318,9.513435003631082,55,2,0.8390572390572391,41.66228190647876,0.8390572390572391,185889
cluster_utility_frontier,1,1,298,40.760000000000005,1490,90.27045091065334,9.485879797248371,55,2,0.8389261744966443,41.78661169292984,0.8389261744966443,185889
cluster_utility_frontier,1,1,299,40.88,1495,90.27153090121605,9.458483754512635,52,2,0.8387959866220736,41.54591868359697,0.8387959866220736,187866
cluster_utility_frontier,1,1,300,40.96,1500,90.28209447436475,9.431245500359971,50,1,0.8386666666666667,42.02995221276727,0.8386666666666667,188218
cluster_utility_frontier,1,1,301,41.07,1505,90.28664680005676,9.40416367552046,50,1,0.8385382059800665,41.90259029037655,0.8385382059800665,188218
cluster_utility_frontier,1,1,302,41.199999999999996,1510,90.28760018859029,9.370529327610873,51,3,0.8390728476821192,42.05776906698499,0.8390728476821192,191197
cluster_utility_frontier,1,1,303,41.339999999999996,1515,90.28642590286425,9.337134711332858,51,3,0.8396039603960396,42.097967571484034,0.8396039603960396,191197
cluster_utility_frontier,1,1,304,41.46,1520,90.29108025197293,9.303977272727272,51,3,0.8401315789473685,41.45063488072169,0.8401315789473685,191197
cluster_utility_frontier,1,1,305,41.58,1525,90.29592979835698,9.27105449398443,53,2,0.8406557377049181,41.016934238454596,0.8406557377049181,191624
cluster_utility_frontier,1,1,306,41.74,1530,90.2914427930128,9.23836389280677,53,2,0.8411764705882353,41.062753135788654,0.8411764705882353,191624
cluster_utility_frontier,1,1,307,41.839999999999996,1535,90.30089480272613,9.212376933895921,53,1,0.8410423452768729,40.8050510022665,0.8410423452768729,191883
cluster_utility_frontier,1,1,308,41.959999999999994,1540,90.30566273132638,9.18009810791871,55,2,0.8415584415584415,40.87435073313452,0.8415584415584415,192054
cluster_utility_frontier,1,1,309,42.05,1545,90.31730680666851,9.148044692737429,53,1,0.8420711974110032,40.58667150898407,0.8420711974110032,192768
cluster_utility_frontier,1,1,310,42.18,1550,90.31969338810731,9.116214335421017,53,1,0.8425806451612903,40.29898940124339,0.8425806451612903,192768
cluster_utility_frontier,1,1,311,42.33,1555,90.31748936364885,9.090909090909092,53,1,0.842443729903537,40.63231793806746,0.842443729903537,192887
cluster_utility_frontier,1,1,312,42.47,1560,90.3175797369081,9.12863070539419,51,2,0.8423076923076923,40.26627398119855,0.8423076923076923,193736
cluster_utility_frontier,1,1,313,42.6,1565,90.31994182875842,9.166092350103378,52,1,0.8421725239616613,40.58335860616073,0.8421725239616613,193863
cluster_utility_frontier,1,1,314,42.699999999999996,1570,90.32908296152017,9.203296703296704,51,1,0.8420382165605096,39.96006374988076,0.8420382165605096,194168
cluster_utility_frontier,1,1,315,42.75,1575,90.34945144250305,9.240246406570842,52,1,0.8419047619047619,39.07955690003867,0.8419047619047619,194768
cluster_utility_frontier,1,1,316,42.8,1580,90.36968701482799,9.283276450511945,51,1,0.8411392405063292,38.74884919481251,0.8411392405063292,194884
cluster_utility_frontier,1,1,317,42.86,1585,90.38754821925181,9.257998638529612,51,1,0.8410094637223975,38.27815835508238,0.8410094637223975,194884
cluster_utility_frontier,1,1,318,42.93,1590,90.40305814499364,9.226594301221166,51,1,0.8415094339622642,37.48805645552542,0.8415094339622642,194884
cluster_utility_frontier,1,1,319,43.03,1595,90.41178305628593,9.195402298850574,52,2,0.8420062695924765,37.13448416177543,0.8420062695924765,195138
cluster_utility_frontier,1,1,320,43.16,1600,90.41378850809586,9.170600134861767,52,2,0.841875,36.16954707200363,0.841875,195138
cluster_utility_frontier,1,1,321,43.269999999999996,1605,90.42020899752036,9.145931405514458,49,1,0.8417445482866044,35.31258436020506,0.8417445482866044,195255
cluster_utility_frontier,1,1,322,43.39,1610,90.42438152406595,9.121395036887995,49,1,0.8416149068322981,34.97722823403248,0.8416149068322981,198742
cluster_utility_frontier,1,1,323,43.56,1615,90.41752826785164,9.090909090909092,50,1,0.8421052631578947,34.51756085161132,0.8421052631578947,199392
cluster_utility_frontier,1,1,324,43.75,1620,90.40633291669408,9.060626249167223,50,1,0.8425925925925926,34.42783575810341,0.8425925925925926,199477
cluster_utility_frontier,1,1,325,43.93,1625,90.39739442161407,9.03054448871182,53,1,0.8430769230769231,34.258966093631514,0.8430769230769231,202964
cluster_utility_frontier,1,1,326,44.05,1630,90.40158629856406,9.00066181336863,50,2,0.843558282208589,33.84302686042123,0.843558282208589,203467
cluster_utility_frontier,1,1,327,44.22,1635,90.3948911768539,8.970976253298153,50,2,0.8440366972477065,33.16606257804981,0.8440366972477065,203467
cluster_utility_frontier,1,1,328,44.3,1640,90.40772578654483,8.947368421052632,48,1,0.8439024390243902,32.03238446281575,0.8439024390243902,203698
cluster_utility_frontier,1,1,329,44.34,1645,90.42911414263513,8.929743926460933,46,3,0.843161094224924,31.929939129923014,0.843161094224924,205078
cluster_utility_frontier,1,1,330,44.43,1650,90.43961009618488,8.965968586387435,46,3,0.843030303030303,32.3024789556228,0.843030303030303,205078
cluster_utility_frontier,1,1,331,44.55,1655,90.44360547428032,8.942558746736292,46,3,0.8429003021148036,32.63848140531481,0.8429003021148036,205078
cluster_utility_frontier,1,1,332,44.67,1660,90.4475760751021,8.919270833333332,45,1,0.8427710843373494,32.58251766437531,0.8427710843373494,206006
cluster_utility_frontier,1,1,333,44.79,1665,90.45152212842159,8.901884340480832,46,1,0.842042042042042,32.77707755371891,0.842042042042042,206098
cluster_utility_frontier,1,1,334,44.96,1670,90.44481754617134,8.878807517822423,45,1,0.8419161676646707,33.16997646355087,0.8419161676646707,206767
cluster_utility_frontier,1,1,335,45.09,1675,90.44662909445316,8.855850032320621,45,1,0.8417910447761194,33.16664272557448,0.8417910447761194,207169
cluster_utility_frontier,1,1,336,45.2,1680,90.45265403544347,8.833010960670535,45,1,0.8416666666666667,33.1081701303805,0.8416666666666667,207169
cluster_utility_frontier,1,1,337,45.269999999999996,1685,90.4670653638814,8.810289389067524,44,2,0.8415430267062315,32.89044145299562,0.8415430267062315,207728
cluster_utility_frontier,1,1,338,45.32,1690,90.48558772279722,8.787684413085312,42,1,0.8414201183431953,32.43100330808298,0.8414201183431953,208714
cluster_utility_frontier,1,1,339,45.36,1695,90.50609066934572,8.823529411764707,42,1,0.8412979351032448,32.85695264387347,0.8412979351032448,208714
cluster_utility_frontier,1,1,340,45.42,1700,90.52229618346097,8.864795918367346,43,1,0.8405882352941176,32.75493955138993,0.8405882352941176,209234
cluster_utility_frontier,1,1,341,45.440000000000005,1705,90.54672547224764,8.9058524173028,43,1,0.839882697947214,32.94843484809403,0.839882697947214,209234
cluster_utility_frontier,1,1,342,45.540000000000006,1710,90.55441478439425,9.004438807863032,43,1,0.8391812865497076,33.73548618449102,0.8391812865497076,209469
cluster_utility_frontier,1,1,343,45.660000000000004,1715,90.5579221638612,9.102402022756005,43,1,0.8384839650145772,34.20014253057634,0.8384839650145772,209469
cluster_utility_frontier,1,1,344,45.72,1720,90.57377894150878,9.1997479521109,43,1,0.8377906976744186,34.19955835000461,0.8377906976744186,209469
cluster_utility_frontier,1,1,345,45.83,1725,90.57926327906594,9.233668341708542,44,2,0.8376811594202899,34.61250839746974,0.8376811594202899,213414
cluster_utility_frontier,1,1,346,45.95,1730,90.58266554628737,9.267376330619912,44,1,0.8375722543352602,35.31552575051655,0.8375722543352602,213672
cluster_utility_frontier,1,1,347,46.08,1735,90.58400425027587,9.30087390761548,44,1,0.837463976945245,35.93485067552711,0.837463976945245,213672
cluster_utility_frontier,1,1,348,46.2,1740,90.58737240999939,9.39639079029247,48,1,0.8367816091954023,36.355263114231605,0.8367816091954023,213799
cluster_utility_frontier,1,1,349,46.37,1745,90.58056390671976,9.429280397022332,50,1,0.836676217765043,36.85822545071691,0.836676217765043,213865
cluster_utility_frontier,1,1,350,46.56,1750,90.56974459724951,9.400123685837972,50,1,0.8371428571428572,37.256730768507566,0.8371428571428572,214018
cluster_utility_frontier,1,1,351,46.77,1755,90.55494971525506,9.3711467324291,50,1,0.8376068376068376,37.334366742461974,0.8376068376068376,214143
cluster_utility_frontier,1,1,352,46.96,1760,90.54426836880575,9.348093480934809,47,2,0.8375,37.507340874398864,0.8375,218160
cluster_utility_frontier,1,1,353,47.13,1765,90.5376646321876,9.325153374233128,47,2,0.8373937677053824,37.691280645150336,0.8373937677053824,218642
cluster_utility_frontier,1,1,354,47.3,1770,90.53109923327928,9.296636085626911,47,2,0.8378531073446328,37.63893577612491,0.8378531073446328,218642
cluster_utility_frontier,1,1,355,47.53,1775,90.51259531318615,9.268292682926829,51,2,0.8383098591549296,37.13937756659645,0.8383098591549296,222574
cluster_utility_frontier,1,1,356,47.72,1780,90.50215950480664,9.240121580547113,48,1,0.8387640449438202,36.63624603960278,0.8387640449438202,222709
cluster_utility_frontier,1,1,357,47.86,1785,90.50170675557673,9.217707701637357,47,1,0.838655462184874,36.204474204069754,0.838655462184874,222898
cluster_utility_frontier,1,1,358,48.03,1790,90.49531988997289,9.195402298850574,46,2,0.8385474860335196,36.401301686864336,0.8385474860335196,227005
cluster_utility_frontier,1,1,359,48.209999999999994,1795,90.48699632976835,9.173204586602294,47,1,0.8384401114206128,36.15544222093748,0.8384401114206128,227122
cluster_utility_frontier,1,1,360,48.36,1800,90.48462310371289,9.14560770156438,47,1,0.8388888888888889,35.47240251711227,0.8388888888888889,227122
cluster_utility_frontier,1,1,361,48.51,1805,90.4822633809449,9.118176364727054,51,1,0.8393351800554016,35.319574149996235,0.8393351800554016,231027
cluster_utility_frontier,1,1,362,48.61,1810,90.48969929372176,9.096349491322561,51,2,0.8392265193370165,34.75980627193091,0.8392265193370165,238567
cluster_utility_frontier,1,1,363,48.76,1815,90.48733856178548,9.074626865671643,51,2,0.8391184573002755,35.11937091591035,0.8391184573002755,238567
cluster_utility_frontier,1,1,364,48.92,1820,90.48304573663016,9.107142857142856,51,3,0.839010989010989,34.31763404592147,0.839010989010989,246612
cluster_utility_frontier,1,1,365,49.1,1825,90.47489718320789,9.080118694362017,52,1,0.8394520547945206,34.8800990136309,0.8394520547945206,246692
cluster_utility_frontier,1,1,366,49.3,1830,90.462925347726,9.053254437869821,52,1,0.8398907103825136,34.85139865044359,0.8398907103825136,246692
cluster_utility_frontier,1,1,367,49.55,1835,90.44137505304988,9.026548672566372,53,2,0.8403269754768392,35.33777216635669,0.8403269754768392,250815
cluster_utility_frontier,1,1,368,49.8,1840,90.41994498201336,9.0,54,1,0.8407608695652173,36.38706279909943,0.8407608695652173,250910
cluster_utility_frontier,1,1,369,50.05,1845,90.39863413136894,8.973607038123168,57,2,0.8411924119241192,36.966780959306206,0.8411924119241192,251162
cluster_utility_frontier,1,1,370,50.24999999999999,1850,90.3870066764869,8.947368421052632,59,2,0.8416216216216216,37.029280959817484,0.8416216216216216,255249
cluster_utility_frontier,1,1,371,50.49,1855,90.36781258346369,8.92128279883382,57,1,0.8420485175202156,36.55617366874956,0.8420485175202156,255402
cluster_utility_frontier,1,1,372,50.760000000000005,1860,90.34301695108726,8.895348837209301,58,2,0.8424731182795699,36.55617366874956,0.8424731182795699,263545
cluster_utility_frontier,1,1,373,50.970000000000006,1865,90.32974121575472,8.869565217391303,63,1,0.8428954423592493,36.10480282931368,0.8428954423592493,267576
cluster_utility_frontier,1,1,374,51.11,1870,90.32978260458252,8.84393063583815,65,1,0.8433155080213903,35.99605490604665,0.8433155080213903,267963
cluster_utility_frontier,1,1,375,51.27,1875,90.32605003962414,8.818443804034583,63,1,0.8437333333333333,35.70386307299559,0.8437333333333333,268097
cluster_utility_frontier,1,1,376,51.44,1880,90.3204561278061,8.79815986198965,64,2,0.8436170212765958,35.18699628734629,0.8436170212765958,268249
cluster_utility_frontier,1,1,377,51.6,1885,90.31676925386579,8.772935779816514,64,2,0.8440318302387267,35.163906541057706,0.8440318302387267,268249
cluster_utility_frontier,1,1,378,51.82,1890,90.30187337413209,8.747855917667238,66,1,0.8444444444444444,34.715510866002305,0.8444444444444444,271985
cluster_utility_frontier,1,1,379,52.059999999999995,1895,90.28332524543656,8.72291904218928,64,3,0.8448548812664908,34.860538225223394,0.8448548812664908,276324
cluster_utility_frontier,1,1,380,52.31,1900,90.26301584051524,8.69812393405344,69,1,0.8452631578947368,35.03335607335312,0.8452631578947368,276502
cluster_utility_frontier,1,1,381,52.51,1905,90.25209772035345,8.673469387755102,67,1,0.8456692913385827,34.937293368190055,0.8456692913385827,280714
cluster_utility_frontier,1,1,382,52.71,1910,90.24123822042841,8.648954211418882,69,2,0.8460732984293193,35.493960352991984,0.8460732984293193,284982
cluster_utility_frontier,1,1,383,52.86,1915,90.23966911628938,8.624577226606538,69,1,0.8464751958224543,35.56967978982934,0.8464751958224543,285163
cluster_utility_frontier,1,1,384,53.0,1920,90.23994991068633,8.60517435320585,69,1,0.8463541666666666,35.51926791751943,0.8463541666666666,285230
cluster_utility_frontier,1,1,385,53.16,1925,90.23655598001763,8.581043185642176,68,2,0.8467532467532467,34.504052732741386,0.8467532467532467,289508
cluster_utility_frontier,1,1,386,53.38,1930,90.22218965801476,8.557046979865772,66,1,0.8471502590673575,33.50628302448418,0.8471502590673575,289640
cluster_utility_frontier,1,1,387,53.6,1935,90.2078994482809,8.533184606804237,67,1,0.8475452196382429,33.23576153132413,0.8475452196382429,289938
cluster_utility_frontier,1,1,388,53.849999999999994,1940,90.18821857405754,8.509454949944383,66,2,0.8479381443298969,32.66982732678255,0.8479381443298969,290101
cluster_utility_frontier,1,1,389,54.04,1945,90.17954495893001,8.49056603773585,67,1,0.847814910025707,33.00500849212175,0.847814910025707,294434
cluster_utility_frontier,1,1,390,54.22,1950,90.17272941474997,8.471760797342192,67,2,0.8476923076923077,33.19352880352635,0.8476923076923077,295831
cluster_utility_frontier,1,1,391,54.379999999999995,1955,90.1695650601974,8.453038674033149,67,2,0.8475703324808184,33.14967879288652,0.8475703324808184,300243
cluster_utility_frontier,1,1,392,54.54,1960,90.1664172511404,8.429752066115702,67,2,0.8479591836734693,33.42620143029465,0.8479591836734693,300243
cluster_utility_frontier,1,1,393,54.72,1965,90.15951229161796,8.411214953271028,68,1,0.8478371501272265,33.32228473610619,0.8478371501272265,300712
cluster_utility_frontier,1,1,394,54.96,1970,90.14188086312353,8.388157894736842,72,3,0.8482233502538071,33.19429987324958,0.8482233502538071,305268
cluster_utility_frontier,1,1,395,55.2,1975,90.1243402808838,8.365226899945325,71,1,0.8486075949367089,33.732766387498195,0.8486075949367089,309686
cluster_utility_frontier,1,1,396,55.410000000000004,1980,90.11118448057395,8.342420937840785,71,1,0.848989898989899,34.07945028520386,0.848989898989899,309686
cluster_utility_frontier,1,1,397,55.58,1985,90.10609512959272,8.324265505984767,70,4,0.8488664987405542,33.46395617378476,0.8488664987405542,319946
cluster_utility_frontier,1,1,398,55.75,1990,90.10103162343081,8.306188925081432,70,4,0.8487437185929648,33.81790487192168,0.8487437185929648,319946
cluster_utility_frontier,1,1,399,55.900000000000006,1995,90.09971131537468,8.28819068255688,70,4,0.8486215538847118,33.45249387813161,0.8486215538847118,319946
cluster_utility_frontier,1,1,400,56.03,2000,90.10175599759744,8.27027027027027,74,2,0.8485,33.98020206968139,0.8485,322480
cluster_utility_frontier,1,1,401,56.2,2005,90.09674179280692,8.247978436657682,71,1,0.8488778054862843,33.750226570782736,0.8488778054862843,322599
cluster_utility_frontier,1,1,402,56.38999999999999,2010,90.08736618208026,8.225806451612904,72,1,0.8492537313432836,34.14523494575314,0.8492537313432836,327097
cluster_utility_frontier,1,1,403,56.52,2015,90.08768853034023,8.203753351206435,72,1,0.8496277915632754,34.888779895312936,0.8496277915632754,329022
cluster_utility_frontier,1,1,404,56.67,2020,90.08468348672008,8.181818181818182,73,2,0.85,34.747743729203634,0.85,338091
cluster_utility_frontier,1,1,405,56.87,2025,90.07296466973887,8.16,73,1,0.8503703703703703,34.95116836571425,0.8503703703703703,338180
cluster_utility_frontier,1,1,406,57.099999999999994,2030,90.05607606840583,8.138297872340425,74,1,0.8507389162561576,34.950679477137754,0.8507389162561576,339082
cluster_utility_frontier,1,1,407,57.31,2035,90.04274098269511,8.116710875331565,72,2,0.8511056511056511,34.95705820226259,0.8511056511056511,348430
cluster_utility_frontier,1,1,408,57.56,2040,90.02253423470272,8.095238095238095,74,2,0.8514705882352941,34.86981447739695,0.8514705882352941,353057
cluster_utility_frontier,1,1,409,57.78,2045,90.00847325736223,8.073878627968337,74,2,0.8518337408312958,34.89616147773331,0.8518337408312958,353057
cluster_utility_frontier,1,1,410,57.989999999999995,2050,89.99706760043469,8.052631578947368,76,2,0.8521951219512195,34.14379784590487,0.8521951219512195,353685
cluster_utility_frontier,1,1,411,58.18,2055,89.98915979833784,8.031496062992126,75,2,0.8525547445255475,34.58125318854562,0.8525547445255475,353869
cluster_utility_frontier,1,1,412,58.37,2060,89.98129108666174,8.010471204188482,75,2,0.8529126213592233,34.53885740031394,0.8529126213592233,353869
cluster_utility_frontier,1,1,413,58.53,2065,89.9785977227977,7.9895561357702345,74,1,0.853268765133172,34.82421910614916,0.853268765133172,358533
cluster_utility_frontier,1,1,414,58.660000000000004,2070,89.98018584312653,7.968749999999999,73,2,0.8536231884057971,34.97759924538284,0.8536231884057971,358926
cluster_utility_frontier,1,1,415,58.75,2075,89.98858272412794,7.9480519480519485,74,1,0.8539759036144579,34.93383391223786,0.8539759036144579,363714
cluster_utility_frontier,1,1,416,58.89,2080,89.98843969943219,7.927461139896373,74,2,0.854326923076923,34.83971951009154,0.854326923076923,368490
cluster_utility_frontier,1,1,417,59.019999999999996,2085,89.98999338545819,7.906976744186046,75,2,0.8546762589928057,34.97124568525757,0.8546762589928057,378297
cluster_utility_frontier,1,1,418,59.150000000000006,2090,89.99238643092801,7.9381443298969065,75,2,0.8545454545454545,34.024741797108945,0.8545454545454545,378297
cluster_utility_frontier,1,1,419,59.28,2095,89.99476784418302,7.969151670951156,76,2,0.8544152744630071,33.43309937491777,0.8544152744630071,383542
cluster_utility_frontier,1,1,420,59.37,2100,90.00303091533644,8.0,74,1,0.8542857142857143,33.09965029083454,0.8542857142857143,388263
cluster_utility_frontier,1,1,421,59.51,2105,90.0028558469266,8.0306905370844,75,1,0.8541567695961996,32.63873501177045,0.8541567695961996,388451
cluster_utility_frontier,1,1,422,59.67,2110,89.99932960144807,8.061224489795919,74,1,0.8540284360189574,32.47564696445993,0.8540284360189574,393212
cluster_utility_frontier,1,1,423,59.81999999999999,2115,89.9983280387895,8.091603053435115,78,1,0.8539007092198582,32.024809300103236,0.8539007092198582,397962
cluster_utility_frontier,1,1,424,60.0,2120,89.99232745104581,8.121827411167512,78,1,0.8537735849056604,32.08947103877509,0.8537735849056604,397962
cluster_utility_frontier,1,1,425,60.160000000000004,2125,89.98968351692236,8.151898734177216,79,2,0.8536470588235294,31.93726186209646,0.8536470588235294,398101
cluster_utility_frontier,1,1,426,60.35,2130,89.98223860033531,8.181818181818182,78,1,0.8535211267605634,31.269169189669576,0.8535211267605634,403046
cluster_utility_frontier,1,1,427,60.540000000000006,2135,89.97482943631185,8.211586901763223,78,1,0.8533957845433255,31.072428074058394,0.8533957845433255,403046
cluster_utility_frontier,1,1,428,60.73,2140,89.96745576792824,8.241206030150753,80,3,0.8532710280373832,30.69649130421798,0.8532710280373832,408301
cluster_utility_frontier,1,1,429,60.9,2145,89.9632480181947,8.270676691729323,82,1,0.8531468531468531,30.427943360500525,0.8531468531468531,408568
cluster_utility_frontier,1,1,430,61.050000000000004,2150,89.9615232833465,8.3,80,1,0.8530232558139534,30.44064042230977,0.8530232558139534,408896
cluster_utility_frontier,1,1,431,61.21,2155,89.9581658600607,8.329177057356608,82,3,0.8529002320185615,29.9485733701491,0.8529002320185615,409483
cluster_utility_frontier,1,1,432,61.42999999999999,2160,89.9450027825973,8.308457711442786,82,3,0.8532407407407407,29.775389125888545,0.8532407407407407,409483
cluster_utility_frontier,1,1,433,61.58,2165,89.94250996276214,8.337468982630273,86,1,0.8531177829099307,30.13215072918062,0.8531177829099307,409780
cluster_utility_frontier,1,1,434,61.75000000000001,2170,89.93676868420195,8.316831683168317,86,3,0.8534562211981567,29.80376309687089,0.8534562211981567,410089
cluster_utility_frontier,1,1,435,61.970000000000006,2175,89.92292181605308,8.296296296296296,86,1,0.8537931034482759,30.053065587450323,0.8537931034482759,410217
cluster_utility_frontier,1,1,436,62.13999999999999,2180,89.9180660339093,8.275862068965518,86,1,0.8541284403669724,30.33446121524197,0.8541284403669724,411402
cluster_utility_frontier,1,1,437,62.35000000000001,2185,89.90741040499854,8.255528255528255,87,2,0.854462242562929,29.85359301909091,0.854462242562929,411764
cluster_utility_frontier,1,1,438,62.529999999999994,2190,89.90164887517966,8.235294117647058,88,1,0.8547945205479452,29.86869623929373,0.8547945205479452,411857
cluster_utility_frontier,1,1,439,62.73,2195,89.89269141531324,8.21515892420538,89,2,0.855125284738041,30.42415821204679,0.855125284738041,416997
cluster_utility_frontier,1,1,440,62.92,2200,89.88440700310284,8.195121951219512,89,2,0.8554545454545455,30.781142064089455,0.8554545454545455,417118
cluster_utility_frontier,1,1,441,63.05,2205,89.88416121165447,8.175182481751825,89,2,0.85578231292517,31.427956682065503,0.85578231292517,417118
cluster_utility_frontier,1,1,442,63.17,2210,89.8864891692416,8.159300631374453,86,3,0.855656108597285,30.593125228091413,0.855656108597285,418890
cluster_utility_frontier,1,1,443,63.3,2215,89.88720963670639,8.13953488372093,87,2,0.8559819413092551,29.851516110206386,0.8559819413092551,424043
cluster_utility_frontier,1,1,444,63.41,2220,89.89030962022895,8.119864668922185,87,2,0.8563063063063063,29.43639936910755,0.8563063063063063,424043
cluster_utility_frontier,1,1,445,63.51,2225,89.89579190199666,8.108108108108109,86,2,0.8557303370786516,28.953645189694026,0.8557303370786516,425596
cluster_utility_frontier,1,1,446,63.72,2230,89.88378738807393,8.088589311506981,86,2,0.8560538116591928,28.275930018454563,0.8560538116591928,425596
cluster_utility_frontier,1,1,447,63.970000000000006,2235,89.8654964274964,8.069164265129682,87,2,0.8563758389261745,28.10884039753364,0.8563758389261745,430823
cluster_utility_frontier,1,1,448,64.23,2240,89.84666455896301,8.049832295160519,87,2,0.8566964285714286,27.237259630768545,0.8566964285714286,430823
cluster_utility_frontier,1,1,449,64.4,2245,89.84211107430717,8.030592734225621,89,2,0.8570155902004455,26.76478473981685,0.8570155902004455,437125
cluster_utility_frontier,1,1,450,64.61,2250,89.83128206742423,8.011444921316166,93,1,0.8573333333333333,26.360429848570185,0.8573333333333333,437200
cluster_utility_frontier,1,1,451,64.83,2255,89.81892991189912,7.9923882017126555,93,2,0.857649667405765,26.061257888672554,0.857649667405765,448422
cluster_utility_frontier,1,1,452,64.92,2260,89.82700263256864,7.973421926910299,93,2,0.8579646017699115,25.933978621568805,0.8579646017699115,448422
cluster_utility_frontier,1,1,453,65.03999999999999,2265,89.8303494644672,7.954545454545454,89,1,0.8582781456953642,25.489023332191373,0.8582781456953642,448495
cluster_utility_frontier,1,1,454,65.21000000000001,2270,89.82588073766655,7.9357581483230994,89,1,0.858590308370044,25.253257102764746,0.858590308370044,448495
cluster_utility_frontier,1,1,455,65.39,2275,89.82066689498429,7.964184731385486,90,2,0.8584615384615385,25.31102241620676,0.8584615384615385,451700
cluster_utility_frontier,1,1,456,65.5,2280,89.82634897952843,7.9962370649106305,88,2,0.8578947368421053,24.775681528289162,0.8578947368421053,457073
cluster_utility_frontier,1,1,457,65.62,2285,89.83045594024114,8.028169014084508,88,2,0.8573304157549234,24.688101802760322,0.8573304157549234,457073
cluster_utility_frontier,1,1,458,65.77,2290,89.8299056749652,8.056206088992974,88,2,0.8572052401746725,24.46759494852882,0.8572052401746725,457073
cluster_utility_frontier,1,1,459,65.89,2295,89.83398648440152,8.087891538101918,89,3,0.856644880174292,24.611695818994715,0.856644880174292,465972
cluster_utility_frontier,1,1,460,66.07,2300,89.82881246343791,8.069029850746269,89,3,0.8569565217391304,24.52184466646004,0.8569565217391304,465972
cluster_utility_frontier,1,1,461,66.24,2305,89.82535367033778,8.05025593299209,89,3,0.8572668112798265,24.799708547546597,0.8572668112798265,465972
cluster_utility_frontier,1,1,462,66.34,2310,89.832638548308,8.031569173630455,89,2,0.8575757575757575,25.025594977331416,0.8575757575757575,468109
cluster_utility_frontier,1,1,463,66.44,2315,89.83989111984462,8.059286706808708,90,1,0.857451403887689,25.441926958586414,0.857451403887689,468534
cluster_utility_frontier,1,1,464,66.57,2320,89.84253410235283,8.040665434380777,90,1,0.8577586206896551,25.624580894214496,0.8577586206896551,468534
cluster_utility_frontier,1,1,465,66.71000000000001,2325,89.84364295175313,8.025830258302582,88,1,0.8576344086021506,26.077947711932488,0.8576344086021506,468611
cluster_utility_frontier,1,1,466,66.83,2330,89.84778513702376,8.053382420616659,88,2,0.8575107296137339,26.634724600267482,0.8575107296137339,475406
cluster_utility_frontier,1,1,467,66.97,2335,89.84887757112759,8.080808080808081,89,1,0.8573875802997859,27.607755805025203,0.8573875802997859,475863
cluster_utility_frontier,1,1,468,67.12,2340,89.84845276626638,8.108108108108109,89,1,0.8572649572649572,28.326817145711868,0.8572649572649572,475931
cluster_utility_frontier,1,1,469,67.27,2345,89.84802982056351,8.135283363802559,88,1,0.8571428571428571,28.999794131558907,0.8571428571428571,476191
cluster_utility_frontier,1,1,470,67.36,2350,89.8566437778581,8.166058394160585,85,2,0.8565957446808511,28.852062807359584,0.8565957446808511,477872
cluster_utility_frontier,1,1,471,67.52,2355,89.85470226736587,8.1474738279472,87,1,0.8569002123142251,28.917811409125125,0.8569002123142251,477949
cluster_utility_frontier,1,1,472,67.69,2360,89.85126990314552,8.12897366030881,89,1,0.8572033898305085,28.93777768406425,0.8572033898305085,478203
cluster_utility_frontier,1,1,473,67.81,2365,89.85533264515357,8.110557317625736,89,1,0.8575052854122621,29.17626103805485,0.8575052854122621,478203
cluster_utility_frontier,1,1,474,67.93,2370,89.85937779900878,8.092224231464739,89,2,0.8578059071729958,29.014780868299557,0.8578059071729958,480024
cluster_utility_frontier,1,1,475,68.02,2375,89.86787421983227,8.077617328519855,87,1,0.8576842105263158,29.51009541073619,0.8576842105263158,480346
cluster_utility_frontier,1,1,476,68.07,2380,89.88227949701239,8.059432687978388,86,1,0.8579831932773109,29.358508012894482,0.8579831932773109,481084
cluster_utility_frontier,1,1,477,68.11,2385,89.89810598757101,8.089887640449438,85,1,0.8574423480083857,29.487832394127537,0.8574423480083857,481327
cluster_utility_frontier,1,1,478,68.19,2390,89.90794458915462,8.116591928251122,85,1,0.8573221757322176,29.249353501193905,0.8573221757322176,481327
cluster_utility_frontier,1,1,479,68.26,2395,89.91921787544489,8.143176733780761,86,1,0.8572025052192067,29.171830866686868,0.8572025052192067,482129
cluster_utility_frontier,1,1,480,68.34,2400,89.9289693182823,8.169642857142858,86,1,0.8570833333333333,29.20169577802738,0.8570833333333333,482129
cluster_utility_frontier,1,1,481,68.44,2405,89.93573812920019,8.19964349376114,86,2,0.8565488565488566,30.149617831507406,0.8565488565488566,482450
cluster_utility_frontier,1,1,482,68.60000000000001,2410,89.93367376885601,8.2258781680747,86,1,0.8564315352697095,30.739858484820342,0.8564315352697095,482817
cluster_utility_frontier,1,1,483,68.71000000000001,2415,89.93893956920914,8.207630878438332,86,1,0.856728778467909,31.010629047478734,0.856728778467909,482817
cluster_utility_frontier,1,1,484,68.78,2420,89.95002776235424,8.193091231178034,83,2,0.8566115702479339,31.33201544404782,0.8566115702479339,485947
cluster_utility_frontier,1,1,485,68.91000000000001,2425,89.95232054590788,8.17498895271763,83,1,0.8569072164948454,31.589027803669403,0.8569072164948454,486559
cluster_utility_frontier,1,1,486,69.05,2430,89.9531486439297,8.156966490299823,83,1,0.857201646090535,31.88035727025911,0.857201646090535,486559
cluster_utility_frontier,1,1,487,69.23,2435,89.94816546396991,8.139023317201936,79,1,0.8574948665297741,32.708104052428304,0.8574948665297741,487036
cluster_utility_frontier,1,1,488,69.36,2440,89.95044770929323,8.121158911325724,78,4,0.8577868852459016,32.23292347779195,0.8577868852459016,489031
cluster_utility_frontier,1,1,489,69.52000000000001,2445,89.9483828058355,8.103372755146736,78,4,0.8580777096114519,32.16288371794644,0.8580777096114519,489031
cluster_utility_frontier,1,1,490,69.61,2450,89.95642638656433,8.085664335664337,78,4,0.8583673469387755,32.43683314003225,0.8583673469387755,489031
cluster_utility_frontier,1,1,491,69.75,2455,89.95723726836854,8.068033144352377,77,4,0.8586558044806517,32.316147134560765,0.8586558044806517,496483
cluster_utility_frontier,1,1,492,69.87,2460,89.9609184171959,8.050478677110531,77,4,0.8589430894308943,32.23975102926828,0.8589430894308943,496483
cluster_utility_frontier,1,1,493,69.95,2465,89.97031960196722,8.03300043421624,77,4,0.8592292089249493,32.05931574344633,0.8592292089249493,496483
cluster_utility_frontier,1,1,494,69.97,2470,89.98826694139194,8.019072388383181,75,1,0.8591093117408907,32.07180500494574,0.8591093117408907,496909
cluster_utility_frontier,1,1,495,69.99,2475,90.00613996258906,8.008658008658008,75,1,0.8585858585858586,32.56395222983353,0.8585858585858586,497071
cluster_utility_frontier,1,1,496,70.02000000000001,2480,90.0225141782325,7.99827064418504,75,1,0.8580645161290322,33.266659413541284,0.8580645161290322,497071
cluster_utility_frontier,1,1,497,70.08,2485,90.03455483981058,7.9844626672421235,75,1,0.8579476861167002,33.99877152345332,0.8579476861167002,497071
cluster_utility_frontier,1,1,498,70.17,2490,90.0422886984163,7.9707022834984915,75,1,0.8578313253012049,34.758993223938056,0.8578313253012049,503264
cluster_utility_frontier,1,1,499,70.27,2495,90.0484336939897,7.953568357695614,75,1,0.8581162324649299,35.28731501857511,0.8581162324649299,503264
cluster_utility_frontier,1,1,500,70.34,2500,90.05879360054271,7.936507936507936,73,2,0.8584,34.82506139396206,0.8584,503777
cluster_utility_frontier,1,1,501,70.41,2505,90.0691114245416,7.919520547945205,74,1,0.858682634730539,34.659911104095286,0.858682634730539,504355
cluster_utility_frontier,1,1,502,70.45,2510,90.08291220315601,7.902605724049551,74,1,0.8589641434262948,34.65642382867005,0.8589641434262948,504355
cluster_utility_frontier,1,1,503,70.5,2515,90.09525415156368,7.885763000852515,71,2,0.8592445328031809,34.40369894002223,0.8592445328031809,511644
cluster_utility_frontier,1,1,504,70.54,2520,90.10895018018145,7.868991918332624,70,2,0.8595238095238096,34.47259878773316,0.8595238095238096,512641
cluster_utility_frontier,1,1,505,70.58,2525,90.12259292431706,7.855626326963907,70,2,0.8594059405940594,34.274069101747216,0.8594059405940594,512641
cluster_utility_frontier,1,1,506,70.65,2530,90.13199245757384,7.842306061890632,68,1,0.8592885375494071,33.84870454267851,0.8592885375494071,514000
cluster_utility_frontier,1,1,507,70.67,2535,90.14832575905429,7.832345469940728,69,1,0.8587771203155818,33.627981571893585,0.8587771203155818,514532
cluster_utility_frontier,1,1,508,70.71,2540,90.16249756531901,7.822410147991543,69,1,0.8582677165354331,32.88657554936966,0.8582677165354331,514532
cluster_utility_frontier,1,1,509,70.76,2545,90.17536064868168,7.85472972972973,69,1,0.8573673870333989,32.030989191250214,0.8573673870333989,514532
cluster_utility_frontier,1,1,510,70.77,2550,90.19371466577985,7.886967524251371,67,2,0.8564705882352941,31.984033398970148,0.8564705882352941,515907
cluster_utility_frontier,1,1,511,70.81,2555,90.20784644531412,7.915789473684211,67,2,0.8559686888454012,31.70109178933949,0.8559686888454012,515907
cluster_utility_frontier,1,1,512,70.85000000000001,2560,90.22192166496453,7.944514501891551,67,2,0.85546875,31.544087142913384,0.85546875,515907
cluster_utility_frontier,1,1,513,70.86,2565,90.24007272426759,8.015107007973143,67,2,0.8545808966861599,31.544087142913384,0.8545808966861599,515907
cluster_utility_frontier,1,1,514,70.89,2570,90.25540221037004,8.043569333891915,66,1,0.8540856031128404,31.680488409241928,0.8540856031128404,518044
cluster_utility_frontier,1,1,515,70.93,2575,90.26929883527912,8.07193642827269,66,1,0.8535922330097088,31.437193563647632,0.8535922330097088,518044
cluster_utility_frontier,1,1,516,70.97,2580,90.28314028314028,8.100208768267224,66,1,0.8531007751937985,30.91528435356156,0.8531007751937985,518044
cluster_utility_frontier,1,1,517,71.00999999999999,2585,90.29692688192613,8.128386827844935,66,1,0.8526112185686654,31.26329074652952,0.8526112185686654,518044
cluster_utility_frontier,1,1,518,71.07,2590,90.30793148592625,8.156471077819392,66,1,0.8521235521235522,31.35957613672892,0.8521235521235522,518367
cluster_utility_frontier,1,1,519,71.1,2595,90.32297578702381,8.222591362126245,66,1,0.8516377649325626,31.100865469149817,0.8516377649325626,518367
cluster_utility_frontier,1,1,520,71.12,2600,90.339319188242,8.288437629506838,63,1,0.8511538461538461,30.779948873897137,0.8511538461538461,519490
cluster_utility_frontier,1,1,521,71.16,2605,90.35288694874124,8.357467935457178,64,1,0.8502879078694817,31.054629346945784,0.8502879078694817,519820
cluster_utility_frontier,1,1,522,71.23,2610,90.36234237159711,8.38150289017341,64,1,0.8501915708812261,31.357062831776524,0.8501915708812261,519820
cluster_utility_frontier,1,1,523,71.28,2615,90.3744615343065,8.364235681911826,64,2,0.8504780114722753,31.469304615261052,0.8504780114722753,521070
cluster_utility_frontier,1,1,524,71.33,2620,90.38653332973935,8.34703947368421,64,2,0.850763358778626,31.144218478340576,0.850763358778626,521070
cluster_utility_frontier,1,1,525,71.39,2625,90.39721291849939,8.329913828477636,64,2,0.851047619047619,31.239391676271815,0.851047619047619,521070
cluster_utility_frontier,1,1,526,71.47,2630,90.4051659327677,8.353808353808354,64,2,0.8509505703422053,30.901173011578898,0.8509505703422053,521070
cluster_utility_frontier,1,1,527,71.52,2635,90.41710771374592,8.38103025347506,61,2,0.8504743833017078,30.21966049815636,0.8504743833017078,522357
cluster_utility_frontier,1,1,528,71.54,2640,90.43301505790473,8.404732762137902,61,1,0.8503787878787878,30.153078219068863,0.8503787878787878,522860
cluster_utility_frontier,1,1,529,71.56,2645,90.44886083045259,8.428338762214983,61,1,0.8502835538752362,30.014851110387745,0.8502835538752362,522860
cluster_utility_frontier,1,1,530,71.59,2650,90.46331326264188,8.455284552845528,61,1,0.849811320754717,29.80238415675232,0.849811320754717,522860
cluster_utility_frontier,1,1,531,71.61,2655,90.47903952774121,8.482142857142858,62,2,0.8493408662900188,29.411660026194376,0.8493408662900188,523605
cluster_utility_frontier,1,1,532,71.7,2660,90.48541627962526,8.508914100486225,62,2,0.8488721804511278,29.674927126476483,0.8488721804511278,523605
cluster_utility_frontier,1,1,533,71.83,2665,90.48647073626213,8.535598705501618,62,2,0.8484052532833021,29.957689120164396,0.8484052532833021,523605
cluster_utility_frontier,1,1,534,71.98,2670,90.48487732656514,8.562197092084006,61,2,0.847940074906367,30.515213389160795,0.847940074906367,529906
cluster_utility_frontier,1,1,535,72.08,2675,90.48988692887205,8.585247883917775,59,2,0.8478504672897196,30.77714650506284,0.8478504672897196,531206
cluster_utility_frontier,1,1,536,72.16,2680,90.49751112749875,8.648431214802896,59,2,0.8473880597014926,31.43560351183429,0.8473880597014926,531206
cluster_utility_frontier,1,1,537,72.25,2685,90.50379191146511,8.67121637896427,59,1,0.8472998137802608,31.810087841834605,0.8472998137802608,531709
cluster_utility_frontier,1,1,538,72.36,2690,90.50742509314162,8.653846153846153,59,1,0.8475836431226765,32.44084333765416,0.8475836431226765,531709
cluster_utility_frontier,1,1,539,72.47,2695,90.51104447906982,8.636545381847261,60,1,0.8478664192949907,32.3617158280757,0.8478664192949907,532676
cluster_utility_frontier,1,1,540,72.53,2700,90.52118455788181,8.622754491017965,57,1,0.8477777777777777,32.51655991593915,0.8477777777777777,533251
cluster_utility_frontier,1,1,541,72.6,2705,90.52998186869807,8.645418326693227,58,2,0.8476894639556377,32.505448862030235,0.8476894639556377,545131
cluster_utility_frontier,1,1,542,72.72,2710,90.53223622539319,8.667992047713717,58,2,0.8476014760147601,32.936575746644074,0.8476014760147601,545131
cluster_utility_frontier,1,1,543,72.86,2715,90.53188309747509,8.69047619047619,58,2,0.8475138121546961,33.34539424641868,0.8475138121546961,545131
cluster_utility_frontier,1,1,544,72.95,2720,90.53801655036447,8.712871287128712,58,2,0.8474264705882353,33.43792199294067,0.8474264705882353,545131
cluster_utility_frontier,1,1,545,73.07000000000001,2725,90.5402431288272,8.735177865612648,57,1,0.8473394495412844,33.887858705687265,0.8473394495412844,551211
cluster_utility_frontier,1,1,546,73.14,2730,90.54892231353698,8.760852407261247,55,2,0.8468864468864469,34.31385549602079,0.8468864468864469,552421
cluster_utility_frontier,1,1,547,73.2,2735,90.55885880850735,8.786446020488574,55,2,0.8464351005484461,35.44530113994764,0.8464351005484461,552421
cluster_utility_frontier,1,1,548,73.3,2740,90.56360874378846,8.808493904836807,55,2,0.8463503649635037,36.62954599886358,0.8463503649635037,552421
cluster_utility_frontier,1,1,549,73.38,2745,90.57091091322617,8.830455259026687,56,1,0.8462659380692168,37.03633946808198,0.8462659380692168,558856
cluster_utility_frontier,1,1,550,73.42999999999999,2750,90.58203365483276,8.852330591461026,55,1,0.8461818181818181,36.398342771205805,0.8461818181818181,559432
cluster_utility_frontier,1,1,551,73.46000000000001,2755,90.59567549575614,8.877590926867422,55,2,0.8457350272232305,36.37898431649198,0.8457350272232305,566436
cluster_utility_frontier,1,1,552,73.48,2760,90.61054460885788,8.86372510737993,55,2,0.8456521739130435,36.159436986740594,0.8456521739130435,566436
cluster_utility_frontier,1,1,553,73.49,2765,90.62663418491638,8.853354134165366,56,1,0.8452079566003616,35.919263770268245,0.8452079566003616,567056
cluster_utility_frontier,1,1,554,73.5,2770,90.6426643580995,8.846453624318004,55,1,0.8444043321299639,35.16299965455411,0.8444043321299639,573658
cluster_utility_frontier,1,1,555,73.52,2775,90.65736469571627,8.878504672897195,55,1,0.8432432432432433,34.524813376946,0.8432432432432433,573658
cluster_utility_frontier,1,1,556,73.55000000000001,2780,90.6707425353256,8.907040062232594,55,1,0.8424460431654677,34.15898229004165,0.8424460431654677,573658
cluster_utility_frontier,1,1,557,73.61,2785,90.68027297013282,8.970873786407767,55,1,0.8416517055655296,33.80894363864636,0.8416517055655296,579704
cluster_utility_frontier,1,1,558,73.63,2790,90.69482357698918,9.034509499806125,55,1,0.8408602150537634,34.116879452730274,0.8408602150537634,579704
cluster_utility_frontier,1,1,559,73.65,2795,90.70932095417102,9.097948122338366,55,1,0.8400715563506261,34.09005427853853,0.8400715563506261,579704
cluster_utility_frontier,1,1,560,73.7,2800,90.71998791206025,9.157650695517775,55,1,0.8396428571428571,34.144192798602035,0.8396428571428571,579704
cluster_utility_frontier,1,1,561,73.78,2805,90.72684539295905,9.178557655225607,55,1,0.839572192513369,34.57804241720695,0.839572192513369,585629
cluster_utility_frontier,1,1,562,73.88,2810,90.73116876599589,9.164420485175203,55,1,0.8395017793594306,35.061974930634854,0.8395017793594306,585629
cluster_utility_frontier,1,1,563,74.0,2815,90.73297183574819,9.15032679738562,55,1,0.8394316163410301,35.634636054301026,0.8394316163410301,585629
cluster_utility_frontier,1,1,564,74.11,2820,90.73601840046001,9.136276391554702,53,1,0.8393617021276596,36.52545561557086,0.8393617021276596,586018
cluster_utility_frontier,1,1,565,74.21,2825,90.74030171069214,9.122269068608663,54,2,0.83929203539823,36.74004298285289,0.83929203539823,592533
cluster_utility_frontier,1,1,566,74.33,2830,90.74207851733759,9.143075745983168,54,2,0.8392226148409894,37.335988711372536,0.8392226148409894,592533
cluster_utility_frontier,1,1,567,74.44,2835,90.74509218852958,9.163802978235967,52,1,0.8391534391534392,37.55176804626199,0.8391534391534392,592794
cluster_utility_frontier,1,1,568,74.5,2840,90.7543001811909,9.222560975609756,54,1,0.8387323943661972,36.769805599822185,0.8387323943661972,600907
cluster_utility_frontier,1,1,569,74.57000000000001,2845,90.76223628953333,9.246575342465754,54,1,0.8383128295254832,37.043330895845386,0.8383128295254832,601197
cluster_utility_frontier,1,1,570,74.61,2850,90.77385368749073,9.270516717325227,55,1,0.8378947368421052,37.13259618725306,0.8378947368421052,601281
cluster_utility_frontier,1,1,571,74.67,2855,90.7829607593843,9.256449165402124,55,1,0.8378283712784589,37.467511770988196,0.8378283712784589,607708
cluster_utility_frontier,1,1,572,74.74,2860,90.79080312476897,9.280303030303031,55,1,0.8374125874125874,38.1406385213514,0.8374125874125874,607708
cluster_utility_frontier,1,1,573,74.78,2865,90.80230741793046,9.341906202723147,57,1,0.8366492146596859,38.68462494543071,0.8366492146596859,607765
cluster_utility_frontier,1,1,574,74.83,2870,90.81254297220312,9.365558912386707,57,1,0.8362369337979094,39.34193135305332,0.8362369337979094,607765
cluster_utility_frontier,1,1,575,74.91,2875,90.81895283851358,9.347908028646815,58,1,0.8365217391304348,39.65155577060146,0.8365217391304348,607864
cluster_utility_frontier,1,1,576,75.03999999999999,2880,90.81922286385436,9.367945823927764,57,1,0.8364583333333333,39.726907438013136,0.8364583333333333,608052
cluster_utility_frontier,1,1,577,75.16000000000001,2885,90.82071323888617,9.391435011269722,57,1,0.836048526863085,40.7028136988576,0.836048526863085,608052
cluster_utility_frontier,1,1,578,75.28,2890,90.82152698188203,9.377344336084022,57,1,0.8359861591695502,41.694021224980474,0.8359861591695502,608052
cluster_utility_frontier,1,1,579,75.33999999999999,2895,90.82964117045621,9.359790340696367,56,3,0.8362694300518134,41.721778212177306,0.8362694300518134,614475
cluster_utility_frontier,1,1,580,75.37,2900,90.84081712014972,9.342301943198803,56,3,0.836551724137931,42.27606911784848,0.836551724137931,614475
cluster_utility_frontier,1,1,581,75.42,2905,90.84897533275903,9.324878776575904,56,3,0.8368330464716007,42.9585770578284,0.8368330464716007,614475
cluster_utility_frontier,1,1,582,75.48,2910,90.85645063597819,9.307520476545049,53,1,0.8371134020618557,42.55973574733519,0.8371134020618557,614799
cluster_utility_frontier,1,1,583,75.55,2915,90.86280296066954,9.293680297397769,53,2,0.8370497427101201,42.21053200462573,0.8370497427101201,622309
cluster_utility_frontier,1,1,584,75.57000000000001,2920,90.87517206404405,9.279881217520416,52,1,0.836986301369863,41.772613603017426,0.836986301369863,628406
cluster_utility_frontier,1,1,585,75.59,2925,90.88805043576794,9.266123054114159,52,1,0.8369230769230769,41.28904714508248,0.8369230769230769,628406
cluster_utility_frontier,1,1,586,75.64999999999999,2930,90.8966197759353,9.25240562546262,52,1,0.8368600682593856,40.88182988019288,0.8368600682593856,628406
cluster_utility_frontier,1,1,587,75.72,2935,90.90406746270091,9.238728750923872,50,2,0.8367972742759796,40.9599522910366,0.8367972742759796,641614
cluster_utility_frontier,1,1,588,75.81,2940,90.9090909090909,9.221689413500552,50,2,0.8370748299319728,41.486377559192405,0.8370748299319728,641614
cluster_utility_frontier,1,1,589,75.87,2945,90.91768818234056,9.244935543278086,50,1,0.8366723259762309,41.290287879499104,0.8366723259762309,641689
cluster_utility_frontier,1,1,590,75.94,2950,90.9250606469808,9.264705882352942,50,1,0.8366101694915254,41.19666555278663,0.8366101694915254,641689
cluster_utility_frontier,1,1,591,75.98,2955,90.93598644811873,9.284403669724771,50,1,0.8365482233502538,40.900877097666395,0.8365482233502538,641689
cluster_utility_frontier,1,1,592,76.06,2960,90.94211096688143,9.307438622205936,50,2,0.8361486486486487,40.25379234122608,0.8361486486486487,642300
cluster_utility_frontier,1,1,593,76.11,2965,90.9517808740311,9.2938163190633,50,2,0.8360876897133221,39.98518373100651,0.8360876897133221,642300
cluster_utility_frontier,1,1,594,76.18,2970,90.95904392304863,9.31336742147553,50,2,0.836026936026936,39.90780200128165,0.836026936026936,642300
cluster_utility_frontier,1,1,595,76.27000000000001,2975,90.96391251806743,9.36930368209989,50,1,0.8356302521008403,39.46642741333163,0.8356302521008403,648387
cluster_utility_frontier,1,1,596,76.36,2980,90.96876441437712,9.42503639010189,50,1,0.8352348993288591,39.03249954635426,0.8352348993288591,648387
cluster_utility_frontier,1,1,597,76.44,2985,90.97478039104561,9.44424264438794,49,2,0.8351758793969849,39.7546052013133,0.8351758793969849,658407
cluster_utility_frontier,1,1,598,76.52,2990,90.98077580415129,9.499637418419145,48,1,0.8347826086956521,40.12335933738061,0.8347826086956521,659076
cluster_utility_frontier,1,1,599,76.58,2995,90.9891040877321,9.554831704668839,48,1,0.8343906510851419,39.76448313786422,0.8343906510851419,659076
cluster_utility_frontier,1,1,600,76.67,3000,90.99388002020416,9.609826589595375,47,1,0.834,40.166230600138064,0.834,665327
cluster_utility_frontier,1,1,601,76.68,3005,91.00802101411885,9.668109668109668,45,1,0.8332778702163062,40.46191634429916,0.8332778702163062,666049
cluster_utility_frontier,1,1,602,76.68,3010,91.02328467238735,9.72622478386167,45,1,0.8325581395348837,40.16441507766819,0.8325581395348837,674951
cluster_utility_frontier,1,1,603,76.72,3015,91.0338218451254,9.780654440848616,45,1,0.8321724709784412,40.17615545575506,0.8321724709784412,674951
cluster_utility_frontier,1,1,604,76.75999999999999,3020,91.04432336572901,9.763101220387654,45,1,0.8324503311258278,39.91884208255052,0.8324503311258278,674951
cluster_utility_frontier,1,1,605,76.81,3025,91.05362467387253,9.74561089215335,45,1,0.8327272727272728,40.55467712640852,0.8327272727272728,674951
cluster_utility_frontier,1,1,606,76.86,3030,91.06289461750445,9.767441860465116,46,2,0.8323432343234324,40.563885753228284,0.8323432343234324,684426
cluster_utility_frontier,1,1,607,76.91,3035,91.07213335500197,9.821428571428571,45,1,0.8319604612850082,40.53449079927386,0.8319604612850082,690668
cluster_utility_frontier,1,1,608,76.92,3040,91.08597652130581,9.875222816399287,44,1,0.8315789473684211,39.83186599184795,0.8315789473684211,692395
cluster_utility_frontier,1,1,609,76.92999999999999,3045,91.09977324263039,9.9644128113879,44,1,0.8308702791461412,39.224102548239095,0.8308702791461412,692395
cluster_utility_frontier,1,1,610,76.92999999999999,3050,91.11467874013928,10.028449502133713,44,1,0.8295081967213115,38.59316964411558,0.8295081967213115,693495
cluster_utility_frontier,1,1,611,76.92999999999999,3055,91.12953439568295,10.053285968028419,44,1,0.8288052373158756,38.22379054632291,0.8288052373158756,693495
cluster_utility_frontier,1,1,612,76.94,3060,91.14318932670281,10.106382978723403,44,1,0.8284313725490197,37.96168022188772,0.8284313725490197,693495
cluster_utility_frontier,1,1,613,76.97,3065,91.1545003217799,10.15929203539823,44,1,0.8280587275693312,38.15394281073183,0.8280587275693312,693495
cluster_utility_frontier,1,1,614,77.0,3070,91.165773683184,10.180275715800637,44,1,0.8276872964169381,38.04045737684099,0.8276872964169381,693495
cluster_utility_frontier,1,1,615,77.03,3075,91.17700959842394,10.201200141193082,45,1,0.8273170731707317,38.51141758488708,0.8273170731707317,693936
cluster_utility_frontier,1,1,616,77.08,3080,91.18582046883934,10.257314064152274,45,1,0.8266233766233766,38.77117154920159,0.8266233766233766,693936
cluster_utility_frontier,1,1,617,77.12,3085,91.19524141159278,10.274454609429979,45,1,0.826580226904376,39.30159525593096,0.826580226904376,693936
cluster_utility_frontier,1,1,618,77.17,3090,91.20349261353273,10.295151089248067,46,1,0.8262135922330097,39.44389635019782,0.8262135922330097,700091
cluster_utility_frontier,1,1,619,77.22,3095,91.21171770972038,10.350877192982457,46,1,0.8255250403877221,39.59930252817783,0.8255250403877221,700091
cluster_utility_frontier,1,1,620,77.29,3100,91.21764425152831,10.437828371278458,46,1,0.8248387096774193,39.37893879846864,0.8248387096774193,700091
cluster_utility_frontier,1,1,621,77.32,3105,91.22809007884736,10.524475524475523,45,1,0.8241545893719807,39.080714769806036,0.8241545893719807,706280
cluster_utility_frontier,1,1,622,77.33,3110,91.24076842916044,10.610820244328098,45,1,0.8234726688102894,38.69217253507895,0.8234726688102894,706280
cluster_utility_frontier,1,1,623,77.36,3115,91.25154081898063,10.662020905923345,43,1,0.8231139646869984,38.549970433688365,0.8231139646869984,706639
cluster_utility_frontier,1,1,624,77.41,3120,91.25962558995552,10.747826086956522,43,1,0.8224358974358974,38.7219664272512,0.8224358974358974,706639
cluster_utility_frontier,1,1,625,77.44,3125,91.26993968772898,10.833333333333334,43,1,0.82176,38.24263790683289,0.82176,706867
cluster_utility_frontier,1,1,626,77.47,3130,91.28071221960855,10.922330097087379,43,1,0.8207667731629393,37.65301361050754,0.8207667731629393,707226
cluster_utility_frontier,1,1,627,77.51,3135,91.29042407353305,10.976454293628809,43,1,0.8200956937799043,37.56514754705544,0.8200956937799043,707226
cluster_utility_frontier,1,1,628,77.55,3140,91.30010433143741,11.03042876901798,43,1,0.8194267515923567,37.22746393176252,0.8194267515923567,707482
cluster_utility_frontier,1,1,629,77.60000000000001,3145,91.30863312575602,11.084254143646408,43,1,0.8187599364069952,37.43656048141405,0.8187599364069952,707482
cluster_utility_frontier,1,1,630,77.66999999999999,3150,91.31480073355101,11.13409169251982,43,1,0.8184126984126984,37.71788738829191,0.8184126984126984,707482
cluster_utility_frontier,1,1,631,77.75,3155,91.31983209038539,11.183757742601514,43,1,0.8180665610142631,37.96558627736376,0.8180665610142631,713717
cluster_utility_frontier,1,1,632,77.8,3160,91.32770786191215,11.233253177602197,43,1,0.8177215189873418,38.14420893760523,0.8177215189873418,713717
cluster_utility_frontier,1,1,633,77.86999999999999,3165,91.33323687520173,11.316872427983538,43,1,0.8170616113744076,38.540280384694164,0.8170616113744076,713717
cluster_utility_frontier,1,1,634,77.92999999999999,3170,91.34034136367677,11.365970558028073,43,2,0.8167192429022082,38.26427117630222,0.8167192429022082,714268
cluster_utility_frontier,1,1,635,78.01,3175,91.34472428714079,11.414900888585098,43,2,0.8163779527559055,38.6351204864498,0.8163779527559055,714268
cluster_utility_frontier,1,1,636,78.10000000000001,3180,91.34798599725262,11.463664278403275,43,2,0.8160377358490566,38.98470074473031,0.8160377358490566,714268
cluster_utility_frontier,1,1,637,78.13,3185,91.3578744773577,11.512261580381471,42,3,0.8156985871271586,38.6427729444256,0.8156985871271586,733976
cluster_utility_frontier,1,1,638,78.17,3190,91.36662837957236,11.560693641618498,42,3,0.8153605015673981,38.50817411263974,0.8153605015673981,733976
cluster_utility_frontier,1,1,639,78.24,3195,91.37214251844337,11.575016972165649,42,3,0.8153364632237872,38.28567970411322,0.8153364632237872,733976
cluster_utility_frontier,1,1,640,78.31,3200,91.3781144373369,11.58929176550322,43,1,0.8153125,37.71384358855142,0.8153125,740461
cluster_utility_frontier,1,1,641,78.35,3205,91.38745987776458,11.671177266576455,43,1,0.8146645865834633,37.71456772261293,0.8146645865834633,740461
cluster_utility_frontier,1,1,642,78.4,3210,91.39567808422139,11.752786220871327,41,1,0.814018691588785,37.250441826919996,0.814018691588785,746757
cluster_utility_frontier,1,1,643,78.45,3215,91.40387017597685,11.834120026972354,40,1,0.8133748055987559,36.841637976408585,0.8133748055987559,754430
cluster_utility_frontier,1,1,644,78.51,3220,91.41094226919164,11.915180074049141,40,1,0.8127329192546584,36.14355248419866,0.8127329192546584,754430
cluster_utility_frontier,1,1,645,78.55,3225,91.4201765117092,11.995967741935484,40,1,0.812093023255814,35.593082460774056,0.812093023255814,754430
cluster_utility_frontier,1,1,646,78.60000000000001,3230,91.42829100188665,12.042938611204294,42,1,0.8117647058823529,35.30659653435733,0.8117647058823529,754696
cluster_utility_frontier,1,1,647,78.66,3235,91.43529104331351,12.089752176825185,42,1,0.8114374034003091,34.77649850973858,0.8114374034003091,754696
cluster_utility_frontier,1,1,648,78.73,3240,91.44118190613891,12.107023411371237,42,1,0.8111111111111111,34.562219515032965,0.8111111111111111,754696
cluster_utility_frontier,1,1,649,78.77,3245,91.450310424174,12.186978297161936,42,1,0.810477657935285,34.40894229172393,0.810477657935285,754696
cluster_utility_frontier,1,1,650,78.77,3250,91.46374502855534,12.241494329553035,42,1,0.8095384615384615,34.02659500577464,0.8095384615384615,755031
cluster_utility_frontier,1,1,651,78.81,3255,91.4728095042306,12.29180546302465,42,1,0.8089093701996928,33.27970641960887,0.8089093701996928,755031
cluster_utility_frontier,1,1,652,78.86999999999999,3260,91.47968498492983,12.341982701264138,42,1,0.808282208588957,32.675879742265145,0.808282208588957,755031
cluster_utility_frontier,1,1,653,78.93,3265,91.48653895935801,12.39202657807309,42,1,0.807656967840735,32.04163609136681,0.807656967840735,755031
cluster_utility_frontier,1,1,654,78.95,3270,91.49767922719882,12.441937624419376,41,1,0.8070336391437309,31.56362215378497,0.8070336391437309,762484
cluster_utility_frontier,1,1,655,78.96,3275,91.50986000301069,12.491716368455931,41,1,0.806412213740458,30.836794514880335,0.806412213740458,762484
cluster_utility_frontier,1,1,656,78.96,3280,91.52307642758221,12.541363335539376,41,1,0.8057926829268293,30.1021505189525,0.8057926829268293,762484
cluster_utility_frontier,1,1,657,78.96,3285,91.5362517686404,12.55783212161269,40,1,0.8054794520547945,30.47931247693507,0.8054794520547945,772768
cluster_utility_frontier,1,1,658,78.96,3290,91.54938621745133,12.574257425742575,40,1,0.8051671732522796,29.941863558737374,0.8051671732522796,772768
cluster_utility_frontier,1,1,659,78.97999999999999,3295,91.560342800966,12.623599208965064,40,1,0.8045523520485585,30.009143756727553,0.8045523520485585,772768
cluster_utility_frontier,1,1,660,79.02,3300,91.56913162695915,12.635735439289238,40,1,0.8045454545454546,29.566363219616438,0.8045454545454546,772768
cluster_utility_frontier,1,1,661,79.08,3305,91.57576274075336,12.647831800262813,40,1,0.8045385779122541,29.566363219616438,0.8045385779122541,772768
cluster_utility_frontier,1,1,662,79.14999999999999,3310,91.58130976312795,12.664041994750654,41,2,0.8042296072507553,29.095931417272745,0.8042296072507553,794988
cluster_utility_frontier,1,1,663,79.17999999999999,3315,91.59108769992142,12.708811005568293,42,2,0.803921568627451,28.91648823590142,0.803921568627451,795368
cluster_utility_frontier,1,1,664,79.23,3320,91.59871483559014,12.753433616742967,42,2,0.8036144578313253,29.072824641517002,0.8036144578313253,795368
cluster_utility_frontier,1,1,665,79.29,3325,91.60525981450895,12.797910545217107,42,2,0.8033082706766917,29.073969943642123,0.8033082706766917,795368
cluster_utility_frontier,1,1,666,79.36,3330,91.61072761292641,12.813824584284317,42,2,0.803003003003003,28.96268409655695,0.803003003003003,795368
cluster_utility_frontier,1,1,667,79.4,3335,91.61934516898525,12.862259850211657,41,1,0.8023988005997001,28.832085228356203,0.8023988005997001,802127
cluster_utility_frontier,1,1,668,79.47,3340,91.6247747320497,12.906371911573473,41,1,0.8020958083832336,28.72125212111473,0.8020958083832336,802127
cluster_utility_frontier,1,1,669,79.58,3345,91.62597861772876,12.950340798442065,41,1,0.8017937219730942,28.936815852601892,0.8017937219730942,802127
cluster_utility_frontier,1,1,670,79.64,3350,91.63243220525968,12.998379254457051,41,1,0.8011940298507463,28.042069173087942,0.8011940298507463,802127
cluster_utility_frontier,1,1,671,79.66,3355,91.643062461971,13.013920362576886,43,1,0.8008941877794337,27.153098988929628,0.8008941877794337,808607
cluster_utility_frontier,1,1,672,79.67999999999999,3360,91.6536604271633,13.025210084033615,43,1,0.8008928571428572,26.895259238608862,0.8008928571428572,808607
cluster_utility_frontier,1,1,673,79.73,3365,91.66108856628875,13.036463375282349,43,1,0.8008915304606241,27.265343952470698,0.8008915304606241,808607
cluster_utility_frontier,1,1,674,79.78,3370,91.66849420930062,13.047680412371134,43,1,0.8008902077151335,27.49446748862774,0.8008902077151335,808607
cluster_utility_frontier,1,1,675,79.81,3375,91.67796292048132,13.063063063063062,43,1,0.8005925925925926,27.505459398679864,0.8005925925925926,809225
cluster_utility_frontier,1,1,676,79.85,3380,91.68636188532697,13.074204946996467,42,1,0.8005917159763314,27.505459398679864,0.8005917159763314,815791
cluster_utility_frontier,1,1,677,79.89,3385,91.69473552894212,13.08531109685696,42,1,0.8005908419497785,27.8124480947707,0.8005908419497785,815791
cluster_utility_frontier,1,1,678,79.95,3390,91.70100792011377,13.12840217739353,41,1,0.8002949852507375,28.244542567562764,0.8002949852507375,822343
cluster_utility_frontier,1,1,679,79.99000000000001,3395,91.7093343836156,13.171355498721226,41,1,0.8,28.220035921298155,0.8,822343
cluster_utility_frontier,1,1,680,80.04,3400,91.716600950045,13.246090009575488,42,1,0.7994117647058824,28.28879451642141,0.7994117647058824,822461
cluster_utility_frontier,1,1,681,80.08,3405,91.72487909725953,13.288718929254303,42,1,0.7991189427312775,28.30794331405742,0.7991189427312775,822461
cluster_utility_frontier,1,1,682,80.16,3410,91.72900523128037,13.33121221762647,42,1,0.7988269794721408,28.940161436059903,0.7988269794721408,822461
cluster_utility_frontier,1,1,683,80.17999999999999,3415,91.73930065319075,13.377820146170958,43,1,0.7982430453879942,28.683156391936954,0.7982430453879942,822553
cluster_utility_frontier,1,1,684,80.24,3420,91.74545043052456,13.42005076142132,43,1,0.797953216374269,28.213867391925653,0.797953216374269,822553
cluster_utility_frontier,1,1,685,80.32000000000001,3425,91.74952748787904,13.462147608489072,43,1,0.7976642335766423,28.404219258206105,0.7976642335766423,822553
cluster_utility_frontier,1,1,686,80.43,3430,91.75051540047386,13.504111321948134,40,1,0.7973760932944607,28.922749734201865,0.7973760932944607,822758
cluster_utility_frontier,1,1,687,80.53,3435,91.75252452837917,13.514366908746448,40,2,0.7973799126637554,28.448949795088303,0.7973799126637554,823123
cluster_utility_frontier,1,1,688,80.63,3440,91.75452769795575,13.556116015132408,40,2,0.797093023255814,28.448949795088303,0.797093023255814,823123
cluster_utility_frontier,1,1,689,80.71000000000001,3445,91.75856716905608,13.602015113350127,36,1,0.7965166908563135,27.99277250832237,0.7965166908563135,823844
cluster_utility_frontier,1,1,690,80.78,3450,91.7636143030476,13.647798742138365,38,2,0.7959420289855073,28.344284905656178,0.7959420289855073,837044
cluster_utility_frontier,1,1,691,80.83,3455,91.77068273910122,13.662060301507536,38,2,0.795658465991317,27.87856130202949,0.795658465991317,837044
cluster_utility_frontier,1,1,692,80.9,3460,91.77569713420151,13.671997491376608,38,2,0.795664739884393,27.98933360918874,0.795664739884393,837044
cluster_utility_frontier,1,1,693,80.95,3465,91.78272697742406,13.681903569192237,36,1,0.7956709956709956,27.75073448957346,0.7956709956709956,837164
cluster_utility_frontier,1,1,694,81.02000000000001,3470,91.78770893094256,13.723038449515473,36,1,0.7953890489913544,27.540765834036392,0.7953890489913544,837164
cluster_utility_frontier,1,1,695,81.08999999999999,3475,91.79267626161413,13.732833957553058,36,1,0.7953956834532374,27.72737947919962,0.7953956834532374,837164
cluster_utility_frontier,1,1,696,81.21000000000001,3480,91.79257582342062,13.773761296354003,36,1,0.7951149425287356,28.07653746221103,0.7951149425287356,837164
cluster_utility_frontier,1,1,697,81.28,3485,91.7975214951762,13.783447417548226,36,1,0.7951219512195122,28.436546620365743,0.7951219512195122,837164
cluster_utility_frontier,1,1,698,81.34,3490,91.80346040287392,13.79738968303294,38,1,0.7948424068767909,28.281197058939778,0.7948424068767909,837272
cluster_utility_frontier,1,1,699,81.43,3495,91.80636332535067,13.775985107043129,38,2,0.7951359084406294,28.999820721700814,0.7951359084406294,838376
cluster_utility_frontier,1,1,700,81.57,3500,91.80423402694746,13.754646840148698,37,1,0.7954285714285714,29.793854627511706,0.7954285714285714,844918
cluster_utility_frontier,1,1,701,81.78999999999999,3505,91.79408459747972,13.76430559851531,37,1,0.795435092724679,30.616141079578647,0.795435092724679,844918
cluster_utility_frontier,1,1,702,81.92,3510,91.7929811555146,13.743051266213712,33,2,0.7957264957264957,30.741349406066565,0.7957264957264957,845788
cluster_utility_frontier,1,1,703,82.09,3515,91.78787939416978,13.72186247301881,34,2,0.7960170697012803,31.68796035878424,0.7960170697012803,846661
cluster_utility_frontier,1,1,704,82.23,3520,91.78578920555006,13.700738916256158,34,2,0.7963068181818181,32.61206407079072,0.7963068181818181,846661
cluster_utility_frontier,1,1,705,82.42,3525,91.7786356245823,13.679680295112204,34,1,0.796595744680851,32.76585401802744,0.796595744680851,846732
cluster_utility_frontier,1,1,706,82.54,3530,91.77855691461812,13.662879950875038,36,3,0.796600566572238,32.01086038677163,0.796600566572238,848393
cluster_utility_frontier,1,1,707,82.72,3535,91.77251071702092,13.641937461679952,36,3,0.7968882602545969,31.735185360381273,0.7968882602545969,848393
cluster_utility_frontier,1,1,708,82.89,3540,91.76747512067219,13.62105907560453,39,2,0.7971751412429379,31.607270423534487,0.7971751412429379,848699
cluster_utility_frontier,1,1,709,83.02000000000001,3545,91.76642104114806,13.600244498777506,37,1,0.7974612129760226,32.08258273732124,0.7974612129760226,855822
cluster_utility_frontier,1,1,710,83.17,3550,91.76338932023451,13.579493439121148,37,1,0.7977464788732395,32.065467050240976,0.7977464788732395,855822
cluster_utility_frontier,1,1,711,83.31,3555,91.76135520811701,13.589274832419257,35,1,0.7977496483825598,32.13704849061431,0.7977496483825598,855894
cluster_utility_frontier,1,1,712,83.41,3560,91.76319557596405,13.60316494217894,36,2,0.7974719101123595,32.58857882535311,0.7974719101123595,858070
cluster_utility_frontier,1,1,713,83.54,3565,91.76215363376393,13.59075706901794,35,1,0.7971949509116409,32.61426824361324,0.7971949509116409,865235
cluster_utility_frontier,1,1,714,83.67999999999999,3570,91.76012997882921,13.578371810449575,37,1,0.7969187675070029,33.19885779068284,0.7969187675070029,865321
cluster_utility_frontier,1,1,715,83.83,3575,91.75712881022615,13.557779799818018,40,1,0.7972027972027972,33.44782736655391,0.7972027972027972,865396
cluster_utility_frontier,1,1,716,83.99,3580,91.75315430310766,13.53725015142338,40,1,0.797486033519553,34.04763750743244,0.797486033519553,865396
cluster_utility_frontier,1,1,717,84.16,3585,91.74821060888321,13.51678258240097,40,1,0.797768479776848,33.720060496717906,0.797768479776848,865396
cluster_utility_frontier,1,1,718,84.28,3590,91.7481764331522,13.500453035336758,38,3,0.7977715877437326,33.85010133057391,0.7977715877437326,873053
cluster_utility_frontier,1,1,719,84.38,3595,91.75009777082519,13.51840675920338,37,1,0.7972183588317107,33.344444733312535,0.7972183588317107,886485
cluster_utility_frontier,1,1,720,84.5,3600,91.75006102025873,13.532248342374926,37,1,0.7969444444444445,32.896671930084196,0.7969444444444445,886485
cluster_utility_frontier,1,1,721,84.59,3605,91.75294920542069,13.54198013842913,38,1,0.7969486823855756,33.12720730536806,0.7969486823855756,893198
cluster_utility_frontier,1,1,722,84.75,3610,91.74901426276591,13.521634615384615,37,1,0.7972299168975069,33.378913784721824,0.7972299168975069,893368
cluster_utility_frontier,1,1,723,84.95,3615,91.74120163328796,13.501350135013501,37,1,0.7975103734439835,33.654665265947465,0.7975103734439835,893368
cluster_utility_frontier,1,1,724,85.09,3620,91.73923595941945,13.511084481725586,39,2,0.7975138121546961,33.48501500819024,0.7975138121546961,900328
cluster_utility_frontier,1,1,725,85.22999999999999,3625,91.73727581192438,13.520789709841461,39,2,0.7975172413793103,33.839482957933484,0.7975172413793103,900328
cluster_utility_frontier,1,1,726,85.37,3630,91.7352411563111,13.530465949820789,39,1,0.7975206611570248,33.80125380318397,0.7975206611570248,900471
cluster_utility_frontier,1,1,727,85.49,3635,91.73474616418358,13.540113331345063,41,2,0.7975240715268226,33.659868177132395,0.7975240715268226,907542
cluster_utility_frontier,1,1,728,85.61,3640,91.73425250067586,13.549731983323406,41,2,0.7975274725274726,34.15908902798619,0.7975274725274726,907542
cluster_utility_frontier,1,1,729,85.75,3645,91.7318317246965,13.56335514574658,42,1,0.7972565157750343,33.755991123591734,0.7972565157750343,907615
cluster_utility_frontier,1,1,730,85.9,3650,91.72845450168512,13.543213543213541,42,2,0.7975342465753424,32.98910424367878,0.7975342465753424,914515
cluster_utility_frontier,1,1,731,86.06,3655,91.72412466703209,13.523131672597867,44,1,0.79781121751026,32.86077457443149,0.79781121751026,914780
cluster_utility_frontier,1,1,732,86.21,3660,91.7202896602063,13.503109268581582,44,1,0.7980874316939891,33.25212353414712,0.7980874316939891,914780
cluster_utility_frontier,1,1,733,86.3,3665,91.72261653558411,13.487133984028393,40,3,0.7980900409276944,33.29866184526044,0.7980900409276944,915307
cluster_utility_frontier,1,1,734,86.37,3670,91.72724921697653,13.46721795629061,42,1,0.7983651226158038,33.10799952070678,0.7983651226158038,922238
cluster_utility_frontier,1,1,735,86.44,3675,91.73186922503012,13.447360660572102,42,1,0.7986394557823129,33.52711720216993,0.7986394557823129,922238
cluster_utility_frontier,1,1,736,86.49,3680,91.7383870320664,13.435474366529169,39,2,0.7983695652173913,33.486492652390275,0.7983695652173913,922529
cluster_utility_frontier,1,1,737,86.57000000000001,3685,91.74210410843914,13.42360906682367,39,1,0.7981004070556309,32.852448714529885,0.7981004070556309,922776
cluster_utility_frontier,1,1,738,86.67,3690,91.74390580793889,13.437224345780653,39,1,0.7978319783197833,32.96466305725168,0.7978319783197833,922776
cluster_utility_frontier,1,1,739,86.77,3695,91.74578109244497,13.450807635829662,38,2,0.7975642760487145,33.105614776949544,0.7975642760487145,929856
cluster_utility_frontier,1,1,740,86.88,3700,91.74670124540454,13.460410557184751,38,2,0.7975675675675675,33.196203936771035,0.7975675675675675,929856
cluster_utility_frontier,1,1,741,86.96000000000001,3705,91.75038658204552,13.469985358711567,40,1,0.7975708502024291,33.37574050384397,0.7975708502024291,936786
cluster_utility_frontier,1,1,742,87.05000000000001,3710,91.75272382756987,13.450292397660817,38,1,0.7978436657681941,33.821485017988536,0.7978436657681941,950707
cluster_utility_frontier,1,1,743,87.13,3715,91.75600109755983,13.459854014598541,37,1,0.7978465679676985,34.005827374244134,0.7978465679676985,957794
cluster_utility_frontier,1,1,744,87.22,3720,91.75863632927658,13.46938775510204,36,1,0.7978494623655914,34.61858967319703,0.7978494623655914,964741
cluster_utility_frontier,1,1,745,87.27000000000001,3725,91.764650372747,13.482818870122307,36,1,0.7975838926174497,35.26792156329651,0.7975838926174497,966036
cluster_utility_frontier,1,1,746,87.42999999999999,3730,91.76067022890692,13.467132053519487,36,1,0.7975871313672922,35.68146900751293,0.7975871313672922,966329
cluster_utility_frontier,1,1,747,87.56,3735,91.75913638459873,13.447574789427824,37,1,0.7978580990629184,36.41879649032468,0.7978580990629184,973269
cluster_utility_frontier,1,1,748,87.74,3740,91.75290678547594,13.428074245939674,37,1,0.7981283422459893,37.11742458918867,0.7981283422459893,973269
cluster_utility_frontier,1,1,749,87.87,3745,91.75099979346989,13.412514484356894,36,2,0.7981308411214953,38.26375237825183,0.7981308411214953,981291
cluster_utility_frontier,1,1,750,88.0,3750,91.74948434277142,13.39311541799248,37,1,0.7984,38.252965481537395,0.7984,988264
cluster_utility_frontier,1,1,751,88.11,3755,91.7499227520857,13.3737723859041,38,1,0.7986684420772303,38.29968270790987,0.7986684420772303,988568
cluster_utility_frontier,1,1,752,88.2,3760,91.75223026426528,13.354485145659071,38,1,0.798936170212766,38.75878887978864,0.798936170212766,988696
cluster_utility_frontier,1,1,753,88.34,3765,91.74986224866217,13.3352534562212,39,1,0.799203187250996,39.25035356108066,0.799203187250996,995710
cluster_utility_frontier,1,1,754,88.47,3770,91.74843306969109,13.323741007194245,35,1,0.7989389920424403,39.62858672838513,0.7989389920424403,1002964
cluster_utility_frontier,1,1,755,88.61,3775,91.74646050670641,13.30842196033343,37,1,0.7989403973509934,39.368677073640654,0.7989403973509934,1010053
cluster_utility_frontier,1,1,756,88.78,3780,91.74170263432059,13.293138099339648,38,1,0.798941798941799,39.789754847957646,0.798941798941799,1010103
cluster_utility_frontier,1,1,757,88.94,3785,91.73788644470868,13.277889303125894,41,0,0.7989431968295905,39.94731177423028,0.7989431968295905,1031145
cluster_utility_frontier,1,1,758,89.03,3790,91.74057443966157,13.262675451160124,43,1,0.7989445910290237,39.71700684620943,0.7989445910290237,1052304
cluster_utility_frontier,1,1,759,89.14999999999999,3795,91.74047583753335,13.247496423462088,43,1,0.7989459815546772,39.38010144387334,0.7989459815546772,1080459
cluster_utility_frontier,1,1,760,89.27000000000001,3800,91.74045391882014,13.260931694769933,42,0,0.7986842105263158,38.96802223470049,0.7986842105263158,1101561
cluster_utility_frontier,1,1,761,89.41,3805,91.73858407406723,13.274336283185843,40,2,0.7984231274638633,38.81044512388483,0.7984231274638633,1131260
cluster_utility_frontier,1,1,762,89.56,3810,91.73579647691726,13.259195893926432,41,0,0.7984251968503937,38.71450528839638,0.7984251968503937,1152449
cluster_utility_frontier,1,1,763,89.68,3815,91.73578089866932,13.244090002848191,42,1,0.7984272608125819,38.539944875684334,0.7984272608125819,1180807
cluster_utility_frontier,1,1,764,89.78,3820,91.73760594877646,13.229018492176387,40,0,0.7984293193717278,38.25136565489167,0.7984293193717278,1202059
cluster_utility_frontier,1,1,765,89.86,3825,91.7412642685146,13.270815572605855,42,0,0.7979084967320261,37.74829929956071,0.7979084967320261,1223332
cluster_utility_frontier,1,1,766,89.92999999999999,3830,91.7458306945324,13.255747942094805,41,2,0.7979112271540469,38.19018513479709,0.7979112271540469,1251937
cluster_utility_frontier,1,1,767,90.03,3835,91.74763511036151,13.269067195917211,41,1,0.7976531942633638,37.80169047945099,0.7976531942633638,1273774
