strategy,run_id,map_seed,timestep,coverage,total_distance,sensing_redundancy,visit_overlap,num_clusters,num_active_drones,exploration_efficiency,mean_pairwise_distance,movement_efficiency,nodes_expanded
cluster_utility_frontier,3,3,1,0.32,5,71.42857142857143,0.0,0,0,1.0,1.3478708664619075,1.0,0
cluster_utility_frontier,3,3,2,0.36,10,84.27947598253274,25.0,3,3,0.6,1.7446972815209225,0.6,371
cluster_utility_frontier,3,3,3,0.43,15,87.64367816091954,38.46153846153847,3,2,0.5333333333333333,2.2697935531433115,0.5333333333333333,491
cluster_utility_frontier,3,3,4,0.53,20,88.67521367521367,38.88888888888889,3,2,0.55,3.05395134906164,0.55,491
cluster_utility_frontier,3,3,5,0.5700000000000001,25,90.0523560209424,43.47826086956522,4,1,0.52,3.8909263549534634,0.52,571
cluster_utility_frontier,3,3,6,0.62,30,91.05339105339105,42.30769230769231,3,2,0.5,3.8721011909815517,0.5,825
cluster_utility_frontier,3,3,7,0.7000000000000001,35,91.50485436893204,40.0,2,1,0.5142857142857142,3.8721011909815517,0.5142857142857142,904
cluster_utility_frontier,3,3,8,0.8,40,91.62303664921467,35.294117647058826,4,1,0.55,4.756905541909747,0.55,1004
cluster_utility_frontier,3,3,9,0.89,45,91.81232750689972,34.21052631578947,4,2,0.5555555555555556,4.9689113050742,0.5555555555555556,1168
cluster_utility_frontier,3,3,10,1.0,50,91.76954732510289,34.883720930232556,4,2,0.56,5.277778870496714,0.56,1168
cluster_utility_frontier,3,3,11,1.09,55,91.90794357832219,34.04255319148936,4,1,0.5636363636363636,5.759372059433654,0.5636363636363636,1347
cluster_utility_frontier,3,3,12,1.13,60,92.36486486486486,36.0,3,1,0.5333333333333333,5.601056203456871,0.5333333333333333,1823
cluster_utility_frontier,3,3,13,1.17,65,92.74193548387096,36.53846153846153,3,1,0.5076923076923077,6.028740572884527,0.5076923076923077,2198
cluster_utility_frontier,3,3,14,1.23,70,92.96740994854203,36.36363636363637,3,1,0.5,6.412617804571551,0.5,2372
cluster_utility_frontier,3,3,15,1.27,75,93.26974032856386,36.206896551724135,4,1,0.49333333333333335,6.4918238778224024,0.49333333333333335,2484
cluster_utility_frontier,3,3,16,1.3299999999999998,80,93.4288537549407,37.704918032786885,4,1,0.475,6.538859713097054,0.475,2484
cluster_utility_frontier,3,3,17,1.39,85,93.55287569573284,37.5,4,1,0.47058823529411764,7.1733326134425,0.47058823529411764,2484
cluster_utility_frontier,3,3,18,1.46,90,93.61609094884128,39.705882352941174,5,1,0.45555555555555555,7.7463198788584675,0.45555555555555555,2616
cluster_utility_frontier,3,3,19,1.52,95,93.71900826446281,40.27777777777778,5,1,0.45263157894736844,7.8812234841479825,0.45263157894736844,2616
cluster_utility_frontier,3,3,20,1.58,100,93.80877742946709,40.78947368421053,4,2,0.45,7.974384034568175,0.45,3001
cluster_utility_frontier,3,3,21,1.6199999999999999,105,93.96648044692736,43.20987654320987,4,1,0.4380952380952381,7.987182759721506,0.4380952380952381,3109
cluster_utility_frontier,3,3,22,1.67,110,94.08221119773211,45.348837209302324,4,1,0.42727272727272725,7.910873877035454,0.42727272727272725,3109
cluster_utility_frontier,3,3,23,1.73,115,94.1554054054054,47.25274725274725,4,1,0.41739130434782606,7.9766654039158595,0.41739130434782606,3109
cluster_utility_frontier,3,3,24,1.7999999999999998,120,94.18979987088444,47.91666666666667,5,1,0.4166666666666667,7.649653766959962,0.4166666666666667,3207
cluster_utility_frontier,3,3,25,1.8800000000000001,125,94.19932119716137,47.524752475247524,5,1,0.424,7.8523223547239756,0.424,3207
cluster_utility_frontier,3,3,26,1.96,130,94.20974889217135,48.113207547169814,5,1,0.4230769230769231,7.888666795225353,0.4230769230769231,3207
cluster_utility_frontier,3,3,27,2.03,135,94.24603174603175,48.64864864864865,6,1,0.4222222222222222,7.9172890483186595,0.4222222222222222,3336
cluster_utility_frontier,3,3,28,2.12,140,94.22500681013348,48.275862068965516,7,1,0.42857142857142855,8.169608681015086,0.42857142857142855,3489
cluster_utility_frontier,3,3,29,2.26,145,94.0744625065548,47.107438016528924,7,1,0.4413793103448276,8.5095041002421,0.4413793103448276,3773
cluster_utility_frontier,3,3,30,2.36,150,94.03739262253663,46.03174603174603,5,1,0.4533333333333333,8.523649287622316,0.4533333333333333,3933
cluster_utility_frontier,3,3,31,2.4699999999999998,155,93.9785470502194,45.38461538461539,5,1,0.45806451612903226,9.142645689335811,0.45806451612903226,4201
cluster_utility_frontier,3,3,32,2.64,160,93.78238341968913,44.44444444444444,8,1,0.46875,9.643726553239011,0.46875,4267
cluster_utility_frontier,3,3,33,2.79,165,93.64464692482916,43.57142857142857,6,1,0.47878787878787876,9.628214622936298,0.47878787878787876,4400
cluster_utility_frontier,3,3,34,2.94,170,93.51565946184385,42.758620689655174,4,1,0.48823529411764705,9.95724445916997,0.48823529411764705,4645
cluster_utility_frontier,3,3,35,3.04,175,93.50288523188716,42.0,6,1,0.49714285714285716,9.996726721802249,0.49714285714285716,5000
cluster_utility_frontier,3,3,36,3.1399999999999997,180,93.49087893864014,41.29032258064516,6,2,0.5055555555555555,10.020846025398845,0.5055555555555555,5539
cluster_utility_frontier,3,3,37,3.26,185,93.43932380760717,40.625,6,2,0.5135135135135135,10.937729968547915,0.5135135135135135,5539
cluster_utility_frontier,3,3,38,3.39,190,93.36984158028555,39.63414634146341,5,2,0.5210526315789473,11.65830715615871,0.5210526315789473,6411
cluster_utility_frontier,3,3,39,3.52,195,93.30416587407267,39.053254437869825,6,1,0.5282051282051282,12.266342569347213,0.5282051282051282,6704
cluster_utility_frontier,3,3,40,3.6999999999999997,200,93.14941677467135,38.50574712643678,6,1,0.535,12.883924379465729,0.535,7264
cluster_utility_frontier,3,3,41,3.83,205,93.0941218896502,37.988826815642454,8,1,0.5414634146341464,12.830862029587735,0.5414634146341464,7837
cluster_utility_frontier,3,3,42,3.92,210,93.1119311193112,38.04347826086957,8,2,0.5428571428571428,11.969659169341195,0.5428571428571428,8599
cluster_utility_frontier,3,3,43,4.0,215,93.14599040438657,38.095238095238095,8,2,0.5441860465116279,11.519327768755884,0.5441860465116279,8599
cluster_utility_frontier,3,3,44,4.09,220,93.16167864905535,37.628865979381445,8,2,0.55,12.008839658526615,0.55,8599
cluster_utility_frontier,3,3,45,4.24,225,93.0786810316683,36.68341708542713,7,1,0.56,12.251010460596852,0.56,9110
cluster_utility_frontier,3,3,46,4.37,230,93.03141444745656,35.78431372549019,9,2,0.5695652173913044,12.688732811532558,0.5695652173913044,9847
cluster_utility_frontier,3,3,47,4.51,235,92.9706982543641,34.92822966507177,9,2,0.5787234042553191,12.939633164488356,0.5787234042553191,9847
cluster_utility_frontier,3,3,48,4.64,240,92.9279073311995,34.57943925233645,8,2,0.5833333333333334,13.713336912740004,0.5833333333333334,11025
cluster_utility_frontier,3,3,49,4.78,245,92.8709917971663,34.24657534246575,9,3,0.5877551020408164,14.284413397839122,0.5877551020408164,11917
cluster_utility_frontier,3,3,50,4.9399999999999995,250,92.78199883109292,33.92857142857143,9,3,0.592,15.153752275209484,0.592,11917
cluster_utility_frontier,3,3,51,5.050000000000001,255,92.77332570120205,33.771929824561404,8,1,0.592156862745098,15.844801472986177,0.592156862745098,12303
cluster_utility_frontier,3,3,52,5.17,260,92.75098149186763,33.47639484978541,7,1,0.5961538461538461,16.70756741316546,0.5961538461538461,12487
cluster_utility_frontier,3,3,53,5.27,265,92.7570093457944,33.193277310924366,7,1,0.6,17.244661821429684,0.6,12487
cluster_utility_frontier,3,3,54,5.42,270,92.69541778975741,32.92181069958848,11,1,0.6037037037037037,17.734274401714465,0.6037037037037037,12629
cluster_utility_frontier,3,3,55,5.57,275,92.63714474553866,32.66129032258064,11,1,0.6072727272727273,18.4666664861034,0.6072727272727273,12629
cluster_utility_frontier,3,3,56,5.680000000000001,280,92.63198858477105,32.53968253968254,9,2,0.6071428571428571,19.445409215436012,0.6071428571428571,13290
cluster_utility_frontier,3,3,57,5.81,285,92.59683995922529,32.295719844357976,11,2,0.6105263157894737,20.507104593281525,0.6105263157894737,13517
cluster_utility_frontier,3,3,58,5.92,290,92.5879554275698,32.06106870229007,11,2,0.6137931034482759,20.630200750804967,0.6137931034482759,13517
cluster_utility_frontier,3,3,59,6.0600000000000005,295,92.54245631306917,31.954887218045116,11,2,0.6135593220338983,20.84223214062785,0.6135593220338983,14259
cluster_utility_frontier,3,3,60,6.2,300,92.49394673123487,31.48148148148148,11,1,0.6166666666666667,20.959513491195445,0.6166666666666667,14366
cluster_utility_frontier,3,3,61,6.329999999999999,305,92.4588992137241,31.272727272727273,14,1,0.6196721311475409,20.968762607758954,0.6196721311475409,14472
cluster_utility_frontier,3,3,62,6.49,310,92.38977485928706,31.071428571428573,11,1,0.6225806451612903,21.059728400095917,0.6225806451612903,14556
cluster_utility_frontier,3,3,63,6.72,315,92.24645205953618,30.526315789473685,12,2,0.6285714285714286,21.127709551987923,0.6285714285714286,14813
cluster_utility_frontier,3,3,64,6.92,320,92.14172155348625,30.0,11,1,0.634375,20.972914619477812,0.634375,14978
cluster_utility_frontier,3,3,65,7.12,325,92.04469273743017,29.830508474576273,15,2,0.6369230769230769,20.768479512629014,0.6369230769230769,16207
cluster_utility_frontier,3,3,66,7.2700000000000005,330,92.0065970313359,29.666666666666668,11,2,0.6393939393939394,20.718881150580707,0.6393939393939394,16871
cluster_utility_frontier,3,3,67,7.39,335,92.0021645021645,29.605263157894733,15,1,0.6388059701492538,20.79071435314474,0.6388059701492538,16937
cluster_utility_frontier,3,3,68,7.57,340,91.93393713372403,29.126213592233007,15,1,0.6441176470588236,21.04763226105018,0.6441176470588236,16937
cluster_utility_frontier,3,3,69,7.71,345,91.90975865687304,29.073482428115017,15,2,0.6434782608695652,21.69587002863681,0.6434782608695652,17291
cluster_utility_frontier,3,3,70,7.85,350,91.88630490956072,29.02208201892745,16,1,0.6428571428571429,22.529181600535225,0.6428571428571429,17369
cluster_utility_frontier,3,3,71,8.01,355,91.84317718940936,28.66043613707165,15,2,0.6450704225352113,23.372771505001033,0.6450704225352113,17623
cluster_utility_frontier,3,3,72,8.1,360,91.87155042649272,28.39506172839506,14,1,0.6444444444444445,23.598388575828174,0.6444444444444445,17859
cluster_utility_frontier,3,3,73,8.17,365,91.9188921859545,28.440366972477065,17,1,0.6410958904109589,24.018431165525854,0.6410958904109589,17939
cluster_utility_frontier,3,3,74,8.28,370,91.92588980984885,28.313253012048197,17,1,0.6432432432432432,24.051020234714436,0.6432432432432432,18018
cluster_utility_frontier,3,3,75,8.43,375,91.89423076923077,28.273809523809522,16,1,0.6426666666666667,24.676829748308048,0.6426666666666667,18437
cluster_utility_frontier,3,3,76,8.64,380,91.80654338549076,27.859237536656888,18,1,0.6473684210526316,25.680182286144042,0.6473684210526316,18540
cluster_utility_frontier,3,3,77,8.870000000000001,385,91.70097305389223,27.45664739884393,19,2,0.6519480519480519,26.399925008171067,0.6519480519480519,18782
cluster_utility_frontier,3,3,78,9.0,390,91.68668021429892,27.065527065527068,19,2,0.6564102564102564,27.35067035763049,0.6564102564102564,18782
cluster_utility_frontier,3,3,79,9.180000000000001,395,91.62714337832908,26.76056338028169,18,2,0.6582278481012658,28.159262377141733,0.6582278481012658,19718
cluster_utility_frontier,3,3,80,9.31,400,91.61110109929716,26.46239554317549,18,3,0.66,28.44925078673536,0.66,20422
cluster_utility_frontier,3,3,81,9.47,405,91.56873219373219,26.098901098901102,18,3,0.6641975308641975,28.07758276258996,0.6641975308641975,20422
cluster_utility_frontier,3,3,82,9.629999999999999,410,91.52736230863981,25.745257452574528,18,3,0.6682926829268293,28.45804267582476,0.6682926829268293,20422
cluster_utility_frontier,3,3,83,9.83,415,91.45588874402434,25.40106951871658,20,2,0.672289156626506,28.66540954099027,0.672289156626506,20635
cluster_utility_frontier,3,3,84,10.07,420,91.35176915149434,25.065963060686013,21,1,0.6761904761904762,29.30167232223535,0.6761904761904762,21432
cluster_utility_frontier,3,3,85,10.26,425,91.29254010014427,24.739583333333336,18,1,0.68,29.70476678065926,0.68,21695
cluster_utility_frontier,3,3,86,10.4,430,91.27663143767825,24.484536082474225,18,2,0.6813953488372093,30.33048608421504,0.6813953488372093,22335
cluster_utility_frontier,3,3,87,10.56,435,91.24450708896444,24.173027989821882,20,1,0.6850574712643678,31.236434383853027,0.6850574712643678,22405
cluster_utility_frontier,3,3,88,10.77,440,91.17213114754098,23.869346733668344,19,1,0.6886363636363636,32.159035590466075,0.6886363636363636,23271
cluster_utility_frontier,3,3,89,10.99,445,91.09255957205382,23.573200992555833,21,1,0.6921348314606741,32.84140242860927,0.6921348314606741,23337
cluster_utility_frontier,3,3,90,11.17,450,91.04609218436873,23.284313725490197,24,3,0.6955555555555556,33.72034120181884,0.6955555555555556,25328
cluster_utility_frontier,3,3,91,11.37,455,90.9847764034253,23.002421307506054,20,1,0.6989010989010989,34.720615140758994,0.6989010989010989,25494
cluster_utility_frontier,3,3,92,11.49,460,90.98045372478217,22.727272727272727,22,1,0.7021739130434783,35.4313289315802,0.7021739130434783,26033
cluster_utility_frontier,3,3,93,11.63,465,90.96418304716029,22.565320665083135,21,3,0.7010752688172043,35.580183292356494,0.7010752688172043,28333
cluster_utility_frontier,3,3,94,11.790000000000001,470,90.93355890495232,22.35294117647059,23,1,0.7021276595744681,35.26137203282224,0.7021276595744681,28387
cluster_utility_frontier,3,3,95,11.88,475,90.95339628388669,22.19626168224299,23,1,0.7010526315789474,35.523554334602245,0.7010526315789474,28492
cluster_utility_frontier,3,3,96,12.04,480,90.92006033182504,21.99074074074074,25,1,0.7020833333333333,36.20785021409052,0.7020833333333333,28665
cluster_utility_frontier,3,3,97,12.19,485,90.89415104205573,21.788990825688074,25,1,0.7030927835051546,36.477604240083295,0.7030927835051546,28720
cluster_utility_frontier,3,3,98,12.379999999999999,490,90.83912979132751,21.59090909090909,25,1,0.7040816326530612,37.034647468728274,0.7040816326530612,28720
cluster_utility_frontier,3,3,99,12.5,495,90.83308888237019,21.396396396396398,25,3,0.705050505050505,37.374189097262146,0.705050505050505,29087
cluster_utility_frontier,3,3,100,12.65,500,90.8053496147696,21.205357142857142,24,1,0.706,37.84519733063226,0.706,29314
cluster_utility_frontier,3,3,101,12.83,505,90.75648414985591,21.01769911504425,24,1,0.7069306930693069,38.23703615735762,0.7069306930693069,29314
cluster_utility_frontier,3,3,102,12.989999999999998,510,90.72606553865924,20.833333333333336,23,2,0.707843137254902,37.95123916926607,0.707843137254902,29777
cluster_utility_frontier,3,3,103,13.089999999999998,515,90.73929961089495,20.697167755991288,22,2,0.7067961165048544,37.646839664501826,0.7067961165048544,30128
cluster_utility_frontier,3,3,104,13.16,520,90.77009398232572,20.734341252699785,22,2,0.7057692307692308,37.62697696224519,0.7057692307692308,30128
cluster_utility_frontier,3,3,105,13.239999999999998,525,90.79340796884779,20.770877944325484,24,1,0.7047619047619048,37.66451402435463,0.7047619047619048,30244
cluster_utility_frontier,3,3,106,13.34,530,90.80570680267421,20.59447983014862,22,1,0.7056603773584905,37.673543996637605,0.7056603773584905,30467
cluster_utility_frontier,3,3,107,13.459999999999999,535,90.80726676683513,20.464135021097047,22,1,0.7046728971962617,37.38011255195777,0.7046728971962617,30582
cluster_utility_frontier,3,3,108,13.61,540,90.79223327244435,20.45929018789144,24,1,0.7055555555555556,36.571183051322166,0.7055555555555556,31249
cluster_utility_frontier,3,3,109,13.79,545,90.7573726541555,20.24793388429752,24,1,0.708256880733945,36.39297138979061,0.708256880733945,31249
cluster_utility_frontier,3,3,110,13.98,550,90.71651504083937,20.040899795501023,27,1,0.7109090909090909,36.431446410909764,0.7109090909090909,31344
cluster_utility_frontier,3,3,111,14.17,555,90.67947115700848,19.838056680161944,23,1,0.7135135135135136,35.76191090529481,0.7135135135135136,31417
cluster_utility_frontier,3,3,112,14.32,560,90.66979410998177,19.67871485943775,23,1,0.7142857142857143,35.46227974502966,0.7142857142857143,31771
cluster_utility_frontier,3,3,113,14.49,565,90.64738914348416,19.52191235059761,24,2,0.7150442477876107,34.71800243383511,0.7150442477876107,32602
cluster_utility_frontier,3,3,114,14.649999999999999,570,90.63179434710321,19.32938856015779,24,2,0.7175438596491228,34.81126608159668,0.7175438596491228,34072
cluster_utility_frontier,3,3,115,14.82,575,90.61015016156624,19.140625,24,2,0.72,35.4719673036917,0.72,34072
cluster_utility_frontier,3,3,116,14.99,580,90.58890005022602,18.992248062015506,25,1,0.7206896551724138,36.231773539423514,0.7206896551724138,35297
cluster_utility_frontier,3,3,117,15.18,585,90.55559012007714,18.846153846153847,27,2,0.7213675213675214,36.72356974947237,0.7213675213675214,36627
cluster_utility_frontier,3,3,118,15.35,590,90.53520779380935,18.666666666666668,29,1,0.7237288135593221,37.4960742359919,0.7237288135593221,37847
cluster_utility_frontier,3,3,119,15.58,595,90.47851860905702,18.49056603773585,29,1,0.7260504201680672,38.02896945465966,0.7260504201680672,37847
cluster_utility_frontier,3,3,120,15.770000000000001,600,90.44705597286165,18.317757009345794,30,2,0.7283333333333334,37.902915915067446,0.7283333333333334,39141
cluster_utility_frontier,3,3,121,15.959999999999999,605,90.41614123581337,18.14814814814815,26,1,0.7305785123966942,38.07604915733332,0.7305785123966942,41613
cluster_utility_frontier,3,3,122,16.17,610,90.3738540302417,18.014705882352942,28,2,0.7311475409836066,38.30459939621302,0.7311475409836066,41901
cluster_utility_frontier,3,3,123,16.36,615,90.34409490645105,17.88321167883212,30,2,0.7317073170731707,38.49443027846591,0.7317073170731707,44210
cluster_utility_frontier,3,3,124,16.54,620,90.32012641189208,17.753623188405797,29,1,0.7322580645161291,39.057520791323476,0.7322580645161291,45532
cluster_utility_frontier,3,3,125,16.68,625,90.31696273075583,17.62589928057554,29,1,0.7328,39.93953235175837,0.7328,45532
cluster_utility_frontier,3,3,126,16.84,630,90.30233227756982,17.5,28,2,0.7333333333333333,39.700166892583454,0.7333333333333333,45744
cluster_utility_frontier,3,3,127,17.04,635,90.26508226691043,17.375886524822697,29,2,0.7338582677165354,39.76885711348122,0.7338582677165354,46053
cluster_utility_frontier,3,3,128,17.22,640,90.23975514368304,17.253521126760564,29,2,0.734375,40.0960892118053,0.734375,46053
cluster_utility_frontier,3,3,129,17.380000000000003,645,90.22881880024737,17.132867132867133,29,2,0.7348837209302326,39.57572511585353,0.7348837209302326,46275
cluster_utility_frontier,3,3,130,17.5,650,90.24091010484051,17.01388888888889,26,1,0.7353846153846154,39.53885111049438,0.7353846153846154,46648
cluster_utility_frontier,3,3,131,17.669999999999998,655,90.22514797809372,16.867469879518072,27,1,0.7374045801526717,39.512020004712284,0.7374045801526717,47443
cluster_utility_frontier,3,3,132,17.88,660,90.18768521567337,16.723549488054605,29,1,0.7393939393939394,39.23784279348912,0.7393939393939394,47565
cluster_utility_frontier,3,3,133,18.04,665,90.17803669624871,16.610169491525422,27,1,0.7398496240601504,38.9367633332202,0.7398496240601504,47716
cluster_utility_frontier,3,3,134,18.25,670,90.14152981849611,16.470588235294116,27,1,0.7417910447761195,38.20741895001478,0.7417910447761195,50216
cluster_utility_frontier,3,3,135,18.490000000000002,675,90.08951063943829,16.333333333333332,30,1,0.7437037037037038,37.777742788446254,0.7437037037037038,50291
cluster_utility_frontier,3,3,136,18.62,680,90.09679821295606,16.225165562913908,29,1,0.7441176470588236,38.48371142304302,0.7441176470588236,51946
cluster_utility_frontier,3,3,137,18.78,685,90.08814060273394,16.091954022988507,28,3,0.745985401459854,38.96656694290532,0.745985401459854,54539
cluster_utility_frontier,3,3,138,18.95,690,90.07437670228367,15.960912052117262,31,1,0.7478260869565218,39.47798636354737,0.7478260869565218,54601
cluster_utility_frontier,3,3,139,19.15,695,90.04522534698758,15.831987075928918,31,1,0.7496402877697842,40.41490202537796,0.7496402877697842,54601
cluster_utility_frontier,3,3,140,19.32,700,90.03198844288515,15.705128205128204,31,1,0.7514285714285714,40.613908370658976,0.7514285714285714,54601
cluster_utility_frontier,3,3,141,19.45,705,90.03943258052952,15.580286168521463,31,1,0.7531914893617021,40.92696961712504,0.7531914893617021,54601
cluster_utility_frontier,3,3,142,19.509999999999998,710,90.08235054900366,15.481832543443918,35,2,0.7535211267605634,41.26307018225671,0.7535211267605634,57799
cluster_utility_frontier,3,3,143,19.57,715,90.12464046021093,15.384615384615385,33,2,0.7538461538461538,41.63613246331461,0.7538461538461538,60033
cluster_utility_frontier,3,3,144,19.68,720,90.14077451029507,15.264797507788161,33,2,0.7555555555555555,41.90836929425116,0.7555555555555555,60033
cluster_utility_frontier,3,3,145,19.77,725,90.16417910447761,15.146831530139105,33,2,0.7572413793103449,42.680987800045656,0.7572413793103449,60033
cluster_utility_frontier,3,3,146,19.86,730,90.18968583283936,15.076923076923077,33,2,0.7561643835616438,42.46058456864097,0.7561643835616438,60346
cluster_utility_frontier,3,3,147,19.939999999999998,735,90.21973710025505,14.961832061068703,34,2,0.7578231292517007,42.75512293230187,0.7578231292517007,60577
cluster_utility_frontier,3,3,148,20.11,740,90.20553282680693,14.84848484848485,34,2,0.7594594594594595,43.496253840945506,0.7594594594594595,60577
cluster_utility_frontier,3,3,149,20.28,745,90.1915264074289,14.736842105263156,34,2,0.7610738255033557,44.5995469088526,0.7610738255033557,60577
cluster_utility_frontier,3,3,150,20.419999999999998,750,90.19212295869356,14.648729446935723,36,3,0.7613333333333333,44.980998720772966,0.7613333333333333,60902
cluster_utility_frontier,3,3,151,20.599999999999998,755,90.17363098645296,14.561664190193166,35,1,0.7615894039735099,45.37482047578413,0.7615894039735099,61250
cluster_utility_frontier,3,3,152,20.75,760,90.1700696385428,14.47562776957164,35,1,0.7618421052631579,45.25126459376682,0.7618421052631579,61250
cluster_utility_frontier,3,3,153,20.96,765,90.13832690317118,14.369501466275661,36,2,0.7633986928104575,45.44802992528426,0.7633986928104575,61530
cluster_utility_frontier,3,3,154,21.13,770,90.12570680872938,14.285714285714285,35,1,0.7636363636363637,46.46486493953262,0.7636363636363637,61673
cluster_utility_frontier,3,3,155,21.34,775,90.09468993687338,14.182344428364688,35,1,0.7651612903225806,47.220712773645786,0.7651612903225806,61673
cluster_utility_frontier,3,3,156,21.54,780,90.06869841855318,14.100719424460431,34,1,0.7653846153846153,47.516077149655864,0.7653846153846153,62042
cluster_utility_frontier,3,3,157,21.7,785,90.06137217184208,14.020028612303289,38,2,0.7656050955414013,47.12788082366238,0.7656050955414013,63982
cluster_utility_frontier,3,3,158,21.93,790,90.02229400791664,13.920454545454545,37,2,0.7670886075949367,47.113239996229076,0.7670886075949367,65857
cluster_utility_frontier,3,3,159,22.08,795,90.01988790453805,13.822284908321581,37,2,0.7685534591194969,47.45301571617825,0.7685534591194969,65857
cluster_utility_frontier,3,3,160,22.23,800,90.01751313485113,13.725490196078432,35,2,0.77,48.01810883503572,0.77,66471
cluster_utility_frontier,3,3,161,22.36,805,90.02409208530383,13.649025069637883,37,2,0.7701863354037267,48.59502757495326,0.7701863354037267,66912
cluster_utility_frontier,3,3,162,22.53,810,90.01285517975087,13.573407202216067,37,2,0.7703703703703704,49.07940040785256,0.7703703703703704,66912
cluster_utility_frontier,3,3,163,22.67,815,90.01497533474277,13.480055020632737,39,1,0.7717791411042945,49.511771136642736,0.7717791411042945,67004
cluster_utility_frontier,3,3,164,22.8,820,90.02144513983107,13.406292749658002,38,1,0.7719512195121951,49.601749467769814,0.7719512195121951,67199
cluster_utility_frontier,3,3,165,22.95,825,90.01913542663303,13.333333333333334,38,1,0.7721212121212121,50.121845180505396,0.7721212121212121,67336
cluster_utility_frontier,3,3,166,23.13,830,90.00345751577493,13.243243243243244,38,1,0.7734939759036145,50.534760649728256,0.7734939759036145,67448
cluster_utility_frontier,3,3,167,23.32,835,89.98367837814621,13.154362416107382,41,1,0.7748502994011977,50.65060474245093,0.7748502994011977,68247
cluster_utility_frontier,3,3,168,23.56,840,89.94279859984633,13.066666666666665,39,1,0.7761904761904762,51.150569442660554,0.7761904761904762,68355
cluster_utility_frontier,3,3,169,23.77,845,89.91514637250742,12.980132450331125,40,2,0.7775147928994083,51.4576149461583,0.7775147928994083,68526
cluster_utility_frontier,3,3,170,23.98,850,89.8878299738551,12.894736842105264,40,2,0.7788235294117647,51.99844116784868,0.7788235294117647,68526
cluster_utility_frontier,3,3,171,24.21,855,89.85246039064465,12.810457516339868,40,2,0.7801169590643274,52.215573110734056,0.7801169590643274,68526
cluster_utility_frontier,3,3,172,24.36,860,89.8508457628531,12.727272727272727,43,3,0.7813953488372093,52.548995371883805,0.7813953488372093,70723
cluster_utility_frontier,3,3,173,24.54,865,89.83724686296435,12.645161290322582,45,1,0.7826589595375723,52.26965343024155,0.7826589595375723,70794
cluster_utility_frontier,3,3,174,24.759999999999998,870,89.80734398155772,12.692307692307692,45,1,0.7827586206896552,52.87184665636296,0.7827586206896552,70794
cluster_utility_frontier,3,3,175,24.959999999999997,875,89.78598027581127,12.738853503184714,45,3,0.7828571428571428,52.87184665636296,0.7828571428571428,72972
cluster_utility_frontier,3,3,176,25.2,880,89.74859653404931,12.784810126582277,45,3,0.7829545454545455,52.3944074323385,0.7829545454545455,72972
cluster_utility_frontier,3,3,177,25.41,885,89.72378371820278,12.70440251572327,47,1,0.784180790960452,52.20300179266602,0.784180790960452,73181
cluster_utility_frontier,3,3,178,25.64,890,89.69121904149245,12.625,49,2,0.7853932584269663,51.57760508917583,0.7853932584269663,75305
cluster_utility_frontier,3,3,179,25.83,895,89.6750209857297,12.546583850931677,52,1,0.7865921787709497,51.367551470527154,0.7865921787709497,75467
cluster_utility_frontier,3,3,180,26.0,900,89.66695811143788,12.469135802469136,52,1,0.7877777777777778,50.85469044357863,0.7877777777777778,75467
cluster_utility_frontier,3,3,181,26.200000000000003,905,89.64713320425179,12.392638036809817,50,2,0.7889502762430939,50.89615121994886,0.7889502762430939,78097
cluster_utility_frontier,3,3,182,26.400000000000002,910,89.62753418198963,12.317073170731707,53,1,0.7901098901098901,50.36876799106743,0.7901098901098901,78206
cluster_utility_frontier,3,3,183,26.650000000000002,915,89.58862366683596,12.242424242424242,50,2,0.7912568306010929,50.232750426965694,0.7912568306010929,78459
cluster_utility_frontier,3,3,184,26.82,920,89.58122911972652,12.168674698795181,53,1,0.7923913043478261,50.57434579437172,0.7923913043478261,78716
cluster_utility_frontier,3,3,185,27.05,925,89.55073975354425,12.095808383233534,53,2,0.7935135135135135,50.48045633422886,0.7935135135135135,78919
cluster_utility_frontier,3,3,186,27.32,930,89.50522433927473,12.023809523809524,54,1,0.7946236559139785,50.304446094764856,0.7946236559139785,79032
cluster_utility_frontier,3,3,187,27.57,935,89.46785345914353,11.95266272189349,55,2,0.7957219251336899,50.48898866688411,0.7957219251336899,81341
cluster_utility_frontier,3,3,188,27.810000000000002,940,89.43469341235468,11.882352941176471,54,1,0.7968085106382978,50.58123553999318,0.7968085106382978,81419
cluster_utility_frontier,3,3,189,27.99,945,89.4245664412287,11.812865497076023,55,1,0.7978835978835979,50.0507079936371,0.7978835978835979,81532
cluster_utility_frontier,3,3,190,28.199999999999996,950,89.4032767172704,11.744186046511627,56,3,0.7989473684210526,50.27177400190652,0.7989473684210526,84589
cluster_utility_frontier,3,3,191,28.439999999999998,955,89.37100571812984,11.676300578034681,56,3,0.8,50.100634332363256,0.8,84589
cluster_utility_frontier,3,3,192,28.64,960,89.35395137907962,11.622554660529344,58,2,0.8,49.721561042814834,0.8,84858
cluster_utility_frontier,3,3,193,28.810000000000002,965,89.34817170111288,11.56930126002291,55,3,0.8,49.257300379018545,0.8,87403
cluster_utility_frontier,3,3,194,29.020000000000003,970,89.32774345395704,11.516533637400228,55,3,0.8,48.60517043679987,0.8,87403
cluster_utility_frontier,3,3,195,29.23,975,89.30753191645023,11.464245175936435,63,1,0.8,48.50246154542916,0.8,87452
cluster_utility_frontier,3,3,196,29.37,980,89.31300487591878,11.412429378531073,62,2,0.8,47.95703864222024,0.8,87692
cluster_utility_frontier,3,3,197,29.54,985,89.30756144351541,11.361079865016873,60,1,0.8,47.428949872165425,0.8,87798
cluster_utility_frontier,3,3,198,29.74,990,89.29137260550193,11.297539149888143,60,1,0.8010101010101011,47.20021406654007,0.8010101010101011,87883
cluster_utility_frontier,3,3,199,29.95,995,89.27176988931475,11.234705228031146,61,2,0.8020100502512563,47.50276374165456,0.8020100502512563,88343
cluster_utility_frontier,3,3,200,30.17,1000,89.24880621481006,11.172566371681416,60,1,0.803,47.76877375099359,0.803,88418
cluster_utility_frontier,3,3,201,30.330000000000002,1005,89.24734994859432,11.123348017621145,60,2,0.8029850746268656,47.7068261060949,0.8029850746268656,88636
cluster_utility_frontier,3,3,202,30.48,1010,89.24943566591422,11.062431544359255,61,1,0.803960396039604,47.08664675236456,0.803960396039604,88832
cluster_utility_frontier,3,3,203,30.630000000000003,1015,89.25150015791135,11.002178649237472,61,1,0.8049261083743843,47.135124279768924,0.8049261083743843,88832
cluster_utility_frontier,3,3,204,30.75,1020,89.26401787584666,10.954446854663773,62,2,0.8049019607843138,47.070340559910036,0.8049019607843138,91517
cluster_utility_frontier,3,3,205,30.94,1025,89.25209295862716,10.907127429805616,61,1,0.8048780487804879,47.050605391473674,0.8048780487804879,91665
cluster_utility_frontier,3,3,206,31.080000000000002,1030,89.25756947324761,10.86021505376344,61,1,0.8048543689320389,47.159278508239524,0.8048543689320389,91665
cluster_utility_frontier,3,3,207,31.209999999999997,1035,89.26643051208859,10.802139037433154,59,1,0.8057971014492754,48.12722298208773,0.8057971014492754,91877
cluster_utility_frontier,3,3,208,31.34,1040,89.27520361371569,10.74468085106383,58,2,0.8067307692307693,49.21093225995534,0.8067307692307693,92477
cluster_utility_frontier,3,3,209,31.47,1045,89.28389008070283,10.687830687830688,58,2,0.8076555023923445,49.64644983042731,0.8076555023923445,92477
cluster_utility_frontier,3,3,210,31.56,1050,89.30604499864462,10.642781875658589,61,1,0.8076190476190476,50.188041767564584,0.8076190476190476,92670
cluster_utility_frontier,3,3,211,31.65,1055,89.32798327544931,10.598111227701994,61,3,0.8075829383886256,50.378742246814596,0.8075829383886256,95799
cluster_utility_frontier,3,3,212,31.740000000000002,1060,89.34970807328368,10.553814002089865,61,3,0.8075471698113208,50.192601405044385,0.8075471698113208,95799
cluster_utility_frontier,3,3,213,31.89,1065,89.35118709720507,10.509885535900104,62,1,0.8075117370892019,50.16929924635618,0.8075117370892019,96058
cluster_utility_frontier,3,3,214,32.019999999999996,1070,89.35929815233284,10.466321243523316,65,1,0.8074766355140187,50.259029177861386,0.8074766355140187,96141
cluster_utility_frontier,3,3,215,32.24,1075,89.33756655752886,10.412371134020619,65,1,0.8083720930232559,50.113551991759756,0.8083720930232559,96141
cluster_utility_frontier,3,3,216,32.41,1080,89.33249950628662,10.358974358974358,62,1,0.8092592592592592,50.06966263194422,0.8092592592592592,96458
cluster_utility_frontier,3,3,217,32.58,1085,89.32748059095226,10.316649642492338,61,3,0.8092165898617512,49.31198509969266,0.8092165898617512,96961
cluster_utility_frontier,3,3,218,32.79,1090,89.30946791862286,10.264227642276422,60,1,0.810091743119266,49.1801152306155,0.810091743119266,99679
cluster_utility_frontier,3,3,219,33.03,1095,89.28188986598306,10.212335692618806,60,1,0.810958904109589,49.0774903398401,0.810958904109589,99679
cluster_utility_frontier,3,3,220,33.25,1100,89.26102964924748,10.160965794768611,63,2,0.8118181818181818,48.481108100612445,0.8118181818181818,102530
cluster_utility_frontier,3,3,221,33.48,1105,89.23714919471502,10.11011011011011,62,1,0.8126696832579186,48.27698496307659,0.8126696832579186,102933
cluster_utility_frontier,3,3,222,33.72,1110,89.21029054140534,10.059760956175298,62,1,0.8135135135135135,47.67049897359721,0.8135135135135135,103064
cluster_utility_frontier,3,3,223,34.01,1115,89.16775488103958,10.009910802775025,62,3,0.8143497757847533,47.230777814744826,0.8143497757847533,103418
cluster_utility_frontier,3,3,224,34.260000000000005,1120,89.13829180140765,9.960552268244575,60,1,0.8151785714285714,46.27667748941515,0.8151785714285714,103825
cluster_utility_frontier,3,3,225,34.47,1125,89.12172184176475,9.921414538310412,64,1,0.8151111111111111,45.75841239757689,0.8151111111111111,104037
cluster_utility_frontier,3,3,226,34.660000000000004,1130,89.11158582558431,9.872922776148583,64,2,0.815929203539823,45.600381748459135,0.815929203539823,104205
cluster_utility_frontier,3,3,227,34.88,1135,89.09215998999281,9.82490272373541,64,2,0.8167400881057268,45.55350593059396,0.8167400881057268,104205
cluster_utility_frontier,3,3,228,35.099999999999994,1140,89.07290953240769,9.777347531461762,67,2,0.8175438596491228,45.87242443883635,0.8175438596491228,109965
cluster_utility_frontier,3,3,229,35.32,1145,89.05383208851148,9.730250481695569,66,2,0.8183406113537118,46.330239151782614,0.8183406113537118,110204
cluster_utility_frontier,3,3,230,35.46,1150,89.05960755275824,9.683604985618409,67,1,0.8191304347826087,46.9395179245493,0.8191304347826087,110267
cluster_utility_frontier,3,3,231,35.65,1155,89.04997389194335,9.63740458015267,67,1,0.8199134199134199,47.42011459803644,0.8199134199134199,110267
cluster_utility_frontier,3,3,232,35.86,1160,89.03430982814507,9.591642924976258,70,2,0.8206896551724138,47.642179847475994,0.8206896551724138,110455
cluster_utility_frontier,3,3,233,36.09,1165,89.01269522330807,9.546313799621927,70,2,0.8214592274678112,48.61525875292542,0.8214592274678112,113453
cluster_utility_frontier,3,3,234,36.33,1170,88.98823957322988,9.501411100658514,70,2,0.8222222222222222,49.26025223507297,0.8222222222222222,113453
cluster_utility_frontier,3,3,235,36.61,1175,88.95192684914144,9.45692883895131,70,2,0.8229787234042554,49.84062997475721,0.8229787234042554,113453
cluster_utility_frontier,3,3,236,36.84,1180,88.93095366864972,9.412861136999068,72,4,0.823728813559322,50.055291916131125,0.823728813559322,119633
cluster_utility_frontier,3,3,237,37.14,1185,88.88922128818021,9.369202226345083,72,1,0.8244725738396624,50.728300213020326,0.8244725738396624,119728
cluster_utility_frontier,3,3,238,37.41,1190,88.85678541641845,9.32594644506002,72,1,0.8252100840336134,51.372235431687486,0.8252100840336134,119728
cluster_utility_frontier,3,3,239,37.669999999999995,1195,88.82759438858736,9.283088235294118,73,3,0.8259414225941423,51.978928854876855,0.8259414225941423,125967
cluster_utility_frontier,3,3,240,37.87,1200,88.81637233477055,9.240622140896615,73,3,0.8266666666666667,52.04968333965841,0.8266666666666667,125967
cluster_utility_frontier,3,3,241,38.1,1205,88.79642426559238,9.198542805100182,71,2,0.8273858921161825,52.15009046294635,0.8273858921161825,126304
cluster_utility_frontier,3,3,242,38.24,1210,88.80299836027173,9.165154264972777,73,3,0.8272727272727273,52.72669291370065,0.8272727272727273,127005
cluster_utility_frontier,3,3,243,38.47,1215,88.78327550514622,9.123757904245709,73,3,0.8279835390946502,52.88954592320929,0.8279835390946502,127005
cluster_utility_frontier,3,3,244,38.7,1220,88.76371871552175,9.082733812949641,74,1,0.828688524590164,52.744081153796515,0.828688524590164,127063
cluster_utility_frontier,3,3,245,38.91,1225,88.75010842223958,9.042076991942704,76,1,0.8293877551020408,52.44182172152961,0.8293877551020408,127121
cluster_utility_frontier,3,3,246,39.12,1230,88.73661177012553,9.001782531194296,75,1,0.8300813008130081,52.43746963296295,0.8300813008130081,127217
cluster_utility_frontier,3,3,247,39.37,1235,88.71175846546434,8.96184560780834,78,3,0.8307692307692308,52.490941880335626,0.8307692307692308,130792
cluster_utility_frontier,3,3,248,39.61,1240,88.68964335684304,8.92226148409894,77,1,0.8314516129032258,52.39851641558255,0.8314516129032258,130884
cluster_utility_frontier,3,3,249,39.79,1245,88.68316268486916,8.883025505716798,77,1,0.8321285140562249,52.273808487479265,0.8321285140562249,130884
cluster_utility_frontier,3,3,250,39.989999999999995,1250,88.66946223154078,8.84413309982487,80,4,0.8328,52.39763505253637,0.8328,137694
cluster_utility_frontier,3,3,251,40.150000000000006,1255,88.6671559218697,8.805579773321709,81,1,0.8334661354581673,52.56573442853111,0.8334661354581673,144054
cluster_utility_frontier,3,3,252,40.37,1260,88.64799505089702,8.76736111111111,81,1,0.8341269841269842,52.75961087210241,0.8341269841269842,144054
cluster_utility_frontier,3,3,253,40.52,1265,88.65017786616622,8.729472774416594,83,3,0.8347826086956521,52.93972245497919,0.8347826086956521,148142
cluster_utility_frontier,3,3,254,40.71,1270,88.64118303571429,8.691910499139414,83,1,0.8354330708661417,52.77934152883559,0.8354330708661417,148198
cluster_utility_frontier,3,3,255,40.9,1275,88.63383726100489,8.654670094258783,84,1,0.836078431372549,52.53121109958992,0.836078431372549,154649
cluster_utility_frontier,3,3,256,41.08,1280,88.62931798051373,8.625106746370625,84,1,0.8359375,52.56615159978018,0.8359375,154649
cluster_utility_frontier,3,3,257,41.22,1285,88.63586237318042,8.595744680851064,84,3,0.8357976653696498,52.552634252481894,0.8357976653696498,155088
cluster_utility_frontier,3,3,258,41.36,1290,88.64235500878735,8.559322033898304,84,3,0.8364341085271317,52.62532374800268,0.8364341085271317,155088
cluster_utility_frontier,3,3,259,41.510000000000005,1295,88.64575070434093,8.530405405405405,81,1,0.8362934362934363,52.34812423760023,0.8362934362934363,158477
cluster_utility_frontier,3,3,260,41.660000000000004,1300,88.6491199389679,8.501683501683502,82,1,0.8361538461538461,52.257050862099064,0.8361538461538461,158532
cluster_utility_frontier,3,3,261,41.86,1305,88.63889265843397,8.473154362416107,83,1,0.8360153256704981,51.849315553782716,0.8360153256704981,158748
cluster_utility_frontier,3,3,262,42.07,1310,88.62604087812264,8.444816053511705,84,1,0.8358778625954199,51.536596822268905,0.8358778625954199,158858
cluster_utility_frontier,3,3,263,42.18,1315,88.6405256921254,8.423686405337781,82,1,0.834980988593156,51.336336153765124,0.834980988593156,158946
cluster_utility_frontier,3,3,264,42.309999999999995,1320,88.64922870556673,8.402662229617304,80,2,0.8340909090909091,51.42442600218353,0.8340909090909091,162522
cluster_utility_frontier,3,3,265,42.449999999999996,1325,88.65519268801111,8.374792703150911,80,1,0.8339622641509434,51.669940699452034,0.8339622641509434,166051
cluster_utility_frontier,3,3,266,42.6,1330,88.65844892308512,8.354011579818032,80,1,0.8330827067669173,52.00112156406192,0.8330827067669173,166051
cluster_utility_frontier,3,3,267,42.730000000000004,1335,88.6654818430197,8.32646331409728,80,1,0.8329588014981273,52.76881540060761,0.8329588014981273,172802
cluster_utility_frontier,3,3,268,42.83,1340,88.68188784947941,8.305921052631579,82,2,0.832089552238806,52.71928410861343,0.832089552238806,172974
cluster_utility_frontier,3,3,269,42.970000000000006,1345,88.68763985783862,8.278688524590164,82,2,0.8319702602230483,52.59071478296157,0.8319702602230483,172974
cluster_utility_frontier,3,3,270,43.13,1350,88.6866196259476,8.251633986928104,81,1,0.8318518518518518,53.38874471103061,0.8318518518518518,176447
cluster_utility_frontier,3,3,271,43.269999999999996,1355,88.69112958026241,8.224755700325732,83,1,0.8317343173431734,53.31293488146846,0.8317343173431734,176514
cluster_utility_frontier,3,3,272,43.419999999999995,1360,88.69447482164246,8.19805194805195,81,1,0.8316176470588236,52.345885005472475,0.8316176470588236,178066
cluster_utility_frontier,3,3,273,43.56,1365,88.70068221317217,8.164915117219078,81,1,0.8322344322344323,51.52112073110065,0.8322344322344323,178066
cluster_utility_frontier,3,3,274,43.669999999999995,1370,88.71459582385776,8.138597904915391,78,3,0.8321167883211679,51.73610286269606,0.8321167883211679,181832
cluster_utility_frontier,3,3,275,43.86,1375,88.70780875878582,8.112449799196787,78,3,0.832,51.17946108559417,0.832,181832
cluster_utility_frontier,3,3,276,44.03,1380,88.70620222644025,8.086469175340271,78,3,0.8318840579710145,51.06716001668695,0.8318840579710145,181832
cluster_utility_frontier,3,3,277,44.21,1385,88.70205208146994,8.060654429369512,78,2,0.8317689530685921,51.5989995780378,0.8317689530685921,182252
cluster_utility_frontier,3,3,278,44.34,1390,88.71066300030553,8.035003977724742,80,2,0.8316546762589928,51.06066320249985,0.8316546762589928,185920
cluster_utility_frontier,3,3,279,44.48,1395,88.71667385403718,8.009516256938937,80,2,0.8315412186379928,50.65536229127063,0.8315412186379928,185920
cluster_utility_frontier,3,3,280,44.65,1400,88.71505838346054,7.977883096366509,80,2,0.8321428571428572,50.622821922185025,0.8321428571428572,186268
cluster_utility_frontier,3,3,281,44.800000000000004,1405,88.71849109818439,7.946498819826909,84,1,0.8327402135231317,49.76343492512126,0.8327402135231317,186419
cluster_utility_frontier,3,3,282,44.99,1410,88.71186270574066,7.915360501567398,84,1,0.8333333333333334,49.248654965014865,0.8333333333333334,186419
cluster_utility_frontier,3,3,283,45.16,1415,88.71028224294393,7.890625,84,3,0.8332155477031802,49.029122968299326,0.8332155477031802,186723
cluster_utility_frontier,3,3,284,45.33,1420,88.70871319683157,7.8660436137071645,85,1,0.8330985915492958,48.63412466908083,0.8330985915492958,186796
cluster_utility_frontier,3,3,285,45.519999999999996,1425,88.702191556427,7.835531419705198,85,1,0.8336842105263158,47.917006308244446,0.8336842105263158,186796
cluster_utility_frontier,3,3,286,45.71,1430,88.69571668809971,7.8112915699922665,83,3,0.8335664335664336,47.81743402269202,0.8335664335664336,187149
cluster_utility_frontier,3,3,287,45.9,1435,88.68928809048569,7.787201233616036,83,1,0.8334494773519163,47.26018551057519,0.8334494773519163,188029
cluster_utility_frontier,3,3,288,46.089999999999996,1440,88.6829052693611,7.763259031514219,83,1,0.8333333333333334,46.41701149271563,0.8333333333333334,188029
cluster_utility_frontier,3,3,289,46.25,1445,88.68390790536077,7.73353751914242,85,3,0.8339100346020761,46.34516684029113,0.8339100346020761,195509
cluster_utility_frontier,3,3,290,46.45,1450,88.67515116052273,7.780320366132723,85,3,0.8337931034482758,45.91606550957798,0.8337931034482758,195509
cluster_utility_frontier,3,3,291,46.589999999999996,1455,88.68103301669056,7.832699619771863,83,1,0.8329896907216495,45.675032634724,0.8329896907216495,196570
cluster_utility_frontier,3,3,292,46.78,1460,88.67476879872174,7.808946171341925,84,2,0.8328767123287671,45.43905438479128,0.8328767123287671,200422
cluster_utility_frontier,3,3,293,46.92,1465,88.68061084171673,7.785336356764929,87,1,0.8327645051194539,45.217488517174246,0.8327645051194539,200489
cluster_utility_frontier,3,3,294,47.11,1470,88.67439176843928,7.761868877166542,87,1,0.8326530612244898,44.90226018896003,0.8326530612244898,200489
cluster_utility_frontier,3,3,295,47.22,1475,88.68738171102753,7.7327327327327335,87,2,0.8332203389830508,44.69071709593736,0.8332203389830508,200645
cluster_utility_frontier,3,3,296,47.349999999999994,1480,88.69550685193144,7.703814510097233,86,1,0.8337837837837838,44.87082162026013,0.8337837837837838,200770
cluster_utility_frontier,3,3,297,47.49,1485,88.70119673574267,7.675111773472429,85,1,0.8343434343434344,45.01354431563546,0.8343434343434344,201128
cluster_utility_frontier,3,3,298,47.589999999999996,1490,88.7163315629742,7.6523031203566125,84,2,0.8342281879194631,44.21996032087241,0.8342281879194631,201912
cluster_utility_frontier,3,3,299,47.69,1495,88.73136268046596,7.623982235381199,82,1,0.8347826086956521,44.35655244007296,0.8347826086956521,202073
cluster_utility_frontier,3,3,300,47.8,1500,88.74393632553101,7.669616519174041,83,1,0.8346666666666667,44.46266443656613,0.8346666666666667,202550
cluster_utility_frontier,3,3,301,47.89,1505,88.76111802116824,7.7149155033063925,83,1,0.8345514950166113,44.726955788670566,0.8345514950166113,202550
cluster_utility_frontier,3,3,302,48.02,1510,88.76882776686314,7.686676427525622,83,2,0.8350993377483443,45.480737728316505,0.8350993377483443,203370
cluster_utility_frontier,3,3,303,48.13,1515,88.7811472926039,7.658643326039387,83,2,0.8356435643564356,45.57468254305804,0.8356435643564356,203370
cluster_utility_frontier,3,3,304,48.26,1520,88.78873762951261,7.630813953488372,83,1,0.8361842105263158,45.4012467436648,0.8361842105263158,203660
cluster_utility_frontier,3,3,305,48.339999999999996,1525,88.80785348799517,7.608695652173914,82,2,0.8360655737704918,44.74220885334498,0.8360655737704918,207875
cluster_utility_frontier,3,3,306,48.449999999999996,1530,88.81991877422928,7.581227436823104,80,2,0.8366013071895425,44.31063904556527,0.8366013071895425,208876
cluster_utility_frontier,3,3,307,48.559999999999995,1535,88.83190359007382,7.553956834532374,80,2,0.8371335504885994,44.30211992056367,0.8371335504885994,208876
cluster_utility_frontier,3,3,308,48.68,1540,88.84151652684179,7.526881720430108,80,2,0.8376623376623377,44.397342430043224,0.8376623376623377,208876
cluster_utility_frontier,3,3,309,48.83,1545,88.844211921135,7.5,79,2,0.8381877022653722,45.150138139694945,0.8381877022653722,209556
cluster_utility_frontier,3,3,310,48.97,1550,88.84916659076418,7.473309608540925,76,3,0.8387096774193549,45.81720375305268,0.8387096774193549,210821
cluster_utility_frontier,3,3,311,49.120000000000005,1555,88.85181906901795,7.446808510638298,76,3,0.8392282958199357,46.00179334794475,0.8392282958199357,210821
cluster_utility_frontier,3,3,312,49.18,1560,88.87481337375017,7.420494699646643,76,1,0.8397435897435898,46.202444757573595,0.8397435897435898,215157
cluster_utility_frontier,3,3,313,49.19,1565,88.90893102748528,7.470049330514447,77,2,0.8389776357827476,45.24457947318819,0.8389776357827476,219385
cluster_utility_frontier,3,3,314,49.24,1570,88.93383674937073,7.514044943820225,77,2,0.8388535031847134,44.807589797420235,0.8388535031847134,219385
cluster_utility_frontier,3,3,315,49.309999999999995,1575,88.95410049058042,7.557732680195942,75,1,0.8387301587301588,44.95121559601182,0.8387301587301588,224310
cluster_utility_frontier,3,3,316,49.370000000000005,1580,88.97646585986692,7.606420097697139,74,1,0.8379746835443038,45.58479022546928,0.8379746835443038,224824
cluster_utility_frontier,3,3,317,49.44,1585,88.99646124056886,7.585247042449547,75,1,0.8378548895899054,46.439325894028364,0.8378548895899054,224989
cluster_utility_frontier,3,3,318,49.55,1590,89.0074540775579,7.564191533657183,75,1,0.8377358490566038,47.232160594957676,0.8377358490566038,224989
cluster_utility_frontier,3,3,319,49.68,1595,89.01395369408019,7.548476454293629,78,1,0.8369905956112853,47.962883057089606,0.8369905956112853,225083
cluster_utility_frontier,3,3,320,49.85,1600,89.01159458625403,7.527624309392265,76,1,0.836875,48.14237040407257,0.836875,225209
cluster_utility_frontier,3,3,321,50.0,1605,89.01364505284437,7.506887052341598,75,1,0.8367601246105919,48.36294079459818,0.8367601246105919,225672
cluster_utility_frontier,3,3,322,50.080000000000005,1610,89.03101454354302,7.491408934707904,73,1,0.8360248447204969,48.24226684781409,0.8360248447204969,229689
cluster_utility_frontier,3,3,323,50.17,1615,89.04609069670968,7.475994513031551,73,2,0.8352941176470589,48.1149179145635,0.8352941176470589,230912
cluster_utility_frontier,3,3,324,50.27,1620,89.05889522482914,7.455540355677155,73,2,0.8351851851851851,48.03774086517704,0.8351851851851851,230912
cluster_utility_frontier,3,3,325,50.4,1625,89.06511032522619,7.430129516019086,73,2,0.8356923076923077,48.68833573429347,0.8356923076923077,230912
cluster_utility_frontier,3,3,326,50.49,1630,89.07970152481886,7.404891304347825,72,1,0.8361963190184049,48.93697111682998,0.8361963190184049,231964
cluster_utility_frontier,3,3,327,50.54,1635,89.10165178763963,7.379823967501693,71,1,0.8366972477064221,49.25979191667069,0.8366972477064221,236414
cluster_utility_frontier,3,3,328,50.629999999999995,1640,89.11487111130222,7.3549257759784075,72,1,0.8371951219512195,49.02407131660007,0.8371951219512195,240506
cluster_utility_frontier,3,3,329,50.72,1645,89.12801166080769,7.335127860026917,72,1,0.8370820668693009,49.59926628617252,0.8370820668693009,240591
cluster_utility_frontier,3,3,330,50.839999999999996,1650,89.13350147480016,7.310529845741113,72,1,0.8375757575757575,50.28308495276117,0.8375757575757575,240591
cluster_utility_frontier,3,3,331,50.970000000000006,1655,89.13682864450128,7.286096256684492,72,1,0.8380664652567976,50.94248630560536,0.8380664652567976,244713
cluster_utility_frontier,3,3,332,51.09,1660,89.1422620818634,7.2666666666666675,70,3,0.8379518072289157,50.75700077708965,0.8379518072289157,247968
cluster_utility_frontier,3,3,333,51.24999999999999,1665,89.13918792913452,7.2425249169435215,70,3,0.8384384384384385,50.60411278859774,0.8384384384384385,247968
cluster_utility_frontier,3,3,334,51.39,1670,89.14150484924039,7.218543046357616,70,3,0.8389221556886227,50.56390733088536,0.8389221556886227,247968
cluster_utility_frontier,3,3,335,51.53,1675,89.14380819955336,7.194719471947194,71,3,0.8394029850746269,50.92426612253139,0.8394029850746269,252692
cluster_utility_frontier,3,3,336,51.71,1680,89.13769562020796,7.171052631578948,71,3,0.8398809523809524,51.47315899323926,0.8398809523809524,252692
cluster_utility_frontier,3,3,337,51.849999999999994,1685,89.13999664879356,7.147540983606556,71,3,0.8403560830860534,51.262843762097894,0.8403560830860534,252692
cluster_utility_frontier,3,3,338,51.980000000000004,1690,89.1443727418917,7.124183006535947,73,3,0.840828402366864,51.688071658188925,0.840828402366864,261511
cluster_utility_frontier,3,3,339,52.1,1695,89.15193536968789,7.100977198697069,73,3,0.8412979351032448,51.589240889842486,0.8412979351032448,261511
cluster_utility_frontier,3,3,340,52.290000000000006,1700,89.14514655816657,7.077922077922078,73,3,0.841764705882353,50.96028071731877,0.841764705882353,261511
cluster_utility_frontier,3,3,341,52.400000000000006,1705,89.15495581265394,7.055016181229773,76,3,0.8422287390029326,50.812674256982135,0.8422287390029326,265935
cluster_utility_frontier,3,3,342,52.56999999999999,1710,89.15232553340762,7.03225806451613,76,3,0.8426900584795322,50.55410313118511,0.8426900584795322,265935
cluster_utility_frontier,3,3,343,52.71,1715,89.15588289752505,7.009646302250803,78,1,0.8431486880466472,49.93882874716819,0.8431486880466472,270456
cluster_utility_frontier,3,3,344,52.83,1720,89.16352149655398,6.987179487179487,75,2,0.8436046511627907,48.91556714676302,0.8436046511627907,274813
cluster_utility_frontier,3,3,345,52.949999999999996,1725,89.17111479231855,6.964856230031949,77,2,0.8440579710144928,48.80193650544628,0.8440579710144928,283734
cluster_utility_frontier,3,3,346,53.059999999999995,1730,89.18070225520982,6.942675159235669,77,2,0.8445086705202313,48.897341156566476,0.8445086705202313,283734
cluster_utility_frontier,3,3,347,53.2,1735,89.1841340191514,6.984126984126984,77,2,0.8443804034582133,48.470096637946824,0.8443804034582133,283734
cluster_utility_frontier,3,3,348,53.300000000000004,1740,89.19565393659288,7.025316455696203,77,2,0.8442528735632184,48.29689501711223,0.8442528735632184,283734
cluster_utility_frontier,3,3,349,53.44,1745,89.19902176769003,7.066246056782334,75,3,0.8441260744985674,47.589654859269345,0.8441260744985674,292514
cluster_utility_frontier,3,3,350,53.6,1750,89.19833944621337,7.1069182389937104,75,3,0.844,47.68271675939289,0.844,292514
cluster_utility_frontier,3,3,351,53.779999999999994,1755,89.19364237346032,7.084639498432602,75,3,0.8444444444444444,48.436518557923755,0.8444444444444444,292514
cluster_utility_frontier,3,3,352,53.93,1760,89.19498317037987,7.062499999999999,79,3,0.8448863636363636,48.77966406593388,0.8448863636363636,301171
cluster_utility_frontier,3,3,353,54.13,1765,89.18632758655133,7.040498442367602,78,1,0.8453257790368272,49.038560735731934,0.8453257790368272,302427
cluster_utility_frontier,3,3,354,54.290000000000006,1770,89.18568981315485,7.0186335403726705,78,1,0.8457627118644068,49.282769803386394,0.8457627118644068,302427
cluster_utility_frontier,3,3,355,54.44,1775,89.18704192901265,7.001239157372987,74,2,0.8456338028169014,49.51726772324576,0.8456338028169014,307120
cluster_utility_frontier,3,3,356,54.55,1780,89.19630832607146,6.988249845392702,72,1,0.8449438202247191,49.8505404716689,0.8449438202247191,309361
cluster_utility_frontier,3,3,357,54.65,1785,89.20749649465806,6.979617047560223,70,1,0.8436974789915966,49.7953195438555,0.8436974789915966,314550
cluster_utility_frontier,3,3,358,54.76,1790,89.21665156945375,6.966707768187423,71,2,0.8430167597765363,50.16273765884204,0.8430167597765363,315386
cluster_utility_frontier,3,3,359,54.879999999999995,1795,89.22379091640977,6.953846153846153,71,2,0.8423398328690808,50.019555042476455,0.8423398328690808,315386
cluster_utility_frontier,3,3,360,54.98,1800,89.23480576441104,6.936771025168816,71,2,0.8422222222222222,49.91116114804404,0.8422222222222222,315386
cluster_utility_frontier,3,3,361,55.08,1805,89.24575824433293,6.915544675642595,69,2,0.8426592797783934,50.047744479070204,0.8426592797783934,316479
cluster_utility_frontier,3,3,362,55.17999999999999,1810,89.25664888438924,6.894447834045149,69,2,0.8430939226519337,50.36635651616114,0.8430939226519337,316479
cluster_utility_frontier,3,3,363,55.279999999999994,1815,89.26747820684568,6.934306569343065,69,2,0.8429752066115702,50.501339063898044,0.8429752066115702,316479
cluster_utility_frontier,3,3,364,55.400000000000006,1820,89.27437466119414,6.973923590054579,69,1,0.8428571428571429,50.73062156855216,0.8428571428571429,316607
cluster_utility_frontier,3,3,365,55.489999999999995,1825,89.28681751486602,7.017543859649122,69,1,0.8421917808219178,50.82248037738326,0.8421917808219178,316956
cluster_utility_frontier,3,3,366,55.559999999999995,1830,89.30304197150558,7.056694813027745,69,1,0.8420765027322404,50.88799217559242,0.8420765027322404,316956
cluster_utility_frontier,3,3,367,55.58,1835,89.32898147259287,7.104154124021673,70,2,0.8408719346049046,49.93240256867447,0.8408719346049046,331043
cluster_utility_frontier,3,3,368,55.64,1840,89.34711851426384,7.087087087087086,70,1,0.8407608695652173,49.88862442367874,0.8407608695652173,332471
cluster_utility_frontier,3,3,369,55.720000000000006,1845,89.36133651551313,7.065868263473053,70,1,0.8411924119241192,49.11967447613391,0.8411924119241192,332471
cluster_utility_frontier,3,3,370,55.800000000000004,1850,89.37547600913938,7.048984468339308,70,1,0.841081081081081,48.47662025508503,0.841081081081081,332471
cluster_utility_frontier,3,3,371,55.87,1855,89.39143643786196,7.032181168057211,70,1,0.8409703504043127,47.825105930210675,0.8409703504043127,336922
cluster_utility_frontier,3,3,372,55.95,1860,89.4054156409771,7.074910820451843,71,1,0.8403225806451613,47.6718496169927,0.8403225806451613,337369
cluster_utility_frontier,3,3,373,56.08,1865,89.4098763100746,7.053941908713693,71,1,0.8407506702412869,47.54812795854646,0.8407506702412869,337369
cluster_utility_frontier,3,3,374,56.18,1870,89.41996233521657,7.033096926713949,69,1,0.8411764705882353,47.15283216897259,0.8411764705882353,341913
cluster_utility_frontier,3,3,375,56.28999999999999,1875,89.4281153159921,7.012374779021803,69,1,0.8416,46.88072151972732,0.8416,341913
cluster_utility_frontier,3,3,376,56.38999999999999,1880,89.4378991927176,7.050528789659224,69,1,0.8414893617021276,46.93155379381609,0.8414893617021276,341913
cluster_utility_frontier,3,3,377,56.510000000000005,1885,89.44389442026413,7.088459285295841,69,2,0.8413793103448276,47.05474967662194,0.8413793103448276,346576
cluster_utility_frontier,3,3,378,56.63,1890,89.4488746459979,7.1261682242990645,69,2,0.8412698412698413,47.075755918793064,0.8412698412698413,346576
cluster_utility_frontier,3,3,379,56.779999999999994,1895,89.44825407444574,7.1636575422248105,71,1,0.8411609498680739,47.15521875811785,0.8411609498680739,346826
cluster_utility_frontier,3,3,380,56.940000000000005,1900,89.44578313253012,7.142857142857142,71,2,0.8415789473684211,47.08540528831231,0.8415789473684211,347000
cluster_utility_frontier,3,3,381,57.16,1905,89.43223206197194,7.122177185871453,71,2,0.841994750656168,47.21261834919627,0.841994750656168,347000
cluster_utility_frontier,3,3,382,57.38999999999999,1910,89.41690639522018,7.1016166281755195,71,2,0.8424083769633508,47.33296345336136,0.8424083769633508,351934
cluster_utility_frontier,3,3,383,57.599999999999994,1915,89.40514292020748,7.081174438687392,71,2,0.8428198433420365,47.163438200934635,0.8428198433420365,352222
cluster_utility_frontier,3,3,384,57.769999999999996,1920,89.39980550101836,7.060849598163031,71,1,0.8432291666666667,47.53672732889572,0.8432291666666667,356826
cluster_utility_frontier,3,3,385,57.91,1925,89.40017937876375,7.040641099026904,70,2,0.8436363636363636,46.7568040718613,0.8436363636363636,357248
cluster_utility_frontier,3,3,386,58.08,1930,89.39507367575365,7.02054794520548,74,2,0.844041450777202,46.2162755661677,0.844041450777202,362012
cluster_utility_frontier,3,3,387,58.28,1935,89.38549520999527,7.004555808656036,70,1,0.8439276485788114,45.977543722918355,0.8439276485788114,367075
cluster_utility_frontier,3,3,388,58.42,1940,89.38782924613987,6.984667802385008,68,1,0.8443298969072165,46.54935307517387,0.8443298969072165,367170
cluster_utility_frontier,3,3,389,58.540000000000006,1945,89.3939668448229,6.9648924122310305,68,1,0.8447300771208226,47.06824764771237,0.8447300771208226,367170
cluster_utility_frontier,3,3,390,58.67,1950,89.39826526924467,6.945228684359119,68,2,0.8451282051282051,46.85342749463707,0.8451282051282051,367555
cluster_utility_frontier,3,3,391,58.830000000000005,1955,89.397134360638,6.929577464788732,68,2,0.8450127877237852,46.74301355483724,0.8450127877237852,367555
cluster_utility_frontier,3,3,392,58.98,1960,89.39780693870215,6.913996627318718,68,2,0.8448979591836735,47.09065021346693,0.8448979591836735,367555
cluster_utility_frontier,3,3,393,59.089999999999996,1965,89.4056476916181,6.898485698261357,69,2,0.8447837150127226,46.36652412580582,0.8447837150127226,372456
cluster_utility_frontier,3,3,394,59.19,1970,89.41504676406946,6.8830442081701175,69,2,0.8446700507614213,46.28550708386347,0.8446700507614213,372456
cluster_utility_frontier,3,3,395,59.3,1975,89.42261384513851,6.867671691792294,72,1,0.8445569620253165,46.39348286726428,0.8445569620253165,372571
cluster_utility_frontier,3,3,396,59.519999999999996,1980,89.41057163698471,6.848552338530068,69,1,0.8449494949494949,46.09529848042889,0.8449494949494949,372788
cluster_utility_frontier,3,3,397,59.72,1985,89.4021401572288,6.829539144919488,70,1,0.8453400503778338,46.56176282729286,0.8453400503778338,377569
cluster_utility_frontier,3,3,398,59.919999999999995,1990,89.39375165943889,6.810631229235881,68,1,0.8457286432160804,46.50065130158212,0.8457286432160804,377795
cluster_utility_frontier,3,3,399,60.06,1995,89.3950630363386,6.795580110497237,65,2,0.8456140350877193,47.19853641034096,0.8456140350877193,378203
cluster_utility_frontier,3,3,400,60.19,2000,89.3981293924929,6.780595369349504,65,2,0.8455,47.21829893987412,0.8455,390805
cluster_utility_frontier,3,3,401,60.33,2005,89.3994236716334,6.765676567656766,63,1,0.8453865336658354,47.0555169965853,0.8453865336658354,391271
cluster_utility_frontier,3,3,402,60.42999999999999,2010,89.40679451670582,6.7471201316511245,65,1,0.845771144278607,47.12608748712621,0.845771144278607,391337
cluster_utility_frontier,3,3,403,60.589999999999996,2015,89.40363763553691,6.732348111658457,65,1,0.8456575682382134,46.6932907293307,0.8456575682382134,391337
cluster_utility_frontier,3,3,404,60.699999999999996,2020,89.40921938793313,6.713973799126638,63,2,0.846039603960396,46.09701019335381,0.846039603960396,401638
cluster_utility_frontier,3,3,405,60.77,2025,89.42173791950981,6.7029972752043605,65,2,0.8454320987654321,46.47993227017375,0.8454320987654321,401953
cluster_utility_frontier,3,3,406,60.89,2030,89.42643304912568,6.684782608695652,65,2,0.8458128078817734,46.29112419246378,0.8458128078817734,401953
cluster_utility_frontier,3,3,407,61.01,2035,89.43202092463322,6.666666666666667,65,2,0.8461916461916462,46.19514378031941,0.8461916461916462,401953
cluster_utility_frontier,3,3,408,61.11,2040,89.44103671706264,6.648648648648649,62,2,0.8465686274509804,46.42932512507399,0.8465686274509804,407368
cluster_utility_frontier,3,3,409,61.23,2045,89.44656060945553,6.630727762803234,62,2,0.8469437652811735,46.28800982765409,0.8469437652811735,407368
cluster_utility_frontier,3,3,410,61.35,2050,89.45205714973437,6.616460462614309,62,2,0.8468292682926829,45.47559018427194,0.8468292682926829,415098
cluster_utility_frontier,3,3,411,61.39,2055,89.47034407052932,6.602254428341385,60,2,0.8467153284671532,45.70686826458145,0.8467153284671532,421846
cluster_utility_frontier,3,3,412,61.46,2060,89.48341061925703,6.588109266202463,60,2,0.8466019417475729,45.152407680431836,0.8466019417475729,421846
cluster_utility_frontier,3,3,413,61.480000000000004,2065,89.50495049504951,6.577540106951872,58,2,0.8460048426150121,45.892027287619854,0.8460048426150121,434067
cluster_utility_frontier,3,3,414,61.519999999999996,2070,89.52387439547714,6.5670048051254675,58,2,0.8454106280193237,45.82205020530855,0.8454106280193237,434067
cluster_utility_frontier,3,3,415,61.56,2075,89.54288335116955,6.602768903088392,59,1,0.8453012048192771,45.90350357843204,0.8453012048192771,434426
cluster_utility_frontier,3,3,416,61.61,2080,89.56010438201105,6.641870350690754,59,1,0.8447115384615385,45.78243029130785,0.8447115384615385,434426
cluster_utility_frontier,3,3,417,61.68,2085,89.5738602748525,6.680805938494168,59,1,0.8441247002398081,45.7850976951734,0.8441247002398081,434426
cluster_utility_frontier,3,3,418,61.69,2090,89.59766626197221,6.71957671957672,59,2,0.8435406698564594,46.69382209278134,0.8435406698564594,439731
cluster_utility_frontier,3,3,419,61.72,2095,89.61799189221013,6.7617538298996305,59,2,0.8424821002386634,47.12751278323807,0.8424821002386634,439731
cluster_utility_frontier,3,3,420,61.739999999999995,2100,89.63972278623328,6.80021085925145,59,2,0.8419047619047619,48.11289227471722,0.8419047619047619,439731
cluster_utility_frontier,3,3,421,61.78,2105,89.65800090396236,6.83850604944766,59,1,0.8413301662707838,48.48852221387841,0.8413301662707838,445170
cluster_utility_frontier,3,3,422,61.8,2110,89.67970341671955,6.876640419947506,58,1,0.8407582938388626,48.72476256897075,0.8407582938388626,445347
cluster_utility_frontier,3,3,423,61.85000000000001,2115,89.69630333016809,6.914614981665794,58,1,0.8401891252955083,48.74830017563986,0.8401891252955083,445347
cluster_utility_frontier,3,3,424,61.919999999999995,2120,89.70949943495313,6.9001568217459495,58,1,0.8400943396226415,48.81276607137235,0.8400943396226415,445347
cluster_utility_frontier,3,3,425,61.96,2125,89.72760581593913,6.885758998435055,58,1,0.84,48.762592773797664,0.84,445451
cluster_utility_frontier,3,3,426,62.01,2130,89.74397142006549,6.975533576262364,58,1,0.8389671361502348,48.495268292769275,0.8389671361502348,445451
cluster_utility_frontier,3,3,427,62.06,2135,89.7602587159899,7.0649350649350655,58,1,0.8379391100702576,48.777528314435116,0.8379391100702576,450652
cluster_utility_frontier,3,3,428,62.13999999999999,2140,89.77153015538583,7.102125453602904,59,1,0.8373831775700935,49.10218561702111,0.8373831775700935,450740
cluster_utility_frontier,3,3,429,62.25000000000001,2145,89.77782156756491,7.139161924469736,59,1,0.8368298368298368,49.472240114849974,0.8368298368298368,450740
cluster_utility_frontier,3,3,430,62.31,2150,89.79227417188166,7.223942208462332,59,1,0.8362790697674418,50.415812598900644,0.8362790697674418,450740
cluster_utility_frontier,3,3,431,62.370000000000005,2155,89.806658277085,7.308286155429748,59,2,0.8357308584686775,51.123155689696006,0.8357308584686775,455978
cluster_utility_frontier,3,3,432,62.46000000000001,2160,89.81608295832518,7.344632768361582,59,2,0.8351851851851851,51.34391527794678,0.8351851851851851,455978
cluster_utility_frontier,3,3,433,62.580000000000005,2165,89.82058330757845,7.377049180327869,59,2,0.8351039260969977,51.326064965331035,0.8351039260969977,455978
cluster_utility_frontier,3,3,434,62.72,2170,89.82181688358054,7.4092999489013796,61,2,0.8350230414746543,51.509602171882236,0.8350230414746543,470981
cluster_utility_frontier,3,3,435,62.83,2175,89.8279016303204,7.445181030086691,61,2,0.8344827586206897,52.606244808938015,0.8344827586206897,470981
cluster_utility_frontier,3,3,436,62.93,2180,89.83557307145627,7.480916030534352,61,2,0.8339449541284404,52.53591211498372,0.8339449541284404,470981
cluster_utility_frontier,3,3,437,63.029999999999994,2185,89.84320866300337,7.5126903553299496,57,2,0.8338672768878719,52.424667469127414,0.8338672768878719,476565
cluster_utility_frontier,3,3,438,63.1,2190,89.85563165171538,7.544303797468355,57,2,0.8337899543378996,52.18912841857006,0.8337899543378996,476565
cluster_utility_frontier,3,3,439,63.17,2195,89.86799685630423,7.575757575757576,57,1,0.8337129840546698,51.87946977570844,0.8337129840546698,481902
cluster_utility_frontier,3,3,440,63.239999999999995,2200,89.88030467899891,7.607052896725442,57,1,0.8336363636363636,51.249287754406154,0.8336363636363636,486993
cluster_utility_frontier,3,3,441,63.32,2205,89.8909590178329,7.6420311714429365,57,1,0.8331065759637188,50.940761133828246,0.8331065759637188,486993
cluster_utility_frontier,3,3,442,63.370000000000005,2210,89.9063425822688,7.676869041645761,57,1,0.832579185520362,50.91690548235281,0.832579185520362,492377
cluster_utility_frontier,3,3,443,63.46000000000001,2215,89.91529867942218,7.707707707707708,57,1,0.8325056433408577,50.43147930442922,0.8325056433408577,492475
cluster_utility_frontier,3,3,444,63.56,2220,89.9226281075596,7.742257742257743,58,1,0.831981981981982,49.97212727124685,0.831981981981982,498026
cluster_utility_frontier,3,3,445,63.68000000000001,2225,89.92676020690638,7.8226208271051325,58,1,0.8314606741573034,49.90794101148293,0.8314606741573034,498026
cluster_utility_frontier,3,3,446,63.74999999999999,2230,89.93876455919953,7.902584493041749,59,2,0.8309417040358744,49.9246814918388,0.8309417040358744,498365
cluster_utility_frontier,3,3,447,63.79,2235,89.95543798321445,7.932573128408528,59,2,0.8308724832214766,50.06414962833644,0.8308724832214766,498365
cluster_utility_frontier,3,3,448,63.82,2240,89.97360648526363,7.966353290450272,59,2,0.8303571428571429,50.124282576575226,0.8303571428571429,498365
cluster_utility_frontier,3,3,449,63.88,2245,89.98698998385504,8.0,59,1,0.8298440979955457,49.89810929845471,0.8298440979955457,498519
cluster_utility_frontier,3,3,450,63.970000000000006,2250,89.99562103155985,8.033514046328241,59,1,0.8293333333333334,49.46249551466024,0.8293333333333334,498519
cluster_utility_frontier,3,3,451,64.09,2255,89.999531886342,8.062930186823992,59,1,0.8292682926829268,49.73441678345973,0.8292682926829268,498519
cluster_utility_frontier,3,3,452,64.18,2260,90.00809565325694,8.092202059833252,59,2,0.8292035398230089,49.337776799985804,0.8292035398230089,504308
cluster_utility_frontier,3,3,453,64.27000000000001,2265,90.0166208428476,8.12133072407045,58,1,0.8291390728476821,49.05995119058462,0.8291390728476821,509458
cluster_utility_frontier,3,3,454,64.36,2270,90.02495311603974,8.150317227916057,58,1,0.8290748898678414,49.124431620974974,0.8290748898678414,509458
cluster_utility_frontier,3,3,455,64.42999999999999,2275,90.03557067738942,8.227848101265822,61,1,0.8285714285714286,49.16619047275939,0.8285714285714286,519749
cluster_utility_frontier,3,3,456,64.49000000000001,2280,90.04768592107902,8.305002428363283,58,2,0.8280701754385965,49.739377012263354,0.8280701754385965,525845
cluster_utility_frontier,3,3,457,64.62,2285,90.04896978656565,8.284883720930232,58,2,0.8284463894967177,50.116925856038264,0.8284463894967177,525845
cluster_utility_frontier,3,3,458,64.73,2290,90.05255716744529,8.264862252295794,59,1,0.8288209606986899,50.436601794071194,0.8288209606986899,536437
cluster_utility_frontier,3,3,459,64.81,2295,90.0607306076128,8.24891461649783,58,1,0.8287581699346406,50.745556011421435,0.8287581699346406,546790
cluster_utility_frontier,3,3,460,64.86,2300,90.07346189164372,8.23302840635532,57,2,0.828695652173913,50.582294235272215,0.828695652173913,547970
cluster_utility_frontier,3,3,461,64.92,2305,90.0846137398051,8.213256484149856,57,2,0.8290672451193059,50.62071585185235,0.8290672451193059,547970
cluster_utility_frontier,3,3,462,64.97,2310,90.0972442385075,8.241494968854814,57,2,0.829004329004329,50.89605508074987,0.829004329004329,547970
cluster_utility_frontier,3,3,463,65.02,2315,90.1098232484561,8.269598470363288,57,2,0.8289416846652268,51.424789137693494,0.8289416846652268,547970
cluster_utility_frontier,3,3,464,65.09,2320,90.12006496561983,8.257756563245824,56,2,0.8284482758620689,51.80948013658413,0.8284482758620689,548845
cluster_utility_frontier,3,3,465,65.18,2325,90.12798182506626,8.289661743687471,55,2,0.8279569892473119,51.48251785724151,0.8279569892473119,550357
cluster_utility_frontier,3,3,466,65.25999999999999,2330,90.13752455795678,8.32144555397052,55,2,0.8274678111587983,51.200115020992016,0.8274678111587983,550357
cluster_utility_frontier,3,3,467,65.31,2335,90.15154942320743,8.3531086853346,56,1,0.8269807280513919,51.02520427938383,0.8269807280513919,550495
cluster_utility_frontier,3,3,468,65.38000000000001,2340,90.16250376166116,8.3846518237802,56,1,0.8264957264957264,51.11936657598231,0.8264957264957264,550495
cluster_utility_frontier,3,3,469,65.47,2345,90.17040762705503,8.412098298676748,56,1,0.8264392324093817,51.23017038281066,0.8264392324093817,550495
cluster_utility_frontier,3,3,470,65.56,2350,90.17827715355806,8.43941537010844,56,1,0.8263829787234043,51.696441576037365,0.8263829787234043,555782
cluster_utility_frontier,3,3,471,65.7,2355,90.17863816428732,8.466603951081844,56,1,0.8263269639065818,52.266786316400385,0.8263269639065818,555782
cluster_utility_frontier,3,3,472,65.79,2360,90.18645584725536,8.493664946034725,56,1,0.826271186440678,52.956901592359145,0.826271186440678,555782
cluster_utility_frontier,3,3,473,65.89,2365,90.19275135819007,8.52059925093633,56,2,0.826215644820296,53.276721607556794,0.826215644820296,561208
cluster_utility_frontier,3,3,474,65.98,2370,90.20050497549383,8.547407753386269,56,2,0.8261603375527427,53.75063597535852,0.8261603375527427,561208
cluster_utility_frontier,3,3,475,66.06,2375,90.20970729899963,8.574091332712023,56,2,0.8261052631578948,53.68919916352261,0.8261052631578948,561208
cluster_utility_frontier,3,3,476,66.14999999999999,2380,90.21739130434783,8.554160855416086,57,1,0.8264705882352941,53.25886229369426,0.8264705882352941,561382
cluster_utility_frontier,3,3,477,66.24,2385,90.22504242603114,8.534322820037106,55,1,0.8268343815513627,53.407874532932624,0.8268343815513627,561483
cluster_utility_frontier,3,3,478,66.35,2390,90.22971580032396,8.514576584914392,57,1,0.8271966527196652,53.50602093974159,0.8271966527196652,562257
cluster_utility_frontier,3,3,479,66.41,2395,90.24171625890823,8.50670365233472,54,2,0.8263048016701461,52.98759190542987,0.8263048016701461,568953
cluster_utility_frontier,3,3,480,66.49000000000001,2400,90.25073313782991,8.4910013844024,54,2,0.82625,53.36637904734651,0.82625,570508
cluster_utility_frontier,3,3,481,66.58,2405,90.25824859170386,8.47535697835099,54,2,0.8261954261954262,53.19032648704733,0.8261954261954262,570508
cluster_utility_frontier,3,3,482,66.69,2410,90.26281208935612,8.505747126436782,54,2,0.8257261410788381,52.9479599929251,0.8257261410788381,570508
cluster_utility_frontier,3,3,483,66.77,2415,90.27172725285932,8.536025699862321,53,2,0.8252587991718426,52.3087838913832,0.8252587991718426,574867
cluster_utility_frontier,3,3,484,66.9,2420,90.27333527188136,8.516483516483516,53,2,0.8256198347107438,52.10193968395769,0.8256198347107438,574867
cluster_utility_frontier,3,3,485,66.99000000000001,2425,90.28073993471165,8.49703060758337,55,1,0.825979381443299,51.54204890765767,0.825979381443299,575021
cluster_utility_frontier,3,3,486,67.11,2430,90.2837700883162,8.477666362807659,54,1,0.8263374485596707,51.70527627517498,0.8263374485596707,575133
cluster_utility_frontier,3,3,487,67.25,2435,90.28389799898866,8.458390177353342,54,1,0.826694045174538,51.567036008808245,0.826694045174538,575133
cluster_utility_frontier,3,3,488,67.38,2440,90.28546712802769,8.484573502722323,58,1,0.8266393442622951,51.24818881680697,0.8266393442622951,575224
cluster_utility_frontier,3,3,489,67.53,2445,90.2841522192648,8.51063829787234,58,2,0.8265848670756646,50.59465296813622,0.8265848670756646,575411
cluster_utility_frontier,3,3,490,67.64,2450,90.28858578607323,8.536585365853659,58,2,0.826530612244898,49.534125650541974,0.826530612244898,575411
cluster_utility_frontier,3,3,491,67.75999999999999,2455,90.2915681639086,8.562415502478595,56,1,0.8264765784114053,48.77122176291829,0.8264765784114053,580846
cluster_utility_frontier,3,3,492,67.86999999999999,2460,90.2959679725479,8.591992802519119,54,2,0.8260162601626017,48.46276491318132,0.8260162601626017,586507
cluster_utility_frontier,3,3,493,67.97999999999999,2465,90.30034957551545,8.572710951526032,54,2,0.8263691683569979,47.55753356671339,0.8263691683569979,586507
cluster_utility_frontier,3,3,494,68.15,2470,90.29616972803645,8.553515450067174,56,1,0.8267206477732794,46.962972280768,0.8267206477732794,591977
cluster_utility_frontier,3,3,495,68.28,2475,90.29769094138544,8.579088471849866,56,1,0.8266666666666667,45.90677904679588,0.8266666666666667,591977
cluster_utility_frontier,3,3,496,68.38,2480,90.3034600113443,8.563782337198928,55,1,0.8266129032258065,45.48425214074717,0.8266129032258065,597524
cluster_utility_frontier,3,3,497,68.52000000000001,2485,90.30354489492677,8.544726301735647,55,2,0.8269617706237424,45.0503490802855,0.8269617706237424,603210
cluster_utility_frontier,3,3,498,68.62,2490,90.30927835051547,8.52575488454707,55,2,0.8273092369477911,45.07196490206507,0.8273092369477911,603210
cluster_utility_frontier,3,3,499,68.76,2495,90.30935099711085,8.506867523260967,54,1,0.8276553106212425,44.61899890119137,0.8276553106212425,603319
cluster_utility_frontier,3,3,500,68.91000000000001,2500,90.30801687763713,8.488063660477453,53,3,0.828,44.53966202455827,0.828,609479
cluster_utility_frontier,3,3,501,69.1,2505,90.30107375956207,8.46934274371416,53,3,0.8283433133732535,44.57845807656964,0.8283433133732535,609479
cluster_utility_frontier,3,3,502,69.19,2510,90.30816640986133,8.450704225352112,53,3,0.8286852589641435,43.80170189120215,0.8286852589641435,609479
cluster_utility_frontier,3,3,503,69.33,2515,90.30824072132523,8.432147562582346,54,2,0.8290258449304175,43.76491853706358,0.8290258449304175,609749
cluster_utility_frontier,3,3,504,69.47,2520,90.30831473214286,8.417360806663744,56,1,0.828968253968254,43.980058956170446,0.828968253968254,615333
cluster_utility_frontier,3,3,505,69.62,2525,90.30699617124957,8.40630472854641,56,1,0.8285148514851485,43.376480069343685,0.8285148514851485,615333
cluster_utility_frontier,3,3,506,69.8,2530,90.30151451993886,8.391608391608392,57,2,0.8284584980237154,42.99239683259133,0.8284584980237154,621022
cluster_utility_frontier,3,3,507,70.00999999999999,2535,90.29189489010608,8.373310074138683,56,1,0.8287968441814596,43.47727054137544,0.8287968441814596,621334
cluster_utility_frontier,3,3,508,70.16,2540,90.2906172156103,8.355091383812011,56,1,0.8291338582677166,43.29251513833519,0.8291338582677166,621334
cluster_utility_frontier,3,3,509,70.36,2545,90.28243905807611,8.336951801997394,58,2,0.8294695481335953,44.165774316270785,0.8294695481335953,621505
cluster_utility_frontier,3,3,510,70.55,2550,90.27567195037905,8.31889081455806,60,2,0.8298039215686275,44.267800961541326,0.8298039215686275,621788
cluster_utility_frontier,3,3,511,70.78,2555,90.26342939679482,8.300907911802852,60,2,0.8301369863013699,44.40203366323182,0.8301369863013699,621788
cluster_utility_frontier,3,3,512,70.93,2560,90.26221856123009,8.2865774708675,60,1,0.830078125,44.712853096822606,0.830078125,621883
cluster_utility_frontier,3,3,513,71.0,2565,90.27197369322464,8.272296423955192,61,3,0.8300194931773879,44.621971032433315,0.8300194931773879,628638
cluster_utility_frontier,3,3,514,71.16,2570,90.26938329003144,8.25451418744626,61,3,0.8303501945525292,45.27392847129588,0.8303501945525292,628638
cluster_utility_frontier,3,3,515,71.36,2575,90.26134425110884,8.236808236808237,61,3,0.8306796116504854,46.16158047149294,0.8306796116504854,628638
cluster_utility_frontier,3,3,516,71.56,2580,90.25333696540451,8.222698072805139,58,3,0.8306201550387597,46.20896643910943,0.8306201550387597,637868
cluster_utility_frontier,3,3,517,71.65,2585,90.26031400802012,8.205128205128204,60,2,0.8309477756286267,45.609668077972586,0.8309477756286267,638188
cluster_utility_frontier,3,3,518,71.78999999999999,2590,90.26048026048026,8.230277185501066,60,2,0.8308880308880309,45.035601906709516,0.8308880308880309,638188
cluster_utility_frontier,3,3,519,71.89999999999999,2595,90.26470787353598,8.25531914893617,59,1,0.8308285163776493,44.46818323134539,0.8308285163776493,638249
cluster_utility_frontier,3,3,520,72.00999999999999,2600,90.26891891891891,8.280254777070063,58,2,0.8307692307692308,44.49833710250069,0.8307692307692308,638859
cluster_utility_frontier,3,3,521,72.14,2605,90.27041607660665,8.305084745762711,58,2,0.8307101727447217,45.01207585177085,0.8307101727447217,638859
cluster_utility_frontier,3,3,522,72.28999999999999,2610,90.26921523758244,8.329809725158563,59,1,0.8306513409961686,44.97837266938017,0.8306513409961686,638937
cluster_utility_frontier,3,3,523,72.39,2615,90.27473634714852,8.357956943858168,58,2,0.8302103250478011,45.09117115179261,0.8302103250478011,639985
cluster_utility_frontier,3,3,524,72.49,2620,90.28023598820059,8.389544688026982,58,2,0.8293893129770993,45.18059134501466,0.8293893129770993,639985
cluster_utility_frontier,3,3,525,72.56,2625,90.28972900635665,8.421052631578947,61,1,0.8285714285714286,44.42292395827617,0.8285714285714286,645813
cluster_utility_frontier,3,3,526,72.65,2630,90.29651395752639,8.448928121059268,62,1,0.8281368821292776,43.922573115220665,0.8281368821292776,651620
cluster_utility_frontier,3,3,527,72.76,2635,90.3006065453576,8.476710029374738,62,1,0.8277039848197344,43.62366168151728,0.8277039848197344,651620
cluster_utility_frontier,3,3,528,72.91,2640,90.29936136242682,8.504398826979472,62,1,0.8272727272727273,43.22453252936149,0.8272727272727273,651620
cluster_utility_frontier,3,3,529,73.04,2645,90.30077684084722,8.531994981179423,60,2,0.826843100189036,43.09771973479435,0.826843100189036,653142
cluster_utility_frontier,3,3,530,73.18,2650,90.30086149768059,8.517745302713987,62,1,0.8267924528301887,42.95678828355958,0.8267924528301887,653203
cluster_utility_frontier,3,3,531,73.36,2655,90.29552609995503,8.5,62,1,0.8271186440677966,42.84452096943753,0.8271186440677966,653203
cluster_utility_frontier,3,3,532,73.49,2660,90.29681269640075,8.48585690515807,62,1,0.8270676691729323,42.76599838759116,0.8270676691729323,653203
cluster_utility_frontier,3,3,533,73.6,2665,90.3007300809151,8.471760797342192,64,2,0.827016885553471,42.55903760698119,0.827016885553471,653409
cluster_utility_frontier,3,3,534,73.75,2670,90.29937126772421,8.454206382096976,59,1,0.8273408239700375,41.84202208261617,0.8273408239700375,653704
cluster_utility_frontier,3,3,535,73.95,2675,90.29145332808191,8.436724565756824,59,1,0.8276635514018692,41.6741413551954,0.8276635514018692,653704
cluster_utility_frontier,3,3,536,74.09,2680,90.29155474022144,8.419314898885679,59,1,0.8279850746268657,40.71103663856624,0.8279850746268657,653943
cluster_utility_frontier,3,3,537,74.25,2685,90.28904002092597,8.405438813349814,61,1,0.8279329608938547,40.9316792258022,0.8279329608938547,654141
cluster_utility_frontier,3,3,538,74.41,2690,90.28653482148685,8.388157894736842,63,3,0.8282527881040892,40.41026858376072,0.8282527881040892,655429
cluster_utility_frontier,3,3,539,74.53999999999999,2695,90.28794788273615,8.370947886746,63,3,0.8285714285714286,40.24037315426795,0.8285714285714286,655429
cluster_utility_frontier,3,3,540,74.68,2700,90.28805514012615,8.353808353808354,62,1,0.8288888888888889,41.0538971924777,0.8288888888888889,655674
cluster_utility_frontier,3,3,541,74.85000000000001,2705,90.28426791277259,8.336738863914999,60,2,0.8292051756007394,41.654780359359094,0.8292051756007394,656563
cluster_utility_frontier,3,3,542,75.02,2710,90.28049491481505,8.32313341493268,63,2,0.8291512915129151,41.70570889758291,0.8291512915129151,657087
cluster_utility_frontier,3,3,543,75.13,2715,90.28436938276714,8.306188925081432,61,1,0.8294659300184162,42.168830746467734,0.8294659300184162,657228
cluster_utility_frontier,3,3,544,75.22999999999999,2720,90.28889347859761,8.289313287281592,61,1,0.8297794117647059,43.19469982693461,0.8297794117647059,657228
cluster_utility_frontier,3,3,545,75.4,2725,90.28438156351875,8.27250608272506,60,1,0.830091743119266,43.620495611611474,0.830091743119266,657308
cluster_utility_frontier,3,3,546,75.53999999999999,2730,90.28374450132482,8.259109311740891,59,2,0.8300366300366301,43.54896650561933,0.8300366300366301,658332
cluster_utility_frontier,3,3,547,75.69,2735,90.28182576876164,8.242424242424242,61,1,0.8303473491773309,44.177138940785284,0.8303473491773309,664386
cluster_utility_frontier,3,3,548,75.86,2740,90.27735055880241,8.266129032258064,62,1,0.8302919708029197,44.81805228956934,0.8302919708029197,664490
cluster_utility_frontier,3,3,549,76.01,2745,90.27545002110973,8.249496981891348,62,1,0.8306010928961749,44.90404716710717,0.8306010928961749,664490
cluster_utility_frontier,3,3,550,76.12,2750,90.27866465735231,8.23293172690763,62,2,0.8309090909090909,45.168036981439904,0.8309090909090909,664772
cluster_utility_frontier,3,3,551,76.22,2755,90.28363821785965,8.216432865731463,62,2,0.8312159709618875,45.406067934530185,0.8312159709618875,664772
cluster_utility_frontier,3,3,552,76.3,2760,90.29052085056564,8.24329731892757,60,2,0.8307971014492753,45.48468041502984,0.8307971014492753,667548
cluster_utility_frontier,3,3,553,76.39,2765,90.29623231117095,8.270075908909309,60,2,0.830379746835443,45.340035185138035,0.830379746835443,667920
cluster_utility_frontier,3,3,554,76.5,2770,90.29938752995777,8.296769046669326,60,2,0.8299638989169675,45.19029525494448,0.8299638989169675,667920
cluster_utility_frontier,3,3,555,76.62,2775,90.30187962787166,8.320063694267516,60,2,0.8299099099099099,45.33410628365794,0.8299099099099099,667920
cluster_utility_frontier,3,3,556,76.73,2780,90.30562609761337,8.34658187599364,57,2,0.8294964028776979,45.42855572903907,0.8294964028776979,668411
cluster_utility_frontier,3,3,557,76.87,2785,90.30557552369062,8.369694565648553,57,2,0.829443447037702,46.12215419562987,0.829443447037702,668411
cluster_utility_frontier,3,3,558,77.03,2790,90.30300741468082,8.392715756136184,58,1,0.8293906810035843,45.64088483705433,0.8293906810035843,668994
cluster_utility_frontier,3,3,559,77.14,2795,90.3068533085371,8.376135914658239,57,2,0.829695885509839,45.17519396499297,0.829695885509839,669450
cluster_utility_frontier,3,3,560,77.25999999999999,2800,90.30943093305906,8.3596214511041,57,2,0.83,45.12742487857589,0.83,669450
cluster_utility_frontier,3,3,561,77.45,2805,90.30323517628204,8.346456692913385,57,2,0.8299465240641711,45.34599655707384,0.8299465240641711,669450
cluster_utility_frontier,3,3,562,77.63,2810,90.29831160878314,8.333333333333332,58,2,0.8298932384341637,45.14166911342116,0.8298932384341637,669824
cluster_utility_frontier,3,3,563,77.81,2815,90.29328476441162,8.320251177394034,60,1,0.8298401420959147,45.39961654300257,0.8298401420959147,670009
cluster_utility_frontier,3,3,564,77.98,2820,90.28891656288917,8.303956130043087,60,1,0.8301418439716312,45.284334369848,0.8301418439716312,670009
cluster_utility_frontier,3,3,565,78.14,2825,90.28580663608449,8.287724784988272,60,3,0.8304424778761061,45.59760355299574,0.8304424778761061,676669
cluster_utility_frontier,3,3,566,78.29,2830,90.28382789133376,8.271556769410846,60,3,0.8307420494699647,46.074324293134424,0.8307420494699647,676669
cluster_utility_frontier,3,3,567,78.36999999999999,2835,90.28932532061211,8.255451713395638,55,2,0.8310405643738977,46.52164649001095,0.8310405643738977,680597
cluster_utility_frontier,3,3,568,78.46,2840,90.29416858408175,8.242612752721618,56,3,0.8309859154929577,46.37484501629004,0.8309859154929577,681619
cluster_utility_frontier,3,3,569,78.58000000000001,2845,90.2954107592748,8.229813664596273,56,3,0.8309314586994727,46.25990592528234,0.8309314586994727,681619
cluster_utility_frontier,3,3,570,78.69,2850,90.29847986093131,8.21387059279349,58,1,0.8312280701754386,45.40658874892339,0.8312280701754386,681875
cluster_utility_frontier,3,3,571,78.81,2855,90.3009045597194,8.19798917246713,58,1,0.831523642732049,45.16831782089152,0.831523642732049,681875
cluster_utility_frontier,3,3,572,78.93,2860,90.30332067961523,8.182169046700116,57,2,0.8318181818181818,45.407106085641324,0.8318181818181818,682593
cluster_utility_frontier,3,3,573,78.99000000000001,2865,90.31249233486227,8.169556840077071,59,2,0.8317626527050611,45.021525358916676,0.8317626527050611,683476
cluster_utility_frontier,3,3,574,79.11,2870,90.31428676371561,8.156983455175066,59,2,0.8317073170731707,44.66842126665562,0.8317073170731707,683476
cluster_utility_frontier,3,3,575,79.25999999999999,2875,90.31240833088883,8.144448713023435,59,2,0.8316521739130435,44.353029881423765,0.8316521739130435,683476
cluster_utility_frontier,3,3,576,79.39,2880,90.31297663351839,8.128834355828221,60,2,0.8319444444444445,44.28414981277096,0.8319444444444445,683969
cluster_utility_frontier,3,3,577,79.54,2885,90.31110678003265,8.1132797550708,62,1,0.8322357019064125,44.0918721244232,0.8322357019064125,684090
cluster_utility_frontier,3,3,578,79.69000000000001,2890,90.30983243755928,8.097784568372804,62,1,0.8325259515570934,43.9135199608172,0.8325259515570934,684090
cluster_utility_frontier,3,3,579,79.83,2895,90.30977640746765,8.120472741136103,63,3,0.8324697754749568,44.05325300734711,0.8324697754749568,684521
cluster_utility_frontier,3,3,580,80.03,2900,90.30245013692655,8.143074581430746,61,1,0.8324137931034483,44.26947600342491,0.8324137931034483,685043
cluster_utility_frontier,3,3,581,80.28,2905,90.28910124591751,8.127611090011394,61,1,0.8327022375215146,44.519567003495816,0.8327022375215146,685043
cluster_utility_frontier,3,3,582,80.42,2910,90.28849521187311,8.112206216830932,62,1,0.8329896907216495,45.026486712405074,0.8329896907216495,685136
cluster_utility_frontier,3,3,583,80.61,2915,90.28186333606597,8.134695421869088,64,2,0.8329331046312178,45.68200726629041,0.8329331046312178,685977
cluster_utility_frontier,3,3,584,80.75,2920,90.28185625571655,8.157099697885197,64,2,0.8328767123287671,44.89349801274356,0.8328767123287671,685977
cluster_utility_frontier,3,3,585,80.87,2925,90.28436873025217,8.182503770739064,65,2,0.8324786324786325,44.70564647072824,0.8324786324786325,686195
cluster_utility_frontier,3,3,586,81.07,2930,90.27727806960735,8.167105758374106,62,1,0.8327645051194539,44.86327657234642,0.8327645051194539,686512
cluster_utility_frontier,3,3,587,81.21000000000001,2935,90.27739533324554,8.15176558978212,62,1,0.8330494037478705,45.01838465245201,0.8330494037478705,686677
cluster_utility_frontier,3,3,588,81.38,2940,90.2739267616407,8.136482939632545,62,1,0.8333333333333334,44.772922101873554,0.8333333333333334,686831
cluster_utility_frontier,3,3,589,81.53,2945,90.27285634179223,8.12125748502994,61,1,0.833616298811545,44.83764738331033,0.833616298811545,688839
cluster_utility_frontier,3,3,590,81.63,2950,90.27774469402826,8.106088905491221,62,3,0.8338983050847457,44.98822017447346,0.8338983050847457,690674
cluster_utility_frontier,3,3,591,81.76,2955,90.27904930624085,8.090976882923192,61,1,0.8341793570219966,45.002847805926024,0.8341793570219966,690768
cluster_utility_frontier,3,3,592,81.93,2960,90.27560176613018,8.075921101600297,61,1,0.8344594594594594,45.03250108069002,0.8344594594594594,690768
cluster_utility_frontier,3,3,593,82.1,2965,90.27216607225375,8.060921248142645,61,1,0.8347386172006745,44.87807587221512,0.8347386172006745,690768
cluster_utility_frontier,3,3,594,82.21000000000001,2970,90.27583922783941,8.045977011494253,67,1,0.835016835016835,44.26198363301988,0.835016835016835,690842
cluster_utility_frontier,3,3,595,82.28,2975,90.28422308028387,8.031088082901555,67,1,0.8352941176470589,43.73290400299942,0.8352941176470589,697501
cluster_utility_frontier,3,3,596,82.38,2980,90.28904187099208,8.05319541928334,67,1,0.8352348993288591,43.6229358867742,0.8352348993288591,697501
cluster_utility_frontier,3,3,597,82.52000000000001,2985,90.2891370606164,8.075221238938052,66,3,0.8351758793969849,43.73807095294826,0.8351758793969849,698381
cluster_utility_frontier,3,3,598,82.67,2990,90.28805714151453,8.097165991902834,66,3,0.8351170568561873,43.60147311913401,0.8351170568561873,698381
cluster_utility_frontier,3,3,599,82.82000000000001,2995,90.28698089530533,8.119030124908155,66,3,0.8350584307178631,43.67529898161076,0.8350584307178631,698381
cluster_utility_frontier,3,3,600,82.92,3000,90.2917622816466,8.143800440205428,66,2,0.8346666666666667,43.254593702059,0.8346666666666667,711744
cluster_utility_frontier,3,3,601,83.02000000000001,3005,90.29652746122468,8.165507140241669,66,2,0.8346089850249584,43.15200362834996,0.8346089850249584,711744
cluster_utility_frontier,3,3,602,83.11,3010,90.30244335021354,8.153564899451554,65,1,0.8345514950166113,42.669240948003825,0.8345514950166113,718500
cluster_utility_frontier,3,3,603,83.23,3015,90.30484466550956,8.138686131386862,65,1,0.8348258706467662,42.99310434413436,0.8348258706467662,718612
cluster_utility_frontier,3,3,604,83.39999999999999,3020,90.30142338822216,8.123861566484518,65,1,0.8350993377483443,43.432391337169,0.8350993377483443,718612
cluster_utility_frontier,3,3,605,83.56,3025,90.29917457074195,8.10909090909091,68,2,0.8353719008264463,43.432702381895915,0.8353719008264463,719110
cluster_utility_frontier,3,3,606,83.76,3030,90.2922973505482,8.09437386569873,66,1,0.8356435643564356,43.47287481734394,0.8356435643564356,719219
cluster_utility_frontier,3,3,607,83.89,3035,90.2935425272195,8.079710144927537,67,1,0.8359143327841845,43.36417477216895,0.8359143327841845,719474
cluster_utility_frontier,3,3,608,84.0,3040,90.29709374855611,8.065099457504521,65,2,0.8361842105263158,43.144007501443475,0.8361842105263158,720507
cluster_utility_frontier,3,3,609,84.11,3045,90.3005212417547,8.050541516245488,66,2,0.8364532019704434,43.40787183836125,0.8364532019704434,720873
cluster_utility_frontier,3,3,610,84.21,3050,90.30453053940477,8.038932948810382,66,1,0.8363934426229508,44.234067782930744,0.8363934426229508,721407
cluster_utility_frontier,3,3,611,84.28999999999999,3055,90.31082603397935,8.02735781137509,65,1,0.8363338788870703,44.695661961716944,0.8363338788870703,721465
cluster_utility_frontier,3,3,612,84.42,3060,90.31136308861166,8.048868127919512,66,1,0.8362745098039216,45.228234954764744,0.8362745098039216,721690
cluster_utility_frontier,3,3,613,84.49,3065,90.31821879977541,8.037316110513098,65,1,0.8362153344208809,46.11861388211175,0.8362153344208809,722186
cluster_utility_frontier,3,3,614,84.61,3070,90.3193327307468,8.022922636103152,64,1,0.8364820846905537,46.61881312932747,0.8364820846905537,722268
cluster_utility_frontier,3,3,615,84.67,3075,90.32729765236762,8.044333214158026,63,2,0.8364227642276423,46.81842934033456,0.8364227642276423,723130
cluster_utility_frontier,3,3,616,84.77,3080,90.33122704564637,8.065667380442541,63,2,0.8363636363636363,46.82389554458922,0.8363636363636363,723130
cluster_utility_frontier,3,3,617,84.84,3085,90.33911043294086,8.086925543284645,63,2,0.8363047001620746,46.4311270084739,0.8363047001620746,723130
cluster_utility_frontier,3,3,618,84.92,3090,90.34583115436212,8.108108108108109,63,3,0.8362459546925566,46.91753338626239,0.8362459546925566,724050
cluster_utility_frontier,3,3,619,85.03,3095,90.34912491771276,8.129215477458288,63,3,0.8361873990306947,46.883369752740165,0.8361873990306947,724050
cluster_utility_frontier,3,3,620,85.11,3100,90.35591664683686,8.185683912119064,63,3,0.8358064516129032,46.218522387540226,0.8358064516129032,724050
cluster_utility_frontier,3,3,621,85.17,3105,90.36494864020996,8.24486907289455,63,1,0.8351046698872786,45.95227725378944,0.8351046698872786,724510
cluster_utility_frontier,3,3,622,85.21,3110,90.37620989146271,8.303886925795052,62,2,0.8344051446945338,46.409129059529036,0.8344051446945338,725301
cluster_utility_frontier,3,3,623,85.3,3115,90.38179645039803,8.327452364149613,62,2,0.8340288924558588,46.71188524829645,0.8340288924558588,725301
cluster_utility_frontier,3,3,624,85.37,3120,90.38961623757473,8.318646457525555,63,2,0.8336538461538462,46.81272711349,0.8336538461538462,726452
cluster_utility_frontier,3,3,625,85.42,3125,90.39965833483187,8.306934178106301,62,1,0.8336,46.78898282438426,0.8336,726661
cluster_utility_frontier,3,3,626,85.49,3130,90.40742361508511,8.295254833040422,62,1,0.8335463258785942,46.43076072643481,0.8335463258785942,726661
cluster_utility_frontier,3,3,627,85.58,3135,90.4129231734367,8.283608283608283,63,1,0.8334928229665072,46.10424077185024,0.8334928229665072,727465
cluster_utility_frontier,3,3,628,85.65,3140,90.4206417554887,8.33917309039944,64,1,0.8331210191082803,46.27011693118277,0.8331210191082803,734350
cluster_utility_frontier,3,3,629,85.74000000000001,3145,90.42610210371164,8.397480755773268,63,1,0.8324324324324325,45.97659508295515,0.8324324324324325,735172
cluster_utility_frontier,3,3,630,85.8,3150,90.43488924315226,8.423628102062217,64,1,0.8317460317460318,45.898168567416846,0.8317460317460318,735933
cluster_utility_frontier,3,3,631,85.84,3155,90.44587405115419,8.48463687150838,65,2,0.8307448494453249,45.82367405789073,0.8307448494453249,737065
cluster_utility_frontier,3,3,632,85.91,3160,90.45348979342378,8.51063829787234,66,1,0.8300632911392405,46.467563012916685,0.8300632911392405,737887
cluster_utility_frontier,3,3,633,85.94000000000001,3165,90.46551877163398,8.536585365853659,66,1,0.8293838862559242,46.79887573310225,0.8293838862559242,737887
cluster_utility_frontier,3,3,634,85.96000000000001,3170,90.47861676321706,8.562478245736164,60,1,0.8287066246056782,47.77691372381817,0.8287066246056782,737951
cluster_utility_frontier,3,3,635,85.99,3175,90.49056687235972,8.588317107093186,59,1,0.8280314960629921,47.97448539089332,0.8280314960629921,738853
cluster_utility_frontier,3,3,636,86.05000000000001,3180,90.49916639984102,8.614102118791248,58,1,0.8273584905660377,47.63146272499104,0.8273584905660377,739755
cluster_utility_frontier,3,3,637,86.06,3185,90.51325014330438,8.642832349878514,60,1,0.8263736263736263,47.903099280833075,0.8263736263736263,739869
cluster_utility_frontier,3,3,638,86.08,3190,90.52618835363907,8.700173310225304,60,1,0.8257053291536051,48.16959039125574,0.8257053291536051,739869
cluster_utility_frontier,3,3,639,86.16,3195,90.53249236314089,8.75432525951557,60,1,0.8253521126760563,48.78456338325731,0.8253521126760563,739869
cluster_utility_frontier,3,3,640,86.28,3200,90.53438799354917,8.808290155440414,60,1,0.825,49.42725686992086,0.825,739869
cluster_utility_frontier,3,3,641,86.42,3205,90.53408692604276,8.862068965517242,61,1,0.8246489859594384,49.78606131775297,0.8246489859594384,739990
cluster_utility_frontier,3,3,642,86.53999999999999,3210,90.5359740160322,8.91566265060241,56,1,0.8242990654205608,50.094561810956144,0.8242990654205608,740237
cluster_utility_frontier,3,3,643,86.65,3215,90.53894700063329,8.969072164948454,56,1,0.823950233281493,51.105531987508044,0.823950233281493,740237
cluster_utility_frontier,3,3,644,86.79,3220,90.53864015436439,9.022298456260721,56,1,0.8236024844720496,51.827052674302664,0.8236024844720496,740237
cluster_utility_frontier,3,3,645,86.9,3225,90.54159954721581,9.07845152449469,57,4,0.8229457364341085,51.78805861138888,0.8229457364341085,741275
cluster_utility_frontier,3,3,646,86.97,3230,90.54889644755002,9.131326949384405,59,1,0.8226006191950465,52.25650325823225,0.8226006191950465,741628
cluster_utility_frontier,3,3,647,87.07000000000001,3235,90.55291539179306,9.153005464480875,59,1,0.8222565687789799,52.60277969540689,0.8222565687789799,741628
cluster_utility_frontier,3,3,648,87.15,3240,90.55908829933594,9.17462482946794,58,1,0.8219135802469136,52.33174107935025,0.8219135802469136,741745
cluster_utility_frontier,3,3,649,87.29,3245,90.5587522713507,9.196185286103542,58,1,0.8215716486902928,52.0141666706033,0.8215716486902928,741745
cluster_utility_frontier,3,3,650,87.41,3250,90.56057709959936,9.21455287317239,58,1,0.8215384615384616,51.97311912000693,0.8215384615384616,741745
cluster_utility_frontier,3,3,651,87.56,3255,90.55916158109245,9.23285811269518,61,3,0.821505376344086,51.60869815649429,0.821505376344086,749305
cluster_utility_frontier,3,3,652,87.72999999999999,3260,90.55559742063278,9.217214503558116,59,1,0.8217791411042945,51.22505755052191,0.8217791411042945,749400
cluster_utility_frontier,3,3,653,87.87,3265,90.55526892815683,9.201623815967523,60,1,0.822052067381317,51.16816326138039,0.822052067381317,749614
cluster_utility_frontier,3,3,654,88.03999999999999,3270,90.5517219175583,9.186085781830462,61,1,0.8223241590214068,51.161613184108106,0.8223241590214068,749667
cluster_utility_frontier,3,3,655,88.18,3275,90.55140046717956,9.204315576534054,62,2,0.8222900763358779,51.65565643530331,0.8222900763358779,749913
cluster_utility_frontier,3,3,656,88.26,3280,90.55749911737331,9.222484012117132,60,1,0.8222560975609756,51.65454405526659,0.8222560975609756,750138
cluster_utility_frontier,3,3,657,88.42,3285,90.55493243604124,9.206989247311828,60,1,0.8225266362252663,52.07286140645444,0.8225266362252663,757245
cluster_utility_frontier,3,3,658,88.57000000000001,3290,90.55344020307385,9.194630872483222,59,3,0.8224924012158055,52.29926833495809,0.8224924012158055,758118
cluster_utility_frontier,3,3,659,88.64,3295,90.5599693284202,9.18230563002681,59,3,0.8224582701062215,52.14315356897792,0.8224582701062215,758118
cluster_utility_frontier,3,3,660,88.71,3300,90.565977539561,9.200401472064236,59,2,0.8224242424242424,52.1062832164542,0.8224242424242424,772489
cluster_utility_frontier,3,3,661,88.71,3305,90.57930228853608,9.218436873747494,59,2,0.8223903177004539,52.51249772712778,0.8223903177004539,772489
cluster_utility_frontier,3,3,662,88.72,3310,90.59103008706903,9.236412137379126,58,2,0.8223564954682779,52.12671009907562,0.8223564954682779,773577
cluster_utility_frontier,3,3,663,88.78,3315,90.59743065631586,9.221038615179761,57,2,0.8226244343891402,52.04664096961842,0.8226244343891402,789774
cluster_utility_frontier,3,3,664,88.82,3320,90.6059292007319,9.205716184778996,58,1,0.8228915662650602,52.47777741749648,0.8228915662650602,789903
cluster_utility_frontier,3,3,665,88.88000000000001,3325,90.61179651850601,9.190444591904445,58,1,0.8231578947368421,52.530715318280805,0.8231578947368421,789903
cluster_utility_frontier,3,3,666,88.94,3330,90.61814345991561,9.214451441829633,56,1,0.8225225225225226,52.18630205712579,0.8225225225225226,804186
cluster_utility_frontier,3,3,667,88.99000000000001,3335,90.62651414607427,9.235352532274081,56,2,0.8221889055472263,51.68251235303861,0.8221889055472263,819706
cluster_utility_frontier,3,3,668,89.01,3340,90.63860667634252,9.25925925925926,56,2,0.8215568862275449,51.24868053223564,0.8215568862275449,819706
cluster_utility_frontier,3,3,669,89.05,3345,90.64866056895629,9.283118599273207,56,2,0.8209267563527654,50.85877467883681,0.8209267563527654,819706
cluster_utility_frontier,3,3,670,89.09,3350,90.65868389045004,9.3038601121742,59,1,0.8205970149253732,50.37301344218654,0.8205970149253732,820031
cluster_utility_frontier,3,3,671,89.14,3355,90.667629845996,9.357495881383855,59,1,0.8199701937406856,49.94049875310113,0.8199701937406856,820031
cluster_utility_frontier,3,3,672,89.25999999999999,3360,90.66923125169869,9.407894736842106,59,1,0.8196428571428571,49.86316738467728,0.8196428571428571,820031
cluster_utility_frontier,3,3,673,89.34,3365,90.67500287035394,9.458128078817735,59,1,0.8193164933135215,49.58404377813692,0.8193164933135215,820031
cluster_utility_frontier,3,3,674,89.42999999999999,3370,90.67971485742872,9.508196721311474,56,1,0.8189910979228486,48.597041948289245,0.8189910979228486,820576
cluster_utility_frontier,3,3,675,89.48,3375,90.6885750855906,9.528487229862476,57,2,0.8186666666666667,48.79249175027665,0.8186666666666667,821048
cluster_utility_frontier,3,3,676,89.56,3380,90.69429147357702,9.548724656638326,57,1,0.8183431952662722,49.11212013354911,0.8183431952662722,821287
cluster_utility_frontier,3,3,677,89.64999999999999,3385,90.69895317833317,9.533137446947437,57,1,0.8186115214180206,48.92843592071951,0.8186115214180206,821287
cluster_utility_frontier,3,3,678,89.77000000000001,3390,90.70049310073344,9.517601043024772,57,1,0.8188790560471977,49.410192214399096,0.8188790560471977,821287
cluster_utility_frontier,3,3,679,89.84,3395,90.70720026479928,9.502115196876018,56,2,0.8191458026509573,49.21905379084679,0.8191458026509573,822550
cluster_utility_frontier,3,3,680,89.97,3400,90.70769040094193,9.486679662118258,54,3,0.8194117647058824,49.303202417793415,0.8194117647058824,824030
cluster_utility_frontier,3,3,681,90.08,3405,90.7102416285953,9.471294193966916,54,3,0.8196769456681351,49.54252722422816,0.8196769456681351,824030
