strategy,run_id,map_seed,timestep,coverage,total_distance,overlap_percentage
random,2,2,1,0.15,5,76.5625
random,2,2,2,0.2,10,85.91549295774648
random,2,2,3,0.25,15,88.83928571428571
random,2,2,4,0.26,20,91.33333333333333
random,2,2,5,0.27999999999999997,25,92.3913043478261
random,2,2,6,0.27999999999999997,30,93.76391982182628
random,2,2,7,0.27999999999999997,35,94.74671669793621
random,2,2,8,0.31,40,94.96753246753246
random,2,2,9,0.36,45,94.90806223479491
random,2,2,10,0.38999999999999996,50,95.16728624535315
random,2,2,11,0.44,55,95.18599562363238
random,2,2,12,0.5,60,95.14091350826045
random,2,2,13,0.51,65,95.52238805970148
random,2,2,14,0.51,70,95.89371980676329
random,2,2,15,0.51,75,96.22501850481126
random,2,2,16,0.51,80,96.5068493150685
random,2,2,17,0.51,85,96.74329501915709
random,2,2,18,0.52,90,96.8955223880597
random,2,2,19,0.53,95,97.0374510899944
random,2,2,20,0.54,100,97.16535433070867
random,2,2,21,0.54,105,97.31876861966236
random,2,2,22,0.54,110,97.45042492917847
random,2,2,23,0.5599999999999999,115,97.47747747747748
random,2,2,24,0.5599999999999999,120,97.57785467128028
random,2,2,25,0.5599999999999999,125,97.67054908485858
random,2,2,26,0.5599999999999999,130,97.76803507373457
random,2,2,27,0.5599999999999999,135,97.85522788203752
random,2,2,28,0.5599999999999999,140,97.93434157137587
random,2,2,29,0.5599999999999999,145,98.00782639630025
random,2,2,30,0.5599999999999999,150,98.08547008547008
random,2,2,31,0.59,155,98.05921052631578
random,2,2,32,0.6,160,98.09463321689425
random,2,2,33,0.6,165,98.16625916870416
random,2,2,34,0.64,170,98.12096300645919
random,2,2,35,0.64,175,98.18439716312056
random,2,2,36,0.64,180,98.2436882546652
random,2,2,37,0.64,185,98.29922933829391
random,2,2,38,0.64,190,98.34753421120578
random,2,2,39,0.64,195,98.39034205231388
random,2,2,40,0.64,200,98.43444227005871
random,2,2,41,0.64,205,98.47655320161867
random,2,2,42,0.64,210,98.51162790697674
random,2,2,43,0.64,215,98.54479308776718
random,2,2,44,0.64,220,98.57809375694289
random,2,2,45,0.64,225,98.61291720849589
random,2,2,46,0.64,230,98.6434930055108
random,2,2,47,0.64,235,98.67164798671648
random,2,2,48,0.64,240,98.69786368260426
random,2,2,49,0.64,245,98.72509960159363
random,2,2,50,0.64,250,98.75097580015613
random,2,2,51,0.64,255,98.77792629367958
random,2,2,52,0.64,260,98.8028432472877
random,2,2,53,0.64,265,98.82805347006042
random,2,2,54,0.64,270,98.85201793721973
random,2,2,55,0.67,275,98.82166725290188
random,2,2,56,0.69,280,98.8134135855546
random,2,2,57,0.69,285,98.84033613445378
random,2,2,58,0.7000000000000001,290,98.8477366255144
random,2,2,59,0.73,295,98.8225806451613
random,2,2,60,0.73,300,98.84493670886076
random,2,2,61,0.77,305,98.80509000620734
random,2,2,62,0.8099999999999999,310,98.76693560663725
random,2,2,63,0.86,315,98.7143070713111
random,2,2,64,0.8699999999999999,320,98.72058823529412
random,2,2,65,0.8699999999999999,325,98.74113731732021
random,2,2,66,0.8699999999999999,330,98.76191831507045
random,2,2,67,0.8699999999999999,335,98.78287632904309
random,2,2,68,0.91,340,98.7491408934708
random,2,2,69,0.91,345,98.7706025398541
random,2,2,70,0.91,350,98.79021536825312
random,2,2,71,0.91,355,98.80936804919534
random,2,2,72,0.9299999999999999,360,98.80355075260518
random,2,2,73,0.97,365,98.77370417193426
random,2,2,74,0.97,370,98.79443201590853
random,2,2,75,0.97,375,98.81432587703215
random,2,2,76,0.97,380,98.8334335538184
random,2,2,77,0.97,385,98.85139135583185
random,2,2,78,0.97,390,98.868012603571
random,2,2,79,1.02,395,98.8247493950916
random,2,2,80,1.09,400,98.76065946560546
random,2,2,81,1.09,405,98.77706720520588
random,2,2,82,1.0999999999999999,410,98.78210806023029
random,2,2,83,1.0999999999999999,415,98.79755137735025
random,2,2,84,1.11,420,98.80155473979701
random,2,2,85,1.11,425,98.816252532793
random,2,2,86,1.1199999999999999,430,98.8195615514334
random,2,2,87,1.1199999999999999,435,98.83296863603209
random,2,2,88,1.1199999999999999,440,98.8466687261868
random,2,2,89,1.1400000000000001,445,98.84052074857608
random,2,2,90,1.1400000000000001,450,98.8539258067759
random,2,2,91,1.1400000000000001,455,98.8658973338639
random,2,2,92,1.1400000000000001,460,98.8781735878764
random,2,2,93,1.1400000000000001,465,98.88975457732762
random,2,2,94,1.1400000000000001,470,98.90078102400925
random,2,2,95,1.1400000000000001,475,98.91252504054184
random,2,2,96,1.18,480,98.88700245236748
random,2,2,97,1.1900000000000002,485,98.88920003733782
random,2,2,98,1.1900000000000002,490,98.90069284064666
random,2,2,99,1.2,495,98.90280698546219
random,2,2,100,1.23,500,98.88586956521739
random,2,2,101,1.25,505,98.87852144267002
random,2,2,102,1.27,510,98.87070958563045
random,2,2,103,1.31,515,98.8460183227625
random,2,2,104,1.35,520,98.82219507939277
random,2,2,105,1.37,525,98.81580084709137
random,2,2,106,1.38,530,98.81849315068493
random,2,2,107,1.38,535,98.82921863069484
random,2,2,108,1.41,540,98.81532515543606
random,2,2,109,1.43,545,98.8100191395523
random,2,2,110,1.48,550,98.77928076542395
random,2,2,111,1.55,555,98.73252105650504
random,2,2,112,1.6199999999999999,560,98.68655748337927
random,2,2,113,1.6199999999999999,565,98.69806316804629
random,2,2,114,1.6199999999999999,570,98.71019108280254
random,2,2,115,1.66,575,98.69054192632326
random,2,2,116,1.71,580,98.66301798279906
random,2,2,117,1.7399999999999998,585,98.65126734361678
random,2,2,118,1.79,590,98.62402951802598
random,2,2,119,1.8499999999999999,595,98.58993902439023
random,2,2,120,1.92,600,98.54886251983977
random,2,2,121,1.92,605,98.5606117400105
random,2,2,122,1.92,610,98.5724907063197
random,2,2,123,1.92,615,98.58386192653784
random,2,2,124,1.92,620,98.594744931567
random,2,2,125,1.92,625,98.6053606450207
random,2,2,126,1.94,630,98.60109604845688
random,2,2,127,1.94,635,98.61190612478535
random,2,2,128,1.94,640,98.62372304199774
random,2,2,129,1.94,645,98.63457207207207
random,2,2,130,1.94,650,98.64534599539138
random,2,2,131,1.94,655,98.65613743419229
random,2,2,132,1.97,660,98.64688508826156
random,2,2,133,1.97,665,98.65849506298945
random,2,2,134,1.97,670,98.66990750118156
random,2,2,135,2.02,675,98.64783452707678
random,2,2,136,2.0500000000000003,680,98.63932032390814
random,2,2,137,2.0500000000000003,685,98.65104954925314
random,2,2,138,2.0500000000000003,690,98.66266553591232
random,2,2,139,2.0500000000000003,695,98.67365424430642
random,2,2,140,2.06,700,98.67796175073804
random,2,2,141,2.07,705,98.68211625389954
random,2,2,142,2.07,710,98.69252147549268
random,2,2,143,2.08,715,98.69576122397793
random,2,2,144,2.08,720,98.70550161812298
random,2,2,145,2.08,725,98.71509760316283
random,2,2,146,2.08,730,98.72416119732564
random,2,2,147,2.08,735,98.73379192792355
random,2,2,148,2.08,740,98.7426706159705
random,2,2,149,2.08,745,98.75082577622966
random,2,2,150,2.08,750,98.75909795967068
random,2,2,151,2.09,755,98.76140808344198
random,2,2,152,2.1,760,98.76346935170464
random,2,2,153,2.1,765,98.77121123464015
random,2,2,154,2.1,770,98.77864371292311
random,2,2,155,2.1,775,98.78626748352791
random,2,2,156,2.1399999999999997,780,98.77060952490378
random,2,2,157,2.16,785,98.76677133885241
random,2,2,158,2.16,790,98.77523247902018
random,2,2,159,2.16,795,98.78296146044624
random,2,2,160,2.16,800,98.79052578531832
random,2,2,161,2.16,805,98.79806354682545
random,2,2,162,2.16,810,98.8061021445943
random,2,2,163,2.16,815,98.81403393180696
random,2,2,164,2.16,820,98.82147533828022
random,2,2,165,2.16,825,98.8288239440438
random,2,2,166,2.16,830,98.8360814742968
random,2,2,167,2.16,835,98.842939790015
random,2,2,168,2.16,840,98.85002395783421
random,2,2,169,2.16,845,98.85732423424854
random,2,2,170,2.16,850,98.86417415996213
random,2,2,171,2.16,855,98.8708244027393
random,2,2,172,2.16,860,98.87792207792208
random,2,2,173,2.16,865,98.88470077967678
random,2,2,174,2.16,870,98.89162561576354
random,2,2,175,2.16,875,98.89930697105585
random,2,2,176,2.16,880,98.90671660677228
random,2,2,177,2.16,885,98.91424550115613
random,2,2,178,2.16,890,98.92194050708724
random,2,2,179,2.16,895,98.92952720785013
random,2,2,180,2.16,900,98.93711248892826
random,2,2,181,2.16,905,98.94443629966281
random,2,2,182,2.16,910,98.95115082062736
random,2,2,183,2.16,915,98.9577804583836
random,2,2,184,2.16,920,98.96382999136524
random,2,2,185,2.16,925,98.96956397290336
random,2,2,186,2.16,930,98.97547787316796
random,2,2,187,2.16,935,98.98146838308107
random,2,2,188,2.16,940,98.9873417721519
random,2,2,189,2.16,945,98.99338242147451
random,2,2,190,2.16,950,98.99953682260305
random,2,2,191,2.16,955,99.0053416835513
random,2,2,192,2.16,960,99.01067191865525
random,2,2,193,2.17,965,99.0113895216401
random,2,2,194,2.17,970,99.01721014492753
random,2,2,195,2.17,975,99.02265459622573
random,2,2,196,2.17,980,99.02782133416962
random,2,2,197,2.18,985,99.02843390676531
random,2,2,198,2.1999999999999997,990,99.02499556816167
random,2,2,199,2.23,995,99.01714487196439
random,2,2,200,2.23,1000,99.02197272049472
random,2,2,201,2.23,1005,99.02671089385476
random,2,2,202,2.23,1010,99.03144544822794
random,2,2,203,2.23,1015,99.03563397336102
random,2,2,204,2.23,1020,99.04003443822643
random,2,2,205,2.23,1025,99.04419013329905
random,2,2,206,2.23,1030,99.04835061665173
random,2,2,207,2.23,1035,99.05299813147613
random,2,2,208,2.23,1040,99.05764029749831
random,2,2,209,2.23,1045,99.06219773749947
random,2,2,210,2.23,1050,99.06632054932172
random,2,2,211,2.2399999999999998,1055,99.066082968522
random,2,2,212,2.25,1060,99.06639004149378
random,2,2,213,2.25,1065,99.07009423045132
random,2,2,214,2.26,1070,99.06957595718403
random,2,2,215,2.29,1075,99.0610521136578
random,2,2,216,2.3,1080,99.06080280942464
random,2,2,217,2.3,1085,99.06462239212655
random,2,2,218,2.3,1090,99.06818458048049
random,2,2,219,2.3,1095,99.07164480322906
random,2,2,220,2.3,1100,99.07485620047464
random,2,2,221,2.3,1105,99.07834101382488
random,2,2,222,2.3,1110,99.0821294596536
random,2,2,223,2.3,1115,99.08606850512597
random,2,2,224,2.31,1120,99.08637873754152
random,2,2,225,2.31,1125,99.09065858363185
random,2,2,226,2.31,1130,99.09511125039174
random,2,2,227,2.31,1135,99.09920449227889
random,2,2,228,2.33,1140,99.09535642180462
random,2,2,229,2.33,1145,99.0993080521087
random,2,2,230,2.33,1150,99.1033288435636
random,2,2,231,2.33,1155,99.10717707016133
random,2,2,232,2.33,1160,99.11126368386924
random,2,2,233,2.33,1165,99.11551455794708
random,2,2,234,2.33,1170,99.11965844258889
random,2,2,235,2.33,1175,99.12396134902433
random,2,2,236,2.33,1180,99.12809190584889
random,2,2,237,2.33,1185,99.13250679474291
random,2,2,238,2.33,1190,99.13674928679931
random,2,2,239,2.33,1195,99.14095048482837
random,2,2,240,2.33,1200,99.14526779163609
random,2,2,241,2.33,1205,99.14938668224299
random,2,2,242,2.33,1210,99.15343530865096
random,2,2,243,2.33,1215,99.1574455774933
random,2,2,244,2.33,1220,99.16123690557616
random,2,2,245,2.33,1225,99.16487455197132
random,2,2,246,2.33,1230,99.1684511063526
random,2,2,247,2.33,1235,99.17217366588503
random,2,2,248,2.33,1240,99.17618357317116
random,2,2,249,2.33,1245,99.1801548205489
random,2,2,250,2.33,1250,99.18411653477133
random,2,2,251,2.33,1255,99.18804014496794
random,2,2,252,2.33,1260,99.19164585067999
random,2,2,253,2.33,1265,99.19546976969028
random,2,2,254,2.33,1270,99.19925768094026
random,2,2,255,2.33,1275,99.20301009064477
random,2,2,256,2.33,1280,99.20678150745557
random,2,2,257,2.33,1285,99.21049064787205
random,2,2,258,2.33,1290,99.21419176419008
random,2,2,259,2.33,1295,99.21783208566922
random,2,2,260,2.33,1300,99.22128271113934
random,2,2,261,2.33,1305,99.22457401490948
random,2,2,262,2.33,1310,99.22786320254507
random,2,2,263,2.33,1315,99.23122607892306
random,2,2,264,2.33,1320,99.23468549843982
random,2,2,265,2.33,1325,99.23813883530066
random,2,2,266,2.33,1330,99.24168456681637
random,2,2,267,2.34,1335,99.24185971164749
random,2,2,268,2.37,1340,99.23543454416414
random,2,2,269,2.42,1345,99.2226148409894
random,2,2,270,2.42,1350,99.22592201644116
random,2,2,271,2.45,1355,99.21964581475348
random,2,2,272,2.45,1360,99.22281436365944
random,2,2,273,2.45,1365,99.22607954007012
random,2,2,274,2.45,1370,99.22931739540736
random,2,2,275,2.45,1375,99.23252827115246
random,2,2,276,2.4899999999999998,1380,99.22337970182771
random,2,2,277,2.4899999999999998,1385,99.22670807453416
random,2,2,278,2.4899999999999998,1390,99.22998422859264
random,2,2,279,2.4899999999999998,1395,99.23323274003818
random,2,2,280,2.4899999999999998,1400,99.23633687051463
random,2,2,281,2.4899999999999998,1405,99.23927654894294
random,2,2,282,2.4899999999999998,1410,99.24221674427098
random,2,2,283,2.5100000000000002,1415,99.23904805214492
random,2,2,284,2.54,1420,99.23279064850334
random,2,2,285,2.5700000000000003,1425,99.2264162302089
random,2,2,286,2.5700000000000003,1430,99.22917728922349
random,2,2,287,2.59,1435,99.22603394692804
random,2,2,288,2.59,1440,99.2288912706919
random,2,2,289,2.59,1445,99.23170478478835
random,2,2,290,2.59,1450,99.23461095186028
random,2,2,291,2.62,1455,99.22854955538543
random,2,2,292,2.62,1460,99.23151380048691
random,2,2,293,2.63,1465,99.23155588020452
random,2,2,294,2.64,1470,99.23170944648157
random,2,2,295,2.64,1475,99.23464950426161
random,2,2,296,2.64,1480,99.2374570347477
random,2,2,297,2.6599999999999997,1485,99.23440018420446
random,2,2,298,2.69,1490,99.22840834122135
random,2,2,299,2.75,1495,99.2139263663389
random,2,2,300,2.76,1500,99.21392156304292
random,2,2,301,2.76,1505,99.21686576057657
random,2,2,302,2.82,1510,99.20273670521048
random,2,2,303,2.86,1515,99.19411648679872
random,2,2,304,2.92,1520,99.18002864283508
random,2,2,305,2.94,1525,99.17743830787309
random,2,2,306,2.97,1530,99.1721023582539
random,2,2,307,3.0,1535,99.16689808386559
random,2,2,308,3.05,1540,99.156199856139
random,2,2,309,3.11,1545,99.14282564356981
random,2,2,310,3.17,1550,99.12945570385017
random,2,2,311,3.17,1555,99.13260001094511
random,2,2,312,3.17,1560,99.13560385024405
random,2,2,313,3.18,1565,99.13575214023645
random,2,2,314,3.2099999999999995,1570,99.13036410923277
random,2,2,315,3.26,1575,99.11960895514326
random,2,2,316,3.26,1580,99.12250006729295
random,2,2,317,3.26,1585,99.12548956489083
random,2,2,318,3.26,1590,99.12834224598932
random,2,2,319,3.3099999999999996,1595,99.11785086082831
random,2,2,320,3.34,1600,99.11262254576371
random,2,2,321,3.34,1605,99.11537239114313
random,2,2,322,3.4000000000000004,1610,99.10226282575978
random,2,2,323,3.4099999999999997,1615,99.10227721469
random,2,2,324,3.42,1620,99.1025270947595
random,2,2,325,3.42,1625,99.10562514710112
random,2,2,326,3.45,1630,99.10088347971124
random,2,2,327,3.5900000000000003,1635,99.0677261867664
random,2,2,328,3.6799999999999997,1640,99.04774226937508
random,2,2,329,3.6900000000000004,1645,99.04828226555246
random,2,2,330,3.6999999999999997,1650,99.04872091528473
random,2,2,331,3.71,1655,99.0491567994259
random,2,2,332,3.7199999999999998,1660,99.04956566172713
random,2,2,333,3.7199999999999998,1665,99.05251897509042
random,2,2,334,3.7199999999999998,1670,99.05545399146861
random,2,2,335,3.7199999999999998,1675,99.05822784810127
random,2,2,336,3.75,1680,99.0535322177633
random,2,2,337,3.7800000000000002,1685,99.0489848290437
random,2,2,338,3.82,1690,99.04195821734005
random,2,2,339,3.8600000000000003,1695,99.03485522828424
random,2,2,340,3.92,1700,99.02293120638086
random,2,2,341,3.92,1705,99.02599016051285
random,2,2,342,3.9800000000000004,1710,99.01416823541068
random,2,2,343,3.9800000000000004,1715,99.01711406909837
random,2,2,344,4.04,1720,99.00539156552352
random,2,2,345,4.05,1725,99.00576899472199
random,2,2,346,4.06,1730,99.00602262155414
random,2,2,347,4.06,1735,99.00886165564046
random,2,2,348,4.06,1740,99.01166045911536
random,2,2,349,4.06,1745,99.01441957566635
random,2,2,350,4.06,1750,99.01730606317318
random,2,2,351,4.06,1755,99.02019933875522
random,2,2,352,4.06,1760,99.02319314791647
random,2,2,353,4.07,1765,99.02377011825094
random,2,2,354,4.07,1770,99.02685125409464
random,2,2,355,4.07,1775,99.02979737783075
random,2,2,356,4.12,1780,99.02086601074195
random,2,2,357,4.12,1785,99.0239511027931
random,2,2,358,4.15,1790,99.02004769888309
random,2,2,359,4.15,1795,99.02311567252012
random,2,2,360,4.15,1800,99.0261416435913
random,2,2,361,4.15,1805,99.02892175215275
random,2,2,362,4.15,1810,99.03168603294601
random,2,2,363,4.15,1815,99.03443462075384
random,2,2,364,4.15,1820,99.03739098162924
random,2,2,365,4.15,1825,99.04021832142278
random,2,2,366,4.15,1830,99.04302910113914
random,2,2,367,4.16,1835,99.04354623626247
random,2,2,368,4.16,1840,99.04657132379904
random,2,2,369,4.16,1845,99.04944703409195
random,2,2,370,4.16,1850,99.05228385920948
random,2,2,371,4.16,1855,99.05497501135847
random,2,2,372,4.16,1860,99.05767226928826
random,2,2,373,4.16,1865,99.06058758440034
random,2,2,374,4.16,1870,99.0634849167042
random,2,2,375,4.16,1875,99.06628060961103
random,2,2,376,4.16,1880,99.06914298500783
random,2,2,377,4.16,1885,99.07198786445669
random,2,2,378,4.16,1890,99.07471251584778
random,2,2,379,4.16,1895,99.0774416747982
random,2,2,380,4.16,1900,99.08015478164732
random,2,2,381,4.16,1905,99.0829530674779
random,2,2,382,4.16,1910,99.08573437946418
random,2,2,383,4.16,1915,99.08847889916298
random,2,2,384,4.16,1920,99.09120699071545
random,2,2,385,4.16,1925,99.09383985362028
random,2,2,386,4.17,1930,99.09426585577759
random,2,2,387,4.19,1935,99.09262186802954
random,2,2,388,4.19,1940,99.09532548850265
random,2,2,389,4.19,1945,99.09801304544378
random,2,2,390,4.19,1950,99.10078118293416
random,2,2,391,4.19,1955,99.10353238195083
random,2,2,392,4.19,1960,99.10615240208209
random,2,2,393,4.19,1965,99.10875715227702
random,2,2,394,4.19,1970,99.11115825201527
random,2,2,395,4.19,1975,99.11345266810545
random,2,2,396,4.19,1980,99.115716607222
random,2,2,397,4.19,1985,99.11806184091435
random,2,2,398,4.19,1990,99.12041313292468
random,2,2,399,4.19,1995,99.12275192094299
random,2,2,400,4.19,2000,99.12515137595523
random,2,2,401,4.19,2005,99.12746506736636
random,2,2,402,4.2,2010,99.12759902789607
random,2,2,403,4.2,2015,99.12982223511374
random,2,2,404,4.2,2020,99.1320341399905
random,2,2,405,4.2,2025,99.13432405136345
random,2,2,406,4.21,2030,99.13445723684211
random,2,2,407,4.21,2035,99.13672900262466
random,2,2,408,4.21,2040,99.13888320719984
random,2,2,409,4.24,2045,99.13490573737043
random,2,2,410,4.24,2050,99.13707133407958
random,2,2,411,4.24,2055,99.13929600909424
random,2,2,412,4.2700000000000005,2060,99.13534748096549
random,2,2,413,4.31,2065,99.12931051897942
random,2,2,414,4.31,2070,99.13136361804183
random,2,2,415,4.32,2075,99.1313964009249
random,2,2,416,4.34,2080,99.12942309235336
random,2,2,417,4.37,2085,99.12544028178034
random,2,2,418,4.42,2090,99.11748262918297
random,2,2,419,4.42,2095,99.11945174914337
random,2,2,420,4.46,2100,99.11339058524173
random,2,2,421,4.51,2105,99.10537173688803
random,2,2,422,4.5600000000000005,2110,99.09738717339668
random,2,2,423,4.5600000000000005,2115,99.0993837889082
random,2,2,424,4.61,2120,99.0916077164082
random,2,2,425,4.61,2125,99.09376842932967
random,2,2,426,4.61,2130,99.09602525638763
random,2,2,427,4.65,2135,99.09055349110112
random,2,2,428,4.68,2140,99.08706084310322
random,2,2,429,4.7,2145,99.08553194801152
random,2,2,430,4.71,2150,99.08586289884326
random,2,2,431,4.71,2155,99.08812824285603
random,2,2,432,4.71,2160,99.09036481971457
random,2,2,433,4.71,2165,99.09267785247829
random,2,2,434,4.71,2170,99.09480521976438
random,2,2,435,4.71,2175,99.09692263445498
random,2,2,436,4.71,2180,99.0990301662299
random,2,2,437,4.71,2185,99.10129939514205
random,2,2,438,4.74,2190,99.09801906719187
random,2,2,439,4.77,2195,99.09475641925873
random,2,2,440,4.83,2200,99.08583325447147
random,2,2,441,4.859999999999999,2205,99.082655391759
random,2,2,442,4.95,2210,99.06820021459632
random,2,2,443,5.0,2215,99.06131491007397
random,2,2,444,5.0,2220,99.06382819375011
random,2,2,445,5.0,2225,99.0663280549746
random,2,2,446,5.04,2230,99.06138259833135
random,2,2,447,5.06,2235,99.06019576159433
random,2,2,448,5.06,2240,99.06270260257479
random,2,2,449,5.1,2245,99.05782375762054
random,2,2,450,5.11,2250,99.0584983878397
random,2,2,451,5.11,2255,99.06100698272694
random,2,2,452,5.11,2260,99.06350224502887
random,2,2,453,5.12,2265,99.06415646134163
random,2,2,454,5.12,2270,99.06663020690912
random,2,2,455,5.12,2275,99.0690909090909
random,2,2,456,5.12,2280,99.07152183374438
random,2,2,457,5.13,2285,99.0720474648626
random,2,2,458,5.13,2290,99.07435809530683
random,2,2,459,5.13,2295,99.07657414407603
random,2,2,460,5.13,2300,99.07886231415644
random,2,2,461,5.17,2305,99.07405749082116
random,2,2,462,5.17,2310,99.07634037839674
random,2,2,463,5.2299999999999995,2315,99.06791894637415
random,2,2,464,5.33,2320,99.05242759871287
random,2,2,465,5.45,2325,99.03346516040932
random,2,2,466,5.54,2330,99.01981599433829
random,2,2,467,5.609999999999999,2335,99.0097611776958
random,2,2,468,5.67,2340,99.00142653352354
random,2,2,469,5.67,2345,99.00376005903644
random,2,2,470,5.71,2350,98.99898320535746
random,2,2,471,5.71,2355,99.00122441840125
random,2,2,472,5.74,2360,98.99821983315299
random,2,2,473,5.7700000000000005,2365,98.99540357963646
random,2,2,474,5.800000000000001,2370,98.99260082676207
random,2,2,475,5.81,2375,98.99336417346709
random,2,2,476,5.83,2380,98.99239543726236
random,2,2,477,5.86,2385,98.98962033173558
random,2,2,478,5.8999999999999995,2390,98.98515575279082
random,2,2,479,5.8999999999999995,2395,98.987489488768
random,2,2,480,5.8999999999999995,2400,98.98989898989899
random,2,2,481,5.93,2405,98.98706933365219
random,2,2,482,5.9799999999999995,2410,98.98084395664326
random,2,2,483,6.04,2415,98.97294631774048
random,2,2,484,6.04,2420,98.97535073879926
random,2,2,485,6.08,2425,98.97088693297225
random,2,2,486,6.11,2430,98.96821912256408
random,2,2,487,6.11,2435,98.97061796617022
random,2,2,488,6.11,2440,98.97302294310447
random,2,2,489,6.16,2445,98.96703222993595
random,2,2,490,6.23,2450,98.95763619328068
random,2,2,491,6.23,2455,98.95996794764783
random,2,2,492,6.2700000000000005,2460,98.95562662402558
random,2,2,493,6.34,2465,98.9463187635034
random,2,2,494,6.34,2470,98.94864268776014
random,2,2,495,6.370000000000001,2475,98.94609708480859
random,2,2,496,6.370000000000001,2480,98.94860198725777
random,2,2,497,6.370000000000001,2485,98.95100864553315
random,2,2,498,6.39,2490,98.95017004288039
random,2,2,499,6.39,2495,98.95261354882066
random,2,2,500,6.39,2500,98.95487479759899
random,2,2,501,6.41,2505,98.95369146140412
random,2,2,502,6.41,2510,98.9558560026063
random,2,2,503,6.4799999999999995,2515,98.94654701521655
random,2,2,504,6.54,2520,98.93889736184573
random,2,2,505,6.58,2525,98.93451648422825
random,2,2,506,6.58,2530,98.93653128181921
random,2,2,507,6.61,2535,98.93369898370705
random,2,2,508,6.61,2540,98.93570773020754
random,2,2,509,6.61,2545,98.93770892260221
random,2,2,510,6.619999999999999,2550,98.93818368459884
random,2,2,511,6.64,2555,98.93705577255555
random,2,2,512,6.69,2560,98.93122453870117
random,2,2,513,6.7,2565,98.93170910598403
random,2,2,514,6.7,2570,98.93386799057986
random,2,2,515,6.7299999999999995,2575,98.9312540693335
random,2,2,516,6.76,2580,98.92882043481018
random,2,2,517,6.76,2585,98.93105629348513
random,2,2,518,6.78,2590,98.930126869911
random,2,2,519,6.78,2595,98.93218256843166
random,2,2,520,6.78,2600,98.93433089182987
random,2,2,521,6.78,2605,98.93655399576504
random,2,2,522,6.78,2610,98.93876784372651
random,2,2,523,6.79,2615,98.93939393939394
random,2,2,524,6.79,2620,98.94149375652798
random,2,2,525,6.819999999999999,2625,98.93891775834707
random,2,2,526,6.83,2630,98.9395562594128
random,2,2,527,6.83,2635,98.94174155562442
random,2,2,528,6.8500000000000005,2640,98.94074348982495
random,2,2,529,6.8500000000000005,2645,98.94283597752947
random,2,2,530,6.87,2650,98.94183968948309
random,2,2,531,6.87,2655,98.9439217856484
random,2,2,532,6.87,2660,98.94599570420375
random,2,2,533,6.890000000000001,2665,98.9449990812764
random,2,2,534,6.890000000000001,2670,98.94706277889847
random,2,2,535,6.909999999999999,2675,98.94606796412666
random,2,2,536,6.909999999999999,2680,98.94810552434885
random,2,2,537,6.909999999999999,2685,98.95023091881382
random,2,2,538,6.909999999999999,2690,98.95242715502866
random,2,2,539,6.909999999999999,2695,98.95453513881533
random,2,2,540,6.909999999999999,2700,98.95671342080232
random,2,2,541,6.909999999999999,2705,98.95888264452847
random,2,2,542,6.909999999999999,2710,98.96098037741523
random,2,2,543,6.909999999999999,2715,98.96306967391467
random,2,2,544,6.909999999999999,2720,98.96522806912456
random,2,2,545,6.909999999999999,2725,98.9673774974969
random,2,2,546,6.909999999999999,2730,98.96959484648306
random,2,2,547,6.909999999999999,2735,98.97178739360753
random,2,2,548,6.909999999999999,2740,98.9738944492293
random,2,2,549,6.909999999999999,2745,98.97591700629863
random,2,2,550,6.909999999999999,2750,98.97800718796681
random,2,2,551,6.909999999999999,2755,98.98008885477705
random,2,2,552,6.909999999999999,2760,98.98216205865457
random,2,2,553,6.909999999999999,2765,98.9843164346714
random,2,2,554,6.909999999999999,2770,98.98637250443737
random,2,2,555,6.909999999999999,2775,98.9884350753916
random,2,2,556,6.909999999999999,2780,98.99040077144485
random,2,2,557,6.909999999999999,2785,98.99235884274383
random,2,2,558,6.909999999999999,2790,98.99432397030999
random,2,2,559,6.92,2795,98.99490188673764
random,2,2,560,6.94,2800,98.99402794688932
random,2,2,561,6.959999999999999,2805,98.99315752166302
random,2,2,562,6.959999999999999,2810,98.99517800941298
random,2,2,563,6.97,2815,98.99574958576471
random,2,2,564,6.97,2820,98.99768475244107
random,2,2,565,6.98,2825,98.99817719920199
random,2,2,566,6.98,2830,99.00017189021945
random,2,2,567,6.98,2835,99.00207305740224
random,2,2,568,6.98,2840,99.00389593709417
random,2,2,569,6.98,2845,99.00571216934232
random,2,2,570,6.98,2850,99.00752179044207
random,2,2,571,7.01,2855,99.00506692024923
random,2,2,572,7.03,2860,99.00409412231367
random,2,2,573,7.049999999999999,2865,99.00313905149741
random,2,2,574,7.06,2870,99.00350045167117
random,2,2,575,7.08,2875,99.00252187266656
random,2,2,576,7.090000000000001,2880,99.00289708322786
random,2,2,577,7.109999999999999,2885,99.00179704610547
random,2,2,578,7.109999999999999,2890,99.00357368089132
random,2,2,579,7.13,2895,99.00254609552054
random,2,2,580,7.13,2900,99.00424557287303
random,2,2,581,7.1499999999999995,2905,99.00315087973678
random,2,2,582,7.1499999999999995,2910,99.0049128080943
random,2,2,583,7.1499999999999995,2915,99.00665471873741
random,2,2,584,7.1499999999999995,2920,99.00825299951454
random,2,2,585,7.1499999999999995,2925,99.00992841020812
random,2,2,586,7.1499999999999995,2930,99.01166648236205
random,2,2,587,7.17,2935,99.01070699265964
random,2,2,588,7.17,2940,99.01243750258254
random,2,2,589,7.19,2945,99.01134410450327
random,2,2,590,7.19,2950,99.01306758908473
random,2,2,591,7.199999999999999,2955,99.01334721955764
random,2,2,592,7.23,2960,99.01082212584312
random,2,2,593,7.23,2965,99.01253790051626
random,2,2,594,7.26,2970,99.01021145482557
random,2,2,595,7.26,2975,99.01198949388277
random,2,2,596,7.2700000000000005,2980,99.01232219761708
random,2,2,597,7.2700000000000005,2985,99.01409023718793
random,2,2,598,7.2700000000000005,2990,99.01585195814326
random,2,2,599,7.290000000000001,2995,99.014851552048
random,2,2,600,7.290000000000001,3000,99.01655267311506
random,2,2,601,7.31,3005,99.01547495589166
random,2,2,602,7.31,3010,99.01715607185113
random,2,2,603,7.31,3015,99.01889729961883
random,2,2,604,7.31,3020,99.02056675822335
random,2,2,605,7.31,3025,99.0221651484142
random,2,2,606,7.31,3030,99.02369313780484
random,2,2,607,7.33,3035,99.02254937259137
random,2,2,608,7.35,3040,99.02147431203653
random,2,2,609,7.35,3045,99.02313898007735
random,2,2,610,7.35,3050,99.02479799387017
random,2,2,611,7.35,3055,99.02638690192337
random,2,2,612,7.35,3060,99.0280349113991
random,2,2,613,7.35,3065,99.02974139638035
random,2,2,614,7.37,3070,99.02874237292603
random,2,2,615,7.39,3075,99.02781066645619
random,2,2,616,7.39,3080,99.02950871340958
random,2,2,617,7.39,3085,99.0311373320223
random,2,2,618,7.4399999999999995,3090,99.02627997068369
random,2,2,619,7.46,3095,99.0253589579441
random,2,2,620,7.46,3100,99.02698613520458
random,2,2,621,7.51,3105,99.02203354516097
random,2,2,622,7.55,3110,99.01838416933198
random,2,2,623,7.61,3115,99.01221427551563
random,2,2,624,7.64,3120,99.01001645653272
random,2,2,625,7.64,3125,99.01177079291166
random,2,2,626,7.6899999999999995,3130,99.00701160853788
random,2,2,627,7.6899999999999995,3135,99.00871403526864
random,2,2,628,7.7,3140,99.00906002265005
random,2,2,629,7.7,3145,99.01068969061568
random,2,2,630,7.739999999999999,3150,99.00718317085685
random,2,2,631,7.7700000000000005,3155,99.00490503694786
random,2,2,632,7.7700000000000005,3160,99.00647009180882
random,2,2,633,7.7700000000000005,3165,99.00809354814002
random,2,2,634,7.7700000000000005,3170,99.00983790396575
random,2,2,635,7.7700000000000005,3175,99.01152583772232
random,2,2,636,7.7700000000000005,3180,99.01320802641605
random,2,2,637,7.79,3185,99.01234880949362
random,2,2,638,7.82,3190,99.01028944604052
random,2,2,639,7.86,3195,99.00696137762
random,2,2,640,7.9,3200,99.00364489399539
random,2,2,641,7.95,3205,98.99908091706851
random,2,2,642,8.0,3210,98.99446958270488
random,2,2,643,8.02,3215,98.99370122211349
random,2,2,644,8.02,3220,98.99537773546618
random,2,2,645,8.04,3225,98.99454754639588
random,2,2,646,8.09,3230,98.98997465572992
random,2,2,647,8.09,3235,98.99164900909884
random,2,2,648,8.09,3240,98.99325518305582
random,2,2,649,8.09,3245,98.99485624829163
random,2,2,650,8.09,3250,98.99645222914134
random,2,2,651,8.09,3255,98.99810519276258
random,2,2,652,8.09,3260,98.99981455152377
random,2,2,653,8.12,3265,98.99775358562295
random,2,2,654,8.15,3270,98.99576124993838
random,2,2,655,8.15,3275,98.99752764486648
random,2,2,656,8.15,3280,98.99928783674271
random,2,2,657,8.15,3285,99.00098063250796
random,2,2,658,8.19,3290,98.99776056389736
random,2,2,659,8.25,3295,98.99205864386073
random,2,2,660,8.290000000000001,3300,98.98887642093965
random,2,2,661,8.290000000000001,3305,98.99052629015367
random,2,2,662,8.290000000000001,3310,98.99217078389418
random,2,2,663,8.290000000000001,3315,98.99380992838937
random,2,2,664,8.290000000000001,3320,98.99544374969706
random,2,2,665,8.3,3325,98.99586246945245
random,2,2,666,8.33,3330,98.99392490066066
random,2,2,667,8.34,3335,98.99445382204003
random,2,2,668,8.34,3340,98.9961966202879
random,2,2,669,8.34,3345,98.99787318409574
random,2,2,670,8.38,3350,98.99474580744224
random,2,2,671,8.42,3355,98.99161676646706
random,2,2,672,8.42,3360,98.99322037951526
random,2,2,673,8.43,3365,98.99368516551074
random,2,2,674,8.43,3370,98.99528032036613
random,2,2,675,8.450000000000001,3375,98.99455034387567
random,2,2,676,8.469999999999999,3380,98.99382276075077
random,2,2,677,8.49,3385,98.99309755924001
random,2,2,678,8.49,3390,98.99474282466609
random,2,2,679,8.49,3395,98.99639458596845
random,2,2,680,8.49,3400,98.99798180080019
random,2,2,681,8.5,3405,98.99838563331487
random,2,2,682,8.5,3410,99.00002352885815
random,2,2,683,8.5,3415,99.00165607639093
random,2,2,684,8.5,3420,99.0032716143482
random,2,2,685,8.5,3425,99.00488193216806
random,2,2,686,8.5,3430,99.0065451145395
random,2,2,687,8.5,3435,99.00820274669499
random,2,2,688,8.52,3440,99.00740947854048
random,2,2,689,8.53,3445,99.00783957940773
random,2,2,690,8.53,3450,99.00941807666848
random,2,2,691,8.53,3455,99.01094568897545
random,2,2,692,8.53,3460,99.01245716402704
random,2,2,693,8.53,3465,99.01396402644842
random,2,2,694,8.53,3470,99.0154094765395
random,2,2,695,8.53,3475,99.0167940339108
random,2,2,696,8.53,3480,99.01823120482483
random,2,2,697,8.53,3485,99.01960784313727
random,2,2,698,8.53,3490,99.02109297895294
random,2,2,699,8.53,3495,99.02257362209235
random,2,2,700,8.53,3500,99.024060959006
random,2,2,701,8.53,3505,99.0254881127829
random,2,2,702,8.53,3510,99.02695550003993
random,2,2,703,8.53,3515,99.0284184748562
random,2,2,704,8.53,3520,99.02987705710419
random,2,2,705,8.53,3525,99.03133126653721
random,2,2,706,8.53,3530,99.0328359562792
random,2,2,707,8.53,3535,99.03433597862633
random,2,2,708,8.53,3540,99.03577686090544
random,2,2,709,8.53,3545,99.03721344966534
random,2,2,710,8.53,3550,99.03871076801713
random,2,2,711,8.53,3555,99.04020343636425
random,2,2,712,8.53,3560,99.04169147633438
random,2,2,713,8.53,3565,99.04305683322488
random,2,2,714,8.53,3570,99.04448253072107
random,2,2,715,8.53,3575,99.0459466714388
random,2,2,716,8.53,3580,99.04740633201183
random,2,2,717,8.53,3585,99.04886153297205
random,2,2,718,8.53,3590,99.05031229472606
random,2,2,719,8.53,3595,99.05175863755615
random,2,2,720,8.53,3600,99.05320058162121
random,2,2,721,8.53,3605,99.05470100625028
random,2,2,722,8.53,3610,99.05620712547024
random,2,2,723,8.53,3615,99.05771886219277
random,2,2,724,8.53,3620,99.05921538783929
random,2,2,725,8.53,3625,99.06069682420825
random,2,2,726,8.53,3630,99.06217360233083
random,2,2,727,8.53,3635,99.06360462818627
random,2,2,728,8.53,3640,99.06498004998465
random,2,2,729,8.53,3645,99.06635143714017
random,2,2,730,8.53,3650,99.06771880737956
random,2,2,731,8.53,3655,99.06908217832587
random,2,2,732,8.53,3660,99.07044156749923
random,2,2,733,8.53,3665,99.07179699231757
random,2,2,734,8.53,3670,99.0731988222128
random,2,2,735,8.53,3675,99.07459642423191
random,2,2,736,8.53,3680,99.07597980804645
random,2,2,737,8.53,3685,99.07736904156707
random,2,2,738,8.53,3690,99.07870435374296
random,2,2,739,8.53,3695,99.08002588438309
random,2,2,740,8.53,3700,99.08135352273462
random,2,2,741,8.53,3705,99.08267733470986
random,2,2,742,8.53,3710,99.08404651712178
random,2,2,743,8.53,3715,99.08541161838184
random,2,2,744,8.53,3720,99.08682153944974
random,2,2,745,8.55,3725,99.08608931739957
random,2,2,746,8.55,3730,99.0874743852459
random,2,2,747,8.55,3735,99.08881642048725
random,2,2,748,8.57,3740,99.08802622057634
random,2,2,749,8.61,3745,99.08512288680387
random,2,2,750,8.649999999999999,3750,99.08217942596424
random,2,2,751,8.690000000000001,3755,99.0792443234194
random,2,2,752,8.74,3760,99.07530840686431
random,2,2,753,8.74,3765,99.07661750412035
random,2,2,754,8.77,3770,99.07475787563564
random,2,2,755,8.77,3775,99.07611272056886
random,2,2,756,8.77,3780,99.07751212277398
random,2,2,757,8.77,3785,99.07891696599239
random,2,2,758,8.77,3790,99.08031753688692
random,2,2,759,8.77,3795,99.08171385491707
random,2,2,760,8.77,3800,99.08310593942436
random,2,2,761,8.77,3805,99.08449380963317
random,2,2,762,8.77,3810,99.0858774846517
random,2,2,763,8.77,3815,99.0872569834728
random,2,2,764,8.780000000000001,3820,99.08758365548489
random,2,2,765,8.780000000000001,3825,99.088899727085
random,2,2,766,8.790000000000001,3830,99.08912861006621
random,2,2,767,8.799999999999999,3835,99.08935685828116
random,2,2,768,8.799999999999999,3840,99.09060846560847
random,2,2,769,8.82,3845,99.0897926749982
random,2,2,770,8.83,3850,99.0900096873261
random,2,2,771,8.83,3855,99.09125526156
random,2,2,772,8.83,3860,99.09245079397708
random,2,2,773,8.83,3865,99.09359666591389
random,2,2,774,8.83,3870,99.09478604965862
random,2,2,775,8.83,3875,99.09596306041588
random,2,2,776,8.83,3880,99.09713701431492
random,2,2,777,8.83,3885,99.09836316665476
random,2,2,778,8.83,3890,99.09963189933823
random,2,2,779,8.83,3895,99.1008970664603
random,2,2,780,8.83,3900,99.10212216426181
random,2,2,781,8.83,3905,99.1033439280238
random,2,2,782,8.83,3910,99.10456237133788
random,2,2,783,8.83,3915,99.10582278481013
random,2,2,784,8.83,3920,99.10712480029122
random,2,2,785,8.83,3925,99.10842302954421
random,2,2,786,8.83,3930,99.10967260554362
random,2,2,787,8.83,3935,99.11090973166189
random,2,2,788,8.83,3940,99.11209878529482
random,2,2,789,8.83,3945,99.11327575818437
random,2,2,790,8.84,3950,99.11344672657253
random,2,2,791,8.870000000000001,3955,99.11161411802412
random,2,2,792,8.93,3960,99.10677669417355
random,2,2,793,8.97,3965,99.1039945660317
random,2,2,794,8.97,3970,99.10526368288231
random,2,2,795,8.97,3975,99.10653810908802
random,2,2,796,8.97,3980,99.10780890997523
random,2,2,797,8.97,3985,99.10906725201379
random,2,2,798,8.97,3990,99.11027792656073
random,2,2,799,8.97,3995,99.11145010945904
random,2,2,800,8.97,4000,99.11256653277667
random,2,2,801,8.97,4005,99.11368015414259
random,2,2,802,8.97,4010,99.1147909840919
random,2,2,803,8.97,4015,99.11598616326168
random,2,2,804,8.97,4020,99.11704776997962
random,2,2,805,8.97,4025,99.11806347583277
random,2,2,806,8.97,4030,99.11916335248195
random,2,2,807,8.97,4035,99.1202691172288
random,2,2,808,8.97,4040,99.1213721091967
random,2,2,809,8.97,4045,99.12251526060416
random,2,2,810,8.97,4050,99.12365544124975
random,2,2,811,8.97,4055,99.12470725995315
random,2,2,812,8.97,4060,99.12575655682583
random,2,2,813,8.97,4065,99.12680334092634
random,2,2,814,8.97,4070,99.12784762127002
random,2,2,815,8.97,4075,99.12888940682905
random,2,2,816,8.97,4080,99.12992870653281
random,2,2,817,8.97,4085,99.13104971519356
random,2,2,818,8.97,4090,99.13212585626378
random,2,2,819,8.97,4095,99.13319933516293
random,2,2,820,8.97,4100,99.13427016175731
random,2,2,821,8.97,4105,99.13533834586467
random,2,2,822,8.97,4110,99.1363623234453
random,2,2,823,8.97,4115,99.13742535411718
random,2,2,824,8.97,4120,99.13852714071683
random,2,2,825,8.97,4125,99.13966737641711
random,2,2,826,8.97,4130,99.14076344652521
random,2,2,827,8.97,4135,99.14185672738405
random,2,2,828,8.97,4140,99.14298817189918
random,2,2,829,8.97,4145,99.1440349638338
random,2,2,830,8.97,4150,99.14503845897234
random,2,2,831,8.97,4155,99.14608025132087
random,2,2,832,8.98,4160,99.14616869348598
random,2,2,833,9.0,4165,99.14534784342773
random,2,2,834,9.01,4170,99.14551800007587
random,2,2,835,9.01,4175,99.14667525358234
random,2,2,836,9.01,4180,99.14782937671427
random,2,2,837,9.01,4185,99.14894018967016
random,2,2,838,9.01,4190,99.15001603743325
random,2,2,839,9.01,4195,99.15108117020776
random,2,2,840,9.01,4200,99.1521037426009
random,2,2,841,9.01,4205,99.15312385446138
random,2,2,842,9.01,4210,99.15418121737825
random,2,2,843,9.01,4215,99.15528346286904
random,2,2,844,9.01,4220,99.15638283927267
random,2,2,845,9.01,4225,99.15743996409067
random,2,2,846,9.01,4230,99.15849444288783
random,2,2,847,9.02,4235,99.15861348457146
random,2,2,848,9.02,4240,99.15965603659502
random,2,2,849,9.02,4245,99.16069600818832
random,2,2,850,9.02,4250,99.16169445528728
random,2,2,851,9.02,4255,99.16265166494927
random,2,2,852,9.02,4260,99.16364546727368
random,2,2,853,9.02,4265,99.16463691341674
random,2,2,854,9.02,4270,99.16562601174785
random,2,2,855,9.02,4275,99.1666512685009
random,2,2,856,9.02,4280,99.16767400872926
random,2,2,857,9.02,4285,99.16873254753062
random,2,2,858,9.02,4290,99.16983424295694
random,2,2,859,9.02,4295,99.17094064229121
random,2,2,860,9.02,4300,99.1720440964541
random,2,2,861,9.02,4305,99.17314461718979
random,2,2,862,9.02,4310,99.17424221618009
random,2,2,863,9.02,4315,99.17533690504489
random,2,2,864,9.02,4320,99.17642869534254
random,2,2,865,9.030000000000001,4325,99.17659824742174
random,2,2,866,9.04,4330,99.17676735481874
random,2,2,867,9.04,4335,99.17784548224273
random,2,2,868,9.04,4340,99.17892824704813
random,2,2,869,9.06,4345,99.1781791134131
random,2,2,870,9.06,4350,99.17924374467776
random,2,2,871,9.06,4355,99.18027595566615
random,2,2,872,9.06,4360,99.18130557362828
random,2,2,873,9.06,4365,99.18236950400693
random,2,2,874,9.06,4370,99.18342331299402
random,2,2,875,9.06,4375,99.18447440905899
random,2,2,876,9.06,4380,99.18548619102417
random,2,2,877,9.06,4385,99.18649546556523
random,2,2,878,9.06,4390,99.18750952837887
random,2,2,879,9.06,4395,99.18855740553322
random,2,2,880,9.06,4400,99.18956633748391
random,2,2,881,9.06,4405,99.19057276357755
random,2,2,882,9.06,4410,99.19157669313822
random,2,2,883,9.1,4415,99.18896999188969
random,2,2,884,9.1,4420,99.18993020937188
random,2,2,885,9.16,4425,99.18555335247935
random,2,2,886,9.16,4430,99.18647921347815
random,2,2,887,9.16,4435,99.18743901357226
random,2,2,888,9.180000000000001,4440,99.18658845629021
random,2,2,889,9.180000000000001,4445,99.18754591073625
random,2,2,890,9.180000000000001,4450,99.188501113822
random,2,2,891,9.180000000000001,4455,99.1894540734789
random,2,2,892,9.180000000000001,4460,99.19040479760119
random,2,2,893,9.180000000000001,4465,99.19135329404614
random,2,2,894,9.180000000000001,4470,99.19230667710744
random,2,2,895,9.180000000000001,4475,99.19329326162607
random,2,2,896,9.180000000000001,4480,99.19424207846923
random,2,2,897,9.180000000000001,4485,99.19522394340268
random,2,2,898,9.180000000000001,4490,99.19616822675411
random,2,2,899,9.180000000000001,4495,99.1971454058876
random,2,2,900,9.180000000000001,4500,99.19812021208759
random,2,2,901,9.2,4505,99.19738276990185
random,2,2,902,9.2,4510,99.19838282448069
random,2,2,903,9.229999999999999,4515,99.19673472229475
random,2,2,904,9.29,4520,99.19248287611696
random,2,2,905,9.31,4525,99.19171398308764
random,2,2,906,9.31,4530,99.19268123482483
random,2,2,907,9.31,4535,99.19361823756647
random,2,2,908,9.31,4540,99.1945530677925
random,2,2,909,9.31,4545,99.19552049219284
random,2,2,910,9.31,4550,99.19645091963646
random,2,2,911,9.31,4555,99.19737919737919
random,2,2,912,9.31,4560,99.19830533286259
random,2,2,913,9.31,4565,99.19922933349389
random,2,2,914,9.31,4570,99.20015120664621
random,2,2,915,9.31,4575,99.2010709596588
random,2,2,916,9.31,4580,99.20202279934858
random,2,2,917,9.35,4585,99.19954112732005
random,2,2,918,9.35,4590,99.20049253080455
random,2,2,919,9.35,4595,99.20146895550431
random,2,2,920,9.39,4600,99.19903782179232
random,2,2,921,9.43,4605,99.1965784294514
random,2,2,922,9.43,4610,99.1975219341168
random,2,2,923,9.47,4615,99.19502907075584
random,2,2,924,9.47,4620,99.19593808638358
random,2,2,925,9.47,4625,99.19681099190026
random,2,2,926,9.47,4630,99.19774997246766
random,2,2,927,9.47,4635,99.19865285675601
random,2,2,928,9.47,4640,99.19955371104481
random,2,2,929,9.47,4645,99.20045254217254
random,2,2,930,9.47,4650,99.20138303255186
random,2,2,931,9.47,4655,99.20224416214577
random,2,2,932,9.47,4660,99.20313696451561
random,2,2,933,9.47,4665,99.20406122088772
random,2,2,934,9.47,4670,99.20501670556237
random,2,2,935,9.47,4675,99.20596989896448
random,2,2,936,9.5,4680,99.20440841484658
random,2,2,937,9.54,4685,99.20198750282316
random,2,2,938,9.54,4690,99.2028743315508
random,2,2,939,9.54,4695,99.20379906358758
random,2,2,940,9.54,4700,99.20474817025391
random,2,2,941,9.54,4705,99.20570163022663
random,2,2,942,9.54,4710,99.20665280665281
random,2,2,943,9.55,4715,99.2067711015499
random,2,2,944,9.55,4720,99.20771872770413
random,2,2,945,9.569999999999999,4725,99.20701341531118
random,2,2,946,9.569999999999999,4730,99.20796504121562
random,2,2,947,9.62,4735,99.20478123217578
random,2,2,948,9.66,4740,99.20243068742879
random,2,2,949,9.67,4745,99.20255972555519
random,2,2,950,9.69,4750,99.20186478650501
random,2,2,951,9.71,4755,99.20117150543383
random,2,2,952,9.719999999999999,4760,99.20130158260612
random,2,2,953,9.73,4765,99.20142479604735
random,2,2,954,9.73,4770,99.20232825053287
random,2,2,955,9.73,4775,99.20322966311272
random,2,2,956,9.73,4780,99.20413555052062
random,2,2,957,9.75,4785,99.20339883165163
random,2,2,958,9.75,4790,99.20426351527814
random,2,2,959,9.75,4795,99.20513280396537
random,2,2,960,9.75,4800,99.20603252416511
random,2,2,961,9.8,4805,99.202830764225
random,2,2,962,9.8,4810,99.2036922676894
random,2,2,963,9.84,4815,99.2012987012987
random,2,2,964,9.89,4820,99.19813844881546
random,2,2,965,9.93,4825,99.1957951342771
random,2,2,966,9.94,4830,99.19588396136359
random,2,2,967,9.98,4835,99.19352231955264
random,2,2,968,9.98,4840,99.19439466589174
random,2,2,969,9.98,4845,99.19526512708038
random,2,2,970,9.98,4850,99.19612075909399
random,2,2,971,9.98,4855,99.19700687934989
random,2,2,972,9.98,4860,99.19785881350619
random,2,2,973,9.98,4865,99.19867677286743
random,2,2,974,9.98,4870,99.19949306574905
random,2,2,975,9.98,4875,99.20037177104032
random,2,2,976,9.98,4880,99.20128051220487
random,2,2,977,9.98,4885,99.20212340704498
random,2,2,978,9.98,4890,99.20297089006908
random,2,2,979,9.98,4895,99.2037848144691
random,2,2,980,9.98,4900,99.20459073882203
random,2,2,981,9.98,4905,99.2054582945218
random,2,2,982,10.02,4910,99.2031428934979
random,2,2,983,10.02,4915,99.20401645985923
random,2,2,984,10.040000000000001,4920,99.20329474126918
random,2,2,985,10.09,4925,99.2001331790148
random,2,2,986,10.13,4930,99.19779532298043
random,2,2,987,10.13,4935,99.19866470485864
random,2,2,988,10.13,4940,99.19957015415979
random,2,2,989,10.17,4945,99.19732283091687
random,2,2,990,10.17,4950,99.19823406519768
random,2,2,991,10.23,4955,99.19442475785495
random,2,2,992,10.27,4960,99.19219727061784
random,2,2,993,10.32,4965,99.1891891891892
random,2,2,994,10.36,4970,99.18695996798066
random,2,2,995,10.42,4975,99.18314231510952
random,2,2,996,10.459999999999999,4980,99.18086064450449
random,2,2,997,10.459999999999999,4985,99.18171932816497
random,2,2,998,10.489999999999998,4990,99.18023178575058
random,2,2,999,10.489999999999998,4995,99.18112129396887
random,2,2,1000,10.489999999999998,5000,99.18204076540398
random,2,2,1001,10.489999999999998,5005,99.18295817431265
random,2,2,1002,10.489999999999998,5010,99.18387352762693
random,2,2,1003,10.489999999999998,5015,99.18478683224794
random,2,2,1004,10.489999999999998,5020,99.18569809504588
random,2,2,1005,10.51,5025,99.18506284553413
random,2,2,1006,10.51,5030,99.18597176073301
random,2,2,1007,10.51,5035,99.18687865072918
random,2,2,1008,10.51,5040,99.18778979907265
random,2,2,1009,10.51,5045,99.18869890771546
random,2,2,1010,10.51,5050,99.18959973475006
random,2,2,1011,10.51,5055,99.19049856353932
random,2,2,1012,10.51,5060,99.19139540072474
random,2,2,1013,10.51,5065,99.192296460245
random,2,2,1014,10.51,5070,99.1931955138293
random,2,2,1015,10.549999999999999,5075,99.19102536576389
random,2,2,1016,10.549999999999999,5080,99.19192383403418
random,2,2,1017,10.56,5085,99.19205520956068
random,2,2,1018,10.56,5090,99.19294437735965
random,2,2,1019,10.56,5095,99.19382543572361
random,2,2,1020,10.56,5100,99.19467386579423
random,2,2,1021,10.56,5105,99.1955205119415
random,2,2,1022,10.56,5110,99.19640207291738
random,2,2,1023,10.56,5115,99.1972756020433
random,2,2,1024,10.56,5120,99.19812287855662
random,2,2,1025,10.56,5125,99.19896836835318
random,2,2,1026,10.56,5130,99.1998120770787
random,2,2,1027,10.56,5135,99.20068426271449
random,2,2,1028,10.59,5140,99.19925596588331
random,2,2,1029,10.59,5145,99.20012689205112
random,2,2,1030,10.59,5150,99.20099592575826
random,2,2,1031,10.59,5155,99.20186307316632
random,2,2,1032,10.59,5160,99.20269232506664
random,2,2,1033,10.59,5165,99.20351985559567
random,2,2,1034,10.59,5170,99.204315779192
random,2,2,1035,10.620000000000001,5175,99.2028642842667
random,2,2,1036,10.620000000000001,5180,99.20365926814637
random,2,2,1037,10.620000000000001,5185,99.20445862735404
random,2,2,1038,10.63,5190,99.2045378012916
random,2,2,1039,10.63,5195,99.20536435128427
random,2,2,1040,10.63,5200,99.20615361636982
random,2,2,1041,10.63,5205,99.20697089739859
random,2,2,1042,10.63,5210,99.20778649734314
random,2,2,1043,10.66,5215,99.20633738850752
random,2,2,1044,10.66,5220,99.20715199476393
random,2,2,1045,10.66,5225,99.20797081528482
random,2,2,1046,10.66,5230,99.20878207364413
random,2,2,1047,10.7,5235,99.20659048946693
random,2,2,1048,10.7,5240,99.20737217950428
random,2,2,1049,10.7,5245,99.20812302955846
random,2,2,1050,10.71,5250,99.2081623599867
random,2,2,1051,10.74,5255,99.20673023657757
random,2,2,1052,10.74,5260,99.20751459161914
random,2,2,1053,10.74,5265,99.20829739711183
random,2,2,1054,10.75,5270,99.2083364017969
random,2,2,1055,10.780000000000001,5275,99.20693308221999
random,2,2,1056,10.82,5280,99.20479767171814
random,2,2,1057,10.82,5285,99.20560335966638
random,2,2,1058,10.82,5290,99.20637831256373
random,2,2,1059,10.82,5295,99.20718080234475
random,2,2,1060,10.82,5300,99.20798167085124
random,2,2,1061,10.82,5305,99.20878092299142
random,2,2,1062,10.82,5310,99.20957856365376
random,2,2,1063,10.82,5315,99.21037459770702
random,2,2,1064,10.82,5320,99.21116903000036
random,2,2,1065,10.82,5325,99.21196186536346
random,2,2,1066,10.82,5330,99.2127531086066
random,2,2,1067,10.82,5335,99.2135141814587
random,2,2,1068,10.82,5340,99.21424525424467
random,2,2,1069,10.82,5345,99.21499775091776
random,2,2,1070,10.82,5350,99.2157544920162
random,2,2,1071,10.82,5355,99.21647006003201
random,2,2,1072,10.82,5360,99.21718432342877
random,2,2,1073,10.82,5365,99.21787467200613
random,2,2,1074,10.82,5370,99.21859202126123
random,2,2,1075,10.82,5375,99.21936438079435
random,2,2,1076,10.82,5380,99.22014083593407
random,2,2,1077,10.82,5385,99.22091574801448
random,2,2,1078,10.82,5390,99.22171711359191
random,2,2,1079,10.82,5395,99.22251683229501
random,2,2,1080,10.82,5400,99.22331490919531
random,2,2,1081,10.82,5405,99.22407796510501
random,2,2,1082,10.82,5410,99.22486728896976
random,2,2,1083,10.82,5415,99.22563284118317
random,2,2,1084,10.82,5420,99.22636922636923
random,2,2,1085,10.82,5425,99.22710421235348
random,2,2,1086,10.82,5430,99.22786535456109
random,2,2,1087,10.82,5435,99.22863049832465
random,2,2,1088,10.82,5440,99.2293941271571
random,2,2,1089,10.83,5445,99.22944474485585
random,2,2,1090,10.86,5450,99.22810110027578
random,2,2,1091,10.91,5455,99.22531260872961
random,2,2,1092,10.92,5460,99.22536709938285
random,2,2,1093,10.92,5465,99.22609724810954
random,2,2,1094,10.92,5470,99.22682602169418
random,2,2,1095,10.92,5475,99.22757527957955
random,2,2,1096,10.92,5480,99.22832308670765
random,2,2,1097,10.93,5485,99.22839070397876
random,2,2,1098,10.95,5490,99.22775838358193
random,2,2,1099,10.95,5495,99.22850922618419
random,2,2,1100,10.99,5500,99.22644311646994
random,2,2,1101,11.03,5505,99.22438647071232
random,2,2,1102,11.09,5510,99.22095620776375
random,2,2,1103,11.09,5515,99.22174346306615
random,2,2,1104,11.09,5520,99.22252912886808
random,2,2,1105,11.09,5525,99.22331320997857
random,2,2,1106,11.110000000000001,5530,99.22266923211474
random,2,2,1107,11.14,5535,99.22132751775429
random,2,2,1108,11.19,5540,99.21861907156024
random,2,2,1109,11.23,5545,99.21661365031531
random,2,2,1110,11.23,5550,99.2173997881474
random,2,2,1111,11.23,5555,99.21815713440317
random,2,2,1112,11.25,5560,99.21751650170755
random,2,2,1113,11.27,5565,99.21687709765064
random,2,2,1114,11.3,5570,99.21557738363819
random,2,2,1115,11.33,5575,99.21428026546647
random,2,2,1116,11.360000000000001,5580,99.21298573536646
random,2,2,1117,11.41,5585,99.21031504346381
random,2,2,1118,11.41,5590,99.21110127772553
random,2,2,1119,11.41,5595,99.21188594794718
random,2,2,1120,11.469999999999999,5600,99.20852338202721
random,2,2,1121,11.51,5605,99.20654616646675
random,2,2,1122,11.559999999999999,5610,99.20385674931129
random,2,2,1123,11.62,5615,99.20048438811597
random,2,2,1124,11.690000000000001,5620,99.19643102642361
random,2,2,1125,11.690000000000001,5625,99.19719257763676
random,2,2,1126,11.690000000000001,5630,99.19795268675558
random,2,2,1127,11.709999999999999,5635,99.19734596376748
random,2,2,1128,11.72,5640,99.19739770587228
random,2,2,1129,11.73,5645,99.19744935310176
random,2,2,1130,11.73,5650,99.19818446542213
random,2,2,1131,11.73,5655,99.19891823229322
random,2,2,1132,11.75,5660,99.19828603789549
random,2,2,1133,11.78,5665,99.19697331197382
random,2,2,1134,11.82,5670,99.19498191774105
random,2,2,1135,11.86,5675,99.19299415499138
random,2,2,1136,11.86,5680,99.19372930787168
random,2,2,1137,11.86,5685,99.1944631225761
random,2,2,1138,11.86,5690,99.19519560275506
random,2,2,1139,11.86,5695,99.1959540080269
random,2,2,1140,11.86,5700,99.19668378059849
random,2,2,1141,11.86,5705,99.19743938501931
random,2,2,1142,11.87,5710,99.19751750993807
random,2,2,1143,11.87,5715,99.19827091283645
random,2,2,1144,11.87,5720,99.1990229024117
random,2,2,1145,11.89,5725,99.19839814465239
random,2,2,1146,11.89,5730,99.19912166076168
random,2,2,1147,11.89,5735,99.19987079494754
random,2,2,1148,11.89,5740,99.20061852897673
random,2,2,1149,11.89,5745,99.201364866771
random,2,2,1150,11.89,5750,99.20210981223745
random,2,2,1151,11.899999999999999,5755,99.20220967806814
random,2,2,1152,11.899999999999999,5760,99.20295242496702
random,2,2,1153,11.899999999999999,5765,99.20366714625088
random,2,2,1154,11.899999999999999,5770,99.20438058688632
random,2,2,1155,11.899999999999999,5775,99.20509275031229
random,2,2,1156,11.899999999999999,5780,99.20583014108195
random,2,2,1157,11.899999999999999,5785,99.20656616504758
random,2,2,1158,11.899999999999999,5790,99.20730082600586
random,2,2,1159,11.92,5795,99.20667669413127
random,2,2,1160,11.959999999999999,5800,99.20472378115275
random,2,2,1161,12.0,5805,99.20277434527843
random,2,2,1162,12.06,5810,99.19950084961768
random,2,2,1163,12.06,5815,99.20021221566418
random,2,2,1164,12.06,5820,99.20092231851793
random,2,2,1165,12.06,5825,99.20165758656985
random,2,2,1166,12.07,5830,99.20173013584477
random,2,2,1167,12.07,5835,99.20243696146323
random,2,2,1168,12.09,5840,99.20182214299862
random,2,2,1169,12.09,5845,99.2025276377932
random,2,2,1170,12.13,5850,99.20062210447928
random,2,2,1171,12.17,5855,99.19874643649555
random,2,2,1172,12.17,5860,99.1995053640376
random,2,2,1173,12.2,5865,99.19829144077542
random,2,2,1174,12.25,5870,99.19576677893106
random,2,2,1175,12.25,5875,99.19650001967754
random,2,2,1176,12.25,5880,99.19723192461188
random,2,2,1177,12.25,5885,99.1979624973811
random,2,2,1178,12.25,5890,99.19869174161897
random,2,2,1179,12.32,5895,99.19484491615145
random,2,2,1180,12.32,5900,99.19554940319169
random,2,2,1181,12.32,5905,99.19627887557327
random,2,2,1182,12.32,5910,99.19700702618852
random,2,2,1183,12.32,5915,99.19773385862663
random,2,2,1184,12.32,5920,99.19843330145284
random,2,2,1185,12.32,5925,99.19913152574546
random,2,2,1186,12.32,5930,99.199828534686
random,2,2,1187,12.32,5935,99.20052433144497
random,2,2,1188,12.32,5940,99.20121891918177
random,2,2,1189,12.32,5945,99.20193815020664
random,2,2,1190,12.32,5950,99.20265608719008
random,2,2,1191,12.32,5955,99.2033727336213
random,2,2,1192,12.32,5960,99.20408809297699
random,2,2,1193,12.32,5965,99.20482783102591
random,2,2,1194,12.34,5970,99.20427653002663
random,2,2,1195,12.34,5975,99.2050147207566
random,2,2,1196,12.34,5980,99.20572598190034
random,2,2,1197,12.34,5985,99.20643597147286
random,2,2,1198,12.34,5990,99.20717016287064
random,2,2,1199,12.34,5995,99.20787757407693
random,2,2,1200,12.34,6000,99.20858372401763
random,2,2,1201,12.34,6005,99.20928861606285
random,2,2,1202,12.34,6010,99.21001754093953
random,2,2,1203,12.34,6015,99.21071988231157
random,2,2,1204,12.34,6020,99.21142097594642
random,2,2,1205,12.34,6025,99.21214597645375
random,2,2,1206,12.34,6030,99.21286964508968
random,2,2,1207,12.34,6035,99.2135919855209
random,2,2,1208,12.34,6040,99.2143180038329
random,2,2,1209,12.34,6045,99.21504268284926
random,2,2,1210,12.34,6050,99.21576104226247
random,2,2,1211,12.34,6055,99.21648306295438
random,2,2,1212,12.34,6060,99.21720375539203
random,2,2,1213,12.36,6065,99.21665061096182
random,2,2,1214,12.379999999999999,6070,99.21609847525454
random,2,2,1215,12.4,6075,99.21552253158471
random,2,2,1216,12.43,6080,99.21434034295972
random,2,2,1217,12.43,6085,99.21502999684245
random,2,2,1218,12.43,6090,99.21571844102746
random,2,2,1219,12.43,6095,99.21640567869481
random,2,2,1220,12.43,6100,99.2170917130134
random,2,2,1221,12.43,6105,99.21777654714109
random,2,2,1222,12.43,6110,99.21846018422458
random,2,2,1223,12.43,6115,99.21911809974934
random,2,2,1224,12.47,6120,99.21726412784895
random,2,2,1225,12.47,6125,99.2179219427145
random,2,2,1226,12.47,6130,99.2186031356134
random,2,2,1227,12.47,6135,99.21928314290186
random,2,2,1228,12.53,6140,99.21620877746085
random,2,2,1229,12.590000000000002,6145,99.21311516393955
random,2,2,1230,12.629999999999999,6150,99.21127569754951
random,2,2,1231,12.629999999999999,6155,99.21195974318499
random,2,2,1232,12.690000000000001,6160,99.20890218814289
random,2,2,1233,12.75,6165,99.20584992743649
random,2,2,1234,12.75,6170,99.2065122010418
random,2,2,1235,12.78,6175,99.20530789655324
random,2,2,1236,12.809999999999999,6180,99.20410559735572
random,2,2,1237,12.83,6185,99.20352608871093
random,2,2,1238,12.83,6190,99.20418809197426
random,2,2,1239,12.83,6195,99.20484899568028
random,2,2,1240,12.83,6200,99.20553340103535
random,2,2,1241,12.86,6205,99.20433593604989
random,2,2,1242,12.9,6210,99.20252225519289
random,2,2,1243,12.91,6215,99.20256464106143
random,2,2,1244,12.93,6220,99.20198977954428
random,2,2,1245,12.94,6225,99.20203253536587
random,2,2,1246,12.94,6230,99.20269137871543
random,2,2,1247,12.94,6235,99.203349135012
random,2,2,1248,12.94,6240,99.20403028867743
random,2,2,1249,12.94,6245,99.20473471695563
random,2,2,1250,12.94,6250,99.20543789950693
random,2,2,1251,12.94,6255,99.20611548749663
random,2,2,1252,12.94,6260,99.20679192080179
random,2,2,1253,12.959999999999999,6265,99.20621795931866
random,2,2,1254,12.959999999999999,6270,99.20686890693561
random,2,2,1255,12.959999999999999,6275,99.20751878779726
random,2,2,1256,12.959999999999999,6280,99.20819179354335
random,2,2,1257,12.959999999999999,6285,99.20886365717425
random,2,2,1258,12.959999999999999,6290,99.20953438159484
random,2,2,1259,12.959999999999999,6295,99.21017990346644
random,2,2,1260,12.98,6300,99.2096065082632
random,2,2,1261,12.98,6305,99.21024611359557
random,2,2,1262,12.98,6310,99.21088948197145
random,2,2,1263,12.98,6315,99.21152701340039
random,2,2,1264,12.98,6320,99.21219220567974
random,2,2,1265,12.98,6325,99.21282763472291
random,2,2,1266,12.98,6330,99.21348586940715
random,2,2,1267,12.98,6335,99.21414300417752
random,2,2,1268,12.98,6340,99.21477529143452
random,2,2,1269,12.98,6345,99.21540656205421
random,2,2,1270,12.98,6350,99.21603681848656
random,2,2,1271,12.98,6355,99.21666606317365
random,2,2,1272,12.98,6360,99.21729901830724
random,2,2,1273,12.98,6365,99.21792623923746
random,2,2,1274,12.98,6370,99.21855245571997
random,2,2,1275,12.98,6375,99.21918236723694
random,2,2,1276,12.98,6380,99.21983471074381
random,2,2,1277,12.98,6385,99.22046255757947
random,2,2,1278,12.98,6390,99.22108472053864
random,2,2,1279,12.98,6395,99.22170589117074
random,2,2,1280,12.98,6400,99.22232607184796
random,2,2,1281,12.989999999999998,6405,99.22234660951503
random,2,2,1282,13.0,6410,99.22232059534349
random,2,2,1283,13.01,6415,99.2223178633766
random,2,2,1284,13.01,6420,99.22291243579024
random,2,2,1285,13.01,6425,99.22352927133504
random,2,2,1286,13.020000000000001,6430,99.2235487756879
random,2,2,1287,13.020000000000001,6435,99.22414101326468
random,2,2,1288,13.03,6440,99.22413690440747
random,2,2,1289,13.03,6445,99.22472779199143
random,2,2,1290,13.03,6450,99.22534080842792
random,2,2,1291,13.03,6455,99.22595285619238
random,2,2,1292,13.05,6460,99.22540436266509
random,2,2,1293,13.05,6465,99.22601996334716
random,2,2,1294,13.05,6470,99.22665750112594
random,2,2,1295,13.05,6475,99.22729398947226
random,2,2,1296,13.05,6480,99.22790659148863
random,2,2,1297,13.05,6485,99.22851822293163
random,2,2,1298,13.05,6490,99.22912433249846
random,2,2,1299,13.05,6495,99.22972949044097
random,2,2,1300,13.05,6500,99.23031100153938
random,2,2,1301,13.05,6505,99.23091429851134
random,2,2,1302,13.05,6510,99.23151665047257
random,2,2,1303,13.08,6515,99.23035281380187
random,2,2,1304,13.11,6520,99.22919532931175
random,2,2,1305,13.11,6525,99.22979760890638
random,2,2,1306,13.11,6530,99.23042605398172
random,2,2,1307,13.139999999999999,6535,99.22929387130264
random,2,2,1308,13.19,6540,99.22696876813166
random,2,2,1309,13.22,6545,99.22581854170448
random,2,2,1310,13.22,6550,99.2264255829603
random,2,2,1311,13.239999999999998,6555,99.22586228066585
random,2,2,1312,13.25,6560,99.22587957607412
random,2,2,1313,13.270000000000001,6565,99.22529044310818
random,2,2,1314,13.28,6570,99.22526296138567
random,2,2,1315,13.29,6575,99.22523551907472
random,2,2,1316,13.29,6580,99.22579066637928
random,2,2,1317,13.29,6585,99.22636753654234
random,2,2,1318,13.29,6590,99.22694354768345
random,2,2,1319,13.29,6595,99.22751870171992
random,2,2,1320,13.29,6600,99.22807058304195
random,2,2,1321,13.309999999999999,6605,99.22748325536584
random,2,2,1322,13.309999999999999,6610,99.22805674449896
random,2,2,1323,13.309999999999999,6615,99.22865173422967
random,2,2,1324,13.320000000000002,6620,99.2286443946422
random,2,2,1325,13.320000000000002,6625,99.22921573279478
random,2,2,1326,13.320000000000002,6630,99.22980849292257
random,2,2,1327,13.320000000000002,6635,99.23042257427116
random,2,2,1328,13.320000000000002,6640,99.23103567717354
random,2,2,1329,13.33,6645,99.23105322057755
random,2,2,1330,13.350000000000001,6650,99.23049432813796
random,2,2,1331,13.38,6655,99.22937808853513
random,2,2,1332,13.38,6660,99.22999453284609
random,2,2,1333,13.38,6665,99.23060999171956
random,2,2,1334,13.38,6670,99.23122005033268
random,2,2,1335,13.38,6675,99.23182914226662
random,2,2,1336,13.38,6680,99.23241525302187
random,2,2,1337,13.38,6685,99.23300047005951
random,2,2,1338,13.38,6690,99.23356284440982
random,2,2,1339,13.38,6695,99.23412439468352
random,2,2,1340,13.38,6700,99.23470700946608
random,2,2,1341,13.38,6705,99.23528873851218
random,2,2,1342,13.38,6710,99.23589140292167
random,2,2,1343,13.38,6715,99.23647133343604
random,2,2,1344,13.38,6720,99.23705038432588
random,2,2,1345,13.38,6725,99.2376024934615
random,2,2,1346,13.38,6730,99.23815380410646
random,2,2,1347,13.38,6735,99.23870864958977
random,2,2,1348,13.38,6740,99.23928431322383
random,2,2,1349,13.38,6745,99.23983751384824
random,2,2,1350,13.38,6750,99.24038559798345
random,2,2,1351,13.38,6755,99.24093289234068
random,2,2,1352,13.38,6760,99.24150519835376
random,2,2,1353,13.38,6765,99.24205517475782
random,2,2,1354,13.38,6770,99.2426000667961
random,2,2,1355,13.38,6775,99.24312276910719
random,2,2,1356,13.38,6780,99.24366612777408
random,2,2,1357,13.38,6785,99.24423005230516
random,2,2,1358,13.38,6790,99.24479313653553
random,2,2,1359,13.38,6795,99.24537666307592
random,2,2,1360,13.38,6800,99.24595928856428
random,2,2,1361,13.389999999999999,6805,99.24598213782929
random,2,2,1362,13.389999999999999,6810,99.24654643671046
random,2,2,1363,13.389999999999999,6815,99.2471352907441
random,2,2,1364,13.389999999999999,6820,99.24772322507064
random,2,2,1365,13.389999999999999,6825,99.24831024184313
random,2,2,1366,13.389999999999999,6830,99.24889634320782
random,2,2,1367,13.389999999999999,6835,99.2494815313043
random,2,2,1368,13.4,6840,99.24950573792069
random,2,2,1369,13.4,6845,99.25011052475475
random,2,2,1370,13.4,6850,99.25069338820792
random,2,2,1371,13.4,6855,99.2512502444612
random,2,2,1372,13.4,6860,99.25182716090741
random,2,2,1373,13.4,6865,99.25238233390613
random,2,2,1374,13.4,6870,99.25297833079681
random,2,2,1375,13.4,6875,99.25358169381254
random,2,2,1376,13.4,6880,99.25417993187435
random,2,2,1377,13.4,6885,99.25475648890199
random,2,2,1378,13.4,6890,99.25533215520211
random,2,2,1379,13.4,6895,99.25590693283726
random,2,2,1380,13.4,6900,99.25648082386364
random,2,2,1381,13.4,6905,99.25705383033106
random,2,2,1382,13.4,6910,99.25762595428306
random,2,2,1383,13.4,6915,99.25819719775689
random,2,2,1384,13.4,6920,99.258747061264
random,2,2,1385,13.4,6925,99.25929611019905
random,2,2,1386,13.4,6930,99.25986478723874
random,2,2,1387,13.4,6935,99.26043259174223
random,2,2,1388,13.4,6940,99.26101990282963
random,2,2,1389,13.4,6945,99.26160628185701
random,2,2,1390,13.4,6950,99.26217141850297
random,2,2,1391,13.4,6955,99.26273569074513
random,2,2,1392,13.4,6960,99.26329910056518
random,2,2,1393,13.4,6965,99.26386164993875
random,2,2,1394,13.4,6970,99.2644031509895
random,2,2,1395,13.4,6975,99.26494385597287
random,2,2,1396,13.4,6980,99.26548376664309
random,2,2,1397,13.4,6985,99.26604298578096
random,2,2,1398,13.4,6990,99.26658128359222
random,2,2,1399,13.4,6995,99.26713883343817
random,2,2,1400,13.4,7000,99.26767552560676
random,2,2,1401,13.4,7005,99.26821143228499
random,2,2,1402,13.4,7010,99.268746555196
random,2,2,1403,13.4,7015,99.26930081903744
random,2,2,1404,13.4,7020,99.2698542432911
random,2,2,1405,13.4,7025,99.27042669149394
random,2,2,1406,13.4,7030,99.27099824277936
random,2,2,1407,13.4,7035,99.27156889925362
random,2,2,1408,13.4,7040,99.27211889448984
random,2,2,1409,13.4,7045,99.2726680598149
random,2,2,1410,13.4,7050,99.27321639710588
random,2,2,1411,13.4,7055,99.27374422789256
random,2,2,1412,13.4,7060,99.27427129255533
random,2,2,1413,13.4,7065,99.27479759276096
random,2,2,1414,13.4,7070,99.27532313017143
random,2,2,1415,13.4,7075,99.27584790644387
random,2,2,1416,13.4,7080,99.27639146141925
random,2,2,1417,13.41,7085,99.27641412206533
random,2,2,1418,13.41,7090,99.27697591537222
random,2,2,1419,13.41,7095,99.27751737514143
random,2,2,1420,13.420000000000002,7100,99.2775196636321
random,2,2,1421,13.420000000000002,7105,99.2780599070408
random,2,2,1422,13.420000000000002,7110,99.27859934310611
random,2,2,1423,13.420000000000002,7115,99.27913797363644
random,2,2,1424,13.420000000000002,7120,99.27967580043477
random,2,2,1425,13.420000000000002,7125,99.28021282529875
random,2,2,1426,13.420000000000002,7130,99.2807683237936
random,2,2,1427,13.420000000000002,7135,99.28132296553349
random,2,2,1428,13.420000000000002,7140,99.28187675249899
random,2,2,1429,13.420000000000002,7145,99.28242968666453
random,2,2,1430,13.420000000000002,7150,99.2829817699985
random,2,2,1431,13.420000000000002,7155,99.28352917936863
random,2,2,1432,13.420000000000002,7160,99.28407575353427
random,2,2,1433,13.420000000000002,7165,99.28462530784566
random,2,2,1434,13.420000000000002,7170,99.28517401911175
random,2,2,1435,13.420000000000002,7175,99.2857028800758
random,2,2,1436,13.420000000000002,7180,99.28623095906731
random,2,2,1437,13.420000000000002,7185,99.28675825781936
random,2,2,1438,13.420000000000002,7190,99.28730370315296
random,2,2,1439,13.420000000000002,7195,99.28784831487506
random,2,2,1440,13.420000000000002,7200,99.2883920948952
random,2,2,1441,13.420000000000002,7205,99.28893504511713
random,2,2,1442,13.420000000000002,7210,99.28948092928694
random,2,2,1443,13.420000000000002,7215,99.29002597594976
random,2,2,1444,13.420000000000002,7220,99.2905701870315
random,2,2,1445,13.420000000000002,7225,99.29110981987218
random,2,2,1446,13.420000000000002,7230,99.29165237127549
random,2,2,1447,13.420000000000002,7235,99.292194092827
random,2,2,1448,13.420000000000002,7240,99.29273498642915
random,2,2,1449,13.420000000000002,7245,99.29327505397862
random,2,2,1450,13.420000000000002,7250,99.29381429736628
random,2,2,1451,13.420000000000002,7255,99.29435271847723
random,2,2,1452,13.420000000000002,7260,99.29489031919086
random,2,2,1453,13.420000000000002,7265,99.2954271013808
random,2,2,1454,13.420000000000002,7270,99.29596306691498
random,2,2,1455,13.420000000000002,7275,99.2964982176557
random,2,2,1456,13.420000000000002,7280,99.29703255545952
random,2,2,1457,13.420000000000002,7285,99.29756608217744
random,2,2,1458,13.420000000000002,7290,99.2980987996548
random,2,2,1459,13.420000000000002,7295,99.29863070973137
random,2,2,1460,13.420000000000002,7300,99.29916181424132
random,2,2,1461,13.420000000000002,7305,99.2996921150133
random,2,2,1462,13.420000000000002,7310,99.30022161387042
random,2,2,1463,13.420000000000002,7315,99.30075031263026
random,2,2,1464,13.420000000000002,7320,99.30127821310494
random,2,2,1465,13.420000000000002,7325,99.30180531710108
random,2,2,1466,13.420000000000002,7330,99.3023316264199
random,2,2,1467,13.420000000000002,7335,99.30285714285715
random,2,2,1468,13.420000000000002,7340,99.30338186820316
random,2,2,1469,13.420000000000002,7345,99.30390580424296
random,2,2,1470,13.420000000000002,7350,99.30442895275611
random,2,2,1471,13.420000000000002,7355,99.30495131551689
random,2,2,1472,13.420000000000002,7360,99.30547289429421
random,2,2,1473,13.420000000000002,7365,99.30599369085174
random,2,2,1474,13.420000000000002,7370,99.30651370694778
random,2,2,1475,13.420000000000002,7375,99.30703294433543
random,2,2,1476,13.420000000000002,7380,99.3075478318301
random,2,2,1477,13.420000000000002,7385,99.30806195475076
random,2,2,1478,13.420000000000002,7390,99.30857531479916
random,2,2,1479,13.420000000000002,7395,99.30909147072906
random,2,2,1480,13.420000000000002,7400,99.30960685660195
random,2,2,1481,13.420000000000002,7405,99.31012147413983
random,2,2,1482,13.420000000000002,7410,99.31063532505958
random,2,2,1483,13.420000000000002,7415,99.31114841107296
random,2,2,1484,13.420000000000002,7420,99.31165720323551
random,2,2,1485,13.420000000000002,7425,99.31216876979693
random,2,2,1486,13.420000000000002,7430,99.31267957654507
random,2,2,1487,13.420000000000002,7435,99.31318962517145
random,2,2,1488,13.420000000000002,7440,99.3136989173626
random,2,2,1489,13.420000000000002,7445,99.31420745480004
random,2,2,1490,13.420000000000002,7450,99.31471523916031
random,2,2,1491,13.420000000000002,7455,99.31522227211495
random,2,2,1492,13.420000000000002,7460,99.31572855533064
random,2,2,1493,13.420000000000002,7465,99.31623409046905
random,2,2,1494,13.420000000000002,7470,99.316738879187
random,2,2,1495,13.420000000000002,7475,99.3172429231364
random,2,2,1496,13.420000000000002,7480,99.31774275546518
random,2,2,1497,13.420000000000002,7485,99.3182418564955
random,2,2,1498,13.420000000000002,7490,99.31874368619567
random,2,2,1499,13.420000000000002,7495,99.31924132438506
random,2,2,1500,13.420000000000002,7500,99.31973823608429
random,2,2,1501,13.420000000000002,7505,99.32021720630546
random,2,2,1502,13.420000000000002,7510,99.32069550251829
random,2,2,1503,13.420000000000002,7515,99.32117312614444
random,2,2,1504,13.420000000000002,7520,99.32165007860165
random,2,2,1505,13.420000000000002,7525,99.32214348131349
random,2,2,1506,13.420000000000002,7530,99.322619071655
random,2,2,1507,13.420000000000002,7535,99.32309399510731
random,2,2,1508,13.420000000000002,7540,99.32358530032913
random,2,2,1509,13.420000000000002,7545,99.32407589287962
random,2,2,1510,13.420000000000002,7550,99.32456917377999
random,2,2,1511,13.420000000000002,7555,99.32505834070975
random,2,2,1512,13.420000000000002,7560,99.32554679961403
random,2,2,1513,13.420000000000002,7565,99.32601762800391
random,2,2,1514,13.420000000000002,7570,99.3264877994921
random,2,2,1515,13.420000000000002,7575,99.3269573154524
random,2,2,1516,13.420000000000002,7580,99.32742617725478
random,2,2,1517,13.420000000000002,7585,99.3278943862654
random,2,2,1518,13.420000000000002,7590,99.32836194384666
random,2,2,1519,13.420000000000002,7595,99.32884563449593
random,2,2,1520,13.420000000000002,7600,99.32932862897181
random,2,2,1521,13.420000000000002,7605,99.32981427565508
random,2,2,1522,13.420000000000002,7610,99.33029921951415
random,2,2,1523,13.420000000000002,7615,99.33078346207357
random,2,2,1524,13.420000000000002,7620,99.33126700485356
random,2,2,1525,13.420000000000002,7625,99.33174984936984
random,2,2,1526,13.420000000000002,7630,99.33223199713387
random,2,2,1527,13.420000000000002,7635,99.33271344965269
random,2,2,1528,13.420000000000002,7640,99.33319420842898
random,2,2,1529,13.420000000000002,7645,99.33367427496115
random,2,2,1530,13.420000000000002,7650,99.33415365074325
random,2,2,1531,13.420000000000002,7655,99.33463233726505
random,2,2,1532,13.420000000000002,7660,99.33511033601205
random,2,2,1533,13.420000000000002,7665,99.33558764846546
random,2,2,1534,13.43,7670,99.3355695400934
random,2,2,1535,13.43,7675,99.33604583903931
random,2,2,1536,13.43,7680,99.33652145560178
random,2,2,1537,13.43,7685,99.33699639124617
random,2,2,1538,13.43,7690,99.33747064743375
random,2,2,1539,13.43,7695,99.33794422562151
random,2,2,1540,13.43,7700,99.33841712726233
random,2,2,1541,13.43,7705,99.33888935380496
random,2,2,1542,13.43,7710,99.33936090669395
random,2,2,1543,13.43,7715,99.33982854221559
random,2,2,1544,13.43,7720,99.34029875673578
random,2,2,1545,13.43,7725,99.34076506594803
random,2,2,1546,13.43,7730,99.34121455901108
random,2,2,1547,13.43,7735,99.34164730335205
random,2,2,1548,13.43,7740,99.34207947954225
random,2,2,1549,13.43,7745,99.34251108869981
random,2,2,1550,13.43,7750,99.34294213193996
random,2,2,1551,13.43,7755,99.343372610375
random,2,2,1552,13.43,7760,99.34380252511433
random,2,2,1553,13.43,7765,99.34424788699384
random,2,2,1554,13.43,7770,99.34467665672865
random,2,2,1555,13.43,7775,99.34512083325207
random,2,2,1556,13.43,7780,99.34556440805984
random,2,2,1557,13.43,7785,99.34599145844392
random,2,2,1558,13.43,7790,99.34641795185003
random,2,2,1559,13.43,7795,99.34684388936712
random,2,2,1560,13.43,7800,99.3472692720813
random,2,2,1561,13.43,7805,99.34769093275825
random,2,2,1562,13.43,7810,99.3481152132338
random,2,2,1563,13.43,7815,99.34853894213978
random,2,2,1564,13.43,7820,99.34897790015076
random,2,2,1565,13.43,7825,99.34941626701546
random,2,2,1566,13.43,7830,99.34985404392721
random,2,2,1567,13.43,7835,99.35029123207616
random,2,2,1568,13.43,7840,99.35074352677276
random,2,2,1569,13.43,7845,99.3511795198825
random,2,2,1570,13.43,7850,99.3516149278231
random,2,2,1571,13.43,7855,99.3520466256248
random,2,2,1572,13.43,7860,99.35247774895616
random,2,2,1573,13.43,7865,99.35292388785298
random,2,2,1574,13.43,7870,99.35337563916146
random,2,2,1575,13.43,7875,99.35382676013646
random,2,2,1576,13.43,7880,99.35427725209631
random,2,2,1577,13.43,7885,99.35472711635572
random,2,2,1578,13.43,7890,99.35517635422568
random,2,2,1579,13.43,7895,99.35562496701357
random,2,2,1580,13.43,7900,99.35607295602308
random,2,2,1581,13.43,7905,99.35652032255436
random,2,2,1582,13.44,7910,99.35648826452929
random,2,2,1583,13.459999999999999,7915,99.35597777979798
random,2,2,1584,13.459999999999999,7920,99.35642120463032
random,2,2,1585,13.459999999999999,7925,99.35686401926542
random,2,2,1586,13.5,7930,99.3553962880376
random,2,2,1587,13.51,7935,99.35536204222832
random,2,2,1588,13.55,7940,99.35389735789319
random,2,2,1589,13.55,7945,99.35434376548622
random,2,2,1590,13.55,7950,99.3547864843244
random,2,2,1591,13.55,7955,99.35521325548306
random,2,2,1592,13.569999999999999,7960,99.3546883767821
random,2,2,1593,13.569999999999999,7965,99.35512997196217
random,2,2,1594,13.569999999999999,7970,99.35557096317685
random,2,2,1595,13.569999999999999,7975,99.3560113516643
random,2,2,1596,13.569999999999999,7980,99.3564358783441
random,2,2,1597,13.569999999999999,7985,99.35684460474617
random,2,2,1598,13.61,7990,99.35535820011842
random,2,2,1599,13.61,7995,99.35578233868524
random,2,2,1600,13.61,8000,99.35620591949971
random,2,2,1601,13.61,8005,99.35661373660399
random,2,2,1602,13.61,8010,99.35702103736459
random,2,2,1603,13.65,8015,99.35553929321782
random,2,2,1604,13.69,8020,99.35405942275844
random,2,2,1605,13.74,8025,99.35210988668996
random,2,2,1606,13.74,8030,99.35251900267193
random,2,2,1607,13.74,8035,99.35292455495903
random,2,2,1608,13.74,8040,99.3533143814598
random,2,2,1609,13.76,8045,99.35276298707407
random,2,2,1610,13.77,8050,99.35269756356679
random,2,2,1611,13.780000000000001,8055,99.35263222181507
random,2,2,1612,13.780000000000001,8060,99.35303645625484
random,2,2,1613,13.780000000000001,8065,99.35345535416852
random,2,2,1614,13.8,8070,99.35292379974399
random,2,2,1615,13.8,8075,99.35333011560395
random,2,2,1616,13.8,8080,99.35375105366676
random,2,2,1617,13.819999999999999,8085,99.35323546066763
random,2,2,1618,13.819999999999999,8090,99.35365591297271
random,2,2,1619,13.850000000000001,8095,99.35267366807349
random,2,2,1620,13.850000000000001,8100,99.3530788309644
random,2,2,1621,13.850000000000001,8105,99.35348348698798
random,2,2,1622,13.850000000000001,8110,99.35388763709479
random,2,2,1623,13.850000000000001,8115,99.35430633385859
random,2,2,1624,13.850000000000001,8120,99.35472448832215
random,2,2,1625,13.850000000000001,8125,99.35512708885278
random,2,2,1626,13.850000000000001,8130,99.35552918731533
random,2,2,1627,13.850000000000001,8135,99.35593078464836
random,2,2,1628,13.850000000000001,8140,99.35633188178814
random,2,2,1629,13.850000000000001,8145,99.35673247966857
random,2,2,1630,13.850000000000001,8150,99.35713257922123
random,2,2,1631,13.850000000000001,8155,99.35754708228963
random,2,2,1632,13.850000000000001,8160,99.35796105118231
random,2,2,1633,13.850000000000001,8165,99.35837448693123
random,2,2,1634,13.850000000000001,8170,99.35880223331266
random,2,2,1635,13.850000000000001,8175,99.35921458677437
random,2,2,1636,13.850000000000001,8180,99.35962641020899
random,2,2,1637,13.850000000000001,8185,99.36003770463776
random,2,2,1638,13.850000000000001,8190,99.36044847107934
random,2,2,1639,13.850000000000001,8195,99.36085871054975
random,2,2,1640,13.850000000000001,8200,99.36126842406242
random,2,2,1641,13.850000000000001,8205,99.36167761262818
random,2,2,1642,13.850000000000001,8210,99.36208627725527
random,2,2,1643,13.850000000000001,8215,99.36249441894932
random,2,2,1644,13.850000000000001,8220,99.36290203871347
random,2,2,1645,13.850000000000001,8225,99.3632945027261
random,2,2,1646,13.850000000000001,8230,99.3637011003147
random,2,2,1647,13.850000000000001,8235,99.36410717893152
random,2,2,1648,13.850000000000001,8240,99.36452731844292
random,2,2,1649,13.850000000000001,8245,99.36494981498718
random,2,2,1650,13.850000000000001,8250,99.36537175010768
random,2,2,1651,13.850000000000001,8255,99.36579312492273
random,2,2,1652,13.850000000000001,8260,99.36621394054767
random,2,2,1653,13.850000000000001,8265,99.36663419809487
random,2,2,1654,13.850000000000001,8270,99.36705389867379
random,2,2,1655,13.850000000000001,8275,99.3674730433909
random,2,2,1656,13.850000000000001,8280,99.36789163334976
random,2,2,1657,13.850000000000001,8285,99.36830966965104
random,2,2,1658,13.850000000000001,8290,99.36872139874929
random,2,2,1659,13.850000000000001,8295,99.36913259147578
random,2,2,1660,13.850000000000001,8300,99.36954611872562
random,2,2,1661,13.850000000000001,8305,99.36995910420467
random,2,2,1662,13.850000000000001,8310,99.37035723702753
random,2,2,1663,13.850000000000001,8315,99.37074057246707
random,2,2,1664,13.850000000000001,8320,99.37113771856937
random,2,2,1665,13.850000000000001,8325,99.3715343636842
random,2,2,1666,13.850000000000001,8330,99.37193050875896
random,2,2,1667,13.850000000000001,8335,99.3723233101448
random,2,2,1668,13.850000000000001,8340,99.37268720870719
random,2,2,1669,13.850000000000001,8345,99.37303649516083
random,2,2,1670,13.850000000000001,8350,99.37339673261458
random,2,2,1671,13.850000000000001,8355,99.37378487136593
random,2,2,1672,13.850000000000001,8360,99.37416121787776
random,2,2,1673,13.850000000000001,8365,99.37453711230333
random,2,2,1674,13.850000000000001,8370,99.37491255545676
random,2,2,1675,13.850000000000001,8375,99.37527345881992
random,2,2,1676,13.850000000000001,8380,99.37564801875311
random,2,2,1677,13.850000000000001,8385,99.37603618539609
random,2,2,1678,13.850000000000001,8390,99.37640983156312
random,2,2,1679,13.850000000000001,8395,99.37676900854524
random,2,2,1680,13.850000000000001,8400,99.37712777200628
random,2,2,1681,13.850000000000001,8405,99.37748612265995
random,2,2,1682,13.850000000000001,8410,99.37787200783387
random,2,2,1683,13.850000000000001,8415,99.37825741489759
random,2,2,1684,13.850000000000001,8420,99.37864234473909
random,2,2,1685,13.88,8425,99.37768452012662
random,2,2,1686,13.88,8430,99.37807211316579
random,2,2,1687,13.88,8435,99.37844252384578
random,2,2,1688,13.88,8440,99.3788124935666
random,2,2,1689,13.88,8445,99.37919868325716
random,2,2,1690,13.88,8450,99.37956775361509
random,2,2,1691,13.900000000000002,8455,99.37904569598255
random,2,2,1692,13.900000000000002,8460,99.37941718791159
random,2,2,1693,13.900000000000002,8465,99.37980207208574
random,2,2,1694,13.900000000000002,8470,99.38017265981736
random,2,2,1695,13.900000000000002,8475,99.38055660776756
random,2,2,1696,13.900000000000002,8480,99.38094008034419
random,2,2,1697,13.900000000000002,8485,99.38132307842955
random,2,2,1698,13.900000000000002,8490,99.38171935396345
random,2,2,1699,13.900000000000002,8495,99.38211512217673
random,2,2,1700,13.900000000000002,8500,99.382510384043
random,2,2,1701,13.900000000000002,8505,99.38290788013319
random,2,2,1702,13.900000000000002,8510,99.38330486479292
random,2,2,1703,13.930000000000001,8515,99.38237119801366
random,2,2,1704,13.930000000000001,8520,99.38276801736934
random,2,2,1705,13.96,8525,99.38183315694619
random,2,2,1706,14.000000000000002,8530,99.38045969890341
random,2,2,1707,14.000000000000002,8535,99.38085698238538
random,2,2,1708,14.000000000000002,8540,99.38125102204071
random,2,2,1709,14.000000000000002,8545,99.38164729161514
random,2,2,1710,14.000000000000002,8550,99.3820403262827
random,2,2,1711,14.000000000000002,8555,99.38241924028745
random,2,2,1712,14.000000000000002,8560,99.38279768989993
random,2,2,1713,14.000000000000002,8565,99.38317567597336
random,2,2,1714,14.000000000000002,8570,99.3835531993589
random,2,2,1715,14.000000000000002,8575,99.38391670553858
random,2,2,1716,14.000000000000002,8580,99.38427978326648
random,2,2,1717,14.01,8585,99.38420289218057
random,2,2,1718,14.01,8590,99.38457889118774
random,2,2,1719,14.01,8595,99.38495443131332
random,2,2,1720,14.01,8600,99.38532951339684
random,2,2,1721,14.01,8605,99.38569067047851
random,2,2,1722,14.01,8610,99.38605140340499
random,2,2,1723,14.01,8615,99.38642514912365
random,2,2,1724,14.01,8620,99.38679844007827
random,2,2,1725,14.02,8625,99.38673385474078
random,2,2,1726,14.02,8630,99.38710650445243
random,2,2,1727,14.02,8635,99.3874787015597
random,2,2,1728,14.02,8640,99.38786381061327
random,2,2,1729,14.02,8645,99.38823508877573
random,2,2,1730,14.02,8650,99.38860591682948
random,2,2,1731,14.02,8655,99.38898961020848
random,2,2,1732,14.05,8660,99.38805287571594
random,2,2,1733,14.05,8665,99.38843644309412
random,2,2,1734,14.05,8670,99.38881952993479
random,2,2,1735,14.06,8675,99.38876740556543
random,2,2,1736,14.09,8680,99.3878464272215
random,2,2,1737,14.13,8685,99.38647909339586
random,2,2,1738,14.13,8690,99.38686245411232
random,2,2,1739,14.13,8695,99.38724533603934
random,2,2,1740,14.13,8700,99.38761447015433
random,2,2,1741,14.13,8705,99.38799641373694
random,2,2,1742,14.13,8710,99.38837788118168
random,2,2,1743,14.13,8715,99.38875887337835
random,2,2,1744,14.13,8720,99.38912618672938
random,2,2,1745,14.13,8725,99.38949305888605
random,2,2,1746,14.13,8730,99.38985949064278
random,2,2,1747,14.13,8735,99.39023863979631
random,2,2,1748,14.13,8740,99.39061731802616
random,2,2,1749,14.13,8745,99.39099552620917
random,2,2,1750,14.13,8750,99.39137326521997
random,2,2,1751,14.14,8755,99.39132006921905
random,2,2,1752,14.16,8760,99.39083673908368
random,2,2,1753,14.19,8765,99.38992407370783
random,2,2,1754,14.24,8770,99.38815320231333
random,2,2,1755,14.280000000000001,8775,99.38680075748142
random,2,2,1756,14.280000000000001,8780,99.38717969625056
random,2,2,1757,14.280000000000001,8785,99.3875581669633
random,2,2,1758,14.280000000000001,8790,99.38793617048634
random,2,2,1759,14.280000000000001,8795,99.3883137076842
random,2,2,1760,14.280000000000001,8800,99.38869339634758
random,2,2,1761,14.280000000000001,8805,99.3890700002567
random,2,2,1762,14.280000000000001,8810,99.38943308776686
random,2,2,1763,14.280000000000001,8815,99.38979574395351
random,2,2,1764,14.280000000000001,8820,99.39015796958476
random,2,2,1765,14.280000000000001,8825,99.39051976542693
random,2,2,1766,14.280000000000001,8830,99.39088113224447
random,2,2,1767,14.280000000000001,8835,99.39122909481564
random,2,2,1768,14.280000000000001,8840,99.39157666006263
random,2,2,1769,14.299999999999999,8845,99.39107218136681
random,2,2,1770,14.32,8850,99.39056827805747
random,2,2,1771,14.330000000000002,8855,99.39050324951512
random,2,2,1772,14.330000000000002,8860,99.39086337571361
random,2,2,1773,14.330000000000002,8865,99.39123600756176
random,2,2,1774,14.35,8870,99.39074613431606
random,2,2,1775,14.37,8875,99.39025683892511
random,2,2,1776,14.37,8880,99.39061625362578
random,2,2,1777,14.41,8885,99.38926703567765
random,2,2,1778,14.41,8890,99.38961369027449
random,2,2,1779,14.41,8895,99.38995995156934
random,2,2,1780,14.42,8900,99.38989562222608
random,2,2,1781,14.42,8905,99.39025421578742
random,2,2,1782,14.42,8910,99.39061238806411
random,2,2,1783,14.42,8915,99.39095727831393
random,2,2,1784,14.45,8920,99.39003541593675
random,2,2,1785,14.49,8925,99.38869271367278
random,2,2,1786,14.530000000000001,8930,99.38735152866968
random,2,2,1787,14.540000000000001,8935,99.38727607553275
random,2,2,1788,14.57,8940,99.3863583717649
random,2,2,1789,14.62,8945,99.38461279432934
random,2,2,1790,14.680000000000001,8950,99.38243559324886
random,2,2,1791,14.680000000000001,8955,99.38278352856098
random,2,2,1792,14.680000000000001,8960,99.38313107204088
random,2,2,1793,14.680000000000001,8965,99.38347822435009
random,2,2,1794,14.680000000000001,8970,99.38382498614865
random,2,2,1795,14.719999999999999,8975,99.38249335089647
random,2,2,1796,14.78,8980,99.38032467968068
random,2,2,1797,14.82,8985,99.37900951598778
random,2,2,1798,14.84,8990,99.37853343942376
random,2,2,1799,14.84,8995,99.37889498553963
random,2,2,1800,14.879999999999999,9000,99.37758294711129
random,2,2,1801,14.91,9005,99.37667745252966
random,2,2,1802,14.91,9010,99.37702643981683
random,2,2,1803,14.95,9015,99.37570468117092
random,2,2,1804,15.0,9020,99.37396704562528
random,2,2,1805,15.0,9025,99.37431696268426
random,2,2,1806,15.02,9030,99.37383271077908
random,2,2,1807,15.02,9035,99.37419534937982
random,2,2,1808,15.07,9040,99.37247553612326
random,2,2,1809,15.129999999999999,9045,99.37034154705375
random,2,2,1810,15.129999999999999,9050,99.37071866174776
random,2,2,1811,15.15,9055,99.37026660791926
random,2,2,1812,15.2,9060,99.36856885299702
random,2,2,1813,15.260000000000002,9065,99.36645797698324
random,2,2,1814,15.290000000000001,9070,99.36559438702477
random,2,2,1815,15.290000000000001,9075,99.36597320417819
random,2,2,1816,15.290000000000001,9080,99.36633843909554
random,2,2,1817,15.290000000000001,9085,99.36671636845593
random,2,2,1818,15.290000000000001,9090,99.36709384727466
random,2,2,1819,15.299999999999999,9095,99.36704409592798
random,2,2,1820,15.340000000000002,9100,99.3657671364841
random,2,2,1821,15.340000000000002,9105,99.36614451409234
random,2,2,1822,15.370000000000001,9110,99.3652851880606
random,2,2,1823,15.409999999999998,9115,99.36401418070912
random,2,2,1824,15.409999999999998,9120,99.36439454558953
random,2,2,1825,15.409999999999998,9125,99.36477445577123
random,2,2,1826,15.459999999999999,9130,99.3630940610375
random,2,2,1827,15.52,9135,99.36100394843565
random,2,2,1828,15.52,9140,99.36138520158337
random,2,2,1829,15.52,9145,99.36176600005757
random,2,2,1830,15.52,9150,99.36214634467113
random,2,2,1831,15.52,9155,99.36252623623496
random,2,2,1832,15.52,9160,99.36290567555808
random,2,2,1833,15.52,9165,99.36328466344754
random,2,2,1834,15.52,9170,99.3636632007085
random,2,2,1835,15.52,9175,99.3640412881442
random,2,2,1836,15.52,9180,99.36441892655598
random,2,2,1837,15.53,9185,99.36438683589066
random,2,2,1838,15.53,9190,99.3647638213976
random,2,2,1839,15.53,9195,99.36514035998545
random,2,2,1840,15.53,9200,99.36551645244846
random,2,2,1841,15.53,9205,99.36589209957903
random,2,2,1842,15.540000000000001,9210,99.3658592321755
random,2,2,1843,15.540000000000001,9215,99.36623423232368
random,2,2,1844,15.540000000000001,9220,99.36660878922012
random,2,2,1845,15.540000000000001,9225,99.36698290365024
random,2,2,1846,15.540000000000001,9230,99.3673565763976
random,2,2,1847,15.540000000000001,9235,99.36772980824392
random,2,2,1848,15.540000000000001,9240,99.3681025999691
random,2,2,1849,15.540000000000001,9245,99.36847495235115
random,2,2,1850,15.540000000000001,9250,99.3688468661663
random,2,2,1851,15.540000000000001,9255,99.3692183421889
random,2,2,1852,15.540000000000001,9260,99.36958938119153
random,2,2,1853,15.540000000000001,9265,99.36995998394492
random,2,2,1854,15.559999999999999,9270,99.36951976531225
random,2,2,1855,15.559999999999999,9275,99.36988997371841
random,2,2,1856,15.57,9280,99.36985503023239
random,2,2,1857,15.590000000000002,9285,99.36941564771408
random,2,2,1858,15.620000000000001,9290,99.36856998484083
random,2,2,1859,15.64,9295,99.36812931532529
random,2,2,1860,15.64,9300,99.3684967072191
random,2,2,1861,15.64,9305,99.36886621900827
random,2,2,1862,15.64,9310,99.36923275472672
random,2,2,1863,15.64,9315,99.3695988649555
random,2,2,1864,15.64,9320,99.36996455043506
random,2,2,1865,15.64,9325,99.37033234696136
random,2,2,1866,15.64,9330,99.3706997143202
random,2,2,1867,15.64,9335,99.37106665326229
random,2,2,1868,15.64,9340,99.37143316453661
random,2,2,1869,15.64,9345,99.3717992488904
random,2,2,1870,15.67,9350,99.37096061980651
random,2,2,1871,15.68,9355,99.37092535756554
random,2,2,1872,15.7,9360,99.37048917401764
random,2,2,1873,15.7,9365,99.37085495601995
random,2,2,1874,15.7,9370,99.37122031318836
random,2,2,1875,15.7,9375,99.37158524626253
random,2,2,1876,15.7,9380,99.37194975598048
random,2,2,1877,15.7,9385,99.37231384307846
random,2,2,1878,15.7,9390,99.37267750829105
random,2,2,1879,15.7,9395,99.37304075235109
random,2,2,1880,15.7,9400,99.37340357598978
random,2,2,1881,15.7,9405,99.37376597993658
random,2,2,1882,15.7,9410,99.37412796491928
random,2,2,1883,15.7,9415,99.37448953166398
random,2,2,1884,15.7,9420,99.37485068089512
random,2,2,1885,15.7,9425,99.37521141333545
random,2,2,1886,15.7,9430,99.37557172970608
random,2,2,1887,15.7,9435,99.37593163072643
random,2,2,1888,15.7,9440,99.37629111711426
random,2,2,1889,15.7,9445,99.37665018958569
random,2,2,1890,15.7,9450,99.37700884885521
random,2,2,1891,15.7,9455,99.37736709563562
random,2,2,1892,15.7,9460,99.37772493063814
random,2,2,1893,15.7,9465,99.37808235457229
random,2,2,1894,15.7,9470,99.378439368146
random,2,2,1895,15.7,9475,99.3787959720656
random,2,2,1896,15.7,9480,99.37915216703574
random,2,2,1897,15.7,9485,99.3795079537595
random,2,2,1898,15.7,9490,99.37986333293834
random,2,2,1899,15.7,9495,99.3802183052721
random,2,2,1900,15.7,9500,99.38057042756422
random,2,2,1901,15.7,9505,99.38090994408472
random,2,2,1902,15.7,9510,99.38126128114384
random,2,2,1903,15.7,9515,99.3816146553388
random,2,2,1904,15.7,9520,99.38196762612584
random,2,2,1905,15.7,9525,99.382317764069
random,2,2,1906,15.7,9530,99.38266750550487
random,2,2,1907,15.7,9535,99.38301685110665
random,2,2,1908,15.7,9540,99.38335369182609
random,2,2,1909,15.73,9545,99.38251250284603
random,2,2,1910,15.740000000000002,9550,99.38245691126447
random,2,2,1911,15.770000000000001,9555,99.38161712806838
random,2,2,1912,15.78,9560,99.3815620848177
random,2,2,1913,15.78,9565,99.38189880061732
random,2,2,1914,15.78,9570,99.3822351499587
random,2,2,1915,15.78,9575,99.38255905403977
random,2,2,1916,15.78,9580,99.38288261864258
random,2,2,1917,15.78,9585,99.38321789840684
random,2,2,1918,15.78,9590,99.38356485460255
random,2,2,1919,15.78,9595,99.38391142067373
random,2,2,1920,15.78,9600,99.38424558377655
random,2,2,1921,15.78,9605,99.38459138505937
random,2,2,1922,15.78,9610,99.38493919550983
random,2,2,1923,15.78,9615,99.38528661303832
random,2,2,1924,15.78,9620,99.38563124637433
random,2,2,1925,15.78,9625,99.38597549349593
random,2,2,1926,15.78,9630,99.38631935505198
random,2,2,1927,15.78,9635,99.38666283168986
random,2,2,1928,15.78,9640,99.38699401755885
random,2,2,1929,15.78,9645,99.38732484595762
random,2,2,1930,15.78,9650,99.3876671982864
random,2,2,1931,15.78,9655,99.38799730067251
random,2,2,1932,15.78,9660,99.3883270473407
random,2,2,1933,15.78,9665,99.38864459640084
random,2,2,1934,15.78,9670,99.38896181592185
random,2,2,1935,15.78,9675,99.38929052432776
random,2,2,1936,15.78,9680,99.389618879266
random,2,2,1937,15.78,9685,99.38994688130639
random,2,2,1938,15.78,9690,99.39027453101757
random,2,2,1939,15.78,9695,99.39060182896688
random,2,2,1940,15.78,9700,99.39092877572052
random,2,2,1941,15.78,9705,99.39125537184343
random,2,2,1942,15.78,9710,99.39159334685348
random,2,2,1943,15.78,9715,99.39193094678433
random,2,2,1944,15.78,9720,99.39226817226002
random,2,2,1945,15.78,9725,99.39260502390319
random,2,2,1946,15.78,9730,99.3929438376875
random,2,2,1947,15.78,9735,99.39328227369198
random,2,2,1948,15.78,9740,99.39361800239787
random,2,2,1949,15.78,9745,99.39395335975667
random,2,2,1950,15.78,9750,99.3942767211101
random,2,2,1951,15.78,9755,99.39459973758315
random,2,2,1952,15.78,9760,99.39493401023014
random,2,2,1953,15.78,9765,99.39527023142986
random,2,2,1954,15.78,9770,99.39560607917637
random,2,2,1955,15.78,9775,99.39594155409156
random,2,2,1956,15.78,9780,99.3962766567959
random,2,2,1957,15.78,9785,99.39661138790852
random,2,2,1958,15.78,9790,99.39694344338415
random,2,2,1959,15.78,9795,99.39727513358874
random,2,2,1960,15.78,9800,99.39759496087039
random,2,2,1961,15.78,9805,99.39791444890858
random,2,2,1962,15.78,9810,99.39823359824274
random,2,2,1963,15.78,9815,99.39854094724083
random,2,2,1964,15.78,9820,99.39884798244545
random,2,2,1965,15.78,9825,99.3991661431264
random,2,2,1966,15.78,9830,99.39948396721137
random,2,2,1967,15.78,9835,99.39980145523424
random,2,2,1968,15.78,9840,99.40011860772775
random,2,2,1969,15.78,9845,99.40044681530115
random,2,2,1970,15.78,9850,99.40076328630832
random,2,2,1971,15.790000000000001,9855,99.40069987930498
random,2,2,1972,15.790000000000001,9860,99.4010045218658
random,2,2,1973,15.790000000000001,9865,99.40130885486575
random,2,2,1974,15.790000000000001,9870,99.40162421697659
random,2,2,1975,15.790000000000001,9875,99.40193924702673
random,2,2,1976,15.790000000000001,9880,99.40226525946004
random,2,2,1977,15.790000000000001,9885,99.40259317692549
random,2,2,1978,15.790000000000001,9890,99.40292073479698
random,2,2,1979,15.790000000000001,9895,99.40324793366567
random,2,2,1980,15.790000000000001,9900,99.40357477412142
random,2,2,1981,15.790000000000001,9905,99.40390125675282
random,2,2,1982,15.790000000000001,9910,99.4042273821472
random,2,2,1983,15.790000000000001,9915,99.40455315089054
random,2,2,1984,15.790000000000001,9920,99.40487632056022
random,2,2,1985,15.8,9925,99.404811234753
random,2,2,1986,15.8,9930,99.40513392016747
random,2,2,1987,15.8,9935,99.40545625587959
random,2,2,1988,15.8,9940,99.40577824245752
random,2,2,1989,15.8,9945,99.4060887183169
random,2,2,1990,15.8,9950,99.40641002039996
random,2,2,1991,15.8,9955,99.40671983658511
random,2,2,1992,15.8,9960,99.40704045635368
random,2,2,1993,15.8,9965,99.4073629526828
random,2,2,1994,15.8,9970,99.40768509840674
random,2,2,1995,15.8,9975,99.40800689409693
random,2,2,1996,15.8,9980,99.40832834032355
random,2,2,1997,15.809999999999999,9985,99.40827516514774
random,2,2,1998,15.809999999999999,9990,99.40859611715857
random,2,2,1999,15.809999999999999,9995,99.4089167211889
random,2,2,2000,15.809999999999999,10000,99.40923697780435
random,2,2,2001,15.83,10005,99.40880996396093
random,2,2,2002,15.83,10010,99.40912993169347
random,2,2,2003,15.83,10015,99.40944955326331
random,2,2,2004,15.83,10020,99.40976882923192
random,2,2,2005,15.83,10025,99.4100877601595
random,2,2,2006,15.83,10030,99.41040634660509
random,2,2,2007,15.83,10035,99.4107245891265
random,2,2,2008,15.83,10040,99.41104029704701
random,2,2,2009,15.83,10045,99.41134472218297
random,2,2,2010,15.83,10050,99.4116378989935
random,2,2,2011,15.83,10055,99.41193078391892
random,2,2,2012,15.83,10060,99.41222337739492
random,2,2,2013,15.840000000000002,10065,99.41214455899708
random,2,2,2014,15.86,10070,99.41169488256153
random,2,2,2015,15.86,10075,99.41198715714698
random,2,2,2016,15.879999999999999,10080,99.41153800545476
random,2,2,2017,15.879999999999999,10085,99.4118300677803
random,2,2,2018,15.879999999999999,10090,99.41212184033999
random,2,2,2019,15.879999999999999,10095,99.41242419421083
random,2,2,2020,15.879999999999999,10100,99.41272623723198
random,2,2,2021,15.909999999999998,10105,99.4119190806569
random,2,2,2022,15.959999999999999,10110,99.41037387320821
random,2,2,2023,16.03,10115,99.4080917513173
random,2,2,2024,16.07,10120,99.40690820917281
random,2,2,2025,16.08,10125,99.40683249288973
random,2,2,2026,16.08,10130,99.40712555443716
random,2,2,2027,16.08,10135,99.4074183265464
random,2,2,2028,16.08,10140,99.40771080964606
random,2,2,2029,16.08,10145,99.4080139013651
random,2,2,2030,16.09,10150,99.4079596132052
random,2,2,2031,16.09,10155,99.40827314317657
random,2,2,2032,16.09,10160,99.40858634124825
random,2,2,2033,16.09,10165,99.40889920794697
random,2,2,2034,16.09,10170,99.40921174379838
random,2,2,2035,16.09,10175,99.40952394932695
random,2,2,2036,16.09,10180,99.40983582505612
random,2,2,2037,16.09,10185,99.41013655943543
random,2,2,2038,16.09,10190,99.410447788538
random,2,2,2039,16.09,10195,99.4107586893867
random,2,2,2040,16.09,10200,99.41106926250059
random,2,2,2041,16.09,10205,99.41138166174017
random,2,2,2042,16.09,10210,99.41169372973012
random,2,2,2043,16.09,10215,99.41200546699702
random,2,2,2044,16.09,10220,99.41231687406633
random,2,2,2045,16.09,10225,99.41262795146241
random,2,2,2046,16.09,10230,99.41293655774311
random,2,2,2047,16.09,10235,99.41324483990957
random,2,2,2048,16.09,10240,99.413554935943
random,2,2,2049,16.09,10245,99.41386470438235
random,2,2,2050,16.09,10250,99.41417414574649
random,2,2,2051,16.09,10255,99.41448112984399
random,2,2,2052,16.09,10260,99.41478779237879
random,2,2,2053,16.09,10265,99.41508350237383
random,2,2,2054,16.09,10270,99.41536829254113
random,2,2,2055,16.09,10275,99.41565280552025
random,2,2,2056,16.09,10280,99.41593704171568
random,2,2,2057,16.1,10285,99.41586877727912
random,2,2,2058,16.1,10290,99.41616321320559
random,2,2,2059,16.1,10295,99.41645735245613
random,2,2,2060,16.1,10300,99.41676175985799
random,2,2,2061,16.1,10305,99.41706584983471
random,2,2,2062,16.1,10310,99.41736962288253
random,2,2,2063,16.1,10315,99.41766254810614
random,2,2,2064,16.13,10320,99.41686008257233
random,2,2,2065,16.17,10325,99.41570760085999
random,2,2,2066,16.17,10330,99.41600092457492
random,2,2,2067,16.17,10335,99.41629395393163
random,2,2,2068,16.17,10340,99.41659721395403
random,2,2,2069,16.17,10345,99.41690015902724
random,2,2,2070,16.17,10350,99.41720278964156
random,2,2,2071,16.17,10355,99.41750720461096
random,2,2,2072,16.17,10360,99.41781130173361
random,2,2,2073,16.17,10365,99.41811508150707
random,2,2,2074,16.189999999999998,10370,99.41769921053105
random,2,2,2075,16.21,10375,99.41728377309656
random,2,2,2076,16.21,10380,99.41758735291477
random,2,2,2077,16.220000000000002,10385,99.41753151147341
random,2,2,2078,16.220000000000002,10390,99.41783464637582
random,2,2,2079,16.220000000000002,10395,99.41813746592051
random,2,2,2080,16.220000000000002,10400,99.41843997059931
random,2,2,2081,16.220000000000002,10405,99.41874216090307
random,2,2,2082,16.220000000000002,10410,99.41904403732158
random,2,2,2083,16.220000000000002,10415,99.4193435216708
random,2,2,2084,16.220000000000002,10420,99.41963231452922
random,2,2,2085,16.220000000000002,10425,99.41992082026486
random,2,2,2086,16.220000000000002,10430,99.42021940156062
random,2,2,2087,16.220000000000002,10435,99.42051767563996
random,2,2,2088,16.220000000000002,10440,99.42081564297676
random,2,2,2089,16.220000000000002,10445,99.42110297371765
random,2,2,2090,16.220000000000002,10450,99.42140033959733
random,2,2,2091,16.220000000000002,10455,99.42169740013405
random,2,2,2092,16.220000000000002,10460,99.42199415579788
random,2,2,2093,16.220000000000002,10465,99.42229060705789
random,2,2,2094,16.220000000000002,10470,99.4225888098993
random,2,2,2095,16.220000000000002,10475,99.42288465164934
random,2,2,2096,16.220000000000002,10480,99.42316993371078
random,2,2,2097,16.220000000000002,10485,99.42344468694682
random,2,2,2098,16.220000000000002,10490,99.42371917856889
random,2,2,2099,16.220000000000002,10495,99.42399340895048
random,2,2,2100,16.220000000000002,10500,99.42426737846434
random,2,2,2101,16.220000000000002,10505,99.42455129546914
random,2,2,2102,16.220000000000002,10510,99.42483493259009
random,2,2,2103,16.220000000000002,10515,99.42511829024083
random,2,2,2104,16.220000000000002,10520,99.42540136883422
random,2,2,2105,16.220000000000002,10525,99.42569433625562
random,2,2,2106,16.220000000000002,10530,99.4259870050819
random,2,2,2107,16.220000000000002,10535,99.42628140507999
random,2,2,2108,16.220000000000002,10540,99.42657550324894
random,2,2,2109,16.220000000000002,10545,99.42686930005264
random,2,2,2110,16.220000000000002,10550,99.42715874977927
random,2,2,2111,16.220000000000002,10555,99.42742769597893
random,2,2,2112,16.220000000000002,10560,99.42771658210609
random,2,2,2113,16.220000000000002,10565,99.4280071939909
random,2,2,2114,16.220000000000002,10570,99.42829751087363
random,2,2,2115,16.220000000000002,10575,99.42858753320321
random,2,2,2116,16.220000000000002,10580,99.42887726142774
random,2,2,2117,16.220000000000002,10585,99.42916669599431
random,2,2,2118,16.220000000000002,10590,99.4294558373492
random,2,2,2119,16.220000000000002,10595,99.42974468593768
random,2,2,2120,16.220000000000002,10600,99.43003123934822
random,2,2,2121,16.220000000000002,10605,99.43031750491711
random,2,2,2122,16.220000000000002,10610,99.43059348868559
random,2,2,2123,16.220000000000002,10615,99.43084923469925
random,2,2,2124,16.220000000000002,10620,99.43111472753482
random,2,2,2125,16.220000000000002,10625,99.43137997279598
random,2,2,2126,16.220000000000002,10630,99.43164497082888
random,2,2,2127,16.220000000000002,10635,99.43192165982543
random,2,2,2128,16.220000000000002,10640,99.43218814106379
random,2,2,2129,16.220000000000002,10645,99.43246430158469
random,2,2,2130,16.220000000000002,10650,99.43273820973299
random,2,2,2131,16.220000000000002,10655,99.43301185361778
random,2,2,2132,16.220000000000002,10660,99.43328721367378
random,2,2,2133,16.220000000000002,10665,99.43356230640019
random,2,2,2134,16.220000000000002,10670,99.43383713218611
random,2,2,2135,16.220000000000002,10675,99.43410181980575
random,2,2,2136,16.220000000000002,10680,99.43436626005203
random,2,2,2137,16.220000000000002,10685,99.43463045327161
random,2,2,2138,16.220000000000002,10690,99.43490424379247
random,2,2,2139,16.220000000000002,10695,99.43516793481099
random,2,2,2140,16.220000000000002,10700,99.43543137985166
random,2,2,2141,16.220000000000002,10705,99.43569457925847
random,2,2,2142,16.220000000000002,10710,99.43595753337483
random,2,2,2143,16.220000000000002,10715,99.43623004038845
random,2,2,2144,16.220000000000002,10720,99.43649249583102
random,2,2,2145,16.220000000000002,10725,99.43675470702216
random,2,2,2146,16.220000000000002,10730,99.43702644448533
random,2,2,2147,16.220000000000002,10735,99.43730768029918
random,2,2,2148,16.220000000000002,10740,99.43758863526826
random,2,2,2149,16.220000000000002,10745,99.43786930981304
random,2,2,2150,16.220000000000002,10750,99.43815165055942
random,2,2,2151,16.220000000000002,10755,99.43843370782626
random,2,2,2152,16.220000000000002,10760,99.43871548204028
random,2,2,2153,16.220000000000002,10765,99.43899697362733
random,2,2,2154,16.220000000000002,10770,99.43927818301242
random,2,2,2155,16.220000000000002,10775,99.4395591106197
random,2,2,2156,16.220000000000002,10780,99.43983975687249
random,2,2,2157,16.220000000000002,10785,99.44012012219326
random,2,2,2158,16.220000000000002,10790,99.44040020700362
random,2,2,2159,16.220000000000002,10795,99.44068001172434
random,2,2,2160,16.220000000000002,10800,99.44095953677535
random,2,2,2161,16.220000000000002,10805,99.44123878257575
random,2,2,2162,16.220000000000002,10810,99.44151774954378
random,2,2,2163,16.220000000000002,10815,99.44179643809687
random,2,2,2164,16.220000000000002,10820,99.44207484865161
random,2,2,2165,16.220000000000002,10825,99.44235298162378
random,2,2,2166,16.220000000000002,10830,99.44263083742827
random,2,2,2167,16.220000000000002,10835,99.4429084164792
random,2,2,2168,16.220000000000002,10840,99.44318571918984
random,2,2,2169,16.220000000000002,10845,99.44346274597265
random,2,2,2170,16.220000000000002,10850,99.44373949723926
random,2,2,2171,16.220000000000002,10855,99.44401597340051
random,2,2,2172,16.220000000000002,10860,99.44429217486639
random,2,2,2173,16.220000000000002,10865,99.44456810204606
random,2,2,2174,16.220000000000002,10870,99.44484375534792
random,2,2,2175,16.220000000000002,10875,99.44511913517951
random,2,2,2176,16.220000000000002,10880,99.44539234559375
random,2,2,2177,16.220000000000002,10885,99.44565581446216
random,2,2,2178,16.220000000000002,10890,99.44592849676506
random,2,2,2179,16.220000000000002,10895,99.44620091093464
random,2,2,2180,16.220000000000002,10900,99.44647305736613
random,2,2,2181,16.220000000000002,10905,99.44674493645412
random,2,2,2182,16.220000000000002,10910,99.4470071220846
random,2,2,2183,16.220000000000002,10915,99.44726905933508
random,2,2,2184,16.220000000000002,10920,99.44753074855836
random,2,2,2185,16.220000000000002,10925,99.44779219010657
random,2,2,2186,16.220000000000002,10930,99.44804399313968
random,2,2,2187,16.220000000000002,10935,99.44829556663652
random,2,2,2188,16.220000000000002,10940,99.44854503605536
random,2,2,2189,16.220000000000002,10945,99.4487942799663
random,2,2,2190,16.220000000000002,10950,99.44904517014382
random,2,2,2191,16.220000000000002,10955,99.44929396226543
random,2,2,2192,16.220000000000002,10960,99.44954439787556
random,2,2,2193,16.220000000000002,10965,99.44979273943514
random,2,2,2194,16.220000000000002,10970,99.45005204501301
random,2,2,2195,16.220000000000002,10975,99.45031110629125
random,2,2,2196,16.220000000000002,10980,99.45056806249026
random,2,2,2197,16.220000000000002,10985,99.45081548145063
random,2,2,2198,16.220000000000002,10990,99.45107196642807
random,2,2,2199,16.220000000000002,10995,99.45132821194562
random,2,2,2200,16.220000000000002,11000,99.45159348944775
random,2,2,2201,16.220000000000002,11005,99.45184924840488
random,2,2,2202,16.220000000000002,11010,99.45210476891792
random,2,2,2203,16.220000000000002,11015,99.45237114515878
random,2,2,2204,16.220000000000002,11020,99.45263726251139
random,2,2,2205,16.220000000000002,11025,99.45290312135296
random,2,2,2206,16.220000000000002,11030,99.45316687849989
random,2,2,2207,16.220000000000002,11035,99.45343038145302
random,2,2,2208,16.220000000000002,11040,99.45368443034309
random,2,2,2209,16.220000000000002,11045,99.4539474348659
random,2,2,2210,16.220000000000002,11050,99.45420100343564
random,2,2,2211,16.220000000000002,11055,99.45446534576874
random,2,2,2212,16.220000000000002,11060,99.4547294321723
random,2,2,2213,16.220000000000002,11065,99.45498410650323
random,2,2,2214,16.220000000000002,11070,99.45523854304858
random,2,2,2215,16.23,11075,99.45514789562205
random,2,2,2216,16.23,11080,99.45540202269662
random,2,2,2217,16.23,11085,99.45565591282445
random,2,2,2218,16.23,11090,99.4559095663368
random,2,2,2219,16.23,11095,99.45616298356425
random,2,2,2220,16.259999999999998,11100,99.45542050847514
random,2,2,2221,16.3,11105,99.45433485762491
random,2,2,2222,16.3,11110,99.45459777422356
random,2,2,2223,16.3,11115,99.45486043758319
random,2,2,2224,16.3,11120,99.45512284806954
random,2,2,2225,16.3,11125,99.4553759075676
random,2,2,2226,16.3,11130,99.4556287321159
random,2,2,2227,16.3,11135,99.45587224013727
random,2,2,2228,16.3,11140,99.45611553040415
random,2,2,2229,16.3,11145,99.45636766888455
random,2,2,2230,16.3,11150,99.45661051642003
random,2,2,2231,16.3,11155,99.45685314708616
random,2,2,2232,16.31,11160,99.45676249096547
random,2,2,2233,16.33,11165,99.45633899411061
random,2,2,2234,16.33,11170,99.4565814212742
random,2,2,2235,16.33,11175,99.4568236323298
random,2,2,2236,16.33,11180,99.4570656275663
random,2,2,2237,16.33,11185,99.45730740727201
random,2,2,2238,16.33,11190,99.45755798117231
random,2,2,2239,16.33,11195,99.4578083237877
random,2,2,2240,16.33,11200,99.4580674279608
random,2,2,2241,16.33,11205,99.45832808136025
random,2,2,2242,16.33,11210,99.45858848414721
random,2,2,2243,16.36,11215,99.45785448231068
random,2,2,2244,16.36,11220,99.45811486242543
random,2,2,2245,16.400000000000002,11225,99.45705072602912
random,2,2,2246,16.400000000000002,11230,99.45731124192999
random,2,2,2247,16.400000000000002,11235,99.4575715079512
random,2,2,2248,16.400000000000002,11240,99.45782973208854
random,2,2,2249,16.400000000000002,11245,99.45807875701772
random,2,2,2250,16.400000000000002,11250,99.4583364985418
random,2,2,2251,16.400000000000002,11255,99.4585939950151
random,2,2,2252,16.400000000000002,11260,99.45885303240283
random,2,2,2253,16.400000000000002,11265,99.4591118220346
random,2,2,2254,16.400000000000002,11270,99.4593703642657
random,2,2,2255,16.400000000000002,11275,99.45962865945073
random,2,2,2256,16.400000000000002,11280,99.45988670794361
random,2,2,2257,16.400000000000002,11285,99.4601445100976
random,2,2,2258,16.400000000000002,11290,99.46040206626526
random,2,2,2259,16.400000000000002,11295,99.46065937679849
random,2,2,2260,16.400000000000002,11300,99.46091644204851
random,2,2,2261,16.400000000000002,11305,99.4611732623659
random,2,2,2262,16.400000000000002,11310,99.46142983810056
random,2,2,2263,16.400000000000002,11315,99.46168616960168
random,2,2,2264,16.400000000000002,11320,99.46194225721786
random,2,2,2265,16.400000000000002,11325,99.46219810129695
random,2,2,2266,16.400000000000002,11330,99.46245370218624
random,2,2,2267,16.400000000000002,11335,99.46270906023229
random,2,2,2268,16.400000000000002,11340,99.462964175781
random,2,2,2269,16.400000000000002,11345,99.46321904917764
random,2,2,2270,16.400000000000002,11350,99.46347368076684
random,2,2,2271,16.400000000000002,11355,99.46372807089253
random,2,2,2272,16.400000000000002,11360,99.46398221989803
random,2,2,2273,16.400000000000002,11365,99.46423612812598
random,2,2,2274,16.400000000000002,11370,99.46448979591837
random,2,2,2275,16.400000000000002,11375,99.46474322361657
random,2,2,2276,16.400000000000002,11380,99.4649964115613
random,2,2,2277,16.400000000000002,11385,99.4652493600926
random,2,2,2278,16.400000000000002,11390,99.46550206954991
random,2,2,2279,16.400000000000002,11395,99.46575454027202
random,2,2,2280,16.400000000000002,11400,99.46600677259703
random,2,2,2281,16.400000000000002,11405,99.46625876686248
random,2,2,2282,16.400000000000002,11410,99.46651052340523
random,2,2,2283,16.400000000000002,11415,99.4667620425615
random,2,2,2284,16.400000000000002,11420,99.46701332466688
random,2,2,2285,16.400000000000002,11425,99.46726437005637
random,2,2,2286,16.400000000000002,11430,99.46751517906426
random,2,2,2287,16.400000000000002,11435,99.46776575202428
random,2,2,2288,16.400000000000002,11440,99.4680160892695
random,2,2,2289,16.400000000000002,11445,99.46826619113237
random,2,2,2290,16.400000000000002,11450,99.46851605794471
random,2,2,2291,16.400000000000002,11455,99.46876569003774
random,2,2,2292,16.400000000000002,11460,99.46901508774202
random,2,2,2293,16.400000000000002,11465,99.46926425138751
random,2,2,2294,16.400000000000002,11470,99.46951318130357
random,2,2,2295,16.400000000000002,11475,99.46976187781891
random,2,2,2296,16.400000000000002,11480,99.47001034126164
random,2,2,2297,16.400000000000002,11485,99.47025857195923
random,2,2,2298,16.400000000000002,11490,99.4705065702386
random,2,2,2299,16.400000000000002,11495,99.47075433642598
random,2,2,2300,16.400000000000002,11500,99.47100187084705
random,2,2,2301,16.400000000000002,11505,99.47124917382683
random,2,2,2302,16.400000000000002,11510,99.47149624568979
random,2,2,2303,16.400000000000002,11515,99.47174308675976
random,2,2,2304,16.400000000000002,11520,99.47198969735996
random,2,2,2305,16.400000000000002,11525,99.47223607781301
random,2,2,2306,16.400000000000002,11530,99.47248222844092
random,2,2,2307,16.400000000000002,11535,99.47272814956516
random,2,2,2308,16.400000000000002,11540,99.47297384150653
random,2,2,2309,16.400000000000002,11545,99.47321930458524
random,2,2,2310,16.400000000000002,11550,99.47346453912094
random,2,2,2311,16.400000000000002,11555,99.47370954543267
random,2,2,2312,16.400000000000002,11560,99.47395432383885
random,2,2,2313,16.400000000000002,11565,99.47419887465735
random,2,2,2314,16.400000000000002,11570,99.47444319820542
random,2,2,2315,16.400000000000002,11575,99.47468729479972
random,2,2,2316,16.400000000000002,11580,99.47493116475636
random,2,2,2317,16.400000000000002,11585,99.4751748083908
random,2,2,2318,16.400000000000002,11590,99.47541822601798
random,2,2,2319,16.400000000000002,11595,99.4756614179522
random,2,2,2320,16.400000000000002,11600,99.47590438450722
random,2,2,2321,16.400000000000002,11605,99.47614712599619
random,2,2,2322,16.400000000000002,11610,99.4763896427317
random,2,2,2323,16.400000000000002,11615,99.47663193502578
random,2,2,2324,16.400000000000002,11620,99.47687400318979
random,2,2,2325,16.400000000000002,11625,99.47711584753463
random,2,2,2326,16.400000000000002,11630,99.47735746837057
random,2,2,2327,16.400000000000002,11635,99.4775988660073
random,2,2,2328,16.400000000000002,11640,99.47784004075395
random,2,2,2329,16.400000000000002,11645,99.47808099291908
random,2,2,2330,16.400000000000002,11650,99.4783217228107
random,2,2,2331,16.400000000000002,11655,99.47856223073622
random,2,2,2332,16.400000000000002,11660,99.47880251700248
random,2,2,2333,16.400000000000002,11665,99.47904258191579
random,2,2,2334,16.400000000000002,11670,99.47928242578186
random,2,2,2335,16.400000000000002,11675,99.47952204890589
random,2,2,2336,16.400000000000002,11680,99.47975980129362
random,2,2,2337,16.400000000000002,11685,99.47999733657173
random,2,2,2338,16.400000000000002,11690,99.48022641844308
random,2,2,2339,16.400000000000002,11695,99.48044706896115
random,2,2,2340,16.400000000000002,11700,99.48067575484096
random,2,2,2341,16.400000000000002,11705,99.48090423949306
random,2,2,2342,16.400000000000002,11710,99.48112431502082
random,2,2,2343,16.400000000000002,11715,99.48135240522822
random,2,2,2344,16.400000000000002,11720,99.48157210099228
random,2,2,2345,16.400000000000002,11725,99.48179161071174
random,2,2,2346,16.400000000000002,11730,99.48201093462283
random,2,2,2347,16.400000000000002,11735,99.48223007296136
random,2,2,2348,16.400000000000002,11740,99.48244902596277
random,2,2,2349,16.400000000000002,11745,99.48267595326419
random,2,2,2350,16.400000000000002,11750,99.48289452940249
random,2,2,2351,16.400000000000002,11755,99.48311292091627
random,2,2,2352,16.400000000000002,11760,99.48333112803937
random,2,2,2353,16.400000000000002,11765,99.48354915100519
random,2,2,2354,16.400000000000002,11770,99.48376699004677
random,2,2,2355,16.400000000000002,11775,99.48398464539676
random,2,2,2356,16.400000000000002,11780,99.4842021172874
random,2,2,2357,16.400000000000002,11785,99.48442751019357
random,2,2,2358,16.400000000000002,11790,99.48465270620176
random,2,2,2359,16.400000000000002,11795,99.48487770556991
random,2,2,2360,16.400000000000002,11800,99.48509442551922
random,2,2,2361,16.400000000000002,11805,99.48531903942958
random,2,2,2362,16.400000000000002,11810,99.48553538826394
random,2,2,2363,16.400000000000002,11815,99.48575155528798
random,2,2,2364,16.400000000000002,11820,99.4859675407308
random,2,2,2365,16.400000000000002,11825,99.4861833448211
random,2,2,2366,16.400000000000002,11830,99.48640700991798
random,2,2,2367,16.400000000000002,11835,99.48663851525842
random,2,2,2368,16.400000000000002,11840,99.48687141748643
random,2,2,2369,16.400000000000002,11845,99.48710410848373
random,2,2,2370,16.400000000000002,11850,99.4873365885376
random,2,2,2371,16.400000000000002,11855,99.48756885793472
random,2,2,2372,16.400000000000002,11860,99.48780091696129
random,2,2,2373,16.400000000000002,11865,99.48803276590297
random,2,2,2374,16.400000000000002,11870,99.48826440504497
random,2,2,2375,16.400000000000002,11875,99.48849583467188
random,2,2,2376,16.400000000000002,11880,99.48872705506784
random,2,2,2377,16.400000000000002,11885,99.48895806651647
random,2,2,2378,16.400000000000002,11890,99.48918886930088
random,2,2,2379,16.400000000000002,11895,99.48941946370364
random,2,2,2380,16.400000000000002,11900,99.48964985000684
random,2,2,2381,16.400000000000002,11905,99.48988002849207
random,2,2,2382,16.400000000000002,11910,99.49010999944036
random,2,2,2383,16.400000000000002,11915,99.4903397631323
random,2,2,2384,16.400000000000002,11920,99.49056931984792
random,2,2,2385,16.400000000000002,11925,99.49079866986676
random,2,2,2386,16.400000000000002,11930,99.49102781346791
random,2,2,2387,16.400000000000002,11935,99.49125675092986
random,2,2,2388,16.400000000000002,11940,99.49148548253066
random,2,2,2389,16.400000000000002,11945,99.49171400854789
random,2,2,2390,16.400000000000002,11950,99.49194232925855
random,2,2,2391,16.400000000000002,11955,99.4921704449392
random,2,2,2392,16.400000000000002,11960,99.4923983558659
random,2,2,2393,16.400000000000002,11965,99.49262606231419
random,2,2,2394,16.400000000000002,11970,99.49285356455913
random,2,2,2395,16.400000000000002,11975,99.49308086287529
random,2,2,2396,16.400000000000002,11980,99.49330795753674
random,2,2,2397,16.400000000000002,11985,99.49353484881706
random,2,2,2398,16.400000000000002,11990,99.49376153698937
random,2,2,2399,16.400000000000002,11995,99.49398802232623
random,2,2,2400,16.400000000000002,12000,99.4942143050998
random,2,2,2401,16.400000000000002,12005,99.49444038558168
random,2,2,2402,16.400000000000002,12010,99.49466626404305
random,2,2,2403,16.400000000000002,12015,99.49489194075451
random,2,2,2404,16.400000000000002,12020,99.49511741598631
random,2,2,2405,16.400000000000002,12025,99.49534269000809
random,2,2,2406,16.400000000000002,12030,99.4955677630891
random,2,2,2407,16.400000000000002,12035,99.49579263549805
random,2,2,2408,16.400000000000002,12040,99.4960173075032
random,2,2,2409,16.400000000000002,12045,99.49624177937233
random,2,2,2410,16.400000000000002,12050,99.49646605137275
random,2,2,2411,16.400000000000002,12055,99.49669012377126
random,2,2,2412,16.400000000000002,12060,99.49691399683424
random,2,2,2413,16.400000000000002,12065,99.49713767082756
random,2,2,2414,16.400000000000002,12070,99.49736114601659
random,2,2,2415,16.400000000000002,12075,99.49758442266629
random,2,2,2416,16.400000000000002,12080,99.49780750104114
random,2,2,2417,16.400000000000002,12085,99.49803038140509
random,2,2,2418,16.400000000000002,12090,99.49825306402168
random,2,2,2419,16.400000000000002,12095,99.49847554915398
random,2,2,2420,16.400000000000002,12100,99.49869783706457
random,2,2,2421,16.400000000000002,12105,99.49891992801557
random,2,2,2422,16.400000000000002,12110,99.49914182226864
random,2,2,2423,16.400000000000002,12115,99.49936352008498
random,2,2,2424,16.400000000000002,12120,99.49958502172534
random,2,2,2425,16.400000000000002,12125,99.49980632744996
random,2,2,2426,16.400000000000002,12130,99.50002743751867
random,2,2,2427,16.400000000000002,12135,99.50024835219084
random,2,2,2428,16.400000000000002,12140,99.50046907172533
random,2,2,2429,16.400000000000002,12145,99.50068959638061
random,2,2,2430,16.400000000000002,12150,99.50090992641465
random,2,2,2431,16.400000000000002,12155,99.50113006208497
random,2,2,2432,16.400000000000002,12160,99.50135000364865
random,2,2,2433,16.400000000000002,12165,99.50156975136233
random,2,2,2434,16.400000000000002,12170,99.50178930548213
random,2,2,2435,16.400000000000002,12175,99.50200866626382
random,2,2,2436,16.400000000000002,12180,99.50222783396264
random,2,2,2437,16.400000000000002,12185,99.50244680883338
random,2,2,2438,16.400000000000002,12190,99.50266559113047
random,2,2,2439,16.400000000000002,12195,99.50288418110777
random,2,2,2440,16.400000000000002,12200,99.50310257901882
random,2,2,2441,16.400000000000002,12205,99.50332078511657
random,2,2,2442,16.400000000000002,12210,99.5035387996537
random,2,2,2443,16.400000000000002,12215,99.50375662288226
random,2,2,2444,16.400000000000002,12220,99.50397425505402
random,2,2,2445,16.400000000000002,12225,99.50419169642021
random,2,2,2446,16.400000000000002,12230,99.50440894723164
random,2,2,2447,16.400000000000002,12235,99.50462600773871
random,2,2,2448,16.400000000000002,12240,99.50484287819134
random,2,2,2449,16.400000000000002,12245,99.50505955883906
random,2,2,2450,16.400000000000002,12250,99.50527604993093
random,2,2,2451,16.400000000000002,12255,99.50549235171555
random,2,2,2452,16.400000000000002,12260,99.50570846444114
random,2,2,2453,16.400000000000002,12265,99.50592438835548
random,2,2,2454,16.400000000000002,12270,99.50614012370588
random,2,2,2455,16.400000000000002,12275,99.50635567073924
random,2,2,2456,16.400000000000002,12280,99.50657102970202
random,2,2,2457,16.400000000000002,12285,99.50678620084027
random,2,2,2458,16.400000000000002,12290,99.50700118439958
random,2,2,2459,16.400000000000002,12295,99.50721598062518
random,2,2,2460,16.400000000000002,12300,99.50743058976177
random,2,2,2461,16.400000000000002,12305,99.50764501205369
random,2,2,2462,16.400000000000002,12310,99.50785924774486
random,2,2,2463,16.400000000000002,12315,99.50807329707874
random,2,2,2464,16.400000000000002,12320,99.50828716029838
random,2,2,2465,16.400000000000002,12325,99.50850083764644
random,2,2,2466,16.400000000000002,12330,99.5087143293651
random,2,2,2467,16.400000000000002,12335,99.50892763569617
random,2,2,2468,16.400000000000002,12340,99.50914075688101
random,2,2,2469,16.400000000000002,12345,99.50935369316058
random,2,2,2470,16.400000000000002,12350,99.50956644477539
random,2,2,2471,16.400000000000002,12355,99.50977901196558
random,2,2,2472,16.400000000000002,12360,99.50999139497084
random,2,2,2473,16.400000000000002,12365,99.51020359403046
random,2,2,2474,16.400000000000002,12370,99.5104156093833
random,2,2,2475,16.400000000000002,12375,99.51062744126783
random,2,2,2476,16.400000000000002,12380,99.51083908992209
random,2,2,2477,16.400000000000002,12385,99.51105055558371
random,2,2,2478,16.400000000000002,12390,99.51126183848992
random,2,2,2479,16.400000000000002,12395,99.51147293887752
random,2,2,2480,16.400000000000002,12400,99.51168385698293
random,2,2,2481,16.400000000000002,12405,99.51189459304211
random,2,2,2482,16.400000000000002,12410,99.5121051472907
random,2,2,2483,16.400000000000002,12415,99.51231551996385
random,2,2,2484,16.400000000000002,12420,99.51252571129633
random,2,2,2485,16.400000000000002,12425,99.51273572152253
random,2,2,2486,16.400000000000002,12430,99.5129455508764
random,2,2,2487,16.400000000000002,12435,99.51315519959152
random,2,2,2488,16.400000000000002,12440,99.51336466790106
random,2,2,2489,16.400000000000002,12445,99.51357395603776
random,2,2,2490,16.400000000000002,12450,99.51378306423399
random,2,2,2491,16.400000000000002,12455,99.51399199272173
random,2,2,2492,16.400000000000002,12460,99.51420074173252
random,2,2,2493,16.400000000000002,12465,99.51440931149754
random,2,2,2494,16.400000000000002,12470,99.51461770224755
random,2,2,2495,16.400000000000002,12475,99.51482591421293
random,2,2,2496,16.400000000000002,12480,99.51503394762366
random,2,2,2497,16.400000000000002,12485,99.51524180270933
random,2,2,2498,16.400000000000002,12490,99.5154494796991
random,2,2,2499,16.400000000000002,12495,99.51565697882181
random,2,2,2500,16.400000000000002,12500,99.51586430030584
random,2,2,2501,16.400000000000002,12505,99.5160714443792
random,2,2,2502,16.400000000000002,12510,99.51627841126952
random,2,2,2503,16.400000000000002,12515,99.51648520120408
random,2,2,2504,16.400000000000002,12520,99.51669181440965
random,2,2,2505,16.400000000000002,12525,99.51689825111275
random,2,2,2506,16.400000000000002,12530,99.51710451153943
random,2,2,2507,16.400000000000002,12535,99.51731059591539
random,2,2,2508,16.400000000000002,12540,99.51751650446592
random,2,2,2509,16.400000000000002,12545,99.51772223741592
random,2,2,2510,16.400000000000002,12550,99.51792779498999
random,2,2,2511,16.400000000000002,12555,99.5181331774122
random,2,2,2512,16.400000000000002,12560,99.51833838490637
random,2,2,2513,16.400000000000002,12565,99.51854341769588
random,2,2,2514,16.400000000000002,12570,99.51874827600373
random,2,2,2515,16.400000000000002,12575,99.51895296005256
random,2,2,2516,16.400000000000002,12580,99.51915747006463
random,2,2,2517,16.400000000000002,12585,99.51936180626177
random,2,2,2518,16.400000000000002,12590,99.51956596886554
random,2,2,2519,16.400000000000002,12595,99.519769958097
random,2,2,2520,16.400000000000002,12600,99.51997377417693
random,2,2,2521,16.400000000000002,12605,99.5201774173257
random,2,2,2522,16.400000000000002,12610,99.52038088776328
random,2,2,2523,16.400000000000002,12615,99.52058418570931
random,2,2,2524,16.400000000000002,12620,99.52078731138305
random,2,2,2525,16.400000000000002,12625,99.52099026500338
random,2,2,2526,16.400000000000002,12630,99.52119304678878
random,2,2,2527,16.400000000000002,12635,99.52139565695742
random,2,2,2528,16.400000000000002,12640,99.52159809572706
random,2,2,2529,16.400000000000002,12645,99.5218003633151
random,2,2,2530,16.400000000000002,12650,99.52200245993856
random,2,2,2531,16.400000000000002,12655,99.52220438581413
random,2,2,2532,16.400000000000002,12660,99.5224061411581
random,2,2,2533,16.400000000000002,12665,99.52260772618642
random,2,2,2534,16.400000000000002,12670,99.52280914111465
random,2,2,2535,16.400000000000002,12675,99.52301038615799
random,2,2,2536,16.400000000000002,12680,99.5232114615313
random,2,2,2537,16.400000000000002,12685,99.52341236744905
random,2,2,2538,16.400000000000002,12690,99.5236131041254
random,2,2,2539,16.400000000000002,12695,99.52381367177405
random,2,2,2540,16.400000000000002,12700,99.52401407060844
random,2,2,2541,16.400000000000002,12705,99.52421430084162
random,2,2,2542,16.400000000000002,12710,99.52441436268624
random,2,2,2543,16.400000000000002,12715,99.52461425635465
random,2,2,2544,16.400000000000002,12720,99.52481398205883
random,2,2,2545,16.400000000000002,12725,99.52501354001036
random,2,2,2546,16.400000000000002,12730,99.52521293042054
random,2,2,2547,16.400000000000002,12735,99.52541215350023
random,2,2,2548,16.400000000000002,12740,99.52561120946001
random,2,2,2549,16.400000000000002,12745,99.52581009851006
random,2,2,2550,16.400000000000002,12750,99.52600882086024
random,2,2,2551,16.41,12755,99.52591847877899
random,2,2,2552,16.41,12760,99.52611698932681
random,2,2,2553,16.41,12765,99.5263153337009
random,2,2,2554,16.45,12770,99.52535937076213
random,2,2,2555,16.48,12775,99.52469125120413
random,2,2,2556,16.509999999999998,12780,99.52402368638033
random,2,2,2557,16.520000000000003,12785,99.52392616821083
random,2,2,2558,16.520000000000003,12790,99.52411679303114
random,2,2,2559,16.53,12795,99.524012462638
random,2,2,2560,16.53,12800,99.52419605540396
random,2,2,2561,16.53,12805,99.5243795065977
random,2,2,2562,16.53,12810,99.52456281638288
random,2,2,2563,16.53,12815,99.52474598492299
random,2,2,2564,16.53,12820,99.52492901238116
random,2,2,2565,16.53,12825,99.52511189892037
random,2,2,2566,16.53,12830,99.5252946447033
random,2,2,2567,16.53,12835,99.52547724989235
random,2,2,2568,16.53,12840,99.52566652032058
random,2,2,2569,16.53,12845,99.5258556398224
random,2,2,2570,16.53,12850,99.52604460857822
random,2,2,2571,16.53,12855,99.52623342676824
random,2,2,2572,16.53,12860,99.52642209457233
random,2,2,2573,16.53,12865,99.52661739058217
random,2,2,2574,16.53,12870,99.52680575275959
random,2,2,2575,16.53,12875,99.52700073253365
random,2,2,2576,16.53,12880,99.5271887898264
random,2,2,2577,16.53,12885,99.52736994095697
random,2,2,2578,16.53,12890,99.52755095332958
random,2,2,2579,16.53,12895,99.52773182710357
random,2,2,2580,16.53,12900,99.52791256243806
random,2,2,2581,16.53,12905,99.52809315949195
random,2,2,2582,16.53,12910,99.52827361842387
random,2,2,2583,16.53,12915,99.52845393939221
random,2,2,2584,16.53,12920,99.52863412255513
random,2,2,2585,16.53,12925,99.52881416807054
random,2,2,2586,16.53,12930,99.52899407609608
random,2,2,2587,16.53,12935,99.52917384678925
random,2,2,2588,16.53,12940,99.52935348030717
random,2,2,2589,16.53,12945,99.5295329768068
random,2,2,2590,16.53,12950,99.52971902632208
random,2,2,2591,16.53,12955,99.52990492874633
random,2,2,2592,16.53,12960,99.5300906842539
random,2,2,2593,16.53,12965,99.53027629301894
random,2,2,2594,16.53,12970,99.5304617552152
random,2,2,2595,16.53,12975,99.53064040751657
random,2,2,2596,16.53,12980,99.53081892392058
random,2,2,2597,16.53,12985,99.53099730458221
random,2,2,2598,16.53,12990,99.53118219796987
random,2,2,2599,16.53,12995,99.53137358852163
random,2,2,2600,16.53,13000,99.5315648228703
random,2,2,2601,16.53,13005,99.531755901207
random,2,2,2602,16.53,13010,99.53194682372263
random,2,2,2603,16.53,13015,99.53213891483401
random,2,2,2604,16.53,13020,99.53233084833995
random,2,2,2605,16.53,13025,99.53252130237925
random,2,2,2606,16.53,13030,99.53271160136032
random,2,2,2607,16.56,13035,99.53205401724279
random,2,2,2608,16.57,13040,99.53195528012067
random,2,2,2609,16.580000000000002,13045,99.53185001129434
random,2,2,2610,16.580000000000002,13050,99.53203367776933
random,2,2,2611,16.580000000000002,13055,99.53221720018733
random,2,2,2612,16.580000000000002,13060,99.53240057871774
random,2,2,2613,16.580000000000002,13065,99.5325838135297
random,2,2,2614,16.580000000000002,13070,99.53277348813616
random,2,2,2615,16.580000000000002,13075,99.5329630088675
random,2,2,2616,16.580000000000002,13080,99.53314580323982
random,2,2,2617,16.580000000000002,13085,99.53332845457975
random,2,2,2618,16.59,13090,99.53322960657924
random,2,2,2619,16.61,13095,99.53284958938013
random,2,2,2620,16.63,13100,99.53247644108585
random,2,2,2621,16.63,13105,99.53266563251726
random,2,2,2622,16.66,13110,99.53201195532483
random,2,2,2623,16.689999999999998,13115,99.53135880674799
random,2,2,2624,16.7,13120,99.53126096414286
random,2,2,2625,16.7,13125,99.53143719715271
random,2,2,2626,16.7,13130,99.5316132976948
random,2,2,2627,16.73,13135,99.53094816879137
random,2,2,2628,16.74,13140,99.53084406030082
random,2,2,2629,16.74,13145,99.5310201851826
random,2,2,2630,16.74,13150,99.53119617787661
random,2,2,2631,16.74,13155,99.53137203853163
random,2,2,2632,16.74,13160,99.53155432178916
random,2,2,2633,16.74,13165,99.53173646329559
random,2,2,2634,16.74,13170,99.53191846321617
random,2,2,2635,16.74,13175,99.53210032171597
random,2,2,2636,16.74,13180,99.53227550481554
random,2,2,2637,16.74,13185,99.53245708604018
random,2,2,2638,16.74,13190,99.53264505033698
random,2,2,2639,16.74,13195,99.53283416729225
random,2,2,2640,16.74,13200,99.53302313125565
random,2,2,2641,16.74,13205,99.53321064078969
random,2,2,2642,16.74,13210,99.53339149679869
random,2,2,2643,16.74,13215,99.53357871068226
random,2,2,2644,16.74,13220,99.53376707292618
random,2,2,2645,16.74,13225,99.53395528309294
random,2,2,2646,16.74,13230,99.53414334136662
random,2,2,2647,16.74,13235,99.53433124793105
random,2,2,2648,16.74,13240,99.53451900296973
random,2,2,2649,16.74,13245,99.53470660666586
random,2,2,2650,16.74,13250,99.53489405920237
random,2,2,2651,16.74,13255,99.53508136076186
random,2,2,2652,16.74,13260,99.53526851152668
random,2,2,2653,16.74,13265,99.53545551167883
random,2,2,2654,16.74,13270,99.53564236140006
random,2,2,2655,16.74,13275,99.53582906087183
random,2,2,2656,16.74,13280,99.53601561027529
random,2,2,2657,16.74,13285,99.53620200979128
random,2,2,2658,16.74,13290,99.53638697563125
random,2,2,2659,16.74,13295,99.53657179399869
random,2,2,2660,16.74,13300,99.53675005534647
random,2,2,2661,16.74,13305,99.53692817960768
random,2,2,2662,16.74,13310,99.53710616694042
random,2,2,2663,16.74,13315,99.53728401750249
random,2,2,2664,16.74,13320,99.53746173145149
random,2,2,2665,16.74,13325,99.53763930894478
random,2,2,2666,16.74,13330,99.53781675013943
random,2,2,2667,16.74,13335,99.53799405519233
random,2,2,2668,16.74,13340,99.53817122426008
random,2,2,2669,16.74,13345,99.53834825749908
random,2,2,2670,16.74,13350,99.53852515506547
random,2,2,2671,16.74,13355,99.53869556111596
random,2,2,2672,16.74,13360,99.53886584136323
random,2,2,2673,16.74,13365,99.53903472660133
random,2,2,2674,16.74,13370,99.53920348818005
random,2,2,2675,16.74,13375,99.53937212623515
random,2,2,2676,16.74,13380,99.53954064090222
random,2,2,2677,16.75,13385,99.53944166581887
random,2,2,2678,16.75,13390,99.53961635612531
random,2,2,2679,16.75,13395,99.53979217839029
random,2,2,2680,16.75,13400,99.53996028552675
random,2,2,2681,16.75,13405,99.54012826989391
random,2,2,2682,16.75,13410,99.54029613162625
random,2,2,2683,16.75,13415,99.54046387085799
random,2,2,2684,16.75,13420,99.5406314877232
random,2,2,2685,16.75,13425,99.54079898235571
random,2,2,2686,16.75,13430,99.54096635488919
random,2,2,2687,16.75,13435,99.54113360545709
random,2,2,2688,16.75,13440,99.54130073419267
random,2,2,2689,16.75,13445,99.54147527251425
random,2,2,2690,16.75,13450,99.54164842381786
random,2,2,2691,16.76,13455,99.54154163463932
random,2,2,2692,16.78,13460,99.54116147943977
random,2,2,2693,16.78,13465,99.54132202036989
random,2,2,2694,16.78,13470,99.54148244899743
random,2,2,2695,16.78,13475,99.54163650518322
random,2,2,2696,16.78,13480,99.54179671393423
random,2,2,2697,16.78,13485,99.5419630622417
random,2,2,2698,16.78,13490,99.54212928980924
random,2,2,2699,16.78,13495,99.5423016390402
random,2,2,2700,16.79,13500,99.54220119698437
random,2,2,2701,16.79,13505,99.54237338951684
random,2,2,2702,16.79,13510,99.54255168430345
random,2,2,2703,16.79,13515,99.54272984021418
random,2,2,2704,16.79,13520,99.54290287979353
random,2,2,2705,16.81,13525,99.5425315070879
random,2,2,2706,16.82,13530,99.54243120825909
random,2,2,2707,16.84,13535,99.54205282165078
random,2,2,2708,16.84,13540,99.54221839227316
random,2,2,2709,16.84,13545,99.5423850867539
random,2,2,2710,16.84,13550,99.54255165988009
random,2,2,2711,16.85,13555,99.54245277895446
random,2,2,2712,16.85,13560,99.5426192040217
random,2,2,2713,16.85,13565,99.54278550806434
random,2,2,2714,16.85,13570,99.5429578897403
random,2,2,2715,16.85,13575,99.54313014148053
random,2,2,2716,16.85,13580,99.54330226343193
random,2,2,2717,16.85,13585,99.54347425574112
random,2,2,2718,16.85,13590,99.5436461185545
random,2,2,2719,16.85,13595,99.54381167679666
random,2,2,2720,16.85,13600,99.54397711495837
random,2,2,2721,16.85,13605,99.54414243317021
random,2,2,2722,16.85,13610,99.54430763156257
random,2,2,2723,16.85,13615,99.54447271026572
random,2,2,2724,16.85,13620,99.54463766940965
random,2,2,2725,16.86,13625,99.5445385143203
random,2,2,2726,16.86,13630,99.54471562278906
random,2,2,2727,16.86,13635,99.5448938220551
random,2,2,2728,16.86,13640,99.54507065435892
random,2,2,2729,16.86,13645,99.54524121635838
random,2,2,2730,16.869999999999997,13650,99.54514202515604
random,2,2,2731,16.869999999999997,13655,99.54531243261891
random,2,2,2732,16.869999999999997,13660,99.54548148786783
random,2,2,2733,16.869999999999997,13665,99.54565653573209
random,2,2,2734,16.869999999999997,13670,99.54583144881653
random,2,2,2735,16.869999999999997,13675,99.54600622727676
random,2,2,2736,16.869999999999997,13680,99.54618209208172
random,2,2,2737,16.869999999999997,13685,99.54635904055071
random,2,2,2738,16.869999999999997,13690,99.54653463217427
random,2,2,2739,16.869999999999997,13695,99.54670399797938
random,2,2,2740,16.869999999999997,13700,99.54687932270949
random,2,2,2741,16.869999999999997,13705,99.54705451186867
random,2,2,2742,16.869999999999997,13710,99.54722956561413
random,2,2,2743,16.869999999999997,13715,99.54739841280913
random,2,2,2744,16.869999999999997,13720,99.54756713411805
random,2,2,2745,16.869999999999997,13725,99.54772966727165
random,2,2,2746,16.869999999999997,13730,99.54789208368955
random,2,2,2747,16.869999999999997,13735,99.54805438349742
random,2,2,2748,16.869999999999997,13740,99.54822261618472
random,2,2,2749,16.869999999999997,13745,99.54839072367241
random,2,2,2750,16.869999999999997,13750,99.54855870610021
random,2,2,2751,16.869999999999997,13755,99.54872052773214
random,2,2,2752,16.869999999999997,13760,99.54888223339394
random,2,2,2753,16.869999999999997,13765,99.5490438232102
random,2,2,2754,16.88,13770,99.54893808052844
random,2,2,2755,16.88,13775,99.549099534675
random,2,2,2756,16.89,13780,99.54899384773135
random,2,2,2757,16.89,13785,99.54916118355199
random,2,2,2758,16.89,13790,99.5493283952462
random,2,2,2759,16.900000000000002,13795,99.54922875440435
random,2,2,2760,16.919999999999998,13800,99.54886255772533
random,2,2,2761,16.919999999999998,13805,99.54902969420908
random,2,2,2762,16.919999999999998,13810,99.54920271224374
random,2,2,2763,16.919999999999998,13815,99.5493695968296
random,2,2,2764,16.919999999999998,13820,99.54953635790028
random,2,2,2765,16.919999999999998,13825,99.54970898745732
random,2,2,2766,16.919999999999998,13830,99.54988148475263
random,2,2,2767,16.919999999999998,13835,99.55004786724817
random,2,2,2768,16.919999999999998,13840,99.55022010505498
random,2,2,2769,16.919999999999998,13845,99.55038623735462
random,2,2,2770,16.919999999999998,13850,99.55055224697314
random,2,2,2771,16.919999999999998,13855,99.55071813404638
random,2,2,2772,16.919999999999998,13860,99.55088389870998
random,2,2,2773,16.939999999999998,13865,99.5505188667981
random,2,2,2774,16.939999999999998,13870,99.55068458269896
random,2,2,2775,16.939999999999998,13875,99.5508561307873
random,2,2,2776,16.939999999999998,13880,99.55102873787128
random,2,2,2777,16.939999999999998,13885,99.55120121233958
random,2,2,2778,16.96,13890,99.55084388911988
random,2,2,2779,16.96,13895,99.55101630213214
random,2,2,2780,16.97,13900,99.55092395345699
random,2,2,2781,16.99,13905,99.5505647699918
random,2,2,2782,16.99,13910,99.55073590463648
random,2,2,2783,16.99,13915,99.55090690900248
random,2,2,2784,17.0,13920,99.55080643456571
random,2,2,2785,17.01,13925,99.55071196701523
random,2,2,2786,17.02,13930,99.55061163815525
random,2,2,2787,17.06,13935,99.54971362208673
random,2,2,2788,17.06,13940,99.54987282456122
random,2,2,2789,17.06,13945,99.55003784851625
random,2,2,2790,17.06,13950,99.5502027515147
random,2,2,2791,17.06,13955,99.55036753368948
random,2,2,2792,17.06,13960,99.55053219517336
random,2,2,2793,17.06,13965,99.55069673609886
random,2,2,2794,17.06,13970,99.55086706876261
random,2,2,2795,17.06,13975,99.55103727232773
random,2,2,2796,17.09,13980,99.55041814532358
random,2,2,2797,17.09,13985,99.55058838998093
random,2,2,2798,17.09,13990,99.55075850575287
random,2,2,2799,17.119999999999997,13995,99.55013900494532
random,2,2,2800,17.14,14000,99.54977672708169
random,2,2,2801,17.18,14005,99.54888363140799
random,2,2,2802,17.19,14010,99.54877863116394
random,2,2,2803,17.2,14015,99.54867962550905
random,2,2,2804,17.2,14020,99.54884299211525
random,2,2,2805,17.23,14025,99.54822080806332
random,2,2,2806,17.25,14030,99.5478671122469
random,2,2,2807,17.25,14035,99.54803769758614
random,2,2,2808,17.25,14040,99.54820815425353
random,2,2,2809,17.299999999999997,14045,99.5470694345175
random,2,2,2810,17.330000000000002,14050,99.5464561818572
random,2,2,2811,17.330000000000002,14055,99.54662822729804
random,2,2,2812,17.330000000000002,14060,99.5468001422624
random,2,2,2813,17.330000000000002,14065,99.54697192689858
random,2,2,2814,17.330000000000002,14070,99.54714358135476
random,2,2,2815,17.330000000000002,14075,99.54731510577885
random,2,2,2816,17.330000000000002,14080,99.54748650031856
random,2,2,2817,17.330000000000002,14085,99.54765776512136
random,2,2,2818,17.330000000000002,14090,99.5478289003345
random,2,2,2819,17.330000000000002,14095,99.547999906105
random,2,2,2820,17.330000000000002,14100,99.54817078257967
random,2,2,2821,17.330000000000002,14105,99.5483415299051
random,2,2,2822,17.330000000000002,14110,99.54851214822766
random,2,2,2823,17.330000000000002,14115,99.54868263769346
random,2,2,2824,17.330000000000002,14120,99.54885299844844
random,2,2,2825,17.330000000000002,14125,99.54902323063831
random,2,2,2826,17.330000000000002,14130,99.54919333440854
random,2,2,2827,17.330000000000002,14135,99.54936330990438
random,2,2,2828,17.330000000000002,14140,99.5495331572709
random,2,2,2829,17.330000000000002,14145,99.54970287665289
random,2,2,2830,17.330000000000002,14150,99.54987129903559
random,2,2,2831,17.330000000000002,14155,99.55003959547703
random,2,2,2832,17.34,14160,99.54994822068629
random,2,2,2833,17.34,14165,99.55011636263632
random,2,2,2834,17.34,14170,99.55028437899564
random,2,2,2835,17.34,14175,99.55045343537574
random,2,2,2836,17.34,14180,99.55062236470079
random,2,2,2837,17.34,14185,99.55079116711397
random,2,2,2838,17.34,14190,99.55095867991174
random,2,2,2839,17.34,14195,99.55112606782293
random,2,2,2840,17.34,14200,99.55129449210108
random,2,2,2841,17.37,14205,99.55068561185134
random,2,2,2842,17.37,14210,99.55085407541101
random,2,2,2843,17.37,14215,99.55102241269233
random,2,2,2844,17.4,14220,99.55041431646181
random,2,2,2845,17.45,14225,99.54929009962109
random,2,2,2846,17.48,14230,99.54868309962794
random,2,2,2847,17.5,14235,99.5483288166215
random,2,2,2848,17.5,14240,99.54849079824247
random,2,2,2849,17.5,14245,99.54865266372302
random,2,2,2850,17.5,14250,99.54881441318803
random,2,2,2851,17.5,14255,99.5489702346128
random,2,2,2852,17.5,14260,99.54912594844578
random,2,2,2853,17.5,14265,99.54928735892695
random,2,2,2854,17.5,14270,99.54944865388131
random,2,2,2855,17.5,14275,99.54960983343285
random,2,2,2856,17.5,14280,99.54977089770537
random,2,2,2857,17.52,14285,99.54941748321889
random,2,2,2858,17.52,14290,99.54957850111448
random,2,2,2859,17.52,14295,99.54973940397011
random,2,2,2860,17.52,14300,99.54990019190899
random,2,2,2861,17.52,14305,99.5500608650542
random,2,2,2862,17.52,14310,99.55022142352867
random,2,2,2863,17.52,14315,99.55038186745504
random,2,2,2864,17.52,14320,99.55054219695589
random,2,2,2865,17.52,14325,99.5507024121536
random,2,2,2866,17.52,14330,99.55085675611932
random,2,2,2867,17.52,14335,99.55101099408012
random,2,2,2868,17.549999999999997,14340,99.55040233227189
random,2,2,2869,17.560000000000002,14345,99.55030628341972
random,2,2,2870,17.560000000000002,14350,99.55046630161254
random,2,2,2871,17.560000000000002,14355,99.5506319558002
random,2,2,2872,17.560000000000002,14360,99.55079748794495
random,2,2,2873,17.560000000000002,14365,99.55096289818161
random,2,2,2874,17.580000000000002,14370,99.55061694312161
random,2,2,2875,17.61,14375,99.5500168647853
random,2,2,2876,17.669999999999998,14380,99.54865093373317
random,2,2,2877,17.71,14385,99.54779668980026
random,2,2,2878,17.740000000000002,14390,99.54719832151983
random,2,2,2879,17.740000000000002,14395,99.5473658427058
random,2,2,2880,17.740000000000002,14400,99.54753323998337
random,2,2,2881,17.77,14405,99.54693563273486
random,2,2,2882,17.77,14410,99.54710306527373
random,2,2,2883,17.77,14415,99.54727037410703
random,2,2,2884,17.77,14420,99.54743755937176
random,2,2,2885,17.77,14425,99.54760462120478
random,2,2,2886,17.77,14430,99.54777155974276
random,2,2,2887,17.77,14435,99.54793837512211
random,2,2,2888,17.77,14440,99.54810506747907
random,2,2,2889,17.77,14445,99.5482716369497
random,2,2,2890,17.77,14450,99.54843808366982
random,2,2,2891,17.77,14455,99.54860440777507
random,2,2,2892,17.79,14460,99.5482627541498
random,2,2,2893,17.79,14465,99.54842902035243
random,2,2,2894,17.84,14470,99.5473264603416
random,2,2,2895,17.84,14475,99.54749294860088
random,2,2,2896,17.84,14480,99.54765931444017
random,2,2,2897,17.84,14485,99.54782555799441
random,2,2,2898,17.84,14490,99.54799167939841
random,2,2,2899,17.86,14495,99.54765112909925
random,2,2,2900,17.86,14500,99.54781719256759
random,2,2,2901,17.88,14505,99.54747695625105
random,2,2,2902,17.88,14510,99.54764296177481
random,2,2,2903,17.88,14515,99.54780884554688
random,2,2,2904,17.88,14520,99.54797460770112
random,2,2,2905,17.91,14525,99.54738209442556
random,2,2,2906,17.91,14530,99.54754789146202
random,2,2,2907,17.91,14535,99.54771356707779
random,2,2,2908,17.91,14540,99.5478791214062
random,2,2,2909,17.91,14545,99.54804455458037
random,2,2,2910,17.93,14550,99.54770535513833
random,2,2,2911,17.94,14555,99.5476185673075
random,2,2,2912,17.94,14560,99.54778391431589
random,2,2,2913,17.94,14565,99.54794914049862
random,2,2,2914,17.94,14570,99.54811424598806
random,2,2,2915,17.94,14575,99.54827923091644
random,2,2,2916,17.94,14580,99.54844409541572
random,2,2,2917,17.94,14585,99.54860883961774
random,2,2,2918,17.94,14590,99.54877346365413
random,2,2,2919,17.97,14595,99.54818368332127
random,2,2,2920,18.01,14600,99.54734299638326
random,2,2,2921,18.01,14605,99.5475079016527
random,2,2,2922,18.01,14610,99.5476726868142
random,2,2,2923,18.029999999999998,14615,99.5473352280145
random,2,2,2924,18.060000000000002,14620,99.54674704419342
random,2,2,2925,18.11,14625,99.5456575296414
random,2,2,2926,18.12,14630,99.54557082022963
random,2,2,2927,18.14,14635,99.54523347522851
random,2,2,2928,18.17,14640,99.54464576598251
random,2,2,2929,18.17,14645,99.5448111730444
random,2,2,2930,18.17,14650,99.54497645998197
random,2,2,2931,18.17,14655,99.54514162692601
random,2,2,2932,18.17,14660,99.54530667400716
random,2,2,2933,18.17,14665,99.54547160135583
random,2,2,2934,18.17,14670,99.54563640910227
random,2,2,2935,18.17,14675,99.54579996200418
random,2,2,2936,18.17,14680,99.54596339720332
random,2,2,2937,18.17,14685,99.5461267148267
random,2,2,2938,18.17,14690,99.54628991500115
random,2,2,2939,18.17,14695,99.54645299785334
random,2,2,2940,18.17,14700,99.54661030694257
random,2,2,2941,18.17,14705,99.5467675069469
random,2,2,2942,18.17,14710,99.54692459797974
random,2,2,2943,18.17,14715,99.54708722496828
random,2,2,2944,18.17,14720,99.54724973525198
random,2,2,2945,18.17,14725,99.54741212895641
random,2,2,2946,18.17,14730,99.54757553272545
random,2,2,2947,18.17,14735,99.54773881854545
random,2,2,2948,18.17,14740,99.54790198654405
random,2,2,2949,18.17,14745,99.54806503684874
random,2,2,2950,18.17,14750,99.5482279695868
random,2,2,2951,18.17,14755,99.54839078488538
random,2,2,2952,18.17,14760,99.54855348287137
random,2,2,2953,18.17,14765,99.54871606367152
random,2,2,2954,18.17,14770,99.54887740737338
random,2,2,2955,18.17,14775,99.5490386357488
random,2,2,2956,18.17,14780,99.54920086736036
random,2,2,2957,18.17,14785,99.5493629822895
random,2,2,2958,18.17,14790,99.54952498066206
random,2,2,2959,18.17,14795,99.54968574657494
random,2,2,2960,18.17,14800,99.5498463977802
random,2,2,2961,18.17,14805,99.55000693440057
random,2,2,2962,18.17,14810,99.55016847020146
random,2,2,2963,18.17,14815,99.55032989006965
random,2,2,2964,18.22,14820,99.54925424089417
random,2,2,2965,18.22,14825,99.54941587282745
random,2,2,2966,18.27,14830,99.54834132244277
random,2,2,2967,18.310000000000002,14835,99.54751466685119
random,2,2,2968,18.310000000000002,14840,99.5476767482133
random,2,2,2969,18.34,14845,99.54709787032282
random,2,2,2970,18.34,14850,99.54725998484284
random,2,2,2971,18.34,14855,99.54742198334789
random,2,2,2972,18.34,14860,99.54758386596248
random,2,2,2973,18.34,14865,99.54774563281089
random,2,2,2974,18.35,14870,99.54766077762905
random,2,2,2975,18.35,14875,99.54782240139572
random,2,2,2976,18.35,14880,99.54798390970517
random,2,2,2977,18.35,14885,99.54814530268109
random,2,2,2978,18.35,14890,99.54830658044696
random,2,2,2979,18.35,14895,99.54846774312612
random,2,2,2980,18.38,14900,99.54789085425998
random,2,2,2981,18.38,14905,99.54805205024047
random,2,2,2982,18.4,14910,99.5477215242768
random,2,2,2983,18.45,14915,99.5466540860104
random,2,2,2984,18.490000000000002,14920,99.54583303653231
random,2,2,2985,18.54,14925,99.5447670307221
random,2,2,2986,18.54,14930,99.54492905164099
random,2,2,2987,18.6,14935,99.54361875972265
random,2,2,2988,18.6,14940,99.54378107378238
random,2,2,2989,18.6,14945,99.5439432724277
random,2,2,2990,18.63,14950,99.54337004183937
random,2,2,2991,18.64,14955,99.54328725369609
random,2,2,2992,18.65,14960,99.54320452435712
random,2,2,2993,18.65,14965,99.54336669735373
random,2,2,2994,18.65,14970,99.54352875524086
random,2,2,2995,18.68,14975,99.54295668854016
random,2,2,2996,18.73,14980,99.54189586140943
random,2,2,2997,18.73,14985,99.5420582683788
random,2,2,2998,18.73,14990,99.542220560236
random,2,2,2999,18.77,14995,99.54140544449712
random,2,2,3000,18.83,15000,99.54010243284104
random,2,2,3001,18.85,15005,99.5397769444119
random,2,2,3002,18.89,15010,99.53896355884011
random,2,2,3003,18.93,15015,99.5381507487667
random,2,2,3004,18.96,15020,99.53758240471782
random,2,2,3005,18.96,15025,99.53774587725886
random,2,2,3006,19.0,15030,99.53693435922682
random,2,2,3007,19.0,15035,99.5370968174188
random,2,2,3008,19.0,15040,99.53726028865216
random,2,2,3009,19.0,15045,99.53742251827181
random,2,2,3010,19.009999999999998,15050,99.53734125767244
random,2,2,3011,19.009999999999998,15055,99.53750447046573
random,2,2,3012,19.009999999999998,15060,99.53766644372834
random,2,2,3013,19.03,15065,99.53734206297302
random,2,2,3014,19.03,15070,99.5375039797017
random,2,2,3015,19.03,15075,99.5376657831378
random,2,2,3016,19.03,15080,99.53782747340018
random,2,2,3017,19.03,15085,99.53798344218117
random,2,2,3018,19.05,15090,99.53765390300198
random,2,2,3019,19.05,15095,99.53780421823404
random,2,2,3020,19.05,15100,99.53795443575869
random,2,2,3021,19.05,15105,99.53811015527258
random,2,2,3022,19.05,15110,99.53826017403108
random,2,2,3023,19.07,15115,99.5379310846141
random,2,2,3024,19.09,15120,99.5375966166315
random,2,2,3025,19.09,15125,99.53774665417203
random,2,2,3026,19.09,15130,99.53789659437778
random,2,2,3027,19.13,15135,99.53707848854796
random,2,2,3028,19.17,15140,99.5362609131088
random,2,2,3029,19.17,15145,99.53641118900735
random,2,2,3030,19.189999999999998,15150,99.53608347113033
random,2,2,3031,19.189999999999998,15155,99.53624491295227
random,2,2,3032,19.189999999999998,15160,99.5364062424506
random,2,2,3033,19.189999999999998,15165,99.53656745974246
random,2,2,3034,19.189999999999998,15170,99.53672297289141
random,2,2,3035,19.189999999999998,15175,99.53687838170488
random,2,2,3036,19.23,15180,99.5360686705219
random,2,2,3037,19.25,15185,99.53574744661096
random,2,2,3038,19.25,15190,99.53590861859885
random,2,2,3039,19.29,15195,99.5351067880675
random,2,2,3040,19.29,15200,99.53526918972051
random,2,2,3041,19.29,15205,99.53543147794926
random,2,2,3042,19.29,15210,99.5355936528725
random,2,2,3043,19.31,15215,99.53527438305328
random,2,2,3044,19.31,15220,99.5354364996307
random,2,2,3045,19.34,15225,99.53487700936017
random,2,2,3046,19.34,15230,99.53503915143443
random,2,2,3047,19.34,15235,99.53520118050248
random,2,2,3048,19.34,15240,99.53536309668245
random,2,2,3049,19.34,15245,99.53552490009223
random,2,2,3050,19.35,15250,99.5354465115274
random,2,2,3051,19.35,15255,99.53560817329615
random,2,2,3052,19.35,15260,99.53576972258942
random,2,2,3053,19.35,15265,99.53593115952457
random,2,2,3054,19.35,15270,99.53609248421876
random,2,2,3055,19.35,15275,99.536253696789
random,2,2,3056,19.35,15280,99.53641479735217
random,2,2,3057,19.35,15285,99.53657578602495
random,2,2,3058,19.37,15290,99.53625783776926
random,2,2,3059,19.41,15295,99.53546145119833
random,2,2,3060,19.45,15300,99.53466561717215
random,2,2,3061,19.5,15305,99.53363117161416
random,2,2,3062,19.56,15310,99.53235836268047
random,2,2,3063,19.63,15315,99.53084743818323
random,2,2,3064,19.63,15320,99.53100996514232
random,2,2,3065,19.67,15325,99.53021705070886
random,2,2,3066,19.67,15330,99.53037968337038
random,2,2,3067,19.71,15335,99.5295875358597
random,2,2,3068,19.72,15340,99.52951168943954
random,2,2,3069,19.72,15345,99.52967439730588
random,2,2,3070,19.759999999999998,15350,99.52888331517372
random,2,2,3071,19.82,15355,99.52761610585975
random,2,2,3072,19.86,15360,99.52682628139303
random,2,2,3073,19.86,15365,99.52698969190024
random,2,2,3074,19.86,15370,99.5271529895788
random,2,2,3075,19.86,15375,99.52731617454552
random,2,2,3076,19.86,15380,99.52747924691707
random,2,2,3077,19.86,15385,99.52764220680994
random,2,2,3078,19.86,15390,99.52780505434046
random,2,2,3079,19.86,15395,99.5279677896248
random,2,2,3080,19.86,15400,99.52813041277896
random,2,2,3081,19.86,15405,99.52829292391883
random,2,2,3082,19.86,15410,99.52845532316006
random,2,2,3083,19.86,15415,99.52861761061821
random,2,2,3084,19.869999999999997,15420,99.52854251540482
random,2,2,3085,19.869999999999997,15425,99.52870466124611
random,2,2,3086,19.869999999999997,15430,99.52886557849712
random,2,2,3087,19.869999999999997,15435,99.52902638589971
random,2,2,3088,19.869999999999997,15440,99.52918708356633
random,2,2,3089,19.869999999999997,15445,99.52934767160927
random,2,2,3090,19.869999999999997,15450,99.52950815014066
random,2,2,3091,19.869999999999997,15455,99.52966295273195
random,2,2,3092,19.89,15460,99.52934439496264
random,2,2,3093,19.919999999999998,15465,99.52878949522285
random,2,2,3094,19.919999999999998,15470,99.52894995093229
random,2,2,3095,19.919999999999998,15475,99.52911029740278
random,2,2,3096,19.919999999999998,15480,99.52927053474583
random,2,2,3097,19.919999999999998,15485,99.52943066307283
random,2,2,3098,19.919999999999998,15490,99.52959068249496
random,2,2,3099,19.919999999999998,15495,99.52975170323366
random,2,2,3100,19.919999999999998,15500,99.52991261377554
random,2,2,3101,19.919999999999998,15505,99.53007341423368
random,2,2,3102,19.919999999999998,15510,99.5302329968871
random,2,2,3103,19.919999999999998,15515,99.53039247119175
random,2,2,3104,19.939999999999998,15520,99.53008050376124
random,2,2,3105,19.98,15525,99.52929757439831
random,2,2,3106,19.98,15530,99.52945720368521
random,2,2,3107,20.0,15535,99.52914587060928
random,2,2,3108,20.04,15540,99.52836405399808
random,2,2,3109,20.06,15545,99.52805330221528
random,2,2,3110,20.06,15550,99.52821313665355
random,2,2,3111,20.1,15555,99.52743354093343
random,2,2,3112,20.119999999999997,15560,99.52712342031724
random,2,2,3113,20.119999999999997,15565,99.52728340675478
random,2,2,3114,20.119999999999997,15570,99.52743773545907
random,2,2,3115,20.119999999999997,15575,99.52759196342829
random,2,2,3116,20.13,15580,99.52751691714764
random,2,2,3117,20.16,15585,99.5269726484135
random,2,2,3118,20.200000000000003,15590,99.52619530135856
random,2,2,3119,20.200000000000003,15595,99.52635528043518
random,2,2,3120,20.200000000000003,15600,99.52650960224463
random,2,2,3121,20.200000000000003,15605,99.52665827773912
random,2,2,3122,20.22,15610,99.52634389962802
random,2,2,3123,20.22,15615,99.52650362030367
random,2,2,3124,20.22,15620,99.52666323329744
random,2,2,3125,20.22,15625,99.52682273871815
random,2,2,3126,20.23,15630,99.52674266544706
random,2,2,3127,20.25,15635,99.52642878190467
random,2,2,3128,20.25,15640,99.52657714104028
random,2,2,3129,20.29,15645,99.52579054385677
random,2,2,3130,20.34,15650,99.5247763481609
random,2,2,3131,20.34,15655,99.52493063146389
random,2,2,3132,20.36,15660,99.52461228816527
random,2,2,3133,20.41,15665,99.52359945007365
random,2,2,3134,20.45,15670,99.52282617572597
random,2,2,3135,20.47,15675,99.52251436888857
random,2,2,3136,20.5,15680,99.52196400505552
random,2,2,3137,20.54,15685,99.52117975340991
random,2,2,3138,20.580000000000002,15690,99.52040157628947
random,2,2,3139,20.62,15695,99.51961942303078
random,2,2,3140,20.62,15700,99.51977493234463
random,2,2,3141,20.66,15705,99.51900467026444
random,2,2,3142,20.69,15710,99.51846766122839
random,2,2,3143,20.74,15715,99.5174656944632
random,2,2,3144,20.78,15720,99.51669810377268
random,2,2,3145,20.78,15725,99.51686103826052
random,2,2,3146,20.82,15730,99.51609416872556
random,2,2,3147,20.849999999999998,15735,99.51556016115465
random,2,2,3148,20.9,15740,99.51456197928643
random,2,2,3149,20.9,15745,99.51472541352825
random,2,2,3150,20.9,15750,99.51488873775907
random,2,2,3151,20.9,15755,99.51505195208992
random,2,2,3152,20.9,15760,99.5152150566317
random,2,2,3153,20.919999999999998,15765,99.51491429843436
random,2,2,3154,20.919999999999998,15770,99.51507733960116
random,2,2,3155,20.96,15775,99.51431338835928
random,2,2,3156,20.97,15780,99.51424487895501
random,2,2,3157,20.97,15785,99.51440798065968
random,2,2,3158,20.97,15790,99.514570972872
random,2,2,3159,20.979999999999997,15795,99.51450244600053
random,2,2,3160,20.979999999999997,15800,99.51466529718076
random,2,2,3161,20.979999999999997,15805,99.51482691716214
random,2,2,3162,20.979999999999997,15810,99.51498282327158
random,2,2,3163,20.979999999999997,15815,99.5151442318803
random,2,2,3164,20.979999999999997,15820,99.5153055330946
random,2,2,3165,20.979999999999997,15825,99.51546784604903
random,2,2,3166,20.979999999999997,15830,99.51563005033015
random,2,2,3167,20.979999999999997,15835,99.51579214604706
random,2,2,3168,21.01,15840,99.51526198001984
random,2,2,3169,21.029999999999998,15845,99.51496280920256
random,2,2,3170,21.060000000000002,15850,99.51443327492392
random,2,2,3171,21.099999999999998,15855,99.51367360815
random,2,2,3172,21.099999999999998,15860,99.51383608672612
random,2,2,3173,21.099999999999998,15865,99.51399845677234
random,2,2,3174,21.099999999999998,15870,99.51416071839742
random,2,2,3175,21.099999999999998,15875,99.51432287170988
random,2,2,3176,21.099999999999998,15880,99.51448491681815
random,2,2,3177,21.12,15885,99.51418680345498
random,2,2,3178,21.16,15890,99.51342899190581
random,2,2,3179,21.2,15895,99.51267168553531
random,2,2,3180,21.25,15900,99.51168508858606
random,2,2,3181,21.29,15905,99.51092886760162
random,2,2,3182,21.29,15910,99.51109171910164
random,2,2,3183,21.310000000000002,15915,99.5107953306321
random,2,2,3184,21.310000000000002,15920,99.51095811818703
random,2,2,3185,21.34,15925,99.51043255829958
random,2,2,3186,21.37,15930,99.50990734794973
random,2,2,3187,21.42,15935,99.50892396574848
random,2,2,3188,21.48,15940,99.50771205280407
random,2,2,3189,21.48,15945,99.50787559424938
random,2,2,3190,21.5,15950,99.507580962851
random,2,2,3191,21.5,15955,99.50774443922933
random,2,2,3192,21.5,15960,99.50790780709985
random,2,2,3193,21.51,15965,99.50784226241548
random,2,2,3194,21.55,15970,99.50709057639524
random,2,2,3195,21.6,15975,99.50611073637518
random,2,2,3196,21.6,15980,99.5062744291298
random,2,2,3197,21.62,15985,99.50598101157357
random,2,2,3198,21.62,15990,99.50614463885971
random,2,2,3199,21.62,15995,99.50630815778958
random,2,2,3200,21.66,16000,99.50555847239025
random,2,2,3201,21.66,16005,99.50572207706263
random,2,2,3202,21.66,16010,99.50588557350123
random,2,2,3203,21.69,16015,99.50536481910126
random,2,2,3204,21.69,16020,99.50552832554428
random,2,2,3205,21.69,16025,99.50569172392575
random,2,2,3206,21.69,16030,99.50585501435276
random,2,2,3207,21.69,16035,99.50601819693226
random,2,2,3208,21.73,16040,99.50527058716389
random,2,2,3209,21.77,16045,99.50452347083926
random,2,2,3210,21.82,16050,99.50354932653805
random,2,2,3211,21.82,16055,99.50371305425722
random,2,2,3212,21.87,16060,99.50273981946751
random,2,2,3213,21.92,16065,99.50176722619358
random,2,2,3214,21.97,16070,99.50079527380142
random,2,2,3215,22.02,16075,99.49982396165773
random,2,2,3216,22.02,16080,99.49998864642703
random,2,2,3217,22.06,16085,99.49924523590634
random,2,2,3218,22.06,16090,99.49941000272307
random,2,2,3219,22.06,16095,99.49957466114671
random,2,2,3220,22.06,16100,99.49973921128421
random,2,2,3221,22.06,16105,99.49990365324236
random,2,2,3222,22.06,16110,99.50006798712778
random,2,2,3223,22.08,16115,99.49977911441873
random,2,2,3224,22.08,16120,99.49994338127053
random,2,2,3225,22.11,16125,99.49942833855941
random,2,2,3226,22.16,16130,99.49846098135072
random,2,2,3227,22.2,16135,99.49772051087706
random,2,2,3228,22.2,16140,99.49788523737362
random,2,2,3229,22.2,16145,99.49804985585892
random,2,2,3230,22.2,16150,99.49821436643913
random,2,2,3231,22.2,16155,99.49837876922034
random,2,2,3232,22.2,16160,99.49854306430846
random,2,2,3233,22.24,16165,99.49780402163236
random,2,2,3234,22.24,16170,99.49796839729119
random,2,2,3235,22.259999999999998,16175,99.49768134583489
random,2,2,3236,22.259999999999998,16180,99.49784565408649
random,2,2,3237,22.259999999999998,16185,99.49800985488291
random,2,2,3238,22.29,16190,99.49749763289599
random,2,2,3239,22.29,16195,99.49766184010367
random,2,2,3240,22.29,16200,99.49782594002748
random,2,2,3241,22.29,16205,99.49798993277254
random,2,2,3242,22.29,16210,99.4981538184438
random,2,2,3243,22.32,16215,99.49764238529839
random,2,2,3244,22.36,16220,99.4969062886714
random,2,2,3245,22.36,16225,99.49707036741304
random,2,2,3246,22.38,16230,99.49678463821559
random,2,2,3247,22.38,16235,99.49694864965103
random,2,2,3248,22.38,16240,99.49711255420983
random,2,2,3249,22.38,16245,99.49727522272191
random,2,2,3250,22.42,16250,99.4965395515115
random,2,2,3251,22.48,16255,99.49535651670286
random,2,2,3252,22.52,16260,99.49462307678498
random,2,2,3253,22.52,16265,99.49478633859187
random,2,2,3254,22.52,16270,99.4949494949495
random,2,2,3255,22.57,16275,99.49399157026275
random,2,2,3256,22.63,16280,99.4928101411077
random,2,2,3257,22.63,16285,99.4929680970956
random,2,2,3258,22.67,16290,99.49223002181597
random,2,2,3259,22.720000000000002,16295,99.49126849245748
random,2,2,3260,22.720000000000002,16300,99.4914267806778
random,2,2,3261,22.75,16305,99.49091364776595
random,2,2,3262,22.8,16310,99.4899534246943
random,2,2,3263,22.86,16315,99.48876444698894
random,2,2,3264,22.86,16320,99.48891760529057
random,2,2,3265,22.86,16325,99.48907638151645
random,2,2,3266,22.86,16330,99.48923505912003
random,2,2,3267,22.900000000000002,16335,99.48850018874118
random,2,2,3268,22.900000000000002,16340,99.48865894668208
random,2,2,3269,22.900000000000002,16345,99.48881760610384
random,2,2,3270,22.900000000000002,16350,99.48898186889818
random,2,2,3271,22.95,16355,99.48803062446879
random,2,2,3272,22.99,16360,99.4872972828317
random,2,2,3273,23.04,16365,99.48634145362693
random,2,2,3274,23.06,16370,99.48605483567573
random,2,2,3275,23.1,16375,99.48531705360723
random,2,2,3276,23.16,16380,99.48413997714714
random,2,2,3277,23.16,16385,99.4842984923079
random,2,2,3278,23.16,16390,99.48445117200542
random,2,2,3279,23.16,16395,99.48460949600327
random,2,2,3280,23.16,16400,99.48476772278902
random,2,2,3281,23.18,16405,99.48447532353732
random,2,2,3282,23.18,16410,99.48462776695747
random,2,2,3283,23.18,16415,99.48477439430985
random,2,2,3284,23.18,16420,99.48492666093375
random,2,2,3285,23.18,16425,99.48507998142911
random,2,2,3286,23.18,16430,99.48523206751055
random,2,2,3287,23.18,16435,99.48538406377862
random,2,2,3288,23.200000000000003,16440,99.48509208417856
random,2,2,3289,23.200000000000003,16445,99.48524517417351
random,2,2,3290,23.23,16450,99.48473731140676
random,2,2,3291,23.27,16455,99.48400229726523
random,2,2,3292,23.27,16460,99.48415443002058
random,2,2,3293,23.27,16465,99.48431218725207
random,2,2,3294,23.27,16470,99.48447099013916
random,2,2,3295,23.28,16475,99.48440136961423
random,2,2,3296,23.28,16480,99.48455320194753
random,2,2,3297,23.28,16485,99.48471064776388
random,2,2,3298,23.28,16490,99.48486799742435
random,2,2,3299,23.3,16495,99.48458967365457
random,2,2,3300,23.3,16500,99.48475265916278
random,2,2,3301,23.330000000000002,16505,99.48425462302838
random,2,2,3302,23.330000000000002,16510,99.48441988950276
random,2,2,3303,23.330000000000002,16515,99.48458505009444
random,2,2,3304,23.330000000000002,16520,99.48475010490515
random,2,2,3305,23.330000000000002,16525,99.4849139168179
random,2,2,3306,23.36,16530,99.4844154869581
random,2,2,3307,23.39,16535,99.48391737382562
random,2,2,3308,23.39,16540,99.48408129414203
random,2,2,3309,23.39,16545,99.48424624761032
random,2,2,3310,23.39,16550,99.48441109563193
random,2,2,3311,23.400000000000002,16555,99.48435547740088
random,2,2,3312,23.43,16560,99.48385931366286
random,2,2,3313,23.46,16565,99.4833634667941
random,2,2,3314,23.46,16570,99.48352724911115
random,2,2,3315,23.46,16575,99.4836909276177
random,2,2,3316,23.46,16580,99.483848824469
random,2,2,3317,23.46,16585,99.48400662477428
random,2,2,3318,23.46,16590,99.48415865749323
random,2,2,3319,23.46,16595,99.4843162684369
random,2,2,3320,23.46,16600,99.48447944729868
random,2,2,3321,23.46,16605,99.48464252292308
random,2,2,3322,23.5,16610,99.48392820672738
random,2,2,3323,23.5,16615,99.48409248575217
random,2,2,3324,23.53,16620,99.4835982644688
random,2,2,3325,23.53,16625,99.48376141133004
random,2,2,3326,23.53,16630,99.48392332324428
random,2,2,3327,23.53,16635,99.484085133627
random,2,2,3328,23.53,16640,99.4842479730485
random,2,2,3329,23.56,16645,99.48375334979654
random,2,2,3330,23.599999999999998,16650,99.48303432564455
random,2,2,3331,23.61,16655,99.48297269894383
random,2,2,3332,23.61,16660,99.48313568728068
random,2,2,3333,23.630000000000003,16665,99.48286087578812
random,2,2,3334,23.630000000000003,16670,99.48302379665749
random,2,2,3335,23.630000000000003,16675,99.48318661490514
random,2,2,3336,23.66,16680,99.48268774980103
random,2,2,3337,23.7,16685,99.4819706100288
random,2,2,3338,23.75,16690,99.48103539447865
random,2,2,3339,23.77,16695,99.48075494779151
random,2,2,3340,23.77,16700,99.48091142955727
random,2,2,3341,23.810000000000002,16705,99.48019456136367
random,2,2,3342,23.810000000000002,16710,99.48035111764885
random,2,2,3343,23.810000000000002,16715,99.48050191239007
random,2,2,3344,23.830000000000002,16720,99.48022204530335
random,2,2,3345,23.830000000000002,16725,99.48038525192484
random,2,2,3346,23.830000000000002,16730,99.48054269446406
random,2,2,3347,23.84,16735,99.4804821230499
random,2,2,3348,23.849999999999998,16740,99.48042158831962
random,2,2,3349,23.849999999999998,16745,99.48057322066383
random,2,2,3350,23.849999999999998,16750,99.48072476452991
random,2,2,3351,23.849999999999998,16755,99.48088186960884
random,2,2,3352,23.849999999999998,16760,99.48103887965324
random,2,2,3353,23.849999999999998,16765,99.48119015196669
random,2,2,3354,23.849999999999998,16770,99.48134133611691
random,2,2,3355,23.849999999999998,16775,99.48149806839008
random,2,2,3356,23.849999999999998,16780,99.48165470596673
random,2,2,3357,23.849999999999998,16785,99.48181124893266
random,2,2,3358,23.849999999999998,16790,99.48196769737356
random,2,2,3359,23.849999999999998,16795,99.48212405137504
random,2,2,3360,23.849999999999998,16800,99.48228031102254
random,2,2,3361,23.849999999999998,16805,99.48244209210577
random,2,2,3362,23.849999999999998,16810,99.48260489453601
random,2,2,3363,23.849999999999998,16815,99.4827664728577
random,2,2,3364,23.849999999999998,16820,99.48292795029171
random,2,2,3365,23.849999999999998,16825,99.48308932693244
random,2,2,3366,23.849999999999998,16830,99.48324500470171
random,2,2,3367,23.849999999999998,16835,99.48340058872839
random,2,2,3368,23.849999999999998,16840,99.48355607909713
random,2,2,3369,23.849999999999998,16845,99.48370588770116
random,2,2,3370,23.849999999999998,16850,99.48385560941828
random,2,2,3371,23.87,16855,99.48357813071294
random,2,2,3372,23.91,16860,99.48287384587434
random,2,2,3373,23.91,16865,99.48303485136442
random,2,2,3374,23.91,16870,99.4831901713189
random,2,2,3375,23.91,16875,99.4833509799261
random,2,2,3376,23.919999999999998,16880,99.48329679112618
random,2,2,3377,23.95,16885,99.48281074544354
random,2,2,3378,23.96,16890,99.48275675967403
random,2,2,3379,23.96,16895,99.4829186179511
random,2,2,3380,24.0,16900,99.48221740396751
random,2,2,3381,24.0,16905,99.482378213299
random,2,2,3382,24.0,16910,99.48253334425763
random,2,2,3383,24.0,16915,99.48268280696308
random,2,2,3384,24.0,16920,99.48283218335322
random,2,2,3385,24.0,16925,99.48298704236275
random,2,2,3386,24.0,16930,99.48314737406562
random,2,2,3387,24.0,16935,99.48330204440158
random,2,2,3388,24.0,16940,99.48345662219373
random,2,2,3389,24.0,16945,99.48360555210097
random,2,2,3390,24.0,16950,99.48375994837599
random,2,2,3391,24.0,16955,99.48391425235303
random,2,2,3392,24.0,16960,99.48406846411481
random,2,2,3393,24.0,16965,99.48422258374399
random,2,2,3394,24.0,16970,99.48437661132309
random,2,2,3395,24.01,16975,99.48430912242343
random,2,2,3396,24.03,16980,99.4840269517008
random,2,2,3397,24.03,16985,99.48417426023119
random,2,2,3398,24.060000000000002,16990,99.48368323129317
random,2,2,3399,24.060000000000002,16995,99.48383608899644
random,2,2,3400,24.07,17000,99.48376331609686
random,2,2,3401,24.07,17005,99.48390499735198
random,2,2,3402,24.07,17010,99.48405213066964
random,2,2,3403,24.07,17015,99.48419365346042
random,2,2,3404,24.07,17020,99.48433509863403
random,2,2,3405,24.07,17025,99.4844764662543
random,2,2,3406,24.07,17030,99.48461223869283
random,2,2,3407,24.07,17035,99.48475896908981
random,2,2,3408,24.07,17040,99.48490561596257
random,2,2,3409,24.07,17045,99.48505217938241
random,2,2,3410,24.07,17050,99.48519865942053
random,2,2,3411,24.09,17055,99.48491742428777
random,2,2,3412,24.09,17060,99.48506385934913
random,2,2,3413,24.09,17065,99.4852102111728
random,2,2,3414,24.099999999999998,17070,99.48514284615598
random,2,2,3415,24.099999999999998,17075,99.48528359592413
random,2,2,3416,24.099999999999998,17080,99.485424268758
random,2,2,3417,24.11,17085,99.48535140615829
random,2,2,3418,24.15,17090,99.48463838259678
random,2,2,3419,24.19,17095,99.483925748457
random,2,2,3420,24.19,17100,99.48407214032214
random,2,2,3421,24.240000000000002,17105,99.48314683406113
random,2,2,3422,24.26,17110,99.48285601611545
random,2,2,3423,24.26,17115,99.48299157357248
random,2,2,3424,24.26,17120,99.48312705998154
random,2,2,3425,24.26,17125,99.48326797858948
random,2,2,3426,24.29,17130,99.48277550881348
random,2,2,3427,24.3,17135,99.48271457765668
random,2,2,3428,24.3,17140,99.48286649443071
random,2,2,3429,24.3,17145,99.48300732299916
random,2,2,3430,24.3,17150,99.48314257820392
random,2,2,3431,24.349999999999998,17155,99.48221454817637
random,2,2,3432,24.38,17160,99.48171217806312
random,2,2,3433,24.39,17165,99.48164064243406
random,2,2,3434,24.39,17170,99.48178161737678
random,2,2,3435,24.44,17175,99.48086044619663
random,2,2,3436,24.44,17180,99.48100706713781
random,2,2,3437,24.44,17185,99.48115360528188
random,2,2,3438,24.48,17190,99.4804456112723
random,2,2,3439,24.48,17195,99.48058671634476
random,2,2,3440,24.529999999999998,17200,99.47966713969653
random,2,2,3441,24.529999999999998,17205,99.4798083794748
random,2,2,3442,24.529999999999998,17210,99.47994954259728
random,2,2,3443,24.55,17215,99.47966121812263
random,2,2,3444,24.610000000000003,17220,99.4785254624087
random,2,2,3445,24.66,17225,99.47760213873836
random,2,2,3446,24.72,17230,99.47647305488138
random,2,2,3447,24.72,17235,99.47662601626016
random,2,2,3448,24.72,17240,99.4767744584658
random,2,2,3449,24.72,17245,99.47692281649132
random,2,2,3450,24.75,17250,99.47644200563963
random,2,2,3451,24.75,17255,99.47659037222355
random,2,2,3452,24.79,17260,99.47589297984123
random,2,2,3453,24.79,17265,99.47604584757352
random,2,2,3454,24.83,17270,99.47535344443247
random,2,2,3455,24.88,17275,99.47445132126487
random,2,2,3456,24.93,17280,99.47355528619755
random,2,2,3457,24.93,17285,99.4737086545688
random,2,2,3458,24.93,17290,99.47385638157547
random,2,2,3459,24.98,17295,99.47294907987627
random,2,2,3460,24.98,17300,99.47310249400965
random,2,2,3461,24.98,17305,99.47326137243036
random,2,2,3462,25.019999999999996,17310,99.4725713936384
random,2,2,3463,25.05,17315,99.47208143222937
random,2,2,3464,25.1,17320,99.47116478589548
random,2,2,3465,25.1,17325,99.47130736631027
random,2,2,3466,25.1,17330,99.47144986986297
random,2,2,3467,25.1,17335,99.47159785860296
random,2,2,3468,25.1,17340,99.47174020562144
random,2,2,3469,25.1,17345,99.47188247596644
random,2,2,3470,25.1,17350,99.4720246696999
random,2,2,3471,25.1,17355,99.47216678688366
random,2,2,3472,25.1,17360,99.47230882757954
random,2,2,3473,25.14,17365,99.47161562874378
random,2,2,3474,25.15,17370,99.47155317141639
random,2,2,3475,25.169999999999998,17375,99.47128624272939
random,2,2,3476,25.169999999999998,17380,99.47143946123364
random,2,2,3477,25.169999999999998,17385,99.47159259095976
random,2,2,3478,25.169999999999998,17390,99.47175117528543
random,2,2,3479,25.169999999999998,17395,99.47191077243278
random,2,2,3480,25.169999999999998,17400,99.47207027317269
random,2,2,3481,25.169999999999998,17405,99.47223078423109
random,2,2,3482,25.19,17410,99.47197085463581
random,2,2,3483,25.22,17415,99.47149488154737
random,2,2,3484,25.22,17420,99.47164767573162
random,2,2,3485,25.22,17425,99.47179485031394
random,2,2,3486,25.259999999999998,17430,99.47110442023539
random,2,2,3487,25.319999999999997,17435,99.46999572982341
random,2,2,3488,25.319999999999997,17440,99.47014989400905
random,2,2,3489,25.319999999999997,17445,99.4702984278407
random,2,2,3490,25.319999999999997,17450,99.47045241600857
random,2,2,3491,25.319999999999997,17455,99.47060078029932
random,2,2,3492,25.319999999999997,17460,99.47075459275068
random,2,2,3493,25.319999999999997,17465,99.47090278779064
random,2,2,3494,25.319999999999997,17470,99.47105089986108
random,2,2,3495,25.319999999999997,17475,99.47120445090472
random,2,2,3496,25.319999999999997,17480,99.47135791282416
random,2,2,3497,25.319999999999997,17485,99.47151128569699
random,2,2,3498,25.319999999999997,17490,99.47166456960068
random,2,2,3499,25.319999999999997,17495,99.47181776461262
random,2,2,3500,25.319999999999997,17500,99.47197087081013
random,2,2,3501,25.330000000000002,17505,99.47191540639372
random,2,2,3502,25.34,17510,99.47185997411405
random,2,2,3503,25.34,17515,99.47201843559938
random,2,2,3504,25.34,17520,99.47217790145932
random,2,2,3505,25.34,17525,99.47233507347536
random,2,2,3506,25.34,17530,99.47248775938448
random,2,2,3507,25.34,17535,99.47263377183398
random,2,2,3508,25.34,17540,99.47278080039948
random,2,2,3509,25.34,17545,99.47292774700531
random,2,2,3510,25.369999999999997,17550,99.47244968829409
random,2,2,3511,25.41,17555,99.47176510697744
random,2,2,3512,25.430000000000003,17560,99.4714965604672
random,2,2,3513,25.430000000000003,17565,99.47164919002138
random,2,2,3514,25.430000000000003,17570,99.47180173144348
random,2,2,3515,25.480000000000004,17575,99.47091595080431
random,2,2,3516,25.480000000000004,17580,99.47106861576913
random,2,2,3517,25.480000000000004,17585,99.47122667939485
random,2,2,3518,25.480000000000004,17590,99.47137916511932
random,2,2,3519,25.480000000000004,17595,99.47153704322072
random,2,2,3520,25.480000000000004,17600,99.4716948270464
random,2,2,3521,25.52,17605,99.47102339975251
random,2,2,3522,25.56,17610,99.47034688549049
random,2,2,3523,25.56,17615,99.4704994002722
random,2,2,3524,25.619999999999997,17620,99.46940922590079
random,2,2,3525,25.650000000000002,17625,99.46894080087453
random,2,2,3526,25.740000000000002,17630,99.46723075904093
random,2,2,3527,25.8,17635,99.46614246546997
random,2,2,3528,25.8,17640,99.46629596991399
random,2,2,3529,25.8,17645,99.46644386906782
random,2,2,3530,25.86,17650,99.46535120182268
random,2,2,3531,25.97,17655,99.46322568910495
random,2,2,3532,26.009999999999998,17660,99.46254778386196
random,2,2,3533,26.029999999999998,17665,99.4622834053594
random,2,2,3534,26.029999999999998,17670,99.46243221028544
random,2,2,3535,26.029999999999998,17675,99.46258093287527
random,2,2,3536,26.08,17680,99.46170310697205
random,2,2,3537,26.08,17685,99.46185749953574
random,2,2,3538,26.14,17690,99.46077410065412
random,2,2,3539,26.179999999999996,17695,99.46010377226196
random,2,2,3540,26.240000000000002,17700,99.45902707338594
random,2,2,3541,26.3,17705,99.457951013611
random,2,2,3542,26.32,17710,99.45769975687148
random,2,2,3543,26.32,17715,99.45786060920648
random,2,2,3544,26.36,17720,99.45719880814366
random,2,2,3545,26.38,17725,99.45694911625571
random,2,2,3546,26.400000000000002,17730,99.45669957338569
random,2,2,3547,26.43,17735,99.45624444517594
random,2,2,3548,26.43,17740,99.45640548900882
random,2,2,3549,26.450000000000003,17745,99.45615521268546
random,2,2,3550,26.46,17750,99.45611063605867
random,2,2,3551,26.47,17755,99.45606608581292
random,2,2,3552,26.490000000000002,17760,99.45581613200105
random,2,2,3553,26.51,17765,99.4555674441243
random,2,2,3554,26.57,17770,99.45449767386475
random,2,2,3555,26.640000000000004,17775,99.45322329383707
random,2,2,3556,26.700000000000003,17780,99.45215485756026
random,2,2,3557,26.75,17785,99.45129105573652
random,2,2,3558,26.810000000000002,17790,99.45022269979411
random,2,2,3559,26.83,17795,99.44996935162806
random,2,2,3560,26.88,17800,99.44910130551513
random,2,2,3561,26.88,17805,99.4492525570417
random,2,2,3562,26.88,17810,99.44940936454712
random,2,2,3563,26.91,17815,99.44895175921793
random,2,2,3564,26.91,17820,99.44911420183998
random,2,2,3565,26.91,17825,99.44927767579216
random,2,2,3566,26.919999999999998,17830,99.44923533323103
random,2,2,3567,26.919999999999998,17835,99.44939191759697
random,2,2,3568,26.919999999999998,17840,99.44954841295319
random,2,2,3569,26.919999999999998,17845,99.44970481937563
random,2,2,3570,26.919999999999998,17850,99.44986113694002
random,2,2,3571,26.919999999999998,17855,99.4500173657221
random,2,2,3572,26.919999999999998,17860,99.45017350579748
random,2,2,3573,26.919999999999998,17865,99.45032955724167
random,2,2,3574,26.93,17870,99.4502757806982
random,2,2,3575,26.93,17875,99.45042610853523
random,2,2,3576,26.93,17880,99.45058195876814
random,2,2,3577,26.93,17885,99.45073211921948
random,2,2,3578,26.93,17890,99.45088779596597
random,2,2,3579,26.93,17895,99.45104338449183
random,2,2,3580,26.950000000000003,17900,99.4507857126845
random,2,2,3581,26.979999999999997,17905,99.45032444711563
random,2,2,3582,27.02,17910,99.44965975448552
random,2,2,3583,27.060000000000002,17915,99.44899542458506
random,2,2,3584,27.060000000000002,17920,99.44914572802944
random,2,2,3585,27.11,17925,99.44827838842748
random,2,2,3586,27.18,17930,99.44700460829493
random,2,2,3587,27.189999999999998,17935,99.44695193017641
random,2,2,3588,27.22,17940,99.4464925890604
random,2,2,3589,27.279999999999998,17945,99.44542362682377
random,2,2,3590,27.29,17950,99.44537705824253
random,2,2,3591,27.339999999999996,17955,99.44451781342381
random,2,2,3592,27.36,17960,99.44426276458962
random,2,2,3593,27.400000000000002,17965,99.44360172442852
random,2,2,3594,27.450000000000003,17970,99.44274369051872
random,2,2,3595,27.450000000000003,17975,99.44290654630471
random,2,2,3596,27.450000000000003,17980,99.4430693069307
random,2,2,3597,27.450000000000003,17985,99.4432263259631
random,2,2,3598,27.450000000000003,17990,99.44337761303287
random,2,2,3599,27.48,17995,99.44292065268291
random,2,2,3600,27.48,18000,99.44307194059434
random,2,2,3601,27.49,18005,99.44302053469218
random,2,2,3602,27.54,18010,99.44216457967892
random,2,2,3603,27.560000000000002,18015,99.44191659933621
random,2,2,3604,27.58,18020,99.44166310704966
random,2,2,3605,27.58,18025,99.44181452779898
random,2,2,3606,27.58,18030,99.44196586644006
random,2,2,3607,27.58,18035,99.44211712303968
random,2,2,3608,27.58,18040,99.44226829766453
random,2,2,3609,27.61,18045,99.44181288500455
random,2,2,3610,27.650000000000002,18050,99.44116125276892
random,2,2,3611,27.650000000000002,18055,99.44132385031924
random,2,2,3612,27.650000000000002,18060,99.44148635327957
random,2,2,3613,27.650000000000002,18065,99.44164988923868
random,2,2,3614,27.67,18070,99.44140845013555
random,2,2,3615,27.68,18075,99.44137009634751
random,2,2,3616,27.68,18080,99.44153352312047
random,2,2,3617,27.68,18085,99.44169685430063
random,2,2,3618,27.68,18090,99.44186008997184
random,2,2,3619,27.700000000000003,18095,99.44162006781193
random,2,2,3620,27.700000000000003,18100,99.44178323052337
random,2,2,3621,27.700000000000003,18105,99.44194517363161
random,2,2,3622,27.700000000000003,18110,99.44210140461546
random,2,2,3623,27.700000000000003,18115,99.44225193298969
random,2,2,3624,27.700000000000003,18120,99.44240125771731
random,2,2,3625,27.700000000000003,18125,99.44255050250953
random,2,2,3626,27.700000000000003,18130,99.44269966743052
random,2,2,3627,27.700000000000003,18135,99.44284987318298
random,2,2,3628,27.700000000000003,18140,99.44299999798916
random,2,2,3629,27.700000000000003,18145,99.44315004191452
random,2,2,3630,27.700000000000003,18150,99.44330000502437
random,2,2,3631,27.700000000000003,18155,99.44344988738399
random,2,2,3632,27.700000000000003,18160,99.4435996890586
random,2,2,3633,27.700000000000003,18165,99.44374941011331
random,2,2,3634,27.700000000000003,18170,99.44389905061321
random,2,2,3635,27.700000000000003,18175,99.4440486106233
random,2,2,3636,27.700000000000003,18180,99.44419809020846
random,2,2,3637,27.700000000000003,18185,99.44434748943357
random,2,2,3638,27.72,18190,99.44410129709698
random,2,2,3639,27.72,18195,99.44425621151946
random,2,2,3640,27.74,18200,99.44401018178904
random,2,2,3641,27.750000000000004,18205,99.44396466220103
random,2,2,3642,27.750000000000004,18210,99.44411391758463
random,2,2,3643,27.750000000000004,18215,99.44426309286114
random,2,2,3644,27.76,18220,99.44421197627089
random,2,2,3645,27.77,18225,99.44416088710081
random,2,2,3646,27.77,18230,99.44430992978334
random,2,2,3647,27.77,18235,99.44445778119199
random,2,2,3648,27.77,18240,99.44460555394447
random,2,2,3649,27.77,18245,99.44475879898349
random,2,2,3650,27.77,18250,99.44490641166077
random,2,2,3651,27.77,18255,99.44505394587227
random,2,2,3652,27.77,18260,99.44520251007405
random,2,2,3653,27.77,18265,99.4453509947531
random,2,2,3654,27.77,18270,99.44549829276572
random,2,2,3655,27.779999999999998,18275,99.44544699607142
random,2,2,3656,27.800000000000004,18280,99.4451950498626
random,2,2,3657,27.800000000000004,18285,99.44534780483426
random,2,2,3658,27.800000000000004,18290,99.44549605165264
random,2,2,3659,27.800000000000004,18295,99.44564421924572
random,2,2,3660,27.82,18300,99.44538917452299
random,2,2,3661,27.82,18305,99.4455372926993
random,2,2,3662,27.82,18310,99.44568974964383
random,2,2,3663,27.82,18315,99.44584322661865
random,2,2,3664,27.83,18320,99.44579748010108
random,2,2,3665,27.87,18325,99.4451545086422
random,2,2,3666,27.889999999999997,18330,99.44490994962592
random,2,2,3667,27.93,18335,99.44426757929085
random,2,2,3668,27.97,18340,99.44363109777929
random,2,2,3669,28.03,18345,99.44259726210457
random,2,2,3670,28.110000000000003,18350,99.4411608585964
random,2,2,3671,28.15,18355,99.44052024660834
random,2,2,3672,28.17,18360,99.44028293826621
random,2,2,3673,28.21,18365,99.43964960719855
random,2,2,3674,28.21,18370,99.439809841157
random,2,2,3675,28.27,18375,99.43877996680722
random,2,2,3676,28.310000000000002,18380,99.4381476137647
random,2,2,3677,28.33,18385,99.43791243894019
random,2,2,3678,28.360000000000003,18390,99.43747904926819
random,2,2,3679,28.360000000000003,18395,99.43764078809608
random,2,2,3680,28.410000000000004,18400,99.43681125346664
random,2,2,3681,28.499999999999996,18405,99.43518947906634
random,2,2,3682,28.57,18410,99.43396488085922
random,2,2,3683,28.63,18415,99.43293905134645
random,2,2,3684,28.68,18420,99.43211181932126
random,2,2,3685,28.68,18425,99.43227482016097
random,2,2,3686,28.78,18430,99.43045877950364
random,2,2,3687,28.849999999999998,18435,99.42923729484197
random,2,2,3688,28.89,18440,99.42860985465053
random,2,2,3689,28.89,18445,99.428773672576
random,2,2,3690,28.939999999999998,18450,99.42794905702522
random,2,2,3691,28.99,18455,99.42712378197109
random,2,2,3692,29.03,18460,99.4264976648992
random,2,2,3693,29.07,18465,99.4258707725366
random,2,2,3694,29.07,18470,99.42603400753441
random,2,2,3695,29.080000000000002,18475,99.42599409808237
random,2,2,3696,29.080000000000002,18480,99.42615154493107
random,2,2,3697,29.13,18485,99.4253225039604
random,2,2,3698,29.13,18490,99.42548004859654
random,2,2,3699,29.13,18495,99.42563750687637
random,2,2,3700,29.15,18500,99.42540064260511
random,2,2,3701,29.17,18505,99.42516390809718
random,2,2,3702,29.21,18510,99.42453895148277
random,2,2,3703,29.21,18515,99.42470329185524
random,2,2,3704,29.220000000000002,18520,99.42467064264801
random,2,2,3705,29.270000000000003,18525,99.42385065390097
random,2,2,3706,29.29,18530,99.42362148323504
random,2,2,3707,29.330000000000002,18535,99.42299898882196
random,2,2,3708,29.37,18540,99.42237684944627
random,2,2,3709,29.37,18545,99.42254152510381
random,2,2,3710,29.39,18550,99.42231298881775
random,2,2,3711,29.39,18555,99.4224775888292
random,2,2,3712,29.4,18560,99.4224456480101
random,2,2,3713,29.4,18565,99.42261011649921
random,2,2,3714,29.43,18570,99.42218548572347
random,2,2,3715,29.43,18575,99.42234993463899
random,2,2,3716,29.43,18580,99.42251428997514
random,2,2,3717,29.43,18585,99.4226785518118
random,2,2,3718,29.43,18590,99.42284272022874
random,2,2,3719,29.43,18595,99.42300679530564
random,2,2,3720,29.43,18600,99.42317077712205
random,2,2,3721,29.43,18605,99.42333466575748
random,2,2,3722,29.43,18610,99.42349846129133
random,2,2,3723,29.459999999999997,18615,99.42307466346023
random,2,2,3724,29.459999999999997,18620,99.42323843980712
random,2,2,3725,29.5,18625,99.42261923402124
random,2,2,3726,29.549999999999997,18630,99.42180471282967
random,2,2,3727,29.62,18635,99.42059943116244
random,2,2,3728,29.65,18640,99.42017705622034
random,2,2,3729,29.7,18645,99.41936392001689
random,2,2,3730,29.7,18650,99.41952846949006
random,2,2,3731,29.720000000000002,18655,99.41930214655001
random,2,2,3732,29.73,18660,99.41927128606113
random,2,2,3733,29.73,18665,99.41943572198528
random,2,2,3734,29.73,18670,99.41960006481425
random,2,2,3735,29.75,18675,99.41937397780545
random,2,2,3736,29.770000000000003,18680,99.41914801872306
random,2,2,3737,29.770000000000003,18685,99.41931230347906
random,2,2,3738,29.82,18690,99.41850148104669
random,2,2,3739,29.82,18695,99.4186658556841
random,2,2,3740,29.82,18700,99.4188301374188
random,2,2,3741,29.82,18705,99.41899432632957
random,2,2,3742,29.82,18710,99.41915842249504
random,2,2,3743,29.82,18715,99.4193224259938
random,2,2,3744,29.849999999999998,18720,99.41890231913456
random,2,2,3745,29.89,18725,99.41828783172579
random,2,2,3746,29.89,18730,99.41845194202808
random,2,2,3747,29.94,18735,99.41764342038209
random,2,2,3748,29.94,18740,99.41780761983654
random,2,2,3749,29.94,18745,99.41797172672275
random,2,2,3750,29.94,18750,99.418135741119
random,2,2,3751,29.959999999999997,18755,99.41791108572406
random,2,2,3752,29.959999999999997,18760,99.41807502481339
random,2,2,3753,29.959999999999997,18765,99.41823887158536
random,2,2,3754,30.0,18770,99.4176261276214
random,2,2,3755,30.06,18775,99.41662558851728
random,2,2,3756,30.09,18780,99.41620765856393
random,2,2,3757,30.09,18785,99.41637184619681
random,2,2,3758,30.14,18790,99.41556640999936
random,2,2,3759,30.2,18795,99.41456757479772
random,2,2,3760,30.25,18800,99.41376309827656
random,2,2,3761,30.25,18805,99.41392778815379
random,2,2,3762,30.25,18810,99.41409238552528
random,2,2,3763,30.25,18815,99.41425689046895
random,2,2,3764,30.25,18820,99.41442130306262
random,2,2,3765,30.25,18825,99.41458562338407
random,2,2,3766,30.25,18830,99.4147498515109
random,2,2,3767,30.25,18835,99.41491398752075
random,2,2,3768,30.320000000000004,18840,99.41372449305152
random,2,2,3769,30.380000000000003,18845,99.4127289738415
random,2,2,3770,30.409999999999997,18850,99.41231377535738
random,2,2,3771,30.459999999999997,18855,99.41151240924424
random,2,2,3772,30.459999999999997,18860,99.41167722209667
random,2,2,3773,30.459999999999997,18865,99.41184194265942
random,2,2,3774,30.459999999999997,18870,99.41200657100995
random,2,2,3775,30.459999999999997,18875,99.4121711072257
random,2,2,3776,30.490000000000002,18880,99.41175676171035
random,2,2,3777,30.54,18885,99.41095689608616
random,2,2,3778,30.599999999999998,18890,99.40996465572594
random,2,2,3779,30.599999999999998,18895,99.41012957872456
random,2,2,3780,30.669999999999998,18900,99.40894540983575
random,2,2,3781,30.709999999999997,18905,99.40833988378725
random,2,2,3782,30.709999999999997,18910,99.4085051223726
random,2,2,3783,30.72,18915,99.40847771586134
random,2,2,3784,30.73,18920,99.4084503246497
random,2,2,3785,30.73,18925,99.40861539408962
random,2,2,3786,30.740000000000002,18930,99.40858797975271
random,2,2,3787,30.740000000000002,18935,99.40875291872949
random,2,2,3788,30.740000000000002,18940,99.40891776573223
random,2,2,3789,30.759999999999998,18945,99.40869805923785
random,2,2,3790,30.759999999999998,18950,99.40886282965602
random,2,2,3791,30.79,18955,99.40845113718017
random,2,2,3792,30.81,18960,99.4082317442086
random,2,2,3793,30.81,18965,99.40839650683195
random,2,2,3794,30.84,18970,99.40798528793529
random,2,2,3795,30.84,18975,99.40815002744311
random,2,2,3796,30.84,18980,99.40831467529253
random,2,2,3797,30.84,18985,99.40847923156005
random,2,2,3798,30.84,18990,99.40864369632206
random,2,2,3799,30.84,18995,99.40880806965482
random,2,2,3800,30.880000000000003,19000,99.40820577880925
random,2,2,3801,30.89,19005,99.40817859250348
random,2,2,3802,30.89,19010,99.40834295805536
random,2,2,3803,30.89,19015,99.40850723233468
random,2,2,3804,30.89,19020,99.40867141541743
random,2,2,3805,30.9,19025,99.40864413007533
random,2,2,3806,30.9,19030,99.4088081840845
random,2,2,3807,30.9,19035,99.40897214709517
random,2,2,3808,30.9,19040,99.409136019183
random,2,2,3809,30.9,19045,99.40929980042363
random,2,2,3810,30.9,19050,99.40946349089255
random,2,2,3811,30.9,19055,99.40962709066523
random,2,2,3812,30.94,19060,99.4090265747035
random,2,2,3813,30.94,19065,99.40919020485481
random,2,2,3814,31.0,19070,99.40820834120798
random,2,2,3815,31.069999999999997,19075,99.40703617327445
random,2,2,3816,31.069999999999997,19080,99.40720021826938
random,2,2,3817,31.069999999999997,19085,99.40736417252245
random,2,2,3818,31.09,19090,99.40714665731018
random,2,2,3819,31.09,19095,99.40731053572722
random,2,2,3820,31.09,19100,99.40747432356972
random,2,2,3821,31.119999999999997,19105,99.4070664268512
random,2,2,3822,31.119999999999997,19110,99.40723019164065
random,2,2,3823,31.119999999999997,19115,99.40739386599333
random,2,2,3824,31.119999999999997,19120,99.40755744998411
random,2,2,3825,31.119999999999997,19125,99.40772094368782
random,2,2,3826,31.119999999999997,19130,99.40788434717918
random,2,2,3827,31.119999999999997,19135,99.40804766053283
random,2,2,3828,31.119999999999997,19140,99.40821088382336
random,2,2,3829,31.130000000000003,19145,99.4081839059482
random,2,2,3830,31.16,19150,99.40777682537208
random,2,2,3831,31.19,19155,99.40736996910495
random,2,2,3832,31.240000000000002,19160,99.40658342878527
random,2,2,3833,31.240000000000002,19165,99.40674683053925
random,2,2,3834,31.240000000000002,19170,99.40691014233018
random,2,2,3835,31.25,19175,99.40688356697376
random,2,2,3836,31.25,19180,99.4070467512803
random,2,2,3837,31.25,19185,99.40720984581766
random,2,2,3838,31.25,19190,99.40737285065985
random,2,2,3839,31.25,19195,99.40753576588088
random,2,2,3840,31.25,19200,99.40769859155463
random,2,2,3841,31.25,19205,99.40786132775492
random,2,2,3842,31.25,19210,99.40802397455545
random,2,2,3843,31.25,19215,99.4081865320299
random,2,2,3844,31.25,19220,99.4083490002518
random,2,2,3845,31.25,19225,99.40851137929468
random,2,2,3846,31.25,19230,99.40867366923192
random,2,2,3847,31.25,19235,99.40883587013684
random,2,2,3848,31.25,19240,99.40899798208271
random,2,2,3849,31.25,19245,99.40916000514267
random,2,2,3850,31.25,19250,99.40932193938981
random,2,2,3851,31.25,19255,99.40948378489715
random,2,2,3852,31.25,19260,99.40964554173759
random,2,2,3853,31.25,19265,99.40980720998398
random,2,2,3854,31.25,19270,99.4099687897091
random,2,2,3855,31.25,19275,99.41013028098563
random,2,2,3856,31.25,19280,99.41029168388616
random,2,2,3857,31.25,19285,99.41045299848321
random,2,2,3858,31.25,19290,99.41061422484925
random,2,2,3859,31.25,19295,99.41077536305664
random,2,2,3860,31.25,19300,99.41093641317768
random,2,2,3861,31.25,19305,99.41109737528457
random,2,2,3862,31.25,19310,99.4112582494494
random,2,2,3863,31.25,19315,99.41141903574429
random,2,2,3864,31.25,19320,99.41157973424116
random,2,2,3865,31.25,19325,99.41174034501194
random,2,2,3866,31.25,19330,99.41190086812841
random,2,2,3867,31.25,19335,99.41206130366234
random,2,2,3868,31.25,19340,99.41222165168537
random,2,2,3869,31.25,19345,99.41238191226908
random,2,2,3870,31.25,19350,99.412542085485
random,2,2,3871,31.25,19355,99.41270217140452
random,2,2,3872,31.269999999999996,19360,99.41248640188786
random,2,2,3873,31.3,19365,99.41208291697033
random,2,2,3874,31.3,19370,99.41224299714759
random,2,2,3875,31.3,19375,99.41240299017417
random,2,2,3876,31.3,19380,99.41256289612123
random,2,2,3877,31.31,19385,99.41253508653428
random,2,2,3878,31.31,19390,99.41269486956799
random,2,2,3879,31.330000000000002,19395,99.41247951273118
random,2,2,3880,31.330000000000002,19400,99.41263922400137
random,2,2,3881,31.330000000000002,19405,99.4127988484635
random,2,2,3882,31.36,19410,99.41239626526861
random,2,2,3883,31.36,19415,99.41255586900894
random,2,2,3884,31.36,19420,99.41271538607033
random,2,2,3885,31.36,19425,99.41287481652338
random,2,2,3886,31.36,19430,99.41303416043857
random,2,2,3887,31.4,19435,99.41244494010306
random,2,2,3888,31.419999999999998,19440,99.41223017679862
random,2,2,3889,31.480000000000004,19445,99.41126745812667
random,2,2,3890,31.55,19450,99.4101182941855
random,2,2,3891,31.59,19455,99.40953050291776
random,2,2,3892,31.65,19460,99.40856929829971
random,2,2,3893,31.669999999999998,19465,99.4083558757155
random,2,2,3894,31.669999999999998,19470,99.40851609818596
random,2,2,3895,31.680000000000003,19475,99.40848951973382
random,2,2,3896,31.680000000000003,19480,99.40864961929952
random,2,2,3897,31.680000000000003,19485,99.40880963222286
random,2,2,3898,31.7,19490,99.40859643329546
random,2,2,3899,31.730000000000004,19495,99.40819683749939
random,2,2,3900,31.790000000000003,19500,99.40723807250752
random,2,2,3901,31.86,19505,99.40609341445955
random,2,2,3902,31.86,19510,99.40625390193311
random,2,2,3903,31.900000000000002,19515,99.40566906013734
random,2,2,3904,31.900000000000002,19520,99.40582957553136
random,2,2,3905,31.919999999999998,19525,99.40561758418556
random,2,2,3906,31.919999999999998,19530,99.40577802681818
random,2,2,3907,31.919999999999998,19535,99.40593838285709
random,2,2,3908,31.919999999999998,19540,99.40609865237235
random,2,2,3909,31.919999999999998,19545,99.40625883543399
random,2,2,3910,31.929999999999996,19550,99.40623297313078
random,2,2,3911,31.95,19555,99.40602121591826
random,2,2,3912,31.990000000000002,19560,99.40543785533869
random,2,2,3913,32.029999999999994,19565,99.40485480910016
random,2,2,3914,32.029999999999994,19570,99.40501511146446
random,2,2,3915,32.029999999999994,19575,99.40517532749713
random,2,2,3916,32.029999999999994,19580,99.40533545726788
random,2,2,3917,32.04,19585,99.4053098921985
random,2,2,3918,32.06,19590,99.4050987821782
random,2,2,3919,32.06,19595,99.40525880331987
random,2,2,3920,32.06,19600,99.40541873839722
random,2,2,3921,32.06,19605,99.4055785874797
random,2,2,3922,32.07,19610,99.40555299141973
random,2,2,3923,32.11,19615,99.40497148088163
random,2,2,3924,32.14,19620,99.40457554239389
random,2,2,3925,32.14,19625,99.40473544620764
random,2,2,3926,32.14,19630,99.40489526415874
random,2,2,3927,32.15,19635,99.40486988586089
random,2,2,3928,32.190000000000005,19640,99.40428933883334
random,2,2,3929,32.190000000000005,19645,99.4044491478387
random,2,2,3930,32.190000000000005,19650,99.40460887112437
random,2,2,3931,32.24,19655,99.40384394912704
random,2,2,3932,32.24,19660,99.40400374900868
random,2,2,3933,32.269999999999996,19665,99.4036090247797
random,2,2,3934,32.32,19670,99.40284498543141
random,2,2,3935,32.33,19675,99.40282021064765
random,2,2,3936,32.39,19680,99.40187212731499
random,2,2,3937,32.42,19685,99.40147839636086
random,2,2,3938,32.46,19690,99.40090031062377
random,2,2,3939,32.46,19695,99.40106059879179
random,2,2,3940,32.47,19700,99.40103633442354
random,2,2,3941,32.47,19705,99.40119650049424
random,2,2,3942,32.47,19710,99.40135658092932
random,2,2,3943,32.48,19715,99.40133225691103
random,2,2,3944,32.49,19720,99.40130794589106
random,2,2,3945,32.49,19725,99.40146786827503
random,2,2,3946,32.49,19730,99.401627705245
random,2,2,3947,32.49,19735,99.4017874568694
random,2,2,3948,32.5,19740,99.40176305030897
random,2,2,3949,32.5,19745,99.40192268056414
random,2,2,3950,32.51,19750,99.40189825095253
random,2,2,3951,32.51,19755,99.40205776000649
random,2,2,3952,32.51,19760,99.40221718400348
random,2,2,3953,32.54,19765,99.40182504025825
random,2,2,3954,32.550000000000004,19770,99.40180066270563
random,2,2,3955,32.550000000000004,19775,99.40196002777992
random,2,2,3956,32.550000000000004,19780,99.40211930796458
random,2,2,3957,32.550000000000004,19785,99.40227850332741
random,2,2,3958,32.550000000000004,19790,99.40243761393614
random,2,2,3959,32.550000000000004,19795,99.40259663985846
random,2,2,3960,32.550000000000004,19800,99.40275558116194
random,2,2,3961,32.550000000000004,19805,99.4029144379141
random,2,2,3962,32.550000000000004,19810,99.40307321018241
random,2,2,3963,32.59,19815,99.40249854245579
random,2,2,3964,32.64,19820,99.40174089002039
random,2,2,3965,32.72,19825,99.40043391579688
random,2,2,3966,32.82,19830,99.39876125032747
random,2,2,3967,32.82,19835,99.39892091469513
random,2,2,3968,32.82,19840,99.39908049428468
random,2,2,3969,32.879999999999995,19845,99.39814170760816
random,2,2,3970,32.879999999999995,19850,99.39830140927033
random,2,2,3971,32.92,19855,99.39772922696388
random,2,2,3972,32.93,19860,99.39770605202078
random,2,2,3973,32.96,19865,99.39731718377438
random,2,2,3974,33.01,19870,99.39656291302353
random,2,2,3975,33.11,19875,99.39489526260193
random,2,2,3976,33.18,19880,99.39377661819438
random,2,2,3977,33.18,19885,99.39393717988997
random,2,2,3978,33.23,19890,99.39318460299518
random,2,2,3979,33.269999999999996,19895,99.39261498691027
random,2,2,3980,33.33,19900,99.39168064420161
random,2,2,3981,33.36,19905,99.39129419320936
random,2,2,3982,33.45,19910,99.38981344161637
random,2,2,3983,33.51,19915,99.38888058095554
random,2,2,3984,33.51,19920,99.38904213986578
random,2,2,3985,33.550000000000004,19925,99.38847452189826
random,2,2,3986,33.6,19930,99.38772497918083
random,2,2,3987,33.64,19935,99.38715800902868
random,2,2,3988,33.69,19940,99.3864092098721
random,2,2,3989,33.78,19945,99.384932484596
random,2,2,3990,33.83,19950,99.38418466814598
random,2,2,3991,33.839999999999996,19955,99.38416518349476
random,2,2,3992,33.879999999999995,19960,99.38359990029892
random,2,2,3993,33.900000000000006,19965,99.3833986918594
random,2,2,3994,33.900000000000006,19970,99.3835612701911
random,2,2,3995,33.93,19975,99.38317838561078
random,2,2,3996,33.95,19980,99.3829774473259
random,2,2,3997,33.989999999999995,19985,99.38241322169894
random,2,2,3998,34.04,19990,99.38166764454245
random,2,2,3999,34.13,19995,99.3801960563544
random,2,2,4000,34.13,20000,99.38035922099189
random,2,2,4001,34.13,20005,99.38052229974517
random,2,2,4002,34.22,20010,99.37905217449686
random,2,2,4003,34.27,20015,99.37830846204362
random,2,2,4004,34.300000000000004,20020,99.37792786502304
random,2,2,4005,34.300000000000004,20025,99.37809141149678
random,2,2,4006,34.300000000000004,20030,99.37825487199845
random,2,2,4007,34.32,20035,99.37805580825561
random,2,2,4008,34.339999999999996,20040,99.37785684910038
random,2,2,4009,34.37,20045,99.37747687046738
random,2,2,4010,34.37,20050,99.37764032065014
random,2,2,4011,34.37,20055,99.3778036850242
random,2,2,4012,34.37,20060,99.37796696365713
random,2,2,4013,34.37,20065,99.3781301566164
random,2,2,4014,34.37,20070,99.37829326396941
random,2,2,4015,34.37,20075,99.37845628578353
random,2,2,4016,34.37,20080,99.37861922212599
random,2,2,4017,34.37,20085,99.37878207306406
random,2,2,4018,34.37,20090,99.3789448386648
random,2,2,4019,34.37,20095,99.3791075189953
random,2,2,4020,34.37,20100,99.37927011412255
random,2,2,4021,34.37,20105,99.37943150364632
random,2,2,4022,34.37,20110,99.37958720978509
random,2,2,4023,34.37,20115,99.37974283780736
random,2,2,4024,34.39,20120,99.37953754889367
random,2,2,4025,34.39,20125,99.37968751691024
random,2,2,4026,34.4,20130,99.37965708020457
random,2,2,4027,34.42,20135,99.37944636952689
random,2,2,4028,34.46,20140,99.37888086805275
random,2,2,4029,34.52,20145,99.37795525314266
random,2,2,4030,34.589999999999996,20150,99.37684994856625
random,2,2,4031,34.660000000000004,20155,99.37574519741653
random,2,2,4032,34.69,20160,99.37536125151027
random,2,2,4033,34.69,20165,99.37551755175518
random,2,2,4034,34.73,20170,99.37494825730607
random,2,2,4035,34.73,20175,99.37509896215687
random,2,2,4036,34.74,20180,99.37507532734791
random,2,2,4037,34.74,20185,99.37523154559155
random,2,2,4038,34.79,20190,99.37448870429803
random,2,2,4039,34.83,20195,99.37392598557675
random,2,2,4040,34.89,20200,99.3729985012346
random,2,2,4041,34.9,20205,99.37296978756433
random,2,2,4042,34.97,20210,99.37186335827678
random,2,2,4043,35.02,20215,99.37111661818051
random,2,2,4044,35.099999999999994,20220,99.36983163193858
random,2,2,4045,35.14,20225,99.36927089222861
random,2,2,4046,35.19,20230,99.36852532089645
random,2,2,4047,35.260000000000005,20235,99.36742697423422
random,2,2,4048,35.31,20240,99.36668221114179
random,2,2,4049,35.36,20245,99.36593780595831
random,2,2,4050,35.38,20250,99.3657315778906
random,2,2,4051,35.410000000000004,20255,99.3653462187826
random,2,2,4052,35.47,20260,99.36442348353988
random,2,2,4053,35.47,20265,99.3645760556063
random,2,2,4054,35.510000000000005,20270,99.3640178454694
random,2,2,4055,35.55,20275,99.36345991319419
random,2,2,4056,35.6,20280,99.36272324824972
random,2,2,4057,35.620000000000005,20285,99.36252955146205
random,2,2,4058,35.620000000000005,20290,99.36269379064795
random,2,2,4059,35.65,20295,99.3623156260397
random,2,2,4060,35.66,20300,99.36229530770235
random,2,2,4061,35.74,20305,99.36102350661146
random,2,2,4062,35.8,20310,99.36011553668075
random,2,2,4063,35.85,20315,99.35938672670741
random,2,2,4064,35.85,20320,99.35955266942378
random,2,2,4065,35.85,20325,99.35971852619171
random,2,2,4066,35.85,20330,99.35988429707795
random,2,2,4067,35.85,20335,99.36004883978728
random,2,2,4068,35.85,20340,99.36020758899093
random,2,2,4069,35.85,20345,99.36037196555822
random,2,2,4070,35.85,20350,99.36053625768338
random,2,2,4071,35.85,20355,99.36070046543146
random,2,2,4072,35.85,20360,99.3608657283189
random,2,2,4073,35.88,20365,99.36049620361459
random,2,2,4074,35.89,20370,99.36048324587273
random,2,2,4075,35.92,20375,99.36011401086667
random,2,2,4076,35.96,20380,99.35956687058656
random,2,2,4077,36.02,20385,99.35866391282671
random,2,2,4078,36.02,20390,99.35882944542841
random,2,2,4079,36.1,20395,99.35757122773299
random,2,2,4080,36.11,20400,99.35755904461149
random,2,2,4081,36.11,20405,99.35772473408986
random,2,2,4082,36.120000000000005,20410,99.35771137555035
random,2,2,4083,36.14,20415,99.3575202486009
random,2,2,4084,36.16,20420,99.35732921948203
random,2,2,4085,36.16,20425,99.35749365667134
random,2,2,4086,36.16,20430,99.35765230444012
random,2,2,4087,36.22,20435,99.35675100651952
random,2,2,4088,36.26,20440,99.35620526860586
random,2,2,4089,36.32,20445,99.35529907945512
random,2,2,4090,36.32,20450,99.35545810921364
random,2,2,4091,36.34,20455,99.35526222411468
random,2,2,4092,36.38,20460,99.35471740950435
random,2,2,4093,36.38,20465,99.35488218354116
random,2,2,4094,36.47,20470,99.35345133245401
random,2,2,4095,36.51,20475,99.35290166267585
random,2,2,4096,36.51,20480,99.35306677534531
random,2,2,4097,36.55,20485,99.35251747582791
random,2,2,4098,36.59,20490,99.35196270819017
random,2,2,4099,36.63,20495,99.35141394592814
random,2,2,4100,36.64,20500,99.35139651552647
random,2,2,4101,36.65,20505,99.3513790937005
random,2,2,4102,36.65,20510,99.3515386139735
random,2,2,4103,36.65,20515,99.35169805580173
random,2,2,4104,36.69,20520,99.35114429567588
random,2,2,4105,36.69,20525,99.35129802277618
random,2,2,4106,36.71,20530,99.35109814839366
random,2,2,4107,36.71,20535,99.35125181361435
random,2,2,4108,36.71,20540,99.35140540607392
random,2,2,4109,36.71,20545,99.35156465276648
random,2,2,4110,36.74,20550,99.35119403960294
random,2,2,4111,36.75,20555,99.35117670945075
random,2,2,4112,36.75,20560,99.35133589504174
random,2,2,4113,36.75,20565,99.35149500254109
random,2,2,4114,36.75,20570,99.35165403200624
random,2,2,4115,36.809999999999995,20575,99.35075471897787
random,2,2,4116,36.82,20580,99.35073751774362
random,2,2,4117,36.82,20585,99.35089089431439
random,2,2,4118,36.83,20590,99.35086794754069
random,2,2,4119,36.85,20595,99.35066880232314
random,2,2,4120,36.86,20600,99.35065163852119
random,2,2,4121,36.89,20605,99.3502822371144
random,2,2,4122,36.919999999999995,20610,99.3499072931175
random,2,2,4123,36.919999999999995,20615,99.35006064574961
random,2,2,4124,36.99,20620,99.34898193728473
random,2,2,4125,37.059999999999995,20625,99.34790947449176
random,2,2,4126,37.09,20630,99.34754118547316
random,2,2,4127,37.11,20635,99.34735468485374
random,2,2,4128,37.14,20640,99.34699245542441
random,2,2,4129,37.15,20645,99.34697622747376
random,2,2,4130,37.169999999999995,20650,99.34678427010127
random,2,2,4131,37.2,20655,99.34641097045672
random,2,2,4132,37.21,20660,99.34638915578633
random,2,2,4133,37.22,20665,99.34636735138287
random,2,2,4134,37.24,20670,99.34617572493029
random,2,2,4135,37.29,20675,99.34545760920888
random,2,2,4136,37.32,20680,99.34509655965114
random,2,2,4137,37.35,20685,99.34472994452574
random,2,2,4138,37.43,20690,99.34348651981205
random,2,2,4139,37.53,20695,99.34189299141462
random,2,2,4140,37.53,20700,99.34205336152353
random,2,2,4141,37.6,20705,99.34098099185866
random,2,2,4142,37.66,20710,99.34008435565353
random,2,2,4143,37.769999999999996,20715,99.33831799277529
random,2,2,4144,37.8,20720,99.33795364624658
random,2,2,4145,37.8,20725,99.33811478280359
random,2,2,4146,37.87,20730,99.3370446230065
random,2,2,4147,37.88,20735,99.33702508383448
random,2,2,4148,37.89,20740,99.33700555382521
random,2,2,4149,37.89,20745,99.33716097069444
random,2,2,4150,37.89,20750,99.33732210972575
random,2,2,4151,37.95,20755,99.33643405430924
random,2,2,4152,38.03,20760,99.33519099929377
random,2,2,4153,38.1,20765,99.33412911603455
random,2,2,4154,38.24,20770,99.33184466087272
random,2,2,4155,38.279999999999994,20775,99.33130815898376
random,2,2,4156,38.33,20780,99.33059143024302
random,2,2,4157,38.4,20785,99.32952583158877
random,2,2,4158,38.47,20790,99.32846073144887
random,2,2,4159,38.54,20795,99.32739612947363
random,2,2,4160,38.58,20800,99.32685546585336
random,2,2,4161,38.66,20805,99.32561729741045
random,2,2,4162,38.71,20810,99.3249029035628
random,2,2,4163,38.71,20815,99.32506063295399
random,2,2,4164,38.76,20820,99.32434670287816
random,2,2,4165,38.78,20825,99.32415593559439
random,2,2,4166,38.78,20830,99.32431372890659
random,2,2,4167,38.78,20835,99.32447144855409
random,2,2,4168,38.82,20840,99.32393836379848
random,2,2,4169,38.879999999999995,20845,99.32305731552529
random,2,2,4170,38.97,20850,99.3216603915466
random,2,2,4171,39.04,20855,99.32061339700262
random,2,2,4172,39.08,20860,99.32008768572324
random,2,2,4173,39.129999999999995,20865,99.31938238256171
random,2,2,4174,39.14,20870,99.31937892022266
random,2,2,4175,39.15,20875,99.31937545961715
random,2,2,4176,39.15,20880,99.31954580768956
random,2,2,4177,39.15,20885,99.31971607051321
random,2,2,4178,39.17,20890,99.31953880817666
random,2,2,4179,39.17,20895,99.31970898758735
random,2,2,4180,39.18,20900,99.31970544878084
random,2,2,4181,39.190000000000005,20905,99.31970191174352
random,2,2,4182,39.190000000000005,20910,99.31987192280658
random,2,2,4183,39.190000000000005,20915,99.32003595012787
random,2,2,4184,39.190000000000005,20920,99.3201998983509
random,2,2,4185,39.190000000000005,20925,99.32036376753285
random,2,2,4186,39.190000000000005,20930,99.32052755773088
random,2,2,4187,39.190000000000005,20935,99.3206912690021
random,2,2,4188,39.2,20940,99.32068160589482
random,2,2,4189,39.23,20945,99.32032543989133
random,2,2,4190,39.24,20950,99.32030998299042
random,2,2,4191,39.269999999999996,20955,99.31994818652849
random,2,2,4192,39.28,20960,99.31993282432175
random,2,2,4193,39.28,20965,99.32009644660386
random,2,2,4194,39.300000000000004,20970,99.31991389036942
random,2,2,4195,39.300000000000004,20975,99.32007743850852
random,2,2,4196,39.300000000000004,20980,99.3202467867391
random,2,2,4197,39.31,20985,99.32024312850707
random,2,2,4198,39.32,20990,99.32023947209645
random,2,2,4199,39.379999999999995,20995,99.31936575535192
random,2,2,4200,39.45,21000,99.31831966228744
random,2,2,4201,39.5,21005,99.31761958069019
random,2,2,4202,39.51,21010,99.31761068748435
random,2,2,4203,39.51,21015,99.3177685800573
random,2,2,4204,39.519999999999996,21020,99.31775965528908
random,2,2,4205,39.519999999999996,21025,99.31792332505476
random,2,2,4206,39.519999999999996,21030,99.31808691631035
random,2,2,4207,39.519999999999996,21035,99.31825042911237
random,2,2,4208,39.54,21040,99.3180689312619
random,2,2,4209,39.550000000000004,21045,99.3180599452034
random,2,2,4210,39.550000000000004,21050,99.31822334692865
random,2,2,4211,39.57,21055,99.31804198600237
random,2,2,4212,39.589999999999996,21060,99.31785483523583
random,2,2,4213,39.589999999999996,21065,99.31801229610566
random,2,2,4214,39.589999999999996,21070,99.31816968429827
random,2,2,4215,39.61,21075,99.3179826336098
random,2,2,4216,39.61,21080,99.31813995603457
random,2,2,4217,39.61,21085,99.31829720589627
random,2,2,4218,39.61,21090,99.31846024666888
random,2,2,4219,39.61,21095,99.3186232094722
random,2,2,4220,39.61,21100,99.31878023654372
random,2,2,4221,39.61,21105,99.31894304637584
random,2,2,4222,39.61,21110,99.31909992608254
random,2,2,4223,39.61,21115,99.31926258315875
random,2,2,4224,39.61,21120,99.31941931570799
random,2,2,4225,39.61,21125,99.31958182024317
random,2,2,4226,39.61,21130,99.31974424719337
random,2,2,4227,39.61,21135,99.31991243507747
random,2,2,4228,39.61,21140,99.32007470423851
random,2,2,4229,39.61,21145,99.32023106308928
random,2,2,4230,39.61,21150,99.32038735004255
random,2,2,4231,39.61,21155,99.32054356514787
random,2,2,4232,39.61,21160,99.32069970845481
random,2,2,4233,39.61,21165,99.32085578001283
random,2,2,4234,39.61,21170,99.32101759937467
random,2,2,4235,39.61,21175,99.32117934164164
random,2,2,4236,39.61,21180,99.32133519290804
random,2,2,4237,39.61,21185,99.32149097262666
random,2,2,4238,39.61,21190,99.32164668084684
random,2,2,4239,39.61,21195,99.32180812357782
random,2,2,4240,39.61,21200,99.32196948948291
random,2,2,4241,39.61,21205,99.32212497818
random,2,2,4242,39.61,21210,99.32228039557882
random,2,2,4243,39.629999999999995,21215,99.32209362395098
random,2,2,4244,39.629999999999995,21220,99.32224897730227
random,2,2,4245,39.67,21225,99.32172613602751
random,2,2,4246,39.67,21230,99.32188729688242
random,2,2,4247,39.73,21235,99.32102879603521
random,2,2,4248,39.739999999999995,21240,99.32102498915076
random,2,2,4249,39.739999999999995,21245,99.32119199641977
random,2,2,4250,39.76,21250,99.32101738099874
random,2,2,4251,39.76,21255,99.32118430802116
random,2,2,4252,39.77,21260,99.3211816253066
random,2,2,4253,39.77,21265,99.32134958772457
random,2,2,4254,39.77,21270,99.32151746704405
random,2,2,4255,39.800000000000004,21275,99.32117358512448
random,2,2,4256,39.800000000000004,21280,99.32134026771251
random,2,2,4257,39.800000000000004,21285,99.3215068684644
random,2,2,4258,39.800000000000004,21290,99.32167338744038
random,2,2,4259,39.839999999999996,21295,99.32115825668532
random,2,2,4260,39.839999999999996,21300,99.32131899880923
random,2,2,4261,39.839999999999996,21305,99.32147966482731
random,2,2,4262,39.839999999999996,21310,99.3216460299947
random,2,2,4263,39.839999999999996,21315,99.32181231360052
random,2,2,4264,39.839999999999996,21320,99.32197851570479
random,2,2,4265,39.839999999999996,21325,99.32214463636736
random,2,2,4266,39.839999999999996,21330,99.3223106756481
random,2,2,4267,39.85,21335,99.3223077250117
random,2,2,4268,39.86,21340,99.32230477583012
random,2,2,4269,39.87,21345,99.32230182810228
random,2,2,4270,39.87,21350,99.32246881691194
random,2,2,4271,39.87,21355,99.32263572344782
random,2,2,4272,39.87,21360,99.3228025477707
random,2,2,4273,39.87,21365,99.32296928994133
random,2,2,4274,39.87,21370,99.32313595002037
random,2,2,4275,39.87,21375,99.32330252806844
random,2,2,4276,39.900000000000006,21380,99.32295997149305
random,2,2,4277,39.95,21385,99.32227829848594
random,2,2,4278,39.989999999999995,21390,99.3217665615142
random,2,2,4279,39.989999999999995,21395,99.32193331242105
random,2,2,4280,39.989999999999995,21400,99.32209998135309
random,2,2,4281,39.989999999999995,21405,99.32226656837074
random,2,2,4282,39.989999999999995,21410,99.3224330735344
random,2,2,4283,39.989999999999995,21415,99.32259949690435
random,2,2,4284,39.989999999999995,21420,99.32276583854087
random,2,2,4285,39.989999999999995,21425,99.32293209850415
random,2,2,4286,39.989999999999995,21430,99.32309827685432
random,2,2,4287,39.989999999999995,21435,99.32326437365148
random,2,2,4288,39.989999999999995,21440,99.32343038895563
random,2,2,4289,39.989999999999995,21445,99.32359632282672
random,2,2,4290,39.989999999999995,21450,99.32376217532467
random,2,2,4291,39.989999999999995,21455,99.32392794650933
random,2,2,4292,39.989999999999995,21460,99.32409363644045
random,2,2,4293,39.989999999999995,21465,99.3242592451778
random,2,2,4294,40.0,21470,99.3242558367402
random,2,2,4295,40.0,21475,99.3244213246409
random,2,2,4296,40.0,21480,99.32458673150634
random,2,2,4297,40.0,21485,99.32475205739607
random,2,2,4298,40.050000000000004,21490,99.32407344899751
random,2,2,4299,40.050000000000004,21495,99.32423881956923
random,2,2,4300,40.050000000000004,21500,99.32440410924242
random,2,2,4301,40.06,21505,99.3244006712145
random,2,2,4302,40.06,21510,99.32456584049906
random,2,2,4303,40.06,21515,99.3247309290428
random,2,2,4304,40.06,21520,99.3248959369049
random,2,2,4305,40.06,21525,99.32506086414449
random,2,2,4306,40.06,21530,99.32522571082065
random,2,2,4307,40.1,21535,99.32471687786806
random,2,2,4308,40.1,21540,99.3248817280334
random,2,2,4309,40.12,21545,99.3247098625687
random,2,2,4310,40.12,21550,99.32487463399859
random,2,2,4311,40.150000000000006,21555,99.32453461865227
random,2,2,4312,40.150000000000006,21560,99.32469935245143
random,2,2,4313,40.150000000000006,21565,99.324864005919
random,2,2,4314,40.2,21570,99.32418801694574
random,2,2,4315,40.21,21575,99.32418464331033
random,2,2,4316,40.21,21580,99.32434930183321
random,2,2,4317,40.239999999999995,21585,99.32400991138549
random,2,2,4318,40.27,21590,99.32367068623829
random,2,2,4319,40.27,21595,99.323835349626
random,2,2,4320,40.27,21600,99.32399993285324
random,2,2,4321,40.27,21605,99.32416443597856
random,2,2,4322,40.32,21610,99.3234899328859
random,2,2,4323,40.32,21615,99.32365448003422
random,2,2,4324,40.32,21620,99.32381894715658
random,2,2,4325,40.37,21625,99.3231450199938
random,2,2,4326,40.37,21630,99.32330953099333
random,2,2,4327,40.39,21635,99.32313879927939
random,2,2,4328,40.39,21640,99.32330323185954
random,2,2,4329,40.39,21645,99.32346758456654
random,2,2,4330,40.39,21650,99.32363185745864
random,2,2,4331,40.39,21655,99.32379605059391
random,2,2,4332,40.39,21660,99.32396016403047
random,2,2,4333,40.39,21665,99.3241241978263
random,2,2,4334,40.400000000000006,21670,99.32412085522134
random,2,2,4335,40.400000000000006,21675,99.32428477048262
random,2,2,4336,40.400000000000006,21680,99.3244486062572
random,2,2,4337,40.44,21685,99.32394366197184
random,2,2,4338,40.48,21690,99.32343896242813
random,2,2,4339,40.48,21695,99.32360288404502
random,2,2,4340,40.48,21700,99.32376672624915
random,2,2,4341,40.48,21705,99.32393048909822
random,2,2,4342,40.48,21710,99.32409417264985
random,2,2,4343,40.48,21715,99.32425777696167
random,2,2,4344,40.489999999999995,21720,99.32425441012033
random,2,2,4345,40.489999999999995,21725,99.32441789650196
random,2,2,4346,40.510000000000005,21730,99.32424768132381
random,2,2,4347,40.510000000000005,21735,99.32441109026475
random,2,2,4348,40.510000000000005,21740,99.32457442019441
random,2,2,4349,40.510000000000005,21745,99.32473767117008
random,2,2,4350,40.56,21750,99.32406759324067
random,2,2,4351,40.62,21755,99.32323122932998
random,2,2,4352,40.64,21760,99.32306154743067
random,2,2,4353,40.68,21765,99.32255888891665
random,2,2,4354,40.68,21770,99.32272242940863
random,2,2,4355,40.739999999999995,21775,99.32188719758315
random,2,2,4356,40.81,21780,99.32088596009518
random,2,2,4357,40.839999999999996,21785,99.3205506800316
random,2,2,4358,40.89,21790,99.31988290476032
random,2,2,4359,40.92,21795,99.31954802823576
random,2,2,4360,40.949999999999996,21800,99.31921331316188
random,2,2,4361,40.96,21805,99.31921117583997
random,2,2,4362,41.0,21810,99.31871053506148
random,2,2,4363,41.010000000000005,21815,99.31870851988138
random,2,2,4364,41.010000000000005,21820,99.31887259379828
random,2,2,4365,41.010000000000005,21825,99.31903658870706
random,2,2,4366,41.02,21830,99.31903449649722
random,2,2,4367,41.02,21835,99.31919837351147
random,2,2,4368,41.03,21840,99.31919624338362
random,2,2,4369,41.04,21845,99.31919411428049
random,2,2,4370,41.04,21850,99.31935783468224
random,2,2,4371,41.07,21855,99.31902405053846
random,2,2,4372,41.07,21860,99.31918773311232
random,2,2,4373,41.089999999999996,21865,99.31901987918363
random,2,2,4374,41.120000000000005,21870,99.3186864168075
random,2,2,4375,41.120000000000005,21875,99.31885006253262
random,2,2,4376,41.120000000000005,21880,99.31901362966397
random,2,2,4377,41.17,21885,99.31834926942341
random,2,2,4378,41.24,21890,99.31735416804608
random,2,2,4379,41.24,21895,99.31751797638452
random,2,2,4380,41.260000000000005,21900,99.3173508049172
random,2,2,4381,41.29,21905,99.31701830271852
random,2,2,4382,41.339999999999996,21910,99.3163552174632
random,2,2,4383,41.339999999999996,21915,99.31651910820128
random,2,2,4384,41.36,21920,99.31635233640226
random,2,2,4385,41.4,21925,99.31585513976219
random,2,2,4386,41.410000000000004,21930,99.3158538197198
random,2,2,4387,41.449999999999996,21935,99.31535698063344
random,2,2,4388,41.49,21940,99.31486037947718
random,2,2,4389,41.56,21945,99.31386873364536
random,2,2,4390,41.6,21950,99.31337272637244
random,2,2,4391,41.6,21955,99.31353701702132
random,2,2,4392,41.6,21960,99.31370122906871
random,2,2,4393,41.65,21965,99.31304068151643
random,2,2,4394,41.65,21970,99.31320493371149
random,2,2,4395,41.65,21975,99.31336910737983
random,2,2,4396,41.65,21980,99.31353320257776
random,2,2,4397,41.699999999999996,21985,99.31287332646755
random,2,2,4398,41.699999999999996,21990,99.31303746169813
random,2,2,4399,41.74,21995,99.31254271903025
random,2,2,4400,41.75,22000,99.31254219426651
random,2,2,4401,41.75,22005,99.31270629100098
random,2,2,4402,41.760000000000005,22010,99.31270572745227
random,2,2,4403,41.760000000000005,22015,99.31286970686719
random,2,2,4404,41.78,22020,99.3127046011614
random,2,2,4405,41.78,22025,99.31286850263554
random,2,2,4406,41.81,22030,99.31253905093887
random,2,2,4407,41.839999999999996,22035,99.31220975629803
random,2,2,4408,41.839999999999996,22040,99.31237365852054
random,2,2,4409,41.91,22045,99.31138733024983
random,2,2,4410,41.93,22050,99.31122281358827
random,2,2,4411,41.980000000000004,22055,99.31056568758675
random,2,2,4412,42.0,22060,99.31040144487316
random,2,2,4413,42.059999999999995,22065,99.30958067613818
random,2,2,4414,42.13,22070,99.30859618603736
random,2,2,4415,42.15,22075,99.30843252910245
random,2,2,4416,42.18,22080,99.30810491609665
random,2,2,4417,42.24,22085,99.30728547415029
random,2,2,4418,42.25,22090,99.30728620146905
random,2,2,4419,42.25,22095,99.30745084540172
random,2,2,4420,42.27,22100,99.30728765506956
random,2,2,4421,42.3,22105,99.30696070319732
random,2,2,4422,42.35,22110,99.3063063063063
random,2,2,4423,42.449999999999996,22115,99.3048334138493
random,2,2,4424,42.51,22120,99.3040161102834
random,2,2,4425,42.58,22125,99.30303551114275
random,2,2,4426,42.64,22130,99.3022190220593
random,2,2,4427,42.74,22135,99.30074849687104
random,2,2,4428,42.78,22140,99.30026007164237
random,2,2,4429,42.78,22145,99.30042599118582
random,2,2,4430,42.8,22150,99.30026485302292
random,2,2,4431,42.85,22155,99.29961343892253
random,2,2,4432,42.85,22160,99.29977939374132
random,2,2,4433,42.9,22165,99.29912725823158
random,2,2,4434,42.91,22170,99.29912877018414
random,2,2,4435,42.95,22175,99.2986415364241
random,2,2,4436,42.95,22180,99.29880641996189
random,2,2,4437,42.95,22185,99.29897122599242
random,2,2,4438,42.95,22190,99.2991359545703
random,2,2,4439,42.95,22195,99.29930174889063
random,2,2,4440,42.95,22200,99.29946746478988
random,2,2,4441,42.99,22205,99.29898083978802
random,2,2,4442,43.059999999999995,22210,99.29800536359116
random,2,2,4443,43.11,22215,99.29735632558594
random,2,2,4444,43.120000000000005,22220,99.29735939447762
random,2,2,4445,43.16,22225,99.29687372725347
random,2,2,4446,43.230000000000004,22230,99.29589967018201
random,2,2,4447,43.34,22235,99.29427473457956
random,2,2,4448,43.46,22240,99.29248776993643
random,2,2,4449,43.59,22245,99.29053889096858
random,2,2,4450,43.62,22250,99.29021812531018
random,2,2,4451,43.69,22255,99.28924678705059
random,2,2,4452,43.69,22260,99.28941440525661
random,2,2,4453,43.7,22265,99.28941934015188
random,2,2,4454,43.74,22270,99.28893657489819
random,2,2,4455,43.8,22275,99.28812898192693
random,2,2,4456,43.8,22280,99.2882967055287
random,2,2,4457,43.85,22285,99.28765209480645
random,2,2,4458,43.9,22290,99.28700778769398
random,2,2,4459,43.95,22295,99.28636378397688
random,2,2,4460,43.95,22300,99.28653176516424
random,2,2,4461,43.99,22305,99.28605047472206
random,2,2,4462,43.99,22310,99.28621845057968
random,2,2,4463,43.99,22315,99.28638634741418
random,2,2,4464,44.019999999999996,22320,99.28606761435974
random,2,2,4465,44.019999999999996,22325,99.28623546770872
random,2,2,4466,44.06,22330,99.28575481256333
random,2,2,4467,44.12,22335,99.28495024472464
random,2,2,4468,44.16,22340,99.28447011739162
random,2,2,4469,44.16,22345,99.28463818826846
random,2,2,4470,44.16,22350,99.28480618020747
random,2,2,4471,44.24,22355,99.28367875647668
random,2,2,4472,44.24,22360,99.28384689475432
random,2,2,4473,44.28,22365,99.28336758970043
random,2,2,4474,44.28,22370,99.28353572208694
random,2,2,4475,44.32,22375,99.28305671487269
random,2,2,4476,44.41,22380,99.28176929608216
random,2,2,4477,44.41,22385,99.28193768493217
random,2,2,4478,44.41,22390,99.28210599484332
random,2,2,4479,44.41,22395,99.28227422587109
random,2,2,4480,44.41,22400,99.28244237807094
random,2,2,4481,44.41,22405,99.28261045149827
random,2,2,4482,44.41,22410,99.28277844620838
random,2,2,4483,44.41,22415,99.2829463622566
random,2,2,4484,44.41,22420,99.28311419969815
random,2,2,4485,44.45,22425,99.28263641205236
random,2,2,4486,44.45,22430,99.28280424347545
random,2,2,4487,44.45,22435,99.28297199638662
random,2,2,4488,44.45,22440,99.28313967084095
random,2,2,4489,44.45,22445,99.28330726689347
random,2,2,4490,44.46,22450,99.28331358657543
random,2,2,4491,44.48,22455,99.28315874294923
random,2,2,4492,44.5,22460,99.28300397167463
random,2,2,4493,44.54,22465,99.28252710256287
random,2,2,4494,44.54,22470,99.28269464597743
random,2,2,4495,44.54,22475,99.28286211116121
random,2,2,4496,44.54,22480,99.28302949816894
random,2,2,4497,44.54,22485,99.28319680705538
random,2,2,4498,44.54,22490,99.28336403787519
random,2,2,4499,44.54,22495,99.28353119068301
random,2,2,4500,44.55,22500,99.28353744341072
random,2,2,4501,44.55,22505,99.28370447785191
random,2,2,4502,44.55,22510,99.28387143442721
random,2,2,4503,44.55,22515,99.28403831319105
random,2,2,4504,44.55,22520,99.2842051141978
random,2,2,4505,44.57,22525,99.28405056784412
random,2,2,4506,44.57,22530,99.28421728831253
random,2,2,4507,44.57,22535,99.28438393115185
random,2,2,4508,44.57,22540,99.28455049641633
random,2,2,4509,44.59,22545,99.28439601354496
random,2,2,4510,44.59,22550,99.2845624984958
random,2,2,4511,44.6,22555,99.2845684953481
random,2,2,4512,44.629999999999995,22560,99.28425374271303
random,2,2,4513,44.66,22565,99.28393913642995
random,2,2,4514,44.690000000000005,22570,99.28362467639681
random,2,2,4515,44.690000000000005,22575,99.28379114715216
random,2,2,4516,44.690000000000005,22580,99.28395754055678
random,2,2,4517,44.71,22585,99.28380348246752
random,2,2,4518,44.71,22590,99.2839697957288
random,2,2,4519,44.71,22595,99.28413603176637
random,2,2,4520,44.74,22600,99.28382196396699
random,2,2,4521,44.74,22605,99.28398701126191
random,2,2,4522,44.74,22610,99.2841462556081
random,2,2,4523,44.78,22615,99.28366555915838
random,2,2,4524,44.82,22620,99.28319080846545
random,2,2,4525,44.86,22625,99.28271627639248
random,2,2,4526,44.879999999999995,22630,99.28256167683624
random,2,2,4527,44.89,22635,99.28256811527496
random,2,2,4528,44.89,22640,99.28273433368113
random,2,2,4529,44.89,22645,99.28290047508442
random,2,2,4530,44.9,22650,99.28290683059193
random,2,2,4531,44.91,22655,99.28291318315652
random,2,2,4532,44.91,22660,99.28307916779076
random,2,2,4533,44.91,22665,99.2832450756016
random,2,2,4534,44.91,22670,99.28341090664236
random,2,2,4535,44.91,22675,99.28357666096633
random,2,2,4536,44.91,22680,99.28374233862672
random,2,2,4537,44.91,22685,99.2839079396767
random,2,2,4538,44.91,22690,99.2840734641694
random,2,2,4539,44.93,22695,99.28392015861176
random,2,2,4540,44.95,22700,99.28376692389446
random,2,2,4541,44.97,22705,99.28361375996839
random,2,2,4542,44.98,22710,99.28361993313999
random,2,2,4543,44.98,22715,99.28378533304459
random,2,2,4544,44.98,22720,99.28395065659082
random,2,2,4545,44.98,22725,99.28411590383152
random,2,2,4546,44.98,22730,99.28428107481952
random,2,2,4547,44.98,22735,99.28444616960758
random,2,2,4548,44.98,22740,99.2846111882484
random,2,2,4549,44.98,22745,99.2847761307947
random,2,2,4550,44.98,22750,99.28494099729906
random,2,2,4551,44.98,22755,99.28510578781406
random,2,2,4552,44.99,22760,99.28511160299303
random,2,2,4553,44.99,22765,99.28527627828949
random,2,2,4554,44.99,22770,99.28544087773717
random,2,2,4555,44.99,22775,99.28560540138845
random,2,2,4556,44.99,22780,99.28576984929569
random,2,2,4557,44.99,22785,99.28593422151117
random,2,2,4558,44.99,22790,99.28609851808714
random,2,2,4559,44.99,22795,99.28626273907581
random,2,2,4560,44.99,22800,99.2864268845293
random,2,2,4561,44.99,22805,99.28659095449976
random,2,2,4562,44.99,22810,99.2867549490392
random,2,2,4563,44.99,22815,99.28691886819966
random,2,2,4564,44.99,22820,99.28708271203307
random,2,2,4565,44.99,22825,99.28724648059138
random,2,2,4566,44.99,22830,99.2874101739264
random,2,2,4567,44.99,22835,99.28757379208999
random,2,2,4568,44.99,22840,99.28773733513391
random,2,2,4569,44.99,22845,99.28790080310988
random,2,2,4570,44.99,22850,99.28806419606956
random,2,2,4571,44.99,22855,99.28822751406459
random,2,2,4572,44.99,22860,99.28839075714654
random,2,2,4573,44.99,22865,99.28855392536695
random,2,2,4574,44.99,22870,99.2887170187773
random,2,2,4575,44.99,22875,99.28888003742902
random,2,2,4576,44.99,22880,99.28904298137353
random,2,2,4577,45.0,22885,99.28904786129797
random,2,2,4578,45.0,22890,99.28921069216663
random,2,2,4579,45.0,22895,99.28937344846537
random,2,2,4580,45.0,22900,99.2895361302454
random,2,2,4581,45.0,22905,99.28969761638304
random,2,2,4582,45.0,22910,99.28985902912683
random,2,2,4583,45.0,22915,99.29002036852677
random,2,2,4584,45.0,22920,99.29018163463283
random,2,2,4585,45.0,22925,99.29034394663387
random,2,2,4586,45.01,22930,99.2903474002529
random,2,2,4587,45.01,22935,99.2905028901643
random,2,2,4588,45.01,22940,99.29065272242158
random,2,2,4589,45.01,22945,99.29080807857991
random,2,2,4590,45.01,22950,99.29096895133978
random,2,2,4591,45.019999999999996,22955,99.29097225940777
random,2,2,4592,45.019999999999996,22960,99.2911330219903
random,2,2,4593,45.06,22965,99.290664030401
random,2,2,4594,45.07,22970,99.29066740532527
random,2,2,4595,45.07,22975,99.29082924357742
random,2,2,4596,45.08,22980,99.29083257954143
random,2,2,4597,45.08,22985,99.29099319145858
random,2,2,4598,45.12,22990,99.29052476323308
random,2,2,4599,45.16,22995,99.29005096666886
random,2,2,4600,45.16,23000,99.29020049164147
random,2,2,4601,45.16,23005,99.29035552936554
random,2,2,4602,45.18,23010,99.29019071215018
random,2,2,4603,45.21,23015,99.28987446752366
random,2,2,4604,45.21,23020,99.29002947610425
random,2,2,4605,45.21,23025,99.29018441702804
random,2,2,4606,45.21,23030,99.29034486006248
random,2,2,4607,45.21,23035,99.29049966337575
random,2,2,4608,45.21,23040,99.29064883430115
random,2,2,4609,45.21,23045,99.290797942514
random,2,2,4610,45.21,23050,99.29094698805385
random,2,2,4611,45.21,23055,99.29110152881223
random,2,2,4612,45.21,23060,99.29125600221982
random,2,2,4613,45.25,23065,99.29077791866438
random,2,2,4614,45.26,23070,99.29077013963649
random,2,2,4615,45.300000000000004,23075,99.2902923588144
random,2,2,4616,45.32,23080,99.2901280494968
random,2,2,4617,45.32,23085,99.2902770143401
random,2,2,4618,45.32,23090,99.29042591667671
random,2,2,4619,45.32,23095,99.29057475654598
random,2,2,4620,45.35,23100,99.29025402176346
random,2,2,4621,45.39,23105,99.28977695021867
random,2,2,4622,45.39,23110,99.28992583252636
random,2,2,4623,45.410000000000004,23115,99.28976184108245
random,2,2,4624,45.440000000000005,23120,99.28944710102549
random,2,2,4625,45.440000000000005,23125,99.28959595770094
random,2,2,4626,45.440000000000005,23130,99.28974475202025
random,2,2,4627,45.46,23135,99.28958648807877
random,2,2,4628,45.47,23140,99.28958453116016
random,2,2,4629,45.49,23145,99.2894263707323
random,2,2,4630,45.519999999999996,23150,99.2891176594605
random,2,2,4631,45.519999999999996,23155,99.28927859904196
random,2,2,4632,45.519999999999996,23160,99.28943946576837
random,2,2,4633,45.519999999999996,23165,99.28960025968918
random,2,2,4634,45.540000000000006,23170,99.28944892504575
random,2,2,4635,45.540000000000006,23175,99.28960964408725
random,2,2,4636,45.540000000000006,23180,99.28977029043935
random,2,2,4637,45.540000000000006,23185,99.28993086415133
random,2,2,4638,45.550000000000004,23190,99.28993547844007
random,2,2,4639,45.550000000000004,23195,99.29009594224763
random,2,2,4640,45.57,23200,99.2899447007624
random,2,2,4641,45.6,23205,99.28963774640691
random,2,2,4642,45.660000000000004,23210,99.28886369264458
random,2,2,4643,45.73,23215,99.28793427756393
random,2,2,4644,45.83,23220,99.28653825496878
random,2,2,4645,45.839999999999996,23225,99.28654362760815
random,2,2,4646,45.839999999999996,23230,99.28670460327612
random,2,2,4647,45.839999999999996,23235,99.28686550631926
random,2,2,4648,45.839999999999996,23240,99.28702633678674
random,2,2,4649,45.879999999999995,23245,99.28656509393767
random,2,2,4650,45.93,23250,99.2859485938955
random,2,2,4651,45.93,23255,99.28610952227002
random,2,2,4652,45.98,23260,99.28549340270169
random,2,2,4653,45.98,23265,99.28565436111275
random,2,2,4654,46.03,23270,99.28503862158304
random,2,2,4655,46.03,23275,99.28519960991123
random,2,2,4656,46.03,23280,99.28536052575605
random,2,2,4657,46.03,23285,99.28552136916645
random,2,2,4658,46.08,23290,99.28490621377394
random,2,2,4659,46.08,23295,99.28506708702074
random,2,2,4660,46.08,23300,99.28522788790116
random,2,2,4661,46.12,23305,99.28476829408244
random,2,2,4662,46.12,23310,99.28492908983505
random,2,2,4663,46.150000000000006,23315,99.2846247806596
random,2,2,4664,46.150000000000006,23320,99.28478553639535
random,2,2,4665,46.2,23325,99.28417151374484
random,2,2,4666,46.239999999999995,23330,99.28371267335966
random,2,2,4667,46.239999999999995,23335,99.28387352562197
random,2,2,4668,46.239999999999995,23340,99.28403430565727
random,2,2,4669,46.28,23345,99.2835758050484
random,2,2,4670,46.32,23350,99.28311751022626
random,2,2,4671,46.339999999999996,23355,99.28296888635815
random,2,2,4672,46.339999999999996,23360,99.28312972505535
random,2,2,4673,46.339999999999996,23365,99.2832904916126
random,2,2,4674,46.339999999999996,23370,99.28345118607848
random,2,2,4675,46.339999999999996,23375,99.28361180850143
random,2,2,4676,46.339999999999996,23380,99.2837723589299
random,2,2,4677,46.339999999999996,23385,99.28393283741227
random,2,2,4678,46.37,23390,99.28362977393476
random,2,2,4679,46.39,23395,99.28348130162672
random,2,2,4680,46.39,23400,99.28364173748149
random,2,2,4681,46.410000000000004,23405,99.28349332896936
random,2,2,4682,46.45,23410,99.28303628345766
random,2,2,4683,46.47,23415,99.28288807683761
random,2,2,4684,46.47,23420,99.28304850183828
random,2,2,4685,46.47,23425,99.2832088550777
random,2,2,4686,46.47,23430,99.283369136604
random,2,2,4687,46.47,23435,99.28352934646529
random,2,2,4688,46.47,23440,99.28368948470961
random,2,2,4689,46.47,23445,99.28384955138499
random,2,2,4690,46.47,23450,99.28400954653938
random,2,2,4691,46.47,23455,99.2841694702207
random,2,2,4692,46.48,23460,99.2841753154449
random,2,2,4693,46.51,23465,99.28387321276249
random,2,2,4694,46.54,23470,99.28357124494505
random,2,2,4695,46.589999999999996,23475,99.2829616040483
random,2,2,4696,46.650000000000006,23480,99.28219836559722
random,2,2,4697,46.69,23485,99.28174313817792
random,2,2,4698,46.69,23490,99.28190331764051
random,2,2,4699,46.69,23495,99.28206342567535
random,2,2,4700,46.69,23500,99.2822234623302
random,2,2,4701,46.69,23505,99.28238342765276
random,2,2,4702,46.69,23510,99.28254332169072
random,2,2,4703,46.69,23515,99.28270314449176
random,2,2,4704,46.73,23520,99.28224851434811
random,2,2,4705,46.77,23525,99.28179408666382
random,2,2,4706,46.77,23530,99.28195396951874
random,2,2,4707,46.79,23535,99.28180679543696
random,2,2,4708,46.79,23540,99.28196660431126
random,2,2,4709,46.79,23545,99.2821263420816
random,2,2,4710,46.79,23550,99.28228600879541
random,2,2,4711,46.83,23555,99.28183217907115
random,2,2,4712,46.839999999999996,23560,99.28183851792566
random,2,2,4713,46.89,23565,99.28123170122294
random,2,2,4714,46.89,23570,99.28139142481889
random,2,2,4715,46.89,23575,99.28155107744355
random,2,2,4716,46.89,23580,99.28171065914421
random,2,2,4717,46.89,23585,99.28186907013608
random,2,2,4718,46.89,23590,99.28202741127167
random,2,2,4719,46.89,23595,99.28218568259717
random,2,2,4720,46.93,23600,99.28173168017852
random,2,2,4721,46.949999999999996,23605,99.28158391237619
random,2,2,4722,46.97,23610,99.28143620967927
random,2,2,4723,46.97,23615,99.28158897773645
random,2,2,4724,46.97,23620,99.28174717255807
random,2,2,4725,46.97,23625,99.2819052977257
random,2,2,4726,46.97,23630,99.2820578664111
random,2,2,4727,46.97,23635,99.28221037027981
random,2,2,4728,46.97,23640,99.28236280937314
random,2,2,4729,46.98,23645,99.28236242988598
random,2,2,4730,46.98,23650,99.28251477197928
random,2,2,4731,46.98,23655,99.28267252580805
random,2,2,4732,46.98,23660,99.28283021028128
random,2,2,4733,46.98,23665,99.28298235385691
random,2,2,4734,46.98,23670,99.28313443289342
random,2,2,4735,46.98,23675,99.28328098040083
random,2,2,4736,46.98,23680,99.2834329328001
random,2,2,4737,46.989999999999995,23685,99.28343232712939
random,2,2,4738,47.010000000000005,23690,99.28328472394799
random,2,2,4739,47.010000000000005,23695,99.28343657781139
random,2,2,4740,47.010000000000005,23700,99.2835883673404
random,2,2,4741,47.010000000000005,23705,99.28374009257594
random,2,2,4742,47.010000000000005,23710,99.28389175355883
random,2,2,4743,47.010000000000005,23715,99.28404880225521
random,2,2,4744,47.010000000000005,23720,99.28420578208245
random,2,2,4745,47.05,23725,99.28375376961685
random,2,2,4746,47.08,23730,99.28344869991903
random,2,2,4747,47.13,23735,99.28284488268055
random,2,2,4748,47.13,23740,99.28300198988626
random,2,2,4749,47.160000000000004,23745,99.28270273230028
random,2,2,4750,47.18,23750,99.28255567112522
random,2,2,4751,47.23,23755,99.28195257815969
random,2,2,4752,47.24,23760,99.28195774433804
random,2,2,4753,47.27,23765,99.28165897721125
random,2,2,4754,47.27,23770,99.28181613763849
random,2,2,4755,47.27,23775,99.281974319987
random,2,2,4756,47.27,23780,99.2821324326705
random,2,2,4757,47.29,23785,99.28198681187872
random,2,2,4758,47.29,23790,99.28214485220897
random,2,2,4759,47.29,23795,99.2823028229827
random,2,2,4760,47.29,23800,99.28246072424581
random,2,2,4761,47.31,23805,99.28231515936669
random,2,2,4762,47.31,23810,99.28247298846739
random,2,2,4763,47.31,23815,99.28263074816563
random,2,2,4764,47.31,23820,99.28278843850718
random,2,2,4765,47.31,23825,99.28294605953776
random,2,2,4766,47.36,23830,99.28234595289183
random,2,2,4767,47.36,23835,99.28250360187434
random,2,2,4768,47.36,23840,99.28266118160971
random,2,2,4769,47.36,23845,99.28281869214356
random,2,2,4770,47.36,23850,99.28297613352147
random,2,2,4771,47.36,23855,99.28313350578897
random,2,2,4772,47.36,23860,99.28329080899155
random,2,2,4773,47.36,23865,99.28344804317467
random,2,2,4774,47.36,23870,99.28360520838375
random,2,2,4775,47.36,23875,99.28376230466417
random,2,2,4776,47.36,23880,99.28391933206125
random,2,2,4777,47.36,23885,99.28407629062028
random,2,2,4778,47.36,23890,99.28423318038654
random,2,2,4779,47.36,23895,99.28439000140523
random,2,2,4780,47.36,23900,99.28454675372154
random,2,2,4781,47.38,23905,99.28440136957542
random,2,2,4782,47.38,23910,99.28455805076044
random,2,2,4783,47.410000000000004,23915,99.28426176001255
random,2,2,4784,47.43,23920,99.28411653369315
random,2,2,4785,47.48,23925,99.28351866578741
random,2,2,4786,47.53,23930,99.28292105946038
random,2,2,4787,47.55,23935,99.28277622165609
random,2,2,4788,47.57,23940,99.28263144719341
random,2,2,4789,47.57,23945,99.28278827554078
random,2,2,4790,47.58,23950,99.28279429853121
random,2,2,4791,47.61,23955,99.2824989111646
random,2,2,4792,47.61,23960,99.28265566567927
random,2,2,4793,47.660000000000004,23965,99.28205916157887
random,2,2,4794,47.67,23970,99.28206533853022
random,2,2,4795,47.69,23975,99.28192094053449
random,2,2,4796,47.69,23980,99.28207768434301
random,2,2,4797,47.69,23985,99.2822343597377
random,2,2,4798,47.69,23990,99.28239096676337
random,2,2,4799,47.699999999999996,23995,99.2823970645978
random,2,2,4800,47.699999999999996,24000,99.28255356782952
random,2,2,4801,47.72,24005,99.28240925228909
random,2,2,4802,47.72,24010,99.28256568462959
random,2,2,4803,47.72,24015,99.28272204878151
random,2,2,4804,47.72,24020,99.28287834478945
random,2,2,4805,47.72,24025,99.28303457269793
random,2,2,4806,47.72,24030,99.28319073255143
random,2,2,4807,47.72,24035,99.28334682439444
random,2,2,4808,47.72,24040,99.28350284827137
random,2,2,4809,47.72,24045,99.28365880422659
random,2,2,4810,47.72,24050,99.28381469230446
random,2,2,4811,47.72,24055,99.28396943815909
random,2,2,4812,47.72,24060,99.28412519108247
random,2,2,4813,47.72,24065,99.28428087626098
random,2,2,4814,47.72,24070,99.28443649373881
random,2,2,4815,47.72,24075,99.28459204356012
random,2,2,4816,47.73,24080,99.28459764050619
random,2,2,4817,47.73,24085,99.28475308771478
random,2,2,4818,47.75,24090,99.28460882710306
random,2,2,4819,47.75,24095,99.28476420435823
random,2,2,4820,47.75,24100,99.28491951413463
random,2,2,4821,47.75,24105,99.28507475647625
random,2,2,4822,47.760000000000005,24110,99.28508024136026
random,2,2,4823,47.78,24115,99.28493606628035
random,2,2,4824,47.8,24120,99.28479195375985
random,2,2,4825,47.8,24125,99.28494708907645
random,2,2,4826,47.839999999999996,24130,99.28450391623431
random,2,2,4827,47.839999999999996,24135,99.28465904673043
random,2,2,4828,47.85,24140,99.28466461459344
random,2,2,4829,47.85,24145,99.28481964302262
random,2,2,4830,47.85,24150,99.28497460427043
random,2,2,4831,47.85,24155,99.28512949838051
random,2,2,4832,47.85,24160,99.28528432539653
random,2,2,4833,47.85,24165,99.28543908536203
random,2,2,4834,47.85,24170,99.28559377832057
random,2,2,4835,47.85,24175,99.28574840431567
random,2,2,4836,47.85,24180,99.28590296339077
random,2,2,4837,47.85,24185,99.28605745558934
random,2,2,4838,47.88,24190,99.28576436489266
random,2,2,4839,47.88,24195,99.28591882024482
random,2,2,4840,47.9,24200,99.28577499377475
random,2,2,4841,47.93,24205,99.28548215419751
random,2,2,4842,47.93,24210,99.28563657039975
random,2,2,4843,47.93,24215,99.28579091987388
random,2,2,4844,47.93,24220,99.28594520266314
random,2,2,4845,47.93,24225,99.28609941881075
random,2,2,4846,47.93,24230,99.28625356835987
random,2,2,4847,47.94,24235,99.28625876916114
random,2,2,4848,47.94,24240,99.28641281777627
random,2,2,4849,47.94,24245,99.28656679990833
random,2,2,4850,47.94,24250,99.28672071560034
random,2,2,4851,47.94,24255,99.28687456489531
random,2,2,4852,47.949999999999996,24260,99.28687962617323
random,2,2,4853,47.980000000000004,24265,99.2865873060716
random,2,2,4854,47.980000000000004,24270,99.28674002432041
random,2,2,4855,47.980000000000004,24275,99.28689267719929
random,2,2,4856,47.980000000000004,24280,99.28704632415766
random,2,2,4857,47.980000000000004,24285,99.28719990492037
random,2,2,4858,47.980000000000004,24290,99.2873534195302
random,2,2,4859,47.980000000000004,24295,99.28750686802988
random,2,2,4860,47.980000000000004,24300,99.28765919287838
random,2,2,4861,47.980000000000004,24305,99.287812509741
random,2,2,4862,47.980000000000004,24310,99.28796576062115
random,2,2,4863,47.980000000000004,24315,99.28811894556142
random,2,2,4864,47.980000000000004,24320,99.28827206460437
random,2,2,4865,47.980000000000004,24325,99.28842511779249
random,2,2,4866,47.980000000000004,24330,99.28857810516826
random,2,2,4867,47.980000000000004,24335,99.28873102677413
random,2,2,4868,47.980000000000004,24340,99.2888838826525
random,2,2,4869,47.980000000000004,24345,99.28903667284573
random,2,2,4870,47.980000000000004,24350,99.28918939739616
random,2,2,4871,47.980000000000004,24355,99.28934205634609
random,2,2,4872,47.980000000000004,24360,99.28949464973775
random,2,2,4873,47.980000000000004,24365,99.28964717761338
random,2,2,4874,47.980000000000004,24370,99.28979964001515
random,2,2,4875,47.980000000000004,24375,99.28995203698524
random,2,2,4876,47.980000000000004,24380,99.29010436856574
random,2,2,4877,47.980000000000004,24385,99.29025663479872
random,2,2,4878,47.980000000000004,24390,99.29040883572624
random,2,2,4879,47.980000000000004,24395,99.29056097139029
random,2,2,4880,47.980000000000004,24400,99.29071304183286
random,2,2,4881,47.980000000000004,24405,99.29086504709585
random,2,2,4882,47.980000000000004,24410,99.29101698722117
random,2,2,4883,47.980000000000004,24415,99.29116886225067
random,2,2,4884,47.980000000000004,24420,99.29132067222622
random,2,2,4885,47.980000000000004,24425,99.29147241718954
random,2,2,4886,47.980000000000004,24430,99.29162409718244
random,2,2,4887,47.980000000000004,24435,99.2917757122466
random,2,2,4888,47.980000000000004,24440,99.29192726242374
random,2,2,4889,47.980000000000004,24445,99.29207874775547
random,2,2,4890,47.980000000000004,24450,99.29223016828341
random,2,2,4891,47.980000000000004,24455,99.29238152404915
random,2,2,4892,47.980000000000004,24460,99.2925328150942
random,2,2,4893,47.980000000000004,24465,99.2926840414601
random,2,2,4894,47.980000000000004,24470,99.29283520318829
random,2,2,4895,47.980000000000004,24475,99.29298630032021
random,2,2,4896,47.980000000000004,24480,99.29313733289725
random,2,2,4897,47.980000000000004,24485,99.2932883009608
random,2,2,4898,47.980000000000004,24490,99.29343920455214
random,2,2,4899,47.980000000000004,24495,99.29359004371261
random,2,2,4900,47.980000000000004,24500,99.29374081848344
random,2,2,4901,47.980000000000004,24505,99.29389152890586
random,2,2,4902,47.980000000000004,24510,99.29404217502103
random,2,2,4903,47.980000000000004,24515,99.29419275687015
random,2,2,4904,47.980000000000004,24520,99.2943432744943
random,2,2,4905,47.980000000000004,24525,99.29449372793455
random,2,2,4906,47.980000000000004,24530,99.29464411723197
random,2,2,4907,47.99,24535,99.2946474633618
random,2,2,4908,47.99,24540,99.29479775581399
random,2,2,4909,47.99,24545,99.29494798423293
random,2,2,4910,48.0,24550,99.29495126350609
random,2,2,4911,48.02,24555,99.2948076875067
random,2,2,4912,48.03,24560,99.29481099525177
random,2,2,4913,48.03,24565,99.29496109294976
random,2,2,4914,48.03,24570,99.29511112676552
random,2,2,4915,48.03,24575,99.29526109673984
random,2,2,4916,48.03,24580,99.29541100291341
random,2,2,4917,48.03,24585,99.29556084532699
random,2,2,4918,48.03,24590,99.29571062402121
random,2,2,4919,48.03,24595,99.29586033903672
random,2,2,4920,48.03,24600,99.29600999041412
random,2,2,4921,48.03,24605,99.296159578194
random,2,2,4922,48.03,24610,99.29630910241684
random,2,2,4923,48.03,24615,99.29645856312318
random,2,2,4924,48.03,24620,99.29660796035347
random,2,2,4925,48.03,24625,99.29675729414814
random,2,2,4926,48.04,24630,99.29676017823998
random,2,2,4927,48.04,24635,99.29690941634993
random,2,2,4928,48.04,24640,99.29705859113217
random,2,2,4929,48.04,24645,99.29720770262699
random,2,2,4930,48.04,24650,99.29735675087464
random,2,2,4931,48.04,24655,99.29750573591538
random,2,2,4932,48.04,24660,99.2976546577894
random,2,2,4933,48.04,24665,99.29780351653685
random,2,2,4934,48.04,24670,99.29795231219785
random,2,2,4935,48.06,24675,99.29780883042653
random,2,2,4936,48.06,24680,99.2979565364103
random,2,2,4937,48.06,24685,99.29810418026717
random,2,2,4938,48.06,24690,99.29825176203639
random,2,2,4939,48.06,24695,99.29839416058395
random,2,2,4940,48.06,24700,99.29853650135229
random,2,2,4941,48.06,24705,99.29867366728297
random,2,2,4942,48.07,24710,99.29866488086641
random,2,2,4943,48.07,24715,99.29880196808068
random,2,2,4944,48.07,24720,99.29893900171363
random,2,2,4945,48.08,24725,99.29893016860379
random,2,2,4946,48.089999999999996,24730,99.29892133894506
random,2,2,4947,48.1,24735,99.29891251273546
random,2,2,4948,48.1,24740,99.29904941774468
random,2,2,4949,48.1,24745,99.29919137466308
random,2,2,4950,48.1,24750,99.29932817079495
random,2,2,4951,48.1,24755,99.2994649135327
random,2,2,4952,48.1,24760,99.2996016029076
random,2,2,4953,48.1,24765,99.29973823895087
random,2,2,4954,48.1,24770,99.29987482169369
random,2,2,4955,48.1,24775,99.30001644452012
random,2,2,4956,48.11,24780,99.30001251276738
random,2,2,4957,48.11,24785,99.30014896018807
random,2,2,4958,48.15,24790,99.29970359209153
random,2,2,4959,48.15,24795,99.29984004653191
random,2,2,4960,48.18,24800,99.2995402960598
random,2,2,4961,48.18,24805,99.29967672915019
random,2,2,4962,48.18,24810,99.29981310910301
random,2,2,4963,48.18,24815,99.2999494359493
random,2,2,4964,48.18,24820,99.30008570972007
random,2,2,4965,48.18,24825,99.3002219304463
random,2,2,4966,48.18,24830,99.30035809815897
random,2,2,4967,48.19,24835,99.30034902696393
random,2,2,4968,48.19,24840,99.30049019394377
random,2,2,4969,48.199999999999996,24845,99.30048617661998
random,2,2,4970,48.199999999999996,24850,99.30062218507685
random,2,2,4971,48.24,24855,99.30017785695426
random,2,2,4972,48.27,24860,99.29988382161613
random,2,2,4973,48.309999999999995,24865,99.29944489237177
random,2,2,4974,48.35,24870,99.2990061400393
random,2,2,4975,48.4,24875,99.2984276952915
random,2,2,4976,48.42,24880,99.29828527703384
random,2,2,4977,48.44,24885,99.29814190168192
random,2,2,4978,48.47,24890,99.29785372411315
random,2,2,4979,48.47,24895,99.29800016221164
random,2,2,4980,48.47,24900,99.29814653924124
random,2,2,4981,48.51,24905,99.29771376950072
random,2,2,4982,48.52,24910,99.29771032142925
random,2,2,4983,48.52,24915,99.29784650739417
random,2,2,4984,48.52,24920,99.29798264055178
random,2,2,4985,48.52,24925,99.29811872093276
random,2,2,4986,48.52,24930,99.2982547485678
random,2,2,4987,48.52,24935,99.29839579615883
random,2,2,4988,48.52,24940,99.2985317164287
random,2,2,4989,48.52,24945,99.2986675840457
random,2,2,4990,48.53,24950,99.2986588820163
random,2,2,4991,48.53,24955,99.29879973818775
random,2,2,4992,48.54,24960,99.29879607880527
random,2,2,4993,48.55,24965,99.29879748462554
random,2,2,4994,48.57,24970,99.29864942723758
random,2,2,4995,48.6,24975,99.298357058297
random,2,2,4996,48.64,24980,99.29792046466581
random,2,2,4997,48.68,24985,99.29748404619173
random,2,2,4998,48.69,24990,99.297475586952
random,2,2,4999,48.71,24995,99.29732287372008
random,2,2,5000,48.74,25000,99.29703105957351
random,2,2,5001,48.74,25005,99.29717196070854
random,2,2,5002,48.74,25010,99.29731280537122
random,2,2,5003,48.74,25015,99.29744853024907
random,2,2,5004,48.74,25020,99.29758926409721
random,2,2,5005,48.74,25025,99.29772994157355
random,2,2,5006,48.74,25030,99.29787056271195
random,2,2,5007,48.74,25035,99.29800607223306
random,2,2,5008,48.74,25040,99.29814152945818
random,2,2,5009,48.74,25045,99.2982819858303
random,2,2,5010,48.74,25050,99.29842238599723
random,2,2,5011,48.74,25055,99.2985627299927
random,2,2,5012,48.74,25060,99.29870301785041
random,2,2,5013,48.74,25065,99.29884324960403
random,2,2,5014,48.75,25070,99.29884463979312
random,2,2,5015,48.75,25075,99.29898982636517
random,2,2,5016,48.75,25080,99.2991349528228
random,2,2,5017,48.75,25085,99.29928001920332
random,2,2,5018,48.75,25090,99.29942502554404
random,2,2,5019,48.75,25095,99.29956494002839
random,2,2,5020,48.75,25100,99.29969976872137
random,2,2,5021,48.75,25105,99.29983454551721
random,2,2,5022,48.75,25110,99.29996927044591
random,2,2,5023,48.75,25115,99.30010896764996
random,2,2,5024,48.75,25120,99.30025363114538
random,2,2,5025,48.75,25125,99.30039823485093
random,2,2,5026,48.75,25130,99.30054277880365
random,2,2,5027,48.75,25135,99.30068726304057
random,2,2,5028,48.75,25140,99.30083269033844
random,2,2,5029,48.75,25145,99.3009780571635
random,2,2,5030,48.75,25150,99.30112236164732
random,2,2,5031,48.75,25155,99.30126159905745
random,2,2,5032,48.75,25160,99.30140078099811
random,2,2,5033,48.75,25165,99.30153990750239
random,2,2,5034,48.75,25170,99.30167897860345
random,2,2,5035,48.75,25175,99.30181799433434
random,2,2,5036,48.75,25180,99.3019619522728
random,2,2,5037,48.75,25185,99.30210585085824
random,2,2,5038,48.75,25190,99.3022496901273
random,2,2,5039,48.75,25195,99.30238847874897
random,2,2,5040,48.75,25200,99.30253220155174
random,2,2,5041,48.75,25205,99.30267586514681
random,2,2,5042,48.75,25210,99.30281946957075
random,2,2,5043,48.75,25215,99.30296301486011
random,2,2,5044,48.75,25220,99.30310650105142
random,2,2,5045,48.75,25225,99.30324992818115
random,2,2,5046,48.75,25230,99.30339329628578
random,2,2,5047,48.75,25235,99.30353163037888
random,2,2,5048,48.75,25240,99.30366990954137
random,2,2,5049,48.75,25245,99.30380813380594
random,2,2,5050,48.75,25250,99.30394630320527
random,2,2,5051,48.75,25255,99.30408441777205
random,2,2,5052,48.75,25260,99.30422247753887
random,2,2,5053,48.76,25265,99.30421778725275
random,2,2,5054,48.76,25270,99.30435576581499
random,2,2,5055,48.76,25275,99.3044887293226
random,2,2,5056,48.76,25280,99.30462164201134
random,2,2,5057,48.76,25285,99.3047545039104
random,2,2,5058,48.76,25290,99.30488731504884
random,2,2,5059,48.76,25295,99.30502007545577
random,2,2,5060,48.76,25300,99.30515278516026
random,2,2,5061,48.76,25305,99.30528544419131
random,2,2,5062,48.76,25310,99.30542299967236
random,2,2,5063,48.76,25315,99.30556050069144
random,2,2,5064,48.76,25320,99.30570289038906
random,2,2,5065,48.76,25325,99.30584522170672
random,2,2,5066,48.76,25330,99.30598749468032
random,2,2,5067,48.76,25335,99.30612970934575
random,2,2,5068,48.76,25340,99.30627186573885
random,2,2,5069,48.76,25345,99.3064139638954
random,2,2,5070,48.76,25350,99.3065560038512
random,2,2,5071,48.76,25355,99.30669798564199
random,2,2,5072,48.76,25360,99.3068399093035
random,2,2,5073,48.76,25365,99.3069817748714
random,2,2,5074,48.76,25370,99.30712358238138
random,2,2,5075,48.76,25375,99.30726631603773
random,2,2,5076,48.76,25380,99.30740899089945
random,2,2,5077,48.76,25385,99.30755160700288
random,2,2,5078,48.76,25390,99.3076941643843
random,2,2,5079,48.76,25395,99.30783666307998
random,2,2,5080,48.76,25400,99.30797910312616
random,2,2,5081,48.76,25405,99.30812148455902
random,2,2,5082,48.76,25410,99.30826380741475
random,2,2,5083,48.76,25415,99.30840607172946
random,2,2,5084,48.76,25420,99.30854827753932
random,2,2,5085,48.76,25425,99.30869042488034
random,2,2,5086,48.76,25430,99.30883251378863
random,2,2,5087,48.76,25435,99.30897454430017
random,2,2,5088,48.76,25440,99.30911651645098
random,2,2,5089,48.76,25445,99.30925843027704
random,2,2,5090,48.76,25450,99.30940028581425
random,2,2,5091,48.76,25455,99.3095420830985
random,2,2,5092,48.76,25460,99.30968382216572
random,2,2,5093,48.76,25465,99.30982550305171
random,2,2,5094,48.76,25470,99.30996712579231
random,2,2,5095,48.76,25475,99.3101086904233
random,2,2,5096,48.76,25480,99.31025019698043
random,2,2,5097,48.76,25485,99.31039164549944
random,2,2,5098,48.76,25490,99.31053303601603
random,2,2,5099,48.76,25495,99.31067436856584
random,2,2,5100,48.76,25500,99.31081564318454
random,2,2,5101,48.76,25505,99.31095685990775
random,2,2,5102,48.76,25510,99.31109801877102
random,2,2,5103,48.76,25515,99.31123911980993
random,2,2,5104,48.76,25520,99.31138016305998
random,2,2,5105,48.76,25525,99.31152114855668
random,2,2,5106,48.76,25530,99.31166110461734
random,2,2,5107,48.76,25535,99.3118010037882
random,2,2,5108,48.76,25540,99.31194084610392
random,2,2,5109,48.76,25545,99.31208063159914
random,2,2,5110,48.76,25550,99.31222133044831
random,2,2,5111,48.76,25555,99.31236197175551
random,2,2,5112,48.76,25560,99.31250255555602
random,2,2,5113,48.76,25565,99.31264308188513
random,2,2,5114,48.76,25570,99.31278355077805
random,2,2,5115,48.76,25575,99.31292396227
random,2,2,5116,48.76,25580,99.31306431639615
random,2,2,5117,48.76,25585,99.31320461319166
random,2,2,5118,48.76,25590,99.31334485269163
random,2,2,5119,48.76,25595,99.3134840683531
random,2,2,5120,48.76,25600,99.31362322757556
random,2,2,5121,48.76,25605,99.31376233039332
random,2,2,5122,48.76,25610,99.31389654978331
random,2,2,5123,48.76,25615,99.31402589144277
random,2,2,5124,48.76,25620,99.31415518434541
random,2,2,5125,48.76,25625,99.31428925011988
random,2,2,5126,48.76,25630,99.31442326349149
random,2,2,5127,48.76,25635,99.31455722449094
random,2,2,5128,48.76,25640,99.31469113314894
random,2,2,5129,48.77,25645,99.31467965454345
random,2,2,5130,48.77,25650,99.31480867468795
random,2,2,5131,48.77,25655,99.31494245769485
random,2,2,5132,48.77,25660,99.3150761884699
random,2,2,5133,48.77,25665,99.31520986704372
random,2,2,5134,48.77,25670,99.31534349344685
random,2,2,5135,48.77,25675,99.3154770677098
random,2,2,5136,48.77,25680,99.31561058986313
random,2,2,5137,48.79,25685,99.31546345467173
random,2,2,5138,48.809999999999995,25690,99.31531157461505
random,2,2,5139,48.809999999999995,25695,99.31544025144001
random,2,2,5140,48.809999999999995,25700,99.31556887990834
random,2,2,5141,48.809999999999995,25705,99.3156974600473
random,2,2,5142,48.809999999999995,25710,99.31582599188411
random,2,2,5143,48.82,25715,99.31581433090089
random,2,2,5144,48.86,25720,99.31538231960127
random,2,2,5145,48.92,25725,99.31467508706653
random,2,2,5146,48.96,25730,99.31425305966951
random,2,2,5147,48.96,25735,99.31439230035667
random,2,2,5148,49.0,25740,99.31397146121279
random,2,2,5149,49.05,25745,99.31341081549438
random,2,2,5150,49.05,25750,99.31355014232814
random,2,2,5151,49.05,25755,99.31368941262727
random,2,2,5152,49.05,25760,99.3138286264262
random,2,2,5153,49.05,25765,99.3139677837593
random,2,2,5154,49.08,25770,99.31368737816832
random,2,2,5155,49.08,25775,99.31382650771525
random,2,2,5156,49.08,25780,99.31396558086483
random,2,2,5157,49.08,25785,99.31410459765135
random,2,2,5158,49.08,25790,99.3142425999539
random,2,2,5159,49.09,25795,99.31423606260581
random,2,2,5160,49.11,25800,99.314094649631
random,2,2,5161,49.14,25805,99.31381461264877
random,2,2,5162,49.16,25810,99.31367429964344
random,2,2,5163,49.16,25815,99.31381320811866
random,2,2,5164,49.16,25820,99.31395206037669
random,2,2,5165,49.17,25825,99.3139513305884
random,2,2,5166,49.21,25830,99.31353210817205
random,2,2,5167,49.220000000000006,25835,99.31353146360615
random,2,2,5168,49.25,25840,99.3132519368387
random,2,2,5169,49.25,25845,99.31339076221293
random,2,2,5170,49.29,25850,99.31297199200489
random,2,2,5171,49.33,25855,99.31255339103629
random,2,2,5172,49.370000000000005,25860,99.3121349592046
random,2,2,5173,49.4,25865,99.31185599681281
random,2,2,5174,49.4,25870,99.31199496391456
random,2,2,5175,49.419999999999995,25875,99.31185538659051
random,2,2,5176,49.44,25880,99.31171586561753
random,2,2,5177,49.480000000000004,25885,99.31129802506217
random,2,2,5178,49.480000000000004,25890,99.31143699258834
random,2,2,5179,49.49,25895,99.31143677225378
random,2,2,5180,49.53,25900,99.3110192408275
random,2,2,5181,49.55,25905,99.31088002915025
random,2,2,5182,49.58,25910,99.31060182597355
random,2,2,5183,49.58,25915,99.31074079377414
random,2,2,5184,49.6,25920,99.31060172238377
random,2,2,5185,49.62,25925,99.31046270703837
random,2,2,5186,49.63,25930,99.31046268329077
random,2,2,5187,49.63,25935,99.31060156715557
random,2,2,5188,49.63,25940,99.31074039508478
random,2,2,5189,49.63,25945,99.31087916711215
random,2,2,5190,49.63,25950,99.31101788327148
random,2,2,5191,49.63,25955,99.31115654359644
random,2,2,5192,49.63,25960,99.3112951481208
random,2,2,5193,49.63,25965,99.31143369687821
random,2,2,5194,49.63,25970,99.31157218990232
random,2,2,5195,49.63,25975,99.31171062722674
random,2,2,5196,49.63,25980,99.31184900888509
random,2,2,5197,49.63,25985,99.31198733491092
random,2,2,5198,49.63,25990,99.31212560533778
random,2,2,5199,49.63,25995,99.31226382019919
random,2,2,5200,49.63,26000,99.31240197952862
random,2,2,5201,49.63,26005,99.31254008335954
random,2,2,5202,49.63,26010,99.31267813172539
random,2,2,5203,49.64,26015,99.31267766327021
random,2,2,5204,49.64,26020,99.31281562859927
random,2,2,5205,49.64,26025,99.31295353855225
random,2,2,5206,49.64,26030,99.31309139316247
random,2,2,5207,49.66,26035,99.31295249189614
random,2,2,5208,49.66,26040,99.31309029141792
random,2,2,5209,49.66,26045,99.31322803567453
random,2,2,5210,49.66,26050,99.3133657246992
random,2,2,5211,49.66,26055,99.31350335852515
random,2,2,5212,49.66,26060,99.31364093718557
random,2,2,5213,49.66,26065,99.3137784607136
random,2,2,5214,49.66,26070,99.31391592914241
random,2,2,5215,49.66,26075,99.31405334250508
random,2,2,5216,49.66,26080,99.31419070083469
random,2,2,5217,49.66,26085,99.31432800416428
random,2,2,5218,49.66,26090,99.31446525252693
random,2,2,5219,49.66,26095,99.31460244595559
random,2,2,5220,49.66,26100,99.31473958448326
random,2,2,5221,49.68,26105,99.31460074251586
random,2,2,5222,49.71,26110,99.31432402086683
random,2,2,5223,49.72,26115,99.31432322516318
random,2,2,5224,49.72,26120,99.3144603098441
random,2,2,5225,49.72,26125,99.31459733972233
random,2,2,5226,49.75,26130,99.31432083996042
random,2,2,5227,49.75,26135,99.31445784294677
random,2,2,5228,49.75,26140,99.31459479119596
random,2,2,5229,49.75,26145,99.31473168474076
random,2,2,5230,49.75,26150,99.31486852361397
random,2,2,5231,49.75,26155,99.31500530784831
random,2,2,5232,49.769999999999996,26160,99.3148667176926
random,2,2,5233,49.8,26165,99.31459055043334
random,2,2,5234,49.8,26170,99.31472730825436
random,2,2,5235,49.8,26175,99.31486401151248
random,2,2,5236,49.81,26180,99.3148631101721
random,2,2,5237,49.81,26185,99.31499973183085
random,2,2,5238,49.81,26190,99.3151362990136
random,2,2,5239,49.86,26195,99.31458547267621
random,2,2,5240,49.9,26200,99.31417230630521
random,2,2,5241,49.95,26205,99.3136218915454
random,2,2,5242,50.019999999999996,26210,99.31279692475937
random,2,2,5243,50.06,26215,99.31238436148308
random,2,2,5244,50.07,26220,99.31238395535095
random,2,2,5245,50.07,26225,99.3125208529849
random,2,2,5246,50.09,26230,99.31238314357176
random,2,2,5247,50.09,26235,99.312519986879
random,2,2,5248,50.09,26240,99.31265677573043
random,2,2,5249,50.13999999999999,26245,99.31210753841785
random,2,2,5250,50.13999999999999,26250,99.31224435488959
random,2,2,5251,50.13999999999999,26255,99.31238111694869
random,2,2,5252,50.13999999999999,26260,99.3125178246276
random,2,2,5253,50.13999999999999,26265,99.31265353570802
random,2,2,5254,50.13999999999999,26270,99.31278919321944
random,2,2,5255,50.13999999999999,26275,99.3129247971936
random,2,2,5256,50.13999999999999,26280,99.31306034766216
random,2,2,5257,50.18,26285,99.3126488769932
random,2,2,5258,50.23,26290,99.31210061983528
random,2,2,5259,50.23,26295,99.31223719396061
random,2,2,5260,50.29,26300,99.3115523406399
random,2,2,5261,50.29,26305,99.3116889693675
random,2,2,5262,50.33,26310,99.31127817902662
random,2,2,5263,50.33,26315,99.31141480793357
random,2,2,5264,50.33,26320,99.31155044093327
random,2,2,5265,50.33,26325,99.31168602051129
random,2,2,5266,50.33,26330,99.31181684182316
random,2,2,5267,50.33,26335,99.31195231650467
random,2,2,5268,50.36000000000001,26340,99.31167769677188
random,2,2,5269,50.36000000000001,26345,99.31181314551681
random,2,2,5270,50.36000000000001,26350,99.31194854096475
random,2,2,5271,50.36000000000001,26355,99.31208388314715
random,2,2,5272,50.39,26360,99.31180475413306
random,2,2,5273,50.39,26365,99.31193067691328
random,2,2,5274,50.42,26370,99.31164698220958
random,2,2,5275,50.470000000000006,26375,99.31109039362168
random,2,2,5276,50.51,26380,99.31067048247607
random,2,2,5277,50.51,26385,99.31079652055261
random,2,2,5278,50.51,26390,99.31092251254759
random,2,2,5279,50.51,26395,99.31104845848627
random,2,2,5280,50.55,26400,99.3106288619444
random,2,2,5281,50.59,26405,99.31020941872974
random,2,2,5282,50.63999999999999,26410,99.30965380447007
random,2,2,5283,50.63999999999999,26415,99.30977989011544
random,2,2,5284,50.660000000000004,26420,99.30963338071143
random,2,2,5285,50.7,26425,99.30921442556479
random,2,2,5286,50.74999999999999,26430,99.30865939862223
random,2,2,5287,50.79,26435,99.30824077416017
random,2,2,5288,50.849999999999994,26440,99.30754995240683
random,2,2,5289,50.849999999999994,26445,99.30767628386225
random,2,2,5290,50.89,26450,99.30725806780949
random,2,2,5291,50.89,26455,99.30738440641795
random,2,2,5292,50.89,26460,99.30751541046959
random,2,2,5293,50.89,26465,99.30764636497335
random,2,2,5294,50.93,26470,99.30723694591198
random,2,2,5295,50.94,26475,99.30722625305145
random,2,2,5296,50.980000000000004,26480,99.30680764388025
random,2,2,5297,51.03,26485,99.30625795295116
random,2,2,5298,51.03,26490,99.30638902292328
random,2,2,5299,51.03,26495,99.3065153312704
random,2,2,5300,51.03,26500,99.30664159362377
random,2,2,5301,51.04,26505,99.30663196203864
random,2,2,5302,51.04,26510,99.30675815720454
random,2,2,5303,51.04,26515,99.3068890126156
random,2,2,5304,51.04,26520,99.3070198186358
random,2,2,5305,51.04,26525,99.30715057529308
random,2,2,5306,51.04,26530,99.30728128261539
random,2,2,5307,51.04,26535,99.30741194063066
random,2,2,5308,51.04,26540,99.30754254936677
random,2,2,5309,51.06,26545,99.30739712351418
random,2,2,5310,51.09,26550,99.30712082868837
random,2,2,5311,51.12,26555,99.30684463801208
random,2,2,5312,51.18000000000001,26560,99.30616184676452
random,2,2,5313,51.18000000000001,26565,99.30629256887262
random,2,2,5314,51.18000000000001,26570,99.30642324173277
random,2,2,5315,51.190000000000005,26575,99.30641837374823
random,2,2,5316,51.2,26580,99.30640880969185
random,2,2,5317,51.23,26585,99.30612836422098
random,2,2,5318,51.24999999999999,26590,99.30598813747528
random,2,2,5319,51.24999999999999,26595,99.3061187464375
random,2,2,5320,51.24999999999999,26600,99.30625400172997
random,2,2,5321,51.27,26605,99.30611852691953
random,2,2,5322,51.28,26610,99.30611841722472
random,2,2,5323,51.28,26615,99.30625359353333
random,2,2,5324,51.300000000000004,26620,99.30611819796326
random,2,2,5325,51.300000000000004,26625,99.30625332166721
random,2,2,5326,51.31,26630,99.30625318581355
random,2,2,5327,51.32,26635,99.30625398782294
random,2,2,5328,51.339999999999996,26640,99.3061196355709
random,2,2,5329,51.39,26645,99.30557901521672
random,2,2,5330,51.43,26650,99.30517370657336
random,2,2,5331,51.459999999999994,26655,99.30490363068311
random,2,2,5332,51.459999999999994,26660,99.3050397448121
random,2,2,5333,51.459999999999994,26665,99.30517580564366
random,2,2,5334,51.459999999999994,26670,99.30531181320906
random,2,2,5335,51.49,26675,99.30504285951446
random,2,2,5336,51.53,26680,99.30463812979639
random,2,2,5337,51.59,26685,99.30396372354448
random,2,2,5338,51.629999999999995,26690,99.30355936067208
random,2,2,5339,51.65,26695,99.30342018665372
random,2,2,5340,51.66,26700,99.30341120852627
random,2,2,5341,51.66,26705,99.30353705031898
random,2,2,5342,51.66,26710,99.30366753966574
random,2,2,5343,51.66,26715,99.30379328886917
random,2,2,5344,51.66,26720,99.30391899266326
random,2,2,5345,51.66,26725,99.30404465107256
random,2,2,5346,51.66,26730,99.30417026412167
random,2,2,5347,51.66,26735,99.30429583183513
random,2,2,5348,51.66,26740,99.30442135423749
random,2,2,5349,51.66,26745,99.30454683135328
random,2,2,5350,51.66,26750,99.3046769426244
random,2,2,5351,51.66,26755,99.30480700522001
random,2,2,5352,51.67,26760,99.30479779666513
random,2,2,5353,51.67,26765,99.30492778889821
random,2,2,5354,51.690000000000005,26770,99.30479341510652
random,2,2,5355,51.7,26775,99.30478888845559
random,2,2,5356,51.73,26780,99.3045154732871
random,2,2,5357,51.73,26785,99.30464542024392
random,2,2,5358,51.739999999999995,26790,99.3046409237766
random,2,2,5359,51.76,26795,99.30450205921676
random,2,2,5360,51.76,26800,99.30463193587997
random,2,2,5361,51.76,26805,99.30475709480878
random,2,2,5362,51.800000000000004,26810,99.30434502338099
random,2,2,5363,51.83,26815,99.30406737240116
random,2,2,5364,51.839999999999996,26820,99.30405831733545
random,2,2,5365,51.839999999999996,26825,99.30418348939094
random,2,2,5366,51.88,26830,99.30377181752058
random,2,2,5367,51.88,26835,99.30390166604722
random,2,2,5368,51.88,26840,99.30403146614867
random,2,2,5369,51.9,26845,99.30389296851423
random,2,2,5370,51.93,26850,99.30362042284308
random,2,2,5371,51.93,26855,99.30375020278794
random,2,2,5372,51.970000000000006,26860,99.30334373558965
random,2,2,5373,51.970000000000006,26865,99.30347351872526
random,2,2,5374,51.970000000000006,26870,99.30360325351414
random,2,2,5375,51.970000000000006,26875,99.30373760406424
random,2,2,5376,51.970000000000006,26880,99.30387190278586
random,2,2,5377,51.970000000000006,26885,99.304006149709
random,2,2,5378,51.980000000000004,26890,99.30400738036037
random,2,2,5379,51.980000000000004,26895,99.30414154922885
random,2,2,5380,51.980000000000004,26900,99.30427659756724
random,2,2,5381,51.980000000000004,26905,99.30441159349695
random,2,2,5382,51.99,26910,99.30441274453926
random,2,2,5383,51.99,26915,99.30454766169368
random,2,2,5384,52.03,26920,99.30414756404838
random,2,2,5385,52.04,26925,99.30414876561287
random,2,2,5386,52.04,26930,99.3042836554787
random,2,2,5387,52.04,26935,99.30441849305822
random,2,2,5388,52.04,26940,99.30455327838182
random,2,2,5389,52.059999999999995,26945,99.30442078934746
random,2,2,5390,52.059999999999995,26950,99.30455552201083
random,2,2,5391,52.059999999999995,26955,99.30469020248928
random,2,2,5392,52.059999999999995,26960,99.3048248308131
random,2,2,5393,52.09,26965,99.30455888419684
random,2,2,5394,52.09,26970,99.30469348582291
random,2,2,5395,52.1,26975,99.3046945794203
random,2,2,5396,52.129999999999995,26980,99.30442881236523
random,2,2,5397,52.129999999999995,26985,99.3045633610414
random,2,2,5398,52.129999999999995,26990,99.30469785767446
random,2,2,5399,52.129999999999995,26995,99.3048323022946
random,2,2,5400,52.129999999999995,27000,99.30496669493198
random,2,2,5401,52.129999999999995,27005,99.30510103561674
random,2,2,5402,52.129999999999995,27010,99.305235324379
random,2,2,5403,52.129999999999995,27015,99.30536956124887
random,2,2,5404,52.129999999999995,27020,99.3055037462564
random,2,2,5405,52.15,27025,99.30537148306851
random,2,2,5406,52.17,27030,99.30523927096068
random,2,2,5407,52.21,27035,99.30484081640262
random,2,2,5408,52.21,27040,99.30497499986689
random,2,2,5409,52.21,27045,99.30510913153947
random,2,2,5410,52.22,27050,99.30511014177243
random,2,2,5411,52.22,27055,99.30524419562259
random,2,2,5412,52.22,27060,99.30537819776104
random,2,2,5413,52.22,27065,99.3055121482177
random,2,2,5414,52.22,27070,99.30564604702246
random,2,2,5415,52.22,27075,99.30577897129791
random,2,2,5416,52.23,27080,99.30577800580312
random,2,2,5417,52.23,27085,99.30591085412965
random,2,2,5418,52.23,27090,99.30604272959184
random,2,2,5419,52.23,27095,99.30617547663074
random,2,2,5420,52.23,27100,99.30630817289303
random,2,2,5421,52.23,27105,99.30643621351088
random,2,2,5422,52.23,27110,99.30656420687036
random,2,2,5423,52.23,27115,99.3066875514376
random,2,2,5424,52.239999999999995,27120,99.30667813355205
random,2,2,5425,52.239999999999995,27125,99.30680141399773
random,2,2,5426,52.239999999999995,27130,99.3069246506099
random,2,2,5427,52.239999999999995,27135,99.30704784341191
random,2,2,5428,52.239999999999995,27140,99.30717099242715
random,2,2,5429,52.239999999999995,27145,99.30729317914508
random,2,2,5430,52.239999999999995,27150,99.30741073168662
random,2,2,5431,52.239999999999995,27155,99.30752365474805
random,2,2,5432,52.25,27160,99.30750400587397
random,2,2,5433,52.25,27165,99.30761687692144
random,2,2,5434,52.26,27170,99.30759721925956
random,2,2,5435,52.26,27175,99.30771003833692
random,2,2,5436,52.290000000000006,27180,99.30742547439831
random,2,2,5437,52.290000000000006,27185,99.30753828469724
random,2,2,5438,52.31,27190,99.30739083229616
random,2,2,5439,52.33,27195,99.3072434298665
random,2,2,5440,52.339999999999996,27200,99.30723302198086
random,2,2,5441,52.339999999999996,27205,99.30735495345753
random,2,2,5442,52.349999999999994,27210,99.30734911192496
random,2,2,5443,52.349999999999994,27215,99.30748014048827
random,2,2,5444,52.349999999999994,27220,99.30760196172831
random,2,2,5445,52.349999999999994,27225,99.30772374011671
random,2,2,5446,52.349999999999994,27230,99.30785005136585
random,2,2,5447,52.349999999999994,27235,99.3079818052752
random,2,2,5448,52.349999999999994,27240,99.30811350903419
random,2,2,5449,52.349999999999994,27245,99.3082405922042
random,2,2,5450,52.349999999999994,27250,99.30837219748715
random,2,2,5451,52.349999999999994,27255,99.30850466610748
random,2,2,5452,52.35999999999999,27260,99.30850501848917
random,2,2,5453,52.35999999999999,27265,99.30863649807749
random,2,2,5454,52.38,27270,99.30850298420964
random,2,2,5455,52.38,27275,99.30863350184127
random,2,2,5456,52.38,27280,99.30875940921233
random,2,2,5457,52.400000000000006,27285,99.30862229798643
random,2,2,5458,52.400000000000006,27290,99.30874451381916
random,2,2,5459,52.42,27295,99.30860198318592
random,2,2,5460,52.449999999999996,27300,99.30832762983857
random,2,2,5461,52.459999999999994,27305,99.30831251194896
random,2,2,5462,52.459999999999994,27310,99.30843378576476
random,2,2,5463,52.49,27315,99.30815960437643
random,2,2,5464,52.580000000000005,27320,99.30709483233487
random,2,2,5465,52.64,27325,99.30642570757358
random,2,2,5466,52.66,27330,99.30628375708075
random,2,2,5467,52.66,27335,99.30640528006553
random,2,2,5468,52.66,27340,99.30652219431865
random,2,2,5469,52.66,27345,99.30663906916361
random,2,2,5470,52.66,27350,99.30676046770631
random,2,2,5471,52.66,27355,99.30687726225732
random,2,2,5472,52.66,27360,99.3069940174607
random,2,2,5473,52.66,27365,99.30711985010842
random,2,2,5474,52.72,27370,99.30646088515692
random,2,2,5475,52.76,27375,99.30606065787448
random,2,2,5476,52.76,27380,99.30618659056987
random,2,2,5477,52.76,27385,99.30631338962415
random,2,2,5478,52.76,27390,99.30644014234015
random,2,2,5479,52.769999999999996,27395,99.30643085929233
random,2,2,5480,52.78,27400,99.30642157951381
random,2,2,5481,52.78,27405,99.30654368919282
random,2,2,5482,52.78,27410,99.30666575588276
random,2,2,5483,52.78,27415,99.30678777960632
random,2,2,5484,52.78,27420,99.30690976038618
random,2,2,5485,52.78,27425,99.307031698245
random,2,2,5486,52.78,27430,99.30715814069494
random,2,2,5487,52.78,27435,99.30728453701066
random,2,2,5488,52.800000000000004,27440,99.307148443446
random,2,2,5489,52.800000000000004,27445,99.30727025119326
random,2,2,5490,52.800000000000004,27450,99.30739655875782
random,2,2,5491,52.800000000000004,27455,99.3075228202707
random,2,2,5492,52.800000000000004,27460,99.30765357502518
random,2,2,5493,52.83,27465,99.30739188404353
random,2,2,5494,52.87,27470,99.3069983078018
random,2,2,5495,52.87,27475,99.30712908734209
random,2,2,5496,52.92,27480,99.30660468212174
random,2,2,5497,52.959999999999994,27485,99.30621238599534
random,2,2,5498,52.980000000000004,27490,99.30608128462717
random,2,2,5499,53.0,27495,99.3059456882858
random,2,2,5500,53.0,27500,99.30607200092174
random,2,2,5501,53.0,27505,99.3061937264204
random,2,2,5502,53.0,27510,99.30631540922155
random,2,2,5503,53.03,27515,99.3060444665454
random,2,2,5504,53.080000000000005,27520,99.30551194289183
random,2,2,5505,53.080000000000005,27525,99.30563822286292
random,2,2,5506,53.15,27530,99.30484892398722
random,2,2,5507,53.190000000000005,27535,99.30445221198319
random,2,2,5508,53.22,27540,99.30418183838768
random,2,2,5509,53.22,27545,99.30430372201431
random,2,2,5510,53.22,27550,99.30442556294871
random,2,2,5511,53.22,27555,99.3045473612133
random,2,2,5512,53.22,27560,99.30466911683048
random,2,2,5513,53.22,27565,99.30479082982268
random,2,2,5514,53.22,27570,99.30491250021224
random,2,2,5515,53.22,27575,99.30503412802155
random,2,2,5516,53.22,27580,99.30515571327294
random,2,2,5517,53.22,27585,99.30528179034182
random,2,2,5518,53.22,27590,99.30540782166652
random,2,2,5519,53.22,27595,99.30553380727193
random,2,2,5520,53.22,27600,99.30565974718291
random,2,2,5521,53.23,27605,99.30565519904204
random,2,2,5522,53.23,27610,99.30578559821379
random,2,2,5523,53.23,27615,99.30591685345497
random,2,2,5524,53.23,27620,99.30604715437616
random,2,2,5525,53.23,27625,99.30617740638348
random,2,2,5526,53.23,27630,99.30630760950449
random,2,2,5527,53.23,27635,99.30643776376668
random,2,2,5528,53.23,27640,99.30656786919756
random,2,2,5529,53.23,27645,99.30669792582462
random,2,2,5530,53.23,27650,99.30682793367531
random,2,2,5531,53.23,27655,99.30695789277702
random,2,2,5532,53.23,27660,99.30708780315723
random,2,2,5533,53.23,27665,99.30721676319386
random,2,2,5534,53.23,27670,99.30734567523713
random,2,2,5535,53.23,27675,99.30747634126858
random,2,2,5536,53.23,27680,99.30760605737387
random,2,2,5537,53.23,27685,99.30773572489421
random,2,2,5538,53.23,27690,99.30786084401188
random,2,2,5539,53.23,27695,99.30798591790995
random,2,2,5540,53.23,27700,99.30811544320646
random,2,2,5541,53.23,27705,99.30824492002516
random,2,2,5542,53.23,27710,99.30836985516436
random,2,2,5543,53.23,27715,99.30849923678997
random,2,2,5544,53.23,27720,99.30862857001841
random,2,2,5545,53.23,27725,99.3087578548768
random,2,2,5546,53.23,27730,99.30888709139232
random,2,2,5547,53.23,27735,99.30901627959203
random,2,2,5548,53.23,27740,99.30914541950304
random,2,2,5549,53.23,27745,99.30927451115244
random,2,2,5550,53.23,27750,99.30939907470115
random,2,2,5551,53.23,27755,99.30952807158182
random,2,2,5552,53.23,27760,99.30965702028102
random,2,2,5553,53.23,27765,99.30978681580008
random,2,2,5554,53.23,27770,99.30991656252107
random,2,2,5555,53.23,27775,99.31004626047148
random,2,2,5556,53.23,27780,99.31017590967879
random,2,2,5557,53.23,27785,99.31030551017051
random,2,2,5558,53.23,27790,99.31043506197405
random,2,2,5559,53.23,27795,99.31056456511688
random,2,2,5560,53.23,27800,99.31069312700313
random,2,2,5561,53.23,27805,99.3108171794646
random,2,2,5562,53.23,27810,99.31094564716481
random,2,2,5563,53.23,27815,99.3110749586166
random,2,2,5564,53.23,27820,99.31120333024067
random,2,2,5565,53.23,27825,99.31133076306052
random,2,2,5566,53.23,27830,99.31144924218025
random,2,2,5567,53.23,27835,99.3115676805405
random,2,2,5568,53.23,27840,99.31168607816235
random,2,2,5569,53.23,27845,99.31180443506682
random,2,2,5570,53.23,27850,99.31191385673382
random,2,2,5571,53.23,27855,99.31202324361072
random,2,2,5572,53.23,27860,99.31213704018629
random,2,2,5573,53.23,27865,99.3122552420673
random,2,2,5574,53.23,27870,99.31237340333182
random,2,2,5575,53.23,27875,99.3124915240008
random,2,2,5576,53.23,27880,99.31260960409516
random,2,2,5577,53.23,27885,99.3127276436358
random,2,2,5578,53.23,27890,99.3128456426436
random,2,2,5579,53.23,27895,99.31296803487949
random,2,2,5580,53.23,27900,99.31309038352346
random,2,2,5581,53.23,27905,99.31321268859878
random,2,2,5582,53.23,27910,99.31333495012873
random,2,2,5583,53.23,27915,99.31345716813658
random,2,2,5584,53.23,27920,99.31357934264551
random,2,2,5585,53.23,27925,99.31370147367879
random,2,2,5586,53.23,27930,99.3138191385549
random,2,2,5587,53.23,27935,99.31393676309101
random,2,2,5588,53.23,27940,99.31405434730782
random,2,2,5589,53.23,27945,99.3141718912261
random,2,2,5590,53.23,27950,99.3142938115113
random,2,2,5591,53.23,27955,99.31442010347452
random,2,2,5592,53.23,27960,99.31454634892592
random,2,2,5593,53.23,27965,99.3146734302378
random,2,2,5594,53.239999999999995,27970,99.31466732917208
random,2,2,5595,53.25,27975,99.31466123028927
random,2,2,5596,53.25,27980,99.31478293095329
random,2,2,5597,53.26,27985,99.31477593198707
random,2,2,5598,53.26,27990,99.31489316269551
random,2,2,5599,53.26,27995,99.31501123427876
random,2,2,5600,53.26,28000,99.31513366852263
random,2,2,5601,53.26,28005,99.31525605900677
random,2,2,5602,53.26,28010,99.31537840575463
random,2,2,5603,53.26,28015,99.3155051073652
random,2,2,5604,53.26,28020,99.31563176208759
random,2,2,5605,53.26,28025,99.31575836994784
random,2,2,5606,53.26,28030,99.31588493097195
random,2,2,5607,53.26,28035,99.31600705311541
random,2,2,5608,53.26,28040,99.31613352216915
random,2,2,5609,53.26,28045,99.31626082223295
random,2,2,5610,53.26,28050,99.31638807491237
random,2,2,5611,53.26,28055,99.31651528023386
random,2,2,5612,53.26,28060,99.31664156143427
random,2,2,5613,53.26,28065,99.31676779597963
random,2,2,5614,53.269999999999996,28070,99.31676660146856
random,2,2,5615,53.290000000000006,28075,99.31663717268087
random,2,2,5616,53.32,28080,99.31637958113505
random,2,2,5617,53.33,28085,99.31637845944803
random,2,2,5618,53.37,28090,99.31599284849185
random,2,2,5619,53.43,28095,99.31535110199897
random,2,2,5620,53.5,28100,99.31458147832603
random,2,2,5621,53.54,28105,99.31419641599099
random,2,2,5622,53.55,28110,99.31419570075624
random,2,2,5623,53.55,28115,99.31432215206812
random,2,2,5624,53.6,28120,99.31380845270206
random,2,2,5625,53.64,28125,99.31342381871522
random,2,2,5626,53.65,28130,99.31342324737366
random,2,2,5627,53.65,28135,99.31355062580128
random,2,2,5628,53.65,28140,99.31367795697344
random,2,2,5629,53.65,28145,99.3138052409164
random,2,2,5630,53.65,28150,99.31393247765645
random,2,2,5631,53.690000000000005,28155,99.31354737085702
random,2,2,5632,53.7,28160,99.31354151220285
random,2,2,5633,53.72,28165,99.31340784621972
random,2,2,5634,53.73,28170,99.31339762749681
random,2,2,5635,53.73,28175,99.31351517792005
random,2,2,5636,53.73,28180,99.31363268809952
random,2,2,5637,53.73,28185,99.31375015805587
random,2,2,5638,53.73,28190,99.31386758780975
random,2,2,5639,53.73,28195,99.3139849773818
random,2,2,5640,53.73,28200,99.31410232679264
random,2,2,5641,53.73,28205,99.3142240124979
random,2,2,5642,53.74,28210,99.31422241959277
random,2,2,5643,53.76,28215,99.31409236532237
random,2,2,5644,53.779999999999994,28220,99.31396323363391
random,2,2,5645,53.779999999999994,28225,99.31408922961941
random,2,2,5646,53.779999999999994,28230,99.31421605382218
random,2,2,5647,53.779999999999994,28235,99.31434195696852
random,2,2,5648,53.779999999999994,28240,99.3144678138942
random,2,2,5649,53.779999999999994,28245,99.31459362462466
random,2,2,5650,53.779999999999994,28250,99.31471938918536
random,2,2,5651,53.779999999999994,28255,99.3148407431519
random,2,2,5652,53.779999999999994,28260,99.31496205414577
random,2,2,5653,53.779999999999994,28265,99.31508332218975
random,2,2,5654,53.779999999999994,28270,99.31520454730666
random,2,2,5655,53.779999999999994,28275,99.31533008779255
random,2,2,5656,53.779999999999994,28280,99.31545645358584
random,2,2,5657,53.779999999999994,28285,99.31558277274243
random,2,2,5658,53.779999999999994,28290,99.31570904528814
random,2,2,5659,53.779999999999994,28295,99.31583440088441
random,2,2,5660,53.779999999999994,28300,99.31595971056116
random,2,2,5661,53.779999999999994,28305,99.31608497434364
random,2,2,5662,53.779999999999994,28310,99.31620584518127
random,2,2,5663,53.779999999999994,28315,99.31632667330254
random,2,2,5664,53.779999999999994,28320,99.31645180273445
random,2,2,5665,53.779999999999994,28325,99.31657688637105
random,2,2,5666,53.779999999999994,28330,99.31670279239606
random,2,2,5667,53.779999999999994,28335,99.31682778419989
random,2,2,5668,53.779999999999994,28340,99.31695273028396
random,2,2,5669,53.779999999999994,28345,99.31707763067334
random,2,2,5670,53.779999999999994,28350,99.31719815092485
random,2,2,5671,53.779999999999994,28355,99.3173186286457
random,2,2,5672,53.779999999999994,28360,99.31744339526855
random,2,2,5673,53.779999999999994,28365,99.31756811629512
random,2,2,5674,53.779999999999994,28370,99.3176927917504
random,2,2,5675,53.779999999999994,28375,99.31781309499496
random,2,2,5676,53.779999999999994,28380,99.3179333558237
random,2,2,5677,53.779999999999994,28385,99.31804925058964
random,2,2,5678,53.779999999999994,28390,99.31816510597727
random,2,2,5679,53.779999999999994,28395,99.31828524273888
random,2,2,5680,53.779999999999994,28400,99.31840101796263
random,2,2,5681,53.779999999999994,28405,99.31852107161231
random,2,2,5682,53.779999999999994,28410,99.31864108297806
random,2,2,5683,53.779999999999994,28415,99.31876105208222
random,2,2,5684,53.779999999999994,28420,99.3188809789471
random,2,2,5685,53.779999999999994,28425,99.31900086359504
random,2,2,5686,53.779999999999994,28430,99.31912070604828
random,2,2,5687,53.779999999999994,28435,99.31924481490624
random,2,2,5688,53.779999999999994,28440,99.3193697399228
random,2,2,5689,53.779999999999994,28445,99.31949461909794
random,2,2,5690,53.779999999999994,28450,99.31961945245686
random,2,2,5691,53.779999999999994,28455,99.31974337957763
random,2,2,5692,53.779999999999994,28460,99.3198672615615
random,2,2,5693,53.779999999999994,28465,99.31999109843312
random,2,2,5694,53.779999999999994,28470,99.32011574972472
random,2,2,5695,53.779999999999994,28475,99.32024035532547
random,2,2,5696,53.779999999999994,28480,99.32036491526046
random,2,2,5697,53.779999999999994,28485,99.3204894295548
random,2,2,5698,53.779999999999994,28490,99.32061303998503
random,2,2,5699,53.779999999999994,28495,99.32073660545129
random,2,2,5700,53.779999999999994,28500,99.32086012597804
random,2,2,5701,53.779999999999994,28505,99.32098360158984
random,2,2,5702,53.779999999999994,28510,99.32110703231116
random,2,2,5703,53.779999999999994,28515,99.32123041816648
random,2,2,5704,53.779999999999994,28520,99.32134947725739
random,2,2,5705,53.779999999999994,28525,99.32146849458864
random,2,2,5706,53.779999999999994,28530,99.32158747018227
random,2,2,5707,53.779999999999994,28535,99.32170640406017
random,2,2,5708,53.779999999999994,28540,99.32182529624431
random,2,2,5709,53.779999999999994,28545,99.3219441467566
random,2,2,5710,53.779999999999994,28550,99.32206295561895
random,2,2,5711,53.779999999999994,28555,99.32218599428056
random,2,2,5712,53.779999999999994,28560,99.32230984225873
random,2,2,5713,53.779999999999994,28565,99.32243364498697
random,2,2,5714,53.779999999999994,28570,99.32255740249009
random,2,2,5715,53.779999999999994,28575,99.32268111479283
random,2,2,5716,53.779999999999994,28580,99.32280478191997
random,2,2,5717,53.779999999999994,28585,99.32292840389624
random,2,2,5718,53.779999999999994,28590,99.32305198074638
random,2,2,5719,53.779999999999994,28595,99.32317551249508
random,2,2,5720,53.779999999999994,28600,99.32329899916702
random,2,2,5721,53.779999999999994,28605,99.32342244078689
random,2,2,5722,53.779999999999994,28610,99.32354583737931
random,2,2,5723,53.779999999999994,28615,99.32366918896895
random,2,2,5724,53.779999999999994,28620,99.32379249558039
random,2,2,5725,53.779999999999994,28625,99.32391575723824
random,2,2,5726,53.790000000000006,28630,99.32391328392876
random,2,2,5727,53.790000000000006,28635,99.32403647865607
random,2,2,5728,53.790000000000006,28640,99.32415962849511
random,2,2,5729,53.790000000000006,28645,99.32428273347043
random,2,2,5730,53.790000000000006,28650,99.32440579360654
random,2,2,5731,53.790000000000006,28655,99.32452880892792
random,2,2,5732,53.790000000000006,28660,99.32465177945907
random,2,2,5733,53.790000000000006,28665,99.32477470522443
random,2,2,5734,53.790000000000006,28670,99.32489758624844
random,2,2,5735,53.790000000000006,28675,99.32502042255553
random,2,2,5736,53.790000000000006,28680,99.32514321417011
random,2,2,5737,53.790000000000006,28685,99.32526596111654
random,2,2,5738,53.790000000000006,28690,99.32538866341923
random,2,2,5739,53.790000000000006,28695,99.3255113211025
random,2,2,5740,53.790000000000006,28700,99.32563393419069
random,2,2,5741,53.800000000000004,28705,99.32563115533924
random,2,2,5742,53.800000000000004,28710,99.3257537020884
random,2,2,5743,53.800000000000004,28715,99.32587620430712
random,2,2,5744,53.800000000000004,28720,99.32599866201964
random,2,2,5745,53.81,28725,99.3259958189445
random,2,2,5746,53.849999999999994,28730,99.32561727622014
random,2,2,5747,53.89000000000001,28735,99.32523887094897
random,2,2,5748,53.949999999999996,28740,99.32460938135722
random,2,2,5749,53.949999999999996,28745,99.32473111281058
random,2,2,5750,53.959999999999994,28750,99.32472343194674
random,2,2,5751,53.959999999999994,28755,99.32484087590511
random,2,2,5752,53.959999999999994,28760,99.32495827901892
random,2,2,5753,53.98,28765,99.32482548402308
random,2,2,5754,53.98,28770,99.32494284899629
random,2,2,5755,53.98,28775,99.32505595358666
random,2,2,5756,53.98,28780,99.32516902028243
random,2,2,5757,53.98,28785,99.32528626586321
random,2,2,5758,53.98,28790,99.32539925541474
random,2,2,5759,53.98,28795,99.32551220712948
random,2,2,5760,53.98,28800,99.32562512102643
random,2,2,5761,53.98,28805,99.32573799712459
random,2,2,5762,53.98,28810,99.3258508354429
random,2,2,5763,53.98,28815,99.32596363600038
random,2,2,5764,53.98,28820,99.32607639881596
random,2,2,5765,54.010000000000005,28825,99.32581464583737
random,2,2,5766,54.010000000000005,28830,99.32592739585321
random,2,2,5767,54.010000000000005,28835,99.32604431311674
random,2,2,5768,54.010000000000005,28840,99.32616118982891
random,2,2,5769,54.02,28845,99.32615328578235
random,2,2,5770,54.02,28850,99.32627010307993
random,2,2,5771,54.05,28855,99.32601699110542
random,2,2,5772,54.05,28860,99.326133790806
random,2,2,5773,54.05,28865,99.32625055003135
random,2,2,5774,54.059999999999995,28870,99.32623843880747
random,2,2,5775,54.059999999999995,28875,99.32635094299653
random,2,2,5776,54.08,28880,99.32621422849162
random,2,2,5777,54.11,28885,99.32595298986126
random,2,2,5778,54.120000000000005,28890,99.32594093638411
random,2,2,5779,54.13,28895,99.32593308394642
random,2,2,5780,54.13,28900,99.326049740094
random,2,2,5781,54.13,28905,99.32616635587081
random,2,2,5782,54.13,28910,99.32628293129778
random,2,2,5783,54.13,28915,99.32639946639588
random,2,2,5784,54.13,28920,99.32651177142459
random,2,2,5785,54.14,28925,99.32650382837915
random,2,2,5786,54.15,28930,99.32649588808016
random,2,2,5787,54.16,28935,99.32648376273724
random,2,2,5788,54.16,28940,99.32659597748025
random,2,2,5789,54.16,28945,99.32670815483723
random,2,2,5790,54.16,28950,99.32682029482686
random,2,2,5791,54.16,28955,99.3269323974678
random,2,2,5792,54.16,28960,99.3270444627787
random,2,2,5793,54.16,28965,99.32715649077821
random,2,2,5794,54.16,28970,99.32726848148498
random,2,2,5795,54.16,28975,99.3273804349176
random,2,2,5796,54.16,28980,99.32749235109469
random,2,2,5797,54.16,28985,99.32760840390176
random,2,2,5798,54.16,28990,99.32772441666191
random,2,2,5799,54.16,28995,99.32783621840855
random,2,2,5800,54.16,29000,99.3279521525757
random,2,2,5801,54.16,29005,99.32806804675734
random,2,2,5802,54.16,29010,99.32818806764759
random,2,2,5803,54.16,29015,99.3283080456691
random,2,2,5804,54.17999999999999,29020,99.32817998526906
random,2,2,5805,54.190000000000005,29025,99.32817178172712
random,2,2,5806,54.2,29030,99.32816774486241
random,2,2,5807,54.21,29035,99.32816370943856
random,2,2,5808,54.22,29040,99.32816050793147
random,2,2,5809,54.26,29045,99.3277848118516
random,2,2,5810,54.26,29050,99.32790554508891
random,2,2,5811,54.26,29055,99.32802540276988
random,2,2,5812,54.26,29060,99.32814604960774
random,2,2,5813,54.26,29065,99.32826665313131
random,2,2,5814,54.26,29070,99.32838721336394
random,2,2,5815,54.26,29075,99.32850773032891
random,2,2,5816,54.26,29080,99.32862820404951
random,2,2,5817,54.26,29085,99.32874863454903
random,2,2,5818,54.279999999999994,29090,99.32862164589122
random,2,2,5819,54.279999999999994,29095,99.32874203437662
random,2,2,5820,54.279999999999994,29100,99.32886237969475
random,2,2,5821,54.279999999999994,29105,99.32898268186882
random,2,2,5822,54.279999999999994,29110,99.329102940922
random,2,2,5823,54.279999999999994,29115,99.3292231568775
random,2,2,5824,54.279999999999994,29120,99.32934332975847
random,2,2,5825,54.279999999999994,29125,99.32946345958807
random,2,2,5826,54.279999999999994,29130,99.32958354638942
random,2,2,5827,54.300000000000004,29135,99.32945661287913
random,2,2,5828,54.339999999999996,29140,99.32908279172675
random,2,2,5829,54.379999999999995,29145,99.3287091043982
random,2,2,5830,54.42,29150,99.32833555082162
random,2,2,5831,54.43,29155,99.32833233173449
random,2,2,5832,54.43,29160,99.32845249199276
random,2,2,5833,54.43,29165,99.32857260926578
random,2,2,5834,54.43,29170,99.32869268357659
random,2,2,5835,54.43,29175,99.32881271494826
random,2,2,5836,54.43,29180,99.3289327034038
random,2,2,5837,54.43,29185,99.32905264896621
random,2,2,5838,54.449999999999996,29190,99.32892605985315
random,2,2,5839,54.47,29195,99.3287995159766
random,2,2,5840,54.47,29200,99.32891942104978
random,2,2,5841,54.47,29205,99.32903928329027
random,2,2,5842,54.47,29210,99.32915910272105
random,2,2,5843,54.47,29215,99.329278879365
random,2,2,5844,54.48,29220,99.32927549934996
random,2,2,5845,54.49,29225,99.32927212054146
random,2,2,5846,54.52,29230,99.32902260302802
random,2,2,5847,54.52,29235,99.3291423185442
random,2,2,5848,54.53,29240,99.32913896530174
random,2,2,5849,54.53,29245,99.32925861736007
random,2,2,5850,54.53,29250,99.3293782267447
random,2,2,5851,54.54,29255,99.32937483323518
random,2,2,5852,54.55,29260,99.3293714409355
random,2,2,5853,54.55,29265,99.32949096625822
random,2,2,5854,54.58,29270,99.32924176545338
random,2,2,5855,54.58,29275,99.32936127128922
random,2,2,5856,54.58,29280,99.32948073454907
random,2,2,5857,54.58,29285,99.32960015525566
random,2,2,5858,54.58,29290,99.32971953343174
random,2,2,5859,54.58,29295,99.32983886910002
random,2,2,5860,54.58,29300,99.3299581622832
random,2,2,5861,54.58,29305,99.33007741300396
random,2,2,5862,54.58,29310,99.33019662128497
random,2,2,5863,54.58,29315,99.33031578714888
random,2,2,5864,54.59,29320,99.33031223471336
random,2,2,5865,54.59,29325,99.33043133762868
random,2,2,5866,54.59,29330,99.330550398187
random,2,2,5867,54.59,29335,99.33066941641093
random,2,2,5868,54.59,29340,99.33078839232302
random,2,2,5869,54.59,29345,99.33090732594582
random,2,2,5870,54.59,29350,99.3310262173019
random,2,2,5871,54.59,29355,99.33114506641377
random,2,2,5872,54.59,29360,99.33126387330397
random,2,2,5873,54.59,29365,99.33138263799496
random,2,2,5874,54.59,29370,99.33150136050924
random,2,2,5875,54.59,29375,99.33162004086925
random,2,2,5876,54.59,29380,99.33173867909746
random,2,2,5877,54.59,29385,99.3318572752163
random,2,2,5878,54.59,29390,99.33197582924818
random,2,2,5879,54.59,29395,99.3320943412155
random,2,2,5880,54.59,29400,99.33221281114064
random,2,2,5881,54.59,29405,99.33233123904597
random,2,2,5882,54.59,29410,99.33244962495384
random,2,2,5883,54.59,29415,99.3325679688866
random,2,2,5884,54.59,29420,99.33268627086655
random,2,2,5885,54.59,29425,99.332804530916
random,2,2,5886,54.59,29430,99.33292274905725
random,2,2,5887,54.59,29435,99.33304092531256
random,2,2,5888,54.59,29440,99.33315905970419
random,2,2,5889,54.59,29445,99.33327715225438
random,2,2,5890,54.59,29450,99.33339520298537
random,2,2,5891,54.59,29455,99.33351321191935
random,2,2,5892,54.59,29460,99.33363117907852
random,2,2,5893,54.59,29465,99.33374910448508
random,2,2,5894,54.59,29470,99.33386698816116
random,2,2,5895,54.6,29475,99.33386282698368
random,2,2,5896,54.63,29480,99.33361470414592
random,2,2,5897,54.64,29485,99.33361058905457
random,2,2,5898,54.66,29490,99.33348453698758
random,2,2,5899,54.66,29495,99.3336023632367
random,2,2,5900,54.66,29500,99.33372014783465
random,2,2,5901,54.66,29505,99.33383789080352
random,2,2,5902,54.66,29510,99.3339555921654
random,2,2,5903,54.66,29515,99.33407325194229
random,2,2,5904,54.67999999999999,29520,99.33394725174065
random,2,2,5905,54.72,29525,99.33357772064582
random,2,2,5906,54.72,29530,99.3336953848177
random,2,2,5907,54.72,29535,99.33381300744712
random,2,2,5908,54.72,29540,99.33393058855607
random,2,2,5909,54.72,29545,99.33404812816653
random,2,2,5910,54.72,29550,99.33416562630045
random,2,2,5911,54.72,29555,99.33428308297981
random,2,2,5912,54.72,29560,99.33440049822653
random,2,2,5913,54.72,29565,99.33451787206252
random,2,2,5914,54.730000000000004,29570,99.33451361006608
random,2,2,5915,54.730000000000004,29575,99.33463092258108
random,2,2,5916,54.730000000000004,29580,99.3347481937435
random,2,2,5917,54.730000000000004,29585,99.33486542357515
random,2,2,5918,54.730000000000004,29590,99.3349826120979
random,2,2,5919,54.730000000000004,29595,99.33509975933357
random,2,2,5920,54.730000000000004,29600,99.33521686530398
random,2,2,5921,54.730000000000004,29605,99.33533393003093
random,2,2,5922,54.730000000000004,29610,99.33545095353621
random,2,2,5923,54.730000000000004,29615,99.33556793584157
random,2,2,5924,54.730000000000004,29620,99.33568487696878
random,2,2,5925,54.730000000000004,29625,99.33580177693959
random,2,2,5926,54.730000000000004,29630,99.3359186357757
random,2,2,5927,54.74,29635,99.33591413711905
random,2,2,5928,54.74,29640,99.33603093508775
random,2,2,5929,54.74,29645,99.33614769197932
random,2,2,5930,54.74,29650,99.33626440781545
random,2,2,5931,54.74,29655,99.33638108261776
random,2,2,5932,54.74,29660,99.33649771640792
random,2,2,5933,54.74,29665,99.33661430920753
random,2,2,5934,54.74,29670,99.33673086103822
random,2,2,5935,54.74,29675,99.33684737192154
random,2,2,5936,54.74,29680,99.33696384187908
random,2,2,5937,54.74,29685,99.3370802709324
random,2,2,5938,54.74,29690,99.33719665910307
random,2,2,5939,54.74,29695,99.3373130064126
random,2,2,5940,54.74,29700,99.33742931288249
random,2,2,5941,54.74,29705,99.33754557853425
random,2,2,5942,54.74,29710,99.33766180338938
random,2,2,5943,54.74,29715,99.33777798746932
random,2,2,5944,54.74,29720,99.33789413079555
random,2,2,5945,54.74,29725,99.33801023338948
random,2,2,5946,54.74,29730,99.33812629527257
random,2,2,5947,54.74,29735,99.33824231646621
random,2,2,5948,54.74,29740,99.33835829699179
random,2,2,5949,54.74,29745,99.3384742368707
random,2,2,5950,54.74,29750,99.33859013612428
random,2,2,5951,54.74,29755,99.33870599477392
random,2,2,5952,54.74,29760,99.33882181284092
random,2,2,5953,54.75,29765,99.33881682629662
random,2,2,5954,54.75,29770,99.33893258440533
random,2,2,5955,54.75,29775,99.33904830198792
random,2,2,5956,54.769999999999996,29780,99.3389225777795
random,2,2,5957,54.790000000000006,29785,99.33879689757084
random,2,2,5958,54.790000000000006,29790,99.33891257815648
random,2,2,5959,54.800000000000004,29795,99.33890758096874
random,2,2,5960,54.82,29800,99.33878196932488
random,2,2,5961,54.82,29805,99.3388975918362
random,2,2,5962,54.82,29810,99.33901317391839
random,2,2,5963,54.82,29815,99.33912871559268
random,2,2,5964,54.82,29820,99.33924421688025
random,2,2,5965,54.82,29825,99.33935967780226
random,2,2,5966,54.82,29830,99.33947509837989
random,2,2,5967,54.82,29835,99.33959047863426
random,2,2,5968,54.82,29840,99.33970581858652
random,2,2,5969,54.82,29845,99.33982111825776
random,2,2,5970,54.83,29850,99.33981597204664
random,2,2,5971,54.83,29855,99.33993121223685
random,2,2,5972,54.83,29860,99.34004641220197
random,2,2,5973,54.83,29865,99.34016157196307
random,2,2,5974,54.83,29870,99.34027669154115
random,2,2,5975,54.83,29875,99.34039177095727
random,2,2,5976,54.83,29880,99.34050681023243
random,2,2,5977,54.83,29885,99.34062180938763
random,2,2,5978,54.83,29890,99.34073676844386
random,2,2,5979,54.83,29895,99.34085168742209
random,2,2,5980,54.83,29900,99.34096656634325
random,2,2,5981,54.83,29905,99.34108140522832
random,2,2,5982,54.83,29910,99.34119620409821
random,2,2,5983,54.83,29915,99.34131096297382
random,2,2,5984,54.83,29920,99.34142568187605
random,2,2,5985,54.83,29925,99.3415403608258
random,2,2,5986,54.83,29930,99.34165499984391
random,2,2,5987,54.83,29935,99.34176959895125
random,2,2,5988,54.83,29940,99.34188415816865
random,2,2,5989,54.83,29945,99.34199867751695
random,2,2,5990,54.83,29950,99.34211315701694
random,2,2,5991,54.83,29955,99.34222759668943
random,2,2,5992,54.83,29960,99.34234199655518
random,2,2,5993,54.83,29965,99.34245635663498
random,2,2,5994,54.83,29970,99.34257067694958
random,2,2,5995,54.83,29975,99.34268495751968
random,2,2,5996,54.86,29980,99.34243961375819
random,2,2,5997,54.86,29985,99.34255387738618
random,2,2,5998,54.87,29990,99.34254828142336
random,2,2,5999,54.910000000000004,29995,99.3421832901857
random,2,2,6000,54.93,30000,99.34205798226323
random,2,2,6001,54.98,30005,99.34157344545825
random,2,2,6002,55.00000000000001,30010,99.34144828692739
random,2,2,6003,55.04,30015,99.34108374006807
random,2,2,6004,55.089999999999996,30020,99.34059962463613
random,2,2,6005,55.13,30025,99.34023535156133
random,2,2,6006,55.13,30030,99.34034981920344
random,2,2,6007,55.13,30035,99.3404642471327
random,2,2,6008,55.14,30040,99.34045902329565
random,2,2,6009,55.16,30045,99.3403342099378
random,2,2,6010,55.16,30050,99.34044858105572
random,2,2,6011,55.16,30055,99.34056291252176
random,2,2,6012,55.16,30060,99.3406772043566
random,2,2,6013,55.16,30065,99.34079145658079
random,2,2,6014,55.16,30070,99.34090566921495
random,2,2,6015,55.16,30075,99.34101984227962
random,2,2,6016,55.16,30080,99.34113397579539
random,2,2,6017,55.16,30085,99.34124806978281
random,2,2,6018,55.16,30090,99.34136212426237
random,2,2,6019,55.16,30095,99.34147613925464
random,2,2,6020,55.19,30100,99.34123202383454
random,2,2,6021,55.19,30105,99.34134602188034
random,2,2,6022,55.2,30110,99.34134065813433
random,2,2,6023,55.2,30115,99.3414545979473
random,2,2,6024,55.2,30120,99.34156849834676
random,2,2,6025,55.2,30125,99.34168235935317
random,2,2,6026,55.2,30130,99.34179618098698
random,2,2,6027,55.2,30135,99.34190996326856
random,2,2,6028,55.2,30140,99.34202370621836
random,2,2,6029,55.2,30145,99.34213740985673
random,2,2,6030,55.2,30150,99.34225107420409
random,2,2,6031,55.2,30155,99.34236469928078
random,2,2,6032,55.2,30160,99.34247828510713
random,2,2,6033,55.2,30165,99.34259183170352
random,2,2,6034,55.2,30170,99.34270533909022
random,2,2,6035,55.21,30175,99.34269975272368
random,2,2,6036,55.25,30180,99.34233706624005
random,2,2,6037,55.279999999999994,30185,99.34209351840721
random,2,2,6038,55.33,30190,99.34161206873983
random,2,2,6039,55.35,30195,99.34148770241669
random,2,2,6040,55.37,30200,99.341363378995
random,2,2,6041,55.42,30205,99.34088230431924
random,2,2,6042,55.44,30210,99.34075812815263
random,2,2,6043,55.48,30215,99.34039621405498
random,2,2,6044,55.48,30220,99.34050990423843
random,2,2,6045,55.55,30225,99.3397916094704
random,2,2,6046,55.58,30230,99.33954887789854
random,2,2,6047,55.58,30235,99.33966265529749
random,2,2,6048,55.63,30240,99.33918245358953
random,2,2,6049,55.63,30245,99.33929625490362
random,2,2,6050,55.63,30250,99.33941001702833
random,2,2,6051,55.63,30255,99.33952373998393
random,2,2,6052,55.63,30260,99.33963742379062
random,2,2,6053,55.63,30265,99.33975106846863
random,2,2,6054,55.65,30270,99.33962734334393
random,2,2,6055,55.67999999999999,30275,99.33938501585689
random,2,2,6056,55.720000000000006,30280,99.33902414720829
random,2,2,6057,55.74,30285,99.33890061092984
random,2,2,6058,55.75,30290,99.33889570086542
random,2,2,6059,55.75,30295,99.3390093558335
random,2,2,6060,55.75,30300,99.33912297172988
random,2,2,6061,55.769999999999996,30305,99.33899950339034
random,2,2,6062,55.779999999999994,30310,99.33899457970816
random,2,2,6063,55.82,30315,99.33863421211335
random,2,2,6064,55.82,30320,99.33874781438502
random,2,2,6065,55.84,30325,99.33862449529256
random,2,2,6066,55.879999999999995,30330,99.33826437688141
random,2,2,6067,55.879999999999995,30335,99.3383779841367
random,2,2,6068,55.910000000000004,30340,99.33813641184939
random,2,2,6069,55.98,30345,99.33742148302542
random,2,2,6070,56.03,30350,99.33694347866219
random,2,2,6071,56.120000000000005,30355,99.33599236130914
random,2,2,6072,56.16,30360,99.3356330650313
random,2,2,6073,56.21000000000001,30365,99.33515561332811
random,2,2,6074,56.269999999999996,30370,99.33456006698155
random,2,2,6075,56.31,30375,99.33420120106273
random,2,2,6076,56.31,30380,99.33431532954405
random,2,2,6077,56.330000000000005,30385,99.33419302374234
random,2,2,6078,56.330000000000005,30390,99.33430711451146
random,2,2,6079,56.34,30395,99.33430300910636
random,2,2,6080,56.34,30400,99.33441704194803
random,2,2,6081,56.379999999999995,30405,99.3340585693008
random,2,2,6082,56.38999999999999,30410,99.33405450856553
random,2,2,6083,56.44,30415,99.33357814457482
random,2,2,6084,56.46,30420,99.33345611152036
random,2,2,6085,56.46,30425,99.33357019172546
random,2,2,6086,56.46,30430,99.33368423288715
random,2,2,6087,56.47,30435,99.33368023967216
random,2,2,6088,56.48,30440,99.33367624782335
random,2,2,6089,56.489999999999995,30445,99.33367225734004
random,2,2,6090,56.489999999999995,30450,99.33378620304131
random,2,2,6091,56.489999999999995,30455,99.33390010977854
random,2,2,6092,56.49999999999999,30460,99.33389608307318
random,2,2,6093,56.52,30465,99.33377418339599
random,2,2,6094,56.55,30470,99.33353447117639
random,2,2,6095,56.589999999999996,30475,99.33317700680256
random,2,2,6096,56.589999999999996,30480,99.33329092031536
random,2,2,6097,56.589999999999996,30485,99.33340479491508
random,2,2,6098,56.61000000000001,30490,99.33328308322125
random,2,2,6099,56.61000000000001,30495,99.33339692027258
random,2,2,6100,56.65,30500,99.33303978450063
random,2,2,6101,56.720000000000006,30505,99.33232963046234
random,2,2,6102,56.720000000000006,30510,99.33244357194474
random,2,2,6103,56.730000000000004,30515,99.33243980132053
random,2,2,6104,56.76,30520,99.33220072568463
random,2,2,6105,56.76,30525,99.33231463084975
random,2,2,6106,56.8,30530,99.33195804508343
random,2,2,6107,56.8,30535,99.33207195278408
random,2,2,6108,56.82000000000001,30540,99.33195067580914
random,2,2,6109,56.85,30545,99.3317118872997
random,2,2,6110,56.89999999999999,30550,99.3312381144911
random,2,2,6111,56.92,30555,99.33111704159131
random,2,2,6112,56.93,30560,99.33111350274228
random,2,2,6113,56.93,30565,99.33122743788333
random,2,2,6114,56.95,30570,99.33110642866035
random,2,2,6115,56.989999999999995,30575,99.3307505950906
random,2,2,6116,56.989999999999995,30580,99.33086453382427
random,2,2,6117,56.989999999999995,30585,99.33097843376875
random,2,2,6118,56.989999999999995,30590,99.33109229494382
random,2,2,6119,56.989999999999995,30595,99.33120611736928
random,2,2,6120,56.99999999999999,30600,99.33120256818214
random,2,2,6121,56.99999999999999,30605,99.33131633312648
random,2,2,6122,56.99999999999999,30610,99.3314300593737
random,2,2,6123,56.99999999999999,30615,99.33154374694357
random,2,2,6124,56.99999999999999,30620,99.33165739585581
random,2,2,6125,56.99999999999999,30625,99.33177100613013
random,2,2,6126,57.03,30630,99.33153293809032
random,2,2,6127,57.03,30635,99.33164653090212
random,2,2,6128,57.05,30640,99.33152573830961
random,2,2,6129,57.05,30645,99.33163929375185
random,2,2,6130,57.05,30650,99.33175281062073
random,2,2,6131,57.05,30655,99.33186628893593
random,2,2,6132,57.05,30660,99.33197972871703
random,2,2,6133,57.05,30665,99.33209312998369
random,2,2,6134,57.05,30670,99.33220649275553
random,2,2,6135,57.05,30675,99.33231981705212
random,2,2,6136,57.05,30680,99.33243310289306
random,2,2,6137,57.05,30685,99.33254635029792
random,2,2,6138,57.05,30690,99.33265955928626
random,2,2,6139,57.05,30695,99.33277272987763
random,2,2,6140,57.05,30700,99.33288586209154
random,2,2,6141,57.05,30705,99.33299895594755
random,2,2,6142,57.06,30710,99.33299511611216
random,2,2,6143,57.06,30715,99.33310815312099
random,2,2,6144,57.089999999999996,30720,99.3328705846059
random,2,2,6145,57.13,30725,99.3325162606423
random,2,2,6146,57.13,30730,99.33262932132152
random,2,2,6147,57.13,30735,99.33274234370602
random,2,2,6148,57.15,30740,99.33262177463051
random,2,2,6149,57.16,30745,99.33261800320146
random,2,2,6150,57.199999999999996,30750,99.33226402187185
random,2,2,6151,57.21000000000001,30755,99.33226031226548
random,2,2,6152,57.21000000000001,30760,99.33237330146713
random,2,2,6153,57.21000000000001,30765,99.3324862524371
random,2,2,6154,57.230000000000004,30770,99.33236584904913
random,2,2,6155,57.26,30775,99.33212884804473
random,2,2,6156,57.3,30780,99.33177530857287
random,2,2,6157,57.3,30785,99.3318882842588
random,2,2,6158,57.3,30790,99.33200122174995
random,2,2,6159,57.36,30795,99.33141476412439
random,2,2,6160,57.4,30800,99.33106158428858
random,2,2,6161,57.42,30805,99.33094156400276
random,2,2,6162,57.45,30810,99.33070508384534
random,2,2,6163,57.550000000000004,30815,99.32965331836168
random,2,2,6164,57.65,30820,99.32860190809824
random,2,2,6165,57.699999999999996,30825,99.3281330599289
random,2,2,6166,57.76,30830,99.32754794829944
random,2,2,6167,57.79,30835,99.32731145747245
random,2,2,6168,57.85,30840,99.3267258977182
random,2,2,6169,57.86,30845,99.32671843309016
random,2,2,6170,57.86,30850,99.32683123195935
random,2,2,6171,57.91,30855,99.32636236842197
random,2,2,6172,57.95,30860,99.3260107512625
random,2,2,6173,57.989999999999995,30865,99.32565925267835
random,2,2,6174,58.03,30870,99.32530787260957
random,2,2,6175,58.03,30875,99.32542159697108
random,2,2,6176,58.07,30880,99.32507037538964
random,2,2,6177,58.08,30885,99.32506789412584
random,2,2,6178,58.08,30890,99.32518160143887
random,2,2,6179,58.08,30895,99.32529527044531
random,2,2,6180,58.099999999999994,30900,99.32517660395416
random,2,2,6181,58.15,30905,99.32470959028511
random,2,2,6182,58.230000000000004,30910,99.32389440538006
random,2,2,6183,58.29,30915,99.32331167481811
random,2,2,6184,58.36,30920,99.32261306999278
random,2,2,6185,58.36,30925,99.32272705645063
random,2,2,6186,58.379999999999995,30930,99.32260894184044
random,2,2,6187,58.379999999999995,30935,99.32272289064376
random,2,2,6188,58.4,30940,99.32260481646534
random,2,2,6189,58.4,30945,99.32271872763899
random,2,2,6190,58.4,30950,99.32283260050833
random,2,2,6191,58.4,30955,99.3229464350927
random,2,2,6192,58.4,30960,99.3230602314114
random,2,2,6193,58.4,30965,99.3231739894837
random,2,2,6194,58.42,30970,99.32305595854442
random,2,2,6195,58.46,30975,99.32270625540902
random,2,2,6196,58.51,30980,99.3222408332812
random,2,2,6197,58.57,30985,99.32165975046067
random,2,2,6198,58.57,30990,99.3217736481792
random,2,2,6199,58.620000000000005,30995,99.32130861701869
random,2,2,6200,58.68,31000,99.32072798327518
random,2,2,6201,58.730000000000004,31005,99.32026328368505
random,2,2,6202,58.730000000000004,31010,99.3203773392767
random,2,2,6203,58.730000000000004,31015,99.32049135659915
random,2,2,6204,58.74,31020,99.32048965464585
random,2,2,6205,58.74,31025,99.32060361488843
random,2,2,6206,58.74,31030,99.320717536913
random,2,2,6207,58.74,31035,99.32083142073881
random,2,2,6208,58.74,31040,99.32094526638505
random,2,2,6209,58.75,31045,99.3209434897841
random,2,2,6210,58.76,31050,99.32094171377855
random,2,2,6211,58.79,31055,99.3207088476546
random,2,2,6212,58.8,31060,99.3207071115496
random,2,2,6213,58.809999999999995,31065,99.32070537602613
random,2,2,6214,58.809999999999995,31070,99.32081912839416
random,2,2,6215,58.809999999999995,31075,99.32093284267141
random,2,2,6216,58.809999999999995,31080,99.32104651887701
random,2,2,6217,58.809999999999995,31085,99.32116015703005
random,2,2,6218,58.830000000000005,31090,99.32104293713849
random,2,2,6219,58.87,31095,99.32069497508138
random,2,2,6220,58.879999999999995,31100,99.32069324362054
random,2,2,6221,58.89,31105,99.32069151273892
random,2,2,6222,58.919999999999995,31110,99.32045911682752
random,2,2,6223,58.919999999999995,31115,99.32057273919195
random,2,2,6224,58.919999999999995,31120,99.32068632356638
random,2,2,6225,58.98,31125,99.32010822014293
random,2,2,6226,59.050000000000004,31130,99.31941505423933
random,2,2,6227,59.050000000000004,31135,99.31952877511722
random,2,2,6228,59.08,31140,99.31929680640977
random,2,2,6229,59.089999999999996,31145,99.31929531109782
random,2,2,6230,59.089999999999996,31150,99.31940899499664
random,2,2,6231,59.089999999999996,31155,99.31952264092929
random,2,2,6232,59.13,31160,99.31917568790544
random,2,2,6233,59.14,31165,99.31917421380969
random,2,2,6234,59.17,31170,99.31894253656785
random,2,2,6235,59.19,31175,99.31882601925793
random,2,2,6236,59.230000000000004,31180,99.31847941400505
random,2,2,6237,59.27,31185,99.31813292438949
random,2,2,6238,59.27,31190,99.31824665047114
random,2,2,6239,59.29,31195,99.31813032692712
random,2,2,6240,59.3,31200,99.31812902884556
random,2,2,6241,59.35,31205,99.31766786117903
random,2,2,6242,59.35,31210,99.31778158895392
random,2,2,6243,59.36,31215,99.31778034963757
random,2,2,6244,59.38,31220,99.31766420069728
random,2,2,6245,59.39,31225,99.31766298134977
random,2,2,6246,59.39,31230,99.31777663416563
random,2,2,6247,59.39,31235,99.31789024912683
random,2,2,6248,59.39,31240,99.31800382625232
random,2,2,6249,59.39,31245,99.31811736556097
random,2,2,6250,59.4,31250,99.31811607179756
random,2,2,6251,59.41,31255,99.31811477846477
random,2,2,6252,59.440000000000005,31260,99.31788318864363
random,2,2,6253,59.46,31265,99.31776641359235
random,2,2,6254,59.46,31270,99.31787911569783
random,2,2,6255,59.489999999999995,31275,99.31764767955478
random,2,2,6256,59.519999999999996,31280,99.317416319851
random,2,2,6257,59.57,31285,99.3169557116239
random,2,2,6258,59.57,31290,99.31706847314304
random,2,2,6259,59.599999999999994,31295,99.31683732360706
random,2,2,6260,59.650000000000006,31300,99.31637312160191
random,2,2,6261,59.660000000000004,31305,99.31637133663956
random,2,2,6262,59.67,31310,99.31636955226617
random,2,2,6263,59.67,31315,99.31648231811808
random,2,2,6264,59.67,31320,99.31659504677435
random,2,2,6265,59.67,31325,99.31670773825337
random,2,2,6266,59.67,31330,99.31682117476531
random,2,2,6267,59.69,31335,99.31670562593153
random,2,2,6268,59.69,31340,99.3168190251423
random,2,2,6269,59.709999999999994,31345,99.3167035150117
random,2,2,6270,59.709999999999994,31350,99.31681687694581
random,2,2,6271,59.709999999999994,31355,99.31693020127165
random,2,2,6272,59.709999999999994,31360,99.31704348800794
random,2,2,6273,59.709999999999994,31365,99.31715673717338
random,2,2,6274,59.709999999999994,31370,99.31726916814549
random,2,2,6275,59.709999999999994,31375,99.31737766015216
random,2,2,6276,59.709999999999994,31380,99.31748611768364
random,2,2,6277,59.709999999999994,31385,99.31759454075633
random,2,2,6278,59.72,31390,99.31758866091059
random,2,2,6279,59.75,31395,99.31735428227371
random,2,2,6280,59.75,31400,99.31745877622357
random,2,2,6281,59.75,31405,99.31756323818813
random,2,2,6282,59.75,31410,99.31767156420511
random,2,2,6283,59.75,31415,99.31777985583746
random,2,2,6284,59.75,31420,99.31788811310157
random,2,2,6285,59.75,31425,99.31799633601379
random,2,2,6286,59.75,31430,99.31810452459047
random,2,2,6287,59.75,31435,99.31821267884793
random,2,2,6288,59.75,31440,99.3183169101901
random,2,2,6289,59.75,31445,99.31842110966747
random,2,2,6290,59.75,31450,99.31852527729464
random,2,2,6291,59.75,31455,99.31863329813415
random,2,2,6292,59.75,31460,99.31874128473422
random,2,2,6293,59.75,31465,99.31884923711115
random,2,2,6294,59.75,31470,99.31895715528118
random,2,2,6295,59.75,31475,99.31906503926061
random,2,2,6296,59.75,31480,99.31917288906563
random,2,2,6297,59.75,31485,99.31928458233695
random,2,2,6298,59.75,31490,99.31939623896653
random,2,2,6299,59.75,31495,99.31950785897243
random,2,2,6300,59.75,31500,99.31961944237261
random,2,2,6301,59.75,31505,99.31973098918515
random,2,2,6302,59.75,31510,99.31984249942798
random,2,2,6303,59.75,31515,99.31995474711421
random,2,2,6304,59.75,31520,99.32006695775767
random,2,2,6305,59.75,31525,99.32017913137666
random,2,2,6306,59.760000000000005,31530,99.32017750920593
random,2,2,6307,59.760000000000005,31535,99.32028962759242
random,2,2,6308,59.760000000000005,31540,99.3204017090032
random,2,2,6309,59.760000000000005,31545,99.32051375345655
random,2,2,6310,59.77,31550,99.32051207719583
random,2,2,6311,59.78,31555,99.32051040148765
random,2,2,6312,59.79,31560,99.32050872633174
random,2,2,6313,59.8,31565,99.32050705172783
random,2,2,6314,59.8,31570,99.32061898654075
random,2,2,6315,59.8,31575,99.3207308844811
random,2,2,6316,59.8,31580,99.32084274556702
random,2,2,6317,59.8,31585,99.32095456981676
random,2,2,6318,59.8,31590,99.32106635724853
random,2,2,6319,59.81999999999999,31595,99.32095107714731
random,2,2,6320,59.81999999999999,31600,99.3210628283601
random,2,2,6321,59.81999999999999,31605,99.3211745427971
random,2,2,6322,59.81999999999999,31610,99.32128622047645
random,2,2,6323,59.81999999999999,31615,99.32139786141633
random,2,2,6324,59.81999999999999,31620,99.32150946563483
random,2,2,6325,59.81999999999999,31625,99.32162103315008
random,2,2,6326,59.81999999999999,31630,99.32173256398016
random,2,2,6327,59.81999999999999,31635,99.3218440581432
random,2,2,6328,59.81999999999999,31640,99.32195551565725
random,2,2,6329,59.81999999999999,31645,99.32206693654038
random,2,2,6330,59.81999999999999,31650,99.32217832081066
random,2,2,6331,59.81999999999999,31655,99.32228966848614
random,2,2,6332,59.81999999999999,31660,99.32240097958481
random,2,2,6333,59.81999999999999,31665,99.32251225412473
random,2,2,6334,59.81999999999999,31670,99.32262349212388
random,2,2,6335,59.81999999999999,31675,99.3227346936003
random,2,2,6336,59.81999999999999,31680,99.32284585857191
random,2,2,6337,59.81999999999999,31685,99.32295698705673
random,2,2,6338,59.81999999999999,31690,99.32306807907271
random,2,2,6339,59.81999999999999,31695,99.3231791346378
random,2,2,6340,59.81999999999999,31700,99.32329015376993
random,2,2,6341,59.81999999999999,31705,99.32340037121364
random,2,2,6342,59.81999999999999,31710,99.32351055276041
random,2,2,6343,59.81999999999999,31715,99.32362069842777
random,2,2,6344,59.81999999999999,31720,99.32372698557691
random,2,2,6345,59.81999999999999,31725,99.32383323932709
random,2,2,6346,59.81999999999999,31730,99.32393563939618
random,2,2,6347,59.81999999999999,31735,99.32403800845461
random,2,2,6348,59.81999999999999,31740,99.32414034651647
random,2,2,6349,59.81999999999999,31745,99.32424265359585
random,2,2,6350,59.81999999999999,31750,99.3243449297068
random,2,2,6351,59.81999999999999,31755,99.32444717486338
random,2,2,6352,59.81999999999999,31760,99.32454938907965
random,2,2,6353,59.81999999999999,31765,99.32465157236965
random,2,2,6354,59.830000000000005,31770,99.32464084506248
random,2,2,6355,59.830000000000005,31775,99.32474298361348
random,2,2,6356,59.830000000000005,31780,99.32484509127512
random,2,2,6357,59.830000000000005,31785,99.32494716806141
random,2,2,6358,59.84,31790,99.32494021027932
random,2,2,6359,59.86,31795,99.32482046157195
random,2,2,6360,59.870000000000005,31800,99.3248173330341
random,2,2,6361,59.870000000000005,31805,99.32492696199093
random,2,2,6362,59.870000000000005,31810,99.32503655535275
random,2,2,6363,59.870000000000005,31815,99.32514611313694
random,2,2,6364,59.88,31820,99.32514369435366
random,2,2,6365,59.91,31825,99.32491591028176
random,2,2,6366,59.919999999999995,31830,99.32491352989557
random,2,2,6367,59.919999999999995,31835,99.32502379651585
random,2,2,6368,59.919999999999995,31840,99.32513402712078
random,2,2,6369,59.940000000000005,31845,99.32501900284339
random,2,2,6370,59.940000000000005,31850,99.32512919823907
random,2,2,6371,59.940000000000005,31855,99.3252393576603
random,2,2,6372,59.940000000000005,31860,99.32534948112465
random,2,2,6373,59.940000000000005,31865,99.32545956864973
random,2,2,6374,59.940000000000005,31870,99.32556962025316
random,2,2,6375,59.940000000000005,31875,99.3256796359525
random,2,2,6376,59.940000000000005,31880,99.32578961576533
random,2,2,6377,59.940000000000005,31885,99.32589955970917
random,2,2,6378,59.940000000000005,31890,99.3260094678016
random,2,2,6379,59.940000000000005,31895,99.32611934006015
random,2,2,6380,59.940000000000005,31900,99.32622917650232
random,2,2,6381,59.940000000000005,31905,99.32633897714565
random,2,2,6382,59.940000000000005,31910,99.32644874200763
random,2,2,6383,59.940000000000005,31915,99.32655847110571
random,2,2,6384,59.940000000000005,31920,99.32666816445742
random,2,2,6385,59.940000000000005,31925,99.3267778220802
random,2,2,6386,59.940000000000005,31930,99.32688744399151
random,2,2,6387,59.940000000000005,31935,99.32699703020879
random,2,2,6388,59.940000000000005,31940,99.32710658074946
random,2,2,6389,59.940000000000005,31945,99.32721609563094
random,2,2,6390,59.940000000000005,31950,99.32732557487066
random,2,2,6391,59.940000000000005,31955,99.327435018486
random,2,2,6392,59.940000000000005,31960,99.32754442649434
random,2,2,6393,59.940000000000005,31965,99.32765379891308
random,2,2,6394,59.940000000000005,31970,99.32776313575955
random,2,2,6395,59.940000000000005,31975,99.32787243705111
random,2,2,6396,59.940000000000005,31980,99.32798170280512
random,2,2,6397,59.940000000000005,31985,99.3280909330389
random,2,2,6398,59.940000000000005,31990,99.32820012776975
random,2,2,6399,59.940000000000005,31995,99.32830928701499
random,2,2,6400,59.940000000000005,32000,99.32841841079193
random,2,2,6401,59.940000000000005,32005,99.32852749911781
random,2,2,6402,59.940000000000005,32010,99.32863655200994
random,2,2,6403,59.940000000000005,32015,99.32874556948559
random,2,2,6404,59.940000000000005,32020,99.32885455156197
random,2,2,6405,59.940000000000005,32025,99.32896349825636
random,2,2,6406,59.940000000000005,32030,99.32907240958596
random,2,2,6407,59.940000000000005,32035,99.32918053482015
random,2,2,6408,59.940000000000005,32040,99.32928937571545
random,2,2,6409,59.940000000000005,32045,99.329397431035
random,2,2,6410,59.940000000000005,32050,99.3295017014146
random,2,2,6411,59.940000000000005,32055,99.32960593937375
random,2,2,6412,59.95,32060,99.32960206654776
random,2,2,6413,59.97,32065,99.3294863867959
random,2,2,6414,59.97,32070,99.32959432463643
random,2,2,6415,59.97,32075,99.32970222773136
random,2,2,6416,59.97,32080,99.32981009609743
random,2,2,6417,59.97,32085,99.32991792975145
random,2,2,6418,59.97,32090,99.33002572871014
random,2,2,6419,59.97,32095,99.33013424123209
random,2,2,6420,59.97,32100,99.33024271860924
random,2,2,6421,59.97,32105,99.33035041310131
random,2,2,6422,59.97,32110,99.33045807296523
random,2,2,6423,59.99,32115,99.33034244182217
random,2,2,6424,59.99,32120,99.33045006836129
random,2,2,6425,59.99,32125,99.33055766031073
random,2,2,6426,59.99,32130,99.33066521768723
random,2,2,6427,60.019999999999996,32135,99.33043807109941
random,2,2,6428,60.019999999999996,32140,99.33054635983189
random,2,2,6429,60.019999999999996,32145,99.33065386708539
random,2,2,6430,60.019999999999996,32150,99.33076133981535
random,2,2,6431,60.019999999999996,32155,99.33086877803841
random,2,2,6432,60.029999999999994,32160,99.33086471495707
random,2,2,6433,60.029999999999994,32165,99.33096837396226
random,2,2,6434,60.050000000000004,32170,99.33084913628836
random,2,2,6435,60.07,32175,99.3307299355464
random,2,2,6436,60.07,32180,99.33083356726866
random,2,2,6437,60.07,32185,99.33094089291045
random,2,2,6438,60.07,32190,99.33104445931755
random,2,2,6439,60.07,32195,99.33114799366666
random,2,2,6440,60.07,32200,99.33125521848038
random,2,2,6441,60.07,32205,99.33136315317871
random,2,2,6442,60.07,32210,99.3314710530416
random,2,2,6443,60.07,32215,99.33157891808587
random,2,2,6444,60.07,32220,99.33168674832838
random,2,2,6445,60.07,32225,99.33179454378597
random,2,2,6446,60.07,32230,99.33190230447548
random,2,2,6447,60.07,32235,99.33201003041373
random,2,2,6448,60.07,32240,99.33211772161751
random,2,2,6449,60.07,32245,99.33222537810363
random,2,2,6450,60.07,32250,99.33233299988885
random,2,2,6451,60.07,32255,99.33244058698997
random,2,2,6452,60.07,32260,99.33254813942376
random,2,2,6453,60.07,32265,99.33265565720697
random,2,2,6454,60.07,32270,99.33276314035633
random,2,2,6455,60.089999999999996,32275,99.3326484715551
random,2,2,6456,60.089999999999996,32280,99.33275592124987
random,2,2,6457,60.089999999999996,32285,99.33286333634945
random,2,2,6458,60.089999999999996,32290,99.3329699764336
random,2,2,6459,60.089999999999996,32295,99.3330773226312
random,2,2,6460,60.089999999999996,32300,99.33318463428357
random,2,2,6461,60.089999999999996,32305,99.33329191140737
random,2,2,6462,60.089999999999996,32310,99.3333991540193
random,2,2,6463,60.089999999999996,32315,99.33350636213596
random,2,2,6464,60.089999999999996,32320,99.33361353577406
random,2,2,6465,60.089999999999996,32325,99.33372067495016
random,2,2,6466,60.089999999999996,32330,99.33382777968092
random,2,2,6467,60.089999999999996,32335,99.33393484998292
random,2,2,6468,60.089999999999996,32340,99.33404188587281
random,2,2,6469,60.089999999999996,32345,99.3341488873671
random,2,2,6470,60.089999999999996,32350,99.33425585448245
random,2,2,6471,60.089999999999996,32355,99.33436278723536
random,2,2,6472,60.089999999999996,32360,99.33446968564242
random,2,2,6473,60.089999999999996,32365,99.33457654972017
random,2,2,6474,60.089999999999996,32370,99.33468337948513
random,2,2,6475,60.089999999999996,32375,99.33479017495384
random,2,2,6476,60.089999999999996,32380,99.3348969361428
random,2,2,6477,60.089999999999996,32385,99.33500366306852
random,2,2,6478,60.089999999999996,32390,99.33511035574749
random,2,2,6479,60.089999999999996,32395,99.3352170141962
random,2,2,6480,60.089999999999996,32400,99.3353236384311
random,2,2,6481,60.089999999999996,32405,99.33543022846867
random,2,2,6482,60.089999999999996,32410,99.33553678432536
random,2,2,6483,60.089999999999996,32415,99.33564330601757
random,2,2,6484,60.089999999999996,32420,99.33574979356177
random,2,2,6485,60.089999999999996,32425,99.33585624697439
random,2,2,6486,60.089999999999996,32430,99.3359626662718
random,2,2,6487,60.089999999999996,32435,99.33606905147039
random,2,2,6488,60.089999999999996,32440,99.33617540258658
random,2,2,6489,60.089999999999996,32445,99.33628171963674
random,2,2,6490,60.089999999999996,32450,99.33638800263722
random,2,2,6491,60.089999999999996,32455,99.33649425160438
random,2,2,6492,60.089999999999996,32460,99.33660046655457
random,2,2,6493,60.089999999999996,32465,99.33670664750413
random,2,2,6494,60.089999999999996,32470,99.33681279446935
random,2,2,6495,60.089999999999996,32475,99.33691890746658
random,2,2,6496,60.089999999999996,32480,99.33702498651212
random,2,2,6497,60.089999999999996,32485,99.33713103162223
random,2,2,6498,60.089999999999996,32490,99.33723704281323
random,2,2,6499,60.089999999999996,32495,99.33734302010137
random,2,2,6500,60.089999999999996,32500,99.33744896350291
random,2,2,6501,60.089999999999996,32505,99.33755487303411
random,2,2,6502,60.089999999999996,32510,99.3376607487112
random,2,2,6503,60.089999999999996,32515,99.33776659055042
random,2,2,6504,60.089999999999996,32520,99.33787239856798
random,2,2,6505,60.089999999999996,32525,99.3379781727801
random,2,2,6506,60.089999999999996,32530,99.33808391320295
random,2,2,6507,60.089999999999996,32535,99.33818961985277
random,2,2,6508,60.089999999999996,32540,99.3382952927457
random,2,2,6509,60.089999999999996,32545,99.33840093189791
random,2,2,6510,60.089999999999996,32550,99.33850653732556
random,2,2,6511,60.089999999999996,32555,99.3386121090448
random,2,2,6512,60.089999999999996,32560,99.33871764707177
random,2,2,6513,60.089999999999996,32565,99.33882315142259
random,2,2,6514,60.089999999999996,32570,99.33892862211339
random,2,2,6515,60.089999999999996,32575,99.33903405916024
random,2,2,6516,60.089999999999996,32580,99.33913946257928
random,2,2,6517,60.089999999999996,32585,99.33924483238657
random,2,2,6518,60.089999999999996,32590,99.33935016859819
random,2,2,6519,60.089999999999996,32595,99.3394554712302
random,2,2,6520,60.089999999999996,32600,99.33956074029867
random,2,2,6521,60.089999999999996,32605,99.33966597581963
random,2,2,6522,60.089999999999996,32610,99.3397711778091
random,2,2,6523,60.089999999999996,32615,99.33987634628313
random,2,2,6524,60.089999999999996,32620,99.33998148125774
random,2,2,6525,60.089999999999996,32625,99.3400865827489
random,2,2,6526,60.089999999999996,32630,99.34019165077264
random,2,2,6527,60.089999999999996,32635,99.34029596108306
random,2,2,6528,60.089999999999996,32640,99.34040023841749
random,2,2,6529,60.089999999999996,32645,99.34050448279154
random,2,2,6530,60.089999999999996,32650,99.34060869422086
random,2,2,6531,60.099999999999994,32655,99.34060315610809
random,2,2,6532,60.099999999999994,32660,99.34070370280985
random,2,2,6533,60.14000000000001,32665,99.34036548621997
random,2,2,6534,60.14000000000001,32670,99.34046603849731
random,2,2,6535,60.150000000000006,32675,99.34045329444402
random,2,2,6536,60.150000000000006,32680,99.34055380324493
random,2,2,6537,60.150000000000006,32685,99.3406542814173
random,2,2,6538,60.150000000000006,32690,99.34075472897513
random,2,2,6539,60.150000000000006,32695,99.34085153434202
random,2,2,6540,60.150000000000006,32700,99.34094831128277
random,2,2,6541,60.150000000000006,32705,99.34104866927983
random,2,2,6542,60.150000000000006,32710,99.34115260504865
random,2,2,6543,60.150000000000006,32715,99.34125650803524
random,2,2,6544,60.160000000000004,32720,99.34125160006
random,2,2,6545,60.160000000000004,32725,99.34135617566172
random,2,2,6546,60.160000000000004,32730,99.34146071806616
random,2,2,6547,60.160000000000004,32735,99.34156522728914
random,2,2,6548,60.160000000000004,32740,99.34166970334648
random,2,2,6549,60.160000000000004,32745,99.34177414625394
random,2,2,6550,60.160000000000004,32750,99.3418785560273
random,2,2,6551,60.160000000000004,32755,99.34198293268231
random,2,2,6552,60.160000000000004,32760,99.34208727623476
random,2,2,6553,60.17,32765,99.34208224354657
random,2,2,6554,60.18,32770,99.34207721245396
random,2,2,6555,60.18,32775,99.3421814914488
random,2,2,6556,60.18,32780,99.34228573739298
random,2,2,6557,60.18,32785,99.34238995030226
random,2,2,6558,60.18,32790,99.34249413019228
random,2,2,6559,60.18,32795,99.34259827707876
random,2,2,6560,60.18,32800,99.3427023909774
random,2,2,6561,60.18,32805,99.34280647190383
random,2,2,6562,60.18,32810,99.34291051987374
random,2,2,6563,60.18,32815,99.34301453490276
random,2,2,6564,60.18,32820,99.34311851700654
random,2,2,6565,60.18,32825,99.34322246620073
random,2,2,6566,60.18,32830,99.34332638250093
random,2,2,6567,60.18,32835,99.34343026592273
random,2,2,6568,60.18,32840,99.34353411648179
random,2,2,6569,60.18,32845,99.34363793419365
random,2,2,6570,60.18,32850,99.3437417190739
random,2,2,6571,60.18,32855,99.34384547113814
random,2,2,6572,60.18,32860,99.3439491904019
random,2,2,6573,60.18,32865,99.34405287688075
random,2,2,6574,60.18,32870,99.34415653059023
random,2,2,6575,60.18,32875,99.34426015154585
random,2,2,6576,60.18,32880,99.34436373976318
random,2,2,6577,60.18,32885,99.34446729525767
random,2,2,6578,60.18,32890,99.34457081804489
random,2,2,6579,60.18,32895,99.34467430814028
random,2,2,6580,60.18,32900,99.34477776555936
random,2,2,6581,60.18,32905,99.34488047715519
random,2,2,6582,60.18,32910,99.34498315655425
random,2,2,6583,60.18,32915,99.34508580377168
random,2,2,6584,60.18,32920,99.34518913131471
random,2,2,6585,60.18,32925,99.34529242625837
random,2,2,6586,60.18,32930,99.3453949765754
random,2,2,6587,60.18,32935,99.34549820659113
random,2,2,6588,60.18,32940,99.34560069245842
random,2,2,6589,60.18,32945,99.34569958934985
random,2,2,6590,60.18,32950,99.34579845635395
random,2,2,6591,60.18,32955,99.3458972934843
random,2,2,6592,60.18,32960,99.34599610075442
random,2,2,6593,60.18,32965,99.34609132555046
random,2,2,6594,60.18,32970,99.34618652262056
random,2,2,6595,60.18,32975,99.346285242536
random,2,2,6596,60.18,32980,99.34638393264431
random,2,2,6597,60.18,32985,99.34648259295899
random,2,2,6598,60.18,32990,99.34658122349354
random,2,2,6599,60.18,32995,99.34668337049717
random,2,2,6600,60.18,33000,99.34678194044189
random,2,2,6601,60.18,33005,99.34687693655113
random,2,2,6602,60.18,33010,99.34697190503422
random,2,2,6603,60.18,33015,99.34707038793871
random,2,2,6604,60.18,33020,99.3471723820723
random,2,2,6605,60.18,33025,99.34727505230585
random,2,2,6606,60.18,33030,99.34737769025057
random,2,2,6607,60.18,33035,99.3474802959217
random,2,2,6608,60.199999999999996,33040,99.3473660474233
random,2,2,6609,60.199999999999996,33045,99.34746862267102
random,2,2,6610,60.199999999999996,33050,99.34757116568007
random,2,2,6611,60.199999999999996,33055,99.34767367646565
random,2,2,6612,60.199999999999996,33060,99.34777615504292
random,2,2,6613,60.199999999999996,33065,99.34787860142708
random,2,2,6614,60.199999999999996,33070,99.3479810156333
random,2,2,6615,60.23,33075,99.34775852229349
random,2,2,6616,60.23,33080,99.3478609231942
random,2,2,6617,60.23,33085,99.34796329194637
random,2,2,6618,60.23,33090,99.34806562856518
random,2,2,6619,60.23,33095,99.34816793306574
random,2,2,6620,60.23,33100,99.34827020546315
random,2,2,6621,60.23,33105,99.34837244577254
random,2,2,6622,60.23,33110,99.348474654009
random,2,2,6623,60.23,33115,99.34857683018762
random,2,2,6624,60.23,33120,99.34867897432348
random,2,2,6625,60.23,33125,99.34878108643166
random,2,2,6626,60.23,33130,99.34888316652722
random,2,2,6627,60.23,33135,99.34898521462519
random,2,2,6628,60.23,33140,99.34908723074062
random,2,2,6629,60.23,33145,99.34918921488858
random,2,2,6630,60.23,33150,99.34929116708405
random,2,2,6631,60.23,33155,99.34939308734207
random,2,2,6632,60.23,33160,99.34949497567762
random,2,2,6633,60.23,33165,99.3495968321057
random,2,2,6634,60.23,33170,99.34969865664132
random,2,2,6635,60.23,33175,99.34980044929944
random,2,2,6636,60.23,33180,99.34990221009502
random,2,2,6637,60.23,33185,99.35000393904303
random,2,2,6638,60.23,33190,99.35010563615843
random,2,2,6639,60.23,33195,99.35020730145612
random,2,2,6640,60.23,33200,99.35030893495107
random,2,2,6641,60.23,33205,99.35041053665817
random,2,2,6642,60.23,33210,99.35051210659236
random,2,2,6643,60.23,33215,99.35061364476853
random,2,2,6644,60.23,33220,99.35071515120156
random,2,2,6645,60.23,33225,99.35081662590632
random,2,2,6646,60.23,33230,99.35091806889773
random,2,2,6647,60.23,33235,99.35101948019063
random,2,2,6648,60.23,33240,99.35112085979988
random,2,2,6649,60.23,33245,99.3512222077403
random,2,2,6650,60.23,33250,99.35132352402677
random,2,2,6651,60.23,33255,99.35142480867408
random,2,2,6652,60.23,33260,99.35152606169709
random,2,2,6653,60.23,33265,99.35162728311056
random,2,2,6654,60.23,33270,99.35172847292931
random,2,2,6655,60.23,33275,99.35182963116814
random,2,2,6656,60.23,33280,99.35193075784183
random,2,2,6657,60.23,33285,99.35203185296513
random,2,2,6658,60.23,33290,99.35213291655283
random,2,2,6659,60.23,33295,99.35223394861966
random,2,2,6660,60.23,33300,99.35233494918039
random,2,2,6661,60.23,33305,99.35243591824974
random,2,2,6662,60.23,33310,99.35253685584243
random,2,2,6663,60.23,33315,99.3526377619732
random,2,2,6664,60.23,33320,99.35273863665672
random,2,2,6665,60.23,33325,99.35283947990773
random,2,2,6666,60.23,33330,99.3529402917409
random,2,2,6667,60.23,33335,99.3530410721709
random,2,2,6668,60.23,33340,99.3531418212124
random,2,2,6669,60.23,33345,99.35324253888008
random,2,2,6670,60.23,33350,99.35334322518858
random,2,2,6671,60.23,33355,99.35344388015255
random,2,2,6672,60.23,33360,99.35354450378664
random,2,2,6673,60.23,33365,99.35364509610545
random,2,2,6674,60.23,33370,99.35374565712361
random,2,2,6675,60.23,33375,99.3538461868557
random,2,2,6676,60.23,33380,99.35394668531636
random,2,2,6677,60.23,33385,99.35404715252017
random,2,2,6678,60.23,33390,99.35414758848168
random,2,2,6679,60.23,33395,99.35424799321547
random,2,2,6680,60.23,33400,99.35434836673613
random,2,2,6681,60.23,33405,99.35444870905819
random,2,2,6682,60.23,33410,99.35454902019619
random,2,2,6683,60.23,33415,99.35464930016468
random,2,2,6684,60.23,33420,99.35474954897818
random,2,2,6685,60.23,33425,99.35484976665121
random,2,2,6686,60.23,33430,99.35494995319826
random,2,2,6687,60.23,33435,99.35505010863385
random,2,2,6688,60.23,33440,99.35515023297245
random,2,2,6689,60.23,33445,99.35525032622856
random,2,2,6690,60.23,33450,99.35535038841664
random,2,2,6691,60.23,33455,99.35545041955116
random,2,2,6692,60.23,33460,99.35555041964656
random,2,2,6693,60.23,33465,99.3556503887173
random,2,2,6694,60.23,33470,99.35575032677781
random,2,2,6695,60.23,33475,99.35585023384252
random,2,2,6696,60.23,33480,99.35595010992583
random,2,2,6697,60.23,33485,99.35604995504217
random,2,2,6698,60.23,33490,99.35614976920594
random,2,2,6699,60.23,33495,99.3562495524315
random,2,2,6700,60.23,33500,99.35634930473329
random,2,2,6701,60.23,33505,99.35644902612563
random,2,2,6702,60.23,33510,99.35654871662291
random,2,2,6703,60.23,33515,99.35664837623946
random,2,2,6704,60.23,33520,99.35674800498965
random,2,2,6705,60.23,33525,99.35684760288783
random,2,2,6706,60.23,33530,99.35694716994831
random,2,2,6707,60.23,33535,99.35704670618539
random,2,2,6708,60.23,33540,99.35714621161343
random,2,2,6709,60.23,33545,99.35724568624667
random,2,2,6710,60.23,33550,99.35734513009946
random,2,2,6711,60.23,33555,99.35744454318606
random,2,2,6712,60.23,33560,99.35754392552076
random,2,2,6713,60.23,33565,99.35764327711779
random,2,2,6714,60.23,33570,99.35774259799143
random,2,2,6715,60.23,33575,99.35784188815595
random,2,2,6716,60.23,33580,99.35794114762557
random,2,2,6717,60.23,33585,99.35804037641451
random,2,2,6718,60.23,33590,99.35813957453702
random,2,2,6719,60.23,33595,99.35823874200729
random,2,2,6720,60.23,33600,99.35833787883954
random,2,2,6721,60.23,33605,99.35843698504794
random,2,2,6722,60.23,33610,99.35853606064673
random,2,2,6723,60.23,33615,99.35863510565004
random,2,2,6724,60.23,33620,99.35873412007206
random,2,2,6725,60.23,33625,99.35883310392694
random,2,2,6726,60.23,33630,99.35893205722886
random,2,2,6727,60.23,33635,99.35903097999194
random,2,2,6728,60.23,33640,99.35912987223031
random,2,2,6729,60.23,33645,99.35922873395812
random,2,2,6730,60.23,33650,99.35932756518946
random,2,2,6731,60.23,33655,99.35942636593845
random,2,2,6732,60.23,33660,99.3595251362192
random,2,2,6733,60.23,33665,99.35962387604582
random,2,2,6734,60.23,33670,99.35972258543234
random,2,2,6735,60.23,33675,99.35982126439285
random,2,2,6736,60.23,33680,99.35991991294145
random,2,2,6737,60.23,33685,99.36001853109218
random,2,2,6738,60.23,33690,99.36011711885907
random,2,2,6739,60.23,33695,99.36021567625617
random,2,2,6740,60.23,33700,99.36031420329752
random,2,2,6741,60.23,33705,99.36041269999714
random,2,2,6742,60.23,33710,99.36051116636902
random,2,2,6743,60.23,33715,99.3606096024272
random,2,2,6744,60.23,33720,99.36070800818565
random,2,2,6745,60.23,33725,99.36080638365837
random,2,2,6746,60.23,33730,99.36090472885934
random,2,2,6747,60.23,33735,99.36100304380253
random,2,2,6748,60.23,33740,99.3611013285019
random,2,2,6749,60.23,33745,99.36119958297141
random,2,2,6750,60.23,33750,99.36129780722499
random,2,2,6751,60.23,33755,99.36139600127657
random,2,2,6752,60.23,33760,99.3614941651401
random,2,2,6753,60.23,33765,99.36159229882949
random,2,2,6754,60.23,33770,99.36169040235866
random,2,2,6755,60.23,33775,99.36178847574149
random,2,2,6756,60.23,33780,99.36188651899191
random,2,2,6757,60.23,33785,99.36198453212376
random,2,2,6758,60.23,33790,99.36208251515095
random,2,2,6759,60.23,33795,99.36218046808732
random,2,2,6760,60.23,33800,99.36227839094674
random,2,2,6761,60.23,33805,99.36237628374307
random,2,2,6762,60.23,33810,99.36247414649017
random,2,2,6763,60.23,33815,99.36257197920183
random,2,2,6764,60.23,33820,99.36266978189191
random,2,2,6765,60.23,33825,99.3627675545742
random,2,2,6766,60.23,33830,99.36286529726253
random,2,2,6767,60.23,33835,99.3629630099707
random,2,2,6768,60.23,33840,99.36306069271248
random,2,2,6769,60.23,33845,99.36315834550167
random,2,2,6770,60.23,33850,99.36325596835204
random,2,2,6771,60.23,33855,99.36335356127735
random,2,2,6772,60.23,33860,99.36345112429137
random,2,2,6773,60.23,33865,99.36354865740785
random,2,2,6774,60.23,33870,99.36364616064051
random,2,2,6775,60.23,33875,99.36374363400311
random,2,2,6776,60.23,33880,99.36384107750936
random,2,2,6777,60.23,33885,99.36393849117296
random,2,2,6778,60.23,33890,99.36403587500764
random,2,2,6779,60.23,33895,99.3641332290271
random,2,2,6780,60.23,33900,99.36423055324504
random,2,2,6781,60.23,33905,99.3643278476751
random,2,2,6782,60.23,33910,99.36442511233098
random,2,2,6783,60.23,33915,99.36452234722634
random,2,2,6784,60.23,33920,99.36461955237485
random,2,2,6785,60.23,33925,99.36471672779014
random,2,2,6786,60.23,33930,99.36481387348586
random,2,2,6787,60.23,33935,99.36491098947565
random,2,2,6788,60.23,33940,99.3650080757731
random,2,2,6789,60.23,33945,99.36510513239186
random,2,2,6790,60.23,33950,99.36520215934553
random,2,2,6791,60.23,33955,99.36529915664771
random,2,2,6792,60.23,33960,99.36539612431197
random,2,2,6793,60.23,33965,99.36549306235192
random,2,2,6794,60.23,33970,99.36558997078112
random,2,2,6795,60.23,33975,99.36568684961313
random,2,2,6796,60.23,33980,99.3657836988615
random,2,2,6797,60.23,33985,99.36588051853981
random,2,2,6798,60.23,33990,99.36597730866157
random,2,2,6799,60.24,33995,99.36596881838017
random,2,2,6800,60.24,34000,99.36606556548972
random,2,2,6801,60.260000000000005,34005,99.36595184558938
random,2,2,6802,60.29,34010,99.36573295768957
random,2,2,6803,60.33,34015,99.36540894991117
random,2,2,6804,60.39,34020,99.36487469973791
random,2,2,6805,60.39,34025,99.3649715399151
random,2,2,6806,60.39,34030,99.36506835056555
random,2,2,6807,60.45,34035,99.36453439661254
random,2,2,6808,60.46,34040,99.3645261378829
random,2,2,6809,60.46,34045,99.36462297214787
random,2,2,6810,60.46,34050,99.3647197769059
random,2,2,6811,60.46,34055,99.36481655217045
random,2,2,6812,60.46,34060,99.36491329795504
random,2,2,6813,60.46,34065,99.3650100142731
random,2,2,6814,60.46,34070,99.3651067011381
random,2,2,6815,60.46,34075,99.3652033585635
random,2,2,6816,60.46,34080,99.36529998656275
random,2,2,6817,60.46,34085,99.36539658514927
random,2,2,6818,60.46,34090,99.36549315433649
random,2,2,6819,60.46,34095,99.36558969413784
random,2,2,6820,60.46,34100,99.36568620456673
random,2,2,6821,60.46,34105,99.36578268563653
random,2,2,6822,60.46,34110,99.3658791373607
random,2,2,6823,60.47,34115,99.36587069299102
random,2,2,6824,60.47,34120,99.36596710200728
random,2,2,6825,60.480000000000004,34125,99.3659586468333
random,2,2,6826,60.480000000000004,34130,99.36605501317575
random,2,2,6827,60.480000000000004,34135,99.36615135022969
random,2,2,6828,60.519999999999996,34140,99.36582850963413
random,2,2,6829,60.519999999999996,34145,99.36592485182737
random,2,2,6830,60.529999999999994,34150,99.3659164094925
random,2,2,6831,60.529999999999994,34155,99.36601270907283
random,2,2,6832,60.529999999999994,34160,99.36610897940719
random,2,2,6833,60.57,34165,99.36578639032251
random,2,2,6834,60.6,34170,99.36556859082944
random,2,2,6835,60.650000000000006,34175,99.3651415059283
random,2,2,6836,60.650000000000006,34180,99.36523785003496
random,2,2,6837,60.709999999999994,34185,99.36470630092893
random,2,2,6838,60.75000000000001,34190,99.36438416934689
random,2,2,6839,60.79,34195,99.3640621354917
random,2,2,6840,60.8,34200,99.3640539884693
random,2,2,6841,60.809999999999995,34205,99.36404584391776
random,2,2,6842,60.84,34210,99.3638285725041
random,2,2,6843,60.84,34215,99.36392501340838
random,2,2,6844,60.88,34220,99.36360329320661
random,2,2,6845,60.89,34225,99.36359522189508
random,2,2,6846,60.89,34230,99.3636916543181
random,2,2,6847,60.89,34235,99.36378805752133
random,2,2,6848,60.89,34240,99.36388443151807
random,2,2,6849,60.89,34245,99.36398077632158
random,2,2,6850,60.89,34250,99.36407709194512
random,2,2,6851,60.89,34255,99.36417337840194
random,2,2,6852,60.91,34260,99.36406082297275
random,2,2,6853,60.91,34265,99.36415708274309
random,2,2,6854,60.91,34270,99.36425331337688
random,2,2,6855,60.91,34275,99.36434951488732
random,2,2,6856,60.91,34280,99.36444568728766
random,2,2,6857,60.91,34285,99.3645418305911
random,2,2,6858,60.91,34290,99.36463794481081
random,2,2,6859,60.91,34295,99.36473402996002
random,2,2,6860,60.91,34300,99.36483008605191
random,2,2,6861,60.91,34305,99.36492611309966
random,2,2,6862,60.95,34310,99.36460511693559
random,2,2,6863,60.95,34315,99.36470114895803
random,2,2,6864,60.95,34320,99.36479715195678
random,2,2,6865,60.95,34325,99.36489312594497
random,2,2,6866,60.95,34330,99.36498907093578
random,2,2,6867,60.99,34335,99.36466830768846
random,2,2,6868,60.99,34340,99.36476359602756
random,2,2,6869,60.99,34345,99.36485885578786
random,2,2,6870,61.019999999999996,34350,99.36464171811208
random,2,2,6871,61.019999999999996,34355,99.36473696758202
random,2,2,6872,61.040000000000006,34360,99.36462400501306
random,2,2,6873,61.09,34365,99.3641988478771
random,2,2,6874,61.11,34370,99.36408599979812
random,2,2,6875,61.129999999999995,34375,99.36397318553401
random,2,2,6876,61.129999999999995,34380,99.3640684638087
random,2,2,6877,61.129999999999995,34385,99.36416371354187
random,2,2,6878,61.129999999999995,34390,99.36425562893245
random,2,2,6879,61.129999999999995,34395,99.36435082261093
random,2,2,6880,61.129999999999995,34400,99.36444268391706
random,2,2,6881,61.14000000000001,34405,99.3644305655466
random,2,2,6882,61.14000000000001,34410,99.36452569128879
random,2,2,6883,61.14000000000001,34415,99.36462144885847
random,2,2,6884,61.160000000000004,34420,99.36450936507046
random,2,2,6885,61.160000000000004,34425,99.36460509624945
random,2,2,6886,61.160000000000004,34430,99.36470079859062
random,2,2,6887,61.160000000000004,34435,99.36479581238835
random,2,2,6888,61.160000000000004,34440,99.36489079777027
random,2,2,6889,61.160000000000004,34445,99.36498575474911
random,2,2,6890,61.160000000000004,34450,99.36508068333762
random,2,2,6891,61.160000000000004,34455,99.36517228887774
random,2,2,6892,61.160000000000004,34460,99.36526386798818
random,2,2,6893,61.160000000000004,34465,99.36535542068032
random,2,2,6894,61.160000000000004,34470,99.36544694696565
random,2,2,6895,61.199999999999996,34475,99.36512349489142
random,2,2,6896,61.199999999999996,34480,99.36521832029715
random,2,2,6897,61.24000000000001,34485,99.36489499611096
random,2,2,6898,61.28,34490,99.3645684706507
random,2,2,6899,61.309999999999995,34495,99.3643457146471
random,2,2,6900,61.309999999999995,34500,99.36443730776845
random,2,2,6901,61.35,34505,99.36411427908077
random,2,2,6902,61.35,34510,99.36420917362737
random,2,2,6903,61.38,34515,99.36399318608535
random,2,2,6904,61.38,34520,99.36408477626414
random,2,2,6905,61.38,34525,99.36417304686246
random,2,2,6906,61.38,34530,99.36426458524946
random,2,2,6907,61.38,34535,99.36435938859202
random,2,2,6908,61.419999999999995,34540,99.36403999237925
random,2,2,6909,61.46,34545,99.36372069139729
random,2,2,6910,61.46,34550,99.36381224076591
random,2,2,6911,61.5,34555,99.36348977340236
random,2,2,6912,61.519999999999996,34560,99.3633743642281
random,2,2,6913,61.550000000000004,34565,99.36315552042248
random,2,2,6914,61.58,34570,99.36293344423547
random,2,2,6915,61.58,34575,99.36302174704578
random,2,2,6916,61.59,34580,99.36300660057132
random,2,2,6917,61.59,34585,99.36309486877211
random,2,2,6918,61.61,34590,99.36297632021373
random,2,2,6919,61.61,34595,99.36306456815343
random,2,2,6920,61.61,34600,99.36315279164624
random,2,2,6921,61.61,34605,99.36324428123912
random,2,2,6922,61.61,34610,99.3633324549574
random,2,2,6923,61.61,34615,99.36342060425963
random,2,2,6924,61.61,34620,99.36350872915597
random,2,2,6925,61.61,34625,99.36359682965653
random,2,2,6926,61.61,34630,99.36368819172185
random,2,2,6927,61.61,34635,99.36377624255192
random,2,2,6928,61.61,34640,99.36386426901696
random,2,2,6929,61.61,34645,99.3639555543167
random,2,2,6930,61.61,34650,99.3640468134214
random,2,2,6931,61.61,34655,99.3641347650364
random,2,2,6932,61.61,34660,99.36422269232754
random,2,2,6933,61.61,34665,99.36430993940257
random,2,2,6934,61.61,34670,99.36440044113354
random,2,2,6935,61.61,34675,99.36448763943415
random,2,2,6936,61.61,34680,99.36457481381248
random,2,2,6937,61.61,34685,99.36466196427834
random,2,2,6938,61.61,34690,99.3647490908416
random,2,2,6939,61.61,34695,99.36483619351208
random,2,2,6940,61.61,34700,99.36492327229959
random,2,2,6941,61.61,34705,99.36501359948961
random,2,2,6942,61.61,34710,99.36510390098877
random,2,2,6943,61.61,34715,99.36519483088692
random,2,2,6944,61.61,34720,99.36528900418058
random,2,2,6945,61.61,34725,99.36537988106925
random,2,2,6946,61.61,34730,99.36547073193842
random,2,2,6947,61.61,34735,99.36556155679929
random,2,2,6948,61.61,34740,99.365652355663
random,2,2,6949,61.61,34745,99.36574312854074
random,2,2,6950,61.61,34750,99.3658306116168
random,2,2,6951,61.61,34755,99.3659180705631
random,2,2,6952,61.61,34760,99.36600876741649
random,2,2,6953,61.61,34765,99.36609943832768
random,2,2,6954,61.61,34770,99.36619008330779
random,2,2,6955,61.61,34775,99.36627744313881
random,2,2,6956,61.61,34780,99.36636738555839
random,2,2,6957,61.61,34785,99.36645730245108
random,2,2,6958,61.61,34790,99.36654654253269
random,2,2,6959,61.61,34795,99.36663575747731
random,2,2,6960,61.61,34800,99.36671843793974
random,2,2,6961,61.61,34805,99.36680435066356
random,2,2,6962,61.61,34810,99.36688698711784
random,2,2,6963,61.61,34815,99.36697610619923
random,2,2,6964,61.61,34820,99.36706585042371
random,2,2,6965,61.61,34825,99.3671490686994
random,2,2,6966,61.61,34830,99.36723226509486
random,2,2,6967,61.61,34835,99.36731868817982
random,2,2,6968,61.61,34840,99.3674083353013
random,2,2,6969,61.61,34845,99.36749471030107
random,2,2,6970,61.61,34850,99.36758106171654
random,2,2,6971,61.61,34855,99.36766414457614
random,2,2,6972,61.61,34860,99.3677472056089
random,2,2,6973,61.61,34865,99.36783348810006
random,2,2,6974,61.61,34870,99.36791650465317
random,2,2,6975,61.61,34875,99.36800274094576
random,2,2,6976,61.61,34880,99.3680889537108
random,2,2,6977,61.61,34885,99.36817514295794
random,2,2,6978,61.61,34890,99.36826130869679
random,2,2,6979,61.61,34895,99.36835133649926
random,2,2,6980,61.61,34900,99.36844133864604
random,2,2,6981,61.61,34905,99.36852807902777
random,2,2,6982,61.61,34910,99.36861479558635
random,2,2,6983,61.61,34915,99.36870472267478
random,2,2,6984,61.61,34920,99.36879785753949
random,2,2,6985,61.61,34925,99.36888773249281
random,2,2,6986,61.61,34930,99.36897758185572
random,2,2,6987,61.61,34935,99.36906740563917
random,2,2,6988,61.61,34940,99.36915720385407
random,2,2,6989,61.61,34945,99.36925020526755
random,2,2,6990,61.61,34950,99.36934382482069
random,2,2,6991,61.61,34955,99.36943741658683
random,2,2,6992,61.61,34960,99.36953098057836
random,2,2,6993,61.61,34965,99.36962451680763
random,2,2,6994,61.61,34970,99.36971802528699
random,2,2,6995,61.62,34975,99.36970921930683
random,2,2,6996,61.62,34980,99.36980268749188
random,2,2,6997,61.62,34985,99.36989612795955
random,2,2,6998,61.63999999999999,34990,99.36978505826217
random,2,2,6999,61.68,34995,99.369469569342
random,2,2,7000,61.68,35000,99.36956301763445
random,2,2,7001,61.68,35005,99.36965643823184
random,2,2,7002,61.69,35010,99.36964765050952
random,2,2,7003,61.71,35015,99.36953669989089
random,2,2,7004,61.71,35020,99.3696300828746
random,2,2,7005,61.71,35025,99.36972343819899
random,2,2,7006,61.71,35030,99.36981676587637
random,2,2,7007,61.739999999999995,35035,99.36960375092916
random,2,2,7008,61.77,35040,99.36939015525846
random,2,2,7009,61.78,35045,99.36937755380144
random,2,2,7010,61.8,35050,99.3692628948996
random,2,2,7011,61.809999999999995,35055,99.36924709676103
random,2,2,7012,61.809999999999995,35060,99.36933655348192
random,2,2,7013,61.839999999999996,35065,99.36911993046445
random,2,2,7014,61.839999999999996,35070,99.36920937984837
random,2,2,7015,61.839999999999996,35075,99.36929880387069
random,2,2,7016,61.839999999999996,35080,99.3693849872021
random,2,2,7017,61.839999999999996,35085,99.36947114698337
random,2,2,7018,61.839999999999996,35090,99.36955728322415
random,2,2,7019,61.839999999999996,35095,99.36964660863963
random,2,2,7020,61.839999999999996,35100,99.36973269695089
random,2,2,7021,61.839999999999996,35105,99.36982197266919
random,2,2,7022,61.839999999999996,35110,99.36991122309973
random,2,2,7023,61.839999999999996,35115,99.36999723915349
random,2,2,7024,61.839999999999996,35120,99.37008643994939
random,2,2,7025,61.839999999999996,35125,99.37017561548936
random,2,2,7026,61.839999999999996,35130,99.37026476578411
random,2,2,7027,61.839999999999996,35135,99.37035068534436
random,2,2,7028,61.839999999999996,35140,99.3704365814625
random,2,2,7029,61.839999999999996,35145,99.37052565789942
random,2,2,7030,61.839999999999996,35150,99.37061791194553
random,2,2,7031,61.839999999999996,35155,99.3707101389546
random,2,2,7032,61.839999999999996,35160,99.37080233893852
random,2,2,7033,61.839999999999996,35165,99.37089451190916
random,2,2,7034,61.839999999999996,35170,99.37098665787838
random,2,2,7035,61.839999999999996,35175,99.37107877685806
random,2,2,7036,61.839999999999996,35180,99.37116767167305
random,2,2,7037,61.839999999999996,35185,99.37125654136194
random,2,2,7038,61.839999999999996,35190,99.37134858131552
random,2,2,7039,61.839999999999996,35195,99.37144059432609
random,2,2,7040,61.839999999999996,35200,99.37153258040551
random,2,2,7041,61.839999999999996,35205,99.3716251780768
random,2,2,7042,61.839999999999996,35210,99.37171711014254
random,2,2,7043,61.839999999999996,35215,99.371809653449
random,2,2,7044,61.839999999999996,35220,99.37190216949703
random,2,2,7045,61.839999999999996,35225,99.37199465829868
random,2,2,7046,61.839999999999996,35230,99.37208711986597
random,2,2,7047,61.839999999999996,35235,99.37217955421093
random,2,2,7048,61.839999999999996,35240,99.37227196134559
random,2,2,7049,61.839999999999996,35245,99.37236434128197
random,2,2,7050,61.839999999999996,35250,99.37245669403205
random,2,2,7051,61.839999999999996,35255,99.37254901960785
random,2,2,7052,61.839999999999996,35260,99.37264068157356
random,2,2,7053,61.839999999999996,35265,99.3727291354333
random,2,2,7054,61.839999999999996,35270,99.37281438388953
random,2,2,7055,61.839999999999996,35275,99.37289960917774
random,2,2,7056,61.839999999999996,35280,99.37298481130736
random,2,2,7057,61.839999999999996,35285,99.37306999028786
random,2,2,7058,61.839999999999996,35290,99.37315451072297
random,2,2,7059,61.839999999999996,35295,99.37323900837168
random,2,2,7060,61.839999999999996,35300,99.3733234832432
random,2,2,7061,61.839999999999996,35305,99.37341174467947
random,2,2,7062,61.839999999999996,35310,99.37349998125768
random,2,2,7063,61.839999999999996,35315,99.37358819298832
random,2,2,7064,61.839999999999996,35320,99.37367637988189
random,2,2,7065,61.839999999999996,35325,99.37376137108184
random,2,2,7066,61.839999999999996,35330,99.37384633921855
random,2,2,7067,61.839999999999996,35335,99.37393445344802
random,2,2,7068,61.839999999999996,35340,99.37402571110437
random,2,2,7069,61.839999999999996,35345,99.37411694216047
random,2,2,7070,61.839999999999996,35350,99.37420814662798
random,2,2,7071,61.839999999999996,35355,99.37429932451847
random,2,2,7072,61.839999999999996,35360,99.37439047584363
random,2,2,7073,61.839999999999996,35365,99.374481600615
random,2,2,7074,61.839999999999996,35370,99.3745726988442
random,2,2,7075,61.839999999999996,35375,99.37466060877557
random,2,2,7076,61.839999999999996,35380,99.37474849399722
random,2,2,7077,61.839999999999996,35385,99.37483635451954
random,2,2,7078,61.839999999999996,35390,99.37492419035297
random,2,2,7079,61.839999999999996,35395,99.37501515972284
random,2,2,7080,61.839999999999996,35400,99.37510610261842
random,2,2,7081,61.839999999999996,35405,99.37519701905124
random,2,2,7082,61.839999999999996,35410,99.37528475357388
random,2,2,7083,61.839999999999996,35415,99.37537246346069
random,2,2,7084,61.839999999999996,35420,99.37546014872208
random,2,2,7085,61.839999999999996,35425,99.3755478093684
random,2,2,7086,61.839999999999996,35430,99.37563544541
random,2,2,7087,61.839999999999996,35435,99.37572305685725
random,2,2,7088,61.839999999999996,35440,99.37581064372051
random,2,2,7089,61.839999999999996,35445,99.3758982060101
random,2,2,7090,61.839999999999996,35450,99.37598889211793
random,2,2,7091,61.839999999999996,35455,99.37607955187498
random,2,2,7092,61.839999999999996,35460,99.37617018529279
random,2,2,7093,61.839999999999996,35465,99.3762607923828
random,2,2,7094,61.839999999999996,35470,99.37634822843162
random,2,2,7095,61.839999999999996,35475,99.37643249609513
random,2,2,7096,61.839999999999996,35480,99.37651674098929
random,2,2,7097,61.839999999999996,35485,99.37660096312328
random,2,2,7098,61.839999999999996,35490,99.37668516250636
random,2,2,7099,61.839999999999996,35495,99.37676933914773
random,2,2,7100,61.839999999999996,35500,99.37685349305661
random,2,2,7101,61.839999999999996,35505,99.3769376242422
random,2,2,7102,61.839999999999996,35510,99.37702487065006
random,2,2,7103,61.839999999999996,35515,99.37711209262739
random,2,2,7104,61.839999999999996,35520,99.37719929018445
random,2,2,7105,61.839999999999996,35525,99.37728646333149
random,2,2,7106,61.839999999999996,35530,99.37737674647131
random,2,2,7107,61.839999999999996,35535,99.37746386995197
random,2,2,7108,61.839999999999996,35540,99.37755410166079
random,2,2,7109,61.839999999999996,35545,99.37764430721667
random,2,2,7110,61.839999999999996,35550,99.37773448663096
random,2,2,7111,61.839999999999996,35555,99.377824639915
random,2,2,7112,61.839999999999996,35560,99.37791476708017
random,2,2,7113,61.839999999999996,35565,99.37800486813784
random,2,2,7114,61.839999999999996,35570,99.3780949430993
random,2,2,7115,61.839999999999996,35575,99.37818186571585
random,2,2,7116,61.839999999999996,35580,99.37826563861992
random,2,2,7117,61.839999999999996,35585,99.37835251353069
random,2,2,7118,61.839999999999996,35590,99.37843624046397
random,2,2,7119,61.839999999999996,35595,99.37851994484666
random,2,2,7120,61.839999999999996,35600,99.37860362668789
random,2,2,7121,61.839999999999996,35605,99.3786904071768
random,2,2,7122,61.839999999999996,35610,99.37878028370774
random,2,2,7123,61.839999999999996,35615,99.37887013423999
random,2,2,7124,61.839999999999996,35620,99.37895995878479
random,2,2,7125,61.839999999999996,35625,99.37905038086383
random,2,2,7126,61.839999999999996,35630,99.37914015328732
random,2,2,7127,61.839999999999996,35635,99.37922678399521
random,2,2,7128,61.839999999999996,35640,99.37931027560671
random,2,2,7129,61.839999999999996,35645,99.37939374476264
random,2,2,7130,61.839999999999996,35650,99.37947719147202
random,2,2,7131,61.839999999999996,35655,99.3795637281558
random,2,2,7132,61.839999999999996,35660,99.37965335221926
random,2,2,7133,61.839999999999996,35665,99.37974357251254
random,2,2,7134,61.839999999999996,35670,99.37983376656719
random,2,2,7135,61.839999999999996,35675,99.37992393439467
random,2,2,7136,61.839999999999996,35680,99.38001407600643
random,2,2,7137,61.839999999999996,35685,99.38010419141389
random,2,2,7138,61.839999999999996,35690,99.38019428062846
random,2,2,7139,61.839999999999996,35695,99.3802843436616
random,2,2,7140,61.839999999999996,35700,99.38037438052469
random,2,2,7141,61.839999999999996,35705,99.38046439122911
random,2,2,7142,61.839999999999996,35710,99.38055437578632
random,2,2,7143,61.839999999999996,35715,99.38064433420767
random,2,2,7144,61.839999999999996,35720,99.38073426650458
random,2,2,7145,61.839999999999996,35725,99.38082417268838
random,2,2,7146,61.839999999999996,35730,99.38091405277048
random,2,2,7147,61.839999999999996,35735,99.38100390676222
random,2,2,7148,61.839999999999996,35740,99.38109373467496
random,2,2,7149,61.839999999999996,35745,99.38118353652008
random,2,2,7150,61.839999999999996,35750,99.3812733123089
random,2,2,7151,61.839999999999996,35755,99.38136306205277
random,2,2,7152,61.85000000000001,35760,99.38135276195734
random,2,2,7153,61.85000000000001,35765,99.38144247415009
random,2,2,7154,61.85000000000001,35770,99.38153216032767
random,2,2,7155,61.85000000000001,35775,99.38162182050137
random,2,2,7156,61.85000000000001,35780,99.3817114546825
random,2,2,7157,61.85000000000001,35785,99.38180106288237
random,2,2,7158,61.85000000000001,35790,99.38189064511229
random,2,2,7159,61.85000000000001,35795,99.38198020138353
random,2,2,7160,61.85000000000001,35800,99.38206973170736
random,2,2,7161,61.85000000000001,35805,99.38215923609509
random,2,2,7162,61.85000000000001,35810,99.38224871455795
random,2,2,7163,61.85000000000001,35815,99.38233816710724
random,2,2,7164,61.85000000000001,35820,99.38242759375419
random,2,2,7165,61.85000000000001,35825,99.38251699451004
random,2,2,7166,61.85000000000001,35830,99.38260636938607
random,2,2,7167,61.85000000000001,35835,99.38269571839348
random,2,2,7168,61.85000000000001,35840,99.38278504154351
random,2,2,7169,61.85000000000001,35845,99.38287433884739
random,2,2,7170,61.85000000000001,35850,99.38296361031634
random,2,2,7171,61.85000000000001,35855,99.38305285596154
random,2,2,7172,61.85000000000001,35860,99.38314207579424
random,2,2,7173,61.85000000000001,35865,99.3832312698256
random,2,2,7174,61.85000000000001,35870,99.38332043806682
random,2,2,7175,61.85000000000001,35875,99.3834095805291
random,2,2,7176,61.85000000000001,35880,99.3834986972236
random,2,2,7177,61.85000000000001,35885,99.38358778816149
random,2,2,7178,61.85000000000001,35890,99.38367685335395
random,2,2,7179,61.85000000000001,35895,99.38376589281212
random,2,2,7180,61.870000000000005,35900,99.38365566803677
random,2,2,7181,61.88,35905,99.38364507996776
random,2,2,7182,61.88,35910,99.38373408544066
random,2,2,7183,61.9,35915,99.38362391300235
random,2,2,7184,61.94,35920,99.38331464891547
random,2,2,7185,61.980000000000004,35925,99.38300547410923
random,2,2,7186,61.980000000000004,35930,99.38309452050976
random,2,2,7187,61.980000000000004,35935,99.38318354121117
random,2,2,7188,61.980000000000004,35940,99.38327253622454
random,2,2,7189,61.980000000000004,35945,99.38336150556098
random,2,2,7190,61.99,35950,99.38335097366682
random,2,2,7191,61.99,35955,99.38343990602904
random,2,2,7192,62.03999999999999,35960,99.38303157836116
random,2,2,7193,62.050000000000004,35965,99.38302109859035
random,2,2,7194,62.1,35970,99.38261294902232
random,2,2,7195,62.12,35975,99.38250312873697
random,2,2,7196,62.160000000000004,35980,99.3821945610063
random,2,2,7197,62.160000000000004,35985,99.38228358311298
random,2,2,7198,62.18,35990,99.38217385774696
random,2,2,7199,62.18,35995,99.38226285718828
random,2,2,7200,62.22,36000,99.38195450183865
random,2,2,7201,62.260000000000005,36005,99.38164623530218
random,2,2,7202,62.260000000000005,36010,99.38173527227083
random,2,2,7203,62.260000000000005,36015,99.38182428360226
random,2,2,7204,62.260000000000005,36020,99.38191326930752
random,2,2,7205,62.260000000000005,36025,99.38200222939767
random,2,2,7206,62.260000000000005,36030,99.38209116388379
random,2,2,7207,62.260000000000005,36035,99.38218007277693
random,2,2,7208,62.260000000000005,36040,99.38226895608811
random,2,2,7209,62.260000000000005,36045,99.3823578138284
random,2,2,7210,62.260000000000005,36050,99.38244664600882
random,2,2,7211,62.260000000000005,36055,99.38253545264038
random,2,2,7212,62.260000000000005,36060,99.38262423373413
random,2,2,7213,62.260000000000005,36065,99.38271298930108
random,2,2,7214,62.260000000000005,36070,99.38280171935223
random,2,2,7215,62.260000000000005,36075,99.38289042389857
random,2,2,7216,62.260000000000005,36080,99.38297910295113
random,2,2,7217,62.260000000000005,36085,99.38306775652083
random,2,2,7218,62.260000000000005,36090,99.38315638461874
random,2,2,7219,62.260000000000005,36095,99.38324498725578
random,2,2,7220,62.260000000000005,36100,99.38333356444294
random,2,2,7221,62.260000000000005,36105,99.38342211619116
random,2,2,7222,62.260000000000005,36110,99.38351064251142
random,2,2,7223,62.27,36115,99.38350013910106
random,2,2,7224,62.28,36120,99.38348963870592
random,2,2,7225,62.3,36125,99.38338016542832
random,2,2,7226,62.35000000000001,36130,99.3829738384866
random,2,2,7227,62.36000000000001,36135,99.38296341812143
random,2,2,7228,62.370000000000005,36140,99.38295300074596
random,2,2,7229,62.38,36145,99.38294258635885
random,2,2,7230,62.38,36150,99.38303107988354
random,2,2,7231,62.39,36155,99.38302065728722
random,2,2,7232,62.41,36160,99.382911361115
random,2,2,7233,62.43,36165,99.38280209627813
random,2,2,7234,62.43,36170,99.38289055920416
random,2,2,7235,62.43,36175,99.38297899677504
random,2,2,7236,62.44,36180,99.38296858910887
random,2,2,7237,62.480000000000004,36185,99.38266176721962
random,2,2,7238,62.480000000000004,36190,99.38275019955898
random,2,2,7239,62.480000000000004,36195,99.38283860656652
random,2,2,7240,62.49,36200,99.38282822496697
random,2,2,7241,62.49,36205,99.382916595485
random,2,2,7242,62.49,36210,99.38300494069976
random,2,2,7243,62.519999999999996,36215,99.38279709800119
random,2,2,7244,62.519999999999996,36220,99.38288543503023
random,2,2,7245,62.529999999999994,36225,99.38287505415757
random,2,2,7246,62.529999999999994,36230,99.38296335475314
random,2,2,7247,62.529999999999994,36235,99.38305163008356
random,2,2,7248,62.529999999999994,36240,99.38313988015966
random,2,2,7249,62.55,36245,99.38303083267658
random,2,2,7250,62.55,36250,99.38311906048688
random,2,2,7251,62.580000000000005,36255,99.38291143921263
random,2,2,7252,62.580000000000005,36260,99.38299965886527
random,2,2,7253,62.59,36265,99.38298927353615
random,2,2,7254,62.59,36270,99.38307745684794
random,2,2,7255,62.59,36275,99.38316561495698
random,2,2,7256,62.59,36280,99.38325374787405
random,2,2,7257,62.59,36285,99.38334185560997
random,2,2,7258,62.59,36290,99.38342993817552
random,2,2,7259,62.59,36295,99.3835179955815
random,2,2,7260,62.59,36300,99.38360602783867
random,2,2,7261,62.59,36305,99.38369403495781
random,2,2,7262,62.62,36310,99.38348665763523
random,2,2,7263,62.660000000000004,36315,99.38318090046138
random,2,2,7264,62.7,36320,99.38287523056057
random,2,2,7265,62.739999999999995,36325,99.38256964789544
random,2,2,7266,62.78,36330,99.38226415242863
random,2,2,7267,62.839999999999996,36335,99.38176197836167
random,2,2,7268,62.839999999999996,36340,99.38185016063633
random,2,2,7269,62.839999999999996,36345,99.38193831775884
random,2,2,7270,62.86000000000001,36350,99.38182976815175
random,2,2,7271,62.86000000000001,36355,99.3819179030439
random,2,2,7272,62.88,36360,99.38180938729523
random,2,2,7273,62.89,36365,99.38179920122441
random,2,2,7274,62.93,36370,99.38149416385245
random,2,2,7275,62.949999999999996,36375,99.38138575487152
random,2,2,7276,62.99,36380,99.38108086332292
random,2,2,7277,62.99,36385,99.38116902956811
random,2,2,7278,63.0,36390,99.3811589419586
random,2,2,7279,63.0,36395,99.38124707197275
random,2,2,7280,63.0,36400,99.38133517688904
random,2,2,7281,63.0,36405,99.38142325671818
random,2,2,7282,63.019999999999996,36410,99.3813149658555
random,2,2,7283,63.019999999999996,36415,99.38140302348842
random,2,2,7284,63.019999999999996,36420,99.38149105605838
random,2,2,7285,63.019999999999996,36425,99.38157906357607
random,2,2,7286,63.019999999999996,36430,99.38166704605217
random,2,2,7287,63.019999999999996,36435,99.38175500349737
random,2,2,7288,63.04,36440,99.38164675786331
random,2,2,7289,63.04,36445,99.38173469317701
random,2,2,7290,63.04,36450,99.38182260348391
random,2,2,7291,63.04,36455,99.38191048879467
random,2,2,7292,63.07000000000001,36460,99.38170424934954
random,2,2,7293,63.07000000000001,36465,99.38179212649982
random,2,2,7294,63.07000000000001,36470,99.38187997867402
random,2,2,7295,63.07000000000001,36475,99.38196780588282
random,2,2,7296,63.07000000000001,36480,99.38205500268948
random,2,2,7297,63.07000000000001,36485,99.38214217489481
random,2,2,7298,63.11,36490,99.38183812798135
random,2,2,7299,63.129999999999995,36495,99.38173003941924
random,2,2,7300,63.129999999999995,36500,99.38181782573784
random,2,2,7301,63.160000000000004,36505,99.38161186255648
random,2,2,7302,63.160000000000004,36510,99.38169964072794
random,2,2,7303,63.160000000000004,36515,99.38178739398329
random,2,2,7304,63.160000000000004,36520,99.38187512233314
random,2,2,7305,63.160000000000004,36525,99.38196282578808
random,2,2,7306,63.18,36530,99.38185482687435
random,2,2,7307,63.2,36535,99.38174625379315
random,2,2,7308,63.239999999999995,36540,99.38144208893384
random,2,2,7309,63.24999999999999,36545,99.38142837722992
random,2,2,7310,63.29,36550,99.38111828962177
random,2,2,7311,63.370000000000005,36555,99.38041719422948
random,2,2,7312,63.370000000000005,36560,99.38049835813003
random,2,2,7313,63.38,36565,99.38048175412221
random,2,2,7314,63.4,36570,99.38037044855706
random,2,2,7315,63.4,36575,99.38045764050126
random,2,2,7316,63.4,36580,99.38054480791027
random,2,2,7317,63.41,36585,99.38053425867311
random,2,2,7318,63.41,36590,99.38062139078386
random,2,2,7319,63.41,36595,99.38070849838658
random,2,2,7320,63.41,36600,99.38079255818315
random,2,2,7321,63.41,36605,99.380876595163
random,2,2,7322,63.41,36610,99.38096060933547
random,2,2,7323,63.449999999999996,36615,99.3806571769095
random,2,2,7324,63.5,36620,99.38025623232876
random,2,2,7325,63.57000000000001,36625,99.3796602329714
random,2,2,7326,63.61,36630,99.37935711114689
random,2,2,7327,63.62,36635,99.37934674342397
random,2,2,7328,63.62,36640,99.37943392122264
random,2,2,7329,63.63999999999999,36645,99.37932662205048
random,2,2,7330,63.63999999999999,36650,99.3794137781063
random,2,2,7331,63.65,36655,99.37940340825993
random,2,2,7332,63.68000000000001,36660,99.37919806584323
random,2,2,7333,63.68000000000001,36665,99.37928520324316
random,2,2,7334,63.68000000000001,36670,99.37937231618486
random,2,2,7335,63.68000000000001,36675,99.37945940467861
random,2,2,7336,63.68000000000001,36680,99.37954646873472
random,2,2,7337,63.68000000000001,36685,99.37963350836345
random,2,2,7338,63.68000000000001,36690,99.37971750262267
random,2,2,7339,63.68000000000001,36695,99.37979845397624
random,2,2,7340,63.7,36700,99.37968462270315
random,2,2,7341,63.739999999999995,36705,99.37937608504515
random,2,2,7342,63.79,36710,99.37897329555965
random,2,2,7343,63.849999999999994,36715,99.37847327337734
random,2,2,7344,63.870000000000005,36720,99.3783627005941
random,2,2,7345,63.89,36725,99.37825518299091
random,2,2,7346,63.89,36730,99.37834229802206
random,2,2,7347,63.89,36735,99.37842938864459
random,2,2,7348,63.89,36740,99.37851645486876
random,2,2,7349,63.89,36745,99.37860349670483
random,2,2,7350,63.89,36750,99.3786874931319
random,2,2,7351,63.89,36755,99.37877146685388
random,2,2,7352,63.89,36760,99.37885843727821
random,2,2,7353,63.9,36765,99.37884878029813
random,2,2,7354,63.92,36770,99.37874193297567
random,2,2,7355,63.94,36775,99.37863511576492
random,2,2,7356,63.94,36780,99.37872266000758
random,2,2,7357,63.949999999999996,36785,99.37871242400279
random,2,2,7358,64.0,36790,99.37831363688466
random,2,2,7359,64.03999999999999,36795,99.37800906568299
random,2,2,7360,64.07000000000001,36800,99.37779866780741
random,2,2,7361,64.07000000000001,36805,99.37788264538243
random,2,2,7362,64.11,36810,99.3775782541706
random,2,2,7363,64.18,36815,99.37698272481235
random,2,2,7364,64.28,36820,99.37609314731306
random,2,2,7365,64.34,36825,99.3755944178102
random,2,2,7366,64.34,36830,99.37567560748879
random,2,2,7367,64.36,36835,99.37556273091373
random,2,2,7368,64.36,36840,99.37564390360313
random,2,2,7369,64.36,36845,99.3757250551915
random,2,2,7370,64.36,36850,99.37580558031362
random,2,2,7371,64.38000000000001,36855,99.37568911296071
random,2,2,7372,64.41,36860,99.37547874145537
random,2,2,7373,64.42,36865,99.37546534714897
random,2,2,7374,64.42,36870,99.37554586422726
random,2,2,7375,64.42,36875,99.37562696570407
random,2,2,7376,64.42,36880,99.37570804611737
random,2,2,7377,64.42999999999999,36885,99.37569220841009
random,2,2,7378,64.44,36890,99.37567637481507
random,2,2,7379,64.45,36895,99.37566054533072
random,2,2,7380,64.47,36900,99.37554786061942
random,2,2,7381,64.47,36905,99.37562889868762
random,2,2,7382,64.48,36910,99.37561610461142
random,2,2,7383,64.48,36915,99.3756971124055
random,2,2,7384,64.48,36920,99.37578112067038
random,2,2,7385,64.48,36925,99.37586812697522
random,2,2,7386,64.48,36930,99.37595208922491
random,2,2,7387,64.48,36935,99.37603300986657
random,2,2,7388,64.5,36940,99.37592039646955
random,2,2,7389,64.51,36945,99.3759045562547
random,2,2,7390,64.51,36950,99.37598545159075
random,2,2,7391,64.51,36955,99.37606632595819
random,2,2,7392,64.51,36960,99.37615019587781
random,2,2,7393,64.51,36965,99.37623404325268
random,2,2,7394,64.51,36970,99.37631786809186
random,2,2,7395,64.53,36975,99.37620833655556
random,2,2,7396,64.57000000000001,36980,99.37590552657548
random,2,2,7397,64.61,36985,99.37560279794889
random,2,2,7398,64.64999999999999,36990,99.37530015064301
random,2,2,7399,64.7,36995,99.37490096962811
random,2,2,7400,64.74,37000,99.37459849783853
random,2,2,7401,64.74,37005,99.3746824634845
random,2,2,7402,64.74,37010,99.37476338744196
random,2,2,7403,64.8,37015,99.37426792727216
random,2,2,7404,64.83,37020,99.37406225198556
random,2,2,7405,64.89,37025,99.37356701886829
random,2,2,7406,64.89,37030,99.3736510669843
random,2,2,7407,64.9,37035,99.37363858077505
random,2,2,7408,64.9,37040,99.37372259674491
random,2,2,7409,64.9,37045,99.37380659017909
random,2,2,7410,64.9,37050,99.37389056108668
random,2,2,7411,64.9,37055,99.37397450947671
random,2,2,7412,64.9,37060,99.37405541683184
random,2,2,7413,64.91,37065,99.37403986819253
random,2,2,7414,64.91,37070,99.3741207461954
random,2,2,7415,64.91,37075,99.37420160330109
random,2,2,7416,64.91,37080,99.37428243951767
random,2,2,7417,64.91,37085,99.37436325485324
random,2,2,7418,64.91,37090,99.3744440493159
random,2,2,7419,64.91,37095,99.37452482291373
random,2,2,7420,64.91,37100,99.37460557565481
random,2,2,7421,64.91,37105,99.3746857051476
random,2,2,7422,64.91,37110,99.3747664163549
random,2,2,7423,64.91,37115,99.37484710672962
random,2,2,7424,64.91,37120,99.3749277762798
random,2,2,7425,64.91,37125,99.37500842501353
random,2,2,7426,64.91,37130,99.37508905293885
random,2,2,7427,64.91,37135,99.3751696600638
random,2,2,7428,64.91,37140,99.37525024639645
random,2,2,7429,64.91,37145,99.37533381771989
random,2,2,7430,64.91,37150,99.37541736668803
random,2,2,7431,64.91,37155,99.37550089330985
random,2,2,7432,64.91,37160,99.3755843975943
random,2,2,7433,64.91,37165,99.37566787955035
random,2,2,7434,64.91,37170,99.37575133918696
random,2,2,7435,64.91,37175,99.37583477651309
random,2,2,7436,64.91,37180,99.37591819153764
random,2,2,7437,64.91,37185,99.37599858491744
random,2,2,7438,64.91,37190,99.3760789575876
random,2,2,7439,64.91,37195,99.37615930955607
random,2,2,7440,64.91,37200,99.37623964083089
random,2,2,7441,64.91,37205,99.37631995142002
random,2,2,7442,64.91,37210,99.37640024133148
random,2,2,7443,64.91,37215,99.37648051057322
random,2,2,7444,64.91,37220,99.3765637531035
random,2,2,7445,64.91,37225,99.37664398025927
random,2,2,7446,64.91,37230,99.37672418676956
random,2,2,7447,64.91,37235,99.37680437264237
random,2,2,7448,64.91,37240,99.37688453788563
random,2,2,7449,64.91,37245,99.3769646825073
random,2,2,7450,64.91,37250,99.37704480651536
random,2,2,7451,64.91,37255,99.37712789845199
random,2,2,7452,64.91,37260,99.37721096822538
random,2,2,7453,64.91,37265,99.37729401584441
random,2,2,7454,64.91,37270,99.37737704131794
random,2,2,7455,64.91,37275,99.37746004465484
random,2,2,7456,64.91,37280,99.37754601038733
random,2,2,7457,64.91,37285,99.377628968682
random,2,2,7458,64.91,37290,99.3777119048669
random,2,2,7459,64.91,37295,99.37779481895085
random,2,2,7460,64.91,37300,99.37788069225748
random,2,2,7461,64.91,37305,99.37796654186388
random,2,2,7462,64.91,37310,99.37805236777983
random,2,2,7463,64.91,37315,99.37813876578126
random,2,2,7464,64.91,37320,99.37822513978199
random,2,2,7465,64.91,37325,99.37831089435691
random,2,2,7466,64.91,37330,99.3783966252807
random,2,2,7467,64.91,37335,99.37847935701195
random,2,2,7468,64.91,37340,99.37856206672392
random,2,2,7469,64.91,37345,99.3786447544254
random,2,2,7470,64.91,37350,99.37872444692023
random,2,2,7471,64.91,37355,99.37880411897562
random,2,2,7472,64.91,37360,99.37888377059942
random,2,2,7473,64.91,37365,99.37896637271777
random,2,2,7474,64.91,37370,99.37904598274034
random,2,2,7475,64.91,37375,99.37912557235516
random,2,2,7476,64.91,37380,99.37920811017598
random,2,2,7477,64.91,37385,99.37928765823814
random,2,2,7478,64.91,37390,99.3793671859164
random,2,2,7479,64.91,37395,99.37944669321857
random,2,2,7480,64.91,37400,99.37952618015248
random,2,2,7481,64.91,37405,99.37960564672599
random,2,2,7482,64.91,37410,99.37968509294689
random,2,2,7483,64.91,37415,99.37976451882301
random,2,2,7484,64.91,37420,99.37984688686194
random,2,2,7485,64.91,37425,99.37993219471142
random,2,2,7486,64.91,37430,99.38001747909433
random,2,2,7487,64.91,37435,99.38010274002038
random,2,2,7488,64.91,37440,99.38018797749922
random,2,2,7489,64.91,37445,99.38027319154055
random,2,2,7490,64.91,37450,99.38035838215401
random,2,2,7491,64.91,37455,99.38044354934928
random,2,2,7492,64.91,37460,99.380528693136
random,2,2,7493,64.91,37465,99.38061381352382
random,2,2,7494,64.91,37470,99.3806989105224
random,2,2,7495,64.94,37475,99.38049779587335
random,2,2,7496,64.97,37480,99.38029673647112
random,2,2,7497,64.97,37485,99.38038184195493
random,2,2,7498,65.02,37490,99.37999073132869
random,2,2,7499,65.06,37495,99.37969507236096
random,2,2,7500,65.07,37500,99.3796848947981
random,2,2,7501,65.07,37505,99.37977062856011
random,2,2,7502,65.09,37510,99.37966573046289
random,2,2,7503,65.11,37515,99.37956086135362
random,2,2,7504,65.12,37520,99.37955129896919
random,2,2,7505,65.12,37525,99.3796370038144
random,2,2,7506,65.12,37530,99.37972268498541
random,2,2,7507,65.14999999999999,37535,99.37952262766214
random,2,2,7508,65.2,37540,99.37913158410959
random,2,2,7509,65.25,37545,99.37874064778546
random,2,2,7510,65.25,37550,99.37882581419038
random,2,2,7511,65.25,37555,99.37891095724814
random,2,2,7512,65.25,37560,99.37899607696832
random,2,2,7513,65.25,37565,99.37908176422616
random,2,2,7514,65.25,37570,99.3791674278407
random,2,2,7515,65.25,37575,99.37925247728207
random,2,2,7516,65.27,37580,99.37914726204609
random,2,2,7517,65.27,37585,99.37923288135046
random,2,2,7518,65.27,37590,99.37931847704324
random,2,2,7519,65.27,37595,99.37940404913424
random,2,2,7520,65.27,37600,99.37948959763318
random,2,2,7521,65.27,37605,99.37957512254984
random,2,2,7522,65.27,37610,99.37966062389395
random,2,2,7523,65.27,37615,99.37974610167527
random,2,2,7524,65.27,37620,99.37983155590352
random,2,2,7525,65.27,37625,99.37991698658846
random,2,2,7526,65.27,37630,99.3800023937398
random,2,2,7527,65.29,37635,99.37989782418123
random,2,2,7528,65.29,37640,99.37998262166025
random,2,2,7529,65.3,37645,99.37997244532981
random,2,2,7530,65.3,37650,99.3800577979805
random,2,2,7531,65.3,37655,99.38014312713521
random,2,2,7532,65.3,37660,99.38022843280366
random,2,2,7533,65.3,37665,99.38031371499555
random,2,2,7534,65.3,37670,99.38039897372056
random,2,2,7535,65.3,37675,99.38048420898838
random,2,2,7536,65.3,37680,99.3805694208087
random,2,2,7537,65.3,37685,99.38065460919117
random,2,2,7538,65.3,37690,99.38073977414545
random,2,2,7539,65.3,37695,99.38082491568126
random,2,2,7540,65.3,37700,99.38091003380819
random,2,2,7541,65.3,37705,99.38099512853593
random,2,2,7542,65.3,37710,99.38108019987413
random,2,2,7543,65.3,37715,99.38116524783241
random,2,2,7544,65.3,37720,99.38125027242044
random,2,2,7545,65.3,37725,99.38133468751244
random,2,2,7546,65.3,37730,99.38141907957433
random,2,2,7547,65.3,37735,99.38150344861553
random,2,2,7548,65.3,37740,99.38158838030137
random,2,2,7549,65.3,37745,99.38167328866483
random,2,2,7550,65.3,37750,99.3817575883812
random,2,2,7551,65.3,37755,99.38184186511467
random,2,2,7552,65.3,37760,99.38192611887463
random,2,2,7553,65.3,37765,99.38201034967047
random,2,2,7554,65.3,37770,99.38209163401278
random,2,2,7555,65.3,37775,99.3821728969752
random,2,2,7556,65.3,37780,99.38225413856617
random,2,2,7557,65.3,37785,99.38233535879411
random,2,2,7558,65.3,37790,99.38241655766744
random,2,2,7559,65.3,37795,99.3824977351946
random,2,2,7560,65.3,37800,99.38258181027392
random,2,2,7561,65.3,37805,99.38266586246212
random,2,2,7562,65.3,37810,99.38274989176855
random,2,2,7563,65.3,37815,99.38283448150062
random,2,2,7564,65.3,37820,99.38291904805105
random,2,2,7565,65.3,37825,99.38300359142931
random,2,2,7566,65.3,37830,99.383088111645
random,2,2,7567,65.3,37835,99.38317260870755
random,2,2,7568,65.3,37840,99.38325708262656
random,2,2,7569,65.3,37845,99.38334153341147
random,2,2,7570,65.3,37850,99.38342596107181
random,2,2,7571,65.3,37855,99.38351036561706
random,2,2,7572,65.3,37860,99.38359474705673
random,2,2,7573,65.3,37865,99.38367910540032
random,2,2,7574,65.3,37870,99.38376344065728
random,2,2,7575,65.3,37875,99.38384775283708
random,2,2,7576,65.3,37880,99.38393204194924
random,2,2,7577,65.3,37885,99.38401630800317
random,2,2,7578,65.3,37890,99.38410055100836
random,2,2,7579,65.3,37895,99.38418477097426
random,2,2,7580,65.3,37900,99.38426896791033
random,2,2,7581,65.3,37905,99.38435314182598
random,2,2,7582,65.3,37910,99.38443729273071
random,2,2,7583,65.3,37915,99.3845214206339
random,2,2,7584,65.3,37920,99.384605525545
random,2,2,7585,65.3,37925,99.38468960747343
random,2,2,7586,65.3,37930,99.38477366642861
random,2,2,7587,65.3,37935,99.38485770241996
random,2,2,7588,65.31,37940,99.38484752582679
random,2,2,7589,65.33,37945,99.38474317524508
random,2,2,7590,65.34,37950,99.38473301706814
random,2,2,7591,65.34,37955,99.38481701271886
random,2,2,7592,65.35,37960,99.38480684723629
random,2,2,7593,65.35,37965,99.38489080988279
random,2,2,7594,65.35,37970,99.38497474961366
random,2,2,7595,65.36,37975,99.38496456676982
random,2,2,7596,65.36,37980,99.38504847353525
random,2,2,7597,65.36,37985,99.38513235740969
random,2,2,7598,65.36,37990,99.3852162184025
random,2,2,7599,65.36,37995,99.38530005652305
random,2,2,7600,65.36,38000,99.3853838717807
random,2,2,7601,65.36999999999999,38005,99.38537364148958
random,2,2,7602,65.38000000000001,38010,99.38536341398753
random,2,2,7603,65.38000000000001,38015,99.38544718633884
random,2,2,7604,65.38000000000001,38020,99.38553093585763
random,2,2,7605,65.38000000000001,38025,99.38561466255322
random,2,2,7606,65.39,38030,99.38560440778804
random,2,2,7607,65.39,38035,99.38568810166444
random,2,2,7608,65.39,38040,99.38577177274213
random,2,2,7609,65.39,38045,99.38585542103043
random,2,2,7610,65.39,38050,99.38593904653867
random,2,2,7611,65.39,38055,99.38602207278348
random,2,2,7612,65.39,38060,99.3861056529164
random,2,2,7613,65.39,38065,99.38618921029708
random,2,2,7614,65.39,38070,99.3862727449348
random,2,2,7615,65.39,38075,99.38635625683887
random,2,2,7616,65.39,38080,99.38643974601852
random,2,2,7617,65.39,38085,99.38652321248307
random,2,2,7618,65.39,38090,99.38660665624177
random,2,2,7619,65.39,38095,99.38669007730387
random,2,2,7620,65.4,38100,99.38667969581564
random,2,2,7621,65.41,38105,99.38666931715038
random,2,2,7622,65.41,38110,99.38675269567239
random,2,2,7623,65.41,38115,99.3868360515279
random,2,2,7624,65.41,38120,99.38691938472613
random,2,2,7625,65.41,38125,99.38700269527632
random,2,2,7626,65.41,38130,99.38708598318773
random,2,2,7627,65.41,38135,99.38716924846956
random,2,2,7628,65.41,38140,99.38725249113104
random,2,2,7629,65.41,38145,99.38733571118138
random,2,2,7630,65.41,38150,99.3874189086298
random,2,2,7631,65.41,38155,99.3875020834855
random,2,2,7632,65.41,38160,99.38758523575768
random,2,2,7633,65.41,38165,99.38766836545555
random,2,2,7634,65.41,38170,99.38775147258828
random,2,2,7635,65.41,38175,99.38783455716508
random,2,2,7636,65.41,38180,99.38791761919511
random,2,2,7637,65.41,38185,99.38800065868757
random,2,2,7638,65.41,38190,99.3880836756516
random,2,2,7639,65.41,38195,99.3881666700964
random,2,2,7640,65.41,38200,99.38824964203111
random,2,2,7641,65.41,38205,99.3883325914649
random,2,2,7642,65.41,38210,99.3884155184069
random,2,2,7643,65.41,38215,99.38849842286629
random,2,2,7644,65.41,38220,99.38858130485218
random,2,2,7645,65.41,38225,99.38866416437374
random,2,2,7646,65.41,38230,99.38874700144005
random,2,2,7647,65.41,38235,99.3888298160603
random,2,2,7648,65.41,38240,99.38891260824356
random,2,2,7649,65.41,38245,99.38899537799898
random,2,2,7650,65.41,38250,99.38907812533564
random,2,2,7651,65.41,38255,99.3891608502627
random,2,2,7652,65.41,38260,99.38924355278921
random,2,2,7653,65.41,38265,99.38932623292429
random,2,2,7654,65.41,38270,99.38940889067702
random,2,2,7655,65.41,38275,99.38949152605652
random,2,2,7656,65.41,38280,99.38957413907183
random,2,2,7657,65.41,38285,99.38965672973204
random,2,2,7658,65.41,38290,99.38973929804625
random,2,2,7659,65.41,38295,99.3898218440235
random,2,2,7660,65.41,38300,99.38990436767286
random,2,2,7661,65.41,38305,99.3899868690034
random,2,2,7662,65.41,38310,99.39006934802414
random,2,2,7663,65.41,38315,99.39015180474415
random,2,2,7664,65.41,38320,99.39023423917249
random,2,2,7665,65.41,38325,99.39031665131817
random,2,2,7666,65.41,38330,99.39039904119024
random,2,2,7667,65.41,38335,99.39048140879771
random,2,2,7668,65.41,38340,99.39056375414964
random,2,2,7669,65.41,38345,99.39064607725501
random,2,2,7670,65.41,38350,99.39072837812284
random,2,2,7671,65.41,38355,99.39081065676217
random,2,2,7672,65.41,38360,99.39089291318199
random,2,2,7673,65.41,38365,99.39097514739129
random,2,2,7674,65.41,38370,99.39105735939904
random,2,2,7675,65.41,38375,99.39113954921427
random,2,2,7676,65.41,38380,99.3912211502486
random,2,2,7677,65.42,38385,99.39121023719723
random,2,2,7678,65.42,38390,99.39129237319678
random,2,2,7679,65.42999999999999,38395,99.3912808871688
random,2,2,7680,65.42999999999999,38400,99.3913595945746
random,2,2,7681,65.46,38405,99.39116208426071
random,2,2,7682,65.48,38410,99.39105762354379
random,2,2,7683,65.51,38415,99.3908602065552
random,2,2,7684,65.56,38420,99.39047406539666
random,2,2,7685,65.60000000000001,38425,99.39018381867638
random,2,2,7686,65.64999999999999,38430,99.38980070231011
random,2,2,7687,65.64999999999999,38435,99.38988236300001
random,2,2,7688,65.64999999999999,38440,99.38996400183615
random,2,2,7689,65.64999999999999,38445,99.3900461855356
random,2,2,7690,65.64999999999999,38450,99.39012834709455
random,2,2,7691,65.64999999999999,38455,99.39021048652194
random,2,2,7692,65.64999999999999,38460,99.39029260382671
random,2,2,7693,65.64999999999999,38465,99.39037469901783
random,2,2,7694,65.64999999999999,38470,99.39045677210419
random,2,2,7695,65.64999999999999,38475,99.39053882309472
random,2,2,7696,65.64999999999999,38480,99.39062085199838
random,2,2,7697,65.64999999999999,38485,99.39070285882404
random,2,2,7698,65.64999999999999,38490,99.39078484358065
random,2,2,7699,65.64999999999999,38495,99.39086680627709
random,2,2,7700,65.64999999999999,38500,99.39094874692228
random,2,2,7701,65.64999999999999,38505,99.39103066552511
random,2,2,7702,65.64999999999999,38510,99.39111256209446
random,2,2,7703,65.64999999999999,38515,99.39119443663924
random,2,2,7704,65.64999999999999,38520,99.39127628916833
random,2,2,7705,65.64999999999999,38525,99.39135811969061
random,2,2,7706,65.64999999999999,38530,99.39143992821494
random,2,2,7707,65.64999999999999,38535,99.3915217147502
random,2,2,7708,65.64999999999999,38540,99.39160291548703
random,2,2,7709,65.64999999999999,38545,99.39168409455444
random,2,2,7710,65.64999999999999,38550,99.39176581547852
random,2,2,7711,65.64999999999999,38555,99.39184695108281
random,2,2,7712,65.64999999999999,38560,99.39192524894942
random,2,2,7713,65.64999999999999,38565,99.39200634202676
random,2,2,7714,65.64999999999999,38570,99.3920874134778
random,2,2,7715,65.64999999999999,38575,99.392165649443
random,2,2,7716,65.64999999999999,38580,99.39224105210342
random,2,2,7717,65.64999999999999,38585,99.39231643605855
random,2,2,7718,65.64999999999999,38590,99.39239461309003
random,2,2,7719,65.66,38595,99.39237685590652
random,2,2,7720,65.66,38600,99.39245163254334
random,2,2,7721,65.66,38605,99.39252358065069
random,2,2,7722,65.68,38610,99.39241049664521
random,2,2,7723,65.71000000000001,38615,99.39220494283248
random,2,2,7724,65.71000000000001,38620,99.39227689459135
random,2,2,7725,65.73,38625,99.39216387994196
random,2,2,7726,65.75,38630,99.39205089204395
random,2,2,7727,65.75999999999999,38635,99.3920275732507
random,2,2,7728,65.75999999999999,38640,99.3920967024759
random,2,2,7729,65.75999999999999,38645,99.39216862514199
random,2,2,7730,65.75999999999999,38650,99.39224053079138
random,2,2,7731,65.75999999999999,38655,99.39231241943011
random,2,2,7732,65.75999999999999,38660,99.39238709820488
random,2,2,7733,65.75999999999999,38665,99.39245895217647
random,2,2,7734,65.75999999999999,38670,99.39253078915571
random,2,2,7735,65.75999999999999,38675,99.39260260914865
random,2,2,7736,65.75999999999999,38680,99.39267721662195
random,2,2,7737,65.75999999999999,38685,99.39275180576924
random,2,2,7738,65.75999999999999,38690,99.39282637659723
random,2,2,7739,65.75999999999999,38695,99.39289812671774
random,2,2,7740,65.75999999999999,38700,99.39296985988275
random,2,2,7741,65.75999999999999,38705,99.39304717821393
random,2,2,7742,65.75999999999999,38710,99.39312783721503
random,2,2,7743,65.75999999999999,38715,99.39320567522478
random,2,2,7744,65.75999999999999,38720,99.3932862921083
random,2,2,7745,65.75999999999999,38725,99.39336632795671
random,2,2,7746,65.75999999999999,38730,99.3934441048043
random,2,2,7747,65.75999999999999,38735,99.39352130237981
random,2,2,7748,65.75999999999999,38740,99.39359568434884
random,2,2,7749,65.75999999999999,38745,99.39367563859528
random,2,2,7750,65.75999999999999,38750,99.3937555717606
random,2,2,7751,65.75999999999999,38755,99.39383269007945
random,2,2,7752,65.75999999999999,38760,99.39391258184392
random,2,2,7753,65.75999999999999,38765,99.39399301101429
random,2,2,7754,65.75999999999999,38770,99.39407062726036
random,2,2,7755,65.75999999999999,38775,99.39414822362711
random,2,2,7756,65.75999999999999,38780,99.3942280322452
random,2,2,7757,65.75999999999999,38785,99.39430837772095
random,2,2,7758,65.75999999999999,38790,99.39438925961876
random,2,2,7759,65.75999999999999,38795,99.39447011991813
random,2,2,7760,65.75999999999999,38800,99.39455095862765
random,2,2,7761,65.75999999999999,38805,99.394631775756
random,2,2,7762,65.75999999999999,38810,99.3947125713118
random,2,2,7763,65.75999999999999,38815,99.39479334530371
random,2,2,7764,65.75999999999999,38820,99.39487409774034
random,2,2,7765,65.75999999999999,38825,99.39495482863035
random,2,2,7766,65.75999999999999,38830,99.39503553798231
random,2,2,7767,65.75999999999999,38835,99.39511622580488
random,2,2,7768,65.75999999999999,38840,99.39519689210665
random,2,2,7769,65.75999999999999,38845,99.39527698079894
random,2,2,7770,65.75999999999999,38850,99.39535704828316
random,2,2,7771,65.75999999999999,38855,99.39543765037064
random,2,2,7772,65.75999999999999,38860,99.3955182309716
random,2,2,7773,65.75999999999999,38865,99.39559879009467
random,2,2,7774,65.75999999999999,38870,99.39567932774838
random,2,2,7775,65.75999999999999,38875,99.39575928873077
random,2,2,7776,65.75999999999999,38880,99.39583922855579
random,2,2,7777,65.75999999999999,38885,99.39591637263214
random,2,2,7778,65.75999999999999,38890,99.39599349701028
random,2,2,7779,65.75999999999999,38895,99.39607060169773
random,2,2,7780,65.75999999999999,38900,99.39615045917726
random,2,2,7781,65.75999999999999,38905,99.39623084988588
random,2,2,7782,65.75999999999999,38910,99.39631066499464
random,2,2,7783,65.75999999999999,38915,99.39639101305525
random,2,2,7784,65.75999999999999,38920,99.39647133973082
random,2,2,7785,65.75999999999999,38925,99.39655164502994
random,2,2,7786,65.75999999999999,38930,99.39663137535199
random,2,2,7787,65.75999999999999,38935,99.39671108460814
random,2,2,7788,65.75999999999999,38940,99.39678800620824
random,2,2,7789,65.75999999999999,38945,99.39686490819525
random,2,2,7790,65.75999999999999,38950,99.39693902536322
random,2,2,7791,65.75999999999999,38955,99.3970158888514
random,2,2,7792,65.75999999999999,38960,99.3970927327487
random,2,2,7793,65.75999999999999,38965,99.39716955706264
random,2,2,7794,65.75999999999999,38970,99.39724636180067
random,2,2,7795,65.75999999999999,38975,99.39732314697031
random,2,2,7796,65.75999999999999,38980,99.39739715156524
random,2,2,7797,65.75999999999999,38985,99.3974711379879
random,2,2,7798,65.75999999999999,38990,99.39754510624498
random,2,2,7799,65.75999999999999,38995,99.39761905634313
random,2,2,7800,65.75999999999999,39000,99.3976929882891
random,2,2,7801,65.75999999999999,39005,99.3977669020895
random,2,2,7802,65.75999999999999,39010,99.39784079775106
random,2,2,7803,65.75999999999999,39015,99.39791467528045
random,2,2,7804,65.75999999999999,39020,99.39798853468432
random,2,2,7805,65.75999999999999,39025,99.39806237596936
random,2,2,7806,65.75999999999999,39030,99.3981389533878
random,2,2,7807,65.75999999999999,39035,99.39821826484436
random,2,2,7808,65.75999999999999,39040,99.39829480260666
random,2,2,7809,65.75999999999999,39045,99.39837132090248
random,2,2,7810,65.75999999999999,39050,99.39844781973926
random,2,2,7811,65.75999999999999,39055,99.39852704981908
random,2,2,7812,65.75999999999999,39060,99.39860625903097
random,2,2,7813,65.75999999999999,39065,99.39868269813707
random,2,2,7814,65.75999999999999,39070,99.39875911781432
random,2,2,7815,65.75999999999999,39075,99.398838265919
random,2,2,7816,65.75999999999999,39080,99.39891464606255
random,2,2,7817,65.75999999999999,39085,99.39899375322734
random,2,2,7818,65.75999999999999,39090,99.39907283957274
random,2,2,7819,65.75999999999999,39095,99.39914916012455
random,2,2,7820,65.75999999999999,39100,99.3992254612927
random,2,2,7821,65.75999999999999,39105,99.39930174308456
random,2,2,7822,65.75999999999999,39110,99.39937526259065
random,2,2,7823,65.75999999999999,39115,99.39944876410281
random,2,2,7824,65.75999999999999,39120,99.39952224762767
random,2,2,7825,65.75999999999999,39125,99.39959845407557
random,2,2,7826,65.75999999999999,39130,99.39967738136644
random,2,2,7827,65.75999999999999,39135,99.39975683579844
random,2,2,7828,65.75999999999999,39140,99.39983626920117
random,2,2,7829,65.75999999999999,39145,99.399915681583
random,2,2,7830,65.75999999999999,39150,99.39999507295224
random,2,2,7831,65.75999999999999,39155,99.40007444331725
random,2,2,7832,65.75999999999999,39160,99.40015379268637
random,2,2,7833,65.75999999999999,39165,99.4002331210679
random,2,2,7834,65.75999999999999,39170,99.4003124284702
random,2,2,7835,65.75999999999999,39175,99.40039171490159
random,2,2,7836,65.75999999999999,39180,99.40047098037034
random,2,2,7837,65.75999999999999,39185,99.40055022488482
random,2,2,7838,65.77,39190,99.40053830329644
random,2,2,7839,65.78,39195,99.40052638485878
random,2,2,7840,65.78,39200,99.40060559064223
random,2,2,7841,65.78,39205,99.40068477549822
random,2,2,7842,65.78,39210,99.40076393943507
random,2,2,7843,65.78,39215,99.40084308246104
random,2,2,7844,65.78,39220,99.40092220458443
random,2,2,7845,65.78,39225,99.40100130581351
random,2,2,7846,65.78,39230,99.40108038615656
random,2,2,7847,65.78,39235,99.40115944562186
random,2,2,7848,65.78,39240,99.40123848421766
random,2,2,7849,65.78,39245,99.40131750195222
random,2,2,7850,65.78,39250,99.40139649883383
random,2,2,7851,65.78,39255,99.40147547487071
random,2,2,7852,65.78,39260,99.40155443007112
random,2,2,7853,65.78,39265,99.40163336444331
random,2,2,7854,65.78,39270,99.40171227799551
random,2,2,7855,65.78,39275,99.40179117073596
random,2,2,7856,65.78,39280,99.40187004267291
random,2,2,7857,65.78,39285,99.40194835008478
random,2,2,7858,65.78,39290,99.40202391904323
random,2,2,7859,65.78,39295,99.40209946890654
random,2,2,7860,65.78,39300,99.40217499968192
random,2,2,7861,65.78,39305,99.40224779545935
random,2,2,7862,65.78,39310,99.40232057351056
random,2,2,7863,65.78,39315,99.402396048437
random,2,2,7864,65.78,39320,99.40247150430388
random,2,2,7865,65.78,39325,99.40254694111846
random,2,2,7866,65.78,39330,99.40262507140257
random,2,2,7867,65.78,39335,99.4027031812548
random,2,2,7868,65.78,39340,99.40278127068318
random,2,2,7869,65.78,39345,99.40285988177025
random,2,2,7870,65.78,39350,99.40293847216512
random,2,2,7871,65.78,39355,99.40301704187593
random,2,2,7872,65.78,39360,99.40309559091087
random,2,2,7873,65.78,39365,99.40317357777388
random,2,2,7874,65.78,39370,99.40325154426127
random,2,2,7875,65.78,39375,99.40332949038097
random,2,2,7876,65.78,39380,99.40340795722096
random,2,2,7877,65.78,39385,99.40348586248798
random,2,2,7878,65.78,39390,99.40356374741133
random,2,2,7879,65.78,39395,99.40364215265419
random,2,2,7880,65.78,39400,99.40371999677295
random,2,2,7881,65.78,39405,99.40379511869716
random,2,2,7882,65.78,39410,99.40386752047677
random,2,2,7883,65.78,39415,99.40393990467388
random,2,2,7884,65.78,39420,99.40401227129492
random,2,2,7885,65.78,39425,99.40408462034628
random,2,2,7886,65.78,39430,99.40415695183435
random,2,2,7887,65.78,39435,99.40422926576555
random,2,2,7888,65.78,39440,99.40430425943283
random,2,2,7889,65.78,39445,99.40437923422257
random,2,2,7890,65.78,39450,99.4044541901419
random,2,2,7891,65.78,39455,99.40452643194736
random,2,2,7892,65.78,39460,99.40460135082539
random,2,2,7893,65.78,39465,99.40467625085412
random,2,2,7894,65.78,39470,99.4047484387994
random,2,2,7895,65.78,39475,99.40482060924003
random,2,2,7896,65.78,39480,99.40489276218237
random,2,2,7897,65.78,39485,99.4049648976328
random,2,2,7898,65.78,39490,99.40503701559766
random,2,2,7899,65.78,39495,99.40511180606174
random,2,2,7900,65.78,39500,99.40518926700292
random,2,2,7901,65.78,39505,99.40526401919647
random,2,2,7902,65.78,39510,99.40533875260357
random,2,2,7903,65.78,39515,99.40541346723131
random,2,2,7904,65.78,39520,99.40548816308676
random,2,2,7905,65.78,39525,99.40556552605373
random,2,2,7906,65.78,39530,99.40564286888905
random,2,2,7907,65.78,39535,99.40571750712137
random,2,2,7908,65.78,39540,99.40578944278082
random,2,2,7909,65.78,39545,99.40586136102729
random,2,2,7910,65.79,39550,99.40584295071811
random,2,2,7911,65.79,39555,99.40591484508545
random,2,2,7912,65.79,39560,99.40598940369607
random,2,2,7913,65.79,39565,99.40606394359457
random,2,2,7914,65.79,39570,99.40613578449383
random,2,2,7915,65.79,39575,99.40620760801579
random,2,2,7916,65.79,39580,99.4062794141668
random,2,2,7917,65.79,39585,99.40635120295318
random,2,2,7918,65.79,39590,99.40642297438119
random,2,2,7919,65.79,39595,99.40649472845713
random,2,2,7920,65.79,39600,99.40656914159536
random,2,2,7921,65.79,39605,99.40664353607623
random,2,2,7922,65.79,39610,99.40671791190677
random,2,2,7923,65.79,39615,99.40679226909396
random,2,2,7924,65.79,39620,99.40686928134626
random,2,2,7925,65.79,39625,99.40694627360519
random,2,2,7926,65.79,39630,99.40702057356496
random,2,2,7927,65.79,39635,99.40709485490991
random,2,2,7928,65.79,39640,99.40716911764706
random,2,2,7929,65.79,39645,99.40724069145341
random,2,2,7930,65.79,39650,99.4073149176646
random,2,2,7931,65.79,39655,99.40738912528869
random,2,2,7932,65.79,39660,99.4074659826572
random,2,2,7933,65.79,39665,99.40754282009257
random,2,2,7934,65.79,39670,99.40761697066178
random,2,2,7935,65.79,39675,99.40769110267227
random,2,2,7936,65.79,39680,99.40776788173721
random,2,2,7937,65.79,39685,99.40784464089948
random,2,2,7938,65.79,39690,99.40792138016685
random,2,2,7939,65.79,39695,99.40799863225098
random,2,2,7940,65.79,39700,99.40807533161367
random,2,2,7941,65.79,39705,99.40815201110469
random,2,2,7942,65.8,39710,99.40813606034493
random,2,2,7943,65.8,39715,99.40821005125548
random,2,2,7944,65.8,39720,99.4082813631111
random,2,2,7945,65.8,39725,99.40835265778236
random,2,2,7946,65.8,39730,99.40842659455105
random,2,2,7947,65.8,39735,99.40849785423158
random,2,2,7948,65.8,39740,99.40857175471727
random,2,2,7949,65.8,39745,99.40864297943281
random,2,2,7950,65.8,39750,99.40871418699548
random,2,2,7951,65.8,39755,99.40878537741146
random,2,2,7952,65.8,39760,99.40885655068695
random,2,2,7953,65.8,39765,99.40892770682814
random,2,2,7954,65.8,39770,99.40899884584121
random,2,2,7955,65.8,39775,99.40907262120298
random,2,2,7956,65.8,39780,99.40914637814812
random,2,2,7957,65.81,39785,99.40913298503214
random,2,2,7958,65.82000000000001,39790,99.4091195953789
random,2,2,7959,65.85,39795,99.4089266880596
random,2,2,7960,65.85,39800,99.40900307749195
random,2,2,7961,65.9,39805,99.40863076035367
random,2,2,7962,65.95,39810,99.40825853942596
random,2,2,7963,65.95,39815,99.4083323315205
random,2,2,7964,65.98,39820,99.40813964962011
random,2,2,7965,65.98,39825,99.40821609171483
random,2,2,7966,65.98,39830,99.40829251406628
random,2,2,7967,65.98,39835,99.40836891668205
random,2,2,7968,65.98,39840,99.40844529956982
random,2,2,7969,65.98,39845,99.40852166273723
random,2,2,7970,65.98,39850,99.40859800619188
random,2,2,7971,65.98,39855,99.40867485989861
random,2,2,7972,65.98,39860,99.40875169363336
random,2,2,7973,65.98,39865,99.4088279777222
random,2,2,7974,65.98,39870,99.40890424212888
random,2,2,7975,65.98,39875,99.40898101626959
random,2,2,7976,65.98,39880,99.40905777046936
random,2,2,7977,65.98,39885,99.40913450473597
random,2,2,7978,65.98,39890,99.40921121907715
random,2,2,7979,65.98,39895,99.4092879135007
random,2,2,7980,65.98,39900,99.40936458801434
random,2,2,7981,65.98,39905,99.40944071404148
random,2,2,7982,65.98,39910,99.40951417819284
random,2,2,7983,65.98,39915,99.40958762406893
random,2,2,7984,65.98,39920,99.40966105167658
random,2,2,7985,65.98,39925,99.40973446102261
random,2,2,7986,65.98,39930,99.4098104917411
random,2,2,7987,65.98,39935,99.40988650287544
random,2,2,7988,65.98,39940,99.40996302208391
random,2,2,7989,65.98,39945,99.41003952145067
random,2,2,7990,65.98,39950,99.41011600098344
random,2,2,7991,65.98,39955,99.41019246068993
random,2,2,7992,65.98,39960,99.41026890057785
random,2,2,7993,65.98,39965,99.4103453206549
random,2,2,7994,65.98,39970,99.41042172092878
random,2,2,7995,65.98,39975,99.4104981014072
random,2,2,7996,65.98,39980,99.41057446209783
random,2,2,7997,65.98,39985,99.41065080300838
random,2,2,7998,65.98,39990,99.41072712414652
random,2,2,7999,65.98,39995,99.41080342551994
random,2,2,8000,65.98,40000,99.41087970713632
random,2,2,8001,65.98,40005,99.41095596900333
random,2,2,8002,65.98,40010,99.41103221112861
random,2,2,8003,65.98,40015,99.41110843351987
random,2,2,8004,65.98,40020,99.41118463618474
random,2,2,8005,65.98,40025,99.4112608191309
random,2,2,8006,65.98,40030,99.41133698236598
random,2,2,8007,65.98,40035,99.41141312589764
random,2,2,8008,65.98,40040,99.41148924973353
random,2,2,8009,65.98,40045,99.41156535388129
random,2,2,8010,65.98,40050,99.41164143834852
random,2,2,8011,65.98,40055,99.41171750314291
random,2,2,8012,65.98,40060,99.41179354827206
random,2,2,8013,65.98,40065,99.4118695737436
random,2,2,8014,65.98,40070,99.41194557956516
random,2,2,8015,65.98,40075,99.41202156574434
random,2,2,8016,65.98,40080,99.41209753228874
random,2,2,8017,65.98,40085,99.41217347920602
random,2,2,8018,65.98,40090,99.41224940650373
random,2,2,8019,65.98,40095,99.41232531418952
random,2,2,8020,65.98,40100,99.41240120227096
random,2,2,8021,65.98,40105,99.41247707075564
random,2,2,8022,65.98,40110,99.41255291965116
random,2,2,8023,65.98,40115,99.41262874896512
random,2,2,8024,65.98,40120,99.41270455870507
random,2,2,8025,65.98,40125,99.41277982625473
random,2,2,8026,65.98,40130,99.41285507451437
random,2,2,8027,65.98,40135,99.41293030349136
random,2,2,8028,65.98,40140,99.41300603541536
random,2,2,8029,65.98,40145,99.41308122571554
random,2,2,8030,65.98,40150,99.41315378697252
random,2,2,8031,65.98,40155,99.4132237211292
random,2,2,8032,65.98,40160,99.41329624715895
random,2,2,8033,65.98,40165,99.41336614736798
random,2,2,8034,65.98,40170,99.41343603092308
random,2,2,8035,65.98,40175,99.4135058978302
random,2,2,8036,65.98,40180,99.41357574809531
random,2,2,8037,65.98,40185,99.41364558172437
random,2,2,8038,65.98,40190,99.41371539872328
random,2,2,8039,65.98,40195,99.41378780326798
random,2,2,8040,65.98,40200,99.41385758640449
random,2,2,8041,65.98,40205,99.4139273529289
random,2,2,8042,65.98,40210,99.41399970513474
random,2,2,8043,65.98,40215,99.41407203947865
random,2,2,8044,65.98,40220,99.41414695694716
random,2,2,8045,65.98,40225,99.41422185526007
random,2,2,8046,65.98,40230,99.41429413477448
random,2,2,8047,65.98,40235,99.41436639645389
random,2,2,8048,65.98,40240,99.41443604191423
random,2,2,8049,65.98,40245,99.41450567081162
random,2,2,8050,65.98,40250,99.41457528315196
random,2,2,8051,65.98,40255,99.41464747547872
random,2,2,8052,65.98,40260,99.41471965000271
random,2,2,8053,65.98,40265,99.41479180673052
random,2,2,8054,65.98,40270,99.41486135105126
random,2,2,8055,65.98,40275,99.41493087884511
random,2,2,8056,65.98,40280,99.41500039011795
random,2,2,8057,65.98,40285,99.41507247764412
random,2,2,8058,65.98,40290,99.41514195527671
random,2,2,8059,65.98,40295,99.41521141640617
random,2,2,8060,65.98,40300,99.4152834519368
random,2,2,8061,65.98,40305,99.41535287946238
random,2,2,8062,65.98,40310,99.4154222905027
random,2,2,8063,65.98,40315,99.41549427409403
random,2,2,8064,65.98,40320,99.41556623995976
random,2,2,8065,65.98,40325,99.41563560035073
random,2,2,8066,65.98,40330,99.41570494428032
random,2,2,8067,65.98,40335,99.4157742717544
random,2,2,8068,65.98,40340,99.4158461686928
random,2,2,8069,65.98,40345,99.41591546265994
random,2,2,8070,65.98,40350,99.41598474018933
random,2,2,8071,65.98,40355,99.41605400128684
random,2,2,8072,65.98,40360,99.41612582939689
random,2,2,8073,65.98,40365,99.41619505703557
random,2,2,8074,65.98,40370,99.4162668504509
random,2,2,8075,65.98,40375,99.4163386262108
random,2,2,8076,65.98,40380,99.41640780340072
random,2,2,8077,65.98,40385,99.41647696419443
random,2,2,8078,65.98,40390,99.41654610859777
random,2,2,8079,65.98,40395,99.41661523661655
random,2,2,8080,65.98,40400,99.4166843482566
random,2,2,8081,65.98,40405,99.41675344352373
random,2,2,8082,65.98,40410,99.41682252242379
random,2,2,8083,65.98,40415,99.4168941616064
random,2,2,8084,65.98,40420,99.4169683591786
random,2,2,8085,65.98,40425,99.41704253787059
random,2,2,8086,65.98,40430,99.41711721262236
random,2,2,8087,65.98,40435,99.41719186824544
random,2,2,8088,65.98,40440,99.41726650474718
random,2,2,8089,65.98,40445,99.41734060759771
random,2,2,8090,65.98,40450,99.41741211955855
random,2,2,8091,65.98,40455,99.41748361396769
random,2,2,8092,65.98,40460,99.41755766161495
random,2,2,8093,65.98,40465,99.41763169043921
random,2,2,8094,65.98,40470,99.41770570044763
random,2,2,8095,65.98,40475,99.41777969164737
random,2,2,8096,65.98,40480,99.41785109587458
random,2,2,8097,65.98,40485,99.41791991502583
random,2,2,8098,65.98,40490,99.41799128486495
random,2,2,8099,65.98,40495,99.41806007087706
random,2,2,8100,65.98,40500,99.41812884063185
random,2,2,8101,65.98,40505,99.41819759413507
random,2,2,8102,65.98,40510,99.41826889590116
random,2,2,8103,65.98,40515,99.41834018019289
random,2,2,8104,65.98,40520,99.41841401024607
random,2,2,8105,65.98,40525,99.41848782155913
random,2,2,8106,65.98,40530,99.41856161413922
random,2,2,8107,65.98,40535,99.41863538799348
random,2,2,8108,65.98,40540,99.4187065825004
random,2,2,8109,65.98,40545,99.41877775957238
random,2,2,8110,65.98,40550,99.41885147859053
random,2,2,8111,65.98,40555,99.41892569065323
random,2,2,8112,65.98,40560,99.41899988376476
random,2,2,8113,65.98,40565,99.41907405793235
random,2,2,8114,65.98,40570,99.41914770181272
random,2,2,8115,65.99000000000001,40575,99.4191333035814
random,2,2,8116,65.99000000000001,40580,99.4192069212862
random,2,2,8117,65.99000000000001,40585,99.41927796512324
random,2,2,8118,65.99000000000001,40590,99.41934899158193
random,2,2,8119,65.99000000000001,40595,99.41942000066865
random,2,2,8120,65.99000000000001,40600,99.41949099238978
random,2,2,8121,65.99000000000001,40605,99.41956196675169
random,2,2,8122,65.99000000000001,40610,99.4196354758479
random,2,2,8123,65.99000000000001,40615,99.4197064148866
random,2,2,8124,65.99000000000001,40620,99.41977733658541
random,2,2,8125,65.99000000000001,40625,99.41984773090921
random,2,2,8126,65.99000000000001,40630,99.4199181081542
random,2,2,8127,66.01,40635,99.41981268062186
random,2,2,8128,66.03,40640,99.41970982854943
random,2,2,8129,66.03,40645,99.41978274585202
random,2,2,8130,66.03,40650,99.41985054759677
random,2,2,8131,66.03999999999999,40655,99.41983048226811
random,2,2,8132,66.07,40660,99.41963219069304
random,2,2,8133,66.09,40665,99.41952687356067
random,2,2,8134,66.09,40670,99.41959722207585
random,2,2,8135,66.09,40675,99.41966755354179
random,2,2,8136,66.09,40680,99.419740924727
random,2,2,8137,66.11,40685,99.41963870292629
random,2,2,8138,66.11,40690,99.41971154985556
random,2,2,8139,66.11,40695,99.41978183235197
random,2,2,8140,66.12,40700,99.41976179694822
random,2,2,8141,66.14,40705,99.41965656725192
random,2,2,8142,66.14999999999999,40710,99.41963909711109
random,2,2,8143,66.16,40715,99.41962214032758
random,2,2,8144,66.16,40720,99.41969290036015
random,2,2,8145,66.16,40725,99.41976364314061
random,2,2,8146,66.16,40730,99.41983436867527
random,2,2,8147,66.16,40735,99.4199025338054
random,2,2,8148,66.16,40740,99.41997068291964
random,2,2,8149,66.16,40745,99.42003881602362
random,2,2,8150,66.16,40750,99.42010947449612
random,2,2,8151,66.16,40755,99.4201826564854
random,2,2,8152,66.16,40760,99.42025327991531
random,2,2,8153,66.16,40765,99.42032388614305
random,2,2,8154,66.16,40770,99.42039447517492
random,2,2,8155,66.16,40775,99.42046504701713
random,2,2,8156,66.16,40780,99.42053306403653
random,2,2,8157,66.16,40785,99.42060106509217
random,2,2,8158,66.16,40790,99.42066905018972
random,2,2,8159,66.16,40795,99.42073701933474
random,2,2,8160,66.16,40800,99.42080497253288
random,2,2,8161,66.16,40805,99.42087544445359
random,2,2,8162,66.16,40810,99.42094843325239
random,2,2,8163,66.16,40815,99.42102191033015
random,2,2,8164,66.16,40820,99.42109536876295
random,2,2,8165,66.16,40825,99.42116880855788
random,2,2,8166,66.16,40830,99.42124222972205
random,2,2,8167,66.16,40835,99.42131563226253
random,2,2,8168,66.16,40840,99.42138901618641
random,2,2,8169,66.16,40845,99.42146238150079
random,2,2,8170,66.16,40850,99.42153572821273
random,2,2,8171,66.16,40855,99.4216090563293
random,2,2,8172,66.16,40860,99.42168236585758
random,2,2,8173,66.16,40865,99.42175565680465
random,2,2,8174,66.16,40870,99.42182892917754
random,2,2,8175,66.16,40875,99.42190218298333
random,2,2,8176,66.16,40880,99.42197491322197
random,2,2,8177,66.16,40885,99.42204762516259
random,2,2,8178,66.16,40890,99.4221203188121
random,2,2,8179,66.16,40895,99.42219047103355
random,2,2,8180,66.16,40900,99.42226060622467
random,2,2,8181,66.16,40905,99.42233072439168
random,2,2,8182,66.16,40910,99.42240082554078
random,2,2,8183,66.16,40915,99.42247343037339
random,2,2,8184,66.16,40920,99.42254349689364
random,2,2,8185,66.16,40925,99.42261354641477
random,2,2,8186,66.16,40930,99.42268357894297
random,2,2,8187,66.16,40935,99.42275611271263
random,2,2,8188,66.16,40940,99.42282913177485
random,2,2,8189,66.16,40945,99.42290213236615
random,2,2,8190,66.16,40950,99.42297511449357
random,2,2,8191,66.16,40955,99.42304757502954
random,2,2,8192,66.16,40960,99.42311750231502
random,2,2,8193,66.16,40965,99.42318741265204
random,2,2,8194,66.16,40970,99.42325479218952
random,2,2,8195,66.16,40975,99.42332215598717
random,2,2,8196,66.16,40980,99.42338950405048
random,2,2,8197,66.16,40985,99.42345683638496
random,2,2,8198,66.16,40990,99.42352415299614
random,2,2,8199,66.16,40995,99.42359145388949
random,2,2,8200,66.16,41000,99.42365873907055
random,2,2,8201,66.16,41005,99.4237260085448
random,2,2,8202,66.16,41010,99.42379326231777
random,2,2,8203,66.16,41015,99.42386050039492
random,2,2,8204,66.16,41020,99.42392772278176
random,2,2,8205,66.16,41025,99.42399492948378
random,2,2,8206,66.16,41030,99.42406462733081
random,2,2,8207,66.16,41035,99.42413430831272
random,2,2,8208,66.16,41040,99.42420397243559
random,2,2,8209,66.16,41045,99.42427612468913
random,2,2,8210,66.16,41050,99.42434825886231
random,2,2,8211,66.16,41055,99.42442037496194
random,2,2,8212,66.16,41060,99.42448996989359
random,2,2,8213,66.16,41065,99.42455954799743
random,2,2,8214,66.16,41070,99.42463161117064
random,2,2,8215,66.16,41075,99.42470415654725
random,2,2,8216,66.16,41080,99.42477668363239
random,2,2,8217,66.16,41085,99.42484919243297
random,2,2,8218,66.16,41090,99.42492168295591
random,2,2,8219,66.16,41095,99.42499365546203
random,2,2,8220,66.16,41100,99.42506560995533
random,2,2,8221,66.16,41105,99.42513754644257
random,2,2,8222,66.16,41110,99.4252099643015
random,2,2,8223,66.16,41115,99.42528236391719
random,2,2,8224,66.16,41120,99.42535474529647
random,2,2,8225,66.16,41125,99.4254266094525
random,2,2,8226,66.16,41130,99.42549596127829
random,2,2,8227,66.16,41135,99.42556529636437
random,2,2,8228,66.16,41140,99.42563212154096
random,2,2,8229,66.16,41145,99.42569893117155
random,2,2,8230,66.16,41150,99.42576821727765
random,2,2,8231,66.16,41155,99.42583748666782
random,2,2,8232,66.16,41160,99.42590673934812
random,2,2,8233,66.16,41165,99.4259759753246
random,2,2,8234,66.16,41170,99.42604519460329
random,2,2,8235,66.16,41175,99.42611439719025
random,2,2,8236,66.16,41180,99.4261835830915
random,2,2,8237,66.16,41185,99.42625026450071
random,2,2,8238,66.16,41190,99.42631693041405
random,2,2,8239,66.16,41195,99.42638358083691
random,2,2,8240,66.16,41200,99.42645270185336
random,2,2,8241,66.16,41205,99.42652180621361
random,2,2,8242,66.16,41210,99.42659089392365
random,2,2,8243,66.16,41215,99.42665748070732
random,2,2,8244,66.16,41220,99.42672405202808
random,2,2,8245,66.16,41225,99.42679309101999
random,2,2,8246,66.16,41230,99.42686211338531
random,2,2,8247,66.16,41235,99.42692863719714
random,2,2,8248,66.16,41240,99.42699762692487
random,2,2,8249,66.16,41245,99.42706660004383
random,2,2,8250,66.16,41250,99.42713555655997
random,2,2,8251,66.16,41255,99.42720201691382
random,2,2,8252,66.16,41260,99.42726846184877
random,2,2,8253,66.16,41265,99.42733736978548
random,2,2,8254,66.16,41270,99.42740873894044
random,2,2,8255,66.16,41275,99.42748009030862
random,2,2,8256,66.16,41280,99.4275489473338
random,2,2,8257,66.16,41285,99.42762026376532
random,2,2,8258,66.16,41290,99.42769156242971
random,2,2,8259,66.16,41295,99.42776333827784
random,2,2,8260,66.16,41300,99.42783509612474
random,2,2,8261,66.16,41305,99.42790683597718
random,2,2,8262,66.16,41310,99.42797806326999
random,2,2,8263,66.16,41315,99.42804927282897
random,2,2,8264,66.16,41320,99.42812095898653
random,2,2,8265,66.16,41325,99.42819262717659
random,2,2,8266,66.16,41330,99.4282642774059
random,2,2,8267,66.16,41335,99.42833590968122
random,2,2,8268,66.16,41340,99.4284075240093
random,2,2,8269,66.16,41345,99.42847912039689
random,2,2,8270,66.16,41350,99.4285502052676
random,2,2,8271,66.16,41355,99.42862176591801
random,2,2,8272,66.16,41360,99.42869330864809
random,2,2,8273,66.16,41365,99.42876483346457
random,2,2,8274,66.16,41370,99.42883634037418
random,2,2,8275,66.16,41375,99.42890782938363
random,2,2,8276,66.16,41380,99.42897930049965
random,2,2,8277,66.16,41385,99.42905075372894
random,2,2,8278,66.16,41390,99.42912218907826
random,2,2,8279,66.16,41395,99.42919360655426
random,2,2,8280,66.16,41400,99.42926500616369
random,2,2,8281,66.16,41405,99.42933638791325
random,2,2,8282,66.16,41410,99.42940775180962
random,2,2,8283,66.16,41415,99.42947909785951
random,2,2,8284,66.16,41420,99.429549934212
random,2,2,8285,66.16,41425,99.42962124471197
random,2,2,8286,66.16,41430,99.42969253738548
random,2,2,8287,66.16,41435,99.42976381223923
random,2,2,8288,66.16,41440,99.42983506927987
random,2,2,8289,66.16,41445,99.42990630851409
random,2,2,8290,66.16,41450,99.42997752994857
random,2,2,8291,66.16,41455,99.43004873359
random,2,2,8292,66.16,41460,99.430119919445
random,2,2,8293,66.16,41465,99.43019108752027
random,2,2,8294,66.16,41470,99.43026223782245
random,2,2,8295,66.16,41475,99.43033337035821
random,2,2,8296,66.16,41480,99.43040399474829
random,2,2,8297,66.16,41485,99.43047509189357
random,2,2,8298,66.16,41490,99.43054617129233
random,2,2,8299,66.16,41495,99.43061723295122
random,2,2,8300,66.16,41500,99.43068827687688
random,2,2,8301,66.16,41505,99.43075930307593
random,2,2,8302,66.16,41510,99.43083031155501
random,2,2,8303,66.16,41515,99.43090130232079
random,2,2,8304,66.16,41520,99.43097227537983
random,2,2,8305,66.16,41525,99.43104323073881
random,2,2,8306,66.16,41530,99.4311141684043
random,2,2,8307,66.16,41535,99.43118508838296
random,2,2,8308,66.16,41540,99.4312559906814
random,2,2,8309,66.16,41545,99.43132687530621
random,2,2,8310,66.16,41550,99.43139774226401
random,2,2,8311,66.16,41555,99.4314685915614
random,2,2,8312,66.16,41560,99.43153942320498
random,2,2,8313,66.16,41565,99.43161023720135
random,2,2,8314,66.16,41570,99.43168103355711
random,2,2,8315,66.16,41575,99.43175181227883
random,2,2,8316,66.16,41580,99.43182257337313
random,2,2,8317,66.16,41585,99.43189331684657
random,2,2,8318,66.16,41590,99.43196404270573
random,2,2,8319,66.16,41595,99.4320347509572
random,2,2,8320,66.16,41600,99.43210544160755
random,2,2,8321,66.16,41605,99.43217611466335
random,2,2,8322,66.16,41610,99.43224677013117
random,2,2,8323,66.16,41615,99.43231740801757
random,2,2,8324,66.16,41620,99.43238802832911
random,2,2,8325,66.16,41625,99.43245863107238
random,2,2,8326,66.16,41630,99.43252921625388
random,2,2,8327,66.16,41635,99.4325997838802
random,2,2,8328,66.16,41640,99.43267033395789
random,2,2,8329,66.16,41645,99.43274086649348
random,2,2,8330,66.16,41650,99.43281138149351
random,2,2,8331,66.16,41655,99.43288187896451
random,2,2,8332,66.16,41660,99.43295235891304
random,2,2,8333,66.16,41665,99.43302282134563
random,2,2,8334,66.16,41670,99.43309326626878
random,2,2,8335,66.16,41675,99.43316369368907
random,2,2,8336,66.16,41680,99.43323410361296
random,2,2,8337,66.16,41685,99.433304496047
random,2,2,8338,66.16,41690,99.43337487099771
random,2,2,8339,66.16,41695,99.43344522847161
random,2,2,8340,66.16,41700,99.43351556847517
random,2,2,8341,66.16,41705,99.43358589101494
random,2,2,8342,66.16,41710,99.4336561960974
random,2,2,8343,66.16,41715,99.43372648372906
random,2,2,8344,66.16,41720,99.4337967539164
random,2,2,8345,66.16,41725,99.43386700666592
random,2,2,8346,66.16,41730,99.43393724198413
random,2,2,8347,66.16,41735,99.43400745987749
random,2,2,8348,66.16,41740,99.4340776603525
random,2,2,8349,66.16,41745,99.43414784341564
random,2,2,8350,66.16,41750,99.43421800907338
random,2,2,8351,66.16,41755,99.43428815733219
random,2,2,8352,66.16,41760,99.43435828819855
random,2,2,8353,66.16,41765,99.43442840167893
random,2,2,8354,66.16,41770,99.43449849777978
random,2,2,8355,66.16,41775,99.43456857650759
random,2,2,8356,66.16,41780,99.43463863786879
random,2,2,8357,66.16,41785,99.43470868186984
random,2,2,8358,66.16,41790,99.43477870851719
random,2,2,8359,66.16,41795,99.4348487178173
random,2,2,8360,66.16,41800,99.43491870977661
random,2,2,8361,66.16,41805,99.43498868440156
random,2,2,8362,66.16,41810,99.43505864169857
random,2,2,8363,66.16,41815,99.43512858167412
random,2,2,8364,66.16,41820,99.43519850433461
random,2,2,8365,66.16,41825,99.43526840968649
random,2,2,8366,66.16,41830,99.43533829773614
random,2,2,8367,66.16,41835,99.43540816849004
random,2,2,8368,66.16,41840,99.43547802195458
random,2,2,8369,66.16,41845,99.43554785813619
random,2,2,8370,66.16,41850,99.43561767704125
random,2,2,8371,66.16,41855,99.43568747867621
random,2,2,8372,66.16,41860,99.43575678183505
random,2,2,8373,66.16,41865,99.43582606797375
random,2,2,8374,66.16,41870,99.43589533709857
random,2,2,8375,66.16,41875,99.43596458921581
random,2,2,8376,66.16,41880,99.43603142061946
random,2,2,8377,66.16,41885,99.43610063933028
random,2,2,8378,66.16,41890,99.43616984105205
random,2,2,8379,66.16,41895,99.43623950618125
random,2,2,8380,66.16,41900,99.43630915409737
random,2,2,8381,66.16,41905,99.43637878480676
random,2,2,8382,66.16,41910,99.43644839831582
random,2,2,8383,66.16,41915,99.43651799463092
random,2,2,8384,66.16,41920,99.4365875737584
random,2,2,8385,66.16,41925,99.43665713570466
random,2,2,8386,66.16,41930,99.43672620091574
random,2,2,8387,66.16,41935,99.43679524919426
random,2,2,8388,66.16,41940,99.43686428054646
random,2,2,8389,66.16,41945,99.43693329497853
random,2,2,8390,66.16,41950,99.43700229249671
random,2,2,8391,66.16,41955,99.43707127310722
random,2,2,8392,66.16,41960,99.43713784252621
random,2,2,8393,66.16,41965,99.43720439620266
random,2,2,8394,66.16,41970,99.43727093414215
random,2,2,8395,66.16,41975,99.43733745635028
random,2,2,8396,66.16,41980,99.43740635485916
random,2,2,8397,66.16,41985,99.43747284505591
random,2,2,8398,66.16,41990,99.43753931953819
random,2,2,8399,66.16,41995,99.43760816862235
random,2,2,8400,66.16,42000,99.43767700085334
random,2,2,8401,66.16,42005,99.4377458162374
random,2,2,8402,66.16,42010,99.43781461478065
random,2,2,8403,66.16,42015,99.43788339648933
random,2,2,8404,66.16,42020,99.43795263884464
random,2,2,8405,66.16,42025,99.43802138678586
random,2,2,8406,66.16,42030,99.43808773169539
random,2,2,8407,66.16,42035,99.43815406094194
random,2,2,8408,66.16,42040,99.43822037453107
random,2,2,8409,66.16,42045,99.43828667246832
random,2,2,8410,66.16,42050,99.43835533872284
random,2,2,8411,66.16,42055,99.43842398819129
random,2,2,8412,66.16,42060,99.43849309743706
random,2,2,8413,66.16,42065,99.43856218967535
random,2,2,8414,66.16,42070,99.43863126491242
random,2,2,8415,66.16,42075,99.43870032315455
random,2,2,8416,66.16,42080,99.438769364408
random,2,2,8417,66.16,42085,99.43883838867905
random,2,2,8418,66.16,42090,99.43890739597397
random,2,2,8419,66.16,42095,99.43897638629902
random,2,2,8420,66.16,42100,99.43904535966044
random,2,2,8421,66.16,42105,99.43911431606452
random,2,2,8422,66.16,42110,99.43918325551748
random,2,2,8423,66.16,42115,99.43925217802557
random,2,2,8424,66.16,42120,99.43932108359506
random,2,2,8425,66.16,42125,99.43938997223218
random,2,2,8426,66.16,42130,99.43945884394317
random,2,2,8427,66.16,42135,99.43952769873428
random,2,2,8428,66.16,42140,99.43959653661173
random,2,2,8429,66.16,42145,99.43966535758176
random,2,2,8430,66.16,42150,99.43973416165058
random,2,2,8431,66.16,42155,99.43980294882444
random,2,2,8432,66.16,42160,99.43987171910955
random,2,2,8433,66.16,42165,99.43994047251213
random,2,2,8434,66.16,42170,99.44000920903841
random,2,2,8435,66.16,42175,99.44007792869456
random,2,2,8436,66.16,42180,99.44014663148685
random,2,2,8437,66.16,42185,99.44021531742143
random,2,2,8438,66.16,42190,99.44028398650455
random,2,2,8439,66.16,42195,99.44035263874238
random,2,2,8440,66.16,42200,99.44042127414113
random,2,2,8441,66.16,42205,99.440489892707
random,2,2,8442,66.16,42210,99.44055849444618
random,2,2,8443,66.16,42215,99.44062707936484
random,2,2,8444,66.16,42220,99.44069564746918
random,2,2,8445,66.16,42225,99.44076419876538
random,2,2,8446,66.16,42230,99.44083273325963
random,2,2,8447,66.16,42235,99.4409012509581
random,2,2,8448,66.16,42240,99.44096975186696
random,2,2,8449,66.16,42245,99.44103823599238
random,2,2,8450,66.16,42250,99.44110670334052
random,2,2,8451,66.16,42255,99.44117515391756
random,2,2,8452,66.16,42260,99.44124358772966
random,2,2,8453,66.16,42265,99.44131200478297
random,2,2,8454,66.16,42270,99.44138040508365
random,2,2,8455,66.16,42275,99.44144878863784
random,2,2,8456,66.16,42280,99.4415171554517
random,2,2,8457,66.16,42285,99.44158550553139
random,2,2,8458,66.16,42290,99.44165383888304
random,2,2,8459,66.16,42295,99.44172215551278
random,2,2,8460,66.16,42300,99.44179045542677
random,2,2,8461,66.18,42305,99.44169001394509
random,2,2,8462,66.18,42310,99.44175830108274
random,2,2,8463,66.18,42315,99.44182657151798
random,2,2,8464,66.18,42320,99.44189482525691
random,2,2,8465,66.18,42325,99.44196306230569
random,2,2,8466,66.18,42330,99.44203128267043
random,2,2,8467,66.18,42335,99.44209948635724
random,2,2,8468,66.18,42340,99.44216767337223
random,2,2,8469,66.18,42345,99.44223584372153
random,2,2,8470,66.18,42350,99.44230399741124
random,2,2,8471,66.18,42355,99.44237213444747
random,2,2,8472,66.18,42360,99.44244025483631
random,2,2,8473,66.18,42365,99.44250835858388
random,2,2,8474,66.18,42370,99.44257644569626
random,2,2,8475,66.18,42375,99.44264451617957
random,2,2,8476,66.18,42380,99.44271257003986
random,2,2,8477,66.18,42385,99.44278060728325
random,2,2,8478,66.18,42390,99.44284862791582
random,2,2,8479,66.18,42395,99.44291663194366
random,2,2,8480,66.18,42400,99.44298461937282
random,2,2,8481,66.18,42405,99.4430525902094
random,2,2,8482,66.18,42410,99.44312054445948
random,2,2,8483,66.18,42415,99.4431884821291
random,2,2,8484,66.18,42420,99.44325640322437
random,2,2,8485,66.18,42425,99.44332430775131
random,2,2,8486,66.18,42430,99.44339219571602
random,2,2,8487,66.18,42435,99.44346006712453
random,2,2,8488,66.18,42440,99.44352792198292
random,2,2,8489,66.18,42445,99.44359576029723
random,2,2,8490,66.18,42450,99.4436635820735
random,2,2,8491,66.18,42455,99.44373138731778
random,2,2,8492,66.18,42460,99.44379917603612
random,2,2,8493,66.18,42465,99.44386694823459
random,2,2,8494,66.18,42470,99.44393470391918
random,2,2,8495,66.18,42475,99.44400244309594
random,2,2,8496,66.18,42480,99.44407016577091
random,2,2,8497,66.18,42485,99.44413787195013
random,2,2,8498,66.18,42490,99.44420556163959
random,2,2,8499,66.18,42495,99.44427323484535
random,2,2,8500,66.18,42500,99.44434089157342
random,2,2,8501,66.18,42505,99.44440853182982
random,2,2,8502,66.18,42510,99.44447615562055
random,2,2,8503,66.18,42515,99.44454376295162
random,2,2,8504,66.21000000000001,42520,99.44435959107014
random,2,2,8505,66.23,42525,99.44425937471418
random,2,2,8506,66.28,42530,99.44390748123985
random,2,2,8507,66.28,42535,99.44397512484973
random,2,2,8508,66.34,42540,99.44353947145477
random,2,2,8509,66.34,42545,99.44360714336635
random,2,2,8510,66.41,42550,99.4430877809719
random,2,2,8511,66.47999999999999,42555,99.44256854486746
random,2,2,8512,66.55,42560,99.44204943500694
random,2,2,8513,66.59,42565,99.44178193868237
random,2,2,8514,66.64,42570,99.44143068845511
random,2,2,8515,66.69,42575,99.44107952359761
random,2,2,8516,66.74,42580,99.4407284440787
random,2,2,8517,66.79,42585,99.44037744986733
random,2,2,8518,66.79,42590,99.4404454319101
random,2,2,8519,66.79,42595,99.4405133974382
random,2,2,8520,66.81,42600,99.44041383076559
random,2,2,8521,66.81,42605,99.44048178362448
random,2,2,8522,66.86,42610,99.44013103244997
random,2,2,8523,66.86,42615,99.44019900314228
random,2,2,8524,66.86,42620,99.4402669573327
random,2,2,8525,66.86,42625,99.44033442654788
random,2,2,8526,66.86,42630,99.44039953765585
random,2,2,8527,66.89,42635,99.44021591313262
random,2,2,8528,66.89,42640,99.44028336439152
random,2,2,8529,66.92,42645,99.4400997981113
random,2,2,8530,66.94,42650,99.43999993307439
random,2,2,8531,66.94,42655,99.44006738597459
random,2,2,8532,66.94,42660,99.4401324813489
random,2,2,8533,66.94,42665,99.44019756158956
random,2,2,8534,66.94,42670,99.44026262670182
random,2,2,8535,66.95,42675,99.44024172862049
random,2,2,8536,66.95,42680,99.44030443426021
random,2,2,8537,66.95,42685,99.44036712585262
random,2,2,8538,66.95,42690,99.44043214184522
random,2,2,8539,66.95,42695,99.44049714273298
random,2,2,8540,66.95,42700,99.44056212852114
random,2,2,8541,66.95,42705,99.44062709921495
random,2,2,8542,66.96,42710,99.44060851367777
random,2,2,8543,66.97,42715,99.44058993245648
random,2,2,8544,66.99000000000001,42720,99.44048549722373
random,2,2,8545,66.99000000000001,42725,99.4405504469166
random,2,2,8546,67.0,42730,99.44053421467287
random,2,2,8547,67.02,42735,99.44043449401569
random,2,2,8548,67.02,42740,99.4405017618935
random,2,2,8549,67.02,42745,99.44056667874237
random,2,2,8550,67.02,42750,99.44063158052877
random,2,2,8551,67.02,42755,99.44069646725796
random,2,2,8552,67.02,42760,99.44076367216836
random,2,2,8553,67.02,42765,99.44083086093025
random,2,2,8554,67.02,42770,99.4408957014373
random,2,2,8555,67.02,42775,99.44096052690846
random,2,2,8556,67.02,42780,99.44102766837977
random,2,2,8557,67.02,42785,99.44109479372545
random,2,2,8558,67.02,42790,99.44116190295128
random,2,2,8559,67.02,42795,99.44122666671113
random,2,2,8560,67.02,42800,99.44129141546178
random,2,2,8561,67.02,42805,99.44135614920843
random,2,2,8562,67.02,42810,99.4414208679563
random,2,2,8563,67.02,42815,99.44148324449733
random,2,2,8564,67.02,42820,99.44154560710875
random,2,2,8565,67.02,42825,99.4416079557952
random,2,2,8566,67.02,42830,99.44167261621615
random,2,2,8567,67.03,42835,99.44165396373208
random,2,2,8568,67.03,42840,99.4417162789303
random,2,2,8569,67.03,42845,99.4417809046264
random,2,2,8570,67.03,42850,99.44184551536236
random,2,2,8571,67.03,42855,99.4419101111434
random,2,2,8572,67.03,42860,99.44197701474769
random,2,2,8573,67.03,42865,99.44204390231315
random,2,2,8574,67.03,42870,99.44210845218595
random,2,2,8575,67.03,42875,99.44217298712495
random,2,2,8576,67.03,42880,99.44223750713533
random,2,2,8577,67.03,42885,99.4422996921541
random,2,2,8578,67.03,42890,99.4423641828593
random,2,2,8579,67.03,42895,99.44242865865121
random,2,2,8580,67.03,42900,99.44249311953503
random,2,2,8581,67.03,42905,99.44255756551591
random,2,2,8582,67.03,42910,99.44261967919242
random,2,2,8583,67.03,42915,99.44268177902828
random,2,2,8584,67.03,42920,99.44274386502812
random,2,2,8585,67.03,42925,99.44280825305466
random,2,2,8586,67.03,42930,99.44287031088052
random,2,2,8587,67.03,42935,99.44293235488442
random,2,2,8588,67.03,42940,99.44299438507095
random,2,2,8589,67.03,42945,99.44305640144475
random,2,2,8590,67.03,42950,99.44312071727181
random,2,2,8591,67.03,42955,99.44318501824621
random,2,2,8592,67.03,42960,99.44324930437311
random,2,2,8593,67.03,42965,99.44331588729783
random,2,2,8594,67.03,42970,99.4433824542989
random,2,2,8595,67.03,42975,99.44344669484721
random,2,2,8596,67.03,42980,99.44350861054818
random,2,2,8597,67.03,42985,99.44357051247464
random,2,2,8598,67.03,42990,99.44363240063116
random,2,2,8599,67.03,42995,99.44369427502234
random,2,2,8600,67.03,43000,99.4437561356528
random,2,2,8601,67.03,43005,99.44381798252711
random,2,2,8602,67.03,43010,99.44388212258986
random,2,2,8603,67.03,43015,99.44394394145276
random,2,2,8604,67.03,43020,99.44400574657347
random,2,2,8605,67.03,43025,99.44406753795651
random,2,2,8606,67.03,43030,99.44413162047698
random,2,2,8607,67.03,43035,99.44419568822553
random,2,2,8608,67.03,43040,99.44425743739916
random,2,2,8609,67.03,43045,99.4443214761501
random,2,2,8610,67.03,43050,99.44438780289072
random,2,2,8611,67.03,43055,99.44445457423654
random,2,2,8612,67.03,43060,99.44452132953568
random,2,2,8613,67.03,43065,99.44458806879385
random,2,2,8614,67.03,43070,99.44465479201689
random,2,2,8615,67.03,43075,99.44472149921053
random,2,2,8616,67.03,43080,99.44478819038058
random,2,2,8617,67.03,43085,99.4448548655328
random,2,2,8618,67.03,43090,99.44492152467296
random,2,2,8619,67.03,43095,99.4449877082538
random,2,2,8620,67.03,43100,99.44505387605402
random,2,2,8621,67.03,43105,99.44512002807926
random,2,2,8622,67.03,43110,99.44518386820158
random,2,2,8623,67.03,43115,99.4452476936357
random,2,2,8624,67.03,43120,99.44531150438671
random,2,2,8625,67.03,43125,99.44537300589131
random,2,2,8626,67.03,43130,99.44543678781896
random,2,2,8627,67.03,43135,99.44549826154648
random,2,2,8628,67.03,43140,99.44555972164666
random,2,2,8629,67.03,43145,99.44562346063951
random,2,2,8630,67.03,43150,99.44568718497906
random,2,2,8631,67.03,43155,99.44575089467035
random,2,2,8632,67.03,43160,99.44581688063442
random,2,2,8633,67.03,43165,99.4458828508885
random,2,2,8634,67.03,43170,99.44594880543818
random,2,2,8635,67.03,43175,99.44601474428907
random,2,2,8636,67.03,43180,99.44608112519163
random,2,2,8637,67.03,43185,99.44614749018797
random,2,2,8638,67.03,43190,99.44621383928387
random,2,2,8639,67.03,43195,99.446280172485
random,2,2,8640,67.03,43200,99.4463464897971
random,2,2,8641,67.03,43205,99.44641279122585
random,2,2,8642,67.03,43210,99.44647907677697
random,2,2,8643,67.03,43215,99.44654488947823
random,2,2,8644,67.03,43220,99.44661114340062
random,2,2,8645,67.03,43225,99.44667738146241
random,2,2,8646,67.03,43230,99.44674360366935
random,2,2,8647,67.03,43235,99.44680981002708
random,2,2,8648,67.03,43240,99.44687600054132
random,2,2,8649,67.03,43245,99.44694217521777
random,2,2,8650,67.03,43250,99.44700833406208
random,2,2,8651,67.03,43255,99.44707447707995
random,2,2,8652,67.03,43260,99.44714060427705
random,2,2,8653,67.03,43265,99.44720671565906
random,2,2,8654,67.03,43270,99.44727281123167
random,2,2,8655,67.03,43275,99.44733889100053
random,2,2,8656,67.03,43280,99.44740495497129
random,2,2,8657,67.03,43285,99.44747100314966
random,2,2,8658,67.03,43290,99.44753703554127
random,2,2,8659,67.03,43295,99.44760305215178
random,2,2,8660,67.03,43300,99.44766905298685
random,2,2,8661,67.03,43305,99.44773503805216
random,2,2,8662,67.03,43310,99.44780100735332
random,2,2,8663,67.03,43315,99.44786696089601
random,2,2,8664,67.03,43320,99.44793289868585
random,2,2,8665,67.03,43325,99.4479988207285
random,2,2,8666,67.03,43330,99.44806472702959
random,2,2,8667,67.03,43335,99.44813061759477
random,2,2,8668,67.03,43340,99.44819649242969
random,2,2,8669,67.03,43345,99.44826235153994
random,2,2,8670,67.03,43350,99.44832819493116
random,2,2,8671,67.03,43355,99.44839402260901
random,2,2,8672,67.03,43360,99.4484598345791
random,2,2,8673,67.03,43365,99.44852563084702
random,2,2,8674,67.03,43370,99.44859141141843
random,2,2,8675,67.03,43375,99.44865717629892
random,2,2,8676,67.03,43380,99.44872292549411
random,2,2,8677,67.03,43385,99.44878865900962
random,2,2,8678,67.03,43390,99.44885437685106
random,2,2,8679,67.03,43395,99.44892007902402
random,2,2,8680,67.03,43400,99.44898576553412
random,2,2,8681,67.03,43405,99.44905143638694
random,2,2,8682,67.03,43410,99.44911709158808
random,2,2,8683,67.03,43415,99.44918273114315
random,2,2,8684,67.03,43420,99.44924835505775
random,2,2,8685,67.03,43425,99.44931396333743
random,2,2,8686,67.03,43430,99.44937955598783
random,2,2,8687,67.03,43435,99.44944513301448
random,2,2,8688,67.03,43440,99.449510694423
random,2,2,8689,67.03,43445,99.44957624021895
random,2,2,8690,67.03,43450,99.44964177040791
random,2,2,8691,67.03,43455,99.44970728499547
random,2,2,8692,67.03,43460,99.44977278398717
random,2,2,8693,67.03,43465,99.44983826738861
random,2,2,8694,67.03,43470,99.44990373520534
random,2,2,8695,67.03,43475,99.44996918744292
random,2,2,8696,67.03,43480,99.4500346241069
random,2,2,8697,67.03,43485,99.45010004520287
random,2,2,8698,67.03,43490,99.45016545073638
random,2,2,8699,67.03,43495,99.45023084071293
random,2,2,8700,67.03,43500,99.45029621513814
random,2,2,8701,67.03,43505,99.4503615740175
random,2,2,8702,67.03,43510,99.45042691735661
random,2,2,8703,67.03,43515,99.45049224516096
random,2,2,8704,67.03,43520,99.45055755743613
random,2,2,8705,67.03,43525,99.45062285418761
random,2,2,8706,67.03,43530,99.45068813542099
random,2,2,8707,67.03,43535,99.45075340114175
random,2,2,8708,67.03,43540,99.45081865135546
random,2,2,8709,67.03,43545,99.45088388606761
random,2,2,8710,67.03,43550,99.45094910528377
random,2,2,8711,67.03,43555,99.45101430900941
random,2,2,8712,67.03,43560,99.45107949725008
random,2,2,8713,67.03,43565,99.45114467001127
random,2,2,8714,67.03,43570,99.45120982729853
random,2,2,8715,67.03,43575,99.45127496911734
random,2,2,8716,67.03,43580,99.4513400954732
random,2,2,8717,67.03,43585,99.45140520637166
random,2,2,8718,67.03,43590,99.45147030181818
random,2,2,8719,67.03,43595,99.45153538181827
random,2,2,8720,67.03,43600,99.45160044637744
random,2,2,8721,67.03,43605,99.45166549550117
random,2,2,8722,67.03,43610,99.45173052919496
random,2,2,8723,67.03,43615,99.4517955474643
random,2,2,8724,67.03,43620,99.45186055031468
random,2,2,8725,67.03,43625,99.45192553775156
random,2,2,8726,67.03,43630,99.45199050978046
random,2,2,8727,67.03,43635,99.45205546640682
random,2,2,8728,67.03,43640,99.45212040763614
random,2,2,8729,67.03,43645,99.4521853334739
random,2,2,8730,67.03,43650,99.45225024392556
random,2,2,8731,67.03,43655,99.45231513899658
random,2,2,8732,67.03,43660,99.4523795712989
random,2,2,8733,67.03,43665,99.45244398844275
random,2,2,8734,67.03,43670,99.45250839043348
random,2,2,8735,67.03,43675,99.45257277727642
random,2,2,8736,67.03,43680,99.4526375959497
random,2,2,8737,67.03,43685,99.45270195240802
random,2,2,8738,67.03,43690,99.45276629373461
random,2,2,8739,67.03,43695,99.45283061993483
random,2,2,8740,67.03,43700,99.45289269824376
random,2,2,8741,67.03,43705,99.45295253018637
random,2,2,8742,67.03,43710,99.45301234904389
random,2,2,8743,67.03,43715,99.45307215482065
random,2,2,8744,67.03,43720,99.4531319475209
random,2,2,8745,67.03,43725,99.45319172714895
random,2,2,8746,67.03,43730,99.45325149370909
random,2,2,8747,67.03,43735,99.45331124720559
random,2,2,8748,67.03,43740,99.45337098764274
random,2,2,8749,67.03,43745,99.45343071502482
random,2,2,8750,67.03,43750,99.45349042935612
random,2,2,8751,67.03,43755,99.4535501306409
random,2,2,8752,67.03,43760,99.45360981888344
random,2,2,8753,67.03,43765,99.453669494088
random,2,2,8754,67.03,43770,99.45372915625889
random,2,2,8755,67.03,43775,99.45378880540035
random,2,2,8756,67.03,43780,99.45384844151664
random,2,2,8757,67.03,43785,99.45390806461205
random,2,2,8758,67.03,43790,99.45396767469083
random,2,2,8759,67.03,43795,99.45402727175725
random,2,2,8760,67.03,43800,99.45408685581558
random,2,2,8761,67.03,43805,99.45414642687004
random,2,2,8762,67.03,43810,99.45420598492491
random,2,2,8763,67.03,43815,99.45426775156359
random,2,2,8764,67.03,43820,99.4543295042238
random,2,2,8765,67.03,43825,99.45439346346602
random,2,2,8766,67.03,43830,99.45445740771638
random,2,2,8767,67.03,43835,99.454521780881
random,2,2,8768,67.03,43840,99.45458613885555
random,2,2,8769,67.03,43845,99.4546504816454
random,2,2,8770,67.03,43850,99.45471480925593
random,2,2,8771,67.03,43855,99.45477867821042
random,2,2,8772,67.03,43860,99.45484297558302
random,2,2,8773,67.03,43865,99.45490725779236
random,2,2,8774,67.03,43870,99.4549715248438
random,2,2,8775,67.03,43875,99.45503577674272
random,2,2,8776,67.03,43880,99.45510001349447
random,2,2,8777,67.03,43885,99.4551642351044
random,2,2,8778,67.03,43890,99.45522844157786
random,2,2,8779,67.03,43895,99.45529263292022
random,2,2,8780,67.03,43900,99.4553568091368
random,2,2,8781,67.03,43905,99.45542097023299
random,2,2,8782,67.03,43910,99.45548511621408
random,2,2,8783,67.03,43915,99.45554924708546
random,2,2,8784,67.03,43920,99.45561292072642
random,2,2,8785,67.03,43925,99.45567657947585
random,2,2,8786,67.03,43930,99.45574066525819
random,2,2,8787,67.03,43935,99.45580429413684
random,2,2,8788,67.03,43940,99.45586790813967
random,2,2,8789,67.03,43945,99.45593150727183
random,2,2,8790,67.03,43950,99.45599509153858
random,2,2,8791,67.03,43955,99.45605866094512
random,2,2,8792,67.03,43960,99.45612221549666
random,2,2,8793,67.03,43965,99.4561857551984
random,2,2,8794,67.04,43970,99.45616860071304
random,2,2,8795,67.05,43975,99.4561514502628
random,2,2,8796,67.07,43980,99.45605320248981
random,2,2,8797,67.09,43985,99.45595453664502
random,2,2,8798,67.14,43990,99.45561264658687
random,2,2,8799,67.17999999999999,43995,99.45534970148819
random,2,2,8800,67.17999999999999,44000,99.45540886488659
random,2,2,8801,67.17999999999999,44005,99.455468015433
random,2,2,8802,67.2,44010,99.45536505939924
random,2,2,8803,67.2,44015,99.45542420185609
random,2,2,8804,67.2,44020,99.45548333146967
random,2,2,8805,67.2,44025,99.45554244824413
random,2,2,8806,67.21000000000001,44030,99.4555205405099
random,2,2,8807,67.21000000000001,44035,99.45557964041201
random,2,2,8808,67.21000000000001,44040,99.45563872748568
random,2,2,8809,67.21000000000001,44045,99.45569780173503
random,2,2,8810,67.21000000000001,44050,99.45575906670089
random,2,2,8811,67.21000000000001,44055,99.45582031787671
random,2,2,8812,67.21000000000001,44060,99.45588155526717
random,2,2,8813,67.21000000000001,44065,99.45594277887689
random,2,2,8814,67.21000000000001,44070,99.45600398871053
random,2,2,8815,67.21000000000001,44075,99.45606298371426
random,2,2,8816,67.21000000000001,44080,99.45612196592366
random,2,2,8817,67.21000000000001,44085,99.45618313544689
random,2,2,8818,67.21000000000001,44090,99.45624649080368
random,2,2,8819,67.21000000000001,44095,99.4563102712139
random,2,2,8820,67.21000000000001,44100,99.4563740366634
random,2,2,8821,67.21000000000001,44105,99.4564377871575
random,2,2,8822,67.21000000000001,44110,99.45650152270143
random,2,2,8823,67.22,44115,99.45648438706527
random,2,2,8824,67.22,44120,99.45654810220323
random,2,2,8825,67.22,44125,99.45661180240458
random,2,2,8826,67.22,44130,99.45667548767457
random,2,2,8827,67.22,44135,99.45673915801844
random,2,2,8828,67.22,44140,99.45680281344143
random,2,2,8829,67.22,44145,99.45686645394879
random,2,2,8830,67.22,44150,99.45693007954577
random,2,2,8831,67.22,44155,99.45699369023761
random,2,2,8832,67.22,44160,99.45705728602952
random,2,2,8833,67.25999999999999,44165,99.45679782073036
random,2,2,8834,67.25999999999999,44170,99.45686142456381
random,2,2,8835,67.25999999999999,44175,99.4569250135042
random,2,2,8836,67.25999999999999,44180,99.45698858755676
random,2,2,8837,67.25999999999999,44185,99.45705214672668
random,2,2,8838,67.25999999999999,44190,99.45711569101925
random,2,2,8839,67.25999999999999,44195,99.45717922043963
random,2,2,8840,67.25999999999999,44200,99.45724273499307
random,2,2,8841,67.25999999999999,44205,99.4573062346848
random,2,2,8842,67.25999999999999,44210,99.45736971952
random,2,2,8843,67.25999999999999,44215,99.45743318950392
random,2,2,8844,67.25999999999999,44220,99.45749664464175
random,2,2,8845,67.25999999999999,44225,99.4575600849387
random,2,2,8846,67.25999999999999,44230,99.45762351039998
random,2,2,8847,67.25999999999999,44235,99.4576869210308
random,2,2,8848,67.25999999999999,44240,99.45775031683635
random,2,2,8849,67.25999999999999,44245,99.45781369782183
random,2,2,8850,67.25999999999999,44250,99.45787706399243
random,2,2,8851,67.25999999999999,44255,99.45794041535336
random,2,2,8852,67.25999999999999,44260,99.4580037519098
random,2,2,8853,67.25999999999999,44265,99.45806707366694
random,2,2,8854,67.25999999999999,44270,99.45813038062997
random,2,2,8855,67.25999999999999,44275,99.45819367280407
random,2,2,8856,67.25999999999999,44280,99.45825695019444
random,2,2,8857,67.25999999999999,44285,99.45832021280623
random,2,2,8858,67.25999999999999,44290,99.45838346064463
random,2,2,8859,67.25999999999999,44295,99.4584466937148
random,2,2,8860,67.25999999999999,44300,99.45850991202195
random,2,2,8861,67.25999999999999,44305,99.45857311557121
random,2,2,8862,67.25999999999999,44310,99.45863630436777
random,2,2,8863,67.25999999999999,44315,99.45869947841679
random,2,2,8864,67.28,44320,99.45860169887052
random,2,2,8865,67.31,44325,99.45842348210127
random,2,2,8866,67.36999999999999,44330,99.45800395495407
random,2,2,8867,67.43,44335,99.45758452567404
random,2,2,8868,67.46,44340,99.4574064898881
random,2,2,8869,67.49000000000001,44345,99.45722849562462
random,2,2,8870,67.49000000000001,44350,99.45729178226054
random,2,2,8871,67.49000000000001,44355,99.45735505413987
random,2,2,8872,67.49000000000001,44360,99.45741831126776
random,2,2,8873,67.49000000000001,44365,99.45748155364936
random,2,2,8874,67.49000000000001,44370,99.45754478128984
random,2,2,8875,67.49000000000001,44375,99.45760799419435
random,2,2,8876,67.49000000000001,44380,99.45767119236803
random,2,2,8877,67.49000000000001,44385,99.45773437581603
random,2,2,8878,67.49000000000001,44390,99.45779754454351
random,2,2,8879,67.49000000000001,44395,99.4578606985556
random,2,2,8880,67.49000000000001,44400,99.45792383785746
random,2,2,8881,67.49000000000001,44405,99.45798696245421
random,2,2,8882,67.49000000000001,44410,99.458050072351
random,2,2,8883,67.49000000000001,44415,99.45811316755295
random,2,2,8884,67.49000000000001,44420,99.4581762480652
random,2,2,8885,67.49000000000001,44425,99.45823931389288
random,2,2,8886,67.49000000000001,44430,99.45830236504112
random,2,2,8887,67.49000000000001,44435,99.45836540151504
random,2,2,8888,67.49000000000001,44440,99.45842798873684
random,2,2,8889,67.49000000000001,44445,99.4584905614961
random,2,2,8890,67.49000000000001,44450,99.4585509478768
random,2,2,8891,67.5,44455,99.4585311031767
random,2,2,8892,67.51,44460,99.45851343449745
random,2,2,8893,67.51,44465,99.45857596898541
random,2,2,8894,67.51,44470,99.45863848903123
random,2,2,8895,67.51,44475,99.4587014286562
random,2,2,8896,67.51,44480,99.45876391973255
random,2,2,8897,67.51,44485,99.45882639638181
random,2,2,8898,67.51,44490,99.45888885860896
random,2,2,8899,67.51,44495,99.45895130641901
random,2,2,8900,67.51,44500,99.45901157223209
random,2,2,8901,67.51,44505,99.4590696575016
random,2,2,8902,67.51,44510,99.45912773029934
random,2,2,8903,67.51,44515,99.45918795681835
random,2,2,8904,67.51,44520,99.45924816992631
random,2,2,8905,67.51,44525,99.45930836962772
random,2,2,8906,67.51,44530,99.45937072065219
random,2,2,8907,67.51,44535,99.45943349014112
random,2,2,8908,67.51,44540,99.45949624505613
random,2,2,8909,67.51,44545,99.45955898540225
random,2,2,8910,67.51,44550,99.45962171118458
random,2,2,8911,67.51,44555,99.45968442240817
random,2,2,8912,67.51,44560,99.4597471190781
random,2,2,8913,67.51,44565,99.45980980119944
random,2,2,8914,67.51,44570,99.45987246877725
random,2,2,8915,67.52,44575,99.45985512405653
random,2,2,8916,67.53,44580,99.45983778335919
random,2,2,8917,67.54,44585,99.45982044668386
random,2,2,8918,67.55,44590,99.45980311402913
random,2,2,8919,67.55,44595,99.45986574605294
random,2,2,8920,67.55,44600,99.45992836355497
random,2,2,8921,67.55,44605,99.45999096654022
random,2,2,8922,67.55,44610,99.46005355501379
random,2,2,8923,67.55,44615,99.46011612898069
random,2,2,8924,67.55,44620,99.46017868844599
random,2,2,8925,67.55,44625,99.4602412334147
random,2,2,8926,67.56,44630,99.46022386807603
random,2,2,8927,67.56,44635,99.46028639332148
random,2,2,8928,67.56,44640,99.46034890408333
random,2,2,8929,67.56,44645,99.4604114003666
random,2,2,8930,67.56,44650,99.46047388217632
random,2,2,8931,67.56,44655,99.46053634951751
random,2,2,8932,67.56,44660,99.46059880239521
random,2,2,8933,67.56,44665,99.46066124081445
random,2,2,8934,67.56,44670,99.46072366478022
random,2,2,8935,67.56,44675,99.46078607429754
random,2,2,8936,67.56,44680,99.46084846937147
random,2,2,8937,67.56,44685,99.46091085000698
random,2,2,8938,67.56,44690,99.4609732162091
random,2,2,8939,67.56,44695,99.46103556798283
random,2,2,8940,67.56,44700,99.46109790533319
random,2,2,8941,67.56,44705,99.46116022826517
random,2,2,8942,67.56,44710,99.46122253678377
random,2,2,8943,67.56,44715,99.46128483089399
random,2,2,8944,67.56,44720,99.46134711060084
random,2,2,8945,67.56,44725,99.46140937590931
random,2,2,8946,67.56,44730,99.46147162682439
random,2,2,8947,67.56,44735,99.46153386335106
random,2,2,8948,67.56,44740,99.46159608549434
random,2,2,8949,67.56,44745,99.46165829325918
random,2,2,8950,67.56,44750,99.46172048665058
random,2,2,8951,67.56,44755,99.46178266567351
random,2,2,8952,67.56,44760,99.46184483033295
random,2,2,8953,67.56,44765,99.46190698063391
random,2,2,8954,67.56,44770,99.46196911658132
random,2,2,8955,67.56,44775,99.46203123818017
random,2,2,8956,67.56,44780,99.46209334543543
random,2,2,8957,67.56,44785,99.46215543835207
random,2,2,8958,67.56,44790,99.46221751693506
random,2,2,8959,67.56,44795,99.46227958118934
random,2,2,8960,67.56,44800,99.46234163111988
random,2,2,8961,67.56,44805,99.46240366673165
random,2,2,8962,67.56,44810,99.4624656880296
random,2,2,8963,67.56,44815,99.46252769501868
random,2,2,8964,67.56,44820,99.46258968770384
random,2,2,8965,67.56,44825,99.46265166609003
random,2,2,8966,67.56,44830,99.4627136301822
random,2,2,8967,67.56,44835,99.46277557998529
random,2,2,8968,67.56,44840,99.46283751550425
random,2,2,8969,67.56,44845,99.46289943674401
random,2,2,8970,67.56,44850,99.46296134370951
random,2,2,8971,67.56,44855,99.46302323640569
random,2,2,8972,67.56,44860,99.46308511483748
random,2,2,8973,67.56,44865,99.4631469790098
random,2,2,8974,67.56,44870,99.4632088289276
random,2,2,8975,67.56,44875,99.46327066459581
random,2,2,8976,67.56,44880,99.46333248601931
random,2,2,8977,67.56,44885,99.46339429320308
random,2,2,8978,67.56,44890,99.463456086152
random,2,2,8979,67.56,44895,99.46351786487098
random,2,2,8980,67.56,44900,99.46357962936496
random,2,2,8981,67.56,44905,99.46364137963886
random,2,2,8982,67.56,44910,99.46370311569756
random,2,2,8983,67.56,44915,99.46376483754598
random,2,2,8984,67.56,44920,99.46382654518904
random,2,2,8985,67.56,44925,99.46388823863163
random,2,2,8986,67.56,44930,99.46394991787865
random,2,2,8987,67.57,44935,99.46393224776374
random,2,2,8988,67.58,44940,99.46391458171377
random,2,2,8989,67.58,44945,99.46397623664997
random,2,2,8990,67.58,44950,99.464037877406
random,2,2,8991,67.58,44955,99.46409950398673
random,2,2,8992,67.58,44960,99.4641611163971
random,2,2,8993,67.58,44965,99.46422271464192
random,2,2,8994,67.58,44970,99.46428429872611
random,2,2,8995,67.58,44975,99.46434586865456
random,2,2,8996,67.58,44980,99.46440742443215
random,2,2,8997,67.58,44985,99.46446896606376
random,2,2,8998,67.58,44990,99.46453049355424
random,2,2,8999,67.58,44995,99.46459200690849
random,2,2,9000,67.58,45000,99.46465350613137
random,2,2,9001,67.58,45005,99.46471499122775
random,2,2,9002,67.58,45010,99.46477646220251
random,2,2,9003,67.58,45015,99.4648379190605
random,2,2,9004,67.58,45020,99.46489936180657
random,2,2,9005,67.58,45025,99.46496079044562
random,2,2,9006,67.58,45030,99.46502220498246
random,2,2,9007,67.58,45035,99.465083605422
random,2,2,9008,67.58,45040,99.46514499176902
random,2,2,9009,67.58,45045,99.46520636402843
random,2,2,9010,67.61,45050,99.4650303447512
random,2,2,9011,67.63,45055,99.46493348260024
random,2,2,9012,67.63,45060,99.46499485800175
random,2,2,9013,67.67999999999999,45065,99.46466072636238
random,2,2,9014,67.74,45070,99.46424758183788
random,2,2,9015,67.74,45075,99.46430901477619
random,2,2,9016,67.77,45080,99.46413321947054
random,2,2,9017,67.80000000000001,45085,99.46395746447136
random,2,2,9018,67.84,45090,99.46370269650664
random,2,2,9019,67.9,45095,99.46328989854678
random,2,2,9020,67.9,45100,99.46335140603513
random,2,2,9021,67.92,45105,99.46325484726233
random,2,2,9022,67.92,45110,99.46331634467228
random,2,2,9023,67.92,45115,99.46337782799174
random,2,2,9024,67.96,45120,99.4631233015231
random,2,2,9025,68.02,45125,99.46271085360411
random,2,2,9026,68.02,45130,99.46277238514213
random,2,2,9027,68.02,45135,99.4628339025883
random,2,2,9028,68.04,45140,99.46273748045672
random,2,2,9029,68.07,45145,99.46256170236956
random,2,2,9030,68.10000000000001,45150,99.46238596424747
random,2,2,9031,68.16,45155,99.4619738833156
random,2,2,9032,68.17999999999999,45160,99.46187760359527
random,2,2,9033,68.17999999999999,45165,99.4619391812921
random,2,2,9034,68.17999999999999,45170,99.46200074489776
random,2,2,9035,68.2,45175,99.46190407059314
random,2,2,9036,68.23,45180,99.46172852752025
random,2,2,9037,68.23,45185,99.46178754688553
random,2,2,9038,68.23,45190,99.46184443100086
random,2,2,9039,68.23,45195,99.46190130309319
random,2,2,9040,68.24,45200,99.46187930608926
random,2,2,9041,68.24,45205,99.46193616247888
random,2,2,9042,68.24,45210,99.46199300685518
random,2,2,9043,68.24,45215,99.46204983922196
random,2,2,9044,68.24,45220,99.46210877951347
random,2,2,9045,68.24,45225,99.46216770689085
random,2,2,9046,68.24,45230,99.4622245023567
random,2,2,9047,68.24,45235,99.46228128582855
random,2,2,9048,68.24,45240,99.46233805731016
random,2,2,9049,68.24,45245,99.46239481680537
random,2,2,9050,68.24,45250,99.46245156431793
random,2,2,9051,68.24,45255,99.46250829985168
random,2,2,9052,68.24,45260,99.4625650234104
random,2,2,9053,68.24,45265,99.46262173499785
random,2,2,9054,68.24,45270,99.46268055004379
random,2,2,9055,68.24,45275,99.46273935221672
random,2,2,9056,68.25,45280,99.46271941909146
random,2,2,9057,68.25,45285,99.46278031847484
random,2,2,9058,68.25,45290,99.46284120405423
random,2,2,9059,68.25,45295,99.4629020758343
random,2,2,9060,68.25,45300,99.4629633563964
random,2,2,9061,68.25,45305,99.46302462297642
random,2,2,9062,68.25,45310,99.46308587557911
random,2,2,9063,68.25,45315,99.46314711420926
random,2,2,9064,68.26,45320,99.46312968807882
random,2,2,9065,68.27,45325,99.46311184370397
random,2,2,9066,68.27,45330,99.46317263635156
random,2,2,9067,68.27,45335,99.46323130508621
random,2,2,9068,68.30000000000001,45340,99.46305622422395
random,2,2,9069,68.30000000000001,45345,99.46311700276223
random,2,2,9070,68.30000000000001,45350,99.46317565788492
random,2,2,9071,68.31,45355,99.46315571077838
random,2,2,9072,68.32000000000001,45360,99.46313365865926
random,2,2,9073,68.32000000000001,45365,99.46319229297507
random,2,2,9074,68.32000000000001,45370,99.46325091448468
random,2,2,9075,68.32000000000001,45375,99.4633095231923
random,2,2,9076,68.33,45380,99.46328957228114
random,2,2,9077,68.33,45385,99.46334816397216
random,2,2,9078,68.34,45390,99.46332821319864
random,2,2,9079,68.34,45395,99.46338678788231
random,2,2,9080,68.34,45400,99.46344534978118
random,2,2,9081,68.34,45405,99.46350179303761
random,2,2,9082,68.34,45410,99.46356032983897
random,2,2,9083,68.34,45415,99.46362095881089
random,2,2,9084,68.34,45420,99.46368157407967
random,2,2,9085,68.34,45425,99.46374217564994
random,2,2,9086,68.34,45430,99.46380234282441
random,2,2,9087,68.34,45435,99.4638624964991
random,2,2,9088,68.34,45440,99.46392305719174
random,2,2,9089,68.34,45445,99.46398360420436
random,2,2,9090,68.34,45450,99.46404413754162
random,2,2,9091,68.34,45455,99.46410465720813
random,2,2,9092,68.34,45460,99.46416516320852
random,2,2,9093,68.34,45465,99.46422565554744
random,2,2,9094,68.34,45470,99.46428613422948
random,2,2,9095,68.34,45475,99.46434701910762
random,2,2,9096,68.34,45480,99.46440789014798
random,2,2,9097,68.34,45485,99.46446874735526
random,2,2,9098,68.34,45490,99.46452959073419
random,2,2,9099,68.34,45495,99.46459042028947
random,2,2,9100,68.34,45500,99.46465123602583
random,2,2,9101,68.34,45505,99.46471203794796
random,2,2,9102,68.34,45510,99.46477282606057
random,2,2,9103,68.34,45515,99.46483360036837
random,2,2,9104,68.34,45520,99.46489436087606
random,2,2,9105,68.34,45525,99.46495510758834
random,2,2,9106,68.34,45530,99.4650158405099
random,2,2,9107,68.34,45535,99.46507655964545
random,2,2,9108,68.34,45540,99.46513726499967
random,2,2,9109,68.34,45545,99.46519795657727
random,2,2,9110,68.34,45550,99.46525863438292
random,2,2,9111,68.34,45555,99.4653192984213
random,2,2,9112,68.34,45560,99.46537994869713
random,2,2,9113,68.34,45565,99.46544058521506
random,2,2,9114,68.34,45570,99.46550120797978
random,2,2,9115,68.34,45575,99.46556181699599
random,2,2,9116,68.34,45580,99.46562241226832
random,2,2,9117,68.34,45585,99.46568299380148
random,2,2,9118,68.34,45590,99.46574356160014
random,2,2,9119,68.34,45595,99.46580411566896
random,2,2,9120,68.34,45600,99.46586465601261
random,2,2,9121,68.34,45605,99.46592518263577
random,2,2,9122,68.34,45610,99.46598569554308
random,2,2,9123,68.34,45615,99.46604577755032
random,2,2,9124,68.34,45620,99.46610626313446
random,2,2,9125,68.34,45625,99.46616673501669
random,2,2,9126,68.34,45630,99.46622719320169
random,2,2,9127,68.34,45635,99.46628763769412
random,2,2,9128,68.34,45640,99.4663480684986
random,2,2,9129,68.34,45645,99.46640848561981
random,2,2,9130,68.34,45650,99.46646888906237
random,2,2,9131,68.34,45655,99.46652927883095
random,2,2,9132,68.34,45660,99.46658923859009
random,2,2,9133,68.34,45665,99.46664918487231
random,2,2,9134,68.34,45670,99.46670911768217
random,2,2,9135,68.35,45675,99.46669101083707
random,2,2,9136,68.38,45680,99.46651687321778
random,2,2,9137,68.39,45685,99.46649920821274
random,2,2,9138,68.4,45690,99.46648154720351
random,2,2,9139,68.41000000000001,45695,99.46646389018873
random,2,2,9140,68.41000000000001,45700,99.46652421930136
random,2,2,9141,68.41000000000001,45705,99.4665845347722
random,2,2,9142,68.43,45710,99.46648890760036
random,2,2,9143,68.44,45715,99.4664712577371
random,2,2,9144,68.45,45720,99.46645361186351
random,2,2,9145,68.46,45725,99.46643596997825
random,2,2,9146,68.47999999999999,45730,99.46634040281637
random,2,2,9147,68.47999999999999,45735,99.4664006981673
random,2,2,9148,68.47999999999999,45740,99.4664609798949
random,2,2,9149,68.47999999999999,45745,99.46652124800373
random,2,2,9150,68.47999999999999,45750,99.46658150249846
random,2,2,9151,68.47999999999999,45755,99.46664174338365
random,2,2,9152,68.47999999999999,45760,99.46670197066393
random,2,2,9153,68.47999999999999,45765,99.46676218434392
random,2,2,9154,68.47999999999999,45770,99.46682238442823
random,2,2,9155,68.5,45775,99.46672687073772
random,2,2,9156,68.5,45780,99.4667870612183
random,2,2,9157,68.5,45785,99.46684723811303
random,2,2,9158,68.5,45790,99.46690740142651
random,2,2,9159,68.5,45795,99.46696755116334
random,2,2,9160,68.5,45800,99.4670276873281
random,2,2,9161,68.5,45805,99.46708780992539
random,2,2,9162,68.5,45810,99.46714791895981
random,2,2,9163,68.5,45815,99.46720801443594
random,2,2,9164,68.5,45820,99.46726809635837
random,2,2,9165,68.5,45825,99.46732816473168
random,2,2,9166,68.5,45830,99.46738821956046
random,2,2,9167,68.5,45835,99.4674482608493
random,2,2,9168,68.5,45840,99.46750828860273
random,2,2,9169,68.5,45845,99.46756830282538
random,2,2,9170,68.5,45850,99.46762830352182
random,2,2,9171,68.5,45855,99.46768829069659
random,2,2,9172,68.5,45860,99.46774826435428
random,2,2,9173,68.51,45865,99.46773011873714
random,2,2,9174,68.51,45870,99.46778759357025
random,2,2,9175,68.53,45875,99.4676876375833
random,2,2,9176,68.54,45880,99.46766537013335
random,2,2,9177,68.54,45885,99.46772076696669
random,2,2,9178,68.54,45890,99.46777615227161
random,2,2,9179,68.54,45895,99.46783152605173
random,2,2,9180,68.54,45900,99.46788688831059
random,2,2,9181,68.54,45905,99.46794223905184
random,2,2,9182,68.54,45910,99.46799757827903
random,2,2,9183,68.54,45915,99.4680549702401
random,2,2,9184,68.54,45920,99.46811234981972
random,2,2,9185,68.54,45925,99.46816971702191
random,2,2,9186,68.54,45930,99.46822707185063
random,2,2,9187,68.54,45935,99.46828441430992
random,2,2,9188,68.54,45940,99.46834174440377
random,2,2,9189,68.54,45945,99.46839906213619
random,2,2,9190,68.54,45950,99.46845636751117
random,2,2,9191,68.54,45955,99.46851366053268
random,2,2,9192,68.54,45960,99.46857300143053
random,2,2,9193,68.54,45965,99.46863026931312
random,2,2,9194,68.54,45970,99.46868546551649
random,2,2,9195,68.54,45975,99.46874270916415
random,2,2,9196,68.54,45980,99.46880199892892
random,2,2,9197,68.54,45985,99.46885921747014
random,2,2,9198,68.54,45990,99.46891642368598
random,2,2,9199,68.54,45995,99.46897361758043
random,2,2,9200,68.54,46000,99.46902874247971
random,2,2,9201,68.54,46005,99.46908385593535
random,2,2,9202,68.54,46010,99.46914101377492
random,2,2,9203,68.54,46015,99.4691981593087
random,2,2,9204,68.54,46020,99.4692532376017
random,2,2,9205,68.54,46025,99.46931035897816
random,2,2,9206,68.54,46030,99.46936952211514
random,2,2,9207,68.54,46035,99.46942867206218
random,2,2,9208,68.54,46040,99.46948780882366
random,2,2,9209,68.54,46045,99.469546932404
random,2,2,9210,68.54,46050,99.4696060428076
random,2,2,9211,68.54,46055,99.46966514003888
random,2,2,9212,68.54,46060,99.46972422410225
random,2,2,9213,68.54,46065,99.46978370517066
random,2,2,9214,68.54,46070,99.46984317289656
random,2,2,9215,68.54,46075,99.46990221729988
random,2,2,9216,68.54,46080,99.46996165844621
random,2,2,9217,68.54,46085,99.47002108626346
random,2,2,9218,68.54,46090,99.47008050075614
random,2,2,9219,68.54,46095,99.47013990192872
random,2,2,9220,68.55,46100,99.47012199175384
random,2,2,9221,68.55,46105,99.47018137496242
random,2,2,9222,68.55,46110,99.47024074486238
random,2,2,9223,68.55,46115,99.4703001014582
random,2,2,9224,68.55,46120,99.47035944475435
random,2,2,9225,68.55,46125,99.4704183656284
random,2,2,9226,68.55,46130,99.47047768243029
random,2,2,9227,68.55,46135,99.4705365770016
random,2,2,9228,68.55,46140,99.47059341419752
random,2,2,9229,68.55,46145,99.47064819533892
random,2,2,9230,68.55,46150,99.47070296514438
random,2,2,9231,68.55,46155,99.47075772361741
random,2,2,9232,68.55,46160,99.47081451334621
random,2,2,9233,68.55,46165,99.47087333301944
random,2,2,9234,68.55,46170,99.47093213961836
random,2,2,9235,68.55,46175,99.47099093314729
random,2,2,9236,68.55,46180,99.47104767284125
random,2,2,9237,68.55,46185,99.47110440036509
random,2,2,9238,68.55,46190,99.47115907581288
random,2,2,9239,68.55,46195,99.47121373995749
random,2,2,9240,68.55,46200,99.47126839280246
random,2,2,9241,68.55,46205,99.47132303435127
random,2,2,9242,68.55,46210,99.47137766460745
random,2,2,9243,68.55,46215,99.47143228357446
random,2,2,9244,68.55,46220,99.47148689125582
random,2,2,9245,68.55,46225,99.47154148765503
random,2,2,9246,68.55,46230,99.4715981093156
random,2,2,9247,68.55,46235,99.47165268274034
random,2,2,9248,68.55,46240,99.47170724489357
random,2,2,9249,68.55,46245,99.47176383104149
random,2,2,9250,68.55,46250,99.47182040506868
random,2,2,9251,68.55,46255,99.47187452570788
random,2,2,9252,68.55,46260,99.47192904205386
random,2,2,9253,68.55,46265,99.47198354714598
random,2,2,9254,68.55,46270,99.47204007412233
random,2,2,9255,68.55,46275,99.47209862168069
random,2,2,9256,68.55,46280,99.47215715625535
random,2,2,9257,68.55,46285,99.47221567785061
random,2,2,9258,68.55,46290,99.47227418647083
random,2,2,9259,68.55,46295,99.47233024506046
random,2,2,9260,68.55,46300,99.47238832219486
random,2,2,9261,68.55,46305,99.47244638654634
random,2,2,9262,68.55,46310,99.47250443811912
random,2,2,9263,68.55,46315,99.47256247691739
random,2,2,9264,68.55,46320,99.4726188800133
random,2,2,9265,68.55,46325,99.47267527104722
random,2,2,9266,68.55,46330,99.47273165002304
random,2,2,9267,68.57,46335,99.47263419871469
random,2,2,9268,68.57,46340,99.47269057002788
random,2,2,9269,68.60000000000001,46345,99.47251625126681
random,2,2,9270,68.64,46350,99.47226508530716
random,2,2,9271,68.67999999999999,46355,99.47201356712954
random,2,2,9272,68.72,46360,99.47176210231305
random,2,2,9273,68.72,46365,99.47181610100057
random,2,2,9274,68.72,46370,99.47187211804489
random,2,2,9275,68.72,46375,99.47192812320857
random,2,2,9276,68.73,46380,99.47190728065674
random,2,2,9277,68.75,46385,99.47180961483205
random,2,2,9278,68.76,46390,99.47178878926248
random,2,2,9279,68.76,46395,99.47184275108785
random,2,2,9280,68.78999999999999,46400,99.47167034810312
random,2,2,9281,68.78999999999999,46405,99.47172836747248
random,2,2,9282,68.78999999999999,46410,99.47178637410026
random,2,2,9283,68.78999999999999,46415,99.47184436799064
random,2,2,9284,68.78999999999999,46420,99.47190032204945
random,2,2,9285,68.78999999999999,46425,99.47195423756916
random,2,2,9286,68.78999999999999,46430,99.47200814208117
random,2,2,9287,68.78999999999999,46435,99.47206406144595
random,2,2,9288,68.78999999999999,46440,99.47211591809547
random,2,2,9289,68.78999999999999,46445,99.47216978960452
random,2,2,9290,68.78999999999999,46450,99.47222365011935
random,2,2,9291,68.78999999999999,46455,99.4722815480355
random,2,2,9292,68.78999999999999,46460,99.47233943325006
random,2,2,9293,68.78999999999999,46465,99.4723973057672
random,2,2,9294,68.78999999999999,46470,99.47245354730701
random,2,2,9295,68.83,46475,99.4722030519132
random,2,2,9296,68.84,46480,99.47218262910403
random,2,2,9297,68.88,46485,99.47193221596807
random,2,2,9298,68.93,46490,99.47160479442184
random,2,2,9299,68.97,46495,99.47135206480824
random,2,2,9300,68.97,46500,99.47140797693417
random,2,2,9301,69.02000000000001,46505,99.47108071345096
random,2,2,9302,69.02000000000001,46510,99.47113866863643
random,2,2,9303,69.03,46515,99.47111999515788
random,2,2,9304,69.03,46520,99.47117833845965
random,2,2,9305,69.03,46525,99.4712366688906
random,2,2,9306,69.03,46530,99.47129498645495
random,2,2,9307,69.03,46535,99.47135369600578
random,2,2,9308,69.03,46540,99.47141239251937
random,2,2,9309,69.03,46545,99.47147067133102
random,2,2,9310,69.03,46550,99.47152893729316
random,2,2,9311,69.03,46555,99.47158678591877
random,2,2,9312,69.03,46560,99.4716454306859
random,2,2,9313,69.06,46565,99.47147446837494
random,2,2,9314,69.11,46570,99.47115009358754
random,2,2,9315,69.15,46575,99.47090028057971
random,2,2,9316,69.21000000000001,46580,99.47049548188276
random,2,2,9317,69.21000000000001,46585,99.47055178586454
random,2,2,9318,69.21000000000001,46590,99.47060807787362
random,2,2,9319,69.21000000000001,46595,99.47066435791379
random,2,2,9320,69.25,46600,99.47041472835907
random,2,2,9321,69.31,46605,99.47001221931141
random,2,2,9322,69.31,46610,99.47006854473376
random,2,2,9323,69.31,46615,99.47012283272899
random,2,2,9324,69.34,46620,99.46994778213585
random,2,2,9325,69.36,46625,99.46984920206037
random,2,2,9326,69.36,46630,99.46990552151178
random,2,2,9327,69.36,46635,99.46996385422477
random,2,2,9328,69.36,46640,99.47002217410108
random,2,2,9329,69.36,46645,99.47008048114492
random,2,2,9330,69.38,46650,99.46998598954029
random,2,2,9331,69.38,46655,99.47004428773738
random,2,2,9332,69.38,46660,99.47010297782575
random,2,2,9333,69.38,46665,99.47016165491624
random,2,2,9334,69.38,46670,99.4702203190132
random,2,2,9335,69.39,46675,99.47020221493497
random,2,2,9336,69.39999999999999,46680,99.47018411483721
random,2,2,9337,69.39999999999999,46685,99.47024235267355
random,2,2,9338,69.39999999999999,46690,99.4702985562201
random,2,2,9339,69.39999999999999,46695,99.47035474784231
random,2,2,9340,69.39999999999999,46700,99.47041092754397
random,2,2,9341,69.39999999999999,46705,99.4704670953289
random,2,2,9342,69.39999999999999,46710,99.47052325120086
random,2,2,9343,69.39999999999999,46715,99.47057737580309
random,2,2,9344,69.41000000000001,46720,99.47055521145755
random,2,2,9345,69.41000000000001,46725,99.47060932173011
random,2,2,9346,69.41000000000001,46730,99.47066543935684
random,2,2,9347,69.41000000000001,46735,99.47072154508741
random,2,2,9348,69.41000000000001,46740,99.47077763892564
random,2,2,9349,69.41000000000001,46745,99.47083533456839
random,2,2,9350,69.41000000000001,46750,99.47089342096638
random,2,2,9351,69.41000000000001,46755,99.47095149461347
random,2,2,9352,69.41000000000001,46760,99.47100995867004
random,2,2,9353,69.41000000000001,46765,99.47106840980653
random,2,2,9354,69.41000000000001,46770,99.47112684802725
random,2,2,9355,69.41000000000001,46775,99.47118527333649
random,2,2,9356,69.41000000000001,46780,99.47124368573851
random,2,2,9357,69.41000000000001,46785,99.4713020852376
random,2,2,9358,69.41000000000001,46790,99.47136047183801
random,2,2,9359,69.41000000000001,46795,99.47141884554404
random,2,2,9360,69.41000000000001,46800,99.47147720635994
random,2,2,9361,69.41000000000001,46805,99.47153555428999
random,2,2,9362,69.41000000000001,46810,99.47159388933848
random,2,2,9363,69.41000000000001,46815,99.47165221150962
random,2,2,9364,69.41000000000001,46820,99.4717101187187
random,2,2,9365,69.41000000000001,46825,99.47176801323586
random,2,2,9366,69.41000000000001,46830,99.47182388549209
random,2,2,9367,69.41000000000001,46835,99.4718797459301
random,2,2,9368,69.41000000000001,46840,99.47193559455366
random,2,2,9369,69.41000000000001,46845,99.47199143136649
random,2,2,9370,69.41000000000001,46850,99.47204725637236
random,2,2,9371,69.41000000000001,46855,99.472103069575
random,2,2,9372,69.41000000000001,46860,99.47215887097816
random,2,2,9373,69.41000000000001,46865,99.47221466058559
random,2,2,9374,69.41000000000001,46870,99.47227043840101
random,2,2,9375,69.41000000000001,46875,99.47232620442817
random,2,2,9376,69.41000000000001,46880,99.47238195867081
random,2,2,9377,69.41000000000001,46885,99.47243770113265
random,2,2,9378,69.41000000000001,46890,99.47249343181744
random,2,2,9379,69.41000000000001,46895,99.47254915072891
random,2,2,9380,69.41000000000001,46900,99.47260485787078
random,2,2,9381,69.42,46905,99.47258457868305
random,2,2,9382,69.44,46910,99.47248833723675
random,2,2,9383,69.48,46915,99.47224220345716
random,2,2,9384,69.48,46920,99.47229992321462
random,2,2,9385,69.48,46925,99.47235562683969
random,2,2,9386,69.48,46930,99.47241131870594
random,2,2,9387,69.48,46935,99.47246699881708
random,2,2,9388,69.48,46940,99.47252266717683
random,2,2,9389,69.48,46945,99.47257832378892
random,2,2,9390,69.48,46950,99.47263396865709
random,2,2,9391,69.48,46955,99.47268960178502
random,2,2,9392,69.48,46960,99.47274722372728
random,2,2,9393,69.48,46965,99.47280483307762
random,2,2,9394,69.48,46970,99.47286282977369
random,2,2,9395,69.48,46975,99.47292081371073
random,2,2,9396,69.48,46980,99.47297878489297
random,2,2,9397,69.48,46985,99.4730367433246
random,2,2,9398,69.48,46990,99.47309468900983
random,2,2,9399,69.48,46995,99.47315262195289
random,2,2,9400,69.48,47000,99.47321014275187
random,2,2,9401,69.49,47005,99.47318944407803
random,2,2,9402,69.5,47010,99.47316675295615
random,2,2,9403,69.5,47015,99.47321986211246
random,2,2,9404,69.5,47020,99.47327296056217
random,2,2,9405,69.5,47025,99.47332405272216
random,2,2,9406,69.5,47030,99.4733787263191
random,2,2,9407,69.5,47035,99.47343179274881
random,2,2,9408,69.5,47040,99.47348684285286
random,2,2,9409,69.5,47045,99.47353988749661
random,2,2,9410,69.5,47050,99.47359292145325
random,2,2,9411,69.5,47055,99.473645944726
random,2,2,9412,69.5,47060,99.47369696455671
random,2,2,9413,69.5,47065,99.47374996687275
random,2,2,9414,69.5,47070,99.47380295851448
random,2,2,9415,69.5,47075,99.47385793104284
random,2,2,9416,69.5,47080,99.47391289208629
random,2,2,9417,69.5,47085,99.47396784164843
random,2,2,9418,69.5,47090,99.47402238167207
random,2,2,9419,69.5,47095,99.47407492048694
random,2,2,9420,69.5,47100,99.47412545928898
random,2,2,9421,69.5,47105,99.4741759883789
random,2,2,9422,69.5,47110,99.47422849651288
random,2,2,9423,69.51,47115,99.474207339766
random,2,2,9424,69.54,47120,99.47403730447522
random,2,2,9425,69.54,47125,99.47409219646293
random,2,2,9426,69.56,47130,99.4739958394553
random,2,2,9427,69.57,47135,99.47397352250225
random,2,2,9428,69.57,47140,99.47402641586464
random,2,2,9429,69.57,47145,99.47407969616518
random,2,2,9430,69.59,47150,99.47398178929339
random,2,2,9431,69.61,47155,99.4738839022532
random,2,2,9432,69.61,47160,99.47393718079904
random,2,2,9433,69.61,47165,99.4739904485552
random,2,2,9434,69.62,47170,99.47396814794777
random,2,2,9435,69.65,47175,99.47379435445181
random,2,2,9436,69.66,47180,99.47377168066718
random,2,2,9437,69.67999999999999,47185,99.47367347663292
random,2,2,9438,69.67999999999999,47190,99.47372634676358
random,2,2,9439,69.69,47195,99.47370368664185
random,2,2,9440,69.69,47200,99.47375852999743
random,2,2,9441,69.69,47205,99.47380938898013
random,2,2,9442,69.69,47210,99.47386222422875
random,2,2,9443,69.69,47215,99.4739130631712
random,2,2,9444,69.69,47220,99.47396389228979
random,2,2,9445,69.69,47225,99.47401669651693
random,2,2,9446,69.69,47230,99.47407345916126
random,2,2,9447,69.69,47235,99.4741302095556
random,2,2,9448,69.69,47240,99.47418734443106
random,2,2,9449,69.69,47245,99.47424248368183
random,2,2,9450,69.69,47250,99.4742972148087
random,2,2,9451,69.71000000000001,47255,99.47420147790794
random,2,2,9452,69.74000000000001,47260,99.47402994575133
random,2,2,9453,69.78,47265,99.47378105430809
random,2,2,9454,69.78,47270,99.4738338271011
random,2,2,9455,69.78,47275,99.47388658931035
random,2,2,9456,69.81,47280,99.4737147625987
random,2,2,9457,69.85,47285,99.47346759093143
random,2,2,9458,69.91000000000001,47290,99.47306813633749
random,2,2,9459,69.94,47295,99.47289287154307
random,2,2,9460,69.94,47300,99.47294371560362
random,2,2,9461,69.94,47305,99.47299454985642
random,2,2,9462,69.94,47310,99.47304735943534
random,2,2,9463,69.94,47315,99.4730981736983
random,2,2,9464,69.97,47320,99.47292100594724
random,2,2,9465,69.97,47325,99.47296983793653
random,2,2,9466,69.97,47330,99.47302064535954
random,2,2,9467,69.97,47335,99.47307144298749
random,2,2,9468,69.97,47340,99.47312223082322
random,2,2,9469,69.97,47345,99.47317300886954
random,2,2,9470,69.97,47350,99.47322377712932
random,2,2,9471,69.97,47355,99.47327453560536
random,2,2,9472,69.97,47360,99.47332528430047
random,2,2,9473,69.97,47365,99.47337404141206
random,2,2,9474,69.97,47370,99.47342278949705
random,2,2,9475,69.97,47375,99.47347350962978
random,2,2,9476,69.97,47380,99.47352421999268
random,2,2,9477,69.99,47385,99.47342444893519
random,2,2,9478,70.0,47390,99.47339992567417
random,2,2,9479,70.0,47395,99.47345260885427
random,2,2,9480,70.0,47400,99.47350330151036
random,2,2,9481,70.0,47405,99.47355358848436
random,2,2,9482,70.0,47410,99.47360188661084
random,2,2,9483,70.0,47415,99.47365017587603
random,2,2,9484,70.0,47420,99.47369647775128
random,2,2,9485,70.0,47425,99.47374474966414
random,2,2,9486,70.00999999999999,47430,99.4737198183841
random,2,2,9487,70.02000000000001,47435,99.47369489186391
random,2,2,9488,70.02000000000001,47440,99.47374354580506
random,2,2,9489,70.03,47445,99.47371703967902
random,2,2,9490,70.04,47450,99.47369053845276
random,2,2,9491,70.05,47455,99.47366404212491
random,2,2,9492,70.05,47460,99.47371228553118
random,2,2,9493,70.06,47465,99.47368579207058
random,2,2,9494,70.06,47470,99.47373441991726
random,2,2,9495,70.06,47475,99.47378303877902
random,2,2,9496,70.06,47480,99.47383362447972
random,2,2,9497,70.06,47485,99.47388182992401
random,2,2,9498,70.06,47490,99.4739320016189
random,2,2,9499,70.07,47495,99.47390905766879
random,2,2,9500,70.07,47500,99.47396119159389
random,2,2,9501,70.08,47505,99.47393824929833
random,2,2,9502,70.12,47510,99.47369013619355
random,2,2,9503,70.16,47515,99.47344009630582
random,2,2,9504,70.19,47520,99.47326514822345
random,2,2,9505,70.19,47525,99.47331732049905
random,2,2,9506,70.19,47530,99.47337145806854
random,2,2,9507,70.19,47535,99.47342360928766
random,2,2,9508,70.19,47540,99.4734757501789
random,2,2,9509,70.19,47545,99.47352630118286
random,2,2,9510,70.23,47550,99.47328039887591
random,2,2,9511,70.23,47555,99.47333688291626
random,2,2,9512,70.23,47560,99.4733913805049
random,2,2,9513,70.25,47565,99.47329591547542
random,2,2,9514,70.27,47570,99.47320086512907
random,2,2,9515,70.3,47575,99.47303047952727
random,2,2,9516,70.3,47580,99.47308340647454
random,2,2,9517,70.3,47585,99.4731363227913
random,2,2,9518,70.3,47590,99.47319120236801
random,2,2,9519,70.3,47595,99.4732460705131
random,2,2,9520,70.3,47600,99.47330092723011
random,2,2,9521,70.3,47605,99.47335379986845
random,2,2,9522,70.3,47610,99.47340863415084
random,2,2,9523,70.3,47615,99.47346345701574
random,2,2,9524,70.33,47620,99.47329359631956
random,2,2,9525,70.38,47625,99.47297597839786
random,2,2,9526,70.38,47630,99.4730328017988
random,2,2,9527,70.38,47635,99.47309000742675
random,2,2,9528,70.42,47640,99.47284776738827
random,2,2,9529,70.46,47645,99.47260557993177
random,2,2,9530,70.46,47650,99.4726624186279
random,2,2,9531,70.46,47655,99.47271885048818
random,2,2,9532,70.46,47660,99.47277527027188
random,2,2,9533,70.46,47665,99.47283167798291
random,2,2,9534,70.46,47670,99.4728857076169
random,2,2,9535,70.46,47675,99.472939726177
random,2,2,9536,70.46,47680,99.47299373366661
random,2,2,9537,70.46,47685,99.47304575961134
random,2,2,9538,70.48,47690,99.47294821461955
random,2,2,9539,70.48,47695,99.47300062884005
random,2,2,9540,70.48,47700,99.4730510627576
random,2,2,9541,70.50999999999999,47705,99.47287878753897
random,2,2,9542,70.55,47710,99.4726337663891
random,2,2,9543,70.55,47715,99.47268776762684
random,2,2,9544,70.55,47720,99.47274372804189
random,2,2,9545,70.55,47725,99.47279770676344
random,2,2,9546,70.55,47730,99.4728516744338
random,2,2,9547,70.55,47735,99.47290366203076
random,2,2,9548,70.55,47740,99.47295603310329
random,2,2,9549,70.55,47745,99.47300839376993
random,2,2,9550,70.55,47750,99.47306074403375
random,2,2,9551,70.55,47755,99.47311505135914
random,2,2,9552,70.55,47760,99.47316974090107
random,2,2,9553,70.57,47765,99.47307705230776
random,2,2,9554,70.59,47770,99.47298477710667
random,2,2,9555,70.59,47775,99.47304182296624
random,2,2,9556,70.59,47780,99.47309885647748
random,2,2,9557,70.59,47785,99.47315587764439
random,2,2,9558,70.59,47790,99.473212886471
random,2,2,9559,70.59,47795,99.47326948992429
random,2,2,9560,70.59,47800,99.4733241164432
random,2,2,9561,70.59,47805,99.47337873163279
random,2,2,9562,70.59,47810,99.47343529945337
random,2,2,9563,70.59,47815,99.47348989158769
random,2,2,9564,70.59,47820,99.4735444724034
random,2,2,9565,70.59,47825,99.47359904190402
random,2,2,9566,70.59,47830,99.47365360009306
random,2,2,9567,70.59,47835,99.47370814697403
random,2,2,9568,70.59,47840,99.47376464405124
random,2,2,9569,70.59,47845,99.47382112899992
random,2,2,9570,70.59,47850,99.47387760182394
random,2,2,9571,70.59,47855,99.47393406252725
random,2,2,9572,70.59,47860,99.47399051111371
random,2,2,9573,70.59,47865,99.47404694758724
random,2,2,9574,70.59,47870,99.47410337195173
random,2,2,9575,70.59,47875,99.4741578256549
random,2,2,9576,70.59,47880,99.47421226808247
random,2,2,9577,70.59,47885,99.4742686569832
random,2,2,9578,70.59,47890,99.47432307646481
random,2,2,9579,70.59,47895,99.47437709329564
random,2,2,9580,70.59,47900,99.47443109902643
random,2,2,9581,70.59,47905,99.47448313752699
random,2,2,9582,70.59,47910,99.47453320996266
random,2,2,9583,70.59,47915,99.47458327285719
random,2,2,9584,70.59,47920,99.47463528122901
random,2,2,9585,70.59,47925,99.47468923391995
random,2,2,9586,70.59,47930,99.47474317553058
random,2,2,9587,70.59,47935,99.47479515225285
random,2,2,9588,70.59,47940,99.47484711868945
random,2,2,9589,70.59,47945,99.4749010278818
random,2,2,9590,70.59,47950,99.47495726915302
random,2,2,9591,70.59,47955,99.47501310793876
random,2,2,9592,70.59,47960,99.47506893484876
random,2,2,9593,70.61,47965,99.47497603895037
random,2,2,9594,70.61,47970,99.47503185793073
random,2,2,9595,70.64,47975,99.47486308452518
random,2,2,9596,70.7,47980,99.47446939620474
random,2,2,9597,70.7,47985,99.4745217367391
random,2,2,9598,70.7,47990,99.47457601926307
random,2,2,9599,70.7,47995,99.47462833856228
random,2,2,9600,70.74000000000001,48000,99.47438304651271
random,2,2,9601,70.8,48005,99.47398960312218
random,2,2,9602,70.8,48010,99.47404391881854
random,2,2,9603,70.83,48015,99.4738753835629
random,2,2,9604,70.83,48020,99.47393165344997
random,2,2,9605,70.83,48025,99.47398791130202
random,2,2,9606,70.83,48030,99.4740422043446
random,2,2,9607,70.83,48035,99.47409609570367
random,2,2,9608,70.83,48040,99.4741480240275
random,2,2,9609,70.83,48045,99.47419994209741
random,2,2,9610,70.83,48050,99.47425184991646
random,2,2,9611,70.83,48055,99.47430374748767
random,2,2,9612,70.83,48060,99.47435563481409
random,2,2,9613,70.83,48065,99.47440751189873
random,2,2,9614,70.83,48070,99.47445937874465
random,2,2,9615,70.83,48075,99.47450928604337
random,2,2,9616,70.83,48080,99.4745630817324
random,2,2,9617,70.83,48085,99.4746168664082
random,2,2,9618,70.83,48090,99.47467102969819
random,2,2,9619,70.83,48095,99.47472518182163
random,2,2,9620,70.83,48100,99.47477737545891
random,2,2,9621,70.83,48105,99.47482955872485
random,2,2,9622,70.83,48110,99.47488173162253
random,2,2,9623,70.83,48115,99.47493584031764
random,2,2,9624,70.83,48120,99.47498799210148
random,2,2,9625,70.83,48125,99.47504207890155
random,2,2,9626,70.83,48130,99.47509615455873
random,2,2,9627,70.83,48135,99.47515021907644
random,2,2,9628,70.83,48140,99.47520232828492
random,2,2,9629,70.83,48145,99.47525442714719
random,2,2,9630,70.83,48150,99.47530651566635
random,2,2,9631,70.83,48155,99.47535859384548
random,2,2,9632,70.83,48160,99.47541066168765
random,2,2,9633,70.84,48165,99.47539060590755
random,2,2,9634,70.85000000000001,48170,99.47537055425602
random,2,2,9635,70.87,48175,99.47527452390067
random,2,2,9636,70.87,48180,99.47532852119193
random,2,2,9637,70.87,48185,99.47538444911295
random,2,2,9638,70.87,48190,99.47544036511187
random,2,2,9639,70.87,48195,99.47549432827823
random,2,2,9640,70.87,48200,99.47554828034302
random,2,2,9641,70.87,48205,99.47560222130963
random,2,2,9642,70.87,48210,99.4756561511815
random,2,2,9643,70.87,48215,99.4757120092799
random,2,2,9644,70.87,48220,99.47576591657376
random,2,2,9645,70.89999999999999,48225,99.47559792191808
random,2,2,9646,70.89999999999999,48230,99.47564989091447
random,2,2,9647,70.89999999999999,48235,99.47570184961148
random,2,2,9648,70.89999999999999,48240,99.47575379801215
random,2,2,9649,70.89999999999999,48245,99.47580573611957
random,2,2,9650,70.89999999999999,48250,99.47585766393678
random,2,2,9651,70.92,48255,99.47576367970727
random,2,2,9652,70.95,48260,99.47559580299254
random,2,2,9653,71.0,48265,99.47528015236091
random,2,2,9654,71.04,48270,99.47503846318693
random,2,2,9655,71.04,48275,99.47509237975115
random,2,2,9656,71.05,48280,99.47507240380638
random,2,2,9657,71.05,48285,99.47512630581261
random,2,2,9658,71.05,48290,99.47518213506692
random,2,2,9659,71.05,48295,99.47523795244571
random,2,2,9660,71.05,48300,99.4752941454495
random,2,2,9661,71.05,48305,99.47535032641997
random,2,2,9662,71.05,48310,99.47540649536099
random,2,2,9663,71.05,48315,99.4754626522764
random,2,2,9664,71.05,48320,99.4755187971701
random,2,2,9665,71.06,48325,99.47550111933936
random,2,2,9666,71.06,48330,99.47555724809995
random,2,2,9667,71.06,48335,99.47561297787774
random,2,2,9668,71.06,48340,99.47566676136049
random,2,2,9669,71.06,48345,99.47572053381182
random,2,2,9670,71.06,48350,99.47577429523513
random,2,2,9671,71.06,48355,99.47582804563379
random,2,2,9672,71.06,48360,99.47588178501123
random,2,2,9673,71.06,48365,99.4759355133708
random,2,2,9674,71.08,48370,99.4758436793001
random,2,2,9675,71.08,48375,99.4758993325606
random,2,2,9676,71.08,48380,99.47595497400418
random,2,2,9677,71.08,48385,99.4760106036346
random,2,2,9678,71.12,48390,99.47577137971194
random,2,2,9679,71.16,48395,99.47553220656779
random,2,2,9680,71.17,48400,99.47551416856062
random,2,2,9681,71.17,48405,99.4755698213533
random,2,2,9682,71.17,48410,99.47562584869112
random,2,2,9683,71.17,48415,99.475681477787
random,2,2,9684,71.17,48420,99.47573709508112
random,2,2,9685,71.2,48425,99.47557211988186
random,2,2,9686,71.2,48430,99.47562812312428
random,2,2,9687,71.2,48435,99.47568372830108
random,2,2,9688,71.22,48440,99.47559012678025
random,2,2,9689,71.22,48445,99.4756437941243
random,2,2,9690,71.22,48450,99.47569745048499
random,2,2,9691,71.22,48455,99.47574916636609
random,2,2,9692,71.22,48460,99.47580280116497
random,2,2,9693,71.22,48465,99.47585835370067
random,2,2,9694,71.22,48470,99.47591428012169
random,2,2,9695,71.25,48475,99.47574945753865
random,2,2,9696,71.25,48480,99.47580499798782
random,2,2,9697,71.25,48485,99.47586052667006
random,2,2,9698,71.25,48490,99.47591604358908
random,2,2,9699,71.25,48495,99.47597154874862
random,2,2,9700,71.25,48500,99.4760274274822
random,2,2,9701,71.25,48505,99.47608329430001
random,2,2,9702,71.25,48510,99.47613914920586
random,2,2,9703,71.25,48515,99.47619499220359
random,2,2,9704,71.28999999999999,48520,99.47595678867144
random,2,2,9705,71.28999999999999,48525,99.47601263920137
random,2,2,9706,71.31,48530,99.4759214918489
random,2,2,9707,71.33,48535,99.47583036392055
random,2,2,9708,71.33,48540,99.47588621006874
random,2,2,9709,71.37,48545,99.47564816631143
random,2,2,9710,71.43,48550,99.47526324991514
random,2,2,9711,71.5,48555,99.47480496166077
random,2,2,9712,71.5,48560,99.47486089322123
random,2,2,9713,71.54,48565,99.47462306003794
random,2,2,9714,71.59,48570,99.47431184711205
random,2,2,9715,71.65,48575,99.47392727788021
random,2,2,9716,71.69,48580,99.47368962003459
random,2,2,9717,71.69,48585,99.4737456405453
random,2,2,9718,71.75,48590,99.47336125436175
random,2,2,9719,71.75,48595,99.47341729789315
random,2,2,9720,71.76,48600,99.47339994598974
random,2,2,9721,71.76,48605,99.47345597347909
random,2,2,9722,71.78999999999999,48610,99.47329188536413
random,2,2,9723,71.78999999999999,48615,99.4733479124286
random,2,2,9724,71.82,48620,99.47318387071219
random,2,2,9725,71.82,48625,99.47323989734706
random,2,2,9726,71.85000000000001,48630,99.47307590200458
random,2,2,9727,71.85000000000001,48635,99.47313192820515
random,2,2,9728,71.85000000000001,48640,99.4731879424928
random,2,2,9729,71.89999999999999,48645,99.47287737837507
random,2,2,9730,71.89999999999999,48650,99.47293340781172
random,2,2,9731,71.89999999999999,48655,99.47298942533858
random,2,2,9732,71.92,48660,99.47289885110712
random,2,2,9733,71.92,48665,99.47295486040119
random,2,2,9734,71.96000000000001,48670,99.47271776038407
random,2,2,9735,71.97,48675,99.47270051044818
random,2,2,9736,71.97,48680,99.47275652296224
random,2,2,9737,71.97,48685,99.47281252357767
random,2,2,9738,71.99,48690,99.47272202584901
random,2,2,9739,72.02,48695,99.47255831189365
random,2,2,9740,72.02,48700,99.47261431571671
random,2,2,9741,72.04,48705,99.47252386785566
random,2,2,9742,72.04,48710,99.47257986344475
random,2,2,9743,72.04,48715,99.47263584714638
random,2,2,9744,72.04,48720,99.47269181896435
random,2,2,9745,72.04,48725,99.47274777890244
random,2,2,9746,72.04,48730,99.47280372696443
random,2,2,9747,72.04,48735,99.4728596631541
random,2,2,9748,72.04,48740,99.47291558747523
random,2,2,9749,72.04,48745,99.47297149993159
random,2,2,9750,72.07000000000001,48750,99.47280795052718
random,2,2,9751,72.11,48755,99.47257129357175
random,2,2,9752,72.11,48760,99.47262722475105
random,2,2,9753,72.11,48765,99.47268314406917
random,2,2,9754,72.14,48770,99.47251969459666
random,2,2,9755,72.14,48775,99.47257561345802
random,2,2,9756,72.17,48780,99.47241221003506
random,2,2,9757,72.22,48785,99.47210264979324
random,2,2,9758,72.22,48790,99.47215859507358
random,2,2,9759,72.22,48795,99.47221452849728
random,2,2,9760,72.25,48800,99.47205123258682
random,2,2,9761,72.25,48805,99.4721071655333
random,2,2,9762,72.27,48810,99.47201697260508
random,2,2,9763,72.27,48815,99.47207289733143
random,2,2,9764,72.27,48820,99.47212881021179
random,2,2,9765,72.27,48825,99.47218471124991
random,2,2,9766,72.27,48830,99.47224060044955
random,2,2,9767,72.27,48835,99.47229647781447
random,2,2,9768,72.27,48840,99.47235234334845
random,2,2,9769,72.27,48845,99.4724081970552
random,2,2,9770,72.27,48850,99.47246403893854
random,2,2,9771,72.27,48855,99.47251986900216
random,2,2,9772,72.27,48860,99.47257568724986
random,2,2,9773,72.28999999999999,48865,99.47248554972347
random,2,2,9774,72.28999999999999,48870,99.47254135979115
random,2,2,9775,72.33000000000001,48875,99.47230533188296
random,2,2,9776,72.37,48880,99.47206935390685
random,2,2,9777,72.41,48885,99.47183342584698
random,2,2,9778,72.42,48890,99.47181634787479
random,2,2,9779,72.42,48895,99.47187219919796
random,2,2,9780,72.42,48900,99.47192803871069
random,2,2,9781,72.42,48905,99.47198386641674
random,2,2,9782,72.42,48910,99.47203968231982
random,2,2,9783,72.42,48915,99.4720954864237
random,2,2,9784,72.44,48920,99.47200550443736
random,2,2,9785,72.44,48925,99.47206130035879
random,2,2,9786,72.44,48930,99.47211708448896
random,2,2,9787,72.47,48935,99.47195426469612
random,2,2,9788,72.53,48940,99.47157291026137
random,2,2,9789,72.56,48945,99.47141018234747
random,2,2,9790,72.56,48950,99.47146601168077
random,2,2,9791,72.6,48955,99.47123049616205
random,2,2,9792,72.6,48960,99.47128633267887
random,2,2,9793,72.6,48965,99.47134215740459
random,2,2,9794,72.61,48970,99.47132516014602
random,2,2,9795,72.61,48975,99.47138096898685
random,2,2,9796,72.61,48980,99.47143676604617
random,2,2,9797,72.61,48985,99.47149255132769
random,2,2,9798,72.61999999999999,48990,99.4714755453729
random,2,2,9799,72.61999999999999,48995,99.47153131478963
random,2,2,9800,72.61999999999999,49000,99.47158707243811
random,2,2,9801,72.61999999999999,49005,99.47164281832211
random,2,2,9802,72.63,49010,99.47162580369185
random,2,2,9803,72.67,49015,99.4713905694099
random,2,2,9804,72.69,49020,99.47130085156275
random,2,2,9805,72.69,49025,99.47135660411526
random,2,2,9806,72.69,49030,99.47141234491053
random,2,2,9807,72.7,49035,99.47139536354838
random,2,2,9808,72.7,49040,99.4714510885054
random,2,2,9809,72.7,49045,99.47150680171472
random,2,2,9810,72.7,49050,99.47156250318008
random,2,2,9811,72.7,49055,99.47161819290514
random,2,2,9812,72.7,49060,99.47167387089367
random,2,2,9813,72.72,49065,99.47158420827373
random,2,2,9814,72.8,49070,99.47105862385148
random,2,2,9815,72.87,49075,99.47060541468879
random,2,2,9816,72.87,49080,99.4706611759356
random,2,2,9817,72.87,49085,99.47071692543696
random,2,2,9818,72.87,49090,99.47077266319658
random,2,2,9819,72.87,49095,99.47082800494097
random,2,2,9820,72.92,49100,99.47051835759035
random,2,2,9821,72.96000000000001,49105,99.4702832996936
random,2,2,9822,72.96000000000001,49110,99.47033867544015
random,2,2,9823,73.02,49115,99.46995658463891
random,2,2,9824,73.09,49120,99.46950198945827
random,2,2,9825,73.09,49125,99.46955358024118
random,2,2,9826,73.16,49130,99.46909718946613
random,2,2,9827,73.21,49135,99.4687860080513
random,2,2,9828,73.22,49140,99.4687670272792
random,2,2,9829,73.22,49145,99.46882059600621
random,2,2,9830,73.26,49150,99.46858207309572
random,2,2,9831,73.26,49155,99.46863564986236
random,2,2,9832,73.26,49160,99.46868921582706
random,2,2,9833,73.26,49165,99.46874277099303
random,2,2,9834,73.26,49170,99.46879438949422
random,2,2,9835,73.28,49175,99.46870099277801
random,2,2,9836,73.33,49180,99.46839012755592
random,2,2,9837,73.39,49185,99.46800683421661
random,2,2,9838,73.42999999999999,49190,99.46776857826876
random,2,2,9839,73.42999999999999,49195,99.46782026631453
random,2,2,9840,73.48,49200,99.46750960736442
random,2,2,9841,73.48,49205,99.46756323954583
random,2,2,9842,73.48,49210,99.46761878955003
random,2,2,9843,73.53,49215,99.4673121030921
random,2,2,9844,73.56,49220,99.4671503554504
random,2,2,9845,73.56,49225,99.46720400161954
random,2,2,9846,73.61,49230,99.46689745326029
random,2,2,9847,73.61,49235,99.46695111389185
random,2,2,9848,73.63,49240,99.46685994773591
random,2,2,9849,73.68,49245,99.46655352890625
random,2,2,9850,73.68,49250,99.4666091384449
random,2,2,9851,73.71,49255,99.4664475803387
random,2,2,9852,73.71,49260,99.46650318932804
random,2,2,9853,73.71,49265,99.46655917277954
random,2,2,9854,73.71,49270,99.46661514448282
random,2,2,9855,73.71,49275,99.46667110444159
random,2,2,9856,73.76,49280,99.46636531548184
random,2,2,9857,73.82,49285,99.46598725082539
random,2,2,9858,73.86,49290,99.4657539299925
random,2,2,9859,73.87,49295,99.4657376321191
random,2,2,9860,73.87,49300,99.46579365475388
random,2,2,9861,73.87,49305,99.46584966564083
random,2,2,9862,73.87,49310,99.46590566478368
random,2,2,9863,73.91,49315,99.46567247479457
random,2,2,9864,73.97,49320,99.46529476014888
random,2,2,9865,74.00999999999999,49325,99.4650616830644
random,2,2,9866,74.06,49330,99.46475638321016
random,2,2,9867,74.11,49335,99.46445114733628
random,2,2,9868,74.13,49340,99.46436274485009
random,2,2,9869,74.21,49345,99.46384086744928
random,2,2,9870,74.22999999999999,49350,99.4637525474102
random,2,2,9871,74.27,49355,99.463519778329
random,2,2,9872,74.27,49360,99.46357596282951
random,2,2,9873,74.31,49365,99.46334326098952
random,2,2,9874,74.38,49370,99.46289397463514
random,2,2,9875,74.46000000000001,49375,99.46237257883541
random,2,2,9876,74.53999999999999,49380,99.46185129219944
random,2,2,9877,74.55000000000001,49385,99.4618354335347
random,2,2,9878,74.57000000000001,49390,99.46174739733898
random,2,2,9879,74.57000000000001,49395,99.46180372616297
random,2,2,9880,74.57000000000001,49400,99.46186004319841
random,2,2,9881,74.57000000000001,49405,99.46191634844904
random,2,2,9882,74.57000000000001,49410,99.46197264191852
random,2,2,9883,74.58,49415,99.46195678051328
random,2,2,9884,74.58,49420,99.4620130579775
random,2,2,9885,74.58,49425,99.4620693236701
random,2,2,9886,74.59,49430,99.46205345713052
random,2,2,9887,74.59,49435,99.46210970683212
random,2,2,9888,74.62,49440,99.46194962862123
random,2,2,9889,74.63,49445,99.46193377957093
random,2,2,9890,74.67,49450,99.46170166290716
random,2,2,9891,74.69,49455,99.46161376031324
random,2,2,9892,74.69,49460,99.46167002657414
random,2,2,9893,74.69,49465,99.46172628107558
random,2,2,9894,74.69,49470,99.4617825238213
random,2,2,9895,74.72999999999999,49475,99.46155054421368
random,2,2,9896,74.72999999999999,49480,99.46160679356694
random,2,2,9897,74.72999999999999,49485,99.46166303116922
random,2,2,9898,74.79,49490,99.46128707658022
random,2,2,9899,74.79,49495,99.46134333582532
random,2,2,9900,74.79,49500,99.46139958332103
random,2,2,9901,74.8,49505,99.46138381155922
random,2,2,9902,74.83,49510,99.46122404310208
random,2,2,9903,74.83,49515,99.46128028543578
random,2,2,9904,74.83,49520,99.46133651602852
random,2,2,9905,74.83,49525,99.46139273488401
random,2,2,9906,74.83,49530,99.4614489420059
random,2,2,9907,74.83,49535,99.46150513739786
random,2,2,9908,74.83,49540,99.46156132106358
random,2,2,9909,74.83,49545,99.46161749300671
random,2,2,9910,74.83,49550,99.46167365323093
random,2,2,9911,74.83,49555,99.4617298017399
random,2,2,9912,74.83,49560,99.46178593853729
random,2,2,9913,74.83,49565,99.46184206362678
random,2,2,9914,74.83,49570,99.46189817701199
random,2,2,9915,74.83,49575,99.46195427869661
random,2,2,9916,74.83,49580,99.4620103686843
random,2,2,9917,74.83,49585,99.46206644697871
random,2,2,9918,74.83,49590,99.46212251358351
random,2,2,9919,74.83,49595,99.46217856850234
random,2,2,9920,74.83,49600,99.46223461173885
random,2,2,9921,74.85000000000001,49605,99.46214692838112
random,2,2,9922,74.85000000000001,49610,99.46220296323652
random,2,2,9923,74.85000000000001,49615,99.46225898641747
random,2,2,9924,74.85000000000001,49620,99.46231499792756
random,2,2,9925,74.85000000000001,49625,99.46237099777048
random,2,2,9926,74.85000000000001,49630,99.46242698594985
random,2,2,9927,74.85000000000001,49635,99.46248296246932
random,2,2,9928,74.85000000000001,49640,99.46253892733253
random,2,2,9929,74.85000000000001,49645,99.46259488054314
random,2,2,9930,74.85000000000001,49650,99.46265082210476
random,2,2,9931,74.85000000000001,49655,99.46270675202105
random,2,2,9932,74.85000000000001,49660,99.46276267029562
random,2,2,9933,74.85000000000001,49665,99.46281857693214
random,2,2,9934,74.85000000000001,49670,99.4628744719342
random,2,2,9935,74.85000000000001,49675,99.46293035530547
random,2,2,9936,74.85000000000001,49680,99.46298622704957
random,2,2,9937,74.85000000000001,49685,99.46304208717012
random,2,2,9938,74.85000000000001,49690,99.46309793567075
random,2,2,9939,74.85000000000001,49695,99.46315377255507
random,2,2,9940,74.85000000000001,49700,99.46320959782673
random,2,2,9941,74.85000000000001,49705,99.46326541148935
random,2,2,9942,74.85000000000001,49710,99.46332121354654
random,2,2,9943,74.85000000000001,49715,99.46337700400191
random,2,2,9944,74.85000000000001,49720,99.4634327828591
random,2,2,9945,74.85000000000001,49725,99.46348855012171
random,2,2,9946,74.85000000000001,49730,99.46354430579336
random,2,2,9947,74.85000000000001,49735,99.46359966547537
random,2,2,9948,74.85000000000001,49740,99.46365501373286
random,2,2,9949,74.85000000000001,49745,99.46370842934277
random,2,2,9950,74.85000000000001,49750,99.46376375515818
random,2,2,9951,74.85000000000001,49755,99.46381906955953
random,2,2,9952,74.85000000000001,49760,99.46387245249882
random,2,2,9953,74.85000000000001,49765,99.46392582480938
random,2,2,9954,74.85000000000001,49770,99.46398110578156
random,2,2,9955,74.85000000000001,49775,99.46403637535354
random,2,2,9956,74.85000000000001,49780,99.4640916335289
random,2,2,9957,74.85000000000001,49785,99.46414726392948
random,2,2,9958,74.85000000000001,49790,99.46420288278176
random,2,2,9959,74.85000000000001,49795,99.46425849008932
random,2,2,9960,74.85000000000001,49800,99.46431408585575
random,2,2,9961,74.85000000000001,49805,99.46436967008464
random,2,2,9962,74.89,49810,99.4641386470592
random,2,2,9963,74.92,49815,99.46397921738962
random,2,2,9964,74.92,49820,99.46403443571596
random,2,2,9965,74.92,49825,99.46408964266682
random,2,2,9966,74.92999999999999,49830,99.46407369791295
random,2,2,9967,74.92999999999999,49835,99.46412888941016
random,2,2,9968,74.94,49840,99.46411064463328
random,2,2,9969,74.94,49845,99.46416582115837
random,2,2,9970,74.94,49850,99.46421868800068
random,2,2,9971,74.95,49855,99.46419814160039
random,2,2,9972,74.96000000000001,49860,99.46417759910678
random,2,2,9973,74.96000000000001,49865,99.46422853483372
random,2,2,9974,74.96000000000001,49870,99.4642794608776
random,2,2,9975,74.99,49875,99.46411599505491
random,2,2,9976,74.99,49880,99.4641669221145
random,2,2,9977,74.99,49885,99.46421783949542
random,2,2,9978,74.99,49890,99.46426874720044
random,2,2,9979,74.99,49895,99.46431773194743
random,2,2,9980,75.02,49900,99.46415242584953
random,2,2,9981,75.02,49905,99.46420141227424
random,2,2,9982,75.06,49910,99.46396664681359
random,2,2,9983,75.08,49915,99.46387665449893
random,2,2,9984,75.1,49920,99.46378667991848
random,2,2,9985,75.11,49925,99.4637662017784
random,2,2,9986,75.11,49930,99.46381749663949
random,2,2,9987,75.11,49935,99.46386878168802
random,2,2,9988,75.11,49940,99.46392005692682
random,2,2,9989,75.11,49945,99.4639713223587
random,2,2,9990,75.11,49950,99.46402257798647
random,2,2,9991,75.11,49955,99.46407535338847
random,2,2,9992,75.11,49960,99.46412620680405
random,2,2,9993,75.11,49965,99.46417705056967
random,2,2,9994,75.11,49970,99.46422979555705
random,2,2,9995,75.11,49975,99.46428291225823
random,2,2,9996,75.11,49980,99.46433601842838
random,2,2,9997,75.12,49985,99.46431551188817
random,2,2,9998,75.12,49990,99.46436631297635
random,2,2,9999,75.12,49995,99.46441710443011
random,2,2,10000,75.12,50000,99.46446826803391
random,2,2,10001,75.13,50005,99.4644477567468
random,2,2,10002,75.17,50010,99.46421341939752
random,2,2,10003,75.18,50015,99.46419102680328
random,2,2,10004,75.19,50020,99.46417054755227
random,2,2,10005,75.19,50025,99.4642213288223
random,2,2,10006,75.19,50030,99.46427400898885
random,2,2,10007,75.19,50035,99.46432896855364
random,2,2,10008,75.19,50040,99.46438429838902
random,2,2,10009,75.19,50045,99.46443923532836
random,2,2,10010,75.19,50050,99.46449416099931
random,2,2,10011,75.19,50055,99.4645471688439
random,2,2,10012,75.19,50060,99.46459825999774
random,2,2,10013,75.19,50065,99.46464934140263
random,2,2,10014,75.19,50070,99.46470041306134
random,2,2,10015,75.19,50075,99.46475147497665
random,2,2,10016,75.19,50080,99.46480252715136
random,2,2,10017,75.19,50085,99.46485547396837
random,2,2,10018,75.19,50090,99.46491031430025
random,2,2,10019,75.19,50095,99.46496514339347
random,2,2,10020,75.19,50100,99.46501996125147
random,2,2,10021,75.19,50105,99.46507476787774
random,2,2,10022,75.19,50110,99.46512766084584
random,2,2,10023,75.19,50115,99.46518054335495
random,2,2,10024,75.19,50120,99.46523341540816
random,2,2,10025,75.19,50125,99.46528627700859
random,2,2,10026,75.19,50130,99.4653410290852
random,2,2,10027,75.19,50135,99.46539615005595
random,2,2,10028,75.19,50140,99.46545125966244
random,2,2,10029,75.19,50145,99.46550635790815
random,2,2,10030,75.19,50150,99.4655614447966
random,2,2,10031,75.19,50155,99.4656161405389
random,2,2,10032,75.19,50160,99.46566892650549
random,2,2,10033,75.2,50165,99.46564874647733
random,2,2,10034,75.2,50170,99.465701518985
random,2,2,10035,75.21,50175,99.4656832377564
random,2,2,10036,75.22,50180,99.46566685799041
random,2,2,10037,75.24,50185,99.46557755482553
random,2,2,10038,75.25,50190,99.46555929131387
random,2,2,10039,75.25,50195,99.46561204641824
random,2,2,10040,75.25,50200,99.46566668820567
random,2,2,10041,75.25,50205,99.46572131881989
random,2,2,10042,75.25,50210,99.46577593826429
random,2,2,10043,75.25,50215,99.4658305465423
random,2,2,10044,75.25,50220,99.46588324811125
random,2,2,10045,75.25,50225,99.46593593928206
random,2,2,10046,75.28,50230,99.46577382958837
random,2,2,10047,75.31,50235,99.4656117507229
random,2,2,10048,75.33,50240,99.46552027517936
random,2,2,10049,75.36,50245,99.46535787181784
random,2,2,10050,75.37,50250,99.46533737587556
random,2,2,10051,75.39,50255,99.46524595210549
random,2,2,10052,75.4,50260,99.46522926344906
random,2,2,10053,75.41,50265,99.46521295743405
random,2,2,10054,75.42999999999999,50270,99.46512574473245
random,2,2,10055,75.42999999999999,50275,99.46518035539307
random,2,2,10056,75.44999999999999,50280,99.46509278460148
random,2,2,10057,75.44999999999999,50285,99.46514738751614
random,2,2,10058,75.46000000000001,50290,99.46513109816823
random,2,2,10059,75.46000000000001,50295,99.46518606507068
random,2,2,10060,75.46000000000001,50300,99.46524102067673
random,2,2,10061,75.46000000000001,50305,99.46529558610221
random,2,2,10062,75.46000000000001,50310,99.46535014039341
random,2,2,10063,75.46000000000001,50315,99.46540278988049
random,2,2,10064,75.46000000000001,50320,99.46545732229963
random,2,2,10065,75.46000000000001,50325,99.46551184359457
random,2,2,10066,75.47,50330,99.46549363755412
random,2,2,10067,75.51,50335,99.46526298495286
random,2,2,10068,75.52,50340,99.4652429136897
random,2,2,10069,75.52,50345,99.46529364951246
random,2,2,10070,75.52,50350,99.46534437570885
random,2,2,10071,75.52,50355,99.46539509228164
random,2,2,10072,75.53999999999999,50360,99.46530423297276
random,2,2,10073,75.57000000000001,50365,99.46514261448085
random,2,2,10074,75.57000000000001,50370,99.46519522815719
random,2,2,10075,75.57000000000001,50375,99.46524972349653
random,2,2,10076,75.59,50380,99.46516080553477
random,2,2,10077,75.62,50385,99.46500115673513
random,2,2,10078,75.66000000000001,50390,99.46477079796266
random,2,2,10079,75.7,50395,99.4645404844883
random,2,2,10080,75.7,50400,99.4645931261396
random,2,2,10081,75.74,50405,99.46436098137781
random,2,2,10082,75.74,50410,99.46441173683623
random,2,2,10083,75.74,50415,99.4644624826767
random,2,2,10084,75.74,50420,99.46451511185866
random,2,2,10085,75.74,50425,99.46456773069751
random,2,2,10086,75.74,50430,99.4646203391963
random,2,2,10087,75.77000000000001,50435,99.46446052013133
random,2,2,10088,75.77000000000001,50440,99.46451502107098
random,2,2,10089,75.77000000000001,50445,99.46456951091885
random,2,2,10090,75.77000000000001,50450,99.46462398967827
random,2,2,10091,75.77000000000001,50455,99.46467845735268
random,2,2,10092,75.77000000000001,50460,99.46473329207745
random,2,2,10093,75.77000000000001,50465,99.4647881155696
random,2,2,10094,75.77000000000001,50470,99.46484292783254
random,2,2,10095,75.77000000000001,50475,99.46489772886974
random,2,2,10096,75.77000000000001,50480,99.46495251868464
random,2,2,10097,75.77000000000001,50485,99.46500729728069
random,2,2,10098,75.77000000000001,50490,99.46506206466134
random,2,2,10099,75.77000000000001,50495,99.46511682083002
random,2,2,10100,75.77000000000001,50500,99.46517156579017
random,2,2,10101,75.77000000000001,50505,99.46522629954526
random,2,2,10102,75.77000000000001,50510,99.46528102209871
random,2,2,10103,75.77000000000001,50515,99.46533573345395
random,2,2,10104,75.77000000000001,50520,99.46539043361443
random,2,2,10105,75.77000000000001,50525,99.46544512258359
random,2,2,10106,75.77000000000001,50530,99.46549980036484
random,2,2,10107,75.77000000000001,50535,99.46555446696165
random,2,2,10108,75.77000000000001,50540,99.46560912237742
random,2,2,10109,75.77000000000001,50545,99.46566338979704
random,2,2,10110,75.77000000000001,50550,99.46571764619607
random,2,2,10111,75.77000000000001,50555,99.46577189157784
random,2,2,10112,75.77000000000001,50560,99.46582650253481
random,2,2,10113,75.77000000000001,50565,99.46588072581571
random,2,2,10114,75.77000000000001,50570,99.46593493808948
random,2,2,10115,75.77000000000001,50575,99.46598913935942
random,2,2,10116,75.77000000000001,50580,99.46604332962892
random,2,2,10117,75.77000000000001,50585,99.46609750890131
random,2,2,10118,75.77000000000001,50590,99.46615167717994
random,2,2,10119,75.77000000000001,50595,99.46620621052202
random,2,2,10120,75.77000000000001,50600,99.46626073272392
random,2,2,10121,75.77000000000001,50605,99.46631524378905
random,2,2,10122,75.77000000000001,50610,99.46636974372085
random,2,2,10123,75.77000000000001,50615,99.4664242325227
random,2,2,10124,75.78,50620,99.46640829693555
random,2,2,10125,75.78,50625,99.46646277067616
random,2,2,10126,75.78,50630,99.46651723329558
random,2,2,10127,75.78,50635,99.46657168479722
random,2,2,10128,75.78,50640,99.4666261251845
random,2,2,10129,75.78,50645,99.46668017912452
random,2,2,10130,75.78,50650,99.46673422210964
random,2,2,10131,75.79,50655,99.46671601484385
random,2,2,10132,75.79,50660,99.46676816762856
random,2,2,10133,75.79,50665,99.46682218565618
random,2,2,10134,75.79,50670,99.4668743176779
random,2,2,10135,75.79,50675,99.4669264395061
random,2,2,10136,75.79,50680,99.46697855114375
random,2,2,10137,75.79,50685,99.46703065259386
random,2,2,10138,75.79,50690,99.4670827438594
random,2,2,10139,75.79,50695,99.46713482494334
random,2,2,10140,75.8,50700,99.4671165946079
random,2,2,10141,75.8,50705,99.46717053495234
random,2,2,10142,75.8,50710,99.46722446437785
random,2,2,10143,75.8,50715,99.46727651090009
random,2,2,10144,75.8,50720,99.46732854725457
random,2,2,10145,75.8,50725,99.4673805734442
random,2,2,10146,75.8,50730,99.46743258947203
random,2,2,10147,75.8,50735,99.46748459534098
random,2,2,10148,75.8,50740,99.4675347208807
random,2,2,10149,75.8,50745,99.46758483698474
random,2,2,10150,75.8,50750,99.46763681312507
random,2,2,10151,75.8,50755,99.46768877911823
random,2,2,10152,75.8,50760,99.4677407349672
random,2,2,10153,75.8,50765,99.46779081230007
random,2,2,10154,75.8,50770,99.46784274823416
random,2,2,10155,75.8,50775,99.46789280637405
random,2,2,10156,75.81,50780,99.46787266286178
random,2,2,10157,75.81,50785,99.46792270877242
random,2,2,10158,75.81,50790,99.46797274527046
random,2,2,10159,75.84,50795,99.46781225505434
random,2,2,10160,75.85,50800,99.46779399382542
random,2,2,10161,75.85,50805,99.4678458949064
random,2,2,10162,75.86,50810,99.46782950059733
random,2,2,10163,75.88000000000001,50815,99.46774296502522
random,2,2,10164,75.88000000000001,50820,99.46779672191397
random,2,2,10165,75.9,50825,99.46771020713015
random,2,2,10166,75.9,50830,99.4677643296916
random,2,2,10167,75.9,50835,99.46781844124793
random,2,2,10168,75.91,50840,99.46780243278297
random,2,2,10169,75.94999999999999,50845,99.46757612189317
random,2,2,10170,75.97,50850,99.46749004654293
random,2,2,10171,75.99000000000001,50855,99.4674036154036
random,2,2,10172,76.02,50860,99.46724712108809
random,2,2,10173,76.03,50865,99.4672308054534
random,2,2,10174,76.07000000000001,50870,99.4670046671249
random,2,2,10175,76.12,50875,99.46670851542916
random,2,2,10176,76.16000000000001,50880,99.46648247609293
random,2,2,10177,76.16000000000001,50885,99.4665366629963
random,2,2,10178,76.16000000000001,50890,99.46659046530458
random,2,2,10179,76.16000000000001,50895,99.4666442567615
random,2,2,10180,76.21,50900,99.46634791790959
random,2,2,10181,76.27000000000001,50905,99.46598162198192
random,2,2,10182,76.31,50910,99.46575541945656
random,2,2,10183,76.38000000000001,50915,99.4653173829253
random,2,2,10184,76.39,50920,99.46529753717684
random,2,2,10185,76.4,50925,99.4652776951509
random,2,2,10186,76.46,50930,99.46490794051142
random,2,2,10187,76.53,50935,99.46446827851008
random,2,2,10188,76.55,50940,99.46438042354178
random,2,2,10189,76.55,50945,99.4644306383455
random,2,2,10190,76.55,50950,99.46448084373473
random,2,2,10191,76.58,50955,99.46432118904188
random,2,2,10192,76.61,50960,99.46416156427614
random,2,2,10193,76.62,50965,99.46414184365419
random,2,2,10194,76.64,50970,99.46405407011912
random,2,2,10195,76.64,50975,99.46410616068144
random,2,2,10196,76.64,50980,99.46415824111901
random,2,2,10197,76.67,50985,99.4640024552281
random,2,2,10198,76.67,50990,99.46405453543937
random,2,2,10199,76.69,50995,99.46396681333198
random,2,2,10200,76.69,51000,99.46401888688695
random,2,2,10201,76.69,51005,99.46407095032541
random,2,2,10202,76.69,51010,99.4641230036503
random,2,2,10203,76.72,51015,99.46396731262611
random,2,2,10204,76.75999999999999,51020,99.46374216589203
random,2,2,10205,76.8,51025,99.46351706476774
random,2,2,10206,76.85,51030,99.46322216176536
random,2,2,10207,76.85,51035,99.46327652049537
random,2,2,10208,76.92999999999999,51040,99.46277220158647
random,2,2,10209,76.94,51045,99.46275676860836
random,2,2,10210,76.98,51050,99.46253188118729
random,2,2,10211,76.98,51055,99.46258628778232
random,2,2,10212,76.99000000000001,51060,99.46257087830816
random,2,2,10213,76.99000000000001,51065,99.46262526994373
random,2,2,10214,77.01,51070,99.46254006871614
random,2,2,10215,77.03999999999999,51075,99.4623851008656
random,2,2,10216,77.06,51080,99.46229994117816
random,2,2,10217,77.06,51085,99.46235433821303
random,2,2,10218,77.06,51090,99.46240872424275
random,2,2,10219,77.06,51095,99.46246309927064
random,2,2,10220,77.06,51100,99.46251746330003
random,2,2,10221,77.06,51105,99.4625718163343
random,2,2,10222,77.06,51110,99.46262615837675
random,2,2,10223,77.06,51115,99.46268048943072
random,2,2,10224,77.06,51120,99.46273443491599
random,2,2,10225,77.06,51125,99.46278649702079
random,2,2,10226,77.06,51130,99.46283854903672
random,2,2,10227,77.09,51135,99.46268336304873
random,2,2,10228,77.10000000000001,51140,99.4626675940471
random,2,2,10229,77.10000000000001,51145,99.4627215141358
random,2,2,10230,77.10000000000001,51150,99.46277542340404
random,2,2,10231,77.10000000000001,51155,99.46282745056236
random,2,2,10232,77.10000000000001,51160,99.46287759670119
random,2,2,10233,77.10000000000001,51165,99.46292773347841
random,2,2,10234,77.10000000000001,51170,99.46297786089664
random,2,2,10235,77.10000000000001,51175,99.4630279789585
random,2,2,10236,77.10000000000001,51180,99.4630780876666
random,2,2,10237,77.10000000000001,51185,99.46313005622164
random,2,2,10238,77.11,51190,99.46311238851976
random,2,2,10239,77.12,51195,99.4630965931836
random,2,2,10240,77.12,51200,99.46315041325306
random,2,2,10241,77.12,51205,99.46320235433657
random,2,2,10242,77.12,51210,99.46325615320585
random,2,2,10243,77.12,51215,99.46330994129256
random,2,2,10244,77.12,51220,99.46336371859996
random,2,2,10245,77.12,51225,99.46341785847228
random,2,2,10246,77.12,51230,99.46347198742164
random,2,2,10247,77.12,51235,99.46352610545135
random,2,2,10248,77.14,51240,99.46344109954927
random,2,2,10249,77.17,51245,99.46328656129918
random,2,2,10250,77.22,51250,99.46299296925527
random,2,2,10251,77.29,51255,99.46256036547842
random,2,2,10252,77.34,51260,99.46226690584456
random,2,2,10253,77.4,51265,99.46190398392663
random,2,2,10254,77.4,51270,99.46195822182058
random,2,2,10255,77.4,51275,99.4620124487817
random,2,2,10256,77.44,51280,99.4617886630897
random,2,2,10257,77.46,51285,99.46170390935278
random,2,2,10258,77.53999999999999,51290,99.46120225413966
random,2,2,10259,77.58,51295,99.46097861770683
random,2,2,10260,77.58,51300,99.46103291603563
random,2,2,10261,77.62,51305,99.46080934171087
random,2,2,10262,77.68,51310,99.46044689555535
random,2,2,10263,77.77,51315,99.45987616808637
random,2,2,10264,77.77,51320,99.45993055555556
random,2,2,10265,77.77,51325,99.45998493207281
random,2,2,10266,77.77,51330,99.46003929764144
random,2,2,10267,77.78,51335,99.460024228792
random,2,2,10268,77.82,51340,99.45980091352095
random,2,2,10269,77.86,51345,99.45957764320048
random,2,2,10270,77.86,51350,99.45963202787205
random,2,2,10271,77.86,51355,99.45968640159887
random,2,2,10272,77.9,51360,99.45946321019179
random,2,2,10273,77.96,51365,99.45910130055748
random,2,2,10274,77.96,51370,99.45915571126297
random,2,2,10275,77.98,51375,99.4590713758025
random,2,2,10276,78.03,51380,99.45877897540471
random,2,2,10277,78.09,51385,99.45841728015758
random,2,2,10278,78.09,51390,99.45847173775859
random,2,2,10279,78.13,51395,99.45824882555861
random,2,2,10280,78.2,51400,99.45781758404347
random,2,2,10281,78.21000000000001,51405,99.45780050441677
random,2,2,10282,78.25999999999999,51410,99.45750615036631
random,2,2,10283,78.28,51415,99.45741979128545
random,2,2,10284,78.34,51420,99.45705622455168
random,2,2,10285,78.41,51425,99.45662342846292
random,2,2,10286,78.45,51430,99.45639859391207
random,2,2,10287,78.51,51435,99.45603523057012
random,2,2,10288,78.53,51440,99.45594905471754
random,2,2,10289,78.53,51445,99.45600332507837
random,2,2,10290,78.53,51450,99.45605570078284
random,2,2,10291,78.53999999999999,51455,99.45603880727471
random,2,2,10292,78.53999999999999,51460,99.4560930528249
random,2,2,10293,78.53999999999999,51465,99.4561472875571
random,2,2,10294,78.53999999999999,51470,99.45620151147455
random,2,2,10295,78.53999999999999,51475,99.45625572458044
random,2,2,10296,78.53999999999999,51480,99.4563103032451
random,2,2,10297,78.55,51485,99.45629565334158
random,2,2,10298,78.60000000000001,51490,99.45600416371367
random,2,2,10299,78.60000000000001,51495,99.45605875119116
random,2,2,10300,78.60000000000001,51500,99.45611332771456
random,2,2,10301,78.60000000000001,51505,99.45616789328713
random,2,2,10302,78.60000000000001,51510,99.4562224479122
random,2,2,10303,78.60000000000001,51515,99.45627699159306
random,2,2,10304,78.62,51520,99.45619318629845
random,2,2,10305,78.66,51525,99.4559706973894
random,2,2,10306,78.66,51530,99.45602487375712
random,2,2,10307,78.68,51535,99.45594111883344
random,2,2,10308,78.69,51540,99.45592652207822
random,2,2,10309,78.72,51545,99.45577365936215
random,2,2,10310,78.72,51550,99.45582820983242
random,2,2,10311,78.74,51555,99.45574450819666
random,2,2,10312,78.78,51560,99.4555225960196
random,2,2,10313,78.78,51565,99.45557715524896
random,2,2,10314,78.83,51570,99.4552862044995
random,2,2,10315,78.83,51575,99.45534077647967
random,2,2,10316,78.86999999999999,51580,99.4551189936662
random,2,2,10317,78.92,51585,99.45482817623721
random,2,2,10318,78.95,51590,99.45467556131463
random,2,2,10319,78.95,51595,99.45473017258705
random,2,2,10320,78.95,51600,99.45478477292252
random,2,2,10321,78.95,51605,99.45483936232432
random,2,2,10322,78.95,51610,99.45489394079576
random,2,2,10323,78.95,51615,99.45494850834008
random,2,2,10324,78.95,51620,99.45500306496061
random,2,2,10325,78.95,51625,99.45505761066057
random,2,2,10326,78.95,51630,99.45511214544331
random,2,2,10327,78.95,51635,99.45516666931205
random,2,2,10328,78.95,51640,99.4552211822701
random,2,2,10329,78.95,51645,99.4552756843207
random,2,2,10330,78.95,51650,99.45533017546715
random,2,2,10331,78.95,51655,99.45538465571273
random,2,2,10332,78.95,51660,99.45543912506069
random,2,2,10333,78.95,51665,99.45549358351433
random,2,2,10334,78.95,51670,99.45554803107687
random,2,2,10335,78.95,51675,99.4556024677516
random,2,2,10336,78.95,51680,99.4556568935418
random,2,2,10337,78.95,51685,99.45571130845072
random,2,2,10338,78.95,51690,99.45576571248161
random,2,2,10339,78.95,51695,99.45582010563776
random,2,2,10340,78.95,51700,99.45587448792242
random,2,2,10341,78.95,51705,99.45592885933883
random,2,2,10342,78.95,51710,99.45598321989027
random,2,2,10343,78.95,51715,99.45603756957999
random,2,2,10344,78.95,51720,99.45609190841125
random,2,2,10345,78.95,51725,99.4561462363873
random,2,2,10346,78.95,51730,99.45620055351138
random,2,2,10347,78.95,51735,99.45625485978677
random,2,2,10348,78.95,51740,99.45630915521669
random,2,2,10349,78.96,51745,99.45629458146871
random,2,2,10350,78.99000000000001,51750,99.45614230770819
random,2,2,10351,79.03999999999999,51755,99.45585237517271
random,2,2,10352,79.08,51760,99.45563133823273
random,2,2,10353,79.08,51765,99.45568566879835
random,2,2,10354,79.08,51770,99.45573998852016
random,2,2,10355,79.10000000000001,51775,99.45565666318222
random,2,2,10356,79.10000000000001,51780,99.45571097495858
random,2,2,10357,79.13,51785,99.45555886576254
random,2,2,10358,79.13,51790,99.45561317645894
random,2,2,10359,79.14,51795,99.45559868666794
random,2,2,10360,79.14,51800,99.45565298255944
random,2,2,10361,79.14,51805,99.45570726762159
random,2,2,10362,79.14,51810,99.45576154185767
random,2,2,10363,79.14,51815,99.4558158052709
random,2,2,10364,79.17999999999999,51820,99.45559503641283
random,2,2,10365,79.17999999999999,51825,99.45564930560569
random,2,2,10366,79.17999999999999,51830,99.45570356397992
random,2,2,10367,79.19,51835,99.45568907673348
random,2,2,10368,79.19,51840,99.45574332033
random,2,2,10369,79.19,51845,99.45579755311627
random,2,2,10370,79.19,51850,99.45585177509548
random,2,2,10371,79.19,51855,99.45590598627089
random,2,2,10372,79.19,51860,99.45596018664571
random,2,2,10373,79.19,51865,99.45601400253892
random,2,2,10374,79.19,51870,99.45606818139669
random,2,2,10375,79.19,51875,99.45612234946354
random,2,2,10376,79.19,51880,99.45617613328113
random,2,2,10377,79.19,51885,99.45622990646248
random,2,2,10378,79.19,51890,99.45628404232457
random,2,2,10379,79.19,51895,99.45633816740857
random,2,2,10380,79.19,51900,99.45639228171773
random,2,2,10381,79.19,51905,99.4564463852552
random,2,2,10382,79.19,51910,99.45650047802427
random,2,2,10383,79.19,51915,99.45655456002811
random,2,2,10384,79.19,51920,99.45660863126994
random,2,2,10385,79.19,51925,99.456662691753
random,2,2,10386,79.19,51930,99.45671674148045
random,2,2,10387,79.19,51935,99.45677078045556
random,2,2,10388,79.2,51940,99.45675621729477
random,2,2,10389,79.2,51945,99.45681024159599
random,2,2,10390,79.2,51950,99.45686425515309
random,2,2,10391,79.24,51955,99.45664397426121
random,2,2,10392,79.24,51960,99.45669799360846
random,2,2,10393,79.24,51965,99.45675200221578
random,2,2,10394,79.24,51970,99.45680600008637
random,2,2,10395,79.24,51975,99.45685998722345
random,2,2,10396,79.24,51980,99.45691396363023
random,2,2,10397,79.24,51985,99.4569679293099
random,2,2,10398,79.24,51990,99.45702188426563
random,2,2,10399,79.24,51995,99.45707582850063
random,2,2,10400,79.24,52000,99.45712976201813
random,2,2,10401,79.24,52005,99.45718368482129
random,2,2,10402,79.24,52010,99.4572375969133
random,2,2,10403,79.24,52015,99.45729149829737
random,2,2,10404,79.24,52020,99.45734538897666
random,2,2,10405,79.24,52025,99.45739926895439
random,2,2,10406,79.24,52030,99.45745313823375
random,2,2,10407,79.24,52035,99.45750699681788
random,2,2,10408,79.24,52040,99.45756084471003
random,2,2,10409,79.24,52045,99.45761468191333
random,2,2,10410,79.24,52050,99.45766850843098
random,2,2,10411,79.25,52055,99.45765388942573
random,2,2,10412,79.27,52060,99.45757084527118
random,2,2,10413,79.29,52065,99.4574878175944
random,2,2,10414,79.33,52070,99.45726797744237
random,2,2,10415,79.33,52075,99.45732181165448
random,2,2,10416,79.33,52080,99.45737563518789
random,2,2,10417,79.33,52085,99.45742944804577
random,2,2,10418,79.33,52090,99.45748325023132
random,2,2,10419,79.36999999999999,52095,99.45726351951991
random,2,2,10420,79.36999999999999,52100,99.45731732748783
random,2,2,10421,79.36999999999999,52105,99.45737112478756
random,2,2,10422,79.36999999999999,52110,99.45742491142224
random,2,2,10423,79.36999999999999,52115,99.45747868739507
random,2,2,10424,79.36999999999999,52120,99.45753245270923
random,2,2,10425,79.36999999999999,52125,99.45758620736787
random,2,2,10426,79.36999999999999,52130,99.45763995137415
random,2,2,10427,79.36999999999999,52135,99.45769368473124
random,2,2,10428,79.36999999999999,52140,99.45774740744233
random,2,2,10429,79.36999999999999,52145,99.45780111951055
random,2,2,10430,79.36999999999999,52150,99.45785482093909
random,2,2,10431,79.36999999999999,52155,99.45790851173109
random,2,2,10432,79.36999999999999,52160,99.45796219188972
random,2,2,10433,79.36999999999999,52165,99.45801586141813
random,2,2,10434,79.36999999999999,52170,99.4580695203195
random,2,2,10435,79.36999999999999,52175,99.45812316859694
random,2,2,10436,79.43,52180,99.45776721331396
random,2,2,10437,79.43,52185,99.45782088089261
random,2,2,10438,79.43,52190,99.4578745378488
random,2,2,10439,79.46,52195,99.45772307843497
random,2,2,10440,79.5,52200,99.45750341022227
random,2,2,10441,79.51,52205,99.4574866299214
random,2,2,10442,79.51,52210,99.45753807842536
random,2,2,10443,79.52,52215,99.45751944764129
random,2,2,10444,79.53,52220,99.45750082026312
random,2,2,10445,79.56,52225,99.4573457824595
random,2,2,10446,79.56,52230,99.45739537503896
random,2,2,10447,79.56,52235,99.45744495855482
random,2,2,10448,79.56,52240,99.45749453300957
random,2,2,10449,79.56,52245,99.4575440984057
random,2,2,10450,79.56,52250,99.45759365474568
random,2,2,10451,79.59,52255,99.45744054273669
random,2,2,10452,79.59,52260,99.4574919482644
random,2,2,10453,79.59,52265,99.45754149545158
random,2,2,10454,79.59,52270,99.45759103358928
random,2,2,10455,79.59,52275,99.45764056268003
random,2,2,10456,79.61,52280,99.457553806833
random,2,2,10457,79.61,52285,99.45760333027877
random,2,2,10458,79.64,52290,99.45744846816393
random,2,2,10459,79.67999999999999,52295,99.45722551503292
random,2,2,10460,79.67999999999999,52300,99.4572750548821
random,2,2,10461,79.67999999999999,52305,99.45732458568898
random,2,2,10462,79.72,52310,99.45710355347926
random,2,2,10463,79.78,52315,99.45674822479647
random,2,2,10464,79.82000000000001,52320,99.45652913989711
random,2,2,10465,79.86999999999999,52325,99.45624238776787
random,2,2,10466,79.89,52330,99.45615991308361
random,2,2,10467,79.93,52335,99.45594132089252
random,2,2,10468,79.99000000000001,52340,99.45558665149379
random,2,2,10469,79.99000000000001,52345,99.45564037285129
random,2,2,10470,80.03,52350,99.4554218966261
random,2,2,10471,80.08,52355,99.45513542347776
random,2,2,10472,80.11,52360,99.45498507348958
random,2,2,10473,80.15,52365,99.45476672655276
random,2,2,10474,80.15,52370,99.45482050228614
random,2,2,10475,80.15,52375,99.4548742674129
random,2,2,10476,80.15,52380,99.45492802193617
random,2,2,10477,80.15,52385,99.45498176585907
random,2,2,10478,80.15,52390,99.45503549918476
random,2,2,10479,80.15,52395,99.45508922191635
random,2,2,10480,80.17999999999999,52400,99.45493899504292
random,2,2,10481,80.23,52405,99.45465285184
random,2,2,10482,80.27,52410,99.45443473130894
random,2,2,10483,80.27,52415,99.45448849206538
random,2,2,10484,80.28999999999999,52420,99.45440633647003
random,2,2,10485,80.28999999999999,52425,99.45446008943077
random,2,2,10486,80.32000000000001,52430,99.45431001332973
random,2,2,10487,80.36,52435,99.45409203399629
random,2,2,10488,80.36,52440,99.45414580203071
random,2,2,10489,80.36,52445,99.45419955947466
random,2,2,10490,80.36999999999999,52450,99.45418502292395
random,2,2,10491,80.36999999999999,52455,99.45423839535087
random,2,2,10492,80.4,52460,99.45408805885528
random,2,2,10493,80.41,52465,99.4540716842374
random,2,2,10494,80.43,52470,99.45398742602897
random,2,2,10495,80.43,52475,99.45403709126602
random,2,2,10496,80.44,52480,99.45401887313676
random,2,2,10497,80.45,52485,99.45400065832114
random,2,2,10498,80.46,52490,99.4539842995038
random,2,2,10499,80.49,52495,99.45383223305872
random,2,2,10500,80.54,52500,99.45354635119722
random,2,2,10501,80.58,52505,99.45332836729169
random,2,2,10502,80.58,52510,99.45338176786022
random,2,2,10503,80.61,52515,99.45323130059187
random,2,2,10504,80.64,52520,99.45308086250992
random,2,2,10505,80.64,52525,99.45313204650277
random,2,2,10506,80.65,52530,99.45311355708776
random,2,2,10507,80.65,52535,99.45316472861647
random,2,2,10508,80.7,52540,99.45287875942462
random,2,2,10509,80.74,52545,99.45266063603627
random,2,2,10510,80.74,52550,99.45271183522519
random,2,2,10511,80.74,52555,99.45276487935276
random,2,2,10512,80.74,52560,99.45281791319906
random,2,2,10513,80.74,52565,99.45287093676708
random,2,2,10514,80.74,52570,99.45292395005984
random,2,2,10515,80.74,52575,99.4529773236946
random,2,2,10516,80.76,52580,99.45289519786145
random,2,2,10517,80.76,52585,99.4529467110758
random,2,2,10518,80.78999999999999,52590,99.45279501927646
random,2,2,10519,80.85,52595,99.45244017985156
random,2,2,10520,80.91000000000001,52600,99.45208540722832
random,2,2,10521,80.91000000000001,52605,99.45213883212331
random,2,2,10522,80.91000000000001,52610,99.45219039210602
random,2,2,10523,80.97999999999999,52615,99.45176804467096
random,2,2,10524,81.02000000000001,52620,99.45154885662626
random,2,2,10525,81.08,52625,99.4511924786024
random,2,2,10526,81.12,52630,99.4509733852039
random,2,2,10527,81.12,52635,99.45102317315644
random,2,2,10528,81.14,52640,99.45093761503648
random,2,2,10529,81.14,52645,99.45098739720392
random,2,2,10530,81.16,52650,99.45090185784068
random,2,2,10531,81.16,52655,99.45095163422393
random,2,2,10532,81.16,52660,99.45100325839982
random,2,2,10533,81.17999999999999,52665,99.45091959807152
random,2,2,10534,81.22,52670,99.45070254887003
random,2,2,10535,81.27,52675,99.45041791771484
random,2,2,10536,81.28999999999999,52680,99.4503361949119
random,2,2,10537,81.31,52685,99.45025448802203
random,2,2,10538,81.35,52690,99.45003758808863
random,2,2,10539,81.37,52695,99.44995592617228
random,2,2,10540,81.37,52700,99.45000946278422
random,2,2,10541,81.37,52705,99.45006298897557
random,2,2,10542,81.38,52710,99.4500489265885
random,2,2,10543,81.41000000000001,52715,99.4498978652037
random,2,2,10544,81.45,52720,99.44968112585309
random,2,2,10545,81.45,52725,99.44973466333828
random,2,2,10546,81.51,52730,99.44938324979397
random,2,2,10547,81.53,52735,99.44930208681615
random,2,2,10548,81.56,52740,99.44915302888164
random,2,2,10549,81.57,52745,99.44913906452913
random,2,2,10550,81.57,52750,99.44919262862132
random,2,2,10551,81.57,52755,99.44924432296955
random,2,2,10552,81.57,52760,99.44929600761547
random,2,2,10553,81.57,52765,99.44934582391892
random,2,2,10554,81.57,52770,99.4493956312105
random,2,2,10555,81.58,52775,99.44937793475553
random,2,2,10556,81.58999999999999,52780,99.44936024150132
random,2,2,10557,81.58999999999999,52785,99.44941003397746
random,2,2,10558,81.6,52790,99.44939234102047
random,2,2,10559,81.6,52795,99.44944212159098
random,2,2,10560,81.6,52800,99.44949189316094
random,2,2,10561,81.6,52805,99.44954165573283
random,2,2,10562,81.6,52810,99.44959103804703
random,2,2,10563,81.6,52815,99.44963855551704
random,2,2,10564,81.6,52820,99.44968606478328
random,2,2,10565,81.6,52825,99.4497354211918
random,2,2,10566,81.6,52830,99.44978476874778
random,2,2,10567,81.6,52835,99.4498359621196
random,2,2,10568,81.6,52840,99.44988529164507
random,2,2,10569,81.6,52845,99.44993461232524
random,2,2,10570,81.6,52850,99.4499839241625
random,2,2,10571,81.6,52855,99.45003545114616
random,2,2,10572,81.6,52860,99.45008511550235
random,2,2,10573,81.6,52865,99.45013477088949
random,2,2,10574,81.6,52870,99.45018441731003
random,2,2,10575,81.6,52875,99.4502340547664
random,2,2,10576,81.6,52880,99.45028368326099
random,2,2,10577,81.6,52885,99.45033515409814
random,2,2,10578,81.6,52890,99.45038476434237
random,2,2,10579,81.6,52895,99.45043436563222
random,2,2,10580,81.6,52900,99.4504839579701
random,2,2,10581,81.6,52905,99.45053354135847
random,2,2,10582,81.6,52910,99.4505831157997
random,2,2,10583,81.6,52915,99.45063268129627
random,2,2,10584,81.6,52920,99.45068223785056
random,2,2,10585,81.6,52925,99.45073178546498
random,2,2,10586,81.6,52930,99.450781324142
random,2,2,10587,81.6,52935,99.45083085388399
random,2,2,10588,81.6,52940,99.4508803746934
random,2,2,10589,81.6,52945,99.45092988657261
random,2,2,10590,81.6,52950,99.45097938952406
random,2,2,10591,81.6,52955,99.45102888355018
random,2,2,10592,81.6,52960,99.45107836865334
random,2,2,10593,81.6,52965,99.45112969078961
random,2,2,10594,81.6,52970,99.4511810033299
random,2,2,10595,81.6,52975,99.45123230627694
random,2,2,10596,81.6,52980,99.45128544453948
random,2,2,10597,81.6,52985,99.45133857251206
random,2,2,10598,81.6,52990,99.45138984600594
random,2,2,10599,81.6,52995,99.45144110991748
random,2,2,10600,81.6,53000,99.45149420775195
random,2,2,10601,81.6,53005,99.45154729530817
random,2,2,10602,81.6,53010,99.45160074114547
random,2,2,10603,81.6,53015,99.45165417656735
random,2,2,10604,81.63,53020,99.45150602348922
random,2,2,10605,81.64,53025,99.4514919030557
random,2,2,10606,81.64,53030,99.45154312279146
random,2,2,10607,81.64,53035,99.45159433296232
random,2,2,10608,81.64,53040,99.45164369198818
random,2,2,10609,81.64,53045,99.45169304212978
random,2,2,10610,81.64,53050,99.45174238338949
random,2,2,10611,81.64,53055,99.45179355635835
random,2,2,10612,81.64,53060,99.45184287953032
random,2,2,10613,81.67,53065,99.45169078233594
random,2,2,10614,81.67,53070,99.45174010587921
random,2,2,10615,81.67,53075,99.4517894205494
random,2,2,10616,81.67,53080,99.45183872634892
random,2,2,10617,81.67,53085,99.4518898625463
random,2,2,10618,81.67,53090,99.4519409892039
random,2,2,10619,81.67,53095,99.45199394489208
random,2,2,10620,81.67,53100,99.45204689034766
random,2,2,10621,81.67,53105,99.4520998255736
random,2,2,10622,81.67,53110,99.45215275057286
random,2,2,10623,81.67,53115,99.45220603277642
random,2,2,10624,81.67,53120,99.4522593046168
random,2,2,10625,81.67,53125,99.45231256609702
random,2,2,10626,81.67,53130,99.45236508279231
random,2,2,10627,81.67,53135,99.45241575369101
random,2,2,10628,81.67,53140,99.45246825060019
random,2,2,10629,81.67,53145,99.45252110445001
random,2,2,10630,81.67,53150,99.45257211341885
random,2,2,10631,81.67,53155,99.4526231128835
random,2,2,10632,81.67,53160,99.4526741028466
random,2,2,10633,81.67,53165,99.45272508331084
random,2,2,10634,81.67,53170,99.45277605427883
random,2,2,10635,81.67999999999999,53175,99.45275818450786
random,2,2,10636,81.67999999999999,53180,99.45280731019422
random,2,2,10637,81.67999999999999,53185,99.45285606055025
random,2,2,10638,81.67999999999999,53190,99.45290480222053
random,2,2,10639,81.67999999999999,53195,99.45295390158796
random,2,2,10640,81.67999999999999,53200,99.45300299214328
random,2,2,10641,81.69,53205,99.45298511160604
random,2,2,10642,81.69,53210,99.45303382432402
random,2,2,10643,81.69,53215,99.45308252836686
random,2,2,10644,81.69,53220,99.45313158983463
random,2,2,10645,81.69,53225,99.4531824726541
random,2,2,10646,81.69,53230,99.45323151619321
random,2,2,10647,81.69,53235,99.4532805509358
random,2,2,10648,81.69,53240,99.45332957688419
random,2,2,10649,81.69999999999999,53245,99.45331167992569
random,2,2,10650,81.71000000000001,53250,99.45329378617637
random,2,2,10651,81.71000000000001,53255,99.4533427977529
random,2,2,10652,81.71000000000001,53260,99.45339180054252
random,2,2,10653,81.71000000000001,53265,99.45344079454766
random,2,2,10654,81.74,53270,99.45328912738283
random,2,2,10655,81.75,53275,99.45327124367249
random,2,2,10656,81.77,53280,99.45318649102475
random,2,2,10657,81.77,53285,99.45323548586616
random,2,2,10658,81.77,53290,99.45328447192843
random,2,2,10659,81.77,53295,99.4533334492139
random,2,2,10660,81.77,53300,99.45338241772494
random,2,2,10661,81.77,53305,99.45343137746389
random,2,2,10662,81.77,53310,99.45348032843313
random,2,2,10663,81.77,53315,99.453529270635
random,2,2,10664,81.77,53320,99.45357820407187
random,2,2,10665,81.77,53325,99.45362895412407
random,2,2,10666,81.77,53330,99.45367786971116
random,2,2,10667,81.77,53335,99.45372677654038
random,2,2,10668,81.77,53340,99.45377749899967
random,2,2,10669,81.78,53345,99.45376141837681
random,2,2,10670,81.78,53350,99.45381212820254
random,2,2,10671,81.78,53355,99.45386282861391
random,2,2,10672,81.78,53360,99.45391351961351
random,2,2,10673,81.78,53365,99.45396420120399
random,2,2,10674,81.78,53370,99.45401669595313
random,2,2,10675,81.78,53375,99.45406735839497
random,2,2,10676,81.78,53380,99.45411618954677
random,2,2,10677,81.78,53385,99.45416501196391
random,2,2,10678,81.78,53390,99.45421382564875
random,2,2,10679,81.78,53395,99.45426445151509
random,2,2,10680,81.78,53400,99.454316888552
random,2,2,10681,81.78,53405,99.45436931551305
random,2,2,10682,81.78999999999999,53410,99.45435501948018
random,2,2,10683,81.8,53415,99.45434072619378
random,2,2,10684,81.83,53420,99.4541908511101
random,2,2,10685,81.84,53425,99.45417439208207
random,2,2,10686,81.84,53430,99.45422462417923
random,2,2,10687,81.84,53435,99.4542770304242
random,2,2,10688,81.84,53440,99.45432979043304
random,2,2,10689,81.84,53445,99.45438217648443
random,2,2,10690,81.84,53450,99.45443455247835
random,2,2,10691,81.84,53455,99.45448728203488
random,2,2,10692,81.84,53460,99.45453963785272
random,2,2,10693,81.84,53465,99.45459198362177
random,2,2,10694,81.84,53470,99.45464431934494
random,2,2,10695,81.84,53475,99.45469664502511
random,2,2,10696,81.84,53480,99.45474932393313
random,2,2,10697,81.84,53485,99.45480162946629
random,2,2,10698,81.84,53490,99.45485356183656
random,2,2,10699,81.84,53495,99.45490548431421
random,2,2,10700,81.84,53500,99.45495558194347
random,2,2,10701,81.84,53505,99.45500567036501
random,2,2,10702,81.84,53510,99.45505393527768
random,2,2,10703,81.86,53515,99.45496721547238
random,2,2,10704,81.86,53520,99.45501366127495
random,2,2,10705,81.88,53525,99.45492695968004
random,2,2,10706,81.89,53530,99.45490683692869
random,2,2,10707,81.89,53535,99.45495327600436
random,2,2,10708,81.89,53540,99.45499970716799
random,2,2,10709,81.89,53545,99.45504794366943
random,2,2,10710,81.89,53550,99.45509617163306
random,2,2,10711,81.89,53555,99.45514439106114
random,2,2,10712,81.89,53560,99.45519260195596
random,2,2,10713,81.89,53565,99.45524080431976
random,2,2,10714,81.89,53570,99.45528899815481
random,2,2,10715,81.89,53575,99.45533899477488
random,2,2,10716,81.89,53580,99.45538898221784
random,2,2,10717,81.89,53585,99.45544113324635
random,2,2,10718,81.89,53590,99.45549146400253
random,2,2,10719,81.89,53595,99.45554142346431
random,2,2,10720,81.89,53600,99.45558775448065
random,2,2,10721,81.89,53605,99.45563407761253
random,2,2,10722,81.89,53610,99.45568220189145
random,2,2,10723,81.89,53615,99.45573212636
random,2,2,10724,81.89,53620,99.45578204167131
random,2,2,10725,81.89,53625,99.45583194782792
random,2,2,10726,81.89999999999999,53630,99.45581539982618
random,2,2,10727,81.89999999999999,53635,99.4558656552899
random,2,2,10728,81.91000000000001,53640,99.4558491072431
random,2,2,10729,81.91000000000001,53645,99.45589754320238
random,2,2,10730,81.91000000000001,53650,99.45594777736302
random,2,2,10731,81.91000000000001,53655,99.45599980872657
random,2,2,10732,81.91000000000001,53660,99.45605183013888
random,2,2,10733,81.91000000000001,53665,99.45610420275872
random,2,2,10734,81.91000000000001,53670,99.456156204208
random,2,2,10735,81.92,53675,99.456141806775
random,2,2,10736,81.92,53680,99.45619415568035
random,2,2,10737,81.92,53685,99.45624649450903
random,2,2,10738,81.92,53690,99.45629882326394
random,2,2,10739,81.92,53695,99.45635114194796
random,2,2,10740,81.92,53700,99.45640345056404
random,2,2,10741,81.92,53705,99.45645574911505
random,2,2,10742,81.92,53710,99.45650803760391
random,2,2,10743,81.92,53715,99.45656031603353
random,2,2,10744,81.92,53720,99.4566125844068
random,2,2,10745,81.93,53725,99.45659851763419
random,2,2,10746,81.97,53730,99.45638549742351
random,2,2,10747,82.02000000000001,53735,99.45610620584013
random,2,2,10748,82.08,53740,99.45576066199872
random,2,2,10749,82.08,53745,99.45581298212231
random,2,2,10750,82.08,53750,99.45586529218734
random,2,2,10751,82.09,53755,99.45585130535366
random,2,2,10752,82.09,53760,99.45590360168087
random,2,2,10753,82.13000000000001,53765,99.45569079154475
random,2,2,10754,82.17999999999999,53770,99.45541175457082
random,2,2,10755,82.21000000000001,53775,99.45526529395198
random,2,2,10756,82.21000000000001,53780,99.4553176264808
random,2,2,10757,82.21000000000001,53785,99.45536958814519
random,2,2,10758,82.21000000000001,53790,99.45542153989645
random,2,2,10759,82.22,53795,99.45540724569332
random,2,2,10760,82.22,53800,99.45545702004782
random,2,2,10761,82.22,53805,99.4555031794323
random,2,2,10762,82.22,53810,99.45554933099183
random,2,2,10763,82.22,53815,99.45559727705941
random,2,2,10764,82.22,53820,99.45564521468314
random,2,2,10765,82.22,53825,99.45569494554964
random,2,2,10766,82.22,53830,99.45574106460808
random,2,2,10767,82.23,53835,99.45571918472386
random,2,2,10768,82.23,53840,99.45576349306782
random,2,2,10769,82.23,53845,99.45580779419832
random,2,2,10770,82.23,53850,99.45585208811715
random,2,2,10771,82.23,53855,99.45589637482605
random,2,2,10772,82.23,53860,99.4559406543268
random,2,2,10773,82.23,53865,99.45598492662114
random,2,2,10774,82.23,53870,99.4560288318611
random,2,2,10775,82.23,53875,99.45607273001482
random,2,2,10776,82.23,53880,99.456116621084
random,2,2,10777,82.23,53885,99.45615870668549
random,2,2,10778,82.23,53890,99.45620258388091
random,2,2,10779,82.23,53895,99.45624465618039
random,2,2,10780,82.23,53900,99.45628851950862
random,2,2,10781,82.23,53905,99.4563341729972
random,2,2,10782,82.23,53910,99.45638161574252
random,2,2,10783,82.23,53915,99.4564272535992
random,2,2,10784,82.23,53920,99.45647288379374
random,2,2,10785,82.23,53925,99.45651886553021
random,2,2,10786,82.23,53930,99.45656843087521
random,2,2,10787,82.23,53935,99.45661834625102
random,2,2,10788,82.23,53940,99.45666573941496
random,2,2,10789,82.23,53945,99.45671312431247
random,2,2,10790,82.23,53950,99.45676085982805
random,2,2,10791,82.23,53955,99.45680858695589
random,2,2,10792,82.23,53960,99.45685774071843
random,2,2,10793,82.23,53965,99.45690724427484
random,2,2,10794,82.23,53970,99.45695530431108
random,2,2,10795,82.23,53975,99.45700335584209
random,2,2,10796,82.23,53980,99.45705139887014
random,2,2,10797,82.23,53985,99.45710122556609
random,2,2,10798,82.23,53990,99.45715104311765
random,2,2,10799,82.23,53995,99.4572008515273
random,2,2,10800,82.23,54000,99.45725065079759
random,2,2,10801,82.23,54005,99.45730044093102
random,2,2,10802,82.23,54010,99.4573502219301
random,2,2,10803,82.23,54015,99.45739999379735
random,2,2,10804,82.23,54020,99.457447966667
random,2,2,10805,82.23,54025,99.45749593105455
random,2,2,10806,82.23,54030,99.45754567619771
random,2,2,10807,82.23,54035,99.45759541221891
random,2,2,10808,82.23,54040,99.45764513912066
random,2,2,10809,82.23,54045,99.45769628749814
random,2,2,10810,82.23,54050,99.45774778380866
random,2,2,10811,82.23,54055,99.4577992703401
random,2,2,10812,82.23,54060,99.45785074709525
random,2,2,10813,82.23,54065,99.45790221407688
random,2,2,10814,82.23,54070,99.45795367128775
random,2,2,10815,82.23,54075,99.4580051187307
random,2,2,10816,82.23,54080,99.4580547705416
random,2,2,10817,82.23,54085,99.45810441325618
random,2,2,10818,82.23,54090,99.45815226165256
random,2,2,10819,82.23,54095,99.45820010159984
random,2,2,10820,82.23,54100,99.45824793310024
random,2,2,10821,82.23,54105,99.45829575615602
random,2,2,10822,82.23,54110,99.45834357076939
random,2,2,10823,82.23,54115,99.45839316059173
random,2,2,10824,82.23,54120,99.45844274133478
random,2,2,10825,82.23,54125,99.45849409598543
random,2,2,10826,82.23,54130,99.45854365825103
random,2,2,10827,82.23,54135,99.45859321144493
random,2,2,10828,82.23,54140,99.45864453756342
random,2,2,10829,82.23,54145,99.45869407229524
random,2,2,10830,82.23,54150,99.4587453792929
random,2,2,10831,82.23,54155,99.45879489557302
random,2,2,10832,82.23,54160,99.45884440279403
random,2,2,10833,82.23,54165,99.45889390095843
random,2,2,10834,82.23,54170,99.45894517008387
random,2,2,10835,82.23,54175,99.45899642949486
random,2,2,10836,82.23,54180,99.45904732332694
random,2,2,10837,82.23,54185,99.45909820758446
random,2,2,10838,82.23,54190,99.45914730359641
random,2,2,10839,82.23,54195,99.45919639069658
random,2,2,10840,82.23,54200,99.45924369084759
random,2,2,10841,82.26,54205,99.45909193727412
random,2,2,10842,82.28,54210,99.45900773813555
random,2,2,10843,82.32000000000001,54215,99.4587920649134
random,2,2,10844,82.35,54220,99.45864216806088
random,2,2,10845,82.39999999999999,54225,99.45835905141843
random,2,2,10846,82.42,54230,99.45827138487182
random,2,2,10847,82.46,54235,99.45805228750439
random,2,2,10848,82.49,54240,99.45789894274193
random,2,2,10849,82.54,54245,99.45761598107504
random,2,2,10850,82.58,54250,99.45739877313513
random,2,2,10851,82.58,54255,99.45744440414808
random,2,2,10852,82.58,54260,99.45749180949278
random,2,2,10853,82.58,54265,99.45753742485961
random,2,2,10854,82.58,54270,99.45758303255619
random,2,2,10855,82.63000000000001,54275,99.45730202327894
random,2,2,10856,82.67999999999999,54280,99.45702320260429
random,2,2,10857,82.67999999999999,54285,99.45707240676231
random,2,2,10858,82.67999999999999,54290,99.4571198197228
random,2,2,10859,82.74000000000001,54295,99.45677329640915
random,2,2,10860,82.74000000000001,54300,99.4568225101575
random,2,2,10861,82.75,54305,99.45680607221887
random,2,2,10862,82.75,54310,99.45685349156236
random,2,2,10863,82.77,54315,99.45676785735381
random,2,2,10864,82.8,54320,99.45661839451736
random,2,2,10865,82.8,54325,99.45666760065593
random,2,2,10866,82.8,54330,99.45671501553086
random,2,2,10867,82.80999999999999,54335,99.4566968137279
random,2,2,10868,82.80999999999999,54340,99.4567442177799
random,2,2,10869,82.80999999999999,54345,99.45678805025547
random,2,2,10870,82.82000000000001,54350,99.45676628356512
random,2,2,10871,82.82000000000001,54355,99.4568101071885
random,2,2,10872,82.82000000000001,54360,99.456855704753
random,2,2,10873,82.82000000000001,54365,99.45690129466284
random,2,2,10874,82.84,54370,99.45681751717608
random,2,2,10875,82.85,54375,99.4568010993795
random,2,2,10876,82.85,54380,99.45684846235996
random,2,2,10877,82.85,54385,99.45689581708173
random,2,2,10878,82.85,54390,99.45694316354697
random,2,2,10879,82.85,54395,99.45699050175782
random,2,2,10880,82.85,54400,99.45703605254397
random,2,2,10881,82.85,54405,99.45708159568863
random,2,2,10882,82.85,54410,99.45712890976938
random,2,2,10883,82.85,54415,99.45717621560424
random,2,2,10884,82.85,54420,99.45722351319533
random,2,2,10885,82.85,54425,99.45727080254483
random,2,2,10886,82.85,54430,99.45731630631857
random,2,2,10887,82.85,54435,99.45736357950098
random,2,2,10888,82.85,54440,99.45741119979252
random,2,2,10889,82.86,54445,99.45739332697258
random,2,2,10890,82.86,54450,99.45744093629743
random,2,2,10891,82.89999999999999,54455,99.45722628884204
random,2,2,10892,82.91,54460,99.45720985834166
random,2,2,10893,82.92,54465,99.45719343080984
random,2,2,10894,82.92,54470,99.45724068547909
random,2,2,10895,82.92,54475,99.45728437984333
random,2,2,10896,82.92,54480,99.457328067173
random,2,2,10897,82.95,54485,99.45717542755206
random,2,2,10898,83.0,54490,99.45689194309013
random,2,2,10899,83.0,54495,99.45693565145476
random,2,2,10900,83.07,54500,99.45652316139044
random,2,2,10901,83.1,54505,99.4563724143345
random,2,2,10902,83.15,54510,99.456090866513
random,2,2,10903,83.17999999999999,54515,99.45594018089106
random,2,2,10904,83.23,54520,99.4556622764736
random,2,2,10905,83.23,54525,99.45571175676993
random,2,2,10906,83.25,54530,99.45563187244328
random,2,2,10907,83.25,54535,99.45568312584999
random,2,2,10908,83.28999999999999,54540,99.45547108060453
random,2,2,10909,83.28999999999999,54545,99.45552020406389
random,2,2,10910,83.28999999999999,54550,99.45556967453146
random,2,2,10911,83.28999999999999,54555,99.45561700116798
random,2,2,10912,83.35000000000001,54560,99.45527219398191
random,2,2,10913,83.41,54565,99.45492922771294
random,2,2,10914,83.45,54570,99.45471878975668
random,2,2,10915,83.45,54575,99.45477009199979
random,2,2,10916,83.5,54580,99.45449473473091
random,2,2,10917,83.5,54585,99.45454604839841
random,2,2,10918,83.5,54590,99.4545955711854
random,2,2,10919,83.5,54595,99.45464508498067
random,2,2,10920,83.53,54600,99.45449867167521
random,2,2,10921,83.58,54605,99.45422168472976
random,2,2,10922,83.64,54610,99.45387767094888
random,2,2,10923,83.64,54615,99.45392723208222
random,2,2,10924,83.64,54620,99.45397678422094
random,2,2,10925,83.66,54625,99.45389577412199
random,2,2,10926,83.71,54630,99.45361896662122
random,2,2,10927,83.78,54635,99.45321346408001
random,2,2,10928,83.78,54640,99.45326484678299
random,2,2,10929,83.82,54645,99.45305521062464
random,2,2,10930,83.87,54650,99.45277858248318
random,2,2,10931,83.91,54655,99.4525672449799
random,2,2,10932,83.91,54660,99.45261688400645
random,2,2,10933,83.96000000000001,54665,99.45234215699959
random,2,2,10934,83.96000000000001,54670,99.45239359308331
random,2,2,10935,84.0,54675,99.45218415481799
random,2,2,10936,84.0,54680,99.45223381008554
random,2,2,10937,84.0,54685,99.4522834563522
random,2,2,10938,84.00999999999999,54690,99.45226610960937
random,2,2,10939,84.02,54695,99.4522487658973
random,2,2,10940,84.02,54700,99.45229661247866
random,2,2,10941,84.02,54705,99.45234445070187
random,2,2,10942,84.02,54710,99.45239228056911
random,2,2,10943,84.02,54715,99.45244010208258
random,2,2,10944,84.02,54720,99.45248791524445
random,2,2,10945,84.02,54725,99.45253572005693
random,2,2,10946,84.02,54730,99.45258529981086
random,2,2,10947,84.02,54735,99.45263665353959
random,2,2,10948,84.02,54740,99.45268799763409
random,2,2,10949,84.02,54745,99.45273933209708
random,2,2,10950,84.02,54750,99.45279065693127
random,2,2,10951,84.02,54755,99.45284197213935
random,2,2,10952,84.02,54760,99.4528936339792
random,2,2,10953,84.02,54765,99.45294528606429
random,2,2,10954,84.04,54770,99.45286672057271
random,2,2,10955,84.08,54775,99.45265797437882
random,2,2,10956,84.11999999999999,54780,99.45244926758906
random,2,2,10957,84.17999999999999,54785,99.4521097160382
random,2,2,10958,84.19,54790,99.45209384235218
random,2,2,10959,84.19,54795,99.45214304539228
random,2,2,10960,84.24000000000001,54800,99.45186689943671
random,2,2,10961,84.24000000000001,54805,99.4519143310349
random,2,2,10962,84.3,54810,99.45157141379426
random,2,2,10963,84.33,54815,99.45142192503872
random,2,2,10964,84.33,54820,99.45146581499574
random,2,2,10965,84.34,54825,99.4514446569838
random,2,2,10966,84.34,54830,99.45149032173728
random,2,2,10967,84.36,54835,99.45140770240234
random,2,2,10968,84.38,54840,99.45132509735761
random,2,2,10969,84.38,54845,99.4513707603632
random,2,2,10970,84.38,54850,99.45141819902896
random,2,2,10971,84.38,54855,99.45146562949162
random,2,2,10972,84.38,54860,99.45151305175331
random,2,2,10973,84.38,54865,99.45156046581613
random,2,2,10974,84.38,54870,99.45160787168223
random,2,2,10975,84.41,54875,99.45146031389129
random,2,2,10976,84.41,54880,99.45150593817436
random,2,2,10977,84.41,54885,99.4515533366167
random,2,2,10978,84.41,54890,99.45159894542756
random,2,2,10979,84.42,54895,99.45158136468021
random,2,2,10980,84.45,54900,99.45143565362952
random,2,2,10981,84.45,54905,99.45148304176523
random,2,2,10982,84.45,54910,99.45153220275579
random,2,2,10983,84.45,54915,99.45158349178641
random,2,2,10984,84.45,54920,99.45163477122553
random,2,2,10985,84.45,54925,99.45168568506826
random,2,2,10986,84.45,54930,99.451735165687
random,2,2,10987,84.45,54935,99.45178463737615
random,2,2,10988,84.45,54940,99.45183587920786
random,2,2,10989,84.45,54945,99.4518871114613
random,2,2,10990,84.45,54950,99.45193833413914
random,2,2,10991,84.45,54955,99.45198776917167
random,2,2,10992,84.45,54960,99.4520354175237
random,2,2,10993,84.45,54965,99.45208305759064
random,2,2,10994,84.45,54970,99.45213068937464
random,2,2,10995,84.45,54975,99.45217831287786
random,2,2,10996,84.45,54980,99.45222770462976
random,2,2,10997,84.45,54985,99.45227531126912
random,2,2,10998,84.45,54990,99.45232468553256
random,2,2,10999,84.45,54995,99.45237582646183
random,2,2,11000,84.45,55000,99.45242695784108
random,2,2,11001,84.45,55005,99.45247807967303
random,2,2,11002,84.45,55010,99.45252741738804
random,2,2,11003,84.45,55015,99.45257674621212
random,2,2,11004,84.45,55020,99.45262784008048
random,2,2,11005,84.45,55025,99.45267892441201
random,2,2,11006,84.45,55030,99.45272999920938
random,2,2,11007,84.45,55035,99.45277929153548
random,2,2,11008,84.45,55040,99.45282680235094
random,2,2,11009,84.45,55045,99.45287607724133
random,2,2,11010,84.45,55050,99.45292711525133
random,2,2,11011,84.45,55055,99.45297849807133
random,2,2,11012,84.45,55060,99.45302987124019
random,2,2,11013,84.45,55065,99.45308123476059
random,2,2,11014,84.45,55070,99.45313258863526
random,2,2,11015,84.45,55075,99.45318393286692
random,2,2,11016,84.45,55080,99.45323526745827
random,2,2,11017,84.45,55085,99.45328659241206
random,2,2,11018,84.45,55090,99.45333790773094
random,2,2,11019,84.45,55095,99.4533892134177
random,2,2,11020,84.47,55100,99.45331106969037
random,2,2,11021,84.47,55105,99.45336236826692
random,2,2,11022,84.47,55110,99.45341365721718
random,2,2,11023,84.47,55115,99.45346493654384
random,2,2,11024,84.47,55120,99.45351620624959
random,2,2,11025,84.49,55125,99.45343808725971
random,2,2,11026,84.49,55130,99.45348934986643
random,2,2,11027,84.49,55135,99.4535406028581
random,2,2,11028,84.49,55140,99.45359184623742
random,2,2,11029,84.49,55145,99.45364308000711
random,2,2,11030,84.49,55150,99.45369430416987
random,2,2,11031,84.49,55155,99.4537455187284
random,2,2,11032,84.49,55160,99.4537967236854
random,2,2,11033,84.54,55165,99.45352471388263
random,2,2,11034,84.57000000000001,55170,99.45338202501374
random,2,2,11035,84.61999999999999,55175,99.45311010505431
random,2,2,11036,84.61999999999999,55180,99.4531613503593
random,2,2,11037,84.61999999999999,55185,99.45321258606151
random,2,2,11038,84.64,55190,99.45313459065858
random,2,2,11039,84.64,55195,99.45318581926836
random,2,2,11040,84.64,55200,99.45323703828116
random,2,2,11041,84.64,55205,99.4532882476997
random,2,2,11042,84.66,55210,99.45321027442824
random,2,2,11043,84.66,55215,99.45326147676232
random,2,2,11044,84.67,55220,99.4532480950536
random,2,2,11045,84.68,55225,99.45323471585058
random,2,2,11046,84.68,55230,99.45328590151658
random,2,2,11047,84.71,55235,99.45314340863828
random,2,2,11048,84.71,55240,99.4531945932687
random,2,2,11049,84.71,55245,99.45324576831847
random,2,2,11050,84.71,55250,99.45329693379026
random,2,2,11051,84.71,55255,99.45334808968678
random,2,2,11052,84.71,55260,99.45339923601074
random,2,2,11053,84.71,55265,99.45345037276479
random,2,2,11054,84.71,55270,99.45350149995161
random,2,2,11055,84.71,55275,99.45355261757392
random,2,2,11056,84.71,55280,99.45360372563438
random,2,2,11057,84.71,55285,99.45365482413567
random,2,2,11058,84.71,55290,99.4537059130805
random,2,2,11059,84.71,55295,99.45375699247151
random,2,2,11060,84.71,55300,99.4538080623114
random,2,2,11061,84.71,55305,99.45385912260286
random,2,2,11062,84.71,55310,99.45391017334855
random,2,2,11063,84.71,55315,99.45396121455114
random,2,2,11064,84.71,55320,99.45401224621334
random,2,2,11065,84.72,55325,99.45399882060651
random,2,2,11066,84.73,55330,99.45398539750869
random,2,2,11067,84.73,55335,99.45403641260748
random,2,2,11068,84.73,55340,99.45408741817432
random,2,2,11069,84.73,55345,99.45413841421185
random,2,2,11070,84.73,55350,99.45418940072277
random,2,2,11071,84.73,55355,99.45424037770971
random,2,2,11072,84.73,55360,99.45429134517538
random,2,2,11073,84.73,55365,99.45434230312242
random,2,2,11074,84.73,55370,99.4543932515535
random,2,2,11075,84.73,55375,99.45444419047128
random,2,2,11076,84.73,55380,99.45449511987844
random,2,2,11077,84.74000000000001,55385,99.4544816642365
random,2,2,11078,84.76,55390,99.45440384157371
random,2,2,11079,84.78,55395,99.45432603343684
random,2,2,11080,84.81,55400,99.45418388230297
random,2,2,11081,84.84,55405,99.45404175769724
random,2,2,11082,84.88,55410,99.4538353141026
random,2,2,11083,84.94,55415,99.45350023001373
random,2,2,11084,85.02,55420,99.45303654143078
random,2,2,11085,85.02,55425,99.45308755938233
random,2,2,11086,85.02,55430,99.45313856781738
random,2,2,11087,85.04,55435,99.4530609357263
random,2,2,11088,85.04,55440,99.45311193713103
random,2,2,11089,85.05,55445,99.45309862551241
random,2,2,11090,85.05,55450,99.45314961389342
random,2,2,11091,85.05,55455,99.45320059276784
random,2,2,11092,85.05,55460,99.45325156213839
random,2,2,11093,85.05,55465,99.4533025220077
random,2,2,11094,85.06,55470,99.45328884743957
random,2,2,11095,85.08,55475,99.45321125916938
random,2,2,11096,85.1,55480,99.45313368535844
random,2,2,11097,85.1,55485,99.4531846372513
random,2,2,11098,85.11999999999999,55490,99.45310672899743
random,2,2,11099,85.11999999999999,55495,99.45315556606302
random,2,2,11100,85.11999999999999,55500,99.45320439440717
random,2,2,11101,85.11999999999999,55505,99.45325321403222
random,2,2,11102,85.11999999999999,55510,99.4533037805662
random,2,2,11103,85.14,55515,99.45322414085419
random,2,2,11104,85.14,55520,99.45327294548719
random,2,2,11105,85.16,55525,99.45319332274308
random,2,2,11106,85.16,55530,99.45324212141543
random,2,2,11107,85.16,55535,99.45328915649502
random,2,2,11108,85.17,55540,99.45327199092574
random,2,2,11109,85.17,55545,99.4533190153452
random,2,2,11110,85.17,55550,99.45336603167615
random,2,2,11111,85.2,55555,99.45322051193192
random,2,2,11112,85.24000000000001,55560,99.45301084673586
random,2,2,11113,85.28,55565,99.45280121759428
random,2,2,11114,85.28,55570,99.45284826227353
random,2,2,11115,85.31,55575,99.45270283707917
random,2,2,11116,85.34,55580,99.45255919275895
random,2,2,11117,85.39,55585,99.45228693775864
random,2,2,11118,85.39,55590,99.4523336589358
random,2,2,11119,85.39,55595,99.45238037214278
random,2,2,11120,85.39,55600,99.45242742851866
random,2,2,11121,85.39,55605,99.45247623218496
random,2,2,11122,85.39,55610,99.45252678220517
random,2,2,11123,85.39,55615,99.45257732289218
random,2,2,11124,85.39,55620,99.45262785424862
random,2,2,11125,85.39,55625,99.45267872709186
random,2,2,11126,85.39,55630,99.45272959047972
random,2,2,11127,85.39,55635,99.45278044441483
random,2,2,11128,85.39,55640,99.45283128889983
random,2,2,11129,85.39,55645,99.45288212393734
random,2,2,11130,85.39,55650,99.45293294953004
random,2,2,11131,85.39,55655,99.45298376568051
random,2,2,11132,85.39,55660,99.4530345723914
random,2,2,11133,85.39,55665,99.45308536966536
random,2,2,11134,85.39,55670,99.45313615750499
random,2,2,11135,85.39,55675,99.45318693591292
random,2,2,11136,85.39,55680,99.45323770489179
random,2,2,11137,85.39,55685,99.45328846444423
random,2,2,11138,85.39,55690,99.45333921457285
random,2,2,11139,85.39,55695,99.45338995528027
random,2,2,11140,85.39999999999999,55700,99.45337667915452
random,2,2,11141,85.42,55705,99.45329940401827
random,2,2,11142,85.42999999999999,55710,99.45328613875895
random,2,2,11143,85.42999999999999,55715,99.45333686555914
random,2,2,11144,85.47,55720,99.45313164830229
random,2,2,11145,85.47,55725,99.45318238002258
random,2,2,11146,85.47,55730,99.4532331023312
random,2,2,11147,85.50999999999999,55735,99.45302795180044
random,2,2,11148,85.52,55740,99.4530147190976
random,2,2,11149,85.54,55745,99.45293753485493
random,2,2,11150,85.54,55750,99.4529882610539
random,2,2,11151,85.54,55755,99.4530389778466
random,2,2,11152,85.54,55760,99.45308968523567
random,2,2,11153,85.54,55765,99.45314038322367
random,2,2,11154,85.54,55770,99.45319107181327
random,2,2,11155,85.54,55775,99.45324175100704
random,2,2,11156,85.54,55780,99.45329242080761
random,2,2,11157,85.54,55785,99.45334308121761
random,2,2,11158,85.54,55790,99.45339373223962
random,2,2,11159,85.54,55795,99.45344437387625
random,2,2,11160,85.56,55800,99.45336722848369
random,2,2,11161,85.58,55805,99.4532897481287
random,2,2,11162,85.58,55810,99.45334038535734
random,2,2,11163,85.58,55815,99.45339066408117
random,2,2,11164,85.58,55820,99.45344093355712
random,2,2,11165,85.58,55825,99.45349154278482
random,2,2,11166,85.58,55830,99.45354214264096
random,2,2,11167,85.58,55835,99.45359273312813
random,2,2,11168,85.58,55840,99.45364331424894
random,2,2,11169,85.58,55845,99.453693886006
random,2,2,11170,85.58,55850,99.45374444840189
random,2,2,11171,85.58,55855,99.45379500143923
random,2,2,11172,85.58,55860,99.45384519657551
random,2,2,11173,85.58,55865,99.45389573096803
random,2,2,11174,85.58,55870,99.45394625600976
random,2,2,11175,85.58,55875,99.45399677170327
random,2,2,11176,85.58,55880,99.4540472780512
random,2,2,11177,85.58,55885,99.45409777505614
random,2,2,11178,85.58,55890,99.45414826272064
random,2,2,11179,85.58,55895,99.45419874104734
random,2,2,11180,85.58,55900,99.4542492100388
random,2,2,11181,85.58,55905,99.45429966969762
random,2,2,11182,85.58,55910,99.45435012002639
random,2,2,11183,85.58,55915,99.4544005610277
random,2,2,11184,85.58,55920,99.45445099270412
random,2,2,11185,85.58,55925,99.45450141505826
random,2,2,11186,85.58,55930,99.45455182809269
random,2,2,11187,85.58,55935,99.45460223180999
random,2,2,11188,85.58,55940,99.45465262621273
random,2,2,11189,85.58,55945,99.45470301130354
random,2,2,11190,85.58,55950,99.45475338708496
random,2,2,11191,85.58,55955,99.45480375355957
random,2,2,11192,85.58,55960,99.45485411072997
random,2,2,11193,85.58,55965,99.45490445859872
random,2,2,11194,85.6,55970,99.45482742039748
random,2,2,11195,85.6,55975,99.4548777614326
random,2,2,11196,85.6,55980,99.45492809317163
random,2,2,11197,85.6,55985,99.45497841561716
random,2,2,11198,85.63,55990,99.45483773416734
random,2,2,11199,85.63,55995,99.45488805566343
random,2,2,11200,85.63,56000,99.45493836787045
random,2,2,11201,85.67,56005,99.45473373477796
random,2,2,11202,85.71,56010,99.4545274034588
random,2,2,11203,85.71,56015,99.4545756527306
random,2,2,11204,85.72,56020,99.45455852774072
random,2,2,11205,85.72999999999999,56025,99.45454314091022
random,2,2,11206,85.72999999999999,56030,99.45458964121121
random,2,2,11207,85.72999999999999,56035,99.45463613358456
random,2,2,11208,85.72999999999999,56040,99.45468435237326
random,2,2,11209,85.72999999999999,56045,99.45473256263611
random,2,2,11210,85.72999999999999,56050,99.45478249809209
random,2,2,11211,85.72999999999999,56055,99.45483069100352
random,2,2,11212,85.72999999999999,56060,99.45487887539598
random,2,2,11213,85.72999999999999,56065,99.4549270512717
random,2,2,11214,85.72999999999999,56070,99.45497521863295
random,2,2,11215,85.72999999999999,56075,99.45502337748196
random,2,2,11216,85.72999999999999,56080,99.45507325968909
random,2,2,11217,85.72999999999999,56085,99.45512313276551
random,2,2,11218,85.72999999999999,56090,99.45517334295926
random,2,2,11219,85.72999999999999,56095,99.45522354390016
random,2,2,11220,85.72999999999999,56100,99.45527373559078
random,2,2,11221,85.72999999999999,56105,99.45532391803366
random,2,2,11222,85.72999999999999,56110,99.45537409123135
random,2,2,11223,85.72999999999999,56115,99.45542425518643
random,2,2,11224,85.72999999999999,56120,99.45547440990143
random,2,2,11225,85.72999999999999,56125,99.45552455537893
random,2,2,11226,85.72999999999999,56130,99.45557469162145
random,2,2,11227,85.72999999999999,56135,99.45562481863156
random,2,2,11228,85.72999999999999,56140,99.45567493641181
random,2,2,11229,85.72999999999999,56145,99.45572504496474
random,2,2,11230,85.72999999999999,56150,99.45577514429291
random,2,2,11231,85.72999999999999,56155,99.45582523439886
random,2,2,11232,85.72999999999999,56160,99.45587496993127
random,2,2,11233,85.72999999999999,56165,99.45592504166397
random,2,2,11234,85.72999999999999,56170,99.45597510418207
random,2,2,11235,85.72999999999999,56175,99.4560251574881
random,2,2,11236,85.72999999999999,56180,99.45607520158464
random,2,2,11237,85.72999999999999,56185,99.45612523647418
random,2,2,11238,85.72999999999999,56190,99.45617526215929
random,2,2,11239,85.72999999999999,56195,99.45622527864252
random,2,2,11240,85.72999999999999,56200,99.45627528592638
random,2,2,11241,85.72999999999999,56205,99.45632528401343
random,2,2,11242,85.72999999999999,56210,99.4563752729062
random,2,2,11243,85.72999999999999,56215,99.45642525260723
random,2,2,11244,85.72999999999999,56220,99.45647522311904
random,2,2,11245,85.72999999999999,56225,99.45652518444417
random,2,2,11246,85.72999999999999,56230,99.45657513658517
random,2,2,11247,85.72999999999999,56235,99.45662507954455
random,2,2,11248,85.72999999999999,56240,99.45667501332487
random,2,2,11249,85.72999999999999,56245,99.45672493792863
random,2,2,11250,85.72999999999999,56250,99.45677485335835
random,2,2,11251,85.72999999999999,56255,99.45682475961661
random,2,2,11252,85.75,56260,99.45674795068855
random,2,2,11253,85.76,56265,99.4567345030603
random,2,2,11254,85.76,56270,99.4567843992736
random,2,2,11255,85.76,56275,99.4568342863223
random,2,2,11256,85.76,56280,99.45688416420894
random,2,2,11257,85.76,56285,99.45693403293603
random,2,2,11258,85.76,56290,99.45698389250612
random,2,2,11259,85.76,56295,99.45703374292168
random,2,2,11260,85.76,56300,99.45708358418528
random,2,2,11261,85.76,56305,99.45713341629941
random,2,2,11262,85.76,56310,99.45718323926661
random,2,2,11263,85.76,56315,99.45723305308938
random,2,2,11264,85.76,56320,99.45728285777027
random,2,2,11265,85.76,56325,99.45733265331175
random,2,2,11266,85.76,56330,99.45738243971637
random,2,2,11267,85.76,56335,99.45743221698662
random,2,2,11268,85.77,56340,99.45741872509531
random,2,2,11269,85.77,56345,99.45746848990652
random,2,2,11270,85.77,56350,99.45751790247846
random,2,2,11271,85.8,56355,99.45737757793083
random,2,2,11272,85.8,56360,99.45742698978218
random,2,2,11273,85.81,56365,99.45741316144566
random,2,2,11274,85.81,56370,99.45746290408138
random,2,2,11275,85.81,56375,99.45751229463892
random,2,2,11276,85.81,56380,99.45756201910069
random,2,2,11277,85.81,56385,99.45761173444781
random,2,2,11278,85.85000000000001,56390,99.45740863165852
random,2,2,11279,85.85000000000001,56395,99.45745835194995
random,2,2,11280,85.9,56400,99.45719210975967
random,2,2,11281,85.92,56405,99.45711512798738
random,2,2,11282,85.92999999999999,56410,99.45710133939853
random,2,2,11283,85.92999999999999,56415,99.45715072674713
random,2,2,11284,85.92999999999999,56420,99.45720010511103
random,2,2,11285,85.92999999999999,56425,99.45724981730422
random,2,2,11286,85.92999999999999,56430,99.45729917764373
random,2,2,11287,85.92999999999999,56435,99.45734852900593
random,2,2,11288,85.92999999999999,56440,99.45739821401735
random,2,2,11289,85.92999999999999,56445,99.45744754736995
random,2,2,11290,85.95,56450,99.45737094803829
random,2,2,11291,85.95,56455,99.45742061738527
random,2,2,11292,85.95,56460,99.45746993518675
random,2,2,11293,85.95,56465,99.45751753206137
random,2,2,11294,85.95,56470,99.4575668322471
random,2,2,11295,85.96000000000001,56475,99.45755130734175
random,2,2,11296,85.96000000000001,56480,99.45759888440534
random,2,2,11297,85.96000000000001,56485,99.4576464531239
random,2,2,11298,85.96000000000001,56490,99.4576940134996
random,2,2,11299,85.99,56495,99.45755231759337
random,2,2,11300,85.99,56500,99.45759816722554
random,2,2,11301,86.02,56505,99.45745479315543
random,2,2,11302,86.08,56510,99.45712224335655
random,2,2,11303,86.08,56515,99.45716811770775
random,2,2,11304,86.08,56520,99.45721398430662
random,2,2,11305,86.08,56525,99.45726155415625
random,2,2,11306,86.08,56530,99.45730911566855
random,2,2,11307,86.11,56535,99.4571675505844
random,2,2,11308,86.14,56540,99.45702772159024
random,2,2,11309,86.14,56545,99.45707700191038
random,2,2,11310,86.16,56550,99.4570002287708
random,2,2,11311,86.17,56555,99.45698648610329
random,2,2,11312,86.18,56560,99.45697308809537
random,2,2,11313,86.21,56565,99.45683368248618
random,2,2,11314,86.25,56570,99.45663130307688
random,2,2,11315,86.29,56575,99.4564289606385
random,2,2,11316,86.3,56580,99.45641561844533
random,2,2,11317,86.33,56585,99.45627631467072
random,2,2,11318,86.33,56590,99.45632596511116
random,2,2,11319,86.33,56595,99.4563756064847
random,2,2,11320,86.36,56600,99.45623634451798
random,2,2,11321,86.36,56605,99.45628598500946
random,2,2,11322,86.4,56610,99.45608380338436
random,2,2,11323,86.4,56615,99.45613344873712
random,2,2,11324,86.4,56620,99.45618308502804
random,2,2,11325,86.4,56625,99.45623271225963
random,2,2,11326,86.4,56630,99.45628233043435
random,2,2,11327,86.42999999999999,56635,99.45614316592258
random,2,2,11328,86.48,56640,99.45587818919684
random,2,2,11329,86.55000000000001,56645,99.45548743468837
random,2,2,11330,86.55000000000001,56650,99.45553710274024
random,2,2,11331,86.55000000000001,56655,99.45558676173192
random,2,2,11332,86.55000000000001,56660,99.45563641166592
random,2,2,11333,86.55000000000001,56665,99.45568605254469
random,2,2,11334,86.55000000000001,56670,99.45573568437072
random,2,2,11335,86.55000000000001,56675,99.45578530714647
random,2,2,11336,86.55000000000001,56680,99.45583492087444
random,2,2,11337,86.57000000000001,56685,99.4557587911898
random,2,2,11338,86.57000000000001,56690,99.45580839829017
random,2,2,11339,86.57000000000001,56695,99.45585799634809
random,2,2,11340,86.57000000000001,56700,99.455907585366
random,2,2,11341,86.57000000000001,56705,99.4559571653464
random,2,2,11342,86.57000000000001,56710,99.45600673629177
random,2,2,11343,86.57000000000001,56715,99.45605629820456
random,2,2,11344,86.57000000000001,56720,99.45610585108722
random,2,2,11345,86.59,56725,99.4560297522011
random,2,2,11346,86.61999999999999,56730,99.45589085152892
random,2,2,11347,86.63,56735,99.45587759601283
random,2,2,11348,86.69,56740,99.45555032187157
random,2,2,11349,86.72999999999999,56745,99.45534870431018
random,2,2,11350,86.76,56750,99.45520991623444
random,2,2,11351,86.76,56755,99.45525951459328
random,2,2,11352,86.81,56760,99.45499519722757
random,2,2,11353,86.82,56765,99.45498203047757
random,2,2,11354,86.82,56770,99.45503163603495
random,2,2,11355,86.83,56775,99.45501846836528
random,2,2,11356,86.83999999999999,56780,99.45500530309211
random,2,2,11357,86.87,56785,99.45486663466275
random,2,2,11358,86.87,56790,99.45491623266612
random,2,2,11359,86.9,56795,99.45477759757065
random,2,2,11360,86.9,56800,99.45482719464991
random,2,2,11361,86.92,56805,99.4547513228177
random,2,2,11362,86.92,56810,99.45480091326492
random,2,2,11363,86.92,56815,99.45485049469245
random,2,2,11364,86.92,56820,99.45490006710273
random,2,2,11365,86.92,56825,99.45494963049823
random,2,2,11366,86.92999999999999,56830,99.4549364834531
random,2,2,11367,86.92999999999999,56835,99.45498603452654
random,2,2,11368,86.92999999999999,56840,99.45503557659154
random,2,2,11369,86.96000000000001,56845,99.45489705665723
random,2,2,11370,86.96000000000001,56850,99.45494659780374
random,2,2,11371,87.01,56855,99.45468276525537
random,2,2,11372,87.06,56860,99.45441898065462
random,2,2,11373,87.06,56865,99.45446855173495
random,2,2,11374,87.07000000000001,56870,99.45445545795165
random,2,2,11375,87.07000000000001,56875,99.45450501671193
random,2,2,11376,87.1,56880,99.45436663304747
random,2,2,11377,87.1,56885,99.4544161908729
random,2,2,11378,87.11,56890,99.45440310660153
random,2,2,11379,87.11,56895,99.45445265211414
random,2,2,11380,87.11,56900,99.45450218862915
random,2,2,11381,87.11,56905,99.45455171614898
random,2,2,11382,87.11,56910,99.45460123467612
random,2,2,11383,87.12,56915,99.4545877980923
random,2,2,11384,87.12,56920,99.45463696299393
random,2,2,11385,87.12,56925,99.45468611903266
random,2,2,11386,87.12,56930,99.45473526621086
random,2,2,11387,87.12,56935,99.45478474573831
random,2,2,11388,87.12,56940,99.45483421628664
random,2,2,11389,87.12,56945,99.45488333677473
random,2,2,11390,87.12,56950,99.45493074329504
random,2,2,11391,87.12,56955,99.45497814157055
random,2,2,11392,87.12,56960,99.45502553160345
random,2,2,11393,87.12,56965,99.45507461762338
random,2,2,11394,87.12,56970,99.45512369480171
random,2,2,11395,87.12,56975,99.45517310386232
random,2,2,11396,87.12,56980,99.45522250396296
random,2,2,11397,87.12,56985,99.45527189510608
random,2,2,11398,87.13,56990,99.45525875677956
random,2,2,11399,87.14,56995,99.45524562083496
random,2,2,11400,87.14,57000,99.45529499645261
random,2,2,11401,87.14,57005,99.45534436312042
random,2,2,11402,87.14,57010,99.45539372084085
random,2,2,11403,87.15,57015,99.45538057742782
random,2,2,11404,87.15,57020,99.45542992292286
random,2,2,11405,87.16000000000001,57025,99.45541677861155
random,2,2,11406,87.16000000000001,57030,99.45546577168797
random,2,2,11407,87.19,57035,99.45532734707749
random,2,2,11408,87.21,57040,99.45525141137419
random,2,2,11409,87.21,57045,99.4553007463148
random,2,2,11410,87.21,57050,99.45534973217146
random,2,2,11411,87.21,57055,99.45539904930571
random,2,2,11412,87.22999999999999,57060,99.45532347466532
random,2,2,11413,87.22999999999999,57065,99.45537278524718
random,2,2,11414,87.26,57070,99.4552347965496
random,2,2,11415,87.26,57075,99.45528410623146
random,2,2,11416,87.31,57080,99.4550213129049
random,2,2,11417,87.33999999999999,57085,99.45488339347882
random,2,2,11418,87.33999999999999,57090,99.45493272157321
random,2,2,11419,87.33999999999999,57095,99.45498204074093
random,2,2,11420,87.35000000000001,57100,99.45496895475712
random,2,2,11421,87.35000000000001,57105,99.45501826172351
random,2,2,11422,87.35000000000001,57110,99.45506755976945
random,2,2,11423,87.35000000000001,57115,99.45511684889739
random,2,2,11424,87.35000000000001,57120,99.45516612910971
random,2,2,11425,87.36,57125,99.45515303239519
random,2,2,11426,87.37,57130,99.45513993804921
random,2,2,11427,87.38,57135,99.45512684607115
random,2,2,11428,87.4,57140,99.45505140536257
random,2,2,11429,87.41,57145,99.45503832375499
random,2,2,11430,87.45,57150,99.45483822503554
random,2,2,11431,87.45,57155,99.45488749925198
random,2,2,11432,87.45,57160,99.45493676456198
random,2,2,11433,87.45,57165,99.45498602096792
random,2,2,11434,87.45,57170,99.45503526847224
random,2,2,11435,87.45,57175,99.45508450707736
random,2,2,11436,87.45,57180,99.45513373678567
random,2,2,11437,87.45,57185,99.45518295759959
random,2,2,11438,87.45,57190,99.45523216952154
random,2,2,11439,87.45,57195,99.45528137255391
random,2,2,11440,87.45,57200,99.45533056669912
random,2,2,11441,87.45,57205,99.45537975195957
random,2,2,11442,87.45,57210,99.45542892833768
random,2,2,11443,87.45,57215,99.45547809583586
random,2,2,11444,87.45,57220,99.45552725445648
random,2,2,11445,87.45,57225,99.45557640420199
random,2,2,11446,87.45,57230,99.45562554507477
random,2,2,11447,87.45,57235,99.45567467707721
random,2,2,11448,87.45,57240,99.45572380021174
random,2,2,11449,87.45,57245,99.45577291448073
random,2,2,11450,87.45,57250,99.45582201988661
random,2,2,11451,87.45,57255,99.45587111643177
random,2,2,11452,87.45,57260,99.45592020411858
random,2,2,11453,87.45,57265,99.45596928294947
random,2,2,11454,87.45,57270,99.45601835292683
random,2,2,11455,87.45,57275,99.45606741405305
random,2,2,11456,87.45,57280,99.45611646633054
random,2,2,11457,87.45,57285,99.45616550976166
random,2,2,11458,87.45,57290,99.45621454434882
random,2,2,11459,87.45,57295,99.45626357009444
random,2,2,11460,87.45,57300,99.45631258700087
random,2,2,11461,87.45,57305,99.45636159507052
random,2,2,11462,87.45,57310,99.45641059430577
random,2,2,11463,87.45,57315,99.45645958470902
random,2,2,11464,87.45,57320,99.45650856628265
random,2,2,11465,87.45,57325,99.45655753902905
random,2,2,11466,87.45,57330,99.4566065029506
random,2,2,11467,87.45,57335,99.45665545804971
random,2,2,11468,87.45,57340,99.45670440432872
random,2,2,11469,87.45,57345,99.45675334179005
random,2,2,11470,87.45,57350,99.45680227043606
random,2,2,11471,87.45,57355,99.45685119026916
random,2,2,11472,87.45,57360,99.4569001012917
random,2,2,11473,87.45,57365,99.45694900350608
random,2,2,11474,87.45,57370,99.45699789691467
random,2,2,11475,87.45,57375,99.45704678151984
random,2,2,11476,87.45,57380,99.45709565732399
random,2,2,11477,87.45,57385,99.4571445243295
random,2,2,11478,87.45,57390,99.4571933825387
random,2,2,11479,87.45,57395,99.457242231954
random,2,2,11480,87.45,57400,99.45729107257777
random,2,2,11481,87.45,57405,99.4573399044124
random,2,2,11482,87.45,57410,99.45738872746023
random,2,2,11483,87.45,57415,99.45743754172365
random,2,2,11484,87.45,57420,99.45748634720502
random,2,2,11485,87.45,57425,99.45753514390671
random,2,2,11486,87.45,57430,99.45758393183111
random,2,2,11487,87.45,57435,99.45763271098058
random,2,2,11488,87.45,57440,99.45768148135745
random,2,2,11489,87.45,57445,99.45773024296413
random,2,2,11490,87.45,57450,99.45777899580298
random,2,2,11491,87.45,57455,99.45782773987635
random,2,2,11492,87.45,57460,99.45787647518661
random,2,2,11493,87.45,57465,99.45792520173613
random,2,2,11494,87.46000000000001,57470,99.45791193827162
random,2,2,11495,87.46000000000001,57475,99.45796065287666
random,2,2,11496,87.46000000000001,57480,99.45800935872704
random,2,2,11497,87.46000000000001,57485,99.4580580558251
random,2,2,11498,87.47,57490,99.45804478519132
random,2,2,11499,87.5,57495,99.45790761010981
random,2,2,11500,87.55,57500,99.45764656396952
random,2,2,11501,87.6,57505,99.45738556472163
random,2,2,11502,87.61,57510,99.45737235925034
random,2,2,11503,87.61,57515,99.45742108731302
random,2,2,11504,87.62,57520,99.45740788102358
random,2,2,11505,87.64,57525,99.45733275706414
random,2,2,11506,87.64,57530,99.45738147555832
random,2,2,11507,87.64,57535,99.4574301853058
random,2,2,11508,87.68,57540,99.45723127283847
random,2,2,11509,87.68,57545,99.45727998732333
random,2,2,11510,87.68,57550,99.45732869306454
random,2,2,11511,87.68,57555,99.45737739006447
random,2,2,11512,87.68,57560,99.45742607832545
random,2,2,11513,87.72,57565,99.45722725545836
random,2,2,11514,87.72,57570,99.45727594845235
random,2,2,11515,87.74,57575,99.45720090371657
random,2,2,11516,87.77000000000001,57580,99.45706401349514
random,2,2,11517,87.81,57585,99.45686529442837
random,2,2,11518,87.81,57590,99.45691400241577
random,2,2,11519,87.82,57595,99.4569008593607
random,2,2,11520,87.82,57600,99.4569495554246
random,2,2,11521,87.83,57605,99.45693641153869
random,2,2,11522,87.83,57610,99.4569850956845
random,2,2,11523,87.83,57615,99.4570337711023
random,2,2,11524,87.83999999999999,57620,99.45702062320235
random,2,2,11525,87.83999999999999,57625,99.45706928671117
random,2,2,11526,87.83999999999999,57630,99.45711794149803
random,2,2,11527,87.85,57635,99.45710478959026
random,2,2,11528,87.88,57640,99.45696805516334
random,2,2,11529,87.92,57645,99.45676955833487
random,2,2,11530,87.92,57650,99.45681822253772
random,2,2,11531,87.92,57655,99.45686687802238
random,2,2,11532,87.92,57660,99.4569155247912
random,2,2,11533,87.92,57665,99.45696416284652
random,2,2,11534,87.92,57670,99.45701279219067
random,2,2,11535,87.92999999999999,57675,99.45699965911953
random,2,2,11536,87.94,57680,99.45698652840015
random,2,2,11537,87.94,57685,99.45703514268108
random,2,2,11538,87.94,57690,99.45708374825824
random,2,2,11539,87.94,57695,99.45713234513394
random,2,2,11540,87.94,57700,99.45718093331054
random,2,2,11541,87.94,57705,99.45722951279035
random,2,2,11542,87.94,57710,99.45727808357572
random,2,2,11543,87.96000000000001,57715,99.45720322666641
random,2,2,11544,88.0,57720,99.45700497519191
random,2,2,11545,88.01,57725,99.45699185456932
random,2,2,11546,88.01,57730,99.4570404292348
random,2,2,11547,88.01,57735,99.45708899521058
random,2,2,11548,88.01,57740,99.457137552499
random,2,2,11549,88.01,57745,99.45718610110241
random,2,2,11550,88.01,57750,99.45723464102309
random,2,2,11551,88.01,57755,99.45728317226342
random,2,2,11552,88.01,57760,99.45733169482568
random,2,2,11553,88.01,57765,99.45738020871225
random,2,2,11554,88.01,57770,99.45742871392542
random,2,2,11555,88.01,57775,99.45747721046753
random,2,2,11556,88.01,57780,99.4575256983409
random,2,2,11557,88.01,57785,99.45757417754784
random,2,2,11558,88.01,57790,99.4576226480907
random,2,2,11559,88.01,57795,99.4576711099718
random,2,2,11560,88.01,57800,99.45771956319345
random,2,2,11561,88.01,57805,99.45776800775796
random,2,2,11562,88.01,57810,99.45781644366768
random,2,2,11563,88.01,57815,99.45786487092491
random,2,2,11564,88.01,57820,99.45791328953194
random,2,2,11565,88.01,57825,99.45796169949116
random,2,2,11566,88.01,57830,99.45801010080483
random,2,2,11567,88.01,57835,99.45805849347528
random,2,2,11568,88.01,57840,99.45810687750482
random,2,2,11569,88.01,57845,99.45815525289578
random,2,2,11570,88.01,57850,99.45820361965045
random,2,2,11571,88.01,57855,99.45825197777116
random,2,2,11572,88.01,57860,99.45830032726022
random,2,2,11573,88.01,57865,99.45834866811994
random,2,2,11574,88.01,57870,99.45839700035262
random,2,2,11575,88.01,57875,99.45844532396058
random,2,2,11576,88.01,57880,99.45849363894612
random,2,2,11577,88.01,57885,99.45854194531157
random,2,2,11578,88.01,57890,99.4585902430592
random,2,2,11579,88.01,57895,99.45863853219136
random,2,2,11580,88.01,57900,99.45868681271031
random,2,2,11581,88.01,57905,99.45873508461838
random,2,2,11582,88.01,57910,99.45878334791787
random,2,2,11583,88.01,57915,99.45883160261108
random,2,2,11584,88.01,57920,99.45887984870032
random,2,2,11585,88.01,57925,99.45892808618788
random,2,2,11586,88.01,57930,99.45897631507606
random,2,2,11587,88.01,57935,99.45902453536716
random,2,2,11588,88.01,57940,99.45907274706349
random,2,2,11589,88.01,57945,99.45912095016735
random,2,2,11590,88.01,57950,99.45916914468101
random,2,2,11591,88.01,57955,99.45921733060679
random,2,2,11592,88.01,57960,99.45926550794697
random,2,2,11593,88.01,57965,99.45931367670386
random,2,2,11594,88.01,57970,99.45936183687975
random,2,2,11595,88.01,57975,99.4594099884769
random,2,2,11596,88.01,57980,99.45945813149767
random,2,2,11597,88.01,57985,99.45950626594428
random,2,2,11598,88.01,57990,99.45955439181907
random,2,2,11599,88.01,57995,99.45960250912431
random,2,2,11600,88.01,58000,99.4596506178623
random,2,2,11601,88.01,58005,99.4596987180353
random,2,2,11602,88.01,58010,99.45974680964561
random,2,2,11603,88.01,58015,99.45979489269554
random,2,2,11604,88.01,58020,99.45984296718736
random,2,2,11605,88.01,58025,99.45989103312333
random,2,2,11606,88.01,58030,99.45993909050577
random,2,2,11607,88.01,58035,99.45998713933693
random,2,2,11608,88.01,58040,99.46003517961913
random,2,2,11609,88.01,58045,99.46008321135463
random,2,2,11610,88.01,58050,99.46013123454571
random,2,2,11611,88.01,58055,99.46017924919465
random,2,2,11612,88.02,58060,99.46016592446125
random,2,2,11613,88.02,58065,99.46021392748641
random,2,2,11614,88.02,58070,99.46026192197529
random,2,2,11615,88.02,58075,99.46030990793017
random,2,2,11616,88.02,58080,99.46035788535333
random,2,2,11617,88.02,58085,99.46040585424704
random,2,2,11618,88.02,58090,99.4604538146136
random,2,2,11619,88.02,58095,99.46050176645525
random,2,2,11620,88.02,58100,99.46054970977427
random,2,2,11621,88.02,58105,99.46059764457294
random,2,2,11622,88.02,58110,99.46064557085353
random,2,2,11623,88.02,58115,99.46069348861832
random,2,2,11624,88.02,58120,99.46074139786955
random,2,2,11625,88.02,58125,99.46078929860953
random,2,2,11626,88.02,58130,99.46083719084048
random,2,2,11627,88.02,58135,99.4608850745647
random,2,2,11628,88.02,58140,99.46093294978445
random,2,2,11629,88.02,58145,99.460980816502
random,2,2,11630,88.02,58150,99.4610286747196
random,2,2,11631,88.02,58155,99.46107652443953
random,2,2,11632,88.02,58160,99.46112436566403
random,2,2,11633,88.02,58165,99.4611721983954
random,2,2,11634,88.02,58170,99.46122002263586
random,2,2,11635,88.02,58175,99.4612678383877
random,2,2,11636,88.02,58180,99.46131564565316
random,2,2,11637,88.02,58185,99.46136344443451
random,2,2,11638,88.02,58190,99.46141123473402
random,2,2,11639,88.02,58195,99.46145901655392
random,2,2,11640,88.02,58200,99.46150678989649
random,2,2,11641,88.02,58205,99.46155455476398
random,2,2,11642,88.02,58210,99.46160231115864
random,2,2,11643,88.02,58215,99.46165005908271
random,2,2,11644,88.02,58220,99.46169779853847
random,2,2,11645,88.02,58225,99.46174552952817
random,2,2,11646,88.02,58230,99.46179325205404
random,2,2,11647,88.02,58235,99.46184096611836
random,2,2,11648,88.02,58240,99.46188867172336
random,2,2,11649,88.02,58245,99.46193636887128
random,2,2,11650,88.02,58250,99.46198405756441
random,2,2,11651,88.02,58255,99.46203173780496
random,2,2,11652,88.02,58260,99.46207940959518
random,2,2,11653,88.02,58265,99.46212707293734
random,2,2,11654,88.02,58270,99.46217472783366
random,2,2,11655,88.02,58275,99.46222237428638
random,2,2,11656,88.02,58280,99.46227001229778
random,2,2,11657,88.02,58285,99.46231764187007
random,2,2,11658,88.02,58290,99.46236526300551
random,2,2,11659,88.02,58295,99.46241287570633
random,2,2,11660,88.02,58300,99.4624604799748
random,2,2,11661,88.02,58305,99.4625080758131
random,2,2,11662,88.02,58310,99.46255566322353
random,2,2,11663,88.02,58315,99.46260324220829
random,2,2,11664,88.02,58320,99.46265081276965
random,2,2,11665,88.02,58325,99.4626983749098
random,2,2,11666,88.02,58330,99.46274592863102
random,2,2,11667,88.02,58335,99.46279347393553
random,2,2,11668,88.02,58340,99.46284101082557
random,2,2,11669,88.02,58345,99.46288853930335
random,2,2,11670,88.02,58350,99.46293605937113
random,2,2,11671,88.02,58355,99.46298357103113
random,2,2,11672,88.02,58360,99.46303107428558
random,2,2,11673,88.02,58365,99.46307856913673
random,2,2,11674,88.02,58370,99.46312605558676
random,2,2,11675,88.02,58375,99.46317353363796
random,2,2,11676,88.02,58380,99.46322100329252
random,2,2,11677,88.02,58385,99.46326846455267
random,2,2,11678,88.02,58390,99.46331591742064
random,2,2,11679,88.02,58395,99.46336336189867
random,2,2,11680,88.03,58400,99.46334983579834
random,2,2,11681,88.03,58405,99.46339726889143
random,2,2,11682,88.03,58410,99.4634446936003
random,2,2,11683,88.03,58415,99.46349210992713
random,2,2,11684,88.03,58420,99.4635395178742
random,2,2,11685,88.03,58425,99.46358691744369
random,2,2,11686,88.03,58430,99.46363430863785
random,2,2,11687,88.03,58435,99.46368169145887
random,2,2,11688,88.03,58440,99.46372906590899
random,2,2,11689,88.03,58445,99.46377643199042
random,2,2,11690,88.03,58450,99.4638237897054
random,2,2,11691,88.03,58455,99.46387113905611
random,2,2,11692,88.03,58460,99.46391848004478
random,2,2,11693,88.03,58465,99.46396581267362
random,2,2,11694,88.03999999999999,58470,99.46395225010366
random,2,2,11695,88.03999999999999,58475,99.46399957139448
random,2,2,11696,88.03999999999999,58480,99.46404688433115
random,2,2,11697,88.03999999999999,58485,99.46409418891594
random,2,2,11698,88.03999999999999,58490,99.46414148515098
random,2,2,11699,88.03999999999999,58495,99.46418877303854
random,2,2,11700,88.03999999999999,58500,99.46423605258082
random,2,2,11701,88.03999999999999,58505,99.46428332378
random,2,2,11702,88.03999999999999,58510,99.46433058663831
random,2,2,11703,88.03999999999999,58515,99.46437784115798
random,2,2,11704,88.03999999999999,58520,99.46442508734117
random,2,2,11705,88.05,58525,99.46441149742151
random,2,2,11706,88.05,58530,99.46445873230296
random,2,2,11707,88.05,58535,99.46450595885362
random,2,2,11708,88.05,58540,99.4645531770757
random,2,2,11709,88.05,58545,99.4646003869714
random,2,2,11710,88.05,58550,99.4646475885429
random,2,2,11711,88.06,58555,99.46463398619697
random,2,2,11712,88.08,58560,99.4645595960124
random,2,2,11713,88.13,58565,99.46430286430505
random,2,2,11714,88.18,58570,99.46404617784938
random,2,2,11715,88.18,58575,99.4640934074616
random,2,2,11716,88.18,58580,99.46414062875057
random,2,2,11717,88.18,58585,99.46418784171848
random,2,2,11718,88.18,58590,99.46423504636755
random,2,2,11719,88.18,58595,99.46428224269995
random,2,2,11720,88.18,58600,99.4643294307179
random,2,2,11721,88.18,58605,99.46437661042357
random,2,2,11722,88.18,58610,99.4644237818192
random,2,2,11723,88.18,58615,99.46447094490695
random,2,2,11724,88.18,58620,99.46451809968903
random,2,2,11725,88.18,58625,99.46456524616761
random,2,2,11726,88.18,58630,99.46461238434492
random,2,2,11727,88.18,58635,99.46465951422313
random,2,2,11728,88.18,58640,99.46470663580443
random,2,2,11729,88.18,58645,99.46475374909103
random,2,2,11730,88.18,58650,99.4648008540851
random,2,2,11731,88.18,58655,99.46484795078882
random,2,2,11732,88.18,58660,99.46489503920442
random,2,2,11733,88.18,58665,99.46494211933404
random,2,2,11734,88.18,58670,99.46498919117991
random,2,2,11735,88.18,58675,99.46503625474418
random,2,2,11736,88.18,58680,99.46508331002904
random,2,2,11737,88.18,58685,99.46513035703671
random,2,2,11738,88.18,58690,99.46517739576933
random,2,2,11739,88.18,58695,99.46522442622911
random,2,2,11740,88.18,58700,99.46527144841822
random,2,2,11741,88.18,58705,99.46531846233884
random,2,2,11742,88.18,58710,99.46536546799317
random,2,2,11743,88.18,58715,99.46541246538337
random,2,2,11744,88.18,58720,99.46545945451162
random,2,2,11745,88.18,58725,99.4655064353801
random,2,2,11746,88.18,58730,99.46555340799101
random,2,2,11747,88.18,58735,99.46560037234649
random,2,2,11748,88.18,58740,99.46564732844874
random,2,2,11749,88.18,58745,99.46569427629993
random,2,2,11750,88.18,58750,99.46574121590223
random,2,2,11751,88.18,58755,99.46578814725781
random,2,2,11752,88.18,58760,99.46583507036887
random,2,2,11753,88.18,58765,99.46588198523756
random,2,2,11754,88.18,58770,99.46592889186604
random,2,2,11755,88.18,58775,99.46597579025651
random,2,2,11756,88.18,58780,99.46602268041113
random,2,2,11757,88.18,58785,99.46606956233205
random,2,2,11758,88.18,58790,99.46611643602145
random,2,2,11759,88.18,58795,99.46616330148153
random,2,2,11760,88.18,58800,99.4662101587144
random,2,2,11761,88.18,58805,99.46625700772228
random,2,2,11762,88.18,58810,99.46630384850728
random,2,2,11763,88.18,58815,99.4663506810716
random,2,2,11764,88.18,58820,99.46639750541742
random,2,2,11765,88.18,58825,99.46644432154686
random,2,2,11766,88.18,58830,99.46649112946211
random,2,2,11767,88.18,58835,99.46653792916533
random,2,2,11768,88.18,58840,99.46658472065867
random,2,2,11769,88.18,58845,99.46663150394431
random,2,2,11770,88.18,58850,99.46667827902439
random,2,2,11771,88.18,58855,99.46672504590107
random,2,2,11772,88.18,58860,99.46677180457652
random,2,2,11773,88.18,58865,99.4668185550529
random,2,2,11774,88.18,58870,99.46686529733233
random,2,2,11775,88.18,58875,99.46691203141701
random,2,2,11776,88.18,58880,99.46695875730907
random,2,2,11777,88.18,58885,99.46700547501067
random,2,2,11778,88.18,58890,99.46705218452396
random,2,2,11779,88.18,58895,99.4670988858511
random,2,2,11780,88.18,58900,99.4671452570006
random,2,2,11781,88.18,58905,99.4671900103867
random,2,2,11782,88.18,58910,99.46723475625598
random,2,2,11783,88.18,58915,99.46727949461027
random,2,2,11784,88.18,58920,99.46732422545149
random,2,2,11785,88.18,58925,99.46736894878153
random,2,2,11786,88.18,58930,99.46741366460228
random,2,2,11787,88.18,58935,99.46745676483306
random,2,2,11788,88.18,58940,99.46749985808853
random,2,2,11789,88.18,58945,99.46754294437038
random,2,2,11790,88.18,58950,99.46758602368028
random,2,2,11791,88.18,58955,99.46762909601996
random,2,2,11792,88.18,58960,99.46767216139108
random,2,2,11793,88.18,58965,99.46771682631741
random,2,2,11794,88.18,58970,99.46775987749665
random,2,2,11795,88.18,58975,99.46780292171246
random,2,2,11796,88.18,58980,99.46784756469955
random,2,2,11797,88.18,58985,99.46789220019755
random,2,2,11798,88.18,58990,99.46793522301405
random,2,2,11799,88.18,58995,99.46797823887404
random,2,2,11800,88.18,59000,99.46802285245447
random,2,2,11801,88.18,59005,99.46806906294978
random,2,2,11802,88.18,59010,99.46811558624002
random,2,2,11803,88.18,59015,99.46816210139299
random,2,2,11804,88.18,59020,99.46820860841085
random,2,2,11805,88.18,59025,99.46825510729572
random,2,2,11806,88.18,59030,99.46830159804976
random,2,2,11807,88.18,59035,99.46834776013308
random,2,2,11808,88.18,59040,99.46839231176398
random,2,2,11809,88.18,59045,99.46843845809778
random,2,2,11810,88.18,59050,99.46848299452992
random,2,2,11811,88.18,59055,99.46852592186765
random,2,2,11812,88.18,59060,99.46857044364545
random,2,2,11813,88.19,59065,99.46855469656275
random,2,2,11814,88.2,59070,99.4685389521179
random,2,2,11815,88.23,59075,99.4684027076938
random,2,2,11816,88.23,59080,99.4684472248764
random,2,2,11817,88.28,59085,99.46819052851427
random,2,2,11818,88.29,59090,99.46817481983359
random,2,2,11819,88.31,59095,99.46809888265228
random,2,2,11820,88.31,59100,99.4681434103625
random,2,2,11821,88.34,59105,99.468007267476
random,2,2,11822,88.35,59110,99.46799318115991
random,2,2,11823,88.38000000000001,59115,99.46785867607719
random,2,2,11824,88.42999999999999,59120,99.4676037835472
random,2,2,11825,88.46000000000001,59125,99.46746901495614
random,2,2,11826,88.46000000000001,59130,99.46751485462602
random,2,2,11827,88.46000000000001,59135,99.46755908402828
random,2,2,11828,88.46000000000001,59140,99.46760362650643
random,2,2,11829,88.46000000000001,59145,99.46764944300581
random,2,2,11830,88.46000000000001,59150,99.4676955719324
random,2,2,11831,88.46000000000001,59155,99.46774169286542
random,2,2,11832,88.47,59160,99.46772732140558
random,2,2,11833,88.49000000000001,59165,99.46765151237143
random,2,2,11834,88.49000000000001,59170,99.46769602429265
random,2,2,11835,88.49000000000001,59175,99.46774052877082
random,2,2,11836,88.51,59180,99.46766633848145
random,2,2,11837,88.53,59185,99.4675921610418
random,2,2,11838,88.56,59190,99.46745786296421
random,2,2,11839,88.59,59195,99.46732198669237
random,2,2,11840,88.59,59200,99.46736650343155
random,2,2,11841,88.6,59205,99.46735089432146
random,2,2,11842,88.62,59210,99.46727517443402
random,2,2,11843,88.64999999999999,59215,99.46714096030036
random,2,2,11844,88.66000000000001,59220,99.46712729563197
random,2,2,11845,88.67,59225,99.4671136333451
random,2,2,11846,88.67,59230,99.46716006590943
random,2,2,11847,88.69,59235,99.46708631591345
random,2,2,11848,88.69,59240,99.46713274276733
random,2,2,11849,88.7,59245,99.46711908476652
random,2,2,11850,88.71,59250,99.46710542914504
random,2,2,11851,88.74,59255,99.46697164329987
random,2,2,11852,88.77000000000001,59260,99.46683788075715
random,2,2,11853,88.79,59265,99.4667641973507
random,2,2,11854,88.81,59270,99.46669052677596
random,2,2,11855,88.85,59275,99.46649677826501
random,2,2,11856,88.89,59280,99.46630306348887
random,2,2,11857,88.89,59285,99.46634952215199
random,2,2,11858,88.89,59290,99.46639597272731
random,2,2,11859,88.89,59295,99.46644241521693
random,2,2,11860,88.89,59300,99.46648884962296
random,2,2,11861,88.89,59305,99.46653527594752
random,2,2,11862,88.89,59310,99.46658169419271
random,2,2,11863,88.89,59315,99.46662810436064
random,2,2,11864,88.89,59320,99.46667450645343
random,2,2,11865,88.89,59325,99.46672090047318
random,2,2,11866,88.89,59330,99.46676728642197
random,2,2,11867,88.89,59335,99.46681366430195
random,2,2,11868,88.89,59340,99.4668600341152
random,2,2,11869,88.89,59345,99.46690639586383
random,2,2,11870,88.89,59350,99.46695274954995
random,2,2,11871,88.89,59355,99.46699909517565
random,2,2,11872,88.89,59360,99.46704543274303
random,2,2,11873,88.89,59365,99.46709144276792
random,2,2,11874,88.91,59370,99.46701755227316
random,2,2,11875,88.92,59375,99.46700393513177
random,2,2,11876,88.92,59380,99.46705025622585
random,2,2,11877,88.92,59385,99.46709624989663
random,2,2,11878,88.92999999999999,59390,99.467082310105
random,2,2,11879,88.92999999999999,59395,99.46712829307285
random,2,2,11880,88.94,59400,99.46711435292201
random,2,2,11881,88.94,59405,99.46716032519156
random,2,2,11882,88.94,59410,99.46720469367864
random,2,2,11883,88.97,59415,99.46706935466094
random,2,2,11884,88.97,59420,99.46711372333398
random,2,2,11885,88.99000000000001,59425,99.46703830448828
random,2,2,11886,88.99000000000001,59430,99.4670842640445
random,2,2,11887,88.99000000000001,59435,99.46712862026492
random,2,2,11888,89.03,59440,99.46693187349825
random,2,2,11889,89.03,59445,99.46697463953583
random,2,2,11890,89.03999999999999,59450,99.4669575332059
random,2,2,11891,89.03999999999999,59455,99.46700188560654
random,2,2,11892,89.03999999999999,59460,99.46704463561032
random,2,2,11893,89.05999999999999,59465,99.46696767691036
random,2,2,11894,89.05999999999999,59470,99.4670104228009
random,2,2,11895,89.07000000000001,59475,99.46699332051134
random,2,2,11896,89.1,59480,99.4668565479111
random,2,2,11897,89.1,59485,99.46689929242997
random,2,2,11898,89.1,59490,99.46694203009534
random,2,2,11899,89.1,59495,99.46698476090886
random,2,2,11900,89.1,59500,99.46702748487219
random,2,2,11901,89.1,59505,99.46707179577665
random,2,2,11902,89.1,59510,99.46711609931377
random,2,2,11903,89.12,59515,99.46704079063589
random,2,2,11904,89.13,59520,99.46702529193117
random,2,2,11905,89.14,59525,99.4670082023575
random,2,2,11906,89.14,59530,99.46705249658463
random,2,2,11907,89.17,59535,99.46691743527325
random,2,2,11908,89.2,59540,99.46678239640664
random,2,2,11909,89.2,59545,99.46682829181229
random,2,2,11910,89.2,59550,99.46687417931794
random,2,2,11911,89.2,59555,99.46691846601605
random,2,2,11912,89.2,59560,99.46696433800197
random,2,2,11913,89.2,59565,99.46700860972302
random,2,2,11914,89.21,59570,99.466993126655
random,2,2,11915,89.21,59575,99.46703898065306
random,2,2,11916,89.21,59580,99.46708514511042
random,2,2,11917,89.21,59585,99.46713130157107
random,2,2,11918,89.21,59590,99.46717745003706
random,2,2,11919,89.21,59595,99.46722359051049
random,2,2,11920,89.21,59600,99.4672694048657
random,2,2,11921,89.21,59605,99.46731521134228
random,2,2,11922,89.21,59610,99.46735941984508
random,2,2,11923,89.25,59615,99.46716481532559
random,2,2,11924,89.25,59620,99.46720743867961
random,2,2,11925,89.25,59625,99.46725005521499
random,2,2,11926,89.27000000000001,59630,99.46717488087984
random,2,2,11927,89.31,59635,99.46698035508383
random,2,2,11928,89.31,59640,99.46702456962429
random,2,2,11929,89.35,59645,99.46682849779303
random,2,2,11930,89.39,59650,99.46663245731538
random,2,2,11931,89.42999999999999,59655,99.46643644818384
random,2,2,11932,89.42999999999999,59660,99.4664806935572
random,2,2,11933,89.44,59665,99.46646368743744
random,2,2,11934,89.44,59670,99.46650792334749
random,2,2,11935,89.44,59675,99.4665505610941
random,2,2,11936,89.45,59680,99.4665335535187
random,2,2,11937,89.45,59685,99.46657618240292
random,2,2,11938,89.45,59690,99.46661880447479
random,2,2,11939,89.45,59695,99.46666141973597
random,2,2,11940,89.48,59700,99.46652676010994
random,2,2,11941,89.49000000000001,59705,99.46651294163655
random,2,2,11942,89.53,59710,99.4663187078153
random,2,2,11943,89.53,59715,99.46636292327976
random,2,2,11944,89.58,59720,99.46610913473086
random,2,2,11945,89.64,59725,99.4657942020435
random,2,2,11946,89.64999999999999,59730,99.4657772687483
random,2,2,11947,89.68,59735,99.46564116803404
random,2,2,11948,89.71000000000001,59740,99.4655050890517
random,2,2,11949,89.71000000000001,59745,99.46554935044973
random,2,2,11950,89.71000000000001,59750,99.46559201277194
random,2,2,11951,89.72,59755,99.46557478408852
random,2,2,11952,89.72,59760,99.46561711931176
random,2,2,11953,89.73,59765,99.46559989136901
random,2,2,11954,89.73,59770,99.46564221789744
random,2,2,11955,89.73,59775,99.46568294687198
random,2,2,11956,89.73,59780,99.46572526024534
random,2,2,11957,89.73,59785,99.46576756691748
random,2,2,11958,89.73,59790,99.46581177500157
random,2,2,11959,89.73,59795,99.46585597576976
random,2,2,11960,89.73,59800,99.46589857965807
random,2,2,11961,89.73,59805,99.46594117675068
random,2,2,11962,89.77000000000001,59810,99.46574571233707
random,2,2,11963,89.79,59815,99.46567088682923
random,2,2,11964,89.79,59820,99.46571508136554
random,2,2,11965,89.79,59825,99.46575767924993
random,2,2,11966,89.79,59830,99.46580027034231
random,2,2,11967,89.79,59835,99.4658428546443
random,2,2,11968,89.79,59840,99.46588702073933
random,2,2,11969,89.79,59845,99.46593117953134
random,2,2,11970,89.79,59850,99.4659737429656
random,2,2,11971,89.79,59855,99.46601788741951
random,2,2,11972,89.79,59860,99.4660604370348
random,2,2,11973,89.79,59865,99.4661029798696
random,2,2,11974,89.79,59870,99.46614710296066
random,2,2,11975,89.79,59875,99.46619121875935
random,2,2,11976,89.79,59880,99.46623532726747
random,2,2,11977,89.79,59885,99.46627942848684
random,2,2,11978,89.79,59890,99.46632352241929
random,2,2,11979,89.79,59895,99.46636760906658
random,2,2,11980,89.79,59900,99.46641327388349
random,2,2,11981,89.79,59905,99.46645734570403
random,2,2,11982,89.79,59910,99.46650299516472
random,2,2,11983,89.79,59915,99.46654705216599
random,2,2,11984,89.79,59920,99.4665926862782
random,2,2,11985,89.79,59925,99.46663831258357
random,2,2,11986,89.79,59930,99.46668393108409
random,2,2,11987,89.79,59935,99.46672954178176
random,2,2,11988,89.79,59940,99.46677514467859
random,2,2,11989,89.79,59945,99.46682105638193
random,2,2,11990,89.79,59950,99.46686696017979
random,2,2,11991,89.79,59955,99.46691285607419
random,2,2,11992,89.79,59960,99.46695874406718
random,2,2,11993,89.79,59965,99.4670046241608
random,2,2,11994,89.79,59970,99.46705049635707
random,2,2,11995,89.8,59975,99.46703701065927
random,2,2,11996,89.8,59980,99.46708287217407
random,2,2,11997,89.8,59985,99.46712872579678
random,2,2,11998,89.8,59990,99.46717457152944
random,2,2,11999,89.8,59995,99.46722040937406
random,2,2,12000,89.8,60000,99.46726623933272
random,2,2,12001,89.8,60005,99.46731206140741
random,2,2,12002,89.8,60010,99.46735787560019
random,2,2,12003,89.8,60015,99.46740368191308
random,2,2,12004,89.8,60020,99.46744948034811
random,2,2,12005,89.8,60025,99.46749527090734
random,2,2,12006,89.8,60030,99.46754073787707
random,2,2,12007,89.8,60035,99.46758461876864
random,2,2,12008,89.8,60040,99.46762849242823
random,2,2,12009,89.8,60045,99.46767362109388
random,2,2,12010,89.8,60050,99.46771874210913
random,2,2,12011,89.8,60055,99.46776417092713
random,2,2,12012,89.8,60060,99.46780801500094
random,2,2,12013,89.8,60065,99.46785185185185
random,2,2,12014,89.8,60070,99.46789568148165
random,2,2,12015,89.8,60075,99.4679395038921
random,2,2,12016,89.8,60080,99.46798331908501
random,2,2,12017,89.8,60085,99.46802838761656
random,2,2,12018,89.8,60090,99.46807187308598
random,2,2,12019,89.8,60095,99.46811535144663
random,2,2,12020,89.8,60100,99.46815913768341
random,2,2,12021,89.8,60105,99.46820260178028
random,2,2,12022,89.8,60110,99.46824605877362
random,2,2,12023,89.8,60115,99.4682879345177
random,2,2,12024,89.8,60120,99.46832980366686
random,2,2,12025,89.8,60125,99.46837166622265
random,2,2,12026,89.8,60130,99.46841352218662
random,2,2,12027,89.8,60135,99.46845537156035
random,2,2,12028,89.8,60140,99.46849721434536
random,2,2,12029,89.8,60145,99.46853905054324
random,2,2,12030,89.8,60150,99.46858245256891
random,2,2,12031,89.8,60155,99.46862584750626
random,2,2,12032,89.8,60160,99.46866923535704
random,2,2,12033,89.8,60165,99.46871104447978
random,2,2,12034,89.8,60170,99.46875316130323
random,2,2,12035,89.8,60175,99.46879684259468
random,2,2,12036,89.81,60180,99.46878136754049
random,2,2,12037,89.81,60185,99.46882315436599
random,2,2,12038,89.81,60190,99.46886493461793
random,2,2,12039,89.81,60195,99.46890670829785
random,2,2,12040,89.81,60200,99.46894690533406
random,2,2,12041,89.81,60205,99.46898552644105
random,2,2,12042,89.81,60210,99.46902571154752
random,2,2,12043,89.81,60215,99.46906432119333
random,2,2,12044,89.81,60220,99.46910449437539
random,2,2,12045,89.81,60225,99.4691430925651
random,2,2,12046,89.81,60230,99.46918482250405
random,2,2,12047,89.81,60235,99.46922968271389
random,2,2,12048,89.81,60240,99.46927484896996
random,2,2,12049,89.81,60245,99.46931969396509
random,2,2,12050,89.81,60250,99.46936296376826
random,2,2,12051,89.81,60255,99.46940622651587
random,2,2,12052,89.81,60260,99.46944791509749
random,2,2,12053,89.81,60265,99.46948959712871
random,2,2,12054,89.81,60270,99.46953127261108
random,2,2,12055,89.81,60275,99.46957294154612
random,2,2,12056,89.81,60280,99.46961617006299
random,2,2,12057,89.81,60285,99.46965939153439
random,2,2,12058,89.81,60290,99.46970260596206
random,2,2,12059,89.81,60295,99.46974424798563
random,2,2,12060,89.81,60300,99.46978588346978
random,2,2,12061,89.81,60305,99.46982751241606
random,2,2,12062,89.81,60310,99.46986913482596
random,2,2,12063,89.81,60315,99.46991106357763
random,2,2,12064,89.81,60320,99.46995267287032
random,2,2,12065,89.81,60325,99.46999427563131
random,2,2,12066,89.81,60330,99.47003743550283
random,2,2,12067,89.81,60335,99.47008058834567
random,2,2,12068,89.81,60340,99.47012373416153
random,2,2,12069,89.81,60345,99.47016531007512
random,2,2,12070,89.81,60350,99.47020687946484
random,2,2,12071,89.81,60355,99.47024844233223
random,2,2,12072,89.81,60360,99.47028687436816
random,2,2,12073,89.81,60365,99.47032686276151
random,2,2,12074,89.82,60370,99.47030787249174
random,2,2,12075,89.83,60375,99.47028888508872
random,2,2,12076,89.84,60380,99.47026990055178
random,2,2,12077,89.84,60385,99.4703083166429
random,2,2,12078,89.87,60390,99.470169861644
random,2,2,12079,89.88000000000001,60395,99.47015089027383
random,2,2,12080,89.88000000000001,60400,99.47019086804286
random,2,2,12081,89.88000000000001,60405,99.47023240105317
random,2,2,12082,89.89,60410,99.47021499051704
random,2,2,12083,89.92,60415,99.47007971787873
random,2,2,12084,89.92999999999999,60420,99.47006232203806
random,2,2,12085,89.92999999999999,60425,99.47010229093995
random,2,2,12086,89.96,60430,99.46996549708706
random,2,2,12087,89.97,60435,99.4699449914014
random,2,2,12088,89.97,60440,99.46998339905767
random,2,2,12089,89.99000000000001,60445,99.46990398894451
random,2,2,12090,89.99000000000001,60450,99.46994395506982
random,2,2,12091,89.99000000000001,60455,99.46998235434086
random,2,2,12092,89.99000000000001,60460,99.47002230865091
random,2,2,12093,89.99000000000001,60465,99.47006225693765
random,2,2,12094,90.01,60470,99.46998443105028
random,2,2,12095,90.01,60475,99.47002437617023
random,2,2,12096,90.01,60480,99.47006275526155
random,2,2,12097,90.01,60485,99.47010268857686
random,2,2,12098,90.01,60490,99.4701426158743
random,2,2,12099,90.01,60495,99.47018565575195
random,2,2,12100,90.01,60500,99.47022868863796
random,2,2,12101,90.01,60505,99.47027171453408
random,2,2,12102,90.01,60510,99.47031161636461
random,2,2,12103,90.01,60515,99.47035462879221
random,2,2,12104,90.01,60520,99.47039763423487
random,2,2,12105,90.01,60525,99.4704406326943
random,2,2,12106,90.01,60530,99.47048206663183
random,2,2,12107,90.01,60535,99.47052193678029
random,2,2,12108,90.01,60540,99.47056491505863
random,2,2,12109,90.02,60545,99.47054938294477
random,2,2,12110,90.02,60550,99.47059110661279
random,2,2,12111,90.02,60555,99.4706328237052
random,2,2,12112,90.02,60560,99.47067453422358
random,2,2,12113,90.02,60565,99.47071623816946
random,2,2,12114,90.02,60570,99.47075949128946
random,2,2,12115,90.02,60575,99.47080118184992
random,2,2,12116,90.03,60580,99.47078408366819
random,2,2,12117,90.03,60585,99.47082576572446
random,2,2,12118,90.03,60590,99.47086899614392
random,2,2,12119,90.03999999999999,60595,99.47085500639687
random,2,2,12120,90.06,60600,99.47078225622107
random,2,2,12121,90.06,60605,99.47082703400491
random,2,2,12122,90.06,60610,99.47087211508972
random,2,2,12123,90.06,60615,99.47091718849413
random,2,2,12124,90.06,60620,99.47096225422008
random,2,2,12125,90.06,60625,99.47100731226956
random,2,2,12126,90.06,60630,99.47105236264453
random,2,2,12127,90.06,60635,99.47109740534692
random,2,2,12128,90.06,60640,99.47114244037874
random,2,2,12129,90.06,60645,99.47118746774191
random,2,2,12130,90.06,60650,99.4712324874384
random,2,2,12131,90.06,60655,99.47127749947016
random,2,2,12132,90.06,60660,99.47132250383916
random,2,2,12133,90.06,60665,99.47136750054736
random,2,2,12134,90.06,60670,99.4714124895967
random,2,2,12135,90.06,60675,99.47145747098915
random,2,2,12136,90.06,60680,99.47150244472664
random,2,2,12137,90.06,60685,99.47154741081116
random,2,2,12138,90.06,60690,99.47159236924463
random,2,2,12139,90.06,60695,99.47163732002903
random,2,2,12140,90.06,60700,99.4716822631663
random,2,2,12141,90.06,60705,99.47172719865837
random,2,2,12142,90.07,60710,99.47171347362321
random,2,2,12143,90.07,60715,99.47175808901582
random,2,2,12144,90.07,60720,99.47180114811559
random,2,2,12145,90.07,60725,99.47184420019609
random,2,2,12146,90.07,60730,99.47188724525904
random,2,2,12147,90.07,60735,99.47192997370496
random,2,2,12148,90.07,60740,99.47197455253844
random,2,2,12149,90.07,60745,99.472018814349
random,2,2,12150,90.07,60750,99.47205997426826
random,2,2,12151,90.07,60755,99.47210112777063
random,2,2,12152,90.07,60760,99.47214258420988
random,2,2,12153,90.07,60765,99.47218558065153
random,2,2,12154,90.07,60770,99.47222702382801
random,2,2,12155,90.07,60775,99.47226846049689
random,2,2,12156,90.07,60780,99.4723098906597
random,2,2,12157,90.07,60785,99.47235131431799
random,2,2,12158,90.07,60790,99.47239273147326
random,2,2,12159,90.07,60795,99.47243414212707
random,2,2,12160,90.07,60800,99.47247554628095
random,2,2,12161,90.07,60805,99.47251694393641
random,2,2,12162,90.07,60810,99.47255987941548
random,2,2,12163,90.07,60815,99.4726028079055
random,2,2,12164,90.07,60820,99.47264572940819
random,2,2,12165,90.07,60825,99.47268864392521
random,2,2,12166,90.07,60830,99.47273155145828
random,2,2,12167,90.07,60835,99.47277445200913
random,2,2,12168,90.07,60840,99.47281703701752
random,2,2,12169,90.07,60845,99.47285838109524
random,2,2,12170,90.07,60850,99.47289971868868
random,2,2,12171,90.07,60855,99.47294074138226
random,2,2,12172,90.07,60860,99.47298360790026
random,2,2,12173,90.07,60865,99.47302615912889
random,2,2,12174,90.07,60870,99.47306870348692
random,2,2,12175,90.07,60875,99.47311278206044
random,2,2,12176,90.07,60880,99.47315716142437
random,2,2,12177,90.07,60885,99.47320153331283
random,2,2,12178,90.07,60890,99.47324404935961
random,2,2,12179,90.07,60895,99.47328655854432
random,2,2,12180,90.07,60900,99.4733306006791
random,2,2,12181,90.07,60905,99.47337309589615
random,2,2,12182,90.07,60910,99.47341712356076
random,2,2,12183,90.07,60915,99.47346114386431
random,2,2,12184,90.07,60920,99.47350546456552
random,2,2,12185,90.07,60925,99.47354947010098
random,2,2,12186,90.07,60930,99.4735934682809
random,2,2,12187,90.07,60935,99.47363745910712
random,2,2,12188,90.07,60940,99.4736799048218
random,2,2,12189,90.07,60945,99.47372234369138
random,2,2,12190,90.07,60950,99.47376323844479
random,2,2,12191,90.07,60955,99.47380412684318
random,2,2,12192,90.07,60960,99.4738465456831
random,2,2,12193,90.07,60965,99.47389049422284
random,2,2,12194,90.07,60970,99.47393289913961
random,2,2,12195,90.07,60975,99.47397560442872
random,2,2,12196,90.07,60980,99.47401799562724
random,2,2,12197,90.07,60985,99.47405915155761
random,2,2,12198,90.07,60990,99.47409999398604
random,2,2,12199,90.07,60995,99.47413929499518
random,2,2,12200,90.07,61000,99.47417859013076
random,2,2,12201,90.07,61005,99.47421787939409
random,2,2,12202,90.07,61010,99.4742571627865
random,2,2,12203,90.07,61015,99.47429644030927
random,2,2,12204,90.07,61020,99.47433417802488
random,2,2,12205,90.07,61025,99.47437191032284
random,2,2,12206,90.07,61030,99.47441117070287
random,2,2,12207,90.07,61035,99.47445195847897
random,2,2,12208,90.07,61040,99.47449273992495
random,2,2,12209,90.07,61045,99.47453535437214
random,2,2,12210,90.07,61050,99.47457918792239
random,2,2,12211,90.07,61055,99.4746217883508
random,2,2,12212,90.07,61060,99.47466284985052
random,2,2,12213,90.07,61065,99.47470390493231
random,2,2,12214,90.07,61070,99.4747449535977
random,2,2,12215,90.07,61075,99.47478752715134
random,2,2,12216,90.07,61080,99.47482856274915
random,2,2,12217,90.07,61085,99.47486928577092
random,2,2,12218,90.07,61090,99.47491000247767
random,2,2,12219,90.07,61095,99.47495224321365
random,2,2,12220,90.07,61100,99.47499447715407
random,2,2,12221,90.07,61105,99.47503517445013
random,2,2,12222,90.07,61110,99.47507586543712
random,2,2,12223,90.07,61115,99.47511807949277
random,2,2,12224,90.07,61120,99.47515875762905
random,2,2,12225,90.07,61125,99.47520095835401
random,2,2,12226,90.07,61130,99.47524315229309
random,2,2,12227,90.07,61135,99.47528533944792
random,2,2,12228,90.07,61140,99.47532599166416
random,2,2,12229,90.07,61145,99.47536510965375
random,2,2,12230,90.07,61150,99.47540574951105
random,2,2,12231,90.07,61155,99.47544791052738
random,2,2,12232,90.07,61160,99.47549037020818
random,2,2,12233,90.07,61165,99.47553251762442
random,2,2,12234,90.07,61170,99.4755749636099
random,2,2,12235,90.07,61175,99.47561740272548
random,2,2,12236,90.07,61180,99.47565983497284
random,2,2,12237,90.07,61185,99.47570226035367
random,2,2,12238,90.07,61190,99.4757446788696
random,2,2,12239,90.07,61195,99.47578709052232
random,2,2,12240,90.07,61200,99.47582949531349
random,2,2,12241,90.07,61205,99.47587189324476
random,2,2,12242,90.07,61210,99.47591580904879
random,2,2,12243,90.07,61215,99.47595819301867
random,2,2,12244,90.07,61220,99.47600057013372
random,2,2,12245,90.07,61225,99.47604141640426
random,2,2,12246,90.07,61230,99.47608378006106
random,2,2,12247,90.07,61235,99.47612766036647
random,2,2,12248,90.07,61240,99.47617153332217
random,2,2,12249,90.07,61245,99.47621357134301
random,2,2,12250,90.07,61250,99.47625560261714
random,2,2,12251,90.07,61255,99.47629762714624
random,2,2,12252,90.07,61260,99.47633994938398
random,2,2,12253,90.07,61265,99.47638226478188
random,2,2,12254,90.07,61270,99.47642426898783
random,2,2,12255,90.07,61275,99.47646626645525
random,2,2,12256,90.07,61280,99.47650825718574
random,2,2,12257,90.07,61285,99.47655054538819
random,2,2,12258,90.07,61290,99.47659282675903
random,2,2,12259,90.07,61295,99.4766351012999
random,2,2,12260,90.07,61300,99.47667888930658
random,2,2,12261,90.07,61305,99.47672236597947
random,2,2,12262,90.07,61310,99.47676431564003
random,2,2,12263,90.07,61315,99.47680321945802
random,2,2,12264,90.07,61320,99.47684515615653
random,2,2,12265,90.07,61325,99.47688556704803
random,2,2,12266,90.07,61330,99.47692627546768
random,2,2,12267,90.07,61335,99.47696697755202
random,2,2,12268,90.07,61340,99.47700736962636
random,2,2,12269,90.07,61345,99.4770477554625
random,2,2,12270,90.07,61350,99.47708843864424
random,2,2,12271,90.07,61355,99.47712911549658
random,2,2,12272,90.07,61360,99.47716978602098
random,2,2,12273,90.07,61365,99.47721196741732
random,2,2,12274,90.07,61370,99.4772541420079
random,2,2,12275,90.07,61375,99.47729630979435
random,2,2,12276,90.07,61380,99.47733816748622
random,2,2,12277,90.07,61385,99.47738001847476
random,2,2,12278,90.07,61390,99.47742186276159
random,2,2,12279,90.07,61395,99.47746370034832
random,2,2,12280,90.07,61400,99.47750401574159
random,2,2,12281,90.07,61405,99.47754432491442
random,2,2,12282,90.10000000000001,61410,99.47740910920584
random,2,2,12283,90.11,61415,99.47738990737895
random,2,2,12284,90.11,61420,99.4774287010006
random,2,2,12285,90.11,61425,99.47746900389738
random,2,2,12286,90.11,61430,99.47750930057798
random,2,2,12287,90.11,61435,99.47754959104384
random,2,2,12288,90.11,61440,99.47759138962083
random,2,2,12289,90.11,61445,99.47763318151016
random,2,2,12290,90.11,61450,99.47767496671345
random,2,2,12291,90.11,61455,99.4777170479508
random,2,2,12292,90.13,61460,99.4776416968618
random,2,2,12293,90.13,61465,99.47768377412156
random,2,2,12294,90.13,61470,99.47772584460301
random,2,2,12295,90.13,61475,99.4777679083078
random,2,2,12296,90.13,61480,99.47781147795052
random,2,2,12297,90.13,61485,99.47785504032387
random,2,2,12298,90.13,61490,99.47789859542962
random,2,2,12299,90.13,61495,99.47794244565979
random,2,2,12300,90.13,61500,99.47798598618543
random,2,2,12301,90.13,61505,99.47802951944894
random,2,2,12302,90.13,61510,99.47807304545218
random,2,2,12303,90.13,61515,99.47811686638505
random,2,2,12304,90.13,61520,99.47816067996017
random,2,2,12305,90.13,61525,99.47820448617934
random,2,2,12306,90.13,61530,99.47824828504443
random,2,2,12307,90.13,61535,99.47829177457204
random,2,2,12308,90.13,61540,99.47833374717042
random,2,2,12309,90.13,61545,99.47837541112735
random,2,2,12310,90.14,61550,99.47835919836065
random,2,2,12311,90.14,61555,99.47840085363109
random,2,2,12312,90.14,61560,99.4784412951366
random,2,2,12313,90.14,61565,99.47848323902755
random,2,2,12314,90.14,61570,99.47852517617275
random,2,2,12315,90.14,61575,99.47856710657385
random,2,2,12316,90.14,61580,99.47860752230407
random,2,2,12317,90.14,61585,99.47864943946428
random,2,2,12318,90.14,61590,99.47869285732875
random,2,2,12319,90.14,61595,99.47873626796218
random,2,2,12320,90.14,61600,99.47877967136635
random,2,2,12321,90.14,61605,99.47882156085252
random,2,2,12322,90.14,61610,99.47886193714892
random,2,2,12323,90.14,61615,99.47890381341358
random,2,2,12324,90.14,61620,99.47894568294879
random,2,2,12325,90.14,61625,99.47898905148726
random,2,2,12326,90.14,61630,99.47903241280699
random,2,2,12327,90.14,61635,99.47907606795474
random,2,2,12328,90.14999999999999,61640,99.47906193008855
random,2,2,12329,90.14999999999999,61645,99.47910527447078
random,2,2,12330,90.14999999999999,61650,99.47914861164072
random,2,2,12331,90.16,61655,99.47913417032359
random,2,2,12332,90.16,61660,99.47917749787997
random,2,2,12333,90.16,61665,99.47921931417065
random,2,2,12334,90.19,61670,99.47908785216006
random,2,2,12335,90.19,61675,99.47913117300884
random,2,2,12336,90.19,61680,99.47917298282755
random,2,2,12337,90.19,61685,99.4792147859347
random,2,2,12338,90.19,61690,99.47925808567443
random,2,2,12339,90.19,61695,99.4793013782146
random,2,2,12340,90.19,61700,99.47934466355701
random,2,2,12341,90.19,61705,99.47938794170345
random,2,2,12342,90.19,61710,99.47943121265573
random,2,2,12343,90.19,61715,99.47947477683326
random,2,2,12344,90.19,61720,99.47951833371998
random,2,2,12345,90.19,61725,99.47956188331776
random,2,2,12346,90.19,61730,99.4796054256284
random,2,2,12347,90.19,61735,99.47964896065375
random,2,2,12348,90.19,61740,99.47969248839563
random,2,2,12349,90.19,61745,99.47973600885585
random,2,2,12350,90.19,61750,99.47977952203627
random,2,2,12351,90.19,61755,99.47982302793868
random,2,2,12352,90.19,61760,99.47986652656493
random,2,2,12353,90.19,61765,99.47991001791684
random,2,2,12354,90.19,61770,99.47995350199623
random,2,2,12355,90.19,61775,99.47999697880493
random,2,2,12356,90.19,61780,99.48004044834477
random,2,2,12357,90.19,61785,99.48008391061755
random,2,2,12358,90.19,61790,99.48012736562511
random,2,2,12359,90.19,61795,99.48017081336927
random,2,2,12360,90.19,61800,99.48021425385186
random,2,2,12361,90.19,61805,99.48025768707467
random,2,2,12362,90.19,61810,99.48030111303954
random,2,2,12363,90.19,61815,99.4803445317483
random,2,2,12364,90.19,61820,99.48038794320276
random,2,2,12365,90.19,61825,99.48043134740472
random,2,2,12366,90.19,61830,99.48047474435602
random,2,2,12367,90.19,61835,99.48051813405846
random,2,2,12368,90.19,61840,99.48056151651386
random,2,2,12369,90.19,61845,99.48060489172406
random,2,2,12370,90.19,61850,99.48064825969084
random,2,2,12371,90.19,61855,99.48069162041602
random,2,2,12372,90.19,61860,99.48073497390145
random,2,2,12373,90.19,61865,99.48077802123404
random,2,2,12374,90.19,61870,99.48082136029524
random,2,2,12375,90.19,61875,99.48086469212208
random,2,2,12376,90.19,61880,99.48090801671638
random,2,2,12377,90.19,61885,99.48095133407996
random,2,2,12378,90.19,61890,99.4809946442146
random,2,2,12379,90.19,61895,99.48103794712215
random,2,2,12380,90.19,61900,99.48108124280438
random,2,2,12381,90.19,61905,99.48112453126312
random,2,2,12382,90.19,61910,99.48116781250019
random,2,2,12383,90.19,61915,99.48121108651735
random,2,2,12384,90.19,61920,99.48125435331646
random,2,2,12385,90.19,61925,99.48129761289928
random,2,2,12386,90.19,61930,99.48134086526767
random,2,2,12387,90.19,61935,99.48138411042338
random,2,2,12388,90.19,61940,99.48142734836824
random,2,2,12389,90.19,61945,99.48147057910404
random,2,2,12390,90.19,61950,99.48151380263262
random,2,2,12391,90.19,61955,99.48155701895574
random,2,2,12392,90.19,61960,99.48160022807521
random,2,2,12393,90.19,61965,99.48164342999284
random,2,2,12394,90.19,61970,99.48168662471043
random,2,2,12395,90.2,61975,99.48167234796679
random,2,2,12396,90.2,61980,99.4817155330774
random,2,2,12397,90.2,61985,99.48175871099258
random,2,2,12398,90.2,61990,99.48180188171409
random,2,2,12399,90.2,61995,99.48184504524377
random,2,2,12400,90.2,62000,99.4818882015834
random,2,2,12401,90.2,62005,99.48193135073478
random,2,2,12402,90.2,62010,99.48197449269969
random,2,2,12403,90.2,62015,99.48201762747995
random,2,2,12404,90.2,62020,99.48206075507733
random,2,2,12405,90.2,62025,99.48210387549364
random,2,2,12406,90.2,62030,99.48214698873066
random,2,2,12407,90.2,62035,99.48219009479021
random,2,2,12408,90.2,62040,99.48223319367406
random,2,2,12409,90.2,62045,99.482276285384
random,2,2,12410,90.2,62050,99.48231936992184
random,2,2,12411,90.2,62055,99.48236244728935
random,2,2,12412,90.2,62060,99.48240551748833
random,2,2,12413,90.2,62065,99.48244858052055
random,2,2,12414,90.2,62070,99.48249163638783
random,2,2,12415,90.2,62075,99.48253468509195
random,2,2,12416,90.2,62080,99.48257772663467
random,2,2,12417,90.2,62085,99.48262076101783
random,2,2,12418,90.2,62090,99.48266378824316
random,2,2,12419,90.2,62095,99.48270680831249
random,2,2,12420,90.2,62100,99.48274982122756
random,2,2,12421,90.2,62105,99.48279282699019
random,2,2,12422,90.2,62110,99.48283582560215
random,2,2,12423,90.2,62115,99.48287881706523
random,2,2,12424,90.2,62120,99.48292180138121
random,2,2,12425,90.2,62125,99.48296477855186
random,2,2,12426,90.2,62130,99.48300774857898
random,2,2,12427,90.2,62135,99.48305071146434
random,2,2,12428,90.2,62140,99.48309366720974
random,2,2,12429,90.2,62145,99.48313661581693
random,2,2,12430,90.2,62150,99.48317955728771
random,2,2,12431,90.2,62155,99.48322249162385
random,2,2,12432,90.2,62160,99.48326541882713
random,2,2,12433,90.2,62165,99.48330833889932
random,2,2,12434,90.2,62170,99.48335125184221
random,2,2,12435,90.2,62175,99.48339415765757
random,2,2,12436,90.2,62180,99.48343705634717
random,2,2,12437,90.2,62185,99.48347994791278
random,2,2,12438,90.2,62190,99.48352283235621
random,2,2,12439,90.2,62195,99.48356570967918
random,2,2,12440,90.2,62200,99.48360857988352
random,2,2,12441,90.2,62205,99.48365144297097
random,2,2,12442,90.2,62210,99.48369429894329
random,2,2,12443,90.2,62215,99.48373714780227
random,2,2,12444,90.2,62220,99.48377998954969
random,2,2,12445,90.2,62225,99.48382282418731
random,2,2,12446,90.2,62230,99.48386565171688
random,2,2,12447,90.2,62235,99.48390847214021
random,2,2,12448,90.2,62240,99.48395128545904
random,2,2,12449,90.2,62245,99.48399409167514
random,2,2,12450,90.2,62250,99.48403689079028
random,2,2,12451,90.2,62255,99.48407968280624
random,2,2,12452,90.2,62260,99.48412246772477
random,2,2,12453,90.2,62265,99.48416524554764
random,2,2,12454,90.2,62270,99.48420801627661
random,2,2,12455,90.2,62275,99.48425077991345
random,2,2,12456,90.2,62280,99.48429353645993
random,2,2,12457,90.2,62285,99.4843362859178
random,2,2,12458,90.2,62290,99.48437902828884
random,2,2,12459,90.2,62295,99.48442176357479
random,2,2,12460,90.2,62300,99.48446449177743
random,2,2,12461,90.2,62305,99.48450721289852
random,2,2,12462,90.2,62310,99.48454992693982
random,2,2,12463,90.2,62315,99.48459263390306
random,2,2,12464,90.2,62320,99.48463533379004
random,2,2,12465,90.2,62325,99.4846780266025
random,2,2,12466,90.2,62330,99.4847207123422
random,2,2,12467,90.2,62335,99.48476339101089
random,2,2,12468,90.2,62340,99.48480606261035
random,2,2,12469,90.2,62345,99.4848487271423
random,2,2,12470,90.2,62350,99.48489138460853
random,2,2,12471,90.2,62355,99.48493403501078
random,2,2,12472,90.2,62360,99.48497667835082
random,2,2,12473,90.2,62365,99.48501931463036
random,2,2,12474,90.2,62370,99.4850619438512
random,2,2,12475,90.2,62375,99.48510456601507
random,2,2,12476,90.2,62380,99.48514718112374
random,2,2,12477,90.2,62385,99.48518978917895
random,2,2,12478,90.2,62390,99.48523239018243
random,2,2,12479,90.2,62395,99.48527498413597
random,2,2,12480,90.2,62400,99.48531757104129
random,2,2,12481,90.2,62405,99.48536015090016
random,2,2,12482,90.2,62410,99.48540272371432
random,2,2,12483,90.2,62415,99.48544528948553
random,2,2,12484,90.2,62420,99.4854878482155
random,2,2,12485,90.2,62425,99.48553039990601
random,2,2,12486,90.2,62430,99.4855729445588
random,2,2,12487,90.2,62435,99.4856154821756
random,2,2,12488,90.2,62440,99.4856580127582
random,2,2,12489,90.2,62445,99.48570053630829
random,2,2,12490,90.2,62450,99.48574305282764
random,2,2,12491,90.2,62455,99.485785562318
random,2,2,12492,90.2,62460,99.4858280647811
random,2,2,12493,90.2,62465,99.48587056021869
random,2,2,12494,90.2,62470,99.48591304863251
random,2,2,12495,90.2,62475,99.4859555300243
random,2,2,12496,90.2,62480,99.48599800439581
random,2,2,12497,90.2,62485,99.48604047174875
random,2,2,12498,90.2,62490,99.4860829320849
random,2,2,12499,90.2,62495,99.48612538540597
random,2,2,12500,90.2,62500,99.4861678317137
random,2,2,12501,90.2,62505,99.48621027100984
random,2,2,12502,90.2,62510,99.48625270329613
random,2,2,12503,90.2,62515,99.48629512857428
random,2,2,12504,90.2,62520,99.48633754684607
random,2,2,12505,90.2,62525,99.4863799581132
random,2,2,12506,90.2,62530,99.48642236237743
random,2,2,12507,90.2,62535,99.48646475964046
random,2,2,12508,90.2,62540,99.48650714990404
random,2,2,12509,90.2,62545,99.48654953316992
random,2,2,12510,90.2,62550,99.48659190943982
random,2,2,12511,90.2,62555,99.48663427871547
random,2,2,12512,90.2,62560,99.48667664099861
random,2,2,12513,90.2,62565,99.48671899629095
random,2,2,12514,90.2,62570,99.48676134459423
random,2,2,12515,90.2,62575,99.4868036859102
random,2,2,12516,90.2,62580,99.48684602024058
random,2,2,12517,90.2,62585,99.48688834758707
random,2,2,12518,90.2,62590,99.48693066795143
random,2,2,12519,90.2,62595,99.48697298133537
random,2,2,12520,90.2,62600,99.48701528774063
random,2,2,12521,90.2,62605,99.48705758716893
random,2,2,12522,90.2,62610,99.487099879622
random,2,2,12523,90.2,62615,99.48714216510156
random,2,2,12524,90.2,62620,99.48718444360934
random,2,2,12525,90.2,62625,99.48722671514705
random,2,2,12526,90.2,62630,99.48726897971642
random,2,2,12527,90.2,62635,99.4873112373192
random,2,2,12528,90.2,62640,99.48735348795707
random,2,2,12529,90.2,62645,99.48739573163178
random,2,2,12530,90.2,62650,99.48743796834503
random,2,2,12531,90.2,62655,99.48748019809857
random,2,2,12532,90.2,62660,99.48752242089408
random,2,2,12533,90.2,62665,99.48756463673331
random,2,2,12534,90.2,62670,99.48760684561799
random,2,2,12535,90.2,62675,99.48764904754981
random,2,2,12536,90.2,62680,99.48769124253049
random,2,2,12537,90.21000000000001,62685,99.48767663825916
random,2,2,12538,90.21000000000001,62690,99.48771882401913
random,2,2,12539,90.21000000000001,62695,99.48776100283233
random,2,2,12540,90.21000000000001,62700,99.4878031747005
random,2,2,12541,90.21000000000001,62705,99.48784533962535
random,2,2,12542,90.21000000000001,62710,99.48788749760861
random,2,2,12543,90.21000000000001,62715,99.48792964865196
random,2,2,12544,90.21000000000001,62720,99.48797179275714
random,2,2,12545,90.21000000000001,62725,99.48801392992584
random,2,2,12546,90.21000000000001,62730,99.4880560601598
random,2,2,12547,90.21000000000001,62735,99.4880981834607
random,2,2,12548,90.21000000000001,62740,99.48814029983029
random,2,2,12549,90.21000000000001,62745,99.48818240927024
random,2,2,12550,90.21000000000001,62750,99.48822451178229
random,2,2,12551,90.21000000000001,62755,99.48826660736815
random,2,2,12552,90.21000000000001,62760,99.4883086960295
random,2,2,12553,90.21000000000001,62765,99.48835077776808
random,2,2,12554,90.21000000000001,62770,99.48839285258558
random,2,2,12555,90.21000000000001,62775,99.4884349204837
random,2,2,12556,90.21000000000001,62780,99.48847698146417
random,2,2,12557,90.21000000000001,62785,99.48851903552868
random,2,2,12558,90.21000000000001,62790,99.48856108267894
random,2,2,12559,90.21000000000001,62795,99.48860312291666
random,2,2,12560,90.22,62800,99.48858847130353
random,2,2,12561,90.23,62805,99.48857382209873
random,2,2,12562,90.23,62810,99.48861585092497
random,2,2,12563,90.23,62815,99.48865787284396
random,2,2,12564,90.23,62820,99.48869988785736
random,2,2,12565,90.23,62825,99.48874189596694
random,2,2,12566,90.23,62830,99.48878389717434
random,2,2,12567,90.23,62835,99.4888258914813
random,2,2,12568,90.24,62840,99.48881123119793
random,2,2,12569,90.25,62845,99.48879657332272
random,2,2,12570,90.25999999999999,62850,99.48878191785508
random,2,2,12571,90.25999999999999,62855,99.48882389853047
random,2,2,12572,90.25999999999999,62860,99.4888658723116
random,2,2,12573,90.25999999999999,62865,99.4889078392002
random,2,2,12574,90.25999999999999,62870,99.48894979919793
random,2,2,12575,90.25999999999999,62875,99.4889917523065
random,2,2,12576,90.25999999999999,62880,99.48903369852762
random,2,2,12577,90.25999999999999,62885,99.48907563786297
random,2,2,12578,90.25999999999999,62890,99.48911757031425
random,2,2,12579,90.25999999999999,62895,99.48915949588316
random,2,2,12580,90.25999999999999,62900,99.4892014145714
random,2,2,12581,90.25999999999999,62905,99.48924332638065
random,2,2,12582,90.25999999999999,62910,99.48928523131259
random,2,2,12583,90.25999999999999,62915,99.48932712936896
random,2,2,12584,90.25999999999999,62920,99.4893690205514
random,2,2,12585,90.25999999999999,62925,99.48941090486163
random,2,2,12586,90.25999999999999,62930,99.48945278230134
random,2,2,12587,90.25999999999999,62935,99.4894946528722
random,2,2,12588,90.25999999999999,62940,99.48953651657592
random,2,2,12589,90.25999999999999,62945,99.48957837341419
random,2,2,12590,90.25999999999999,62950,99.4896202233887
random,2,2,12591,90.25999999999999,62955,99.48966206650111
random,2,2,12592,90.25999999999999,62960,99.48970390275315
random,2,2,12593,90.25999999999999,62965,99.48974573214647
random,2,2,12594,90.25999999999999,62970,99.48978755468278
random,2,2,12595,90.25999999999999,62975,99.48982937036376
random,2,2,12596,90.25999999999999,62980,99.48987117919108
random,2,2,12597,90.25999999999999,62985,99.48991298116646
random,2,2,12598,90.25999999999999,62990,99.48995477629154
random,2,2,12599,90.25999999999999,62995,99.48999656456805
random,2,2,12600,90.25999999999999,63000,99.49003834599762
random,2,2,12601,90.25999999999999,63005,99.49008012058198
random,2,2,12602,90.25999999999999,63010,99.4901218883228
random,2,2,12603,90.25999999999999,63015,99.49016364922174
random,2,2,12604,90.25999999999999,63020,99.49020540328051
random,2,2,12605,90.25999999999999,63025,99.49024715050078
random,2,2,12606,90.25999999999999,63030,99.49028889088422
random,2,2,12607,90.25999999999999,63035,99.49033062443252
random,2,2,12608,90.25999999999999,63040,99.49037235114734
random,2,2,12609,90.25999999999999,63045,99.49041407103039
random,2,2,12610,90.25999999999999,63050,99.49045578408332
random,2,2,12611,90.25999999999999,63055,99.49049749030783
random,2,2,12612,90.25999999999999,63060,99.49053918970557
random,2,2,12613,90.25999999999999,63065,99.49058088227825
random,2,2,12614,90.25999999999999,63070,99.4906225680275
random,2,2,12615,90.25999999999999,63075,99.49066424695503
random,2,2,12616,90.25999999999999,63080,99.49070591906252
random,2,2,12617,90.25999999999999,63085,99.49074758435164
random,2,2,12618,90.25999999999999,63090,99.49078924282404
random,2,2,12619,90.25999999999999,63095,99.49083089448139
random,2,2,12620,90.25999999999999,63100,99.49087253932538
random,2,2,12621,90.25999999999999,63105,99.4909141773577
random,2,2,12622,90.25999999999999,63110,99.49095580857998
random,2,2,12623,90.25999999999999,63115,99.49099743299392
random,2,2,12624,90.25999999999999,63120,99.49103905060119
random,2,2,12625,90.25999999999999,63125,99.49108066140343
random,2,2,12626,90.25999999999999,63130,99.49112226540234
random,2,2,12627,90.25999999999999,63135,99.49116386259959
random,2,2,12628,90.25999999999999,63140,99.49120545299682
random,2,2,12629,90.25999999999999,63145,99.49124703659572
random,2,2,12630,90.25999999999999,63150,99.49128861339794
random,2,2,12631,90.25999999999999,63155,99.49133018340517
random,2,2,12632,90.25999999999999,63160,99.49137174661905
random,2,2,12633,90.25999999999999,63165,99.49141330304127
random,2,2,12634,90.25999999999999,63170,99.49145485267347
random,2,2,12635,90.25999999999999,63175,99.49149639551733
random,2,2,12636,90.25999999999999,63180,99.4915379315745
random,2,2,12637,90.25999999999999,63185,99.49157946084665
random,2,2,12638,90.25999999999999,63190,99.49162098333547
random,2,2,12639,90.25999999999999,63195,99.49166249904258
random,2,2,12640,90.25999999999999,63200,99.49170400796964
random,2,2,12641,90.25999999999999,63205,99.49174551011836
random,2,2,12642,90.25999999999999,63210,99.49178700549034
random,2,2,12643,90.25999999999999,63215,99.49182849408729
random,2,2,12644,90.25999999999999,63220,99.49186997591083
random,2,2,12645,90.25999999999999,63225,99.49191145096265
random,2,2,12646,90.25999999999999,63230,99.49195291924437
random,2,2,12647,90.25999999999999,63235,99.4919943807577
random,2,2,12648,90.25999999999999,63240,99.49203583550425
random,2,2,12649,90.25999999999999,63245,99.4920772834857
random,2,2,12650,90.27,63250,99.49206245600492
random,2,2,12651,90.27,63255,99.49210389505168
random,2,2,12652,90.27,63260,99.49214532733757
random,2,2,12653,90.27,63265,99.49218675286421
random,2,2,12654,90.27,63270,99.49222817163329
random,2,2,12655,90.27,63275,99.49226958364643
random,2,2,12656,90.27,63280,99.4923109889053
random,2,2,12657,90.27,63285,99.49235238741156
random,2,2,12658,90.27,63290,99.49239377916683
random,2,2,12659,90.27,63295,99.4924351641728
random,2,2,12660,90.27,63300,99.49247654243109
random,2,2,12661,90.27,63305,99.49251791394336
random,2,2,12662,90.27,63310,99.49255927871127
random,2,2,12663,90.27,63315,99.49260063673646
random,2,2,12664,90.27,63320,99.49264198802057
random,2,2,12665,90.27,63325,99.49268333256526
random,2,2,12666,90.27,63330,99.49272467037218
random,2,2,12667,90.27,63335,99.49276600144297
random,2,2,12668,90.27,63340,99.49280732577928
random,2,2,12669,90.27,63345,99.49284864338276
random,2,2,12670,90.27,63350,99.49288995425505
random,2,2,12671,90.27,63355,99.49293125839777
random,2,2,12672,90.29,63360,99.49286022005451
random,2,2,12673,90.29,63365,99.49290151989135
random,2,2,12674,90.29,63370,99.49294281300209
random,2,2,12675,90.29,63375,99.49298409938837
random,2,2,12676,90.29,63380,99.49302537905183
random,2,2,12677,90.31,63385,99.49295436196243
random,2,2,12678,90.34,63390,99.49282721598969
random,2,2,12679,90.38000000000001,63395,99.4926439548398
random,2,2,12680,90.39,63400,99.49262911744185
random,2,2,12681,90.4,63405,99.49261428245893
random,2,2,12682,90.41,63410,99.49259944989048
random,2,2,12683,90.42,63415,99.4925846197359
random,2,2,12684,90.42999999999999,63420,99.49256979199458
random,2,2,12685,90.44,63425,99.49255496666596
random,2,2,12686,90.48,63430,99.49237183202266
random,2,2,12687,90.53,63435,99.49213262782797
random,2,2,12688,90.55,63440,99.49206174689249
random,2,2,12689,90.56,63445,99.49204696770661
random,2,2,12690,90.56,63450,99.49208827658306
random,2,2,12691,90.57,63455,99.49207349764347
random,2,2,12692,90.57,63460,99.49211479764502
random,2,2,12693,90.57,63465,99.4921560909308
random,2,2,12694,90.59,63470,99.4920852426626
random,2,2,12695,90.59,63475,99.4921265316374
random,2,2,12696,90.59,63480,99.49216781389988
random,2,2,12697,90.59,63485,99.49220908945169
random,2,2,12698,90.59,63490,99.49225035829447
random,2,2,12699,90.59,63495,99.49229162042984
random,2,2,12700,90.59,63500,99.49233287585945
random,2,2,12701,90.59,63505,99.49237412458491
random,2,2,12702,90.59,63510,99.49241536660789
random,2,2,12703,90.60000000000001,63515,99.49240057550345
random,2,2,12704,90.60000000000001,63520,99.49244180867746
random,2,2,12705,90.60000000000001,63525,99.49248303515311
random,2,2,12706,90.62,63530,99.49241222938127
random,2,2,12707,90.62,63535,99.49245345156297
random,2,2,12708,90.62,63540,99.49249466704974
random,2,2,12709,90.62,63545,99.4925358758432
random,2,2,12710,90.62,63550,99.49257707794501
random,2,2,12711,90.62,63555,99.4926182733568
random,2,2,12712,90.62,63560,99.49265946208018
random,2,2,12713,90.62,63565,99.4927006441168
random,2,2,12714,90.62,63570,99.49274181946825
random,2,2,12715,90.62,63575,99.49278298813621
random,2,2,12716,90.62,63580,99.49282415012226
random,2,2,12717,90.62,63585,99.49286530542805
random,2,2,12718,90.62,63590,99.4929064540552
random,2,2,12719,90.62,63595,99.49294759600535
random,2,2,12720,90.62,63600,99.49298873128011
random,2,2,12721,90.62,63605,99.4930298598811
random,2,2,12722,90.62,63610,99.49307098180996
random,2,2,12723,90.62,63615,99.4931120970683
random,2,2,12724,90.62,63620,99.49315320565776
random,2,2,12725,90.62,63625,99.49319430757994
random,2,2,12726,90.62,63630,99.49323540283648
random,2,2,12727,90.62,63635,99.49327649142899
random,2,2,12728,90.62,63640,99.49331757335909
random,2,2,12729,90.62,63645,99.4933586486284
random,2,2,12730,90.62,63650,99.49339971723855
random,2,2,12731,90.62,63655,99.49344077919116
random,2,2,12732,90.62,63660,99.49348183448784
random,2,2,12733,90.62,63665,99.49352288313021
random,2,2,12734,90.62,63670,99.49356392511989
random,2,2,12735,90.62,63675,99.4936049604585
random,2,2,12736,90.62,63680,99.49364598914764
random,2,2,12737,90.62,63685,99.49368701118895
random,2,2,12738,90.62,63690,99.49372802658402
random,2,2,12739,90.62,63695,99.4937690353345
random,2,2,12740,90.62,63700,99.49381003744196
random,2,2,12741,90.62,63705,99.49385103290807
random,2,2,12742,90.62,63710,99.49389202173438
random,2,2,12743,90.62,63715,99.49393300392255
random,2,2,12744,90.62,63720,99.49397397947418
random,2,2,12745,90.62,63725,99.49401494839087
random,2,2,12746,90.62,63730,99.49405591067423
random,2,2,12747,90.62,63735,99.4940968663259
random,2,2,12748,90.62,63740,99.49413781534746
random,2,2,12749,90.62,63745,99.49417875774054
random,2,2,12750,90.62,63750,99.49421969350674
random,2,2,12751,90.62,63755,99.49426062264766
random,2,2,12752,90.62,63760,99.49430154516492
random,2,2,12753,90.62,63765,99.49434246106013
random,2,2,12754,90.63,63770,99.4943275750767
random,2,2,12755,90.63,63775,99.49436848224626
random,2,2,12756,90.63,63780,99.49440938279787
random,2,2,12757,90.63,63785,99.49445027673312
random,2,2,12758,90.63,63790,99.4944911640536
random,2,2,12759,90.63,63795,99.49453204476093
random,2,2,12760,90.63,63800,99.49457291885673
random,2,2,12761,90.63,63805,99.49461378634258
random,2,2,12762,90.63,63810,99.49465464722009
random,2,2,12763,90.63,63815,99.49469550149088
random,2,2,12764,90.63,63820,99.49473634915653
random,2,2,12765,90.63,63825,99.49477719021864
random,2,2,12766,90.63,63830,99.49481802467884
random,2,2,12767,90.63,63835,99.4948588525387
random,2,2,12768,90.63,63840,99.49489967379982
random,2,2,12769,90.63,63845,99.49494048846383
random,2,2,12770,90.63,63850,99.49498129653229
random,2,2,12771,90.63,63855,99.49502209800684
random,2,2,12772,90.63,63860,99.49506289288904
random,2,2,12773,90.63,63865,99.49510368118051
random,2,2,12774,90.63,63870,99.49514446288285
random,2,2,12775,90.63,63875,99.49518523799763
random,2,2,12776,90.63,63880,99.49522600652647
random,2,2,12777,90.63,63885,99.49526676847097
random,2,2,12778,90.63,63890,99.4953075238327
random,2,2,12779,90.63,63895,99.49534827261327
random,2,2,12780,90.63,63900,99.49538901481428
random,2,2,12781,90.63,63905,99.49542975043731
random,2,2,12782,90.63,63910,99.49547047948397
random,2,2,12783,90.63,63915,99.49551120195584
random,2,2,12784,90.63,63920,99.4955519178545
random,2,2,12785,90.63,63925,99.49559262718157
random,2,2,12786,90.63,63930,99.49563332993861
random,2,2,12787,90.63,63935,99.49567402612723
random,2,2,12788,90.63,63940,99.49571471574903
random,2,2,12789,90.63,63945,99.49575539880557
random,2,2,12790,90.63,63950,99.49579607529846
random,2,2,12791,90.63,63955,99.49583674522928
random,2,2,12792,90.63,63960,99.49587740859963
random,2,2,12793,90.66,63965,99.49575120611462
random,2,2,12794,90.69,63970,99.49562502398409
random,2,2,12795,90.73,63975,99.49544325140751
random,2,2,12796,90.78,63980,99.49520590183151
random,2,2,12797,90.82000000000001,63985,99.49502419235564
random,2,2,12798,90.83,63990,99.49500930421588
random,2,2,12799,90.85,63995,99.49493882561185
random,2,2,12800,90.85,64000,99.49497953513658
random,2,2,12801,90.85,64005,99.4950202380992
random,2,2,12802,90.85,64010,99.49506093450131
random,2,2,12803,90.85,64015,99.4951016243445
random,2,2,12804,90.85,64020,99.49514230763032
random,2,2,12805,90.85,64025,99.4951829843604
random,2,2,12806,90.85,64030,99.49522365453629
random,2,2,12807,90.85,64035,99.4952643181596
random,2,2,12808,90.85,64040,99.49530497523189
random,2,2,12809,90.85,64045,99.49534562575477
random,2,2,12810,90.85,64050,99.49538626972979
random,2,2,12811,90.85,64055,99.49542690715855
random,2,2,12812,90.85,64060,99.49546753804263
random,2,2,12813,90.85,64065,99.49550816238363
random,2,2,12814,90.85,64070,99.49554878018309
random,2,2,12815,90.85,64075,99.49558939144262
random,2,2,12816,90.85,64080,99.49562999616379
random,2,2,12817,90.88000000000001,64085,99.4955040573953
random,2,2,12818,90.88000000000001,64090,99.49554466244844
random,2,2,12819,90.88000000000001,64095,99.4955852609658
random,2,2,12820,90.88000000000001,64100,99.49562585294896
random,2,2,12821,90.9,64105,99.49555544949949
random,2,2,12822,90.94,64110,99.49537407740964
random,2,2,12823,91.0,64115,99.495081763463
random,2,2,12824,91.0,64120,99.4951223828892
random,2,2,12825,91.0,64125,99.49516299578045
random,2,2,12826,91.0,64130,99.49520360213833
random,2,2,12827,91.0,64135,99.49524420196444
random,2,2,12828,91.0,64140,99.49528479526035
random,2,2,12829,91.03999999999999,64145,99.49510354703068
random,2,2,12830,91.03999999999999,64150,99.49514414510836
random,2,2,12831,91.03999999999999,64155,99.49518473665766
random,2,2,12832,91.08000000000001,64160,99.49500354018708
random,2,2,12833,91.09,64165,99.49498869559721
random,2,2,12834,91.09,64170,99.4950292898534
random,2,2,12835,91.09,64175,99.49506987758396
random,2,2,12836,91.09,64180,99.49511045879045
random,2,2,12837,91.13,64185,99.494929341097
random,2,2,12838,91.13,64190,99.49496964719366
random,2,2,12839,91.13,64195,99.49500994685773
random,2,2,12840,91.13,64200,99.49505024009079
random,2,2,12841,91.14999999999999,64205,99.49497971608054
random,2,2,12842,91.14999999999999,64210,99.49502000529633
random,2,2,12843,91.14999999999999,64215,99.49506028808432
random,2,2,12844,91.14999999999999,64220,99.49510056444599
random,2,2,12845,91.14999999999999,64225,99.49514083438294
random,2,2,12846,91.14999999999999,64230,99.49518137748193
random,2,2,12847,91.14999999999999,64235,99.49522163452939
random,2,2,12848,91.14999999999999,64240,99.49526216465252
random,2,2,12849,91.14999999999999,64245,99.4953026882676
random,2,2,12850,91.14999999999999,64250,99.49534320537622
random,2,2,12851,91.18,64255,99.49521735327367
random,2,2,12852,91.23,64260,99.49498080783142
random,2,2,12853,91.23,64265,99.49502134106346
random,2,2,12854,91.23,64270,99.49506158831718
random,2,2,12855,91.23,64275,99.49510043201207
random,2,2,12856,91.23,64280,99.49514066666003
random,2,2,12857,91.23,64285,99.49518089489602
random,2,2,12858,91.23,64290,99.49522139601743
random,2,2,12859,91.23,64295,99.49526189064063
random,2,2,12860,91.23,64300,99.49530237876718
random,2,2,12861,91.23,64305,99.49534286039867
random,2,2,12862,91.23,64310,99.49538333553662
random,2,2,12863,91.23,64315,99.49542380418262
random,2,2,12864,91.23,64320,99.49546426633825
random,2,2,12865,91.23,64325,99.49550472200502
random,2,2,12866,91.23,64330,99.49554517118453
random,2,2,12867,91.23,64335,99.49558561387833
random,2,2,12868,91.23,64340,99.49562605008799
random,2,2,12869,91.23,64345,99.49566647981504
random,2,2,12870,91.23,64350,99.49570690306108
random,2,2,12871,91.23,64355,99.49574731982764
random,2,2,12872,91.23,64360,99.49578773011628
random,2,2,12873,91.23,64365,99.49582813392857
random,2,2,12874,91.23,64370,99.49586853126604
random,2,2,12875,91.23,64375,99.49590892213028
random,2,2,12876,91.23,64380,99.49594930652282
random,2,2,12877,91.23,64385,99.49598968444523
random,2,2,12878,91.23,64390,99.49603005589907
random,2,2,12879,91.23,64395,99.49607042088587
random,2,2,12880,91.23,64400,99.4961107794072
random,2,2,12881,91.23,64405,99.49615113146463
random,2,2,12882,91.23,64410,99.49619147705968
random,2,2,12883,91.23,64415,99.49623181619391
random,2,2,12884,91.23,64420,99.4962721488689
random,2,2,12885,91.23,64425,99.49631247508616
random,2,2,12886,91.24,64430,99.49629758853298
random,2,2,12887,91.25999999999999,64435,99.49622750246753
random,2,2,12888,91.29,64440,99.49610223014366
random,2,2,12889,91.29,64445,99.4961425570503
random,2,2,12890,91.29,64450,99.49618287750273
random,2,2,12891,91.29,64455,99.49622319150251
random,2,2,12892,91.29,64460,99.49626349905118
random,2,2,12893,91.29,64465,99.4963038001503
random,2,2,12894,91.29,64470,99.4963440948014
random,2,2,12895,91.29,64475,99.49638438300606
random,2,2,12896,91.29,64480,99.49642466476578
random,2,2,12897,91.29,64485,99.49646494008213
random,2,2,12898,91.29,64490,99.49650520895668
random,2,2,12899,91.29,64495,99.49654547139095
random,2,2,12900,91.29,64500,99.49658572738647
random,2,2,12901,91.29,64505,99.49662597694481
random,2,2,12902,91.3,64510,99.4966110843703
random,2,2,12903,91.32000000000001,64515,99.49654106288716
random,2,2,12904,91.32000000000001,64520,99.4965813063638
random,2,2,12905,91.32000000000001,64525,99.49662154340729
random,2,2,12906,91.32000000000001,64530,99.49666177401922
random,2,2,12907,91.32000000000001,64535,99.49670199820109
random,2,2,12908,91.32000000000001,64540,99.49674221595446
random,2,2,12909,91.32000000000001,64545,99.49678242728088
random,2,2,12910,91.32000000000001,64550,99.49682263218186
random,2,2,12911,91.32000000000001,64555,99.49686283065897
random,2,2,12912,91.32000000000001,64560,99.49690302271374
random,2,2,12913,91.32000000000001,64565,99.4969432083477
random,2,2,12914,91.32000000000001,64570,99.4969833875624
random,2,2,12915,91.32000000000001,64575,99.49702356035938
random,2,2,12916,91.32000000000001,64580,99.49706372674017
random,2,2,12917,91.32000000000001,64585,99.4971038867063
random,2,2,12918,91.32000000000001,64590,99.49714404025931
random,2,2,12919,91.32000000000001,64595,99.49718391054587
random,2,2,12920,91.32000000000001,64600,99.49722239045097
random,2,2,12921,91.32000000000001,64605,99.49726224831458
random,2,2,12922,91.32000000000001,64610,99.49730209985918
random,2,2,12923,91.32000000000001,64615,99.49734056167733
random,2,2,12924,91.32000000000001,64620,99.49737763440552
random,2,2,12925,91.32000000000001,64625,99.49741470166565
random,2,2,12926,91.32000000000001,64630,99.49745176345893
random,2,2,12927,91.32000000000001,64635,99.49748881978657
random,2,2,12928,91.32000000000001,64640,99.49752725303894
random,2,2,12929,91.32000000000001,64645,99.49756568041282
random,2,2,12930,91.32000000000001,64650,99.49760410190956
random,2,2,12931,91.32000000000001,64655,99.49764389927793
random,2,2,12932,91.32000000000001,64660,99.49768230881317
random,2,2,12933,91.32000000000001,64665,99.49772071247536
random,2,2,12934,91.32000000000001,64670,99.49775911026586
random,2,2,12935,91.32000000000001,64675,99.497797502186
random,2,2,12936,91.32000000000001,64680,99.49783588823713
random,2,2,12937,91.32000000000001,64685,99.49787426842063
random,2,2,12938,91.32000000000001,64690,99.4979126427378
random,2,2,12939,91.32000000000001,64695,99.49795101119
random,2,2,12940,91.32000000000001,64700,99.49798937377857
random,2,2,12941,91.32000000000001,64705,99.49802773050487
random,2,2,12942,91.32000000000001,64710,99.49806608137024
random,2,2,12943,91.32000000000001,64715,99.49810442637602
random,2,2,12944,91.32000000000001,64720,99.49814138651905
random,2,2,12945,91.32000000000001,64725,99.49817834121895
random,2,2,12946,91.32000000000001,64730,99.49821529047686
random,2,2,12947,91.32000000000001,64735,99.498252234294
random,2,2,12948,91.32000000000001,64740,99.49828917267159
random,2,2,12949,91.32000000000001,64745,99.49832610561081
random,2,2,12950,91.32000000000001,64750,99.49836303311287
random,2,2,12951,91.32000000000001,64755,99.49839995517897
random,2,2,12952,91.32000000000001,64760,99.4984368718103
random,2,2,12953,91.32000000000001,64765,99.49847516018644
random,2,2,12954,91.32000000000001,64770,99.4985134427173
random,2,2,12955,91.33,64775,99.4984981851927
random,2,2,12956,91.33,64780,99.49853783670112
random,2,2,12957,91.33,64785,99.4985774819399
random,2,2,12958,91.33,64790,99.49861712091051
random,2,2,12959,91.33,64795,99.49865675361447
random,2,2,12960,91.33,64800,99.49869638005325
random,2,2,12961,91.33,64805,99.49873462463275
random,2,2,12962,91.33,64810,99.49877286337733
random,2,2,12963,91.33,64815,99.4988110962883
random,2,2,12964,91.33,64820,99.49884932336703
random,2,2,12965,91.33,64825,99.49888754461482
random,2,2,12966,91.33,64830,99.498925760033
random,2,2,12967,91.33,64835,99.49896396962295
random,2,2,12968,91.33,64840,99.49900217338595
random,2,2,12969,91.33,64845,99.49904037132336
random,2,2,12970,91.33,64850,99.49907856343651
random,2,2,12971,91.33,64855,99.49911674972675
random,2,2,12972,91.33,64860,99.49915493019536
random,2,2,12973,91.33,64865,99.49919173175584
random,2,2,12974,91.33,64870,99.49922990079455
random,2,2,12975,91.33,64875,99.49926943668497
random,2,2,12976,91.33,64880,99.49930896633315
random,2,2,12977,91.33,64885,99.49934848974057
random,2,2,12978,91.33,64890,99.4993880069087
random,2,2,12979,91.33,64895,99.49942751783902
random,2,2,12980,91.33,64900,99.49946565094676
random,2,2,12981,91.33,64905,99.4995024068602
random,2,2,12982,91.33,64910,99.49953915737584
random,2,2,12983,91.33,64915,99.49957727347693
random,2,2,12984,91.33,64920,99.49961675453827
random,2,2,12985,91.33,64925,99.49965650347934
random,2,2,12986,91.33,64930,99.49969624610584
random,2,2,12987,91.33,64935,99.49973598241928
random,2,2,12988,91.33,64940,99.49977571242114
random,2,2,12989,91.33,64945,99.49981543611295
random,2,2,12990,91.33,64950,99.49985515349621
random,2,2,12991,91.33,64955,99.49989486457243
random,2,2,12992,91.33,64960,99.49993456934308
random,2,2,12993,91.33,64965,99.49997426780969
random,2,2,12994,91.33,64970,99.50001395997374
random,2,2,12995,91.33,64975,99.50005364583674
random,2,2,12996,91.33,64980,99.50009332540021
random,2,2,12997,91.34,64985,99.50007826670448
random,2,2,12998,91.36999999999999,64990,99.49995375516286
random,2,2,12999,91.42,64995,99.49971981683025
random,2,2,13000,91.47,65000,99.49948591562013
random,2,2,13001,91.47,65005,99.499525624485
random,2,2,13002,91.47,65010,99.49956532704968
random,2,2,13003,91.49000000000001,65015,99.49949561149174
random,2,2,13004,91.49000000000001,65020,99.49953531013878
random,2,2,13005,91.49000000000001,65025,99.49957500248873
random,2,2,13006,91.49000000000001,65030,99.49961468854309
random,2,2,13007,91.49000000000001,65035,99.49965436830338
random,2,2,13008,91.49000000000001,65040,99.4996940417711
random,2,2,13009,91.49000000000001,65045,99.49973370894772
random,2,2,13010,91.49000000000001,65050,99.49977336983473
random,2,2,13011,91.5,65055,99.49975835321543
random,2,2,13012,91.5,65060,99.49979800586138
random,2,2,13013,91.52,65065,99.49972832711819
random,2,2,13014,91.52,65070,99.49976797585856
random,2,2,13015,91.56,65075,99.4995890027633
random,2,2,13016,91.61,65080,99.49935513487517
random,2,2,13017,91.63,65085,99.49928387156355
random,2,2,13018,91.64999999999999,65090,99.49921261907703
random,2,2,13019,91.64999999999999,65095,99.49925065168443
random,2,2,13020,91.66,65100,99.49923267760823
random,2,2,13021,91.66,65105,99.49926933529997
random,2,2,13022,91.67,65110,99.4992513624875
random,2,2,13023,91.67999999999999,65115,99.49923339230595
random,2,2,13024,91.71000000000001,65120,99.49910619047073
random,2,2,13025,91.71000000000001,65125,99.49914284668834
random,2,2,13026,91.71000000000001,65130,99.49918086500655
random,2,2,13027,91.71000000000001,65135,99.49922024480382
random,2,2,13028,91.71000000000001,65140,99.49925825137335
random,2,2,13029,91.71000000000001,65145,99.49929488533901
random,2,2,13030,91.71000000000001,65150,99.49933288058016
random,2,2,13031,91.71000000000001,65155,99.4993695036274
random,2,2,13032,91.71000000000001,65160,99.4994061213172
random,2,2,13033,91.71000000000001,65165,99.4994427336507
random,2,2,13034,91.71000000000001,65170,99.49948070645752
random,2,2,13035,91.71000000000001,65175,99.49951730788226
random,2,2,13036,91.71000000000001,65180,99.4995539039543
random,2,2,13037,91.71000000000001,65185,99.49959185989663
random,2,2,13038,91.71000000000001,65190,99.49962844506716
random,2,2,13039,91.71000000000001,65195,99.49966502488854
random,2,2,13040,91.71000000000001,65200,99.49970296397763
random,2,2,13041,91.71000000000001,65205,99.49973953290477
random,2,2,13042,91.71000000000001,65210,99.49977609648633
random,2,2,13043,91.71000000000001,65215,99.49981401873339
random,2,2,13044,91.71000000000001,65220,99.49985193523108
random,2,2,13045,91.71000000000001,65225,99.4998884823843
random,2,2,13046,91.71000000000001,65230,99.49992502419673
random,2,2,13047,91.71000000000001,65235,99.49996156066953
random,2,2,13048,91.71000000000001,65240,99.49999809180386
random,2,2,13049,91.71000000000001,65245,99.5000346176009
random,2,2,13050,91.71000000000001,65250,99.50007250066231
random,2,2,13051,91.71000000000001,65255,99.50011037798328
random,2,2,13052,91.71000000000001,65260,99.50014824956506
random,2,2,13053,91.71000000000001,65265,99.50018475342775
random,2,2,13054,91.71000000000001,65270,99.50022125195912
random,2,2,13055,91.71000000000001,65275,99.50025774516033
random,2,2,13056,91.71000000000001,65280,99.50029559441722
random,2,2,13057,91.71000000000001,65285,99.50033343794131
random,2,2,13058,91.71000000000001,65290,99.50037127573394
random,2,2,13059,91.72,65295,99.50035463272361
random,2,2,13060,91.72,65300,99.50039246318173
random,2,2,13061,91.72,65305,99.50043028791164
random,2,2,13062,91.72,65310,99.50046810691464
random,2,2,13063,91.72,65315,99.50050592019204
random,2,2,13064,91.72,65320,99.50054508762243
random,2,2,13065,91.72,65325,99.50058288924669
random,2,2,13066,91.72,65330,99.50061932568363
random,2,2,13067,91.72,65335,99.50065575680432
random,2,2,13068,91.72,65340,99.50069218260992
random,2,2,13069,91.72,65345,99.5007299619723
random,2,2,13070,91.72,65350,99.50076773561808
random,2,2,13071,91.73,65355,99.50074971902545
random,2,2,13072,91.73,65360,99.50078612715505
random,2,2,13073,91.73,65365,99.50082388818629
random,2,2,13074,91.73,65370,99.50086028549943
random,2,2,13075,91.73,65375,99.50089803531311
random,2,2,13076,91.73,65380,99.5009344218146
random,2,2,13077,91.73,65385,99.50097080301103
random,2,2,13078,91.73,65390,99.50100853611038
random,2,2,13079,91.73,65395,99.50104762049811
random,2,2,13080,91.73,65400,99.50108534198199
random,2,2,13081,91.73,65405,99.5011230577627
random,2,2,13082,91.73,65410,99.50116076784154
random,2,2,13083,91.73,65415,99.5011998283862
random,2,2,13084,91.73,65420,99.50123888281425
random,2,2,13085,91.73,65425,99.50127793112709
random,2,2,13086,91.73,65430,99.5013169733262
random,2,2,13087,91.73,65435,99.50135600941297
random,2,2,13088,91.73,65440,99.50139503938887
random,2,2,13089,91.73,65445,99.50143406325532
random,2,2,13090,91.73,65450,99.50147335194906
random,2,2,13091,91.73,65455,99.50151263445112
random,2,2,13092,91.73,65460,99.50155191076296
random,2,2,13093,91.73,65465,99.50159118088605
random,2,2,13094,91.73,65470,99.50163017405728
random,2,2,13095,91.73,65475,99.5016691611277
random,2,2,13096,91.73,65480,99.501706788695
random,2,2,13097,91.73,65485,99.50174441058041
random,2,2,13098,91.73,65490,99.50178337978033
random,2,2,13099,91.73,65495,99.50182234288503
random,2,2,13100,91.73,65500,99.501861299896
random,2,2,13101,91.73,65505,99.50189889845427
random,2,2,13102,91.73,65510,99.50193513917365
random,2,2,13103,91.73,65515,99.50197137461981
random,2,2,13104,91.73,65520,99.50200760479393
random,2,2,13105,91.73,65525,99.50204518127065
random,2,2,13106,91.73,65530,99.50208275207704
random,2,2,13107,91.73,65535,99.50212031721443
random,2,2,13108,91.73,65540,99.50215787668407
random,2,2,13109,91.73,65545,99.50219407972926
random,2,2,13110,91.73,65550,99.50223027750947
random,2,2,13111,91.73,65555,99.50226647002583
random,2,2,13112,91.73,65560,99.50230265727951
random,2,2,13113,91.73,65565,99.50233883927166
random,2,2,13114,91.73,65570,99.50237501600341
random,2,2,13115,91.74,65575,99.5023582922655
random,2,2,13116,91.74,65580,99.5023944622264
random,2,2,13117,91.75,65585,99.5023763900241
random,2,2,13118,91.75,65590,99.50241255341268
random,2,2,13119,91.75,65595,99.50245006062788
random,2,2,13120,91.75999999999999,65600,99.50243333740019
random,2,2,13121,91.77,65605,99.50241661669325
random,2,2,13122,91.77,65610,99.50245546388153
random,2,2,13123,91.77,65615,99.50249430500455
random,2,2,13124,91.77,65620,99.50253314006373
random,2,2,13125,91.77,65625,99.50257196906048
random,2,2,13126,91.77,65630,99.50261106157879
random,2,2,13127,91.77,65635,99.50265014795305
random,2,2,13128,91.77,65640,99.50268895868692
random,2,2,13129,91.77,65645,99.50272776336408
random,2,2,13130,91.77,65650,99.50276656198595
random,2,2,13131,91.77,65655,99.50280562392557
random,2,2,13132,91.77,65660,99.5028446797284
random,2,2,13133,91.77,65665,99.50288372939585
random,2,2,13134,91.77,65670,99.50292277292935
random,2,2,13135,91.77,65675,99.5029618103304
random,2,2,13136,91.77,65680,99.50300084160041
random,2,2,13137,91.78,65685,99.50298571395307
random,2,2,13138,91.78,65690,99.50302473721716
random,2,2,13139,91.8,65695,99.50295519666298
random,2,2,13140,91.8,65700,99.50299394713761
random,2,2,13141,91.8,65705,99.50303296060805
random,2,2,13142,91.8,65710,99.5030719679541
random,2,2,13143,91.8,65715,99.5031107002242
random,2,2,13144,91.8,65720,99.50314942645691
random,2,2,13145,91.8,65725,99.50318680230352
random,2,2,13146,91.8,65730,99.50322282837215
random,2,2,13147,91.8,65735,99.50325884921634
random,2,2,13148,91.81,65740,99.50324075752403
random,2,2,13149,91.82000000000001,65745,99.50322401231823
random,2,2,13150,91.82000000000001,65750,99.50326136880653
random,2,2,13151,91.82000000000001,65755,99.50329871967699
random,2,2,13152,91.82000000000001,65760,99.5033374081807
random,2,2,13153,91.82000000000001,65765,99.50337474761733
random,2,2,13154,91.82000000000001,65770,99.50341073859404
random,2,2,13155,91.82000000000001,65775,99.50344806700585
random,2,2,13156,91.82000000000001,65780,99.50348538980614
random,2,2,13157,91.82000000000001,65785,99.50352270699621
random,2,2,13158,91.82000000000001,65790,99.5035600185773
random,2,2,13159,91.85,65795,99.50343513678915
random,2,2,13160,91.86999999999999,65800,99.50336567465938
random,2,2,13161,91.86999999999999,65805,99.50340433168505
random,2,2,13162,91.88,65810,99.50338759063527
random,2,2,13163,91.88,65815,99.50342624004271
random,2,2,13164,91.91,65820,99.50330275834229
random,2,2,13165,91.91,65825,99.50334140833593
random,2,2,13166,91.91,65830,99.50338005231502
random,2,2,13167,91.91,65835,99.50341869028098
random,2,2,13168,91.91,65840,99.50345732223518
random,2,2,13169,91.91,65845,99.50349460710115
random,2,2,13170,91.91,65850,99.5035305454844
random,2,2,13171,91.91,65855,99.5035664786654
random,2,2,13172,91.91,65860,99.50360240664527
random,2,2,13173,91.91,65865,99.50363832942516
random,2,2,13174,91.92,65870,99.50362024572742
random,2,2,13175,91.92,65875,99.50365616201803
random,2,2,13176,91.92,65880,99.50369207311147
random,2,2,13177,91.92,65885,99.50372797900886
random,2,2,13178,91.94,65890,99.50365724817516
random,2,2,13179,91.95,65895,99.50364050941221
random,2,2,13180,91.95,65900,99.50367775056716
random,2,2,13181,91.96,65905,99.50366235222809
random,2,2,13182,91.99000000000001,65910,99.50353901824963
random,2,2,13183,91.99000000000001,65915,99.50357759790704
random,2,2,13184,91.99000000000001,65920,99.5036161715689
random,2,2,13185,91.99000000000001,65925,99.5036550070467
random,2,2,13186,91.99000000000001,65930,99.50369356868009
random,2,2,13187,91.99000000000001,65935,99.50373212432214
random,2,2,13188,91.99000000000001,65940,99.50377067397426
random,2,2,13189,91.99000000000001,65945,99.50380948528122
random,2,2,13190,91.99000000000001,65950,99.50384829051761
random,2,2,13191,91.99000000000001,65955,99.50388708968485
random,2,2,13192,91.99000000000001,65960,99.50392588278436
random,2,2,13193,91.99000000000001,65965,99.50396466981756
random,2,2,13194,92.02,65970,99.50384169519856
random,2,2,13195,92.04,65975,99.50377265412081
random,2,2,13196,92.05,65980,99.50375753393641
random,2,2,13197,92.05,65985,99.50379632200142
random,2,2,13198,92.05,65990,99.50383510400329
random,2,2,13199,92.05,65995,99.5038738799434
random,2,2,13200,92.05,66000,99.50391264982323
random,2,2,13201,92.05,66005,99.50395141364416
random,2,2,13202,92.05,66010,99.50399017140764
random,2,2,13203,92.05,66015,99.50402892311504
random,2,2,13204,92.05,66020,99.50406766876785
random,2,2,13205,92.05,66025,99.50410640836743
random,2,2,13206,92.05,66030,99.50414514191522
random,2,2,13207,92.05,66035,99.50418386941264
random,2,2,13208,92.05,66040,99.5042225908611
random,2,2,13209,92.05,66045,99.50426130626204
random,2,2,13210,92.05,66050,99.50430001561685
random,2,2,13211,92.05,66055,99.50433871892693
random,2,2,13212,92.05,66060,99.50437714933675
random,2,2,13213,92.05,66065,99.50441557378771
random,2,2,13214,92.05,66070,99.50445265840557
random,2,2,13215,92.08,66075,99.50432957991823
random,2,2,13216,92.08,66080,99.50436799922491
random,2,2,13217,92.12,66085,99.50419112431067
random,2,2,13218,92.17,66090,99.50395912412216
random,2,2,13219,92.17999999999999,66095,99.50394241469941
random,2,2,13220,92.17999999999999,66100,99.5039781832192
random,2,2,13221,92.17999999999999,66105,99.50401394658115
random,2,2,13222,92.17999999999999,66110,99.50404970478637
random,2,2,13223,92.17999999999999,66115,99.50408545783597
random,2,2,13224,92.17999999999999,66120,99.50412120573107
random,2,2,13225,92.2,66125,99.50404936699056
random,2,2,13226,92.21000000000001,66130,99.50403132546968
random,2,2,13227,92.21000000000001,66135,99.5040670695371
random,2,2,13228,92.22,66140,99.50404902934082
random,2,2,13229,92.22,66145,99.50408476698115
random,2,2,13230,92.24,66150,99.50401295674739
random,2,2,13231,92.24,66155,99.50404869183703
random,2,2,13232,92.24,66160,99.5040844217777
random,2,2,13233,92.24,66165,99.50412014657056
random,2,2,13234,92.25999999999999,66170,99.50404968749109
random,2,2,13235,92.27,66175,99.50403432359839
random,2,2,13236,92.27,66180,99.50407270948722
random,2,2,13237,92.27,66185,99.50411108943467
random,2,2,13238,92.27,66190,99.5041494634421
random,2,2,13239,92.27,66195,99.50418783151092
random,2,2,13240,92.27,66200,99.50422619364247
random,2,2,13241,92.27,66205,99.50426481617987
random,2,2,13242,92.27,66210,99.50430316639984
random,2,2,13243,92.27,66215,99.50434151068671
random,2,2,13244,92.27,66220,99.50437984904184
random,2,2,13245,92.27,66225,99.50441818146662
random,2,2,13246,92.27,66230,99.50445650796243
random,2,2,13247,92.30000000000001,66235,99.50433372356537
random,2,2,13248,92.31,66240,99.50431702231513
random,2,2,13249,92.33,66245,99.50424636373057
random,2,2,13250,92.33,66250,99.50428336114457
random,2,2,13251,92.33,66255,99.50432035303687
random,2,2,13252,92.33,66260,99.50435733940867
random,2,2,13253,92.33,66265,99.5043929901104
random,2,2,13254,92.33,66270,99.50442863568392
random,2,2,13255,92.33,66275,99.50446427613035
random,2,2,13256,92.33,66280,99.50449991145076
random,2,2,13257,92.33,66285,99.50453554164628
random,2,2,13258,92.33,66290,99.50457116671801
random,2,2,13259,92.33,66295,99.50460678666704
random,2,2,13260,92.33,66300,99.5046424014945
random,2,2,13261,92.33,66305,99.50467801120148
random,2,2,13262,92.33,66310,99.50471361578909
random,2,2,13263,92.33,66315,99.50474921525843
random,2,2,13264,92.33,66320,99.5047848096106
random,2,2,13265,92.33,66325,99.5048203988467
random,2,2,13266,92.33,66330,99.50485731063459
random,2,2,13267,92.33,66335,99.50489421691992
random,2,2,13268,92.33,66340,99.50492979043297
random,2,2,13269,92.33,66345,99.50496535883444
random,2,2,13270,92.36,66350,99.50484008629378
random,2,2,13271,92.4,66355,99.50466255136313
random,2,2,13272,92.4,66360,99.50469945870726
random,2,2,13273,92.4,66365,99.50473503324278
random,2,2,13274,92.4,66370,99.50477192978695
random,2,2,13275,92.4,66375,99.50481014774772
random,2,2,13276,92.4,66380,99.5048483598102
random,2,2,13277,92.4,66385,99.50488523947158
random,2,2,13278,92.4,66390,99.50492211363967
random,2,2,13279,92.4,66395,99.50496030842473
random,2,2,13280,92.4,66400,99.50499876249691
random,2,2,13281,92.4,66405,99.50503694545657
random,2,2,13282,92.4,66410,99.50507538762399
random,2,2,13283,92.4,66415,99.50511382382052
random,2,2,13284,92.4,66420,99.50515225404754
random,2,2,13285,92.4,66425,99.50519067830646
random,2,2,13286,92.4,66430,99.50522909659867
random,2,2,13287,92.4,66435,99.50526750892553
random,2,2,13288,92.4,66440,99.50530591528846
random,2,2,13289,92.4,66445,99.50534431568883
random,2,2,13290,92.4,66450,99.50538271012805
random,2,2,13291,92.4,66455,99.50542109860747
random,2,2,13292,92.4,66460,99.50545948112851
random,2,2,13293,92.4,66465,99.50549785769256
random,2,2,13294,92.4,66470,99.50553622830098
random,2,2,13295,92.4,66475,99.50557459295518
random,2,2,13296,92.41,66480,99.50555944656473
random,2,2,13297,92.41,66485,99.50559780346536
random,2,2,13298,92.41,66490,99.50563615441527
random,2,2,13299,92.42,66495,99.5056210067743
random,2,2,13300,92.42,66500,99.50565934997574
random,2,2,13301,92.42,66505,99.50569742285548
random,2,2,13302,92.42,66510,99.50573575420488
random,2,2,13303,92.42,66515,99.50577407960985
random,2,2,13304,92.43,66520,99.50575892713914
random,2,2,13305,92.46,66525,99.50563657711878
random,2,2,13306,92.46,66530,99.50567490131942
random,2,2,13307,92.46,66535,99.50571321957858
random,2,2,13308,92.47,66540,99.50569807651497
random,2,2,13309,92.49000000000001,66545,99.50562948455901
random,2,2,13310,92.49000000000001,66550,99.50566779742908
random,2,2,13311,92.5,66555,99.50565266140575
random,2,2,13312,92.53,66560,99.50553038586051
random,2,2,13313,92.54,66565,99.50551367745749
random,2,2,13314,92.55,66570,99.50549697153629
random,2,2,13315,92.56,66575,99.50547894705912
random,2,2,13316,92.56,66580,99.50551434841792
random,2,2,13317,92.56,66585,99.50554974470855
random,2,2,13318,92.56,66590,99.50558645640203
random,2,2,13319,92.57,66595,99.50557107155466
random,2,2,13320,92.58,66600,99.50555595314265
random,2,2,13321,92.58,66605,99.50559424015688
random,2,2,13322,92.58,66610,99.5056325212421
random,2,2,13323,92.58,66615,99.5056707963997
random,2,2,13324,92.58,66620,99.50570906563104
random,2,2,13325,92.58,66625,99.50574732893749
random,2,2,13326,92.61,66630,99.50562543907037
random,2,2,13327,92.61,66635,99.50566370292636
random,2,2,13328,92.61,66640,99.50570196085965
random,2,2,13329,92.61,66645,99.50574021287167
random,2,2,13330,92.61,66650,99.50577845896376
random,2,2,13331,92.61,66655,99.5058166991373
random,2,2,13332,92.61,66660,99.50585493339366
random,2,2,13333,92.61,66665,99.50589316173422
random,2,2,13334,92.61,66670,99.50593138416035
random,2,2,13335,92.61,66675,99.50596960067342
random,2,2,13336,92.66,66680,99.50574084199016
random,2,2,13337,92.67999999999999,66685,99.50567081132284
random,2,2,13338,92.71000000000001,66690,99.50554745779073
random,2,2,13339,92.71000000000001,66695,99.50558542876905
random,2,2,13340,92.71000000000001,66700,99.50562207577937
random,2,2,13341,92.71000000000001,66705,99.5056573994092
random,2,2,13342,92.71000000000001,66710,99.5056927179916
random,2,2,13343,92.73,66715,99.5056224582714
random,2,2,13344,92.73,66720,99.50565909189048
random,2,2,13345,92.73,66725,99.50569572008081
random,2,2,13346,92.75999999999999,66730,99.50557243742234
random,2,2,13347,92.75999999999999,66735,99.50560906660527
random,2,2,13348,92.75999999999999,66740,99.5056443730541
random,2,2,13349,92.75999999999999,66745,99.50567967446055
random,2,2,13350,92.75999999999999,66750,99.50571497082568
random,2,2,13351,92.75999999999999,66755,99.50575157889352
random,2,2,13352,92.75999999999999,66760,99.5057881815392
random,2,2,13353,92.75999999999999,66765,99.5058247787639
random,2,2,13354,92.75999999999999,66770,99.50586137056881
random,2,2,13355,92.75999999999999,66775,99.50589664099205
random,2,2,13356,92.75999999999999,66780,99.5059316432247
random,2,2,13357,92.77,66785,99.50591338118859
random,2,2,13358,92.77,66790,99.50594837727714
random,2,2,13359,92.77,66795,99.50598336840851
random,2,2,13360,92.77,66800,99.50601835458373
random,2,2,13361,92.77,66805,99.50605333580387
random,2,2,13362,92.77,66810,99.50608831206999
random,2,2,13363,92.77,66815,99.50612196876169
random,2,2,13364,92.77,66820,99.5061543064175
random,2,2,13365,92.77,66825,99.50618663983882
random,2,2,13366,92.77,66830,99.50621896902652
random,2,2,13367,92.77,66835,99.50625260791443
random,2,2,13368,92.77,66840,99.50628624221936
random,2,2,13369,92.77,66845,99.50632118551032
random,2,2,13370,92.77,66850,99.50635612385528
random,2,2,13371,92.78,66855,99.50633653609788
random,2,2,13372,92.78,66860,99.50637146850497
random,2,2,13373,92.78,66865,99.50640639596868
random,2,2,13374,92.78,66870,99.50644131849005
random,2,2,13375,92.78,66875,99.5064749234685
random,2,2,13376,92.78,66880,99.50650852387115
random,2,2,13377,92.78,66885,99.5065421196989
random,2,2,13378,92.78,66890,99.50657571095272
random,2,2,13379,92.78,66895,99.5066092976335
random,2,2,13380,92.78,66900,99.50664419145056
random,2,2,13381,92.78,66905,99.50668039184826
random,2,2,13382,92.78,66910,99.50671658693389
random,2,2,13383,92.78,66915,99.50675435005661
random,2,2,13384,92.78,66920,99.5067921073979
random,2,2,13385,92.78,66925,99.50682985895908
random,2,2,13386,92.78,66930,99.50686786684476
random,2,2,13387,92.78,66935,99.50690560680957
random,2,2,13388,92.78,66940,99.50694334099826
random,2,2,13389,92.78,66945,99.50698106941216
random,2,2,13390,92.78,66950,99.50701905399517
random,2,2,13391,92.78,66955,99.50705703272561
random,2,2,13392,92.78,66960,99.50709500560481
random,2,2,13393,92.78,66965,99.50713297263414
random,2,2,13394,92.78999999999999,66970,99.50711755397724
random,2,2,13395,92.81,66975,99.50704902368513
random,2,2,13396,92.81,66980,99.5070854148056
random,2,2,13397,92.82000000000001,66985,99.50706869440118
random,2,2,13398,92.82000000000001,66990,99.5071050786975
random,2,2,13399,92.82000000000001,66995,99.50714145762302
random,2,2,13400,92.82000000000001,67000,99.50717887782051
random,2,2,13401,92.83,67005,99.50716320208538
random,2,2,13402,92.86,67010,99.50704161798221
random,2,2,13403,92.88,67015,99.50697339630995
random,2,2,13404,92.88,67020,99.50701134118074
random,2,2,13405,92.88,67025,99.50704901858278
random,2,2,13406,92.88,67030,99.50708669022616
random,2,2,13407,92.88,67035,99.50712409456341
random,2,2,13408,92.88,67040,99.50716018567454
random,2,2,13409,92.88,67045,99.50719522560887
random,2,2,13410,92.88,67050,99.50723026056102
random,2,2,13411,92.88,67055,99.50726529053205
random,2,2,13412,92.88,67060,99.50730031552301
random,2,2,13413,92.88,67065,99.50733507421005
random,2,2,13414,92.88,67070,99.50736982799314
random,2,2,13415,92.88,67075,99.50740457687337
random,2,2,13416,92.88,67080,99.5074380147758
random,2,2,13417,92.88,67085,99.50747144813894
random,2,2,13418,92.88,67090,99.50750618268509
random,2,2,13419,92.88,67095,99.50754091233242
random,2,2,13420,92.88,67100,99.50757563708197
random,2,2,13421,92.88,67105,99.50761035693478
random,2,2,13422,92.88,67110,99.50764637686999
random,2,2,13423,92.88,67115,99.50768134770641
random,2,2,13424,92.88,67120,99.50771631357537
random,2,2,13425,92.88,67125,99.50775127447795
random,2,2,13426,92.88,67130,99.50778753464512
random,2,2,13427,92.88,67135,99.50782248543287
random,2,2,13428,92.88,67140,99.5078574312574
random,2,2,13429,92.88,67145,99.50789237211983
random,2,2,13430,92.88,67150,99.50792730802118
random,2,2,13431,92.88,67155,99.50796223896252
random,2,2,13432,92.88,67160,99.50799716494491
random,2,2,13433,92.88,67165,99.50803182538309
random,2,2,13434,92.89,67170,99.5080135165196
random,2,2,13435,92.9,67175,99.50799625250967
random,2,2,13436,92.92,67180,99.50792603427148
random,2,2,13437,92.92,67185,99.50796173200436
random,2,2,13438,92.92,67190,99.5079974245582
random,2,2,13439,92.93,67195,99.50798068772578
random,2,2,13440,92.96,67200,99.50785807084176
random,2,2,13441,92.96,67205,99.50789402358043
random,2,2,13442,92.96,67210,99.5079297105964
random,2,2,13443,92.96,67215,99.50796435070455
random,2,2,13444,92.97,67220,99.5079460598372
random,2,2,13445,92.97,67225,99.50798199585618
random,2,2,13446,92.99,67230,99.50791208988926
random,2,2,13447,93.0,67235,99.507896410607
random,2,2,13448,93.01,67240,99.50788099407933
random,2,2,13449,93.01,67245,99.50791718448848
random,2,2,13450,93.01,67250,99.50795310926975
random,2,2,13451,93.01,67255,99.50798772746509
random,2,2,13452,93.01,67260,99.50802077939115
random,2,2,13453,93.01,67265,99.50805512786812
random,2,2,13454,93.01,67270,99.50809207314784
random,2,2,13455,93.01,67275,99.50812771227825
random,2,2,13456,93.01,67280,99.50816100548579
random,2,2,13457,93.01,67285,99.50819559443507
random,2,2,13458,93.01,67290,99.50822887845412
random,2,2,13459,93.01,67295,99.50826345785795
random,2,2,13460,93.01,67300,99.50829673269233
random,2,2,13461,93.01,67305,99.50833130255465
random,2,2,13462,93.01,67310,99.5083674267652
random,2,2,13463,93.01,67315,99.50840224651876
random,2,2,13464,93.01,67320,99.50843706134046
random,2,2,13465,93.01,67325,99.50847187123136
random,2,2,13466,93.01,67330,99.50850667619251
random,2,2,13467,93.01,67335,99.50854277463826
random,2,2,13468,93.01,67340,99.50857756955918
random,2,2,13469,93.01,67345,99.50861339798512
random,2,2,13470,93.01,67350,99.50864662547842
random,2,2,13471,93.01,67355,99.50867984847837
random,2,2,13472,93.01,67360,99.50871436449263
random,2,2,13473,93.01,67365,99.50874887565763
random,2,2,13474,93.01,67370,99.50878467910981
random,2,2,13475,93.01,67375,99.50882073673193
random,2,2,13476,93.01,67380,99.50885678906083
random,2,2,13477,93.01,67385,99.50889413265507
random,2,2,13478,93.01,67390,99.508931470571
random,2,2,13479,93.01,67395,99.50896750664671
random,2,2,13480,93.03,67400,99.50889795814942
random,2,2,13481,93.03,67405,99.50893399139592
random,2,2,13482,93.03,67410,99.50896872347703
random,2,2,13483,93.03,67415,99.50900474634024
random,2,2,13484,93.03,67420,99.50904076391843
random,2,2,13485,93.03,67425,99.50907677621278
random,2,2,13486,93.04,67430,99.50905872141036
random,2,2,13487,93.04,67435,99.5090931731027
random,2,2,13488,93.05,67440,99.50907511968438
random,2,2,13489,93.05,67445,99.5091098243452
random,2,2,13490,93.05,67450,99.50914426516444
random,2,2,13491,93.05,67455,99.50917999564301
random,2,2,13492,93.05,67460,99.50921597978002
random,2,2,13493,93.05,67465,99.50925066452892
random,2,2,13494,93.05,67470,99.50928508558901
random,2,2,13495,93.05,67475,99.50931950182087
random,2,2,13496,93.05,67480,99.50935391322551
random,2,2,13497,93.05,67485,99.50938831980395
random,2,2,13498,93.05,67490,99.50942142834548
random,2,2,13499,93.05,67495,99.5094545324187
random,2,2,13500,93.05,67500,99.50948763202453
random,2,2,13501,93.05,67505,99.50952072716386
random,2,2,13502,93.06,67510,99.50950240267925
random,2,2,13503,93.10000000000001,67515,99.50932596883086
random,2,2,13504,93.10000000000001,67520,99.50936061941773
random,2,2,13505,93.10000000000001,67525,99.50939500657917
random,2,2,13506,93.10000000000001,67530,99.50942809643874
random,2,2,13507,93.10000000000001,67535,99.509461181835
random,2,2,13508,93.10000000000001,67540,99.50949555490224
random,2,2,13509,93.10000000000001,67545,99.50952992315266
random,2,2,13510,93.10000000000001,67550,99.50956428658723
random,2,2,13511,93.10000000000001,67555,99.50959864520699
random,2,2,13512,93.10000000000001,67560,99.50963299901294
random,2,2,13513,93.10000000000001,67565,99.50966863922778
random,2,2,13514,93.10000000000001,67570,99.50970427426226
random,2,2,13515,93.10000000000001,67575,99.50973990411755
random,2,2,13516,93.10000000000001,67580,99.50977681944676
random,2,2,13517,93.10000000000001,67585,99.50981243875945
random,2,2,13518,93.10000000000001,67590,99.5098480528964
random,2,2,13519,93.10000000000001,67595,99.50988366185868
random,2,2,13520,93.10000000000001,67600,99.50992055554269
random,2,2,13521,93.10000000000001,67605,99.50995770161214
random,2,2,13522,93.10000000000001,67610,99.50999355254675
random,2,2,13523,93.10000000000001,67615,99.51003068755168
random,2,2,13524,93.10000000000001,67620,99.51006755910501
random,2,2,13525,93.10000000000001,67625,99.51010468289408
random,2,2,13526,93.10000000000001,67630,99.51014180105759
random,2,2,13527,93.12,67635,99.51007240006125
random,2,2,13528,93.15,67640,99.50994911151643
random,2,2,13529,93.15,67645,99.50998365560085
random,2,2,13530,93.15,67650,99.5100181948155
random,2,2,13531,93.15,67655,99.51005401766226
random,2,2,13532,93.15,67660,99.51008983527132
random,2,2,13533,93.15,67665,99.51012564764386
random,2,2,13534,93.15,67670,99.51016145478104
random,2,2,13535,93.15,67675,99.51019725668398
random,2,2,13536,93.15,67680,99.51023305335383
random,2,2,13537,93.15,67685,99.51026884479177
random,2,2,13538,93.15,67690,99.5103046309989
random,2,2,13539,93.15,67695,99.5103404119764
random,2,2,13540,93.15,67700,99.51037618772538
random,2,2,13541,93.15,67705,99.51041324485908
random,2,2,13542,93.15,67710,99.51045029638385
random,2,2,13543,93.15,67715,99.51048734230099
random,2,2,13544,93.15,67720,99.51052438261176
random,2,2,13545,93.15,67725,99.51056141731746
random,2,2,13546,93.15,67730,99.51059844641932
random,2,2,13547,93.15,67735,99.51063572700672
random,2,2,13548,93.15,67740,99.51067274486587
random,2,2,13549,93.15,67745,99.51070975712504
random,2,2,13550,93.15,67750,99.51074676378549
random,2,2,13551,93.15,67755,99.51078376484848
random,2,2,13552,93.15,67760,99.51081947584424
random,2,2,13553,93.15,67765,99.51085389733656
random,2,2,13554,93.15,67770,99.51088831398502
random,2,2,13555,93.15,67775,99.51092246900409
random,2,2,13556,93.15,67780,99.51095661925335
random,2,2,13557,93.15,67785,99.510992305019
random,2,2,13558,93.15,67790,99.51102644551659
random,2,2,13559,93.15,67795,99.51105929803548
random,2,2,13560,93.15,67800,99.5110908630939
random,2,2,13561,93.15,67805,99.51112242407703
random,2,2,13562,93.15,67810,99.51115398098564
random,2,2,13563,93.15,67815,99.51118553382055
random,2,2,13564,93.15,67820,99.51121708258253
random,2,2,13565,93.15,67825,99.51124862727238
random,2,2,13566,93.15,67830,99.51128144994374
random,2,2,13567,93.15,67835,99.51131426820689
random,2,2,13568,93.15,67840,99.51134836376455
random,2,2,13569,93.15,67845,99.51138117304188
random,2,2,13570,93.15,67850,99.5114139779137
random,2,2,13571,93.15,67855,99.51144677838093
random,2,2,13572,93.15,67860,99.51147957444442
random,2,2,13573,93.15,67865,99.5115123661051
random,2,2,13574,93.15,67870,99.51154515336381
random,2,2,13575,93.15,67875,99.51157793622146
random,2,2,13576,93.15,67880,99.51161071467894
random,2,2,13577,93.15,67885,99.51164476888451
random,2,2,13578,93.15,67890,99.5116775383725
random,2,2,13579,93.15,67895,99.511710303463
random,2,2,13580,93.15,67900,99.51174306415692
random,2,2,13581,93.15,67905,99.5117770999088
random,2,2,13582,93.15,67910,99.51181113091585
random,2,2,13583,93.15,67915,99.51184515717905
random,2,2,13584,93.15,67920,99.51187943448232
random,2,2,13585,93.15,67925,99.51191370697217
random,2,2,13586,93.15,67930,99.51194771893847
random,2,2,13587,93.15,67935,99.51198326021378
random,2,2,13588,93.15,67940,99.51201879631303
random,2,2,13589,93.15,67945,99.51205304923629
random,2,2,13590,93.15,67950,99.51208857517292
random,2,2,13591,93.15,67955,99.51212537356584
random,2,2,13592,93.15,67960,99.51216216640847
random,2,2,13593,93.15,67965,99.51219920915003
random,2,2,13594,93.15,67970,99.51223599085736
random,2,2,13595,93.15,67975,99.51227276701823
random,2,2,13596,93.15,67980,99.51230953763384
random,2,2,13597,93.15,67985,99.51234630270547
random,2,2,13598,93.15,67990,99.51238306223436
random,2,2,13599,93.15,67995,99.51241981622178
random,2,2,13600,93.15,68000,99.51245656466898
random,2,2,13601,93.15,68005,99.51249330757722
random,2,2,13602,93.15,68010,99.51253004494771
random,2,2,13603,93.15,68015,99.51256677678175
random,2,2,13604,93.15,68020,99.51260350308057
random,2,2,13605,93.15,68025,99.51264022384542
random,2,2,13606,93.15,68030,99.51267566433582
random,2,2,13607,93.15,68035,99.51271109967216
random,2,2,13608,93.15,68040,99.51274652985559
random,2,2,13609,93.15,68045,99.51278068069482
random,2,2,13610,93.15,68050,99.51281482674722
random,2,2,13611,93.15,68055,99.51285024184907
random,2,2,13612,93.15,68060,99.51288565180239
random,2,2,13613,93.15,68065,99.51292233006662
random,2,2,13614,93.15,68070,99.51295900280775
random,2,2,13615,93.15,68075,99.51299567002698
random,2,2,13616,93.15,68080,99.51303105884247
random,2,2,13617,93.15,68085,99.51306516981036
random,2,2,13618,93.15,68090,99.51309927599979
random,2,2,13619,93.15,68095,99.51313337741179
random,2,2,13620,93.15,68100,99.51316747404736
random,2,2,13621,93.15,68105,99.5132013115083
random,2,2,13622,93.15,68110,99.51323514426582
random,2,2,13623,93.15,68115,99.51326897232087
random,2,2,13624,93.15,68120,99.51330304996755
random,2,2,13625,93.15,68125,99.5133371228428
random,2,2,13626,93.15,68130,99.51337119094761
random,2,2,13627,93.15,68135,99.51340525428297
random,2,2,13628,93.15,68140,99.51343931284991
random,2,2,13629,93.15,68145,99.5134733666494
random,2,2,13630,93.15,68150,99.51350741568245
random,2,2,13631,93.15,68155,99.51354273016636
random,2,2,13632,93.15,68160,99.51357803952368
random,2,2,13633,93.15,68165,99.51361334375554
random,2,2,13634,93.15,68170,99.51364864286305
random,2,2,13635,93.15,68175,99.51368393684731
random,2,2,13636,93.15,68180,99.51371922570945
random,2,2,13637,93.15,68185,99.51375425562901
random,2,2,13638,93.15,68190,99.51378928050208
random,2,2,13639,93.15,68195,99.51382430032976
random,2,2,13640,93.15,68200,99.51385956882501
random,2,2,13641,93.15,68205,99.51389356382553
random,2,2,13642,93.15,68210,99.51392755407197
random,2,2,13643,93.15,68215,99.51396153956532
random,2,2,13644,93.15,68220,99.51399552030654
random,2,2,13645,93.15,68225,99.51403076396555
random,2,2,13646,93.15,68230,99.51406473502834
random,2,2,13647,93.15,68235,99.51409844787969
random,2,2,13648,93.15,68240,99.51413215605356
random,2,2,13649,93.15,68245,99.51416712650848
random,2,2,13650,93.15,68250,99.51420082515455
random,2,2,13651,93.15,68255,99.51423578572557
random,2,2,13652,93.15,68260,99.5142707412651
random,2,2,13653,93.15,68265,99.51430569177417
random,2,2,13654,93.15,68270,99.51433937120113
random,2,2,13655,93.15,68275,99.51437304595757
random,2,2,13656,93.15,68280,99.51440798174612
random,2,2,13657,93.15,68285,99.51444316561164
random,2,2,13658,93.15,68290,99.51447834437897
random,2,2,13659,93.15,68295,99.51451351804926
random,2,2,13660,93.15,68300,99.51454995158528
random,2,2,13661,93.15,68305,99.51458663260696
random,2,2,13662,93.15,68310,99.51462330808576
random,2,2,13663,93.15,68315,99.51465997802292
random,2,2,13664,93.15,68320,99.51469664241974
random,2,2,13665,93.15,68325,99.51473330127743
random,2,2,13666,93.15,68330,99.51476995459726
random,2,2,13667,93.15,68335,99.51480634965611
random,2,2,13668,93.15,68340,99.51484299194217
random,2,2,13669,93.15,68345,99.51487937604581
random,2,2,13670,93.15,68350,99.51491575469267
random,2,2,13671,93.15,68355,99.51495212788393
random,2,2,13672,93.15,68360,99.51498849562084
random,2,2,13673,93.15,68365,99.51502485790462
random,2,2,13674,93.15,68370,99.51506121473652
random,2,2,13675,93.15,68375,99.51509630400834
random,2,2,13676,93.15,68380,99.51513138820252
random,2,2,13677,93.15,68385,99.5151664673202
random,2,2,13678,93.15,68390,99.51520154136244
random,2,2,13679,93.15,68395,99.51523534894469
random,2,2,13680,93.15,68400,99.51526915181208
random,2,2,13681,93.15,68405,99.51530294996563
random,2,2,13682,93.15,68410,99.5153380042644
random,2,2,13683,93.15,68415,99.51537305349314
random,2,2,13684,93.15,68420,99.51540683715953
random,2,2,13685,93.15,68425,99.5154406161161
random,2,2,13686,93.15,68430,99.51547439036379
random,2,2,13687,93.15,68435,99.51550941987
random,2,2,13688,93.15,68440,99.51554444431153
random,2,2,13689,93.15,68445,99.51557946368952
random,2,2,13690,93.15,68450,99.5156157374185
random,2,2,13691,93.15,68455,99.5156507464906
random,2,2,13692,93.15,68460,99.51568549869314
random,2,2,13693,93.15,68465,99.51571898703905
random,2,2,13694,93.15,68470,99.51575247075411
random,2,2,13695,93.15,68475,99.5157846913108
random,2,2,13696,93.15,68480,99.51581690758002
random,2,2,13697,93.15,68485,99.51585037775624
random,2,2,13698,93.15,68490,99.51588258528574
random,2,2,13699,93.15,68495,99.51591604638269
random,2,2,13700,93.15,68500,99.51595076052632
random,2,2,13701,93.15,68505,99.51598421220001
random,2,2,13702,93.15,68510,99.51601640192617
random,2,2,13703,93.15,68515,99.51604984452808
random,2,2,13704,93.15,68520,99.51608202552531
random,2,2,13705,93.15,68525,99.51611294542025
random,2,2,13706,93.15,68530,99.51614637468191
random,2,2,13707,93.15,68535,99.51618105580046
random,2,2,13708,93.15,68540,99.51621447565232
random,2,2,13709,93.15,68545,99.51624789088754
random,2,2,13710,93.15,68550,99.51628130150708
random,2,2,13711,93.15,68555,99.51631621444093
random,2,2,13712,93.15,68560,99.5163498667431
random,2,2,13713,93.15,68565,99.51638326327856
random,2,2,13714,93.15,68570,99.51641665520222
random,2,2,13715,93.15,68575,99.51645004251503
random,2,2,13716,93.15,68580,99.51648342521791
random,2,2,13717,93.15,68585,99.51651680331187
random,2,2,13718,93.15,68590,99.51655017679784
random,2,2,13719,93.15,68595,99.51658229129096
random,2,2,13720,93.15,68600,99.51661440151778
random,2,2,13721,93.15,68605,99.51664525342007
random,2,2,13722,93.15,68610,99.51667735528339
random,2,2,13723,93.15,68615,99.51670945288294
random,2,2,13724,93.15,68620,99.51674029265357
random,2,2,13725,93.15,68625,99.51677112848856
random,2,2,13726,93.15,68630,99.5168032136347
random,2,2,13727,93.15,68635,99.51683654759354
random,2,2,13728,93.15,68640,99.51686987695354
random,2,2,13729,93.15,68645,99.5169032017156
random,2,2,13730,93.15,68650,99.51693652188072
random,2,2,13731,93.15,68655,99.51696858506797
random,2,2,13732,93.15,68660,99.51700064399914
random,2,2,13733,93.15,68665,99.51703269867507
random,2,2,13734,93.15,68670,99.51706600097987
random,2,2,13735,93.15,68675,99.51709929869236
random,2,2,13736,93.15,68680,99.51713259181349
random,2,2,13737,93.15,68685,99.51716588034422
random,2,2,13738,93.15,68690,99.51719791309252
random,2,2,13739,93.15,68695,99.51722994159078
random,2,2,13740,93.15,68700,99.51726321670088
random,2,2,13741,93.15,68705,99.5172977379064
random,2,2,13742,93.15,68710,99.5173337547703
random,2,2,13743,93.15,68715,99.51736851595093
random,2,2,13744,93.15,68720,99.5174045222538
random,2,2,13745,93.15,68725,99.5174405231846
random,2,2,13746,93.15,68730,99.51747526898876
random,2,2,13747,93.15,68735,99.51750876020729
random,2,2,13748,93.15,68740,99.51754224677701
random,2,2,13749,93.15,68745,99.51757697793438
random,2,2,13750,93.15,68750,99.51761270333155
random,2,2,13751,93.15,68755,99.517647424346
random,2,2,13752,93.15,68760,99.51768089167159
random,2,2,13753,93.15,68765,99.51771410464904
random,2,2,13754,93.15,68770,99.51774606469917
random,2,2,13755,93.15,68775,99.5177767723192
random,2,2,13756,93.15,68780,99.51780872406442
random,2,2,13757,93.15,68785,99.51784067157574
random,2,2,13758,93.15,68790,99.5178713671491
random,2,2,13759,93.15,68795,99.51790330636041
random,2,2,13760,93.15,68800,99.51793399395955
random,2,2,13761,93.15,68805,99.51796467765213
random,2,2,13762,93.15,68810,99.51799785155886
random,2,2,13763,93.15,68815,99.51802977401469
random,2,2,13764,93.15,68820,99.51806169224243
random,2,2,13765,93.15,68825,99.5180936062429
random,2,2,13766,93.15,68830,99.51812551601697
random,2,2,13767,93.15,68835,99.51815617533425
random,2,2,13768,93.15,68840,99.5181868307504
random,2,2,13769,93.15,68845,99.51821748226611
random,2,2,13770,93.15,68850,99.51824812988217
random,2,2,13771,93.15,68855,99.51828126478705
random,2,2,13772,93.15,68860,99.51831314971488
random,2,2,13773,93.15,68865,99.51834503042208
random,2,2,13774,93.15,68870,99.51837690690947
random,2,2,13775,93.15,68875,99.51841002410276
random,2,2,13776,93.15,68880,99.5184418919883
random,2,2,13777,93.15,68885,99.51847251106118
random,2,2,13778,93.15,68890,99.51850312624057
random,2,2,13779,93.15,68895,99.51853373752724
random,2,2,13780,93.15,68900,99.51856558904262
random,2,2,13781,93.15,68905,99.5185986802937
random,2,2,13782,93.15,68910,99.51863176699607
random,2,2,13783,93.15,68915,99.51866509787143
random,2,2,13784,93.15,68920,99.51869966755918
random,2,2,13785,93.15,68925,99.51873522687643
random,2,2,13786,93.15,68930,99.51876953787927
random,2,2,13787,93.15,68935,99.51880260110053
random,2,2,13788,93.15,68940,99.51883690249771
random,2,2,13789,93.15,68945,99.51886995646329
random,2,2,13790,93.15,68950,99.51890300588782
random,2,2,13791,93.15,68955,99.51893605077225
random,2,2,13792,93.15,68960,99.51896909111753
random,2,2,13793,93.15,68965,99.51900088505903
random,2,2,13794,93.15,68970,99.51903143309012
random,2,2,13795,93.15,68975,99.51906197724128
random,2,2,13796,93.15,68980,99.51909251751324
random,2,2,13797,93.15,68985,99.51912429514152
random,2,2,13798,93.15,68990,99.5191548274997
random,2,2,13799,93.15,68995,99.51918535598092
random,2,2,13800,93.15,69000,99.51921712134155
random,2,2,13801,93.15,69005,99.51924764191355
random,2,2,13802,93.15,69010,99.51927815861086
random,2,2,13803,93.15,69015,99.51930867143419
random,2,2,13804,93.15,69020,99.51933918038429
random,2,2,13805,93.15,69025,99.5193696854619
random,2,2,13806,93.15,69030,99.51940018666775
random,2,2,13807,93.15,69035,99.51943068400259
random,2,2,13808,93.15,69040,99.51946117746714
random,2,2,13809,93.15,69045,99.51949166706214
random,2,2,13810,93.15,69050,99.51952215278834
random,2,2,13811,93.15,69055,99.51955263464647
random,2,2,13812,93.15,69060,99.51958311263725
random,2,2,13813,93.15,69065,99.51961482546521
random,2,2,13814,93.15,69070,99.5196477726405
random,2,2,13815,93.15,69075,99.51968071529674
random,2,2,13816,93.15,69080,99.51971365343486
random,2,2,13817,93.15,69085,99.51974658705579
random,2,2,13818,93.15,69090,99.51977951616047
random,2,2,13819,93.15,69095,99.5198124407498
random,2,2,13820,93.15,69100,99.51984536082475
random,2,2,13821,93.15,69105,99.51987827638621
random,2,2,13822,93.15,69110,99.51991118743513
random,2,2,13823,93.15,69115,99.51994409397243
random,2,2,13824,93.15,69120,99.51997823282936
random,2,2,13825,93.15,69125,99.52001236683112
random,2,2,13826,93.15,69130,99.52004525950017
random,2,2,13827,93.15,69135,99.52007691134587
random,2,2,13828,93.15,69140,99.5201073228583
random,2,2,13829,93.15,69145,99.52013773051677
random,2,2,13830,93.15,69150,99.52016937016757
random,2,2,13831,93.15,69155,99.52020100564633
random,2,2,13832,93.15,69160,99.52023140143422
random,2,2,13833,93.15,69165,99.5202617933711
random,2,2,13834,93.15,69170,99.52029218145778
random,2,2,13835,93.15,69175,99.52032380074513
random,2,2,13836,93.15,69180,99.52035665074548
random,2,2,13837,93.15,69185,99.5203897431884
random,2,2,13838,93.15,69190,99.52042283106528
random,2,2,13839,93.15,69195,99.52045591437707
random,2,2,13840,93.15,69200,99.52048998047985
random,2,2,13841,93.15,69205,99.52052404174297
random,2,2,13842,93.15,69210,99.52055686432351
random,2,2,13843,93.15,69215,99.52058968241062
random,2,2,13844,93.15,69220,99.52062249600519
random,2,2,13845,93.15,69225,99.52065530510818
random,2,2,13846,93.15,69230,99.5206881097205
random,2,2,13847,93.15,69235,99.52072090984305
random,2,2,13848,93.15,69240,99.5207549383078
random,2,2,13849,93.15,69245,99.52078772928493
random,2,2,13850,93.15,69250,99.52082051577511
random,2,2,13851,93.15,69255,99.52085329777925
random,2,2,13852,93.15,69260,99.52088755387764
random,2,2,13853,93.15,69265,99.52092057310551
random,2,2,13854,93.15,69270,99.52095481958536
random,2,2,13855,93.15,69275,99.52099029278986
random,2,2,13856,93.15,69280,99.52102576074118
random,2,2,13857,93.15,69285,99.52106122344048
random,2,2,13858,93.15,69290,99.52109668088896
random,2,2,13859,93.15,69295,99.52113213308775
random,2,2,13860,93.15,69300,99.52116782617904
random,2,2,13861,93.15,69305,99.52120351394986
random,2,2,13862,93.15,69310,99.5212391964014
random,2,2,13863,93.15,69315,99.52127487353485
random,2,2,13864,93.15,69320,99.5213105453514
random,2,2,13865,93.15,69325,99.52134621185222
random,2,2,13866,93.15,69330,99.5213816271175
random,2,2,13867,93.15,69335,99.52141703714246
random,2,2,13868,93.15,69340,99.52145244192828
random,2,2,13869,93.15,69345,99.52148784147609
random,2,2,13870,93.15,69350,99.52152323578709
random,2,2,13871,93.15,69355,99.52155862486242
random,2,2,13872,93.15,69360,99.52159400870325
random,2,2,13873,93.15,69365,99.52162938731072
random,2,2,13874,93.15,69370,99.52166476068604
random,2,2,13875,93.15,69375,99.52170012883032
random,2,2,13876,93.15,69380,99.5217342639534
random,2,2,13877,93.15,69385,99.52176814868056
random,2,2,13878,93.15,69390,99.5218032560501
random,2,2,13879,93.15,69395,99.5218383582655
random,2,2,13880,93.15,69400,99.52187370074375
random,2,2,13881,93.15,69405,99.52190928337717
random,2,2,13882,93.15,69410,99.52194461537198
random,2,2,13883,93.15,69415,99.5219801874515
random,2,2,13884,93.15,69420,99.52201550896753
random,2,2,13885,93.15,69425,99.52205082526405
random,2,2,13886,93.15,69430,99.52208613634218
random,2,2,13887,93.15,69435,99.52212168736446
random,2,2,13888,93.16,69440,99.52210593489437
random,2,2,13889,93.16,69445,99.52214147915576
random,2,2,13890,93.16,69450,99.5221770181302
random,2,2,13891,93.16,69455,99.52221255181885
random,2,2,13892,93.16,69460,99.52224808022294
random,2,2,13893,93.2,69465,99.52207848681434
random,2,2,13894,93.2,69470,99.52211401990303
random,2,2,13895,93.2,69475,99.5221495477084
random,2,2,13896,93.2,69480,99.52218507023161
random,2,2,13897,93.2,69485,99.52222058747388
random,2,2,13898,93.2,69490,99.52225609943635
random,2,2,13899,93.2,69495,99.5222916061202
random,2,2,13900,93.2,69500,99.52232710752664
random,2,2,13901,93.2,69505,99.5223626036568
random,2,2,13902,93.21000000000001,69510,99.52234684967223
random,2,2,13903,93.21000000000001,69515,99.52238209432454
random,2,2,13904,93.21000000000001,69520,99.52241733377602
random,2,2,13905,93.21000000000001,69525,99.52245256802784
random,2,2,13906,93.23,69530,99.52238558232534
random,2,2,13907,93.23,69535,99.5224210583473
random,2,2,13908,93.26,69540,99.52230286285338
random,2,2,13909,93.26,69545,99.52233833974927
random,2,2,13910,93.26,69550,99.52237381137607
random,2,2,13911,93.26,69555,99.52240927773494
random,2,2,13912,93.26,69560,99.52244473882705
random,2,2,13913,93.26,69565,99.52248019465358
random,2,2,13914,93.28,69570,99.5224132466837
random,2,2,13915,93.31,69575,99.52229511318805
random,2,2,13916,93.35,69580,99.52212580556484
random,2,2,13917,93.35,69585,99.5221612745369
random,2,2,13918,93.35,69590,99.52219673824418
random,2,2,13919,93.35,69595,99.52223219668782
random,2,2,13920,93.35,69600,99.52226764986901
random,2,2,13921,93.35,69605,99.52230309778894
random,2,2,13922,93.35,69610,99.52233854044874
random,2,2,13923,93.35,69615,99.52237397784961
random,2,2,13924,93.35,69620,99.52240940999272
random,2,2,13925,93.35,69625,99.52244483687923
random,2,2,13926,93.35,69630,99.52248025851031
random,2,2,13927,93.35,69635,99.52251567488713
random,2,2,13928,93.35,69640,99.52255108601088
random,2,2,13929,93.35,69645,99.52258649188269
random,2,2,13930,93.35,69650,99.52262189250376
random,2,2,13931,93.38,69655,99.5225038836828
random,2,2,13932,93.38,69660,99.52253928517923
random,2,2,13933,93.43,69665,99.52231880145631
random,2,2,13934,93.44,69670,99.52230162276348
random,2,2,13935,93.44,69675,99.52233678732638
random,2,2,13936,93.46,69680,99.52226971468062
random,2,2,13937,93.46,69685,99.52230365560885
random,2,2,13938,93.46,69690,99.52233881234804
random,2,2,13939,93.46,69695,99.52237274345907
random,2,2,13940,93.46,69700,99.52240789003015
random,2,2,13941,93.46,69705,99.52244303142903
random,2,2,13942,93.46,69710,99.5224769477356
random,2,2,13943,93.46,69715,99.52250963947077
random,2,2,13944,93.46,69720,99.52254232673002
random,2,2,13945,93.46,69725,99.52257500951427
random,2,2,13946,93.46,69730,99.52260890707781
random,2,2,13947,93.46,69735,99.52264279982818
random,2,2,13948,93.46,69740,99.52267790666734
random,2,2,13949,93.46,69745,99.52271300834308
random,2,2,13950,93.46,69750,99.52274688631408
random,2,2,13951,93.46,69755,99.52277954110039
random,2,2,13952,93.46,69760,99.52281219141838
random,2,2,13953,93.46,69765,99.52284605531126
random,2,2,13954,93.46,69770,99.52287991439815
random,2,2,13955,93.46,69775,99.52291376868006
random,2,2,13956,93.46,69780,99.52294883567563
random,2,2,13957,93.46,69785,99.5229826801779
random,2,2,13958,93.46,69790,99.52301651987831
random,2,2,13959,93.46,69795,99.52305035477787
random,2,2,13960,93.46,69800,99.52308540169824
random,2,2,13961,93.46,69805,99.5231204434684
random,2,2,13962,93.46,69810,99.52315548008947
random,2,2,13963,93.46,69815,99.52318929527827
random,2,2,13964,93.46,69820,99.52322310567143
random,2,2,13965,93.46,69825,99.52325691126998
random,2,2,13966,93.46,69830,99.52329071207492
random,2,2,13967,93.46,69835,99.52332450808731
random,2,2,13968,93.46,69840,99.52335829930814
random,2,2,13969,93.46,69845,99.52339208573842
random,2,2,13970,93.46,69850,99.5234258673792
random,2,2,13971,93.46,69855,99.52346085913695
random,2,2,13972,93.46,69860,99.52349584575664
random,2,2,13973,93.46,69865,99.52352961269065
random,2,2,13974,93.46,69870,99.52356458921592
random,2,2,13975,93.46,69875,99.52359956060648
random,2,2,13976,93.46,69880,99.52363452686348
random,2,2,13977,93.46,69885,99.52366827414608
random,2,2,13978,93.46,69890,99.52370201664749
random,2,2,13979,93.46,69895,99.52373575436873
random,2,2,13980,93.46,69900,99.5237694873108
random,2,2,13981,93.46,69905,99.52380321547471
random,2,2,13982,93.46,69910,99.52383693886149
random,2,2,13983,93.46,69915,99.52387065747217
random,2,2,13984,93.46,69920,99.52390437130772
random,2,2,13985,93.46,69925,99.52393686789578
random,2,2,13986,93.46,69930,99.52396936004796
random,2,2,13987,93.46,69935,99.52400184776513
random,2,2,13988,93.46,69940,99.52403433104823
random,2,2,13989,93.46,69945,99.52406680989814
random,2,2,13990,93.46,69950,99.5240992843158
random,2,2,13991,93.46,69955,99.52413175430208
random,2,2,13992,93.46,69960,99.52416543117353
random,2,2,13993,93.46,69965,99.52419789213455
random,2,2,13994,93.46,69970,99.52423034866696
random,2,2,13995,93.46,69975,99.5242628007717
random,2,2,13996,93.46,69980,99.52429524844962
random,2,2,13997,93.46,69985,99.52432769170164
random,2,2,13998,93.46,69990,99.52436013052869
random,2,2,13999,93.46,69995,99.52439377508497
random,2,2,14000,93.46,70000,99.52442620489974
random,2,2,14001,93.46,70005,99.52445984010942
random,2,2,14002,93.46,70010,99.52449226091566
random,2,2,14003,93.46,70015,99.52452467730151
random,2,2,14004,93.46,70020,99.5245570892679
random,2,2,14005,93.46,70025,99.52458949681568
random,2,2,14006,93.46,70030,99.52462189994577
random,2,2,14007,93.46,70035,99.5246542986591
random,2,2,14008,93.46,70040,99.52468790161355
random,2,2,14009,93.46,70045,99.52472149981743
random,2,2,14010,93.46,70050,99.52475509327176
random,2,2,14011,93.46,70055,99.52478989011593
random,2,2,14012,93.46,70060,99.52482468186489
random,2,2,14013,93.46,70065,99.52485946851978
random,2,2,14014,93.46,70070,99.52489425008172
random,2,2,14015,93.46,70075,99.52492781912082
random,2,2,14016,93.46,70080,99.52496138341654
random,2,2,14017,93.46,70085,99.52499494296991
random,2,2,14018,93.46,70090,99.52502849778192
random,2,2,14019,93.46,70095,99.52506084109865
random,2,2,14020,93.46,70100,99.52509318001083
random,2,2,14021,93.46,70105,99.52512672094565
random,2,2,14022,93.46,70110,99.52516025714304
random,2,2,14023,93.46,70115,99.5251925825185
random,2,2,14024,93.46,70120,99.52522490349305
random,2,2,14025,93.46,70125,99.52525722006762
random,2,2,14026,93.46,70130,99.52528953224308
random,2,2,14027,93.46,70135,99.52532184002035
random,2,2,14028,93.46,70140,99.52535414340034
random,2,2,14029,93.46,70145,99.52538764748479
random,2,2,14030,93.46,70150,99.52542114683965
random,2,2,14031,93.46,70155,99.5254546414659
random,2,2,14032,93.46,70160,99.5254869267739
random,2,2,14033,93.46,70165,99.52551920768917
random,2,2,14034,93.46,70170,99.52555268847554
random,2,2,14035,93.46,70175,99.5255873686241
random,2,2,14036,93.46,70180,99.5256222844845
random,2,2,14037,93.46,70185,99.52565719520582
random,2,2,14038,93.46,70190,99.52569210078917
random,2,2,14039,93.46,70195,99.52572700123567
random,2,2,14040,93.46,70200,99.52576189654647
random,2,2,14041,93.46,70205,99.52579678672272
random,2,2,14042,93.46,70210,99.52583167176552
random,2,2,14043,93.46,70215,99.52586655167603
random,2,2,14044,93.46,70220,99.52590118595722
random,2,2,14045,93.46,70225,99.52593581517888
random,2,2,14046,93.46,70230,99.52597043934212
random,2,2,14047,93.46,70235,99.52600505844805
random,2,2,14048,93.46,70240,99.52603847070577
random,2,2,14049,93.46,70245,99.52607307987591
random,2,2,14050,93.46,70250,99.52610768399201
random,2,2,14051,93.46,70255,99.5261410817835
random,2,2,14052,93.46,70260,99.52617447486787
random,2,2,14053,93.46,70265,99.52620906417926
random,2,2,14054,93.46,70270,99.52624388859178
random,2,2,14055,93.46,70275,99.52627870788538
random,2,2,14056,93.46,70280,99.52631352206119
random,2,2,14057,93.46,70285,99.52634833112033
random,2,2,14058,93.46,70290,99.52638313506391
random,2,2,14059,93.46,70295,99.52641769391867
random,2,2,14060,93.46,70300,99.52645224773043
random,2,2,14061,93.46,70305,99.52648679650028
random,2,2,14062,93.46,70310,99.52652134022932
random,2,2,14063,93.46,70315,99.52655587891867
random,2,2,14064,93.46,70320,99.52658921356876
random,2,2,14065,93.46,70325,99.52662254352505
random,2,2,14066,93.46,70330,99.52665586878857
random,2,2,14067,93.46,70335,99.52668918936028
random,2,2,14068,93.46,70340,99.5267225052412
random,2,2,14069,93.46,70345,99.52675701458921
random,2,2,14070,93.46,70350,99.52679032092284
random,2,2,14071,93.46,70355,99.52682242474901
random,2,2,14072,93.47,70360,99.52680389876733
random,2,2,14073,93.47,70365,99.52683719493983
random,2,2,14074,93.47,70370,99.52687048642694
random,2,2,14075,93.47,70375,99.52690377322965
random,2,2,14076,93.47,70380,99.52693705534892
random,2,2,14077,93.47,70385,99.52697033278575
random,2,2,14078,93.47,70390,99.52700360554114
random,2,2,14079,93.47,70395,99.52703567700387
random,2,2,14080,93.47,70400,99.52706774411769
random,2,2,14081,93.47,70405,99.52710100317121
random,2,2,14082,93.47,70410,99.52713545366059
random,2,2,14083,93.47,70415,99.52717013831803
random,2,2,14084,93.47,70420,99.52720481788762
random,2,2,14085,93.47,70425,99.52723925325348
random,2,2,14086,93.47,70430,99.52727368360362
random,2,2,14087,93.47,70435,99.52730834798642
random,2,2,14088,93.47,70440,99.52734300728581
random,2,2,14089,93.47,70445,99.5273776615029
random,2,2,14090,93.47,70450,99.52741231063881
random,2,2,14091,93.47,70455,99.52744695469467
random,2,2,14092,93.47,70460,99.52748159367158
random,2,2,14093,93.47,70465,99.52751622757067
random,2,2,14094,93.47,70470,99.52755085639305
random,2,2,14095,93.47,70475,99.52758548013983
random,2,2,14096,93.47,70480,99.52762009881215
random,2,2,14097,93.47,70485,99.5276547124111
random,2,2,14098,93.47,70490,99.52768932093781
random,2,2,14099,93.47,70495,99.52772392439338
random,2,2,14100,93.47,70500,99.52775852277894
random,2,2,14101,93.47,70505,99.5277931160956
random,2,2,14102,93.47,70510,99.52782770434447
random,2,2,14103,93.47,70515,99.52786228752667
random,2,2,14104,93.47,70520,99.5278968656433
random,2,2,14105,93.47,70525,99.52793143869549
random,2,2,14106,93.47,70530,99.52796600668434
random,2,2,14107,93.47,70535,99.52800056961095
random,2,2,14108,93.47,70540,99.52803512747647
random,2,2,14109,93.47,70545,99.52806968028197
random,2,2,14110,93.47,70550,99.5281042280286
random,2,2,14111,93.47,70555,99.52813877071745
random,2,2,14112,93.47,70560,99.52817330834962
random,2,2,14113,93.47,70565,99.52820784092624
random,2,2,14114,93.47,70570,99.52824236844842
random,2,2,14115,93.47,70575,99.52827689091724
random,2,2,14116,93.47,70580,99.52831140833386
random,2,2,14117,93.47,70585,99.52834592069935
random,2,2,14118,93.47,70590,99.52838042801481
random,2,2,14119,93.47999999999999,70595,99.52836447718738
random,2,2,14120,93.49,70600,99.5283485286936
random,2,2,14121,93.49,70605,99.52838302824607
random,2,2,14122,93.49,70610,99.52841752275188
random,2,2,14123,93.49,70615,99.52845201221213
random,2,2,14124,93.52000000000001,70620,99.5283351926906
random,2,2,14125,93.57,70625,99.52811752833841
random,2,2,14126,93.58,70630,99.5281016048983
random,2,2,14127,93.58,70635,99.52813610736996
random,2,2,14128,93.58,70640,99.52817060479676
random,2,2,14129,93.58,70645,99.52820509717976
random,2,2,14130,93.58999999999999,70650,99.52818917199443
random,2,2,14131,93.58999999999999,70655,99.52822365797803
random,2,2,14132,93.58999999999999,70660,99.52825813892065
random,2,2,14133,93.58999999999999,70665,99.52829261482337
random,2,2,14134,93.58999999999999,70670,99.52832708568732
random,2,2,14135,93.58999999999999,70675,99.52836155151361
random,2,2,14136,93.58999999999999,70680,99.52839601230332
random,2,2,14137,93.58999999999999,70685,99.52843046805756
random,2,2,14138,93.58999999999999,70690,99.52846491877747
random,2,2,14139,93.58999999999999,70695,99.5284993644641
random,2,2,14140,93.58999999999999,70700,99.52853380511858
random,2,2,14141,93.58999999999999,70705,99.528568240742
random,2,2,14142,93.58999999999999,70710,99.52860267133548
random,2,2,14143,93.58999999999999,70715,99.52863709690011
random,2,2,14144,93.58999999999999,70720,99.52867151743699
random,2,2,14145,93.58999999999999,70725,99.52870593294722
random,2,2,14146,93.58999999999999,70730,99.52874034343192
random,2,2,14147,93.58999999999999,70735,99.52877474889218
random,2,2,14148,93.58999999999999,70740,99.52880914932909
random,2,2,14149,93.58999999999999,70745,99.52884354474375
random,2,2,14150,93.58999999999999,70750,99.52887793513729
random,2,2,14151,93.58999999999999,70755,99.52891232051077
random,2,2,14152,93.58999999999999,70760,99.52894670086529
random,2,2,14153,93.58999999999999,70765,99.528981076202
random,2,2,14154,93.58999999999999,70770,99.52901544652194
random,2,2,14155,93.58999999999999,70775,99.52904981182624
random,2,2,14156,93.58999999999999,70780,99.52908417211599
random,2,2,14157,93.58999999999999,70785,99.52911852739228
random,2,2,14158,93.58999999999999,70790,99.52915287765623
random,2,2,14159,93.58999999999999,70795,99.5291872229089
random,2,2,14160,93.58999999999999,70800,99.52922156315141
random,2,2,14161,93.58999999999999,70805,99.52925589838486
random,2,2,14162,93.58999999999999,70810,99.52929022861035
random,2,2,14163,93.58999999999999,70815,99.52932455382894
random,2,2,14164,93.58999999999999,70820,99.52935887404178
random,2,2,14165,93.58999999999999,70825,99.52939318924992
random,2,2,14166,93.58999999999999,70830,99.52942749945446
random,2,2,14167,93.58999999999999,70835,99.52946180465652
random,2,2,14168,93.58999999999999,70840,99.52949610485716
random,2,2,14169,93.58999999999999,70845,99.52953040005751
random,2,2,14170,93.58999999999999,70850,99.52956469025864
random,2,2,14171,93.58999999999999,70855,99.52959897546164
random,2,2,14172,93.58999999999999,70860,99.52963325566762
random,2,2,14173,93.58999999999999,70865,99.52966753087766
random,2,2,14174,93.58999999999999,70870,99.52970180109286
random,2,2,14175,93.58999999999999,70875,99.5297360663143
random,2,2,14176,93.58999999999999,70880,99.52977032654307
random,2,2,14177,93.58999999999999,70885,99.5298045817803
random,2,2,14178,93.58999999999999,70890,99.52983883202702
random,2,2,14179,93.58999999999999,70895,99.52987307728436
random,2,2,14180,93.58999999999999,70900,99.52990731755341
random,2,2,14181,93.58999999999999,70905,99.52994155283524
random,2,2,14182,93.58999999999999,70910,99.52997578313095
random,2,2,14183,93.58999999999999,70915,99.53001000844164
random,2,2,14184,93.58999999999999,70920,99.53004422876839
random,2,2,14185,93.58999999999999,70925,99.53007844411226
random,2,2,14186,93.58999999999999,70930,99.53011265447441
random,2,2,14187,93.58999999999999,70935,99.53014685985585
random,2,2,14188,93.58999999999999,70940,99.5301810602577
random,2,2,14189,93.58999999999999,70945,99.53021525568107
random,2,2,14190,93.58999999999999,70950,99.530249446127
random,2,2,14191,93.58999999999999,70955,99.53028363159662
random,2,2,14192,93.58999999999999,70960,99.530317812091
random,2,2,14193,93.58999999999999,70965,99.53035198761121
random,2,2,14194,93.58999999999999,70970,99.53038615815835
random,2,2,14195,93.58999999999999,70975,99.53042032373351
random,2,2,14196,93.58999999999999,70980,99.53045448433778
random,2,2,14197,93.58999999999999,70985,99.53048863997222
random,2,2,14198,93.58999999999999,70990,99.53052279063795
random,2,2,14199,93.58999999999999,70995,99.53055693633601
random,2,2,14200,93.58999999999999,71000,99.53059107706753
random,2,2,14201,93.58999999999999,71005,99.53062521283356
random,2,2,14202,93.58999999999999,71010,99.5306593436352
random,2,2,14203,93.58999999999999,71015,99.5306934694735
random,2,2,14204,93.58999999999999,71020,99.53072759034961
random,2,2,14205,93.58999999999999,71025,99.53076170626454
random,2,2,14206,93.58999999999999,71030,99.53079581721943
random,2,2,14207,93.58999999999999,71035,99.53082992321532
random,2,2,14208,93.58999999999999,71040,99.5308640242533
random,2,2,14209,93.58999999999999,71045,99.53089812033447
random,2,2,14210,93.58999999999999,71050,99.53093221145991
random,2,2,14211,93.58999999999999,71055,99.53096629763067
random,2,2,14212,93.58999999999999,71060,99.53100037884786
random,2,2,14213,93.58999999999999,71065,99.53103445511255
random,2,2,14214,93.58999999999999,71070,99.53106852642581
random,2,2,14215,93.58999999999999,71075,99.53110259278873
random,2,2,14216,93.58999999999999,71080,99.53113665420238
random,2,2,14217,93.58999999999999,71085,99.53117071066787
random,2,2,14218,93.58999999999999,71090,99.53120476218622
random,2,2,14219,93.58999999999999,71095,99.53123880875856
random,2,2,14220,93.58999999999999,71100,99.53127285038595
random,2,2,14221,93.58999999999999,71105,99.53130688706945
random,2,2,14222,93.58999999999999,71110,99.53134091881016
random,2,2,14223,93.58999999999999,71115,99.53137494560916
random,2,2,14224,93.58999999999999,71120,99.5314089674675
random,2,2,14225,93.58999999999999,71125,99.53144298438627
random,2,2,14226,93.58999999999999,71130,99.53147699636655
random,2,2,14227,93.58999999999999,71135,99.53151100340942
random,2,2,14228,93.58999999999999,71140,99.53154500551594
random,2,2,14229,93.58999999999999,71145,99.5315790026872
random,2,2,14230,93.58999999999999,71150,99.53161299492427
random,2,2,14231,93.58999999999999,71155,99.53164698222821
random,2,2,14232,93.58999999999999,71160,99.5316809646001
random,2,2,14233,93.58999999999999,71165,99.53171494204102
random,2,2,14234,93.58999999999999,71170,99.53174891455205
random,2,2,14235,93.58999999999999,71175,99.53178288213425
random,2,2,14236,93.58999999999999,71180,99.53181684478871
random,2,2,14237,93.58999999999999,71185,99.53185080251647
random,2,2,14238,93.58999999999999,71190,99.53188475531863
random,2,2,14239,93.58999999999999,71195,99.53191870319624
random,2,2,14240,93.58999999999999,71200,99.5319526461504
random,2,2,14241,93.58999999999999,71205,99.53198658418215
random,2,2,14242,93.58999999999999,71210,99.53202051729258
random,2,2,14243,93.58999999999999,71215,99.53205444548277
random,2,2,14244,93.58999999999999,71220,99.53208836875376
random,2,2,14245,93.58999999999999,71225,99.53212228710665
random,2,2,14246,93.58999999999999,71230,99.53215620054247
random,2,2,14247,93.58999999999999,71235,99.53219010906234
random,2,2,14248,93.58999999999999,71240,99.53222401266729
random,2,2,14249,93.58999999999999,71245,99.5322579113584
random,2,2,14250,93.58999999999999,71250,99.53229180513674
random,2,2,14251,93.58999999999999,71255,99.53232569400339
random,2,2,14252,93.58999999999999,71260,99.5323595779594
random,2,2,14253,93.58999999999999,71265,99.53239345700582
random,2,2,14254,93.58999999999999,71270,99.53242733114377
random,2,2,14255,93.58999999999999,71275,99.53246120037427
random,2,2,14256,93.58999999999999,71280,99.53249506469841
random,2,2,14257,93.58999999999999,71285,99.53252892411724
random,2,2,14258,93.58999999999999,71290,99.53256277863184
random,2,2,14259,93.58999999999999,71295,99.53259662824327
random,2,2,14260,93.58999999999999,71300,99.53263047295259
random,2,2,14261,93.58999999999999,71305,99.53266431276087
random,2,2,14262,93.58999999999999,71310,99.53269814766918
random,2,2,14263,93.58999999999999,71315,99.53273197767858
random,2,2,14264,93.58999999999999,71320,99.53276580279012
random,2,2,14265,93.58999999999999,71325,99.53279962300489
random,2,2,14266,93.58999999999999,71330,99.53283343832393
random,2,2,14267,93.58999999999999,71335,99.53286724874832
random,2,2,14268,93.58999999999999,71340,99.5329010542791
random,2,2,14269,93.58999999999999,71345,99.53293485491736
random,2,2,14270,93.58999999999999,71350,99.53296865066415
random,2,2,14271,93.58999999999999,71355,99.53300244152052
random,2,2,14272,93.58999999999999,71360,99.53303622748754
random,2,2,14273,93.58999999999999,71365,99.53307000856628
random,2,2,14274,93.58999999999999,71370,99.5331037847578
random,2,2,14275,93.58999999999999,71375,99.53313755606315
random,2,2,14276,93.58999999999999,71380,99.5331713224834
random,2,2,14277,93.58999999999999,71385,99.5332050840196
random,2,2,14278,93.58999999999999,71390,99.53323884067281
random,2,2,14279,93.58999999999999,71395,99.53327259244409
random,2,2,14280,93.58999999999999,71400,99.53330633933452
random,2,2,14281,93.58999999999999,71405,99.53334008134512
random,2,2,14282,93.58999999999999,71410,99.53337381847697
random,2,2,14283,93.58999999999999,71415,99.53340755073114
random,2,2,14284,93.58999999999999,71420,99.53344127810868
random,2,2,14285,93.58999999999999,71425,99.53347500061064
random,2,2,14286,93.58999999999999,71430,99.53350871823807
random,2,2,14287,93.58999999999999,71435,99.53354243099204
random,2,2,14288,93.58999999999999,71440,99.5335761388736
random,2,2,14289,93.58999999999999,71445,99.53360984188382
random,2,2,14290,93.58999999999999,71450,99.53364354002375
random,2,2,14291,93.58999999999999,71455,99.53367723329441
random,2,2,14292,93.60000000000001,71460,99.53366109916477
random,2,2,14293,93.60000000000001,71465,99.5336947862992
random,2,2,14294,93.60000000000001,71470,99.53372846856702
random,2,2,14295,93.60000000000001,71475,99.5337621459693
random,2,2,14296,93.60000000000001,71480,99.53379581850712
random,2,2,14297,93.60000000000001,71485,99.53382948618147
random,2,2,14298,93.60000000000001,71490,99.53386314899348
random,2,2,14299,93.60000000000001,71495,99.53389680694414
random,2,2,14300,93.60000000000001,71500,99.53393046003454
random,2,2,14301,93.60000000000001,71505,99.53396410826572
random,2,2,14302,93.60000000000001,71510,99.53399775163872
random,2,2,14303,93.60000000000001,71515,99.53403139015462
random,2,2,14304,93.60000000000001,71520,99.53406502381445
random,2,2,14305,93.60000000000001,71525,99.53409865261928
random,2,2,14306,93.60000000000001,71530,99.53413227657015
random,2,2,14307,93.60000000000001,71535,99.5341658956681
random,2,2,14308,93.60000000000001,71540,99.53419950991419
random,2,2,14309,93.60000000000001,71545,99.53423311930946
random,2,2,14310,93.60000000000001,71550,99.534266723855
random,2,2,14311,93.60000000000001,71555,99.53430032355182
random,2,2,14312,93.60000000000001,71560,99.53433391840097
random,2,2,14313,93.60000000000001,71565,99.53436750840352
random,2,2,14314,93.60000000000001,71570,99.5344010935605
random,2,2,14315,93.60000000000001,71575,99.53443467387298
random,2,2,14316,93.60000000000001,71580,99.53446824934198
random,2,2,14317,93.60000000000001,71585,99.53450181996858
random,2,2,14318,93.60000000000001,71590,99.5345353857538
random,2,2,14319,93.60000000000001,71595,99.5345689466987
random,2,2,14320,93.60000000000001,71600,99.53460250280432
random,2,2,14321,93.60000000000001,71605,99.53463605407171
random,2,2,14322,93.60000000000001,71610,99.53466960050193
random,2,2,14323,93.60000000000001,71615,99.53470314209599
random,2,2,14324,93.60000000000001,71620,99.53473667885497
random,2,2,14325,93.60000000000001,71625,99.53477021077991
random,2,2,14326,93.60000000000001,71630,99.53480373787184
random,2,2,14327,93.60000000000001,71635,99.53483726013182
random,2,2,14328,93.60000000000001,71640,99.5348707775609
random,2,2,14329,93.60000000000001,71645,99.5349042901601
random,2,2,14330,93.60000000000001,71650,99.53493779793048
random,2,2,14331,93.60000000000001,71655,99.53497130087308
random,2,2,14332,93.60000000000001,71660,99.53500479898894
random,2,2,14333,93.60000000000001,71665,99.5350382922791
random,2,2,14334,93.60000000000001,71670,99.53507178074462
random,2,2,14335,93.60000000000001,71675,99.53510526438653
random,2,2,14336,93.60000000000001,71680,99.53513874320588
random,2,2,14337,93.60000000000001,71685,99.5351722172037
random,2,2,14338,93.60000000000001,71690,99.53520568638103
random,2,2,14339,93.60000000000001,71695,99.53523915073893
random,2,2,14340,93.60000000000001,71700,99.53527261027843
random,2,2,14341,93.60000000000001,71705,99.53530606500055
random,2,2,14342,93.60000000000001,71710,99.53533951490637
random,2,2,14343,93.60000000000001,71715,99.5353729599969
random,2,2,14344,93.60000000000001,71720,99.5354064002732
random,2,2,14345,93.60000000000001,71725,99.5354398357363
random,2,2,14346,93.60000000000001,71730,99.53547326638721
random,2,2,14347,93.60000000000001,71735,99.53550669222703
random,2,2,14348,93.60000000000001,71740,99.53554011325676
random,2,2,14349,93.60000000000001,71745,99.53557352947743
random,2,2,14350,93.60000000000001,71750,99.5356069408901
random,2,2,14351,93.60000000000001,71755,99.5356403474958
random,2,2,14352,93.60000000000001,71760,99.53567374929557
random,2,2,14353,93.60000000000001,71765,99.53570714629045
random,2,2,14354,93.60000000000001,71770,99.53574053848145
random,2,2,14355,93.60000000000001,71775,99.53577392586965
random,2,2,14356,93.60000000000001,71780,99.53580730845604
random,2,2,14357,93.60000000000001,71785,99.5358406862417
random,2,2,14358,93.60000000000001,71790,99.53587405922762
random,2,2,14359,93.60000000000001,71795,99.53590742741488
random,2,2,14360,93.60000000000001,71800,99.53594079080449
random,2,2,14361,93.60000000000001,71805,99.53597414939749
random,2,2,14362,93.60000000000001,71810,99.5360075031949
random,2,2,14363,93.60000000000001,71815,99.53604085219779
random,2,2,14364,93.60000000000001,71820,99.53607419640716
random,2,2,14365,93.60000000000001,71825,99.53610753582404
random,2,2,14366,93.60000000000001,71830,99.5361408704495
random,2,2,14367,93.60000000000001,71835,99.53617420028455
random,2,2,14368,93.60000000000001,71840,99.5362075253302
random,2,2,14369,93.60000000000001,71845,99.53624084558751
random,2,2,14370,93.60000000000001,71850,99.53627416105753
random,2,2,14371,93.60000000000001,71855,99.53630747174125
random,2,2,14372,93.60000000000001,71860,99.53634077763974
random,2,2,14373,93.60000000000001,71865,99.536374078754
random,2,2,14374,93.60000000000001,71870,99.53640737508506
random,2,2,14375,93.60000000000001,71875,99.53644066663398
random,2,2,14376,93.60000000000001,71880,99.53647395340177
random,2,2,14377,93.60000000000001,71885,99.53650723538946
random,2,2,14378,93.60000000000001,71890,99.53654051259808
random,2,2,14379,93.60000000000001,71895,99.53657378502866
random,2,2,14380,93.60000000000001,71900,99.53660705268223
random,2,2,14381,93.60000000000001,71905,99.53664031555982
random,2,2,14382,93.60000000000001,71910,99.53667357366247
random,2,2,14383,93.60000000000001,71915,99.53670682699118
random,2,2,14384,93.60000000000001,71920,99.536740075547
random,2,2,14385,93.60000000000001,71925,99.53677331933095
random,2,2,14386,93.60000000000001,71930,99.53680655834405
random,2,2,14387,93.60000000000001,71935,99.53683979258736
random,2,2,14388,93.60000000000001,71940,99.53687302206187
random,2,2,14389,93.60000000000001,71945,99.53690624676861
random,2,2,14390,93.60000000000001,71950,99.53693946670862
random,2,2,14391,93.60000000000001,71955,99.53697268188292
random,2,2,14392,93.60000000000001,71960,99.53700589229253
random,2,2,14393,93.60000000000001,71965,99.53703909793849
random,2,2,14394,93.60000000000001,71970,99.53707229882181
random,2,2,14395,93.60000000000001,71975,99.53710549494352
random,2,2,14396,93.60000000000001,71980,99.53713868630464
random,2,2,14397,93.60000000000001,71985,99.5371718729062
random,2,2,14398,93.60000000000001,71990,99.53720505474924
random,2,2,14399,93.60000000000001,71995,99.53723823183475
random,2,2,14400,93.60000000000001,72000,99.53727140416376
random,2,2,14401,93.60000000000001,72005,99.53730457173732
random,2,2,14402,93.60000000000001,72010,99.53733773455642
random,2,2,14403,93.60000000000001,72015,99.5373708926221
random,2,2,14404,93.60000000000001,72020,99.53740404593539
random,2,2,14405,93.60000000000001,72025,99.53743719449729
random,2,2,14406,93.60000000000001,72030,99.53747033830882
random,2,2,14407,93.60000000000001,72035,99.53750347737102
random,2,2,14408,93.60000000000001,72040,99.53753661168491
random,2,2,14409,93.60000000000001,72045,99.5375697412515
random,2,2,14410,93.60000000000001,72050,99.53760286607181
random,2,2,14411,93.60000000000001,72055,99.53763598614687
random,2,2,14412,93.60000000000001,72060,99.53766910147768
random,2,2,14413,93.60000000000001,72065,99.53770221206528
random,2,2,14414,93.60000000000001,72070,99.53773531791069
random,2,2,14415,93.60000000000001,72075,99.53776841901491
random,2,2,14416,93.60000000000001,72080,99.53780151537896
random,2,2,14417,93.60000000000001,72085,99.53783460700389
random,2,2,14418,93.60000000000001,72090,99.53786769389068
random,2,2,14419,93.60000000000001,72095,99.53790077604036
random,2,2,14420,93.60000000000001,72100,99.53793385345394
random,2,2,14421,93.60000000000001,72105,99.53796692613246
random,2,2,14422,93.60000000000001,72110,99.53799999407693
random,2,2,14423,93.60000000000001,72115,99.53803305728835
random,2,2,14424,93.60000000000001,72120,99.53806611576775
random,2,2,14425,93.60000000000001,72125,99.53809916951613
random,2,2,14426,93.60000000000001,72130,99.53813221853451
random,2,2,14427,93.60000000000001,72135,99.53816526282392
random,2,2,14428,93.60000000000001,72140,99.53819830238538
random,2,2,14429,93.60000000000001,72145,99.53823133721988
random,2,2,14430,93.60000000000001,72150,99.53826436732845
random,2,2,14431,93.60000000000001,72155,99.53829739271211
random,2,2,14432,93.60000000000001,72160,99.53833041337184
random,2,2,14433,93.60000000000001,72165,99.5383634293087
random,2,2,14434,93.60000000000001,72170,99.53839644052367
random,2,2,14435,93.60000000000001,72175,99.53842944701776
random,2,2,14436,93.60000000000001,72180,99.538462448792
random,2,2,14437,93.60000000000001,72185,99.53849544584742
random,2,2,14438,93.60000000000001,72190,99.538528438185
random,2,2,14439,93.60000000000001,72195,99.53856142580577
random,2,2,14440,93.60000000000001,72200,99.53859440871071
random,2,2,14441,93.60000000000001,72205,99.53862738690086
random,2,2,14442,93.60000000000001,72210,99.53866036037724
random,2,2,14443,93.60000000000001,72215,99.53869332914083
random,2,2,14444,93.60000000000001,72220,99.53872629319267
random,2,2,14445,93.60000000000001,72225,99.53875925253375
random,2,2,14446,93.60000000000001,72230,99.53879220716509
random,2,2,14447,93.60000000000001,72235,99.53882515708769
random,2,2,14448,93.60000000000001,72240,99.53885810230256
random,2,2,14449,93.60000000000001,72245,99.53889104281072
random,2,2,14450,93.60000000000001,72250,99.53892397861317
random,2,2,14451,93.60000000000001,72255,99.53895690971092
random,2,2,14452,93.60000000000001,72260,99.53898983610497
random,2,2,14453,93.60000000000001,72265,99.53902275779635
random,2,2,14454,93.60000000000001,72270,99.53905567478604
random,2,2,14455,93.60000000000001,72275,99.53908858707507
random,2,2,14456,93.60000000000001,72280,99.53912149466444
random,2,2,14457,93.60000000000001,72285,99.53915439755515
random,2,2,14458,93.60000000000001,72290,99.5391872957482
random,2,2,14459,93.60000000000001,72295,99.53922018924463
random,2,2,14460,93.60000000000001,72300,99.5392530780454
random,2,2,14461,93.60000000000001,72305,99.53928596215155
random,2,2,14462,93.60000000000001,72310,99.53931884156407
random,2,2,14463,93.60000000000001,72315,99.53935171628396
random,2,2,14464,93.60000000000001,72320,99.53938458631224
random,2,2,14465,93.60000000000001,72325,99.5394174516499
random,2,2,14466,93.60000000000001,72330,99.53945031229796
random,2,2,14467,93.60000000000001,72335,99.5394831682574
random,2,2,14468,93.60000000000001,72340,99.53951601952924
random,2,2,14469,93.60000000000001,72345,99.53954886611449
random,2,2,14470,93.60000000000001,72350,99.53958170801414
random,2,2,14471,93.60000000000001,72355,99.53961454522918
random,2,2,14472,93.60000000000001,72360,99.53964737776064
random,2,2,14473,93.60000000000001,72365,99.5396802056095
random,2,2,14474,93.60000000000001,72370,99.53971302877679
random,2,2,14475,93.60000000000001,72375,99.53974584726349
random,2,2,14476,93.60000000000001,72380,99.53977866107059
random,2,2,14477,93.60000000000001,72385,99.5398114701991
random,2,2,14478,93.60000000000001,72390,99.53984427465004
random,2,2,14479,93.60000000000001,72395,99.53987707442438
random,2,2,14480,93.60000000000001,72400,99.53990986952316
random,2,2,14481,93.60000000000001,72405,99.53994265994734
random,2,2,14482,93.60000000000001,72410,99.53997544569793
random,2,2,14483,93.60000000000001,72415,99.54000822677594
random,2,2,14484,93.60000000000001,72420,99.54004100318237
random,2,2,14485,93.60000000000001,72425,99.5400737749182
random,2,2,14486,93.60000000000001,72430,99.54010654198444
random,2,2,14487,93.60000000000001,72435,99.5401393043821
random,2,2,14488,93.60000000000001,72440,99.54017206211215
random,2,2,14489,93.60000000000001,72445,99.5402048151756
random,2,2,14490,93.60000000000001,72450,99.54023756357346
random,2,2,14491,93.60000000000001,72455,99.54027030730671
random,2,2,14492,93.60000000000001,72460,99.54030304637635
random,2,2,14493,93.60000000000001,72465,99.54033578078338
random,2,2,14494,93.60000000000001,72470,99.5403685105288
random,2,2,14495,93.60000000000001,72475,99.5404012356136
random,2,2,14496,93.60000000000001,72480,99.54043395603878
random,2,2,14497,93.60000000000001,72485,99.54046667180533
random,2,2,14498,93.60000000000001,72490,99.54049938291423
random,2,2,14499,93.60000000000001,72495,99.54053208936651
random,2,2,14500,93.60000000000001,72500,99.54056479116313
random,2,2,14501,93.60000000000001,72505,99.54059748830511
random,2,2,14502,93.60000000000001,72510,99.54063018079343
random,2,2,14503,93.60000000000001,72515,99.5406628686291
random,2,2,14504,93.60000000000001,72520,99.54069555181307
random,2,2,14505,93.60000000000001,72525,99.54072823034639
random,2,2,14506,93.60000000000001,72530,99.54076090423001
random,2,2,14507,93.60000000000001,72535,99.54079357346494
random,2,2,14508,93.60000000000001,72540,99.54082623805216
random,2,2,14509,93.60000000000001,72545,99.54085889799268
random,2,2,14510,93.60000000000001,72550,99.54089155328748
random,2,2,14511,93.60000000000001,72555,99.54092420393755
random,2,2,14512,93.60000000000001,72560,99.5409568499439
random,2,2,14513,93.60000000000001,72565,99.54098949130749
random,2,2,14514,93.60000000000001,72570,99.54102212802934
random,2,2,14515,93.60000000000001,72575,99.5410547601104
random,2,2,14516,93.60000000000001,72580,99.5410873875517
random,2,2,14517,93.60000000000001,72585,99.54111978538526
random,2,2,14518,93.60000000000001,72590,99.54115105395543
random,2,2,14519,93.60000000000001,72595,99.54118231826457
random,2,2,14520,93.60000000000001,72600,99.54121357831352
random,2,2,14521,93.60000000000001,72605,99.54124483410315
random,2,2,14522,93.60000000000001,72610,99.54127496155238
random,2,2,14523,93.60000000000001,72615,99.54130508504478
random,2,2,14524,93.60000000000001,72620,99.54133520458116
random,2,2,14525,93.60000000000001,72625,99.54136644380146
random,2,2,14526,93.60000000000001,72630,99.54139767876671
random,2,2,14527,93.60000000000001,72635,99.54142778614465
random,2,2,14528,93.60000000000001,72640,99.54145788956974
random,2,2,14529,93.60000000000001,72645,99.54148798904274
random,2,2,14530,93.60000000000001,72650,99.54151920745521
random,2,2,14531,93.60000000000001,72655,99.54155042161688
random,2,2,14532,93.60000000000001,72660,99.54158163152862
random,2,2,14533,93.60000000000001,72665,99.54161171475907
random,2,2,14534,93.60000000000001,72670,99.54164179404145
random,2,2,14535,93.60000000000001,72675,99.54167299151409
random,2,2,14536,93.60000000000001,72680,99.54170418474023
random,2,2,14537,93.60000000000001,72685,99.54173537372067
random,2,2,14538,93.60000000000001,72690,99.54176655845635
random,2,2,14539,93.60000000000001,72695,99.54179773894806
random,2,2,14540,93.60000000000001,72700,99.54182891519675
random,2,2,14541,93.60000000000001,72705,99.54186008720322
random,2,2,14542,93.60000000000001,72710,99.54189103075497
random,2,2,14543,93.60000000000001,72715,99.54192084920828
random,2,2,14544,93.60000000000001,72720,99.54195066378004
random,2,2,14545,93.60000000000001,72725,99.54198047447103
random,2,2,14546,93.60000000000001,72730,99.54201028128202
random,2,2,14547,93.60000000000001,72735,99.54204008421374
random,2,2,14548,93.60000000000001,72740,99.54206988326696
random,2,2,14549,93.60000000000001,72745,99.5420985583932
random,2,2,14550,93.60000000000001,72750,99.54212722992844
random,2,2,14551,93.60000000000001,72755,99.54215589787337
random,2,2,14552,93.60000000000001,72760,99.54218456222867
random,2,2,14553,93.60000000000001,72765,99.54221434248333
random,2,2,14554,93.60000000000001,72770,99.54224411886395
random,2,2,14555,93.60000000000001,72775,99.54227389137122
random,2,2,14556,93.60000000000001,72780,99.54230366000594
random,2,2,14557,93.60000000000001,72785,99.5423336485494
random,2,2,14558,93.60000000000001,72790,99.54236452816609
random,2,2,14559,93.60000000000001,72795,99.542395627336
random,2,2,14560,93.60000000000001,72800,99.54242560382954
random,2,2,14561,93.60000000000001,72805,99.54245535273466
random,2,2,14562,93.60000000000001,72810,99.54248621593086
random,2,2,14563,93.60000000000001,72815,99.54251685136245
random,2,2,14564,93.60000000000001,72820,99.54254860054571
random,2,2,14565,93.60000000000001,72825,99.54257945116376
random,2,2,14566,93.60000000000001,72830,99.54260918006833
random,2,2,14567,93.60000000000001,72835,99.54264002251618
random,2,2,14568,93.60000000000001,72840,99.54266974354815
random,2,2,14569,93.60000000000001,72845,99.5427005778291
random,2,2,14570,93.60000000000001,72850,99.54273140795247
random,2,2,14571,93.60000000000001,72855,99.54276335072396
random,2,2,14572,93.60000000000001,72860,99.5427955123621
random,2,2,14573,93.60000000000001,72865,99.5428278927736
random,2,2,14574,93.60000000000001,72870,99.54285982206697
random,2,2,14575,93.60000000000001,72875,99.54289219337028
random,2,2,14576,93.60000000000001,72880,99.5429245600893
random,2,2,14577,93.60000000000001,72885,99.54295669905359
random,2,2,14578,93.60000000000001,72890,99.54298883349853
random,2,2,14579,93.60000000000001,72895,99.54302096342508
random,2,2,14580,93.60000000000001,72900,99.54305308883418
random,2,2,14581,93.60000000000001,72905,99.54308520972683
random,2,2,14582,93.60000000000001,72910,99.54311732610391
random,2,2,14583,93.60000000000001,72915,99.54314943796643
random,2,2,14584,93.60000000000001,72920,99.54318176826725
random,2,2,14585,93.60000000000001,72925,99.54321409399249
random,2,2,14586,93.60000000000001,72930,99.54324641514314
random,2,2,14587,93.60000000000001,72935,99.54327873172018
random,2,2,14588,93.60000000000001,72940,99.54331104372454
random,2,2,14589,93.60000000000001,72945,99.54334335115725
random,2,2,14590,93.60000000000001,72950,99.54337565401926
random,2,2,14591,93.60000000000001,72955,99.5434079523115
random,2,2,14592,93.60000000000001,72960,99.54344024603498
random,2,2,14593,93.60000000000001,72965,99.54347253519066
random,2,2,14594,93.60000000000001,72970,99.5435048197795
random,2,2,14595,93.60000000000001,72975,99.54353709980249
random,2,2,14596,93.60000000000001,72980,99.54356937526059
random,2,2,14597,93.60000000000001,72985,99.54360164615474
random,2,2,14598,93.60000000000001,72990,99.54363391248594
random,2,2,14599,93.60000000000001,72995,99.54366617425516
random,2,2,14600,93.60000000000001,73000,99.54369843146335
random,2,2,14601,93.60000000000001,73005,99.5437306841115
random,2,2,14602,93.60000000000001,73010,99.54376270981552
random,2,2,14603,93.60000000000001,73015,99.54379473102411
random,2,2,14604,93.60000000000001,73020,99.54382674773814
random,2,2,14605,93.60000000000001,73025,99.5438587599586
random,2,2,14606,93.60000000000001,73030,99.54389098994659
random,2,2,14607,93.60000000000001,73035,99.54392321538032
random,2,2,14608,93.60000000000001,73040,99.54395521406333
random,2,2,14609,93.61,73045,99.5439384889412
random,2,2,14610,93.63,73050,99.54387305026799
random,2,2,14611,93.63,73055,99.54390504573615
random,2,2,14612,93.63,73060,99.5439372588598
random,2,2,14613,93.63,73065,99.54396946743348
random,2,2,14614,93.63,73070,99.54400167145815
random,2,2,14615,93.63,73075,99.54403387093475
random,2,2,14616,93.63,73080,99.54406606586427
random,2,2,14617,93.63,73085,99.54409825624765
random,2,2,14618,93.63,73090,99.54413044208586
random,2,2,14619,93.63,73095,99.54416262337989
random,2,2,14620,93.63,73100,99.54419480013065
random,2,2,14621,93.63,73105,99.54422697233916
random,2,2,14622,93.63,73110,99.54425914000635
random,2,2,14623,93.64,73115,99.54424263190631
random,2,2,14624,93.64,73120,99.5442747939284
random,2,2,14625,93.64,73125,99.54430695141156
random,2,2,14626,93.64,73130,99.54433910435677
random,2,2,14627,93.64,73135,99.54437125276496
random,2,2,14628,93.65,73140,99.54435474257868
random,2,2,14629,93.65,73145,99.54438688534799
random,2,2,14630,93.65,73150,99.54441902358269
random,2,2,14631,93.65,73155,99.54445115728377
random,2,2,14632,93.65,73160,99.54448328645216
random,2,2,14633,93.65,73165,99.54451541108882
random,2,2,14634,93.67999999999999,73170,99.54440140920418
random,2,2,14635,93.69,73175,99.54438357563335
random,2,2,14636,93.69,73180,99.54441437139492
random,2,2,14637,93.69,73185,99.54444627052763
random,2,2,14638,93.69,73190,99.5444770578148
random,2,2,14639,93.69,73195,99.54450784094091
random,2,2,14640,93.69,73200,99.5445386199068
random,2,2,14641,93.69,73205,99.54456939471333
random,2,2,14642,93.69,73210,99.54460016536132
random,2,2,14643,93.69,73215,99.54463093185163
random,2,2,14644,93.69,73220,99.5446616941851
random,2,2,14645,93.69,73225,99.54469134602533
random,2,2,14646,93.69,73230,99.54472099400397
random,2,2,14647,93.69,73235,99.5447506381217
random,2,2,14648,93.69,73240,99.54478027837932
random,2,2,14649,93.69,73245,99.54481102053865
random,2,2,14650,93.69,73250,99.54484175854606
random,2,2,14651,93.71000000000001,73255,99.54477533635423
random,2,2,14652,93.71000000000001,73260,99.54480607262022
random,2,2,14653,93.71000000000001,73265,99.54483680473591
random,2,2,14654,93.71000000000001,73270,99.54486863794739
random,2,2,14655,93.71000000000001,73275,99.5449004667065
random,2,2,14656,93.71000000000001,73280,99.54493118607803
random,2,2,14657,93.72,73285,99.54491444809223
random,2,2,14658,93.73,73290,99.54489660757882
random,2,2,14659,93.73,73295,99.54492732091678
random,2,2,14660,93.73,73300,99.54495803010957
random,2,2,14661,93.74,73305,99.54494129480561
random,2,2,14662,93.74,73310,99.5449731032213
random,2,2,14663,93.74,73315,99.54500490719052
random,2,2,14664,93.74,73320,99.54503670671417
random,2,2,14665,93.75,73325,99.54501997059009
random,2,2,14666,93.75,73330,99.54505176461682
random,2,2,14667,93.75,73335,99.54508245046979
random,2,2,14668,93.75,73340,99.54511313218357
random,2,2,14669,93.75,73345,99.54514270632085
random,2,2,14670,93.75,73350,99.54517227661287
random,2,2,14671,93.76,73355,99.54515333125703
random,2,2,14672,93.76,73360,99.54518400013971
random,2,2,14673,93.76,73365,99.54521466488686
random,2,2,14674,93.76,73370,99.54524422267124
random,2,2,14675,93.78,73375,99.54517788161918
random,2,2,14676,93.78,73380,99.5452085406519
random,2,2,14677,93.78,73385,99.5452391955515
random,2,2,14678,93.78,73390,99.54526984631886
random,2,2,14679,93.78,73395,99.54530159527478
random,2,2,14680,93.78,73400,99.5453335602302
random,2,2,14681,93.78,73405,99.54536552069173
random,2,2,14682,93.78,73410,99.5453974766603
random,2,2,14683,93.78,73415,99.54542942813684
random,2,2,14684,93.78,73420,99.54546137512233
random,2,2,14685,93.78,73425,99.54549331761768
random,2,2,14686,93.78,73430,99.54552525562387
random,2,2,14687,93.78,73435,99.54555718914183
random,2,2,14688,93.78,73440,99.5455891181725
random,2,2,14689,93.78999999999999,73445,99.54557259113258
random,2,2,14690,93.8,73450,99.5455560664147
random,2,2,14691,93.8,73455,99.54558798879569
random,2,2,14692,93.81,73460,99.54557146531768
random,2,2,14693,93.81,73465,99.54560338213298
random,2,2,14694,93.81,73470,99.54563529446524
random,2,2,14695,93.81,73475,99.5456672023154
random,2,2,14696,93.81,73480,99.5456991056844
random,2,2,14697,93.81,73485,99.5457310045732
random,2,2,14698,93.81,73490,99.54576289898273
random,2,2,14699,93.81,73495,99.54579478891392
random,2,2,14700,93.81,73500,99.54582667436775
random,2,2,14701,93.81,73505,99.54585855534513
random,2,2,14702,93.81,73510,99.54589043184701
random,2,2,14703,93.81,73515,99.54592230387435
random,2,2,14704,93.81,73520,99.54595417142808
random,2,2,14705,93.81,73525,99.54598603450913
random,2,2,14706,93.81,73530,99.54601789311846
random,2,2,14707,93.81,73535,99.54604974725699
random,2,2,14708,93.81,73540,99.54608159692569
random,2,2,14709,93.81,73545,99.54611344212547
random,2,2,14710,93.81,73550,99.5461452828573
random,2,2,14711,93.81,73555,99.54617711912209
random,2,2,14712,93.81,73560,99.54620895092081
random,2,2,14713,93.81,73565,99.54624077825439
random,2,2,14714,93.81,73570,99.54627260112375
random,2,2,14715,93.81,73575,99.54630441952985
random,2,2,14716,93.81,73580,99.54633623347362
random,2,2,14717,93.81,73585,99.54636804295602
random,2,2,14718,93.81,73590,99.54639984797795
random,2,2,14719,93.81,73595,99.54643164854036
random,2,2,14720,93.81,73600,99.54646344464422
random,2,2,14721,93.81,73605,99.54649523629044
random,2,2,14722,93.81,73610,99.54652702347995
random,2,2,14723,93.81,73615,99.54655880621371
random,2,2,14724,93.81,73620,99.54659058449263
random,2,2,14725,93.81,73625,99.54662235831768
random,2,2,14726,93.81,73630,99.54665412768976
random,2,2,14727,93.81,73635,99.54668589260983
random,2,2,14728,93.81,73640,99.54671765307883
random,2,2,14729,93.81,73645,99.54674940909767
random,2,2,14730,93.81,73650,99.54678116066731
random,2,2,14731,93.81,73655,99.54681290778868
random,2,2,14732,93.81,73660,99.5468446504627
random,2,2,14733,93.81,73665,99.54687638869031
random,2,2,14734,93.81,73670,99.54690812247246
random,2,2,14735,93.81,73675,99.54693985181007
random,2,2,14736,93.81,73680,99.54697157670407
random,2,2,14737,93.81,73685,99.54700329715541
random,2,2,14738,93.81,73690,99.54703501316502
random,2,2,14739,93.81,73695,99.5470667247338
random,2,2,14740,93.81,73700,99.54709843186272
random,2,2,14741,93.81,73705,99.5471301345527
random,2,2,14742,93.81,73710,99.54716183280468
random,2,2,14743,93.81,73715,99.54719352661957
random,2,2,14744,93.81,73720,99.54722521599834
random,2,2,14745,93.81,73725,99.54725690094187
random,2,2,14746,93.81,73730,99.54728858145114
random,2,2,14747,93.81,73735,99.54732025752705
random,2,2,14748,93.81,73740,99.54735192917053
random,2,2,14749,93.81,73745,99.54738359638255
random,2,2,14750,93.81,73750,99.54741525916398
random,2,2,14751,93.81,73755,99.54744691751579
random,2,2,14752,93.81,73760,99.5474785714389
random,2,2,14753,93.81,73765,99.54751022093424
random,2,2,14754,93.81,73770,99.54754186600275
random,2,2,14755,93.81,73775,99.54757350664532
random,2,2,14756,93.81,73780,99.54760514286292
random,2,2,14757,93.81,73785,99.54763677465647
random,2,2,14758,93.81,73790,99.54766840202689
random,2,2,14759,93.81,73795,99.5477000249751
random,2,2,14760,93.81,73800,99.54773164350203
random,2,2,14761,93.81,73805,99.54776325760862
random,2,2,14762,93.81,73810,99.5477948672958
random,2,2,14763,93.81,73815,99.54782647256447
random,2,2,14764,93.81,73820,99.54785807341558
random,2,2,14765,93.81,73825,99.54788966985005
random,2,2,14766,93.81,73830,99.54792126186881
random,2,2,14767,93.81,73835,99.54795284947278
random,2,2,14768,93.81,73840,99.54798443266289
random,2,2,14769,93.81,73845,99.54801601144004
random,2,2,14770,93.81,73850,99.5480475858052
random,2,2,14771,93.81,73855,99.54807915575927
random,2,2,14772,93.81,73860,99.54811072130315
random,2,2,14773,93.81,73865,99.5481422824378
random,2,2,14774,93.81,73870,99.54817383916415
random,2,2,14775,93.81,73875,99.5482053914831
random,2,2,14776,93.81,73880,99.54823693939557
random,2,2,14777,93.81,73885,99.54826848290249
random,2,2,14778,93.81,73890,99.54830002200478
random,2,2,14779,93.81,73895,99.54833155670339
random,2,2,14780,93.81,73900,99.5483630869992
random,2,2,14781,93.81,73905,99.54839461289316
random,2,2,14782,93.81,73910,99.54842613438619
random,2,2,14783,93.81,73915,99.5484576514792
random,2,2,14784,93.81,73920,99.54848916417312
random,2,2,14785,93.81,73925,99.54852067246885
random,2,2,14786,93.81,73930,99.54855217636734
random,2,2,14787,93.81,73935,99.54858367586951
random,2,2,14788,93.81,73940,99.54861517097626
random,2,2,14789,93.81,73945,99.54864666168851
random,2,2,14790,93.81,73950,99.54867814800721
random,2,2,14791,93.81,73955,99.54870962993324
random,2,2,14792,93.81,73960,99.54874110746755
random,2,2,14793,93.81,73965,99.54877258061103
random,2,2,14794,93.81,73970,99.54880404936462
random,2,2,14795,93.81,73975,99.54883551372923
random,2,2,14796,93.81,73980,99.54886697370578
random,2,2,14797,93.81,73985,99.5488984292952
random,2,2,14798,93.81,73990,99.54892988049839
random,2,2,14799,93.81,73995,99.54896132731628
random,2,2,14800,93.81,74000,99.54899276974977
random,2,2,14801,93.81,74005,99.5490242077998
random,2,2,14802,93.81,74010,99.54905564146726
random,2,2,14803,93.81,74015,99.54908707075309
random,2,2,14804,93.81,74020,99.5491184956582
random,2,2,14805,93.81,74025,99.5491499161835
random,2,2,14806,93.81,74030,99.54918133232992
random,2,2,14807,93.81,74035,99.54921274409834
random,2,2,14808,93.81,74040,99.54924415148972
random,2,2,14809,93.81,74045,99.54927555450493
random,2,2,14810,93.81,74050,99.54930695314494
random,2,2,14811,93.81,74055,99.54933834741061
random,2,2,14812,93.81,74060,99.54936973730287
random,2,2,14813,93.81,74065,99.54940112282266
random,2,2,14814,93.81,74070,99.54943250397086
random,2,2,14815,93.81,74075,99.5494638807484
random,2,2,14816,93.81,74080,99.5494952531562
random,2,2,14817,93.81,74085,99.54952662119516
random,2,2,14818,93.81,74090,99.54955798486618
random,2,2,14819,93.81,74095,99.54958934417022
random,2,2,14820,93.81,74100,99.54962069910812
random,2,2,14821,93.81,74105,99.54965204968086
random,2,2,14822,93.81,74110,99.5496833958893
random,2,2,14823,93.81,74115,99.54971473773439
random,2,2,14824,93.81,74120,99.54974607521703
random,2,2,14825,93.81,74125,99.54977740833812
random,2,2,14826,93.81,74130,99.54980873709857
random,2,2,14827,93.81,74135,99.54984006149931
random,2,2,14828,93.81,74140,99.54987138154122
random,2,2,14829,93.81,74145,99.54990269722524
random,2,2,14830,93.81,74150,99.54993400855227
random,2,2,14831,93.81,74155,99.54996531552321
random,2,2,14832,93.81,74160,99.54999661813896
random,2,2,14833,93.81,74165,99.55002791640045
random,2,2,14834,93.81,74170,99.55005921030859
random,2,2,14835,93.81,74175,99.55009049986427
random,2,2,14836,93.81,74180,99.55012178506841
random,2,2,14837,93.81,74185,99.55015306592192
random,2,2,14838,93.81,74190,99.55018434242571
random,2,2,14839,93.81,74195,99.55021561458067
random,2,2,14840,93.81,74200,99.55024688238771
random,2,2,14841,93.81,74205,99.55027814584776
random,2,2,14842,93.81,74210,99.5503094049617
random,2,2,14843,93.81,74215,99.55034065973044
random,2,2,14844,93.81,74220,99.5503719101549
random,2,2,14845,93.81,74225,99.55040315623597
random,2,2,14846,93.81,74230,99.55043439797458
random,2,2,14847,93.81,74235,99.55046563537161
random,2,2,14848,93.81,74240,99.55049686842797
random,2,2,14849,93.81,74245,99.55052809714458
random,2,2,14850,93.81,74250,99.55055932152233
random,2,2,14851,93.81,74255,99.55059054156212
random,2,2,14852,93.81,74260,99.55062175726485
random,2,2,14853,93.81,74265,99.55065296863145
random,2,2,14854,93.81,74270,99.55068417566281
random,2,2,14855,93.81,74275,99.55071537835983
random,2,2,14856,93.81,74280,99.5507465767234
random,2,2,14857,93.81,74285,99.55077777075444
random,2,2,14858,93.81,74290,99.55080896045385
random,2,2,14859,93.81,74295,99.55084014582253
random,2,2,14860,93.81,74300,99.5508713268614
random,2,2,14861,93.81,74305,99.55090250357134
random,2,2,14862,93.81,74310,99.55093367595325
random,2,2,14863,93.81,74315,99.55096484400802
random,2,2,14864,93.81,74320,99.55099600773659
random,2,2,14865,93.81,74325,99.55102716713984
random,2,2,14866,93.81,74330,99.55105832221867
random,2,2,14867,93.81,74335,99.55108947297397
random,2,2,14868,93.81,74340,99.55112061940665
random,2,2,14869,93.81,74345,99.55115176151762
random,2,2,14870,93.81,74350,99.55118289930776
random,2,2,14871,93.81,74355,99.55121403277798
random,2,2,14872,93.81,74360,99.55124516192917
random,2,2,14873,93.81,74365,99.55127628676225
random,2,2,14874,93.81,74370,99.55130740727809
random,2,2,14875,93.81,74375,99.55133852347761
random,2,2,14876,93.81,74380,99.5513696353617
random,2,2,14877,93.81,74385,99.55140074293125
random,2,2,14878,93.81,74390,99.55143184618717
random,2,2,14879,93.81,74395,99.55146294513035
random,2,2,14880,93.81,74400,99.5514940397617
random,2,2,14881,93.81,74405,99.5515251300821
random,2,2,14882,93.81,74410,99.55155621609244
random,2,2,14883,93.81,74415,99.55158729779365
random,2,2,14884,93.81,74420,99.55161837518659
random,2,2,14885,93.81,74425,99.55164944827217
random,2,2,14886,93.81,74430,99.5516805170513
random,2,2,14887,93.81,74435,99.55171158152484
random,2,2,14888,93.81,74440,99.55174264169372
random,2,2,14889,93.81,74445,99.55177369755882
random,2,2,14890,93.81,74450,99.55180474912102
random,2,2,14891,93.81,74455,99.55183579638125
random,2,2,14892,93.81,74460,99.55186683934036
random,2,2,14893,93.81,74465,99.55189787799928
random,2,2,14894,93.81,74470,99.5519289123589
random,2,2,14895,93.81,74475,99.5519599424201
random,2,2,14896,93.81,74480,99.55199096818377
random,2,2,14897,93.81,74485,99.55202198965081
random,2,2,14898,93.81,74490,99.5520530068221
random,2,2,14899,93.81,74495,99.55208401969855
random,2,2,14900,93.81,74500,99.55211502828107
random,2,2,14901,93.81,74505,99.5521460325705
random,2,2,14902,93.81,74510,99.55217703256777
random,2,2,14903,93.81,74515,99.55220802827375
random,2,2,14904,93.81,74520,99.55223901968935
random,2,2,14905,93.81,74525,99.55227000681546
random,2,2,14906,93.81,74530,99.55230098965295
random,2,2,14907,93.81,74535,99.55233196820274
random,2,2,14908,93.81,74540,99.55236294246568
random,2,2,14909,93.81,74545,99.5523939124427
random,2,2,14910,93.81,74550,99.55242487813466
random,2,2,14911,93.81,74555,99.55245583954246
random,2,2,14912,93.81,74560,99.55248679666701
random,2,2,14913,93.81,74565,99.55251774950916
random,2,2,14914,93.81,74570,99.55254869806981
random,2,2,14915,93.81,74575,99.55257964234988
random,2,2,14916,93.81,74580,99.55261058235023
random,2,2,14917,93.81,74585,99.55264151807174
random,2,2,14918,93.81,74590,99.55267244951531
random,2,2,14919,93.81,74595,99.55270337668183
random,2,2,14920,93.81,74600,99.5527342995722
random,2,2,14921,93.81,74605,99.55276521818726
random,2,2,14922,93.81,74610,99.55279613252794
random,2,2,14923,93.81,74615,99.55282704259511
random,2,2,14924,93.81,74620,99.55285794838967
random,2,2,14925,93.81,74625,99.55288884991249
random,2,2,14926,93.81,74630,99.55291974716447
random,2,2,14927,93.81,74635,99.55295064014648
random,2,2,14928,93.81,74640,99.55298152885939
random,2,2,14929,93.81,74645,99.55301241330413
random,2,2,14930,93.81,74650,99.55304329348155
random,2,2,14931,93.81,74655,99.55307416939256
random,2,2,14932,93.81,74660,99.55310504103801
random,2,2,14933,93.81,74665,99.55313590841882
random,2,2,14934,93.81,74670,99.55316677153586
random,2,2,14935,93.81,74675,99.55319763038999
random,2,2,14936,93.81,74680,99.55322848498213
random,2,2,14937,93.81,74685,99.55325933531314
random,2,2,14938,93.81,74690,99.5532901813839
random,2,2,14939,93.81,74695,99.55332102319531
random,2,2,14940,93.81,74700,99.55335186074824
random,2,2,14941,93.81,74705,99.55338269404358
random,2,2,14942,93.81,74710,99.5534135230822
random,2,2,14943,93.81,74715,99.553444347865
random,2,2,14944,93.81,74720,99.55347516839284
random,2,2,14945,93.81,74725,99.55350598466661
random,2,2,14946,93.81,74730,99.5535367966872
random,2,2,14947,93.81,74735,99.55356760445547
random,2,2,14948,93.81,74740,99.55359840797232
random,2,2,14949,93.81,74745,99.55362920723863
random,2,2,14950,93.81,74750,99.55366000225526
random,2,2,14951,93.81,74755,99.5536907930231
random,2,2,14952,93.81,74760,99.55372157954304
random,2,2,14953,93.81,74765,99.55375236181592
random,2,2,14954,93.81,74770,99.55378313984268
random,2,2,14955,93.81,74775,99.55381391362415
random,2,2,14956,93.83,74780,99.55374956423643
random,2,2,14957,93.83,74785,99.55378033608906
random,2,2,14958,93.83,74790,99.55381110369814
random,2,2,14959,93.83,74795,99.55384186706456
random,2,2,14960,93.83,74800,99.55387262618919
random,2,2,14961,93.87,74805,99.55371320879584
random,2,2,14962,93.88,74810,99.55369643275664
random,2,2,14963,93.88,74815,99.55372719554526
random,2,2,14964,93.88,74820,99.55375795409334
random,2,2,14965,93.88,74825,99.55378870840178
random,2,2,14966,93.88,74830,99.55381945847141
random,2,2,14967,93.88,74835,99.55385020430315
random,2,2,14968,93.88,74840,99.55388094589784
random,2,2,14969,93.88,74845,99.55391168325639
random,2,2,14970,93.88,74850,99.55394241637964
random,2,2,14971,93.88,74855,99.55397314526849
random,2,2,14972,93.88,74860,99.55400386992382
random,2,2,14973,93.88,74865,99.55403459034648
random,2,2,14974,93.88,74870,99.55406530653735
random,2,2,14975,93.88,74875,99.55409601849732
random,2,2,14976,93.88,74880,99.55412672622725
random,2,2,14977,93.88,74885,99.55415742972804
random,2,2,14978,93.88,74890,99.55418812900052
random,2,2,14979,93.88,74895,99.55421882404559
random,2,2,14980,93.88,74900,99.55424951486413
random,2,2,14981,93.88,74905,99.55428020145699
random,2,2,14982,93.88,74910,99.55431088382507
random,2,2,14983,93.88,74915,99.55434156196922
random,2,2,14984,93.88,74920,99.55437223589031
random,2,2,14985,93.88,74925,99.55440290558923
random,2,2,14986,93.88,74930,99.55443357106685
random,2,2,14987,93.88,74935,99.55446423232402
random,2,2,14988,93.88,74940,99.55449488936165
random,2,2,14989,93.88,74945,99.55452554218056
random,2,2,14990,93.88,74950,99.55455619078167
random,2,2,14991,93.88,74955,99.55458683516582
random,2,2,14992,93.88,74960,99.55461747533388
random,2,2,14993,93.88,74965,99.55464811128674
random,2,2,14994,93.88,74970,99.55467874302525
random,2,2,14995,93.88,74975,99.5547093705503
random,2,2,14996,93.88,74980,99.55473999386274
random,2,2,14997,93.88,74985,99.55477061296344
random,2,2,14998,93.88,74990,99.55480122785329
random,2,2,14999,93.88,74995,99.5548316274394
random,2,2,15000,93.88,75000,99.55486223393915
