strategy,run_id,map_seed,timestep,coverage,total_distance,sensing_redundancy,visit_overlap,num_clusters,num_active_drones,exploration_efficiency,mean_pairwise_distance,movement_efficiency,nodes_expanded
hungarian_astar_frontier,2,2,1,0.36,5,69.49152542372882,0.0,0,0,1.0,1.530056307974577,1.0,0
hungarian_astar_frontier,2,2,2,0.41000000000000003,10,82.70042194092827,12.5,3,3,0.7,1.536505818199175,0.7,2799
hungarian_astar_frontier,2,2,3,0.45999999999999996,15,87.32782369146005,38.46153846153847,3,2,0.5333333333333333,1.8398345637668172,0.5333333333333333,6787
hungarian_astar_frontier,2,2,4,0.54,20,88.9795918367347,44.44444444444444,3,2,0.5,2.457076657157208,0.5,6787
hungarian_astar_frontier,2,2,5,0.61,25,90.09740259740259,47.82608695652174,3,2,0.48,3.05395134906164,0.48,6787
hungarian_astar_frontier,2,2,6,0.7100000000000001,30,90.4312668463612,42.857142857142854,3,2,0.5333333333333333,3.5231711290083942,0.5333333333333333,6787
hungarian_astar_frontier,2,2,7,0.77,35,91.0360884749709,39.39393939393939,3,3,0.5714285714285714,4.302698781084775,0.5714285714285714,17821
hungarian_astar_frontier,2,2,8,0.8699999999999999,40,91.0860655737705,34.21052631578947,4,1,0.625,4.823330696401172,0.625,23216
hungarian_astar_frontier,2,2,9,0.98,45,91.07468123861567,30.23255813953488,2,1,0.6666666666666666,5.107220386861729,0.6666666666666666,36818
hungarian_astar_frontier,2,2,10,1.04,50,91.48239148239148,30.434782608695656,1,1,0.64,5.228123235993586,0.64,58044
hungarian_astar_frontier,2,2,11,1.15,55,91.44345238095238,27.450980392156865,3,2,0.6727272727272727,5.678048033808527,0.6727272727272727,85256
hungarian_astar_frontier,2,2,12,1.28,60,91.2747102931152,28.57142857142857,3,2,0.6666666666666666,6.344660002162023,0.6666666666666666,85256
hungarian_astar_frontier,2,2,13,1.3599999999999999,65,91.44654088050315,29.508196721311474,7,1,0.6615384615384615,6.624708767752307,0.6615384615384615,99490
hungarian_astar_frontier,2,2,14,1.48,70,91.38533178114086,28.78787878787879,6,4,0.6714285714285714,6.763298213427317,0.6714285714285714,188745
hungarian_astar_frontier,2,2,15,1.6099999999999999,75,91.27843986998917,28.169014084507044,6,4,0.68,7.190920693750637,0.68,188745
hungarian_astar_frontier,2,2,16,1.73,80,91.25821121778675,26.666666666666668,4,1,0.6875,7.155817601201406,0.6875,207848
hungarian_astar_frontier,2,2,17,1.81,85,91.45420207743153,25.64102564102564,5,2,0.6823529411764706,6.4663491441949335,0.6823529411764706,277410
hungarian_astar_frontier,2,2,18,1.91,90,91.55614500442087,24.096385542168676,5,2,0.7,6.632504657890618,0.7,277410
hungarian_astar_frontier,2,2,19,2.02,95,91.60781055255505,22.988505747126435,2,1,0.7052631578947368,6.694600084490531,0.7052631578947368,325820
hungarian_astar_frontier,2,2,20,2.12,100,91.69278996865204,22.82608695652174,2,1,0.71,7.029783823774112,0.71,397705
hungarian_astar_frontier,2,2,21,2.23,105,91.73155357804968,22.68041237113402,2,1,0.7142857142857143,7.632781853108883,0.7142857142857143,397705
hungarian_astar_frontier,2,2,22,2.33,110,91.8015482054891,23.52941176470588,6,1,0.7090909090909091,7.417918257722917,0.7090909090909091,438154
hungarian_astar_frontier,2,2,23,2.4299999999999997,115,91.86474723803147,23.58490566037736,5,1,0.7043478260869566,7.091363165745639,0.7043478260869566,508068
hungarian_astar_frontier,2,2,24,2.56,120,91.82630906768838,23.423423423423422,5,1,0.7083333333333334,6.879010459957522,0.7083333333333334,552663
hungarian_astar_frontier,2,2,25,2.67,125,91.8523039365273,23.275862068965516,4,1,0.712,6.294443267121064,0.712,633745
hungarian_astar_frontier,2,2,26,2.8000000000000003,130,91.8176504967855,22.31404958677686,6,1,0.7230769230769231,6.177379466573637,0.7230769230769231,725339
hungarian_astar_frontier,2,2,27,2.92,135,91.8138491729745,21.428571428571427,6,1,0.7333333333333333,6.055383807410928,0.7333333333333333,769366
hungarian_astar_frontier,2,2,28,3.02,140,91.86422413793103,20.610687022900763,4,1,0.7428571428571429,5.621848172992399,0.7428571428571429,834277
hungarian_astar_frontier,2,2,29,3.1199999999999997,145,91.91081151153746,19.852941176470587,6,1,0.7517241379310344,5.621848172992399,0.7517241379310344,941974
hungarian_astar_frontier,2,2,30,3.25,150,91.87906046976512,19.148936170212767,6,1,0.76,5.287363878054964,0.76,990382
hungarian_astar_frontier,2,2,31,3.37,155,91.87364359778152,18.75,6,3,0.7548387096774194,6.216139684817259,0.7548387096774194,1212682
hungarian_astar_frontier,2,2,32,3.47,160,91.91519105312209,18.91891891891892,4,1,0.75,6.733117920534485,0.75,1275197
hungarian_astar_frontier,2,2,33,3.58,165,91.93148523777327,19.607843137254903,4,1,0.7454545454545455,7.563390040102384,0.7454545454545455,1275197
hungarian_astar_frontier,2,2,34,3.6900000000000004,170,91.94674814491488,20.253164556962027,5,2,0.7411764705882353,8.430560961583087,0.7411764705882353,1521909
hungarian_astar_frontier,2,2,35,3.83,175,91.89760947746986,19.631901840490798,5,2,0.7485714285714286,9.004218929008404,0.7485714285714286,1521909
hungarian_astar_frontier,2,2,36,3.9600000000000004,180,91.87192118226602,19.16167664670659,7,1,0.75,9.072197321014736,0.75,1620733
hungarian_astar_frontier,2,2,37,4.09,185,91.8477177596173,19.298245614035086,8,1,0.745945945945946,9.32749168983803,0.745945945945946,1744100
hungarian_astar_frontier,2,2,38,4.2299999999999995,190,91.80550174351026,19.428571428571427,9,2,0.7421052631578947,9.259410624338095,0.7421052631578947,2078953
hungarian_astar_frontier,2,2,39,4.37,195,91.76559261352931,20.11173184357542,9,2,0.7333333333333333,9.34232363758609,0.7333333333333333,2078953
hungarian_astar_frontier,2,2,40,4.54,200,91.67278063096111,20.108695652173914,10,1,0.735,9.86314344138076,0.735,2272345
hungarian_astar_frontier,2,2,41,4.71,205,91.58477755940683,20.105820105820104,8,1,0.7365853658536585,9.703801828442439,0.7365853658536585,2694112
hungarian_astar_frontier,2,2,42,4.89,210,91.48380355276907,20.618556701030926,8,1,0.7333333333333333,10.248919538997251,0.7333333333333333,2694112
hungarian_astar_frontier,2,2,43,5.06,215,91.40479021572958,20.603015075376884,8,2,0.7348837209302326,10.751876412385874,0.7348837209302326,3229868
hungarian_astar_frontier,2,2,44,5.2299999999999995,220,91.32957559681698,20.588235294117645,8,2,0.7363636363636363,11.305738593969382,0.7363636363636363,3229868
hungarian_astar_frontier,2,2,45,5.42,225,91.2255140035616,20.574162679425836,9,1,0.7377777777777778,12.352101613769088,0.7377777777777778,3498989
hungarian_astar_frontier,2,2,46,5.64,230,91.07877254033534,20.5607476635514,8,3,0.7391304347826086,13.00105366262622,0.7391304347826086,4582371
hungarian_astar_frontier,2,2,47,5.8500000000000005,235,90.9540745322406,20.54794520547945,12,1,0.7404255319148936,14.02397739395434,0.7404255319148936,4860036
hungarian_astar_frontier,2,2,48,6.069999999999999,240,90.81972171808832,20.535714285714285,12,1,0.7416666666666667,15.18637326954823,0.7416666666666667,4860036
hungarian_astar_frontier,2,2,49,6.32,245,90.64673671747818,20.087336244541483,12,2,0.746938775510204,15.783778406252466,0.746938775510204,5583897
hungarian_astar_frontier,2,2,50,6.510000000000001,250,90.56658455296333,19.742489270386265,10,3,0.748,16.027581623452576,0.748,7266239
hungarian_astar_frontier,2,2,51,6.65,255,90.55397727272727,19.831223628691983,10,3,0.7450980392156863,16.40172522228666,0.7450980392156863,7266239
hungarian_astar_frontier,2,2,52,6.800000000000001,260,90.52792868087477,19.502074688796682,12,2,0.7461538461538462,16.714416979602998,0.7461538461538462,8317365
hungarian_astar_frontier,2,2,53,6.959999999999999,265,90.4892047007379,19.183673469387756,14,1,0.7471698113207547,17.10180579747093,0.7471698113207547,8826185
hungarian_astar_frontier,2,2,54,7.13,270,90.4320987654321,18.8,14,1,0.7518518518518519,17.716230748385822,0.7518518518518519,8826185
hungarian_astar_frontier,2,2,55,7.24,275,90.45610334827313,18.503937007874015,14,2,0.7527272727272727,17.54240214426293,0.7527272727272727,10339219
hungarian_astar_frontier,2,2,56,7.39,280,90.42746113989637,18.146718146718147,16,1,0.7571428571428571,17.577236713849384,0.7571428571428571,11080693
hungarian_astar_frontier,2,2,57,7.580000000000001,285,90.34886681945505,17.803030303030305,15,1,0.7614035087719299,17.660194897057696,0.7614035087719299,11748972
hungarian_astar_frontier,2,2,58,7.7700000000000005,290,90.27290936404607,17.472118959107807,12,1,0.7655172413793103,17.782077257775345,0.7655172413793103,12802301
hungarian_astar_frontier,2,2,59,7.9399999999999995,295,90.22408273824182,17.216117216117215,14,2,0.7661016949152543,17.329056147140072,0.7661016949152543,14982742
hungarian_astar_frontier,2,2,60,8.08,300,90.21317829457365,16.967509025270758,12,1,0.7666666666666667,17.213710308550723,0.7666666666666667,17081284
hungarian_astar_frontier,2,2,61,8.200000000000001,305,90.2264600715137,16.72597864768683,14,1,0.7672131147540984,17.016277203480286,0.7672131147540984,17931824
hungarian_astar_frontier,2,2,62,8.309999999999999,310,90.25105584232755,16.842105263157894,14,1,0.7645161290322581,17.273007021031816,0.7645161290322581,17931824
hungarian_astar_frontier,2,2,63,8.42,315,90.2805032898534,16.608996539792386,14,1,0.765079365079365,16.985599784797238,0.765079365079365,18752484
hungarian_astar_frontier,2,2,64,8.49,320,90.35994095605768,16.38225255972696,16,2,0.765625,16.385190143504353,0.765625,20950333
hungarian_astar_frontier,2,2,65,8.540000000000001,325,90.46023235031278,16.10738255033557,16,2,0.7692307692307693,16.39904340363706,0.7692307692307693,20950333
hungarian_astar_frontier,2,2,66,8.62,330,90.52434868638014,15.894039735099339,12,1,0.7696969696969697,17.04714532774183,0.7696969696969697,21840132
hungarian_astar_frontier,2,2,67,8.709999999999999,335,90.57563297987448,15.789473684210526,13,1,0.764179104477612,17.785866219149774,0.764179104477612,23151090
hungarian_astar_frontier,2,2,68,8.780000000000001,340,90.64663896878662,15.686274509803921,13,1,0.7588235294117647,18.094913593855388,0.7588235294117647,24151132
hungarian_astar_frontier,2,2,69,8.85,345,90.71548468317248,15.53398058252427,15,1,0.7565217391304347,17.958930088245573,0.7565217391304347,25314244
hungarian_astar_frontier,2,2,70,8.92,350,90.78226723158004,15.286624203821656,15,1,0.76,18.208335366941036,0.76,25314244
hungarian_astar_frontier,2,2,71,8.99,355,90.84707798818977,15.047021943573668,15,1,0.7633802816901408,17.951637168721806,0.7633802816901408,25314244
hungarian_astar_frontier,2,2,72,9.030000000000001,360,90.94010233771445,15.123456790123457,15,2,0.7638888888888888,17.80454815723371,0.7638888888888888,29059530
hungarian_astar_frontier,2,2,73,9.11,365,90.99090189873418,15.19756838905775,15,2,0.7643835616438356,17.749815977807067,0.7643835616438356,29059530
hungarian_astar_frontier,2,2,74,9.22,370,91.01101686653017,15.568862275449103,15,2,0.7621621621621621,17.78821686714414,0.7621621621621621,29059530
hungarian_astar_frontier,2,2,75,9.36,375,91.00173043645454,15.634218289085547,17,1,0.7626666666666667,18.16809830800089,0.7626666666666667,30770964
hungarian_astar_frontier,2,2,76,9.5,380,90.99269934578554,15.451895043731778,17,1,0.7631578947368421,18.727939149790803,0.7631578947368421,30770964
hungarian_astar_frontier,2,2,77,9.65,385,90.97456041900487,15.517241379310345,17,1,0.7636363636363637,19.020395273133378,0.7636363636363637,32315975
hungarian_astar_frontier,2,2,78,9.81,390,90.9468438538206,15.58073654390935,19,2,0.764102564102564,19.460215739094984,0.764102564102564,35764866
hungarian_astar_frontier,2,2,79,9.959999999999999,395,90.9248291571754,15.64245810055866,19,2,0.7645569620253164,19.91026642712473,0.7645569620253164,35764866
hungarian_astar_frontier,2,2,80,10.12,400,90.89026915113871,15.702479338842975,18,2,0.765,20.83588379967516,0.765,41290934
hungarian_astar_frontier,2,2,81,10.25,405,90.88321622342791,15.760869565217392,18,2,0.7654320987654321,20.899157163925008,0.7654320987654321,45013475
hungarian_astar_frontier,2,2,82,10.43,410,90.8323811198031,15.81769436997319,19,1,0.7658536585365854,21.588720977500394,0.7658536585365854,49282284
hungarian_astar_frontier,2,2,83,10.639999999999999,415,90.75666753540092,15.873015873015872,18,1,0.7662650602409639,22.330763761585157,0.7662650602409639,51588767
hungarian_astar_frontier,2,2,84,10.82,420,90.71244635193133,15.926892950391643,16,1,0.7666666666666667,22.33586426439708,0.7666666666666667,53407278
hungarian_astar_frontier,2,2,85,10.97,425,90.69471541267283,15.979381443298967,18,2,0.7670588235294118,22.945984344682316,0.7670588235294118,59056629
hungarian_astar_frontier,2,2,86,11.129999999999999,430,90.66901408450704,16.030534351145036,16,1,0.7674418604651163,23.374865236709358,0.7674418604651163,61892845
hungarian_astar_frontier,2,2,87,11.28,435,90.65219192839977,16.08040201005025,16,1,0.767816091954023,24.010197571398002,0.767816091954023,64184605
hungarian_astar_frontier,2,2,88,11.4,440,90.65956575174108,16.129032258064516,15,2,0.7681818181818182,24.954383626576924,0.7681818181818182,71300763
hungarian_astar_frontier,2,2,89,11.48,445,90.69541254660399,15.931372549019606,15,2,0.7707865168539326,25.946154288997594,0.7707865168539326,71300763
hungarian_astar_frontier,2,2,90,11.59,450,90.71016351394677,15.738498789346247,15,2,0.7733333333333333,26.301150976957757,0.7733333333333333,75538623
hungarian_astar_frontier,2,2,91,11.72,455,90.709472849782,15.550239234449762,14,2,0.7758241758241758,26.71736965746076,0.7758241758241758,80826048
hungarian_astar_frontier,2,2,92,11.81,460,90.73652835516512,15.36643026004728,16,1,0.7782608695652173,27.180110593019368,0.7782608695652173,83279339
hungarian_astar_frontier,2,2,93,11.91,465,90.75525886827603,15.186915887850466,16,1,0.7806451612903226,27.932331679719283,0.7806451612903226,83279339
hungarian_astar_frontier,2,2,94,11.98,470,90.7959434542102,15.242494226327944,14,1,0.7808510638297872,28.961573369521727,0.7808510638297872,86837854
hungarian_astar_frontier,2,2,95,12.030000000000001,475,90.85171102661597,15.36697247706422,14,2,0.7768421052631579,29.031306798151462,0.7768421052631579,94310867
hungarian_astar_frontier,2,2,96,12.11,480,90.88719993979983,15.681818181818183,14,2,0.7729166666666667,29.24053209291522,0.7729166666666667,94310867
hungarian_astar_frontier,2,2,97,12.16,485,90.94429550193625,15.80135440180587,14,2,0.7690721649484537,29.34225532012444,0.7690721649484537,94310867
hungarian_astar_frontier,2,2,98,12.27,490,90.95532950022114,15.883668903803134,14,2,0.7673469387755102,29.887664235102893,0.7673469387755102,94310867
hungarian_astar_frontier,2,2,99,12.379999999999999,495,90.96614127262114,15.929203539823009,12,1,0.7676767676767676,30.322011707497722,0.7676767676767676,97565375
hungarian_astar_frontier,2,2,100,12.53,500,90.94522329816448,15.973741794310722,12,1,0.768,30.789490311354985,0.768,102170661
hungarian_astar_frontier,2,2,101,12.68,505,90.92470655596908,16.017316017316016,15,1,0.7683168316831683,31.128490360253874,0.7683168316831683,105160147
hungarian_astar_frontier,2,2,102,12.83,510,90.90457961151284,16.059957173447536,16,1,0.7686274509803922,31.516743033372773,0.7686274509803922,109879174
hungarian_astar_frontier,2,2,103,12.97,515,90.89185393258427,16.101694915254235,15,1,0.7689320388349514,31.57828540556765,0.7689320388349514,113968609
hungarian_astar_frontier,2,2,104,13.120000000000001,520,90.87240851537499,16.142557651991616,15,1,0.7692307692307693,32.061164538702656,0.7692307692307693,113968609
hungarian_astar_frontier,2,2,105,13.270000000000001,525,90.85332230493522,16.182572614107883,19,1,0.7695238095238095,32.35902508140627,0.7695238095238095,117414902
hungarian_astar_frontier,2,2,106,13.36,530,90.87556344761644,16.255144032921812,17,1,0.7679245283018868,31.852738028753855,0.7679245283018868,120589261
hungarian_astar_frontier,2,2,107,13.43,535,90.91093665403356,16.3265306122449,17,1,0.7663551401869159,31.430034525575316,0.7663551401869159,125291762
hungarian_astar_frontier,2,2,108,13.54,540,90.92189071404626,16.227180527383368,17,2,0.7648148148148148,31.022798502146365,0.7648148148148148,133928680
hungarian_astar_frontier,2,2,109,13.69,545,90.9090909090909,16.096579476861166,17,2,0.7651376146788991,30.997762280568526,0.7651376146788991,133928680
hungarian_astar_frontier,2,2,110,13.83,550,90.9031112280471,15.968063872255488,17,2,0.7654545454545455,31.34819855335572,0.7654545454545455,133928680
hungarian_astar_frontier,2,2,111,14.000000000000002,555,90.87769596663843,15.841584158415841,15,1,0.7657657657657657,31.80551517414322,0.7657657657657657,139781942
hungarian_astar_frontier,2,2,112,14.149999999999999,560,90.8627147100607,15.686274509803921,18,3,0.7678571428571429,32.36785497505193,0.7678571428571429,153355520
hungarian_astar_frontier,2,2,113,14.299999999999999,565,90.84507042253522,15.53398058252427,18,3,0.7699115044247787,33.24269632504379,0.7699115044247787,153355520
hungarian_astar_frontier,2,2,114,14.499999999999998,570,90.79540405002223,15.384615384615385,17,1,0.7719298245614035,33.9621657715447,0.7719298245614035,159937986
hungarian_astar_frontier,2,2,115,14.649999999999999,575,90.77804356036762,15.238095238095239,17,1,0.7739130434782608,34.17164693457859,0.7739130434782608,159937986
hungarian_astar_frontier,2,2,116,14.829999999999998,580,90.74224358574193,15.09433962264151,19,1,0.7758620689655172,34.775373729098916,0.7758620689655172,164265349
hungarian_astar_frontier,2,2,117,15.02,585,90.70084200099059,14.953271028037381,22,3,0.7777777777777778,35.21975089174866,0.7777777777777778,182339016
hungarian_astar_frontier,2,2,118,15.229999999999999,590,90.64783543137857,14.814814814814813,22,3,0.7796610169491526,35.83644783703823,0.7796610169491526,182339016
hungarian_astar_frontier,2,2,119,15.47,595,90.57741503228164,14.678899082568808,22,1,0.7815126050420168,36.65447770855306,0.7815126050420168,187949390
hungarian_astar_frontier,2,2,120,15.659999999999998,600,90.53833605220228,14.545454545454545,22,3,0.7833333333333333,37.523570935448745,0.7833333333333333,208960104
hungarian_astar_frontier,2,2,121,15.840000000000002,605,90.5058738911532,14.440433212996389,22,3,0.7834710743801653,38.32438674356914,0.7834710743801653,208960104
hungarian_astar_frontier,2,2,122,16.009999999999998,610,90.47987155854194,14.336917562724013,24,2,0.7836065573770492,39.045632595011554,0.7836065573770492,225018839
hungarian_astar_frontier,2,2,123,16.189999999999998,615,90.45119433795341,14.23487544483986,22,2,0.7837398373983739,39.50829849055257,0.7837398373983739,243433003
hungarian_astar_frontier,2,2,124,16.38,620,90.41993215580769,14.310954063604239,22,2,0.782258064516129,40.111575992584235,0.782258064516129,243433003
hungarian_astar_frontier,2,2,125,16.57,625,90.38918856214838,14.36077057793345,23,1,0.7824,40.9258633853694,0.7824,253602253
hungarian_astar_frontier,2,2,126,16.73,630,90.37343920823983,14.409722222222221,26,2,0.7825396825396825,41.84996355300772,0.7825396825396825,278762570
hungarian_astar_frontier,2,2,127,16.900000000000002,635,90.34947464595706,14.285714285714285,24,1,0.784251968503937,42.914843455479314,0.784251968503937,295041825
hungarian_astar_frontier,2,2,128,17.06,640,90.33153867951262,14.334470989761092,24,1,0.784375,43.58377271052261,0.784375,295041825
hungarian_astar_frontier,2,2,129,17.22,645,90.31659450036553,14.382402707275805,28,2,0.7844961240310078,44.134560835756716,0.7844961240310078,317318185
hungarian_astar_frontier,2,2,130,17.4,650,90.29072038390716,14.429530201342283,28,1,0.7846153846153846,45.16377534922426,0.7846153846153846,328504690
hungarian_astar_frontier,2,2,131,17.599999999999998,655,90.2547065337763,14.309484193011649,32,1,0.7862595419847328,45.561298680963816,0.7862595419847328,342447402
hungarian_astar_frontier,2,2,132,17.83,660,90.20275839331832,14.19141914191419,30,2,0.7878787878787878,46.022538395849594,0.7878787878787878,372115184
hungarian_astar_frontier,2,2,133,18.029999999999998,665,90.16795724724615,14.075286415711949,30,1,0.7894736842105263,46.83261211787182,0.7894736842105263,387595006
hungarian_astar_frontier,2,2,134,18.26,670,90.11744330789631,13.96103896103896,30,1,0.7910447761194029,47.64486128160751,0.7910447761194029,387595006
hungarian_astar_frontier,2,2,135,18.5,675,90.0623119896863,13.848631239935589,30,3,0.7925925925925926,47.94850271136921,0.7925925925925926,434532964
hungarian_astar_frontier,2,2,136,18.709999999999997,680,90.02399360170621,13.76,28,2,0.7926470588235294,48.71661860509757,0.7926470588235294,469114606
hungarian_astar_frontier,2,2,137,18.96,685,89.96506827564306,13.65079365079365,28,2,0.7941605839416058,49.49910080197877,0.7941605839416058,469114606
hungarian_astar_frontier,2,2,138,19.139999999999997,690,89.94113937355476,13.700787401574804,30,3,0.7942028985507247,50.32644169385637,0.7942028985507247,539938284
hungarian_astar_frontier,2,2,139,19.37,695,89.89145183175033,13.593749999999998,32,1,0.7956834532374101,51.1115152387981,0.7956834532374101,561963716
hungarian_astar_frontier,2,2,140,19.650000000000002,700,89.81654228855722,13.488372093023257,32,1,0.7971428571428572,51.90882176741151,0.7971428571428572,561963716
hungarian_astar_frontier,2,2,141,19.85,705,89.7838394235718,13.405238828967642,36,3,0.7971631205673759,52.943348377059564,0.7971631205673759,636882408
hungarian_astar_frontier,2,2,142,20.02,710,89.766918830505,13.32312404287902,35,1,0.7971830985915493,53.44714923909078,0.7971830985915493,661330691
hungarian_astar_frontier,2,2,143,20.18,715,89.75530510711748,13.24200913242009,35,1,0.7972027972027972,54.29314123394799,0.7972027972027972,661330691
hungarian_astar_frontier,2,2,144,20.3,720,89.76608187134502,13.161875945537066,35,2,0.7972222222222223,54.29548671992403,0.7972222222222223,715467055
hungarian_astar_frontier,2,2,145,20.419999999999998,725,89.77670972263944,13.082706766917292,35,2,0.7972413793103448,54.65261171655387,0.7972413793103448,715467055
hungarian_astar_frontier,2,2,146,20.560000000000002,730,89.77724741447892,13.004484304932735,36,1,0.7972602739726027,55.29920302157139,0.7972602739726027,741472071
hungarian_astar_frontier,2,2,147,20.74,735,89.75549518399605,12.908011869436201,36,1,0.7986394557823129,55.87009056391747,0.7986394557823129,771140565
hungarian_astar_frontier,2,2,148,20.96,740,89.71187355814068,12.812960235640647,35,1,0.8,56.46156725115752,0.8,799546980
hungarian_astar_frontier,2,2,149,21.14,745,89.68830788742012,12.719298245614036,38,1,0.8013422818791947,56.423151982767955,0.8013422818791947,834864453
hungarian_astar_frontier,2,2,150,21.32,750,89.66753901327905,12.62699564586357,38,2,0.8026666666666666,56.4885598474188,0.8026666666666666,911412904
hungarian_astar_frontier,2,2,151,21.45,755,89.67111282322917,12.572254335260116,39,2,0.8013245033112583,56.08677395929944,0.8013245033112583,984802944
hungarian_astar_frontier,2,2,152,21.6,760,89.66754364984453,12.48206599713056,39,2,0.8026315789473685,55.57774530207612,0.8026315789473685,984802944
hungarian_astar_frontier,2,2,153,21.78,765,89.6527150933536,12.393162393162394,41,1,0.803921568627451,54.80097651984496,0.803921568627451,1022162218
hungarian_astar_frontier,2,2,154,21.97,770,89.63385863923752,12.322946175637393,40,1,0.8038961038961039,54.537604189561215,0.8038961038961039,1059554661
hungarian_astar_frontier,2,2,155,22.189999999999998,775,89.60119968133465,12.253521126760564,40,1,0.8038709677419354,54.01254055999125,0.8038709677419354,1059554661
hungarian_astar_frontier,2,2,156,22.38,780,89.58294544777509,12.167832167832168,39,3,0.8051282051282052,53.34100347054122,0.8051282051282052,1216368982
hungarian_astar_frontier,2,2,157,22.55,785,89.57418281011604,12.083333333333334,40,1,0.8063694267515924,52.43172319367566,0.8063694267515924,1259986314
hungarian_astar_frontier,2,2,158,22.75,790,89.55175897859833,12.0,40,1,0.8075949367088607,51.989098136983124,0.8075949367088607,1259986314
hungarian_astar_frontier,2,2,159,22.91,795,89.54788083397965,11.934156378600823,38,1,0.8075471698113208,51.68746845806059,0.8075471698113208,1312005665
hungarian_astar_frontier,2,2,160,23.11,800,89.52592458303118,11.869031377899045,41,1,0.8075,51.214827980377905,0.8075,1370934989
hungarian_astar_frontier,2,2,161,23.39,805,89.4682335989914,11.788617886178862,43,1,0.808695652173913,51.06479487279933,0.808695652173913,1421253281
hungarian_astar_frontier,2,2,162,23.69,810,89.40234409949002,11.709286675639301,46,2,0.8098765432098766,50.58468983422106,0.8098765432098766,1547981385
hungarian_astar_frontier,2,2,163,24.0,815,89.33238510089787,11.631016042780749,44,1,0.811042944785276,50.464077482099654,0.811042944785276,1609742813
hungarian_astar_frontier,2,2,164,24.26,820,89.28303220391395,11.553784860557768,48,2,0.8121951219512196,50.38651592672644,0.8121951219512196,1745369770
hungarian_astar_frontier,2,2,165,24.5,825,89.24306287319986,11.477572559366754,47,1,0.8133333333333334,50.27580575897953,0.8133333333333334,1817084047
hungarian_astar_frontier,2,2,166,24.68,830,89.22976216452105,11.41732283464567,48,2,0.8132530120481928,50.43113492544565,0.8132530120481928,1950172806
hungarian_astar_frontier,2,2,167,24.86,835,89.2166218443654,11.342894393741851,48,2,0.8143712574850299,50.01411430232217,0.8143712574850299,1950172806
hungarian_astar_frontier,2,2,168,25.069999999999997,840,89.19070409175183,11.26943005181347,45,2,0.8154761904761905,50.32860226063077,0.8154761904761905,2085988312
hungarian_astar_frontier,2,2,169,25.240000000000002,845,89.18223898508487,11.196911196911197,45,2,0.8165680473372781,50.68609148127268,0.8165680473372781,2236554687
hungarian_astar_frontier,2,2,170,25.45,850,89.15683183503046,11.12531969309463,45,2,0.8176470588235294,51.445405789280585,0.8176470588235294,2236554687
hungarian_astar_frontier,2,2,171,25.650000000000002,855,89.13595933926302,11.054637865311308,47,1,0.8187134502923976,51.4192149457819,0.8187134502923976,2330276087
hungarian_astar_frontier,2,2,172,25.88,860,89.10269906101308,10.984848484848484,47,3,0.8197674418604651,51.76724674086476,0.8197674418604651,2588305796
hungarian_astar_frontier,2,2,173,26.119999999999997,865,89.06563965170797,11.041405269761606,47,3,0.8196531791907514,52.128397765612135,0.8196531791907514,2588305796
hungarian_astar_frontier,2,2,174,26.340000000000003,870,89.03733300037457,10.972568578553615,49,1,0.8206896551724138,52.36649520271011,0.8206896551724138,2703999037
hungarian_astar_frontier,2,2,175,26.52,875,89.02817425840882,10.90458488228005,47,3,0.8217142857142857,52.78738621499508,0.8217142857142857,2994264120
hungarian_astar_frontier,2,2,176,26.729999999999997,880,89.00723803257115,10.83743842364532,47,3,0.8227272727272728,53.22074042099483,0.8227272727272728,2994264120
hungarian_astar_frontier,2,2,177,26.919999999999998,885,88.99472629900657,10.771113831089352,45,1,0.823728813559322,53.253080896422674,0.823728813559322,3131167962
hungarian_astar_frontier,2,2,178,27.13,890,88.97423392668455,10.70559610705596,49,2,0.8247191011235955,53.709560557635555,0.8247191011235955,3327617108
hungarian_astar_frontier,2,2,179,27.33,895,88.95802189810512,10.76178960096735,50,1,0.8245810055865922,54.0383726943911,0.8245810055865922,3424771166
hungarian_astar_frontier,2,2,180,27.560000000000002,900,88.92994858611826,10.697115384615383,50,1,0.8255555555555556,54.51629718542115,0.8255555555555556,3424771166
hungarian_astar_frontier,2,2,181,27.839999999999996,905,88.88223313765424,10.63321385902031,49,2,0.8265193370165745,55.00542202105515,0.8265193370165745,3679760105
hungarian_astar_frontier,2,2,182,28.139999999999997,910,88.82712618121178,10.570071258907364,52,2,0.8274725274725274,55.67562205087737,0.8274725274725274,3920151865
hungarian_astar_frontier,2,2,183,28.439999999999998,915,88.77265011251036,10.50767414403778,50,1,0.8284153005464481,56.712391064580174,0.8284153005464481,4032398454
hungarian_astar_frontier,2,2,184,28.71,920,88.73056994818653,10.44600938967136,53,2,0.8293478260869566,57.37634165542447,0.8293478260869566,4281187252
hungarian_astar_frontier,2,2,185,28.99,925,88.68506303422974,10.385064177362894,56,1,0.8302702702702702,57.53485367110129,0.8302702702702702,4418339222
hungarian_astar_frontier,2,2,186,29.25,930,88.64783047426842,10.336817653890824,56,1,0.8301075268817204,57.92843490553359,0.8301075268817204,4549801852
hungarian_astar_frontier,2,2,187,29.45,935,88.63417081548377,10.289017341040463,55,3,0.8299465240641711,58.29846740085153,0.8299465240641711,4983367281
hungarian_astar_frontier,2,2,188,29.65,940,88.62066318698189,10.229885057471265,54,1,0.8308510638297872,58.3027416745576,0.8308510638297872,5156349105
hungarian_astar_frontier,2,2,189,29.9,945,88.58822182359451,10.17142857142857,54,1,0.8317460317460318,58.60935322415544,0.8317460317460318,5156349105
hungarian_astar_frontier,2,2,190,30.070000000000004,950,88.58650269490624,10.12514220705347,55,2,0.8315789473684211,58.740237501789366,0.8315789473684211,5449272148
hungarian_astar_frontier,2,2,191,30.29,955,88.5659280510362,10.06787330316742,53,1,0.8324607329842932,59.74516209612913,0.8324607329842932,5712309924
hungarian_astar_frontier,2,2,192,30.580000000000002,960,88.51929719177053,10.011248593925758,53,1,0.8333333333333334,60.59511882198302,0.8333333333333334,5712309924
hungarian_astar_frontier,2,2,193,30.84,965,88.48437324969196,9.955257270693513,57,2,0.8341968911917098,61.84925105865843,0.8341968911917098,6045453498
hungarian_astar_frontier,2,2,194,31.11,970,88.44611156503008,9.899888765294772,58,2,0.8350515463917526,62.509750801635576,0.8350515463917526,6415010604
hungarian_astar_frontier,2,2,195,31.35,975,88.41934173100366,9.845132743362832,58,1,0.8358974358974359,63.60343924910651,0.8358974358974359,6604874559
hungarian_astar_frontier,2,2,196,31.59,980,88.39285714285714,9.79097909790979,59,2,0.8367346938775511,64.56613368449511,0.8367346938775511,7007824745
hungarian_astar_frontier,2,2,197,31.830000000000002,985,88.36665326559702,9.737417943107221,61,1,0.8375634517766497,65.21364543045318,0.8375634517766497,7205439692
hungarian_astar_frontier,2,2,198,32.1,990,88.32981894859303,9.684439608269859,61,1,0.8383838383838383,65.64265885788579,0.8383838383838383,7205439692
hungarian_astar_frontier,2,2,199,32.33,995,88.30783696792159,9.632034632034632,63,2,0.8391959798994975,65.93806397958119,0.8391959798994975,7634131213
hungarian_astar_frontier,2,2,200,32.57,1000,88.28248668873219,9.590517241379311,64,2,0.839,66.49710446938631,0.839,8102404359
hungarian_astar_frontier,2,2,201,32.84,1005,88.24666261050069,9.539121114683816,65,1,0.8398009950248756,66.84615475795945,0.8398009950248756,8325334701
hungarian_astar_frontier,2,2,202,33.08,1010,88.22188990956349,9.488272921108742,64,2,0.8405940594059406,67.56022538715652,0.8405940594059406,8799250504
hungarian_astar_frontier,2,2,203,33.28,1015,88.21154050511849,9.43796394485684,65,1,0.8413793103448276,67.8469377991004,0.8413793103448276,9046448162
hungarian_astar_frontier,2,2,204,33.489999999999995,1020,88.1977727657175,9.398099260823653,65,1,0.8411764705882353,68.30684882474173,0.8411764705882353,9290620342
hungarian_astar_frontier,2,2,205,33.739999999999995,1025,88.1701202622629,9.34873949579832,63,2,0.8419512195121951,68.54472267243855,0.8419512195121951,9823626864
hungarian_astar_frontier,2,2,206,34.0,1030,88.13884528170243,9.299895506792058,62,1,0.8427184466019417,68.39248525393334,0.8427184466019417,10166648809
hungarian_astar_frontier,2,2,207,34.25,1035,88.10929037633663,9.251559251559252,62,1,0.8434782608695652,68.64872021315566,0.8434782608695652,10166648809
hungarian_astar_frontier,2,2,208,34.53,1040,88.06965414780777,9.20372285418821,65,4,0.8442307692307692,68.52773910581773,0.8442307692307692,11323422169
hungarian_astar_frontier,2,2,209,34.82,1045,88.0269582559659,9.156378600823045,67,1,0.8449760765550239,68.07686235914738,0.8449760765550239,11620477885
hungarian_astar_frontier,2,2,210,35.08,1050,87.99493514937888,9.109518935516888,67,1,0.8457142857142858,67.56528559061883,0.8457142857142858,11620477885
hungarian_astar_frontier,2,2,211,35.370000000000005,1055,87.95299727520435,9.063136456211812,69,4,0.8464454976303317,67.14637143968903,0.8464454976303317,12922035200
hungarian_astar_frontier,2,2,212,35.64,1060,87.91823451642429,9.017223910840933,69,4,0.8471698113207548,66.6615819645016,0.8471698113207548,12922035200
hungarian_astar_frontier,2,2,213,35.91,1065,87.88338900698452,8.971774193548388,69,4,0.847887323943662,66.26885859071578,0.847887323943662,12922035200
hungarian_astar_frontier,2,2,214,36.120000000000005,1070,87.87105439892545,8.926780341023068,75,5,0.8485981308411215,65.51128050444174,0.8485981308411215,14801946309
hungarian_astar_frontier,2,2,215,36.39,1075,87.83878621795942,8.882235528942116,75,5,0.8493023255813954,64.91497669954019,0.8493023255813954,14801946309
hungarian_astar_frontier,2,2,216,36.67,1080,87.80349896893502,8.838133068520357,75,5,0.85,64.33313600222162,0.85,14801946309
hungarian_astar_frontier,2,2,217,36.84,1085,87.80294000794596,8.803165182987142,74,4,0.8497695852534562,64.71558250142787,0.8497695852534562,16536772961
hungarian_astar_frontier,2,2,218,37.03,1090,87.79579460813393,8.768472906403941,74,4,0.8495412844036697,64.76535088757828,0.8495412844036697,16536772961
hungarian_astar_frontier,2,2,219,37.24,1095,87.78215223097114,8.73405299313052,79,1,0.8493150684931506,64.46961589172194,0.8493150684931506,16974452027
hungarian_astar_frontier,2,2,220,37.45,1100,87.76863283036123,8.699902248289346,76,2,0.8490909090909091,64.07530838899697,0.8490909090909091,17852493568
hungarian_astar_frontier,2,2,221,37.65,1105,87.75848614904409,8.66601752677702,77,1,0.848868778280543,63.49736259450566,0.848868778280543,18347684284
hungarian_astar_frontier,2,2,222,37.86,1110,87.7451932414061,8.63239573229874,75,1,0.8486486486486486,62.87269321614953,0.8486486486486486,18811051175
hungarian_astar_frontier,2,2,223,38.04,1115,87.73971057466078,8.599033816425122,76,2,0.8484304932735426,62.74056903008568,0.8484304932735426,19749555266
hungarian_astar_frontier,2,2,224,38.29,1120,87.71181001283696,8.557692307692308,76,2,0.8491071428571428,62.21420594046858,0.8491071428571428,19749555266
hungarian_astar_frontier,2,2,225,38.57,1125,87.67455980570735,8.516746411483252,77,2,0.8497777777777777,61.708603589479004,0.8497777777777777,20742466053
hungarian_astar_frontier,2,2,226,38.87,1130,87.63322834144634,8.476190476190476,78,1,0.8504424778761062,60.95640305920498,0.8504424778761062,21313110153
hungarian_astar_frontier,2,2,227,39.14,1135,87.60176122145143,8.436018957345972,76,1,0.8511013215859031,60.11146036897833,0.8511013215859031,21822822376
hungarian_astar_frontier,2,2,228,39.410000000000004,1140,87.5729196228676,8.39622641509434,75,3,0.8517543859649123,58.81800611918478,0.8517543859649123,23546349860
hungarian_astar_frontier,2,2,229,39.71,1145,87.53531295122104,8.35680751173709,77,1,0.8524017467248908,57.5330631698702,0.8524017467248908,24186170411
hungarian_astar_frontier,2,2,230,40.02,1150,87.49492235102959,8.317757009345794,80,1,0.8530434782608696,56.25733961247914,0.8530434782608696,24746767506
hungarian_astar_frontier,2,2,231,40.35,1155,87.44867487868608,8.279069767441861,79,3,0.8536796536796537,54.99162040071101,0.8536796536796537,26587389385
hungarian_astar_frontier,2,2,232,40.64,1160,87.41522930666089,8.24074074074074,81,1,0.8543103448275862,53.945876396022264,0.8543103448275862,27223431013
hungarian_astar_frontier,2,2,233,40.93,1165,87.38208274246254,8.202764976958525,81,1,0.8549356223175966,52.910118327957434,0.8549356223175966,27861882350
hungarian_astar_frontier,2,2,234,41.17,1170,87.36457661970967,8.1651376146789,83,2,0.8555555555555555,52.29068037188863,0.8555555555555555,29113725843
hungarian_astar_frontier,2,2,235,41.39,1175,87.35333659252017,8.12785388127854,80,2,0.8561702127659574,51.48020115716931,0.8561702127659574,30651897639
hungarian_astar_frontier,2,2,236,41.58,1180,87.35132175341465,8.09090909090909,85,1,0.8567796610169491,51.84421804469158,0.8567796610169491,31345868258
hungarian_astar_frontier,2,2,237,41.81,1185,87.33721000666304,8.054298642533936,83,1,0.8573839662447258,51.430998976843476,0.8573839662447258,32009249310
hungarian_astar_frontier,2,2,238,42.07,1190,87.31417543648041,8.018018018018019,85,3,0.8579831932773109,51.47387604835942,0.8579831932773109,34271141280
hungarian_astar_frontier,2,2,239,42.32,1195,87.29434370121292,7.982062780269058,89,1,0.8585774058577406,51.29443613455193,0.8585774058577406,35057902891
hungarian_astar_frontier,2,2,240,42.57,1200,87.27468388485337,7.946428571428571,89,1,0.8591666666666666,50.96082362325635,0.8591666666666666,35057902891
hungarian_astar_frontier,2,2,241,42.75,1205,87.27602833501994,7.918149466192171,88,3,0.8589211618257261,51.44262665658969,0.8589211618257261,37529944925
hungarian_astar_frontier,2,2,242,42.89,1210,87.2892155410011,7.890070921985816,88,3,0.8586776859504133,52.10876626328566,0.8586776859504133,37529944925
hungarian_astar_frontier,2,2,243,43.13,1215,87.27278092540132,7.855251544571932,87,1,0.8592592592592593,52.64541776221229,0.8592592592592593,38309943389
hungarian_astar_frontier,2,2,244,43.32,1220,87.27117797431904,7.820738137082602,85,1,0.8598360655737705,52.904017613284736,0.8598360655737705,39127559758
hungarian_astar_frontier,2,2,245,43.51,1225,87.26958862426122,7.78652668416448,87,1,0.8604081632653061,52.58963714089289,0.8604081632653061,39938859781
hungarian_astar_frontier,2,2,246,43.72,1230,87.26218570637765,7.7526132404181185,86,2,0.8609756097560975,52.53725797984955,0.8609756097560975,41633672740
hungarian_astar_frontier,2,2,247,43.96,1235,87.24614134849715,7.725694444444445,88,1,0.8607287449392712,52.184411437735456,0.8607287449392712,42497984219
hungarian_astar_frontier,2,2,248,44.190000000000005,1240,87.23312050385694,7.698961937716263,90,1,0.8604838709677419,52.299457748366535,0.8604838709677419,43441298899
hungarian_astar_frontier,2,2,249,44.42,1245,87.22020829737039,7.672413793103448,90,1,0.8602409638554217,51.7923403536426,0.8602409638554217,44418007643
hungarian_astar_frontier,2,2,250,44.65,1250,87.20740337506805,7.639484978540772,93,1,0.8608,51.85525983478833,0.8608,45346159088
hungarian_astar_frontier,2,2,251,44.92,1255,87.18329148596212,7.6068376068376065,95,2,0.8613545816733068,51.949879165005015,0.8613545816733068,47312880833
hungarian_astar_frontier,2,2,252,45.16,1260,87.16790270792487,7.574468085106383,94,1,0.861904761904762,51.881857684263096,0.861904761904762,48345648818
hungarian_astar_frontier,2,2,253,45.43,1265,87.14415077253948,7.5423728813559325,96,2,0.8624505928853755,52.31612948077602,0.8624505928853755,50440057062
hungarian_astar_frontier,2,2,254,45.67,1270,87.12904771298932,7.510548523206751,94,2,0.862992125984252,52.737916995339866,0.862992125984252,52642448911
hungarian_astar_frontier,2,2,255,45.9,1275,87.11687436847423,7.4789915966386555,95,1,0.8635294117647059,52.87614392515667,0.8635294117647059,53773084341
hungarian_astar_frontier,2,2,256,46.11,1280,87.11039051798842,7.447698744769875,95,1,0.8640625,53.227393448548995,0.8640625,53773084341
hungarian_astar_frontier,2,2,257,46.33,1285,87.10117489837964,7.416666666666667,95,2,0.864591439688716,54.16745751781773,0.864591439688716,56020215352
hungarian_astar_frontier,2,2,258,46.56,1290,87.08926046086016,7.385892116182573,95,2,0.8651162790697674,54.69543208641778,0.8651162790697674,56020215352
hungarian_astar_frontier,2,2,259,46.73,1295,87.09401237295626,7.3614557485525225,94,2,0.8648648648648649,54.644060207492316,0.8648648648648649,58390074838
hungarian_astar_frontier,2,2,260,46.96,1300,87.08222154980332,7.331136738056013,95,1,0.8653846153846154,55.02103730871314,0.8653846153846154,59633873720
hungarian_astar_frontier,2,2,261,47.21,1305,87.06504465998137,7.301066447908121,94,1,0.8659003831417624,55.57133631171125,0.8659003831417624,61014217539
hungarian_astar_frontier,2,2,262,47.46,1310,87.04800371148652,7.27124183006536,98,1,0.8664122137404581,56.18173107940879,0.8664122137404581,62216353776
hungarian_astar_frontier,2,2,263,47.660000000000004,1315,87.04433631445892,7.241659886086249,101,1,0.8669201520912547,56.34772650046413,0.8669201520912547,63496954008
hungarian_astar_frontier,2,2,264,47.839999999999996,1320,87.04435898824676,7.212317666126418,101,1,0.8674242424242424,56.598280956659906,0.8674242424242424,64769272103
hungarian_astar_frontier,2,2,265,47.96,1325,87.05882352941177,7.19482619240097,98,2,0.8664150943396226,56.11338935265236,0.8664150943396226,67339937208
hungarian_astar_frontier,2,2,266,48.06,1330,87.07856105823521,7.17741935483871,98,2,0.8654135338345864,55.99194232474359,0.8654135338345864,67339937208
hungarian_astar_frontier,2,2,267,48.17,1335,87.09547792541792,7.154340836012862,97,2,0.8651685393258427,56.22536980208347,0.8651685393258427,70176418539
hungarian_astar_frontier,2,2,268,48.370000000000005,1340,87.0882494260851,7.125700560448359,97,1,0.8656716417910447,56.46908673470576,0.8656716417910447,71535792189
hungarian_astar_frontier,2,2,269,48.6,1345,87.07309288222152,7.097288676236045,97,1,0.8661710037174721,57.094428428313634,0.8661710037174721,71535792189
hungarian_astar_frontier,2,2,270,48.86,1350,87.05009276437849,7.069102462271644,98,2,0.8666666666666667,56.98471639157187,0.8666666666666667,74375528687
hungarian_astar_frontier,2,2,271,49.14,1355,87.02197337840693,7.041139240506329,103,3,0.8671586715867159,56.893901975370724,0.8671586715867159,78868111119
hungarian_astar_frontier,2,2,272,49.43,1360,86.99313212114834,7.0133963750985036,103,3,0.8676470588235294,56.2945056032824,0.8676470588235294,78868111119
hungarian_astar_frontier,2,2,273,49.730000000000004,1365,86.96358822449997,6.985871271585557,100,2,0.8681318681318682,55.938163361643475,0.8681318681318682,82070442863
hungarian_astar_frontier,2,2,274,49.82,1370,86.98910971246508,6.964006259780908,99,2,0.8678832116788321,55.92042869906585,0.8678832116788321,85166784891
hungarian_astar_frontier,2,2,275,49.95,1375,87.00437090227912,6.936866718628215,101,1,0.8683636363636363,55.528346694539394,0.8683636363636363,86785785186
hungarian_astar_frontier,2,2,276,50.13999999999999,1380,87.00396568258988,6.909937888198758,101,1,0.868840579710145,56.06838445575336,0.868840579710145,86785785186
hungarian_astar_frontier,2,2,277,50.33,1385,87.00356349739194,6.883217324052591,101,1,0.8693140794223827,55.68698955346481,0.8693140794223827,86785785186
hungarian_astar_frontier,2,2,278,50.519999999999996,1390,87.00282994597376,6.8567026194144844,98,1,0.8697841726618705,55.458035466408205,0.8697841726618705,88304093483
hungarian_astar_frontier,2,2,279,50.67,1395,87.01235453939611,6.835637480798772,99,2,0.8695340501792115,55.35215861858018,0.8695340501792115,91527336645
hungarian_astar_frontier,2,2,280,50.83,1400,87.01892381949588,6.809487375669472,99,1,0.87,54.8713841679983,0.87,93155799562
hungarian_astar_frontier,2,2,281,50.99,1405,87.0237943758748,6.783536585365854,101,1,0.8704626334519573,54.54230869117242,0.8704626334519573,94886395060
hungarian_astar_frontier,2,2,282,51.18000000000001,1410,87.01937709242164,6.757782839787396,98,1,0.8709219858156029,54.734626019173106,0.8709219858156029,96700433708
hungarian_astar_frontier,2,2,283,51.35999999999999,1415,87.01784540720894,6.737320211960636,100,2,0.8706713780918728,54.230971669627976,0.8706713780918728,100070024668
hungarian_astar_frontier,2,2,284,51.51,1420,87.0238814993954,6.716981132075471,100,2,0.8704225352112676,53.9417116265264,0.8704225352112676,103516915167
hungarian_astar_frontier,2,2,285,51.690000000000005,1425,87.02234496610595,6.696764484574869,97,1,0.8701754385964913,53.54564065408748,0.8701754385964913,105480951742
hungarian_astar_frontier,2,2,286,51.910000000000004,1430,87.01080972875587,6.676669167291823,101,1,0.8699300699300699,53.67725902318898,0.8699300699300699,107292667455
hungarian_astar_frontier,2,2,287,52.11,1435,87.00433936854705,6.656694091249066,98,1,0.8696864111498258,53.98666852479264,0.8696864111498258,109126985018
hungarian_astar_frontier,2,2,288,52.31,1440,86.99952779779805,6.631892697466468,99,2,0.8701388888888889,54.04812438787606,0.8701388888888889,112813502785
hungarian_astar_frontier,2,2,289,52.5,1445,86.9969040247678,6.617100371747211,97,1,0.8692041522491349,53.94936912780836,0.8692041522491349,114700734560
hungarian_astar_frontier,2,2,290,52.629999999999995,1450,87.01071128880992,6.607275426874535,96,1,0.8675862068965517,53.37156217830521,0.8675862068965517,116553360738
hungarian_astar_frontier,2,2,291,52.76,1455,87.02474054399684,6.592592592592593,97,2,0.8666666666666667,52.550683859142545,0.8666666666666667,120494834430
hungarian_astar_frontier,2,2,292,52.92,1460,87.03163672899258,6.573116691285081,97,2,0.8664383561643836,51.77837421913556,0.8664383561643836,120494834430
hungarian_astar_frontier,2,2,293,53.059999999999995,1465,87.04336784528228,6.5585851142225495,97,2,0.8655290102389078,51.23486553877425,0.8655290102389078,120494834430
hungarian_astar_frontier,2,2,294,53.18000000000001,1470,87.0598827165,6.53930933137399,100,1,0.8653061224489796,50.46462986252755,0.8653061224489796,122398930513
hungarian_astar_frontier,2,2,295,53.339999999999996,1475,87.06658260996072,6.520146520146521,98,2,0.8650847457627119,49.82820095653839,0.8650847457627119,126777606775
hungarian_astar_frontier,2,2,296,53.5,1480,87.0729232107476,6.501095690284879,98,2,0.8648648648648649,50.109835362346146,0.8648648648648649,126777606775
hungarian_astar_frontier,2,2,297,53.64,1485,87.084035636889,6.482155863073562,99,1,0.8646464646464647,49.30661301759955,0.8646464646464647,128787627725
hungarian_astar_frontier,2,2,298,53.779999999999994,1490,87.09352276272529,6.463326071169208,100,2,0.8644295302013423,49.05133635602299,0.8644295302013423,132867501742
hungarian_astar_frontier,2,2,299,53.93,1495,87.09901203262925,6.444605358435916,100,2,0.8642140468227425,49.17574194666327,0.8642140468227425,132867501742
hungarian_astar_frontier,2,2,300,54.04,1500,87.11400433984309,6.430635838150289,98,2,0.8633333333333333,48.263768785534154,0.8633333333333333,136960724271
hungarian_astar_frontier,2,2,301,54.16,1505,87.12652420907514,6.416726748377793,100,1,0.8624584717607974,47.37195438237539,0.8624584717607974,139133713047
hungarian_astar_frontier,2,2,302,54.290000000000006,1510,87.13659519014335,6.402877697841726,100,1,0.8615894039735099,46.50110276742089,0.8615894039735099,139133713047
hungarian_astar_frontier,2,2,303,54.37,1515,87.15841186612816,6.389088298636038,98,1,0.8607260726072608,45.82728431478553,0.8607260726072608,141298301867
hungarian_astar_frontier,2,2,304,54.449999999999996,1520,87.18159988700033,6.375358166189112,99,1,0.8598684210526316,45.19971781733484,0.8598684210526316,143473432445
hungarian_astar_frontier,2,2,305,54.54,1525,87.20379146919431,6.357142857142857,99,1,0.8596721311475409,43.997012021447205,0.8596721311475409,143473432445
hungarian_astar_frontier,2,2,306,54.67999999999999,1530,87.21414207548052,6.339031339031339,99,1,0.8594771241830066,42.77837169957253,0.8594771241830066,143473432445
hungarian_astar_frontier,2,2,307,54.769999999999996,1535,87.23607550687485,6.325515280739161,99,1,0.8586319218241042,41.75743432181137,0.8586319218241042,145517618075
hungarian_astar_frontier,2,2,308,54.93,1540,87.24160356761277,6.303116147308782,99,1,0.8590909090909091,40.559014786523214,0.8590909090909091,147630278966
hungarian_astar_frontier,2,2,309,55.11000000000001,1545,87.2424649289319,6.280875088214538,99,1,0.859546925566343,39.36923982031839,0.859546925566343,147630278966
hungarian_astar_frontier,2,2,310,55.230000000000004,1550,87.25716395182502,6.329113924050633,100,1,0.8593548387096774,38.55396113544076,0.8593548387096774,149812993435
hungarian_astar_frontier,2,2,311,55.38999999999999,1555,87.26256726302718,6.306937631394534,98,3,0.8598070739549839,37.40619111481092,0.8598070739549839,156526380643
hungarian_astar_frontier,2,2,312,55.60000000000001,1560,87.25647490258996,6.284916201117319,98,3,0.8602564102564103,36.26682936864144,0.8602564102564103,156526380643
hungarian_astar_frontier,2,2,313,55.81,1565,87.25042262530269,6.263048016701461,98,3,0.860702875399361,35.128294982811724,0.860702875399361,156526380643
hungarian_astar_frontier,2,2,314,56.02,1570,87.24441003688692,6.2413314840499305,100,3,0.8611464968152867,34.27044838388696,0.8611464968152867,163316416148
hungarian_astar_frontier,2,2,315,56.19,1575,87.2475148654169,6.224066390041494,98,1,0.8609523809523809,33.60884641430688,0.8609523809523809,165488987193
hungarian_astar_frontier,2,2,316,56.34,1580,87.25512373885897,6.271536871123364,98,1,0.8607594936708861,32.74980908150964,0.8607594936708861,165488987193
hungarian_astar_frontier,2,2,317,56.45,1585,87.271702367531,6.318681318681318,101,3,0.8605678233438486,32.14509036591629,0.8605678233438486,172531610508
hungarian_astar_frontier,2,2,318,56.620000000000005,1590,87.27468872207488,6.365503080082135,101,3,0.8603773584905661,31.60617633095855,0.8603773584905661,172531610508
hungarian_astar_frontier,2,2,319,56.81,1595,87.27317532147497,6.343792633015006,101,3,0.8608150470219436,31.139857193386668,0.8608150470219436,172531610508
hungarian_astar_frontier,2,2,320,56.98,1600,87.27471693056702,6.390210740992522,99,3,0.860625,31.509061594183304,0.860625,179045556022
hungarian_astar_frontier,2,2,321,57.11000000000001,1605,87.28515451064209,6.436314363143632,99,3,0.8604361370716511,31.027448379410494,0.8604361370716511,179045556022
hungarian_astar_frontier,2,2,322,57.21000000000001,1610,87.30218621684608,6.482106684672519,99,3,0.860248447204969,30.767215533508725,0.860248447204969,179045556022
hungarian_astar_frontier,2,2,323,57.31,1615,87.32051594061817,6.460296096904441,101,2,0.8606811145510835,29.99936456252857,0.8606811145510835,183581556819
hungarian_astar_frontier,2,2,324,57.38999999999999,1620,87.34341919548342,6.438631790744467,99,1,0.8611111111111112,28.963608419897913,0.8611111111111112,185903223912
hungarian_astar_frontier,2,2,325,57.489999999999995,1625,87.36177977093364,6.488294314381271,99,1,0.8603076923076923,28.393398870001228,0.8603076923076923,185903223912
hungarian_astar_frontier,2,2,326,57.58,1630,87.3822150151203,6.466666666666667,101,2,0.8607361963190184,27.396033910247354,0.8607361963190184,190484414204
hungarian_astar_frontier,2,2,327,57.709999999999994,1635,87.39378317569191,6.445182724252492,99,1,0.8611620795107033,26.408562234847654,0.8611620795107033,192813088673
hungarian_astar_frontier,2,2,328,57.82000000000001,1640,87.40963330720321,6.4238410596026485,99,1,0.8615853658536585,25.444477501340266,0.8615853658536585,192813088673
hungarian_astar_frontier,2,2,329,57.87,1645,87.43840760598232,6.402640264026403,99,2,0.8620060790273556,24.47035039540102,0.8620060790273556,197367369858
hungarian_astar_frontier,2,2,330,57.89,1650,87.47349288094517,6.385780118499013,98,1,0.8618181818181818,24.75073091586217,0.8618181818181818,199546800276
hungarian_astar_frontier,2,2,331,57.91,1655,87.50808921868934,6.36482939632546,98,1,0.8622356495468277,24.68240530125566,0.8622356495468277,201865474145
hungarian_astar_frontier,2,2,332,57.940000000000005,1660,87.53898100952749,6.474820143884892,98,1,0.8614457831325302,24.759686651629853,0.8614457831325302,201865474145
hungarian_astar_frontier,2,2,333,57.96,1665,87.5718329187752,6.584093872229466,96,2,0.8606606606606607,24.33985871406361,0.8606606606606607,206235873636
hungarian_astar_frontier,2,2,334,57.989999999999995,1670,87.60235168359166,6.627680311890838,96,1,0.8604790419161676,24.384149235827998,0.8604790419161676,208419857580
hungarian_astar_frontier,2,2,335,58.02,1675,87.63268960225092,6.7357512953367875,96,1,0.8597014925373134,23.97669863060714,0.8597014925373134,208419857580
hungarian_astar_frontier,2,2,336,58.07,1680,87.65859775147175,6.778566817301485,95,1,0.8595238095238096,23.847201450114895,0.8595238095238096,210587857507
hungarian_astar_frontier,2,2,337,58.14,1685,87.68011527377521,6.82110682110682,91,2,0.8593471810089021,23.36711799116124,0.8593471810089021,214899561916
hungarian_astar_frontier,2,2,338,58.17,1690,87.70865908802772,6.927517639512508,91,2,0.8585798816568048,23.839798865049566,0.8585798816568048,214899561916
hungarian_astar_frontier,2,2,339,58.18,1695,87.7425471399979,6.973768394113884,89,1,0.8578171091445428,23.635463372399787,0.8578171091445428,217292389348
hungarian_astar_frontier,2,2,340,58.19,1700,87.77752105694302,7.015306122448979,89,1,0.8576470588235294,23.27653192294972,0.8576470588235294,219399303529
hungarian_astar_frontier,2,2,341,58.19,1705,87.8143781542521,7.056579783852511,89,1,0.8574780058651026,23.82587494890577,0.8574780058651026,219399303529
hungarian_astar_frontier,2,2,342,58.199999999999996,1710,87.84892581998872,7.160963244613434,89,1,0.8567251461988304,24.05478022630073,0.8567251461988304,219399303529
hungarian_astar_frontier,2,2,343,58.209999999999994,1715,87.88351858790226,7.39102969046115,89,1,0.8548104956268222,23.978108331267386,0.8548104956268222,221534889072
hungarian_astar_frontier,2,2,344,58.220000000000006,1720,87.91790316890447,7.619647355163728,89,1,0.852906976744186,23.585587595454577,0.852906976744186,221534889072
hungarian_astar_frontier,2,2,345,58.220000000000006,1725,87.95415045932302,7.726130653266332,88,1,0.8515942028985507,23.656754965269563,0.8515942028985507,223699642788
hungarian_astar_frontier,2,2,346,58.25,1730,87.98399240877117,7.764558547276143,88,1,0.8514450867052024,23.76652850722031,0.8514450867052024,223699642788
hungarian_astar_frontier,2,2,347,58.3,1735,88.00954300522397,7.745159275452843,88,1,0.8512968299711815,24.217473732035963,0.8512968299711815,223699642788
hungarian_astar_frontier,2,2,348,58.37,1740,88.03084052740583,7.7258566978193155,87,1,0.8511494252873564,24.293237490030506,0.8511494252873564,225779297513
hungarian_astar_frontier,2,2,349,58.46,1745,88.04792280013085,7.706650093225606,88,1,0.8510028653295129,24.05947872942738,0.8510028653295129,227910705323
hungarian_astar_frontier,2,2,350,58.58,1750,88.05878875593697,7.68277571251549,88,1,0.8514285714285714,23.47722267092104,0.8514285714285714,227910705323
hungarian_astar_frontier,2,2,351,58.720000000000006,1755,88.06552579163449,7.65904879555281,86,1,0.8518518518518519,22.37883646656926,0.8518518518518519,230508748072
hungarian_astar_frontier,2,2,352,58.9,1760,88.06411737288994,7.69704433497537,87,1,0.8517045454545454,22.89208367710867,0.8517045454545454,232700228469
hungarian_astar_frontier,2,2,353,59.06,1765,88.06675826396186,7.734806629834254,87,1,0.851558073654391,22.96294391119715,0.851558073654391,232700228469
hungarian_astar_frontier,2,2,354,59.209999999999994,1770,88.07139835203579,7.71586037966932,88,1,0.8514124293785311,23.05786346659271,0.8514124293785311,234807769891
hungarian_astar_frontier,2,2,355,59.46,1775,88.0559238278896,7.6923076923076925,88,2,0.851830985915493,23.175022198992394,0.851830985915493,239159885891
hungarian_astar_frontier,2,2,356,59.760000000000005,1780,88.03052456586616,7.668898356664639,88,1,0.8522471910112359,23.317918800295466,0.8522471910112359,241758031130
hungarian_astar_frontier,2,2,357,59.97,1785,88.023246525004,7.6456310679611645,88,1,0.8526610644257703,23.626357298281324,0.8526610644257703,244035691325
hungarian_astar_frontier,2,2,358,60.12,1790,88.02795865941813,7.631738340399758,85,3,0.8519553072625698,24.106834793044463,0.8519553072625698,251107827194
hungarian_astar_frontier,2,2,359,60.24,1795,88.03860053214724,7.617896009673519,85,1,0.8512534818941504,24.04684125903326,0.8512534818941504,253227855527
hungarian_astar_frontier,2,2,360,60.39,1800,88.0432415308769,7.599517490952954,91,1,0.8511111111111112,24.391235955191945,0.8511111111111112,255474571613
hungarian_astar_frontier,2,2,361,60.56,1805,88.04390744689252,7.581227436823104,89,1,0.8509695290858725,24.607911788563,0.8509695290858725,257728052698
hungarian_astar_frontier,2,2,362,60.72,1810,88.04653818138867,7.563025210084033,89,1,0.850828729281768,24.405918340778687,0.850828729281768,257728052698
hungarian_astar_frontier,2,2,363,60.85,1815,88.05504299006714,7.549430796884361,87,2,0.8501377410468319,25.001931174892075,0.8501377410468319,262498930281
hungarian_astar_frontier,2,2,364,60.980000000000004,1820,88.06349952042594,7.531380753138076,88,2,0.85,25.168195419799623,0.85,267299825222
hungarian_astar_frontier,2,2,365,61.150000000000006,1825,88.06410056214867,7.5134168157423975,88,2,0.8498630136986302,25.201907695075064,0.8498630136986302,267299825222
hungarian_astar_frontier,2,2,366,61.31999999999999,1830,88.06469821126186,7.495538370017847,88,2,0.8497267759562842,25.062925133515826,0.8497267759562842,267299825222
hungarian_astar_frontier,2,2,367,61.51,1835,88.06141065952409,7.4777448071216615,91,2,0.849591280653951,24.682038832889624,0.849591280653951,271888673738
hungarian_astar_frontier,2,2,368,61.660000000000004,1840,88.06588344591326,7.464454976303317,92,1,0.8489130434782609,24.81518902580951,0.8489130434782609,274243831752
hungarian_astar_frontier,2,2,369,61.839999999999996,1845,88.06454103296534,7.442409923213231,88,1,0.8493224932249323,25.13404113000313,0.8493224932249323,276533725163
hungarian_astar_frontier,2,2,370,62.0,1850,88.0670554496988,7.424867413081909,91,1,0.8491891891891892,25.820585552320075,0.8491891891891892,278883149992
hungarian_astar_frontier,2,2,371,62.17,1855,88.06763655905723,7.466196355085245,91,1,0.8485175202156334,26.1823702486446,0.8485175202156334,278883149992
hungarian_astar_frontier,2,2,372,62.339999999999996,1860,88.06821444293452,7.507331378299121,93,2,0.8478494623655914,26.23315307668185,0.8478494623655914,283708323549
hungarian_astar_frontier,2,2,373,62.49,1865,88.0726065048099,7.489760093622001,92,1,0.8477211796246649,26.338101486315672,0.8477211796246649,286033743674
hungarian_astar_frontier,2,2,374,62.62,1870,88.08078116375127,7.472270869819031,92,1,0.8475935828877005,26.234169933879247,0.8475935828877005,286033743674
hungarian_astar_frontier,2,2,375,62.68,1875,88.10219809422574,7.454863133372161,90,2,0.8474666666666667,26.27758485435525,0.8474666666666667,290786407661
hungarian_astar_frontier,2,2,376,62.81,1880,88.11024665417305,7.441860465116279,90,1,0.8468085106382979,26.469710212991988,0.8468085106382979,293212358538
hungarian_astar_frontier,2,2,377,62.96000000000001,1885,88.1144755720003,7.4289030760301795,90,1,0.8461538461538461,26.956345150282537,0.8461538461538461,293212358538
hungarian_astar_frontier,2,2,378,63.14999999999999,1890,88.11092702763762,7.411696583671105,88,2,0.846031746031746,27.564861608574432,0.846031746031746,298419816513
hungarian_astar_frontier,2,2,379,63.339999999999996,1895,88.10739767179872,7.394569612940496,88,2,0.845910290237467,27.457505254966083,0.845910290237467,298419816513
hungarian_astar_frontier,2,2,380,63.51,1900,88.10763238708711,7.377521613832854,90,1,0.8457894736842105,26.96884972419503,0.8457894736842105,300894945226
hungarian_astar_frontier,2,2,381,63.65,1905,88.11346829013222,7.35632183908046,88,3,0.8461942257217848,26.570050627853494,0.8461942257217848,308528942506
hungarian_astar_frontier,2,2,382,63.82,1910,88.11368546524622,7.3352435530085955,88,3,0.8465968586387435,26.637424009989395,0.8465968586387435,308528942506
hungarian_astar_frontier,2,2,383,63.980000000000004,1915,88.1157589716918,7.314285714285715,88,3,0.8469973890339425,26.146018610209914,0.8469973890339425,308528942506
hungarian_astar_frontier,2,2,384,64.1,1920,88.12523156724713,7.293447293447293,88,3,0.8473958333333333,25.394799955767887,0.8473958333333333,315647510973
hungarian_astar_frontier,2,2,385,64.24,1925,88.1309585396497,7.2727272727272725,88,3,0.8477922077922078,24.97516646013441,0.8477922077922078,315647510973
hungarian_astar_frontier,2,2,386,64.33,1930,88.14477636695354,7.312925170068027,84,1,0.8471502590673575,24.797431258413603,0.8471502590673575,318055599944
hungarian_astar_frontier,2,2,387,64.42999999999999,1935,88.15777381586928,7.30050933786078,85,3,0.8465116279069768,23.554277058170797,0.8465116279069768,325392424921
hungarian_astar_frontier,2,2,388,64.52,1940,88.17253579219447,7.284020327498589,85,3,0.8463917525773196,22.695933641671957,0.8463917525773196,325392424921
hungarian_astar_frontier,2,2,389,64.63,1945,88.18356339701984,7.267605633802816,85,3,0.8462724935732647,21.845880973078636,0.8462724935732647,325392424921
hungarian_astar_frontier,2,2,390,64.7,1950,88.20182716679736,7.255343082114736,86,2,0.8456410256410256,20.97036254422118,0.8456410256410256,330185192315
hungarian_astar_frontier,2,2,391,64.79,1955,88.21635778331485,7.2431218416619885,86,2,0.8450127877237852,20.623769317257096,0.8450127877237852,330185192315
hungarian_astar_frontier,2,2,392,64.88000000000001,1960,88.2308124875288,7.2309417040358746,85,1,0.8443877551020408,20.229683402016764,0.8443877551020408,332512828533
hungarian_astar_frontier,2,2,393,64.98,1965,88.24338260570643,7.218802462227196,86,2,0.843765903307888,20.324974734233926,0.843765903307888,337381368258
hungarian_astar_frontier,2,2,394,65.09,1970,88.25408282955878,7.206703910614524,86,2,0.8431472081218274,20.017800561670793,0.8431472081218274,337381368258
hungarian_astar_frontier,2,2,395,65.16999999999999,1975,88.27033837293017,7.190635451505016,83,1,0.8430379746835444,19.725770303502692,0.8430379746835444,339976407165
hungarian_astar_frontier,2,2,396,65.28,1980,88.28112377703977,7.174638487208009,82,1,0.842929292929293,19.446865596776156,0.842929292929293,342769455383
hungarian_astar_frontier,2,2,397,65.36999999999999,1985,88.29543419874665,7.158712541620421,82,1,0.8428211586901764,19.152427866178307,0.8428211586901764,342769455383
hungarian_astar_frontier,2,2,398,65.47,1990,88.30788463255648,7.142857142857142,82,1,0.8427135678391959,19.328095676371273,0.8427135678391959,342769455383
hungarian_astar_frontier,2,2,399,65.58,1995,88.31848949055932,7.186290768380321,82,2,0.8416040100250627,19.280211948389724,0.8416040100250627,347566183469
hungarian_astar_frontier,2,2,400,65.66,2000,88.33436972550413,7.229580573951434,82,2,0.8405,19.00961226044298,0.8405,347566183469
hungarian_astar_frontier,2,2,401,65.69,2005,88.35902888534467,7.2767364939360535,81,1,0.8389027431421446,19.284383021564665,0.8389027431421446,349894382817
hungarian_astar_frontier,2,2,402,65.72,2010,88.38356164383562,7.315731573157317,81,1,0.8383084577114428,19.423235281562434,0.8383084577114428,349894382817
hungarian_astar_frontier,2,2,403,65.73,2015,88.41149506346969,7.358594179022515,81,1,0.8372208436724565,20.03821330483839,0.8372208436724565,352368254167
hungarian_astar_frontier,2,2,404,65.75999999999999,2020,88.43576892640465,7.447973713033954,81,1,0.8366336633663366,20.391709923695746,0.8366336633663366,352368254167
hungarian_astar_frontier,2,2,405,65.79,2025,88.45991931240134,7.482250136537412,81,1,0.8365432098765432,20.541690705817775,0.8365432098765432,354712102926
hungarian_astar_frontier,2,2,406,65.84,2030,88.48044790482022,7.516339869281046,81,1,0.8364532019704434,21.004990045287308,0.8364532019704434,354712102926
hungarian_astar_frontier,2,2,407,65.9,2035,88.49912739965096,7.604562737642586,81,1,0.8358722358722359,21.75005500024403,0.8358722358722359,357562334986
hungarian_astar_frontier,2,2,408,65.95,2040,88.51945339019932,7.583965330444204,80,1,0.8362745098039216,22.606354556552102,0.8362745098039216,360394018113
hungarian_astar_frontier,2,2,409,66.03,2045,88.5344677895468,7.6175040518638575,80,1,0.8361858190709046,23.750867024177072,0.8361858190709046,363094866684
hungarian_astar_frontier,2,2,410,66.14999999999999,2050,88.54247856586126,7.650862068965517,80,1,0.8360975609756097,24.78169406483461,0.8360975609756097,363094866684
hungarian_astar_frontier,2,2,411,66.22,2055,88.55908776779545,7.741935483870968,77,1,0.8350364963503649,24.66207553305778,0.8350364963503649,365413016092
hungarian_astar_frontier,2,2,412,66.28,2060,88.57733735458854,7.828418230563003,79,1,0.8344660194174758,25.031218678266328,0.8344660194174758,368076064601
hungarian_astar_frontier,2,2,413,66.36999999999999,2065,88.59033866254083,7.914438502673797,79,1,0.8338983050847457,25.469425735265993,0.8338983050847457,368076064601
hungarian_astar_frontier,2,2,414,66.49000000000001,2070,88.59813084112149,8.0,79,1,0.8333333333333334,26.31176535074807,0.8333333333333334,368076064601
hungarian_astar_frontier,2,2,415,66.60000000000001,2075,88.60740005816042,8.085106382978724,78,2,0.8327710843373494,27.11691426866521,0.8327710843373494,373170784107
hungarian_astar_frontier,2,2,416,66.69,2080,88.61906549711594,8.121019108280255,81,1,0.8322115384615385,27.762337156232842,0.8322115384615385,375488663685
hungarian_astar_frontier,2,2,417,66.8,2085,88.6272707152221,8.205399682371626,81,2,0.8316546762589928,28.4758668240785,0.8316546762589928,380263931379
hungarian_astar_frontier,2,2,418,66.89,2090,88.63786923952371,8.289334741288279,80,1,0.8311004784688996,29.471387274591088,0.8311004784688996,383234383642
hungarian_astar_frontier,2,2,419,66.99000000000001,2095,88.64672485382594,8.32016850974197,80,1,0.8310262529832936,30.29125910625691,0.8310262529832936,383234383642
hungarian_astar_frontier,2,2,420,67.06,2100,88.66061313177428,8.35522858644246,78,1,0.8304761904761905,30.909841471757584,0.8304761904761905,385525840554
hungarian_astar_frontier,2,2,421,67.11,2105,88.67762181131057,8.385744234800839,79,1,0.8304038004750594,31.290202041710756,0.8304038004750594,388026452833
hungarian_astar_frontier,2,2,422,67.17999999999999,2110,88.69023569023568,8.468374281233665,79,1,0.8298578199052132,31.99574042927742,0.8298578199052132,390476097827
hungarian_astar_frontier,2,2,423,67.24,2115,88.7035263679586,8.550573514077165,79,1,0.8293144208037825,32.6730207315605,0.8293144208037825,390476097827
hungarian_astar_frontier,2,2,424,67.31,2120,88.71508567213225,8.64133263925039,78,2,0.8278301886792453,33.27522331457765,0.8278301886792453,395457286475
hungarian_astar_frontier,2,2,425,67.38,2125,88.72659739998996,8.67983367983368,78,1,0.8268235294117647,33.50220491699801,0.8268235294117647,397960273974
hungarian_astar_frontier,2,2,426,67.46,2130,88.73639217257731,8.718214841722885,78,1,0.8258215962441314,34.22431103434185,0.8258215962441314,397960273974
hungarian_astar_frontier,2,2,427,67.53,2135,88.74781304673832,8.756476683937823,78,1,0.824824355971897,34.45848612683584,0.824824355971897,397960273974
hungarian_astar_frontier,2,2,428,67.61,2140,88.75752436063719,8.837209302325581,78,2,0.8242990654205608,35.244624388374525,0.8242990654205608,402902909382
hungarian_astar_frontier,2,2,429,67.71000000000001,2145,88.76387713446508,8.917525773195877,78,2,0.8237762237762237,35.487532282334044,0.8237762237762237,402902909382
hungarian_astar_frontier,2,2,430,67.80000000000001,2150,88.77186009538951,8.997429305912597,78,2,0.8232558139534883,35.735425586197955,0.8232558139534883,402902909382
hungarian_astar_frontier,2,2,431,67.82000000000001,2155,88.79323165391543,9.025641025641026,78,2,0.8232018561484918,35.25253983347551,0.8232018561484918,407673848214
hungarian_astar_frontier,2,2,432,67.88,2160,88.80791426215994,9.053708439897697,79,1,0.8231481481481482,35.28143354838327,0.8231481481481482,410457415823
hungarian_astar_frontier,2,2,433,67.92,2165,88.82674212015529,9.081632653061225,80,1,0.8230946882217091,35.602641028316974,0.8230946882217091,412863481572
hungarian_astar_frontier,2,2,434,67.93,2170,88.85059169169662,9.164969450101832,79,1,0.8221198156682028,35.75513205615655,0.8221198156682028,415634773526
hungarian_astar_frontier,2,2,435,67.95,2175,88.87269511675892,9.243270695784663,79,1,0.8216091954022988,36.23520449821858,0.8216091954022988,415634773526
hungarian_astar_frontier,2,2,436,68.02,2180,88.88652887835961,9.270516717325227,79,1,0.8215596330275229,36.96207575570784,0.8215596330275229,415634773526
hungarian_astar_frontier,2,2,437,68.08999999999999,2185,88.90029994783517,9.348155634158665,77,1,0.8210526315789474,37.77897162095166,0.8210526315789474,417997116475
hungarian_astar_frontier,2,2,438,68.17,2190,88.91238228453393,9.375,77,1,0.8210045662100457,38.05829500683622,0.8210045662100457,420456716275
hungarian_astar_frontier,2,2,439,68.27,2195,88.92116451916523,9.401709401709402,76,1,0.8209567198177676,38.34313945458982,0.8209567198177676,422923972070
hungarian_astar_frontier,2,2,440,68.37,2200,88.92990722300482,9.42828485456369,77,1,0.8209090909090909,38.63447575978337,0.8209090909090909,425339525795
hungarian_astar_frontier,2,2,441,68.46,2205,88.94022617124394,9.45472736368184,76,1,0.8208616780045351,39.45693366158686,0.8208616780045351,427732442066
hungarian_astar_frontier,2,2,442,68.55,2210,88.95049887973694,9.481037924151696,76,1,0.820814479638009,40.28062122604968,0.820814479638009,430284888569
hungarian_astar_frontier,2,2,443,68.66,2215,88.95750908681526,9.507217521154804,76,1,0.8207674943566592,40.36985060299056,0.8207674943566592,432816377790
hungarian_astar_frontier,2,2,444,68.78999999999999,2220,88.96127862381051,9.533267130089374,76,1,0.8207207207207208,40.59191775866236,0.8207207207207208,432816377790
hungarian_astar_frontier,2,2,445,68.93,2225,88.96343025489945,9.559187716691431,76,1,0.8206741573033708,40.63158973893432,0.8206741573033708,435295756830
hungarian_astar_frontier,2,2,446,69.08999999999999,2230,88.96237718667625,9.58498023715415,75,2,0.820627802690583,40.69912408472152,0.820627802690583,440527194077
hungarian_astar_frontier,2,2,447,69.22,2235,88.96611088086205,9.61064563824544,74,1,0.8205816554809844,40.605184837912546,0.8205816554809844,443214403296
hungarian_astar_frontier,2,2,448,69.34,2240,88.97141857395067,9.636184857423794,75,2,0.8205357142857143,40.45929178473763,0.8205357142857143,448333678630
hungarian_astar_frontier,2,2,449,69.42,2245,88.98392497262644,9.661598822952428,75,1,0.820489977728285,39.51022885254879,0.820489977728285,450765722384
hungarian_astar_frontier,2,2,450,69.55,2250,88.98845806747835,9.686888454011742,75,1,0.8204444444444444,39.323919768552,0.8204444444444444,450765722384
hungarian_astar_frontier,2,2,451,69.69999999999999,2255,88.98981123134033,9.66325036603221,74,2,0.8208425720620842,39.80774250846393,0.8208425720620842,455745595932
hungarian_astar_frontier,2,2,452,69.85,2260,88.9913317572892,9.639727361246349,76,2,0.8212389380530973,39.197437837137684,0.8212389380530973,460916138238
hungarian_astar_frontier,2,2,453,69.95,2265,89.00070760279897,9.664885866925692,75,1,0.8211920529801324,39.37455781482986,0.8211920529801324,463448646771
hungarian_astar_frontier,2,2,454,70.07,2270,89.00690304361468,9.689922480620156,75,1,0.8211453744493392,38.79722842318235,0.8211453744493392,463448646771
hungarian_astar_frontier,2,2,455,70.17,2275,89.01620098614698,9.666505558240695,77,2,0.8215384615384616,39.37444146833985,0.8215384615384616,468468168948
hungarian_astar_frontier,2,2,456,70.26,2280,89.02701858503826,9.643201542912246,72,2,0.8219298245614035,39.024983519927275,0.8219298245614035,473519826774
hungarian_astar_frontier,2,2,457,70.30999999999999,2285,89.04402025710947,9.668109668109668,72,2,0.8218818380743983,39.16199790664406,0.8218818380743983,473519826774
hungarian_astar_frontier,2,2,458,70.36,2290,89.06094527363184,9.702209414024976,71,2,0.8209606986899564,39.21283916675987,0.8209606986899564,478599942819
hungarian_astar_frontier,2,2,459,70.42,2295,89.07624292251609,9.688249400479616,72,1,0.820479302832244,39.64013395894581,0.820479302832244,481249732559
hungarian_astar_frontier,2,2,460,70.48,2300,89.09147190837332,9.717568214456678,72,1,0.82,40.07314310649092,0.82,481249732559
hungarian_astar_frontier,2,2,461,70.54,2305,89.10663269245617,9.751434034416825,72,1,0.8190889370932755,40.02501034153131,0.8190889370932755,481249732559
hungarian_astar_frontier,2,2,462,70.58,2310,89.12480739599383,9.785202863961814,74,1,0.8181818181818182,40.67338836522587,0.8181818181818182,483681843732
hungarian_astar_frontier,2,2,463,70.64,2315,89.13982627411792,9.81419723677942,74,1,0.8177105831533478,40.94387689665915,0.8177105831533478,483681843732
hungarian_astar_frontier,2,2,464,70.69,2320,89.15631231784016,9.838403041825094,74,1,0.8176724137931034,41.92455232312015,0.8176724137931034,483681843732
hungarian_astar_frontier,2,2,465,70.71,2325,89.17731690518099,9.867172675521822,74,1,0.8172043010752689,42.83712689785862,0.8172043010752689,486121874627
hungarian_astar_frontier,2,2,466,70.73,2330,89.19822846670739,9.895833333333332,74,1,0.8167381974248927,43.558278775379016,0.8167381974248927,486121874627
hungarian_astar_frontier,2,2,467,70.76,2335,89.21752380952381,9.924385633270322,74,1,0.8162740899357601,44.29026004672687,0.8162740899357601,486121874627
hungarian_astar_frontier,2,2,468,70.81,2340,89.23369317317926,9.952830188679245,73,1,0.8158119658119658,45.18274400696474,0.8158119658119658,489124353704
hungarian_astar_frontier,2,2,469,70.91,2345,89.24220587119775,10.023529411764706,73,1,0.8153518123667377,45.97448545327536,0.8153518123667377,491611496770
hungarian_astar_frontier,2,2,470,70.99,2350,89.25370874962155,10.093896713615024,73,1,0.8148936170212766,46.63707544120424,0.8148936170212766,494270710125
hungarian_astar_frontier,2,2,471,71.11,2355,89.25911940185787,10.117096018735364,73,1,0.8148619957537155,47.32793119059192,0.8148619957537155,494270710125
hungarian_astar_frontier,2,2,472,71.27,2360,89.25847776940468,10.140186915887849,72,2,0.8148305084745763,48.0458315618919,0.8148305084745763,499943949143
hungarian_astar_frontier,2,2,473,71.41999999999999,2365,89.25934280772991,10.20979020979021,72,2,0.8143763213530656,48.62467602374253,0.8143763213530656,499943949143
hungarian_astar_frontier,2,2,474,71.6,2370,89.25570228091236,10.232558139534884,72,2,0.8143459915611815,49.36495341954077,0.8143459915611815,499943949143
hungarian_astar_frontier,2,2,475,71.78999999999999,2375,89.25058022010931,10.25522041763341,78,2,0.8143157894736842,49.92913135764026,0.8143157894736842,505485631431
hungarian_astar_frontier,2,2,476,71.97,2380,89.24697445091887,10.277777777777777,77,1,0.8142857142857143,50.68825978467531,0.8142857142857143,508318204766
hungarian_astar_frontier,2,2,477,72.15,2385,89.24338427133806,10.300230946882218,77,1,0.8142557651991614,51.44764329239307,0.8142557651991614,510990581059
hungarian_astar_frontier,2,2,478,72.38,2390,89.2323713180601,10.276497695852536,78,2,0.8146443514644351,52.06329590991788,0.8146443514644351,516425237138
hungarian_astar_frontier,2,2,479,72.56,2395,89.22882802642322,10.252873563218392,78,2,0.8150313152400835,52.213426366128445,0.8150313152400835,521889631436
hungarian_astar_frontier,2,2,480,72.69,2400,89.2327062657384,10.229357798165138,78,2,0.8154166666666667,52.46947701008894,0.8154166666666667,521889631436
hungarian_astar_frontier,2,2,481,72.83,2405,89.23508979380681,10.205949656750573,78,2,0.8158004158004158,52.69767539448246,0.8158004158004158,521889631436
hungarian_astar_frontier,2,2,482,73.00999999999999,2410,89.23156342182891,10.182648401826484,71,4,0.8161825726141079,52.914933586978954,0.8161825726141079,534452849554
hungarian_astar_frontier,2,2,483,73.21,2415,89.22510854367503,10.159453302961277,71,4,0.8165631469979296,53.656723697013305,0.8165631469979296,534452849554
hungarian_astar_frontier,2,2,484,73.39,2420,89.22161844617418,10.136363636363637,76,1,0.8169421487603306,53.913281271075064,0.8169421487603306,537259789191
hungarian_astar_frontier,2,2,485,73.49,2425,89.22986737011797,10.122560145256468,73,3,0.8164948453608247,53.41452341921737,0.8164948453608247,545349802549
hungarian_astar_frontier,2,2,486,73.6,2430,89.23661889441357,10.108794197642792,73,3,0.8160493827160494,52.9272675358492,0.8160493827160494,545349802549
hungarian_astar_frontier,2,2,487,73.71,2435,89.24334184604159,10.09506564056134,73,3,0.815605749486653,52.96196391520092,0.815605749486653,545349802549
hungarian_astar_frontier,2,2,488,73.83,2440,89.24858016601137,10.08137432188065,72,3,0.8151639344262295,52.52841862698017,0.8151639344262295,553293179373
hungarian_astar_frontier,2,2,489,73.91,2445,89.25945301828116,10.06317689530686,72,3,0.8151329243353783,52.84795494144434,0.8151329243353783,553293179373
hungarian_astar_frontier,2,2,490,73.99,2450,89.26950241468826,10.045045045045045,72,3,0.8151020408163265,53.21628395283692,0.8151020408163265,553293179373
hungarian_astar_frontier,2,2,491,74.09,2455,89.27661668499971,10.067415730337078,72,3,0.815071283095723,53.09576856561531,0.815071283095723,553293179373
hungarian_astar_frontier,2,2,492,74.18,2460,89.28514682728836,10.044843049327353,71,3,0.8154471544715447,52.66162120617092,0.8154471544715447,560948426689
hungarian_astar_frontier,2,2,493,74.25,2465,89.2965258757388,10.06711409395973,71,3,0.8154158215010142,51.9784971500898,0.8154158215010142,560948426689
hungarian_astar_frontier,2,2,494,74.32,2470,89.30785941388885,10.089285714285715,71,3,0.8153846153846154,51.73280560622085,0.8153846153846154,560948426689
hungarian_astar_frontier,2,2,495,74.4,2475,89.3184787446341,10.155902004454342,69,1,0.814949494949495,51.52468235922614,0.814949494949495,563654049976
hungarian_astar_frontier,2,2,496,74.44,2480,89.33478516268607,10.177777777777777,70,1,0.8149193548387097,51.16002038582531,0.8149193548387097,566368450115
hungarian_astar_frontier,2,2,497,74.46000000000001,2485,89.35403620142404,10.199556541019955,70,1,0.8148893360160966,50.695537373552455,0.8148893360160966,566368450115
hungarian_astar_frontier,2,2,498,74.5,2490,89.37035398861414,10.221238938053096,70,1,0.814859437751004,50.464604314946904,0.814859437751004,566368450115
hungarian_astar_frontier,2,2,499,74.53999999999999,2495,89.38660439685613,10.242825607064018,69,1,0.8148296593186373,50.181707288262835,0.8148296593186373,568843119547
hungarian_astar_frontier,2,2,500,74.59,2500,89.40136692385296,10.308370044052863,69,2,0.8144,50.28279342758965,0.8144,573846884669
hungarian_astar_frontier,2,2,501,74.65,2505,89.41465074728453,10.373626373626374,69,2,0.8139720558882235,50.07513808967268,0.8139720558882235,573846884669
hungarian_astar_frontier,2,2,502,74.7,2510,89.42929514483421,10.43859649122807,69,2,0.8135458167330677,49.640785634127056,0.8135458167330677,573846884669
hungarian_astar_frontier,2,2,503,74.74,2515,89.4451427038172,10.547045951859957,69,2,0.8127236580516899,49.55319125439937,0.8127236580516899,573846884669
hungarian_astar_frontier,2,2,504,74.78,2520,89.46003467279313,10.655021834061134,67,1,0.8119047619047619,49.65208487000179,0.8119047619047619,576375764976
hungarian_astar_frontier,2,2,505,74.83,2525,89.47198109092955,10.762527233115469,67,1,0.8110891089108911,50.39329678410199,0.8110891089108911,576375764976
hungarian_astar_frontier,2,2,506,74.89,2530,89.48248016290991,10.830795998260113,66,1,0.8102766798418972,50.393181015898506,0.8102766798418972,579053733721
hungarian_astar_frontier,2,2,507,74.98,2535,89.49020927070632,10.860121633362294,66,3,0.8094674556213017,50.236614718997046,0.8094674556213017,587060928745
hungarian_astar_frontier,2,2,508,75.01,2540,89.5071831242044,10.88937093275488,66,3,0.8086614173228347,50.10893796603451,0.8086614173228347,587060928745
hungarian_astar_frontier,2,2,509,75.03,2545,89.52563100290372,10.918544194107453,66,3,0.8078585461689587,49.661363987480684,0.8078585461689587,587060928745
hungarian_astar_frontier,2,2,510,75.05,2550,89.54400434679633,10.942906574394463,65,2,0.8074509803921569,49.94436798993969,0.8074509803921569,592008081729
hungarian_astar_frontier,2,2,511,75.12,2555,89.55535163093352,10.967184801381693,65,2,0.8070450097847358,49.94436798993969,0.8070450097847358,592008081729
hungarian_astar_frontier,2,2,512,75.18,2560,89.56804085087488,10.991379310344827,65,2,0.806640625,50.12904421329848,0.806640625,592008081729
hungarian_astar_frontier,2,2,513,75.2,2565,89.58621835705976,11.015490533562824,65,2,0.8062378167641325,50.31883495121212,0.8062378167641325,592008081729
hungarian_astar_frontier,2,2,514,75.24,2570,89.60155893693769,11.039518900343642,65,2,0.8058365758754864,50.57548717795511,0.8058365758754864,592008081729
hungarian_astar_frontier,2,2,515,75.25,2575,89.6209759730766,11.025311025311026,62,1,0.8054368932038835,50.91732615459455,0.8054368932038835,594288949491
hungarian_astar_frontier,2,2,516,75.3,2580,89.63480942089832,11.053984575835475,62,2,0.8046511627906977,51.31908930529397,0.8046511627906977,599919169029
hungarian_astar_frontier,2,2,517,75.36,2585,89.64721397955819,11.082584510055627,62,2,0.8038684719535784,52.204263035602025,0.8038684719535784,599919169029
hungarian_astar_frontier,2,2,518,75.42999999999999,2590,89.65819817102431,11.106364801366936,62,2,0.8034749034749035,53.11928647398037,0.8034749034749035,599919169029
hungarian_astar_frontier,2,2,519,75.53,2595,89.66503379765194,11.12531969309463,63,1,0.8034682080924855,53.649947643305836,0.8034682080924855,602322657374
hungarian_astar_frontier,2,2,520,75.64,2600,89.67047673672279,11.144193960017015,63,1,0.8034615384615384,54.40094394806124,0.8034615384615384,602322657374
hungarian_astar_frontier,2,2,521,75.77000000000001,2605,89.67317232731831,11.205432937181664,63,1,0.8030710172744722,55.156075390333214,0.8030710172744722,602322657374
hungarian_astar_frontier,2,2,522,75.9,2610,89.67585728470966,11.266412537060567,61,2,0.8026819923371648,54.76581400909676,0.8026819923371648,607254191627
hungarian_astar_frontier,2,2,523,76.08,2615,89.671743911379,11.32713440405748,63,1,0.8022944550669217,54.391390100253695,0.8022944550669217,609893373056
hungarian_astar_frontier,2,2,524,76.2,2620,89.67577601040551,11.387600168705188,61,1,0.8019083969465649,53.92629923626875,0.8019083969465649,612392728927
hungarian_astar_frontier,2,2,525,76.3,2625,89.68249675465167,11.447811447811448,61,1,0.8015238095238095,53.30937590637545,0.8015238095238095,615118840261
hungarian_astar_frontier,2,2,526,76.38000000000001,2630,89.6918903599336,11.465770684586309,62,1,0.8015209125475286,53.16684302765825,0.8015209125475286,617554906111
hungarian_astar_frontier,2,2,527,76.49000000000001,2635,89.69720643301635,11.483654652137469,62,1,0.8015180265654649,52.790633449725945,0.8015180265654649,617554906111
hungarian_astar_frontier,2,2,528,76.58,2640,89.70519042305779,11.464435146443515,61,1,0.8015151515151515,52.77241050779266,0.8015151515151515,620034283230
hungarian_astar_frontier,2,2,529,76.64999999999999,2645,89.71582675897601,11.445279866332497,62,1,0.8015122873345936,53.07218201842842,0.8015122873345936,622408357685
hungarian_astar_frontier,2,2,530,76.75,2650,89.72240448866452,11.4214255939975,62,1,0.8018867924528302,53.03182970944575,0.8018867924528302,622408357685
hungarian_astar_frontier,2,2,531,76.86,2655,89.72762021865228,11.397670549084857,61,2,0.8022598870056498,52.82012568553381,0.8022598870056498,627808334994
hungarian_astar_frontier,2,2,532,76.92,2660,89.73948537356436,11.378737541528238,63,1,0.8022556390977443,52.21412175179374,0.8022556390977443,630385938492
hungarian_astar_frontier,2,2,533,76.97,2665,89.75263606347855,11.359867330016584,63,1,0.8022514071294559,52.006536522296166,0.8022514071294559,630385938492
hungarian_astar_frontier,2,2,534,77.03,2670,89.76440729766001,11.33636739760033,63,1,0.802621722846442,51.47434690522571,0.802621722846442,633345797675
hungarian_astar_frontier,2,2,535,77.03999999999999,2675,89.78276438290762,11.354252683732453,63,1,0.8026168224299065,51.26888617524285,0.8026168224299065,635824138991
hungarian_astar_frontier,2,2,536,77.05,2680,89.80105100136339,11.413267408323033,63,1,0.8022388059701493,50.899095736477754,0.8022388059701493,638271152336
hungarian_astar_frontier,2,2,537,77.05,2685,89.82058870158008,11.435623200329083,63,1,0.8018621973929236,50.74366229440166,0.8018621973929236,640838411677
hungarian_astar_frontier,2,2,538,77.05,2690,89.8400516898084,11.540041067761807,63,1,0.8007434944237918,50.89918628512113,0.8007434944237918,640838411677
hungarian_astar_frontier,2,2,539,77.06,2695,89.85812429259562,11.562115621156211,63,1,0.8003710575139147,50.789300367350094,0.8003710575139147,640838411677
hungarian_astar_frontier,2,2,540,77.07000000000001,2700,89.87612804918098,11.584117887842817,63,1,0.8,50.3985492992455,0.8,643299615787
hungarian_astar_frontier,2,2,541,77.10000000000001,2705,89.89144115796098,11.56518185533306,63,1,0.8,50.50160035710483,0.8,643299615787
hungarian_astar_frontier,2,2,542,77.16,2710,89.90277032597459,11.582381729200652,61,1,0.8,51.12307036510768,0.8,646147834064
hungarian_astar_frontier,2,2,543,77.19,2715,89.91797497453045,11.64021164021164,61,1,0.7996316758747698,51.43759255214881,0.7996316758747698,646147834064
hungarian_astar_frontier,2,2,544,77.24,2720,89.93051481611847,11.697806661251017,61,1,0.799264705882353,51.75336481799966,0.799264705882353,646147834064
hungarian_astar_frontier,2,2,545,77.25,2725,89.94821214802478,11.755168220510742,59,1,0.7988990825688074,52.24629884464107,0.7988990825688074,648545612396
hungarian_astar_frontier,2,2,546,77.25999999999999,2730,89.96584282504513,11.812297734627832,59,2,0.7985347985347986,52.24629884464107,0.7985347985347986,654009109376
hungarian_astar_frontier,2,2,547,77.27000000000001,2735,89.98340722304322,11.86919660880097,59,2,0.7981718464351005,52.07175869690578,0.7981718464351005,654009109376
hungarian_astar_frontier,2,2,548,77.27000000000001,2740,90.0021995937221,11.925866236905721,59,2,0.7978102189781022,51.90097772018313,0.7978102189781022,654009109376
hungarian_astar_frontier,2,2,549,77.3,2745,90.01704721562145,11.987127916331456,58,1,0.7970856102003643,51.78920154430648,0.7970856102003643,656999752145
hungarian_astar_frontier,2,2,550,77.32,2750,90.03312837567836,12.04335608189482,58,1,0.7967272727272727,52.10662262646382,0.7967272727272727,656999752145
hungarian_astar_frontier,2,2,551,77.35,2755,90.04786289596254,12.099358974358974,58,1,0.7963702359346643,52.748953351317255,0.7963702359346643,656999752145
hungarian_astar_frontier,2,2,552,77.37,2760,90.06382678156344,12.16,58,1,0.7956521739130434,53.124104098026564,0.7956521739130434,656999752145
hungarian_astar_frontier,2,2,553,77.41,2765,90.07716761523868,12.220447284345049,58,1,0.7949367088607595,53.3438532691879,0.7949367088607595,656999752145
hungarian_astar_frontier,2,2,554,77.45,2770,90.0904589480149,12.280701754385964,58,1,0.7942238267148014,54.001683760324525,0.7942238267148014,656999752145
hungarian_astar_frontier,2,2,555,77.5,2775,90.10242394830273,12.340764331210192,58,1,0.7935135135135135,54.64408166520464,0.7935135135135135,656999752145
hungarian_astar_frontier,2,2,556,77.52,2780,90.11816895483575,12.400635930047695,58,1,0.7928057553956834,54.74757768890303,0.7928057553956834,659343748043
hungarian_astar_frontier,2,2,557,77.53999999999999,2785,90.13385586319218,12.5,58,1,0.7917414721723519,55.13175851380246,0.7917414721723519,659343748043
hungarian_astar_frontier,2,2,558,77.56,2790,90.14948499434827,12.554455445544555,58,1,0.7913978494623656,55.29132756918451,0.7913978494623656,659343748043
hungarian_astar_frontier,2,2,559,77.66999999999999,2795,90.15364721989808,12.569169960474309,57,1,0.7914132379248658,56.11529889206973,0.7914132379248658,662426619551
hungarian_astar_frontier,2,2,560,77.78,2800,90.15779417161224,12.583826429980277,59,1,0.7914285714285715,56.27010176216227,0.7914285714285715,664743369231
hungarian_astar_frontier,2,2,561,77.92,2805,90.15813671500025,12.637795275590552,58,1,0.7910873440285205,56.78095739888837,0.7910873440285205,667064987988
hungarian_astar_frontier,2,2,562,78.0,2810,90.16604258860016,12.617924528301888,56,2,0.7911032028469751,56.50198741378813,0.7911032028469751,672655826108
hungarian_astar_frontier,2,2,563,78.07,2815,90.17517807253782,12.637362637362637,56,2,0.7907637655417407,56.498429433058185,0.7907637655417407,672655826108
hungarian_astar_frontier,2,2,564,78.12,2820,90.18679261873956,12.617554858934168,55,2,0.7907801418439716,56.995622076664496,0.7907801418439716,678268614280
hungarian_astar_frontier,2,2,565,78.22,2825,90.19209549603772,12.597809076682315,55,2,0.7907964601769911,57.22076726499853,0.7907964601769911,678268614280
hungarian_astar_frontier,2,2,566,78.34,2830,90.19487590272476,12.578125000000002,57,1,0.7908127208480565,57.695715434045475,0.7908127208480565,680809835278
hungarian_astar_frontier,2,2,567,78.43,2835,90.2013942680093,12.558502340093602,57,1,0.7908289241622575,57.51172355218482,0.7908289241622575,680809835278
hungarian_astar_frontier,2,2,568,78.52,2840,90.20776694186019,12.538940809968846,57,1,0.7908450704225352,58.020420691463606,0.7908450704225352,680809835278
hungarian_astar_frontier,2,2,569,78.62,2845,90.21287190339848,12.519440124416798,59,1,0.7908611599297012,58.35668720050305,0.7908611599297012,683240280097
hungarian_astar_frontier,2,2,570,78.71000000000001,2850,90.21920123269628,12.5,59,1,0.7908771929824562,58.467171086599606,0.7908771929824562,685636331314
hungarian_astar_frontier,2,2,571,78.86,2855,90.21806544444169,12.514529252227819,58,1,0.7908931698774081,58.2955570140998,0.7908931698774081,688076926677
hungarian_astar_frontier,2,2,572,78.95,2860,90.22448398400257,12.533849129593811,59,2,0.7905594405594406,57.797957630036265,0.7905594405594406,693054381050
hungarian_astar_frontier,2,2,573,79.01,2865,90.23458743263954,12.553109308613363,59,1,0.7902268760907505,56.951361683501865,0.7902268760907505,695711694555
hungarian_astar_frontier,2,2,574,79.09,2870,90.24218721083736,12.572310065561126,58,1,0.7898954703832752,57.17667608786185,0.7898954703832752,698216174813
hungarian_astar_frontier,2,2,575,79.14999999999999,2875,90.25222296115668,12.58660508083141,58,1,0.7899130434782609,56.87414314817464,0.7899130434782609,698216174813
hungarian_astar_frontier,2,2,576,79.2,2880,90.26345229460433,12.562427967729542,57,2,0.7902777777777777,57.425935203604375,0.7902777777777777,703441407694
hungarian_astar_frontier,2,2,577,79.25,2885,90.27464166503043,12.543153049482164,56,2,0.7902946273830156,57.424764977322255,0.7902946273830156,708089415997
hungarian_astar_frontier,2,2,578,79.33,2890,90.28211630100571,12.523937188816545,56,2,0.7903114186851211,57.697735175602546,0.7903114186851211,708089415997
hungarian_astar_frontier,2,2,579,79.39,2895,90.29201007605958,12.50956388676358,56,2,0.7899827288428325,57.184676532422216,0.7899827288428325,708089415997
hungarian_astar_frontier,2,2,580,79.46,2900,90.3006481696227,12.533435231180743,56,1,0.7893103448275862,57.309352587546165,0.7893103448275862,710581821195
hungarian_astar_frontier,2,2,581,79.55,2905,90.30670062266198,12.51908396946565,57,1,0.7889845094664372,57.441124158297555,0.7889845094664372,713361989971
hungarian_astar_frontier,2,2,582,79.65,2910,90.31151549062777,12.542889820815859,57,1,0.7883161512027491,57.10605794200368,0.7883161512027491,713361989971
hungarian_astar_frontier,2,2,583,79.73,2915,90.31874203144922,12.5999238675295,56,1,0.7876500857632933,57.19012164692981,0.7876500857632933,715865189066
hungarian_astar_frontier,2,2,584,79.82000000000001,2920,90.32461393003467,12.623574144486692,56,1,0.786986301369863,57.51168910140616,0.786986301369863,718535807244
hungarian_astar_frontier,2,2,585,79.83,2925,90.33897689729037,12.64236902050114,56,1,0.7866666666666666,57.87166654247316,0.7866666666666666,721048502019
hungarian_astar_frontier,2,2,586,79.86999999999999,2930,90.34966893818569,12.623199393479908,56,1,0.7866894197952219,58.39818955971374,0.7866894197952219,721048502019
hungarian_astar_frontier,2,2,587,79.9,2935,90.36153298671846,12.641937925813778,56,1,0.7863713798977854,58.291114204150816,0.7863713798977854,723403945524
hungarian_astar_frontier,2,2,588,79.95,2940,90.37095025894256,12.65583679637325,56,1,0.7863945578231293,58.291114204150816,0.7863945578231293,723403945524
hungarian_astar_frontier,2,2,589,79.99000000000001,2945,90.38153986748915,12.669683257918551,55,1,0.7864176570458404,58.19038895011543,0.7864176570458404,725684025885
hungarian_astar_frontier,2,2,590,80.04,2950,90.39089512101421,12.68347760632292,55,1,0.7864406779661017,57.7358196920553,0.7864406779661017,725684025885
hungarian_astar_frontier,2,2,591,80.08999999999999,2955,90.40079583862693,12.772351615326821,55,1,0.7857868020304568,57.50117681991033,0.7857868020304568,728010501674
hungarian_astar_frontier,2,2,592,80.16,2960,90.40827071267888,12.785901762279714,55,1,0.7858108108108108,57.81379508606231,0.7858108108108108,730424521733
hungarian_astar_frontier,2,2,593,80.24,2965,90.41464084767831,12.761976047904191,55,1,0.7861720067453626,57.540089146523975,0.7861720067453626,730424521733
hungarian_astar_frontier,2,2,594,80.31,2970,90.4221824686941,12.742899850523168,55,1,0.7861952861952862,57.6263873210454,0.7861952861952862,732843240608
hungarian_astar_frontier,2,2,595,80.36999999999999,2975,90.43088975937326,12.761194029850747,55,1,0.7858823529411765,57.95948589723457,0.7858823529411765,735390965385
hungarian_astar_frontier,2,2,596,80.44,2980,90.43837961201979,12.811918063314712,55,1,0.7855704697986577,58.20329440500755,0.7855704697986577,735390965385
hungarian_astar_frontier,2,2,597,80.52,2985,90.44454465620773,12.830048345109708,55,1,0.7852596314907873,58.812078383762106,0.7852596314907873,735390965385
hungarian_astar_frontier,2,2,598,80.63,2990,90.44656927214777,12.848124767916822,55,1,0.7849498327759198,59.49038025536457,0.7849498327759198,738068382913
hungarian_astar_frontier,2,2,599,80.75,2995,90.44740453319453,12.866147571375603,55,2,0.7846410684474123,59.617095982237764,0.7846410684474123,742738684335
hungarian_astar_frontier,2,2,600,80.87,3000,90.44823717002302,12.884116993706035,55,2,0.7843333333333333,59.76748173300907,0.7843333333333333,742738684335
hungarian_astar_frontier,2,2,601,80.95,3005,90.4532213744059,12.902033271719038,54,1,0.784026622296173,59.91891515070746,0.784026622296173,745060563301
hungarian_astar_frontier,2,2,602,80.97,3010,90.46469452164492,12.919896640826872,52,1,0.7837209302325582,59.9641065005848,0.7837209302325582,747429049166
hungarian_astar_frontier,2,2,603,80.99,3015,90.47602248406594,12.900847769996314,53,1,0.7837479270315091,60.027884747392605,0.7837479270315091,749927840774
hungarian_astar_frontier,2,2,604,81.05,3020,90.48262094880225,12.918660287081341,52,1,0.7834437086092715,60.333682598402866,0.7834437086092715,752683385715
hungarian_astar_frontier,2,2,605,81.14,3025,90.48512494576498,12.93166789125643,52,1,0.7834710743801653,60.703802487985264,0.7834710743801653,752683385715
hungarian_astar_frontier,2,2,606,81.22,3030,90.48990679593462,12.907957462412908,51,1,0.7838283828382838,60.38465754538832,0.7838283828382838,754942469651
hungarian_astar_frontier,2,2,607,81.32000000000001,3035,90.49333645078326,12.88433382137628,51,1,0.7841845140032949,60.11596136841323,0.7841845140032949,754942469651
hungarian_astar_frontier,2,2,608,81.42,3040,90.4968661367695,12.89733284618195,54,2,0.7842105263157895,60.12728965723346,0.7842105263157895,759978702989
hungarian_astar_frontier,2,2,609,81.53,3045,90.4991085266801,12.91499452754469,54,2,0.7839080459770115,60.16459957567999,0.7839080459770115,759978702989
hungarian_astar_frontier,2,2,610,81.6,3050,90.5048930055039,12.932604735883423,54,2,0.7836065573770492,60.258658051007764,0.7836065573770492,759978702989
hungarian_astar_frontier,2,2,611,81.69,3055,90.50844700578625,12.950163695889414,57,2,0.7833060556464811,59.82193983997562,0.7833060556464811,764956750544
hungarian_astar_frontier,2,2,612,81.77,3060,90.51315071989605,12.967671630948058,57,2,0.7830065359477124,59.40228505464065,0.7830065359477124,764956750544
hungarian_astar_frontier,2,2,613,81.85,3065,90.51838980596582,12.98512876314835,57,2,0.7827079934747145,58.694101479377494,0.7827079934747145,764956750544
hungarian_astar_frontier,2,2,614,81.93,3070,90.5237225010988,13.007246376811594,50,2,0.782084690553746,58.71269501492443,0.782084690553746,771062384664
hungarian_astar_frontier,2,2,615,82.0,3075,90.53074044990531,13.024602026049203,50,2,0.7817886178861788,58.5418371581917,0.7817886178861788,771062384664
hungarian_astar_frontier,2,2,616,82.09,3080,90.53543016579427,13.005780346820808,52,1,0.7818181818181819,58.91920099105274,0.7818181818181819,773655156159
hungarian_astar_frontier,2,2,617,82.19999999999999,3085,90.53791166415341,12.987012987012985,52,1,0.7818476499189627,58.852909703549734,0.7818476499189627,776379429635
hungarian_astar_frontier,2,2,618,82.3,3090,90.54153450098838,12.972972972972974,52,1,0.7815533980582524,59.052758044701385,0.7815533980582524,776379429635
hungarian_astar_frontier,2,2,619,82.45,3095,90.53930005737236,12.958963282937367,52,1,0.7812600969305331,59.51281559864233,0.7812600969305331,778809530359
hungarian_astar_frontier,2,2,620,82.59,3100,90.53767629435285,12.940330697340045,51,1,0.7812903225806451,59.66738431101942,0.7812903225806451,781500505872
hungarian_astar_frontier,2,2,621,82.74000000000001,3105,90.53437210419742,12.917115177610333,51,1,0.7816425120772947,59.74964399794868,0.7816425120772947,781500505872
hungarian_astar_frontier,2,2,622,82.89,3110,90.53053670573719,12.893982808022923,52,1,0.7819935691318328,59.73042840894332,0.7819935691318328,783810367498
hungarian_astar_frontier,2,2,623,83.09,3115,90.52100801989573,12.870933142652843,49,2,0.7823434991974317,59.73761710598129,0.7823434991974317,788827497603
hungarian_astar_frontier,2,2,624,83.25,3120,90.51660306430483,12.852552659764369,51,2,0.7823717948717949,59.38969466257163,0.7823717948717949,794553058441
hungarian_astar_frontier,2,2,625,83.43,3125,90.50993595941442,12.838801711840228,51,2,0.78208,59.04616603169304,0.78208,794553058441
hungarian_astar_frontier,2,2,626,83.57,3130,90.50837062444631,12.829650748396293,49,3,0.7814696485623003,58.37819805967572,0.7814696485623003,802641790255
hungarian_astar_frontier,2,2,627,83.69,3135,90.51015432763724,12.815948736205055,49,3,0.7811802232854864,57.73473665033987,0.7811802232854864,802641790255
hungarian_astar_frontier,2,2,628,83.76,3140,90.5177000667927,12.797724848915749,49,3,0.7812101910828025,56.9841998742167,0.7812101910828025,802641790255
hungarian_astar_frontier,2,2,629,83.86,3145,90.52193765681864,12.779552715654951,51,1,0.7812400635930048,56.109005054383985,0.7812400635930048,805938572849
hungarian_astar_frontier,2,2,630,83.98,3150,90.52390462972366,12.756909992912826,50,1,0.7815873015873016,55.50464281713336,0.7815873015873016,808240749594
hungarian_astar_frontier,2,2,631,84.11,3155,90.5247386445566,12.774239207360228,50,1,0.7812995245641838,54.94169106394041,0.7812995245641838,808240749594
hungarian_astar_frontier,2,2,632,84.22,3160,90.527819329007,12.751677852348994,51,1,0.7816455696202531,54.57148037738163,0.7816455696202531,810851571749
hungarian_astar_frontier,2,2,633,84.35000000000001,3165,90.52853790269153,12.729196050775741,50,1,0.7819905213270142,55.04615826208582,0.7819905213270142,813466424612
hungarian_astar_frontier,2,2,634,84.49,3170,90.52813309267833,12.706793382611755,50,1,0.7823343848580442,54.70028048635474,0.7823343848580442,813466424612
hungarian_astar_frontier,2,2,635,84.65,3175,90.52549107392691,12.684469430780043,50,1,0.7826771653543307,54.72685871078686,0.7826771653543307,816305733296
hungarian_astar_frontier,2,2,636,84.77,3180,90.52679808680881,12.662223781129429,50,1,0.7830188679245284,55.41671856045117,0.7830188679245284,816305733296
hungarian_astar_frontier,2,2,637,84.88,3185,90.52974516892043,12.648913805185705,50,3,0.7827315541601256,55.023888385825046,0.7827315541601256,823670014999
hungarian_astar_frontier,2,2,638,85.0,3190,90.53167433415392,12.631210636808957,50,1,0.7827586206896552,54.733075475378975,0.7827586206896552,826001178891
hungarian_astar_frontier,2,2,639,85.14,3195,90.53137302875953,12.613556953179595,50,1,0.7827856025039124,54.88677338746221,0.7827856025039124,826001178891
hungarian_astar_frontier,2,2,640,85.24000000000001,3200,90.53551402906854,12.59155912103244,50,1,0.783125,55.43703896979355,0.783125,828467620153
hungarian_astar_frontier,2,2,641,85.35000000000001,3205,90.53853316778999,12.574016022291884,49,2,0.7831513260530422,55.28012457340269,0.7831513260530422,833146728535
hungarian_astar_frontier,2,2,642,85.47,3210,90.54043584607041,12.556521739130435,49,2,0.7831775700934579,54.78999269880369,0.7831775700934579,833146728535
hungarian_astar_frontier,2,2,643,85.56,3215,90.54564741762249,12.534722222222221,49,2,0.7835147744945568,54.23681343811779,0.7835147744945568,833146728535
hungarian_astar_frontier,2,2,644,85.67,3220,90.5486358571539,12.512998266897746,49,2,0.7838509316770186,54.28769683425618,0.7838509316770186,833146728535
hungarian_astar_frontier,2,2,645,85.78,3225,90.55161475084813,12.491349480968857,51,3,0.7841860465116279,54.90401733241955,0.7841860465116279,841215206701
hungarian_astar_frontier,2,2,646,85.91,3230,90.5523847228179,12.469775474956823,51,3,0.7845201238390093,55.54524687640592,0.7845201238390093,841215206701
hungarian_astar_frontier,2,2,647,86.02,3235,90.55534816311294,12.452569851672992,53,1,0.7845440494590418,55.159755931555495,0.7845440494590418,844374449686
hungarian_astar_frontier,2,2,648,86.13,3240,90.55830218256361,12.431129476584022,52,1,0.7848765432098765,54.34202835510695,0.7848765432098765,846825406191
hungarian_astar_frontier,2,2,649,86.27,3245,90.557963400753,12.40976280508766,50,1,0.7852080123266564,53.54567642596838,0.7852080123266564,849459225082
hungarian_astar_frontier,2,2,650,86.38,3250,90.56090391529072,12.392722279437006,50,1,0.7852307692307692,52.77121677785387,0.7852307692307692,849459225082
hungarian_astar_frontier,2,2,651,86.5,3255,90.56264115124868,12.37572848817278,51,1,0.7852534562211981,52.406105710995085,0.7852534562211981,852006669607
hungarian_astar_frontier,2,2,652,86.6,3260,90.56655156261914,12.35878123930161,51,2,0.7852760736196319,52.37018872679918,0.7852760736196319,857337521250
hungarian_astar_frontier,2,2,653,86.71,3265,90.56936211865789,12.337662337662337,51,2,0.7856049004594181,52.80010492507207,0.7856049004594181,857337521250
hungarian_astar_frontier,2,2,654,86.85000000000001,3270,90.56890616686032,12.320819112627987,51,1,0.7856269113149847,52.28487116764647,0.7856269113149847,859941034520
hungarian_astar_frontier,2,2,655,87.0,3275,90.56736742814394,12.304021813224267,52,1,0.785648854961832,51.76251711532855,0.785648854961832,862413408848
hungarian_astar_frontier,2,2,656,87.14,3280,90.56691600723124,12.321307011572499,52,1,0.7853658536585366,51.25978669866462,0.7853658536585366,865115610731
hungarian_astar_frontier,2,2,657,87.25,3285,90.56970849861112,12.338545207341944,53,1,0.7850837138508371,50.95662851496923,0.7850837138508371,867821094940
hungarian_astar_frontier,2,2,658,87.37,3290,90.57141315491286,12.355736591989137,54,1,0.7848024316109422,50.67211653642319,0.7848024316109422,870486378703
hungarian_astar_frontier,2,2,659,87.5,3295,90.5720350397052,12.338983050847457,56,1,0.7848254931714719,50.912078256518775,0.7848254931714719,873156920563
hungarian_astar_frontier,2,2,660,87.66000000000001,3300,90.56942756016481,12.318104906937394,55,1,0.7851515151515152,50.49771123030176,0.7851515151515152,875741100375
hungarian_astar_frontier,2,2,661,87.8,3305,90.56897644392407,12.297297297297298,53,1,0.7854765506807867,49.67477870066843,0.7854765506807867,878510912214
hungarian_astar_frontier,2,2,662,87.94,3310,90.56852672107763,12.276559865092748,53,1,0.7858006042296073,49.77618388113588,0.7858006042296073,881468314208
hungarian_astar_frontier,2,2,663,88.11,3315,90.56486587781764,12.255892255892256,53,1,0.7861236802413273,49.372705221497924,0.7861236802413273,884111380317
hungarian_astar_frontier,2,2,664,88.29,3320,90.56014712014455,12.23529411764706,53,2,0.7864457831325301,49.63458556420301,0.7864457831325301,890048935083
hungarian_astar_frontier,2,2,665,88.46000000000001,3325,90.5565104138866,12.21476510067114,53,1,0.7867669172932331,49.44580160849615,0.7867669172932331,892978233415
hungarian_astar_frontier,2,2,666,88.64,3330,90.55181896671179,12.194304857621441,52,1,0.7870870870870871,49.728330884105134,0.7870870870870871,895775436572
hungarian_astar_frontier,2,2,667,88.8,3335,90.5492704419919,12.173913043478262,53,2,0.7874062968515743,49.785700507237344,0.7874062968515743,901658406912
hungarian_astar_frontier,2,2,668,88.96,3340,90.5467297168057,12.153589315525878,55,1,0.7877245508982036,49.50558623741971,0.7877245508982036,904237661286
hungarian_astar_frontier,2,2,669,89.14999999999999,3345,90.54091333503098,12.133333333333333,55,1,0.7880418535127055,49.68810967535832,0.7880418535127055,904237661286
hungarian_astar_frontier,2,2,670,89.27000000000001,3350,90.54253053786908,12.11314475873544,54,2,0.7883582089552239,49.82112141437646,0.7883582089552239,909684428646
hungarian_astar_frontier,2,2,671,89.41,3355,90.541526938823,12.093023255813954,54,2,0.7886736214605067,49.97269073159732,0.7886736214605067,909684428646
hungarian_astar_frontier,2,2,672,89.55,3360,90.54102585769816,12.07697412076974,52,2,0.7886904761904762,49.83309638920811,0.7886904761904762,915240106335
hungarian_astar_frontier,2,2,673,89.66,3365,90.5436903443548,12.060967528164348,50,2,0.7887072808320951,50.164836112004174,0.7887072808320951,921137990366
hungarian_astar_frontier,2,2,674,89.81,3370,90.54213441732134,12.041018855441614,50,2,0.7890207715133531,50.50327153700755,0.7890207715133531,921137990366
hungarian_astar_frontier,2,2,675,89.98,3375,90.53848014216464,12.021136063408191,55,1,0.7893333333333333,50.84820240156523,0.7893333333333333,924023096162
hungarian_astar_frontier,2,2,676,90.14,3380,90.53588677501995,12.001318826244642,50,2,0.7896449704142012,51.704526488186424,0.7896449704142012,929061704390
