timestep,alpha,beta,gamma,delta
1,-1.733481764793396,0.46839234232902527,-0.8240965008735657,0.6048408150672913
2,-0.3924829661846161,-0.6025938391685486,-1.9277327060699463,0.6034107208251953
3,0.9773341417312622,0.4213196337223053,0.27793893218040466,2.1137003898620605
4,0.849870502948761,0.3735828101634979,-0.7330300211906433,0.30622005462646484
5,1.1344070434570312,-0.7271655201911926,1.4987006187438965,-0.7406333088874817
6,-0.5197802782058716,0.23310886323451996,-0.40459248423576355,-0.549436092376709
7,2.5174224376678467,0.6493069529533386,0.648797333240509,0.5989263653755188
8,0.3518206477165222,-1.046598196029663,0.6710996031761169,1.432784914970398
9,-0.30305925011634827,2.254547595977783,0.4521517753601074,1.020126223564148
10,-0.9213090538978577,-1.4052523374557495,0.6103653311729431,-0.8039484620094299
11,0.29418498277664185,-0.08902876824140549,0.9227242469787598,0.7764251828193665
12,-0.9162421822547913,-1.0826867818832397,0.570244312286377,1.7380726337432861
13,-0.11098603904247284,0.8411665558815002,-1.0398528575897217,0.7079070210456848
14,-0.05465122312307358,-0.6253997683525085,0.756723165512085,-0.32603782415390015
15,0.8849027156829834,0.18390294909477234,2.0708107948303223,1.5166521072387695
16,1.5187878608703613,-0.49518248438835144,0.672141432762146,0.6126273274421692
17,0.3325829803943634,-0.5427030920982361,-0.6524577140808105,-0.5458053946495056
18,-1.1066055297851562,-0.36043599247932434,0.739989161491394,0.5599206686019897
19,0.08102293312549591,-0.7738572359085083,1.055683970451355,-0.7739883661270142
20,-1.780259609222412,-1.5350829362869263,0.04606304317712784,-1.5998213291168213
21,0.6335497498512268,-0.7618860006332397,-1.7734802961349487,0.7541130781173706
22,-0.6171922087669373,-0.902854323387146,-1.8014094829559326,-0.5999717712402344
23,-0.18903093039989471,0.3437412679195404,1.5712354183197021,-2.236570358276367
24,0.36145246028900146,0.7248827815055847,-1.2901253700256348,0.3628423511981964
25,-1.443353533744812,0.6940709352493286,-1.5856869220733643,2.6113712787628174
26,0.49083518981933594,-0.05248740315437317,1.1613978147506714,0.6099574565887451
27,1.4100571870803833,0.6799318194389343,-1.5583406686782837,-2.311351776123047
28,-0.44980019330978394,1.3806736469268799,-0.8392758965492249,-0.541427493095398
29,0.26294317841529846,-0.5806629657745361,-0.4152456223964691,0.25235334038734436
30,1.993711233139038,-0.9523450136184692,-0.16970984637737274,1.424916386604309
31,-0.240626722574234,0.6557973623275757,-0.16373108327388763,0.19704681634902954
32,-0.5091699361801147,-0.8193235397338867,-1.111907958984375,-0.8117101788520813
33,-1.1720367670059204,-0.9108787775039673,0.7745345830917358,-0.09494461864233017
34,-0.14276918768882751,-2.7598111629486084,-1.1271470785140991,-0.33961015939712524
35,0.4586026072502136,1.0775974988937378,-1.312646508216858,0.5354984402656555
36,0.6037978529930115,0.5414935350418091,1.153376817703247,-0.5423551201820374
37,-1.4085229635238647,-1.0943965911865234,0.7530114650726318,1.761751413345337
38,1.5695611238479614,-1.2667686939239502,0.9260593056678772,-0.4405340850353241
39,-0.6840837001800537,0.4786341190338135,0.4399855434894562,0.15971942245960236
40,0.513218104839325,-1.3677165508270264,1.5098114013671875,-0.004330063238739967
41,-1.4310182332992554,-0.42718613147735596,1.634308099746704,-0.6060081720352173
42,0.484951376914978,1.0996307134628296,0.3929380178451538,0.2972048223018646
43,1.3734495639801025,-0.08487909287214279,2.0259149074554443,-0.5989135503768921
44,0.21739254891872406,0.8522079586982727,-0.16874660551548004,-0.4512755870819092
45,0.5444040298461914,-3.5422773361206055,-0.480440229177475,-0.8995757102966309
46,2.3054325580596924,1.0438189506530762,-0.6812256574630737,0.334689199924469
47,-0.1684444695711136,0.7441297769546509,-0.0017218650318682194,-0.05551107972860336
48,-0.8074591755867004,0.5315247774124146,-1.93007493019104,-0.6197011470794678
49,0.9154344797134399,-0.8431165218353271,-0.05027663707733154,-0.5542912483215332
50,0.8148782849311829,1.2928131818771362,-0.2592960000038147,-1.0097178220748901
51,0.6174043416976929,0.9463719129562378,0.5870494842529297,1.0312142372131348
52,-1.3297778367996216,0.4474586844444275,-1.6888388395309448,-0.1680077612400055
53,0.13245102763175964,-0.14170996844768524,2.0153634548187256,0.3325634300708771
54,0.2803860604763031,-0.8835868835449219,1.8342311382293701,-0.536706805229187
55,0.6956965923309326,-0.04589538276195526,0.47553107142448425,-1.5386967658996582
56,-0.9653132557868958,0.7309942841529846,-0.374661386013031,1.8956726789474487
57,1.1946585178375244,-1.1379876136779785,0.6188489198684692,1.842107892036438
58,0.4849874973297119,-2.1343555450439453,0.8623477220535278,0.22589711844921112
59,0.7982140183448792,0.49483639001846313,-0.0815591961145401,-1.1730083227157593
60,0.6010486483573914,0.23878400027751923,0.45663660764694214,0.6526612043380737
61,0.022513000294566154,-0.568901538848877,-1.4492807388305664,-0.26804405450820923
62,-0.443673312664032,-0.15322363376617432,-0.09337569773197174,-1.3357501029968262
63,-0.8973369002342224,0.9270533323287964,-0.12194214761257172,-0.3592769205570221
64,2.5296177864074707,-1.1549746990203857,-0.14698414504528046,1.3740975856781006
65,-0.9459551572799683,-0.6252055168151855,0.30403584241867065,-0.15454986691474915
66,0.2557210624217987,0.41817498207092285,-0.9322525262832642,0.21652080118656158
67,0.5182666182518005,0.05412856489419937,-1.2402845621109009,-0.7355708479881287
68,1.2850109338760376,0.24662858247756958,-1.1569228172302246,1.3931926488876343
69,0.5722729563713074,0.761965274810791,-0.6350350379943848,0.1900487244129181
70,-0.3897867202758789,0.7911892533302307,-0.7773662209510803,-2.32991099357605
71,-1.5311174392700195,-0.5850089192390442,1.4059144258499146,0.3429936170578003
72,-0.6968785524368286,1.0824980735778809,1.4163213968276978,-0.8285109996795654
73,-0.09317292273044586,0.1288054883480072,-0.4963604211807251,0.6257611513137817
74,0.25922805070877075,-0.24674943089485168,-0.6602494120597839,1.8615740537643433
75,-0.5159814357757568,-0.5938840508460999,0.14719906449317932,-1.1194764375686646
76,0.018990539014339447,0.08877304941415787,0.6114523410797119,0.3784812390804291
77,-0.4015732407569885,1.7015326023101807,1.149996042251587,0.8763248324394226
78,1.3899859189987183,-0.9784718751907349,-0.6917986273765564,-0.4982391595840454
79,-0.7329685688018799,0.47597911953926086,-0.49602648615837097,-1.215200424194336
80,0.6688126921653748,0.333916038274765,-0.06433556973934174,1.3767839670181274
81,-0.5670034289360046,-0.4065198600292206,0.6393479108810425,-0.18928930163383484
82,-0.1366100162267685,-0.834877610206604,0.20427703857421875,-1.684696078300476
83,-0.5829004645347595,0.47575071454048157,-0.6053719520568848,-2.6778228282928467
84,0.34195199608802795,-0.3550374507904053,0.7004173398017883,0.6251989603042603
85,-0.4829350709915161,0.5323579907417297,-0.7506718635559082,1.4537400007247925
86,0.3302532136440277,1.0257681608200073,0.33007895946502686,0.18587066233158112
87,-1.793243408203125,-2.0367071628570557,-1.3254501819610596,1.2276805639266968
88,0.5411995649337769,-0.7957409024238586,-0.07920967042446136,0.4526938796043396
89,0.23259149491786957,-0.21068285405635834,1.0916131734848022,-0.16042309999465942
90,-1.5726841688156128,-0.15551897883415222,0.19949662685394287,-0.5943820476531982
91,-0.6377567648887634,-0.3203915059566498,-1.0143729448318481,0.440621554851532
92,0.38553351163864136,0.1436786651611328,0.641433835029602,-0.6430473327636719
93,0.43233388662338257,-1.81666100025177,-0.3955235779285431,-0.27052971720695496
94,1.1486144065856934,0.8522151708602905,-0.16517210006713867,1.126283884048462
95,-1.2310495376586914,0.01874682679772377,-0.6222351789474487,-0.48957622051239014
96,-0.4887758493423462,0.9971421360969543,1.0217236280441284,2.9505298137664795
97,1.0599569082260132,0.7713536024093628,-0.270466148853302,-0.6202707886695862
98,0.3568483889102936,-0.21525952219963074,0.18069463968276978,2.023503303527832
99,0.11157364398241043,0.3878541588783264,1.008857011795044,-1.8093910217285156
100,-0.2559259235858917,1.8189489841461182,-2.2824947834014893,-0.7105624079704285
101,-0.0403720997273922,-0.35670211911201477,-0.26541846990585327,-1.1152156591415405
102,1.5692603588104248,1.111650824546814,-0.7284019589424133,0.9052920937538147
103,0.7555665969848633,-0.22695262730121613,0.5679712891578674,0.7491357922554016
104,0.5666186213493347,1.032200813293457,-1.3394824266433716,1.1437900066375732
105,0.8576655387878418,0.21975290775299072,-0.7287680506706238,0.08391983062028885
106,-0.7753427028656006,0.1580905020236969,-0.7974041104316711,1.3450267314910889
107,-0.4794953167438507,-1.5856469869613647,-0.24407827854156494,1.2307294607162476
108,0.40114378929138184,2.094660758972168,-0.8702793717384338,1.4265577793121338
109,-2.0215611457824707,-0.22075366973876953,2.3586082458496094,-1.6341737508773804
110,0.25697749853134155,0.06443896144628525,0.850304365158081,1.436078429222107
111,1.2727605104446411,-0.3275386691093445,0.7485217452049255,-1.3050549030303955
112,1.4949616193771362,1.392021656036377,2.1071150302886963,-0.5321547985076904
113,-1.2580845355987549,0.38008010387420654,-0.0904015302658081,-0.9405848979949951
114,0.11544013768434525,-1.0229371786117554,0.29413583874702454,-2.131713628768921
115,0.7991548180580139,-0.11917277425527573,-1.0722239017486572,-1.7348393201828003
116,0.880264937877655,0.16839580237865448,2.2486252784729004,-0.21632197499275208
117,0.9868557453155518,-0.29256439208984375,0.06760342419147491,-0.12025321274995804
118,-1.366563081741333,0.1337646245956421,0.17066878080368042,-0.8846567273139954
119,1.463879942893982,1.9680198431015015,-0.12843455374240875,0.8429161310195923
120,-0.13865219056606293,0.13157787919044495,0.7976088523864746,1.8951438665390015
121,-1.204128384590149,1.217517375946045,0.452758252620697,0.0013428027741611004
122,0.048953212797641754,0.5128029584884644,-0.45552894473075867,1.176124095916748
123,-0.09948566555976868,0.7457870244979858,-0.0034349923953413963,-0.09418496489524841
124,-1.7732300758361816,2.1398231983184814,-1.2909985780715942,-1.3414543867111206
125,-0.7074458599090576,0.09160347282886505,2.5231773853302,1.0957471132278442
126,2.4129886627197266,-0.04936767742037773,-0.287661075592041,0.627132773399353
127,1.0994452238082886,-0.2359616458415985,-0.2936645746231079,-0.697856068611145
128,-1.5341213941574097,-0.33841827511787415,-0.8587362766265869,-0.7943302392959595
129,-0.8512371182441711,-0.9671706557273865,1.0109258890151978,-2.5401322841644287
130,0.6232296824455261,0.002225944772362709,-1.250686764717102,-1.5683534145355225
131,-0.05048117786645889,-0.7524167895317078,0.5146636962890625,-0.7041459679603577
132,-1.4933754205703735,0.6043928861618042,-1.7593458890914917,0.29392731189727783
133,-0.8662816286087036,-0.5453824400901794,-2.5670254230499268,1.0244582891464233
134,0.8378120064735413,-1.568447470664978,0.3654363453388214,-0.4303724467754364
135,0.8354441523551941,-2.8432650566101074,0.28453612327575684,1.5401957035064697
136,-0.37620779871940613,0.5943020582199097,-1.2771188020706177,1.0326354503631592
137,-1.2828582525253296,1.228886365890503,0.8679770827293396,-1.1036509275436401
138,1.1793521642684937,-0.5598491430282593,-1.4070074558258057,-0.99782395362854
139,-0.5362477898597717,1.1417770385742188,-0.9513158798217773,-0.05021904036402702
140,0.0038830898702144623,1.0665534734725952,-0.15307681262493134,-1.1445388793945312
141,0.8191878199577332,-0.298758864402771,0.2775079607963562,0.39018920063972473
142,-0.4515543282032013,0.07046974450349808,-0.9266334772109985,-0.005953066051006317
143,-0.4961894452571869,-1.2752400636672974,-0.11470237374305725,-0.40402835607528687
144,1.3800771236419678,0.5687322020530701,-0.0978090837597847,0.23142242431640625
145,0.685044527053833,0.9231510162353516,0.8716920018196106,-0.0440489761531353
146,0.7515677213668823,-0.2692090570926666,-0.041137415915727615,0.25486961007118225
147,-0.8429400324821472,1.080296277999878,-1.3187246322631836,-0.21909396350383759
148,0.7742046117782593,1.2399383783340454,0.5783824920654297,-0.5406196713447571
149,0.035199906677007675,-0.5734260678291321,0.6606225967407227,-0.7544504404067993
150,1.281420350074768,-0.9018442630767822,-0.09745635092258453,-1.7080268859863281
151,-0.6258673667907715,1.0104342699050903,-1.209964632987976,0.09624826163053513
152,-0.09059248864650726,-0.7753333449363708,-0.7760926485061646,2.275609016418457
153,-0.664465606212616,-1.6202590465545654,-0.4014909863471985,-2.0232441425323486
154,-0.7734628319740295,-0.8876317143440247,1.308735728263855,-0.019542623311281204
155,0.39505839347839355,1.2571920156478882,1.1938989162445068,-0.17840822041034698
156,-0.7950432896614075,-1.7059844732284546,0.10395495593547821,-0.3329152762889862
157,-0.7614864110946655,-1.3660500049591064,0.062307585030794144,-0.36215928196907043
158,1.2150264978408813,0.2543761134147644,0.49482667446136475,2.5957489013671875
159,-0.43710044026374817,-0.27763831615448,0.7996257543563843,0.26882675290107727
160,0.5449448227882385,0.3665742576122284,-0.710533082485199,0.6310917735099792
161,0.3006540834903717,-0.03191182017326355,-0.7410038113594055,0.31682831048965454
162,-2.5342462062835693,-1.3688536882400513,-0.03760995715856552,-0.6881353259086609
163,1.3922137022018433,-0.020203743129968643,0.07874765247106552,-0.5670450925827026
164,0.46786266565322876,-1.904034972190857,0.9849082231521606,-0.5193482637405396
165,0.6822159886360168,-0.034724604338407516,1.8964182138442993,0.695888876914978
166,0.15652325749397278,0.22263996303081512,-0.034507207572460175,-0.4174196422100067
167,-1.2834616899490356,-0.47805869579315186,-0.927399218082428,-0.59452223777771
168,0.8247553110122681,-3.2991740703582764,0.3650646507740021,2.24118709564209
169,1.4999587535858154,0.6401730179786682,-1.507049798965454,0.7384152412414551
170,0.49548080563545227,1.000613808631897,0.8350644707679749,0.35991090536117554
171,1.1730046272277832,-0.5288395285606384,-2.1850271224975586,-1.3198693990707397
172,-1.1204510927200317,-0.8308668732643127,-2.1856791973114014,0.3294208347797394
173,-1.141589641571045,0.3161550462245941,1.3697692155838013,2.2378087043762207
174,0.015605352818965912,-0.5607714056968689,0.45379874110221863,1.0631943941116333
175,-0.9763103723526001,-0.9501600861549377,-1.1335153579711914,0.8713391423225403
176,-1.5349291563034058,-0.36459484696388245,-0.1431064009666443,-1.7337032556533813
177,0.5456250905990601,-1.3749884366989136,-0.6700818538665771,0.9136066436767578
178,-2.4230616092681885,0.16696512699127197,-0.34851929545402527,0.7747595906257629
179,-0.33836787939071655,-1.0910226106643677,0.2309328317642212,-0.5578362941741943
180,-0.39851540327072144,0.9760591983795166,1.086873173713684,-1.908155918121338
181,0.10810920596122742,0.22974640130996704,-0.7987204790115356,1.8430702686309814
182,-1.312964916229248,1.1261649131774902,0.8819032907485962,-0.20000120997428894
183,-0.018602434545755386,-0.2626437544822693,0.2999837100505829,-1.0735459327697754
184,-0.8036579489707947,-1.4134702682495117,-1.1832976341247559,0.2969587743282318
185,0.4423757493495941,0.040393535047769547,-0.503646969795227,-1.034250259399414
186,0.18147143721580505,-0.2346099466085434,0.34911593794822693,0.392100989818573
187,-1.1128937005996704,-0.9619091749191284,-1.5386545658111572,0.23609204590320587
188,0.4882773160934448,-0.409848153591156,0.7113758325576782,1.0967488288879395
189,2.15520977973938,0.8276039958000183,1.1903234720230103,0.7708924412727356
190,-0.11840876191854477,1.0772851705551147,-0.1829131543636322,-0.5321171879768372
191,1.6104439496994019,-0.2067500799894333,0.0011858618818223476,-1.6052982807159424
192,0.6826069355010986,-0.142826646566391,1.3479019403457642,-0.6377801299095154
193,-0.23276422917842865,-1.0518860816955566,-1.4947038888931274,1.175767421722412
194,-1.2918174266815186,-0.0795380026102066,-1.5962636470794678,0.4238617718219757
195,-0.3416491746902466,0.5141196250915527,0.7360416650772095,0.8821319341659546
196,-1.3313453197479248,0.2300661951303482,0.1914931833744049,0.3093007206916809
197,-0.3723544776439667,0.18622669577598572,0.9362688660621643,-0.78108811378479
198,-0.3944500684738159,2.302624225616455,0.3236430585384369,1.0528171062469482
199,-2.1685791015625,0.24143747985363007,-0.1305212378501892,-0.2745494842529297
200,0.6302242279052734,-0.29780516028404236,-1.6493583917617798,-0.9175975918769836
201,-0.05755852907896042,-1.9668095111846924,-0.8909665942192078,0.6553248167037964
202,-0.8899751901626587,-1.1000401973724365,-0.9336060881614685,0.6051690578460693
203,1.0203168392181396,-0.6247374415397644,1.0217533111572266,-0.5976322889328003
204,0.7527544498443604,-0.08132325857877731,-0.791567325592041,-0.18122830986976624
205,-1.4471396207809448,-0.011514449492096901,-2.1139166355133057,1.1391816139221191
206,-0.551043689250946,-0.3962082266807556,-2.9687681198120117,1.221735954284668
207,-0.35096707940101624,-1.7375829219818115,-1.0290299654006958,-0.5357493758201599
208,-0.4254786968231201,-0.10778860747814178,-0.19716806709766388,0.5037776231765747
209,-0.21827611327171326,-1.667458176612854,-0.4635109603404999,-0.21093252301216125
210,-0.23868119716644287,2.1273131370544434,-0.28734469413757324,2.495703935623169
211,0.6791600584983826,-0.33912792801856995,0.2601830065250397,-0.3526392877101898
212,-0.40307191014289856,0.023534126579761505,-1.439044713973999,-0.39890938997268677
213,0.2774107754230499,1.5700150728225708,0.9775135517120361,0.9717575311660767
214,0.1786297857761383,-1.2995696067810059,-1.7371858358383179,-1.011979341506958
215,-2.545213460922241,1.0034291744232178,-1.6159281730651855,1.2312381267547607
216,-0.763099730014801,0.9624322056770325,-0.28101080656051636,1.0692120790481567
217,-0.9932527542114258,0.29635921120643616,0.0646962970495224,0.6053492426872253
218,-0.2989575266838074,0.16099554300308228,0.4841306209564209,1.057922124862671
219,-0.42260685563087463,-1.6088260412216187,0.02418859302997589,0.019276462495326996
220,-0.49867117404937744,-0.848486602306366,-0.29266661405563354,0.5353514552116394
221,0.4215737581253052,-1.289090871810913,-1.0742851495742798,-0.8433496356010437
222,-1.4041906595230103,-0.5760590434074402,0.15095652639865875,0.6943531036376953
223,-0.4103512465953827,1.663346529006958,1.0316990613937378,0.034586191177368164
224,-1.1109012365341187,1.000184178352356,1.1322684288024902,0.8744434118270874
225,1.3232378959655762,-1.4021577835083008,-1.163582444190979,2.2920234203338623
226,1.771180510520935,-0.005021358374506235,-0.23767811059951782,0.6308260560035706
227,1.0286715030670166,2.2248241901397705,-0.1468944102525711,-1.5024569034576416
228,1.0838309526443481,-1.1133536100387573,-0.6106260418891907,-0.9979882836341858
229,0.8593727350234985,0.8115079998970032,-1.5784088373184204,1.295050024986267
230,0.9301084280014038,-0.5572149157524109,0.8156754970550537,1.3041695356369019
231,0.11075026541948318,-1.2426096200942993,-1.1912322044372559,-1.0998684167861938
232,-1.7223995923995972,-0.764948844909668,-0.31008732318878174,0.9175024032592773
233,-1.807719111442566,2.0876903533935547,-2.177229881286621,0.23402082920074463
234,0.8368532061576843,1.3558430671691895,-1.9243848323822021,-1.618422508239746
235,0.7800077795982361,0.24545347690582275,0.46872639656066895,-0.4629932940006256
236,-0.7040000557899475,-1.7197623252868652,0.9812514781951904,-0.4350738823413849
237,0.8891364336013794,-0.5557450652122498,0.20575830340385437,1.3103445768356323
238,-0.2838691771030426,0.12102362513542175,-1.1761035919189453,0.1161346510052681
239,-0.40476787090301514,-0.780142068862915,-1.7221062183380127,0.26672011613845825
240,0.6660109758377075,0.5959277153015137,0.08339906483888626,0.8856517672538757
241,1.1584171056747437,-1.5414806604385376,-0.37067070603370667,0.2746000289916992
242,1.7800312042236328,-0.8960022330284119,0.6393207907676697,0.9920299649238586
243,0.7361012697219849,2.36417293548584,0.5531510710716248,1.2416692972183228
244,-2.2490034103393555,0.527245283126831,1.5559191703796387,-0.16579101979732513
245,2.717496633529663,-0.869839072227478,-0.05849020555615425,0.8988023400306702
246,-0.40672215819358826,-0.3985791802406311,-0.365220844745636,0.6381754279136658
247,-0.06476721912622452,0.3363196849822998,1.0010260343551636,-0.30989909172058105
248,0.18701204657554626,0.2272442728281021,0.06060944125056267,-0.18655116856098175
249,0.8167725801467896,-0.18318989872932434,0.23312051594257355,0.5489405989646912
250,1.2661302089691162,-0.38903680443763733,0.4414261281490326,0.020890355110168457
251,0.11176129430532455,-0.25325846672058105,0.4030612111091614,-1.5307135581970215
252,0.11259929835796356,-0.301786869764328,0.24327388405799866,-0.015672465786337852
253,1.2534714937210083,-0.41153931617736816,-0.05879243463277817,-1.1724852323532104
254,-0.1970544457435608,-1.2358975410461426,0.045268263667821884,-1.4417349100112915
255,-0.46946844458580017,-0.18093152344226837,0.5262062549591064,0.9785766005516052
256,-0.7239561080932617,0.1371162086725235,-1.0476399660110474,-0.4220006763935089
257,0.682772696018219,0.6711180210113525,0.2895013988018036,0.44840919971466064
258,0.031656380742788315,0.8230376839637756,-0.9507612586021423,1.6788439750671387
259,1.577620506286621,0.8991963267326355,0.927270770072937,-1.8834680318832397
260,-0.5345295667648315,-0.4725474715232849,0.23520661890506744,0.2889377474784851
261,-0.2295108139514923,-1.0213273763656616,0.29115933179855347,-0.7722217440605164
262,1.9623384475708008,0.3803307116031647,-0.045948565006256104,-0.265439510345459
263,1.915022611618042,0.37307971715927124,-0.21183288097381592,0.7581282258033752
264,0.20669931173324585,-0.2237885445356369,-0.04820610210299492,-0.37877750396728516
265,0.08744736015796661,-0.5642610192298889,-1.020860195159912,-0.4287933111190796
266,1.8463079929351807,0.9191372394561768,-0.5639870762825012,0.7595256567001343
267,-0.10586714744567871,0.1223854050040245,-2.7203993797302246,-0.7640663385391235
268,-1.1945946216583252,-0.023990193381905556,0.6048256754875183,-0.4144267439842224
269,2.730628490447998,1.3977956771850586,-0.827440619468689,1.028488039970398
270,1.1794620752334595,1.1435030698776245,-1.6806846857070923,-0.012362927198410034
271,0.22773931920528412,-0.9087952375411987,0.06570207327604294,-0.6352233290672302
272,-1.0454126596450806,-0.4655027985572815,0.6226766705513,-0.2712644040584564
273,-0.34348198771476746,-0.7610076665878296,-0.24712270498275757,-0.2557829022407532
274,-0.24264878034591675,0.2812482416629791,0.7053065299987793,-1.9049237966537476
275,-0.874290943145752,-0.49011021852493286,0.5840871930122375,-1.7956786155700684
276,-0.5388361811637878,-0.9508554339408875,-1.0477102994918823,-0.8087232708930969
277,2.118713855743408,-0.7112223505973816,0.31821736693382263,-0.07314127683639526
278,0.14329463243484497,1.1451537609100342,0.9197235703468323,0.07944022864103317
279,-0.4659968316555023,0.9514937400817871,1.2200084924697876,0.0810588002204895
280,0.7100909948348999,-1.2651746273040771,-1.770407795906067,-1.2917617559432983
281,0.6150798797607422,2.1842563152313232,1.7910923957824707,1.0542415380477905
282,-1.204160213470459,-1.3755886554718018,-0.46169233322143555,-1.3269002437591553
283,-1.3137236833572388,0.27340468764305115,-0.02310405857861042,0.1652904599905014
284,0.08606398850679398,2.8204281330108643,0.3956139087677002,0.6964743137359619
285,1.439143419265747,0.0077523281797766685,0.5339682698249817,-0.2634386718273163
286,-1.6153982877731323,1.1364352703094482,1.7208116054534912,-0.9295592308044434
287,-0.12888336181640625,0.06452908366918564,-2.4297776222229004,0.646353006362915
288,0.8854135274887085,-0.4105066657066345,0.15836285054683685,0.6102780699729919
289,-0.40167751908302307,0.7962939143180847,2.313977003097534,-1.304473638534546
290,-0.006262722425162792,0.3878173232078552,-0.9754188656806946,1.2879204750061035
291,-0.39476925134658813,-1.1996634006500244,-0.24377357959747314,0.16083917021751404
292,-2.3285071849823,0.3682774603366852,1.1124359369277954,-0.7666378021240234
293,-0.4143750071525574,-2.8888542652130127,-0.34331783652305603,-0.0920264720916748
294,-1.2016804218292236,-1.637062430381775,-0.5896978378295898,0.6734849214553833
295,-1.7568256855010986,0.6780914068222046,0.43132635951042175,-1.6888800859451294
296,-0.703906238079071,0.17981822788715363,0.3099835216999054,-0.912494421005249
297,-1.130936622619629,1.9410618543624878,1.7495431900024414,0.44168025255203247
298,-1.5603059530258179,0.834278404712677,-0.23890775442123413,-0.1900755763053894
299,-2.2497503757476807,-0.19125354290008545,-0.31164833903312683,-3.492083787918091
300,-1.3548188209533691,-0.29779407382011414,0.6229504346847534,1.6244115829467773
301,0.2025333046913147,-1.8222992420196533,-1.6011548042297363,-0.21750010550022125
302,1.9661883115768433,-0.7853594422340393,-1.0676376819610596,-0.03545640408992767
303,0.8388922810554504,-0.16876870393753052,-1.289102554321289,0.6661975383758545
304,-0.6218783855438232,-0.8034975528717041,0.32570499181747437,1.4255576133728027
305,1.411841869354248,-0.42106467485427856,0.1386951208114624,0.40694135427474976
306,-0.24758751690387726,-0.8226396441459656,1.5267274379730225,-0.6112973690032959
307,-1.7987687587738037,1.4163802862167358,0.9420068264007568,1.1793582439422607
308,0.0494188591837883,-2.356755256652832,0.0020785676315426826,-0.3708866238594055
309,-0.7786037921905518,0.31370124220848083,1.4050734043121338,-1.083421230316162
310,-1.2781763076782227,-2.2994866371154785,0.009812677279114723,-0.36450037360191345
311,1.122743844985962,-1.43038809299469,-1.7356091737747192,0.3808806538581848
312,0.5789804458618164,1.313266634941101,0.9311514496803284,3.383883476257324
313,-0.7522062063217163,-1.0768014192581177,-0.3696514666080475,-0.4213450253009796
314,-0.6451853513717651,-0.6601149439811707,0.7001617550849915,-0.7259870767593384
315,-0.5789745450019836,0.18507817387580872,0.6462619304656982,-1.2792319059371948
316,2.0164387226104736,-1.5665010213851929,-0.6363238096237183,-1.1681222915649414
317,0.29089513421058655,-0.7382022738456726,0.13433173298835754,0.04378315806388855
318,1.122346043586731,-0.007776609156280756,-0.31544792652130127,1.163927674293518
319,-0.4487343430519104,-1.5363538265228271,-0.6770634651184082,-2.4687681198120117
320,2.1461877822875977,-1.1760165691375732,-0.9702589511871338,0.6602376103401184
321,-0.17483896017074585,-0.5626462697982788,0.4970614016056061,0.36060747504234314
322,0.7570555806159973,0.5276923179626465,1.3649095296859741,-0.04593376815319061
323,1.8425313234329224,0.19441764056682587,0.22513554990291595,0.21546831727027893
324,-1.1070107221603394,1.3345898389816284,0.3537124693393707,-0.8489657044410706
325,-0.7406325936317444,-0.40716174244880676,-1.206731915473938,0.5323018431663513
326,0.9114316701889038,-2.086158514022827,-0.24828681349754333,1.6038050651550293
327,-1.4413583278656006,-1.2302632331848145,-0.6663364171981812,0.13905027508735657
328,-0.6153978109359741,-0.6253226399421692,-0.04518575593829155,0.5376257300376892
329,0.03756667301058769,0.5286388993263245,0.4764992594718933,-0.9990959763526917
330,-0.30931252241134644,1.5976548194885254,-0.8007289171218872,1.0677576065063477
331,1.3534977436065674,0.4307457208633423,0.6668914556503296,0.17966412007808685
332,-0.1793198138475418,0.7554817199707031,-0.08124521374702454,-0.769332230091095
333,2.121647357940674,0.2922564148902893,1.8336567878723145,0.6141042709350586
334,-0.3736083507537842,0.6072123646736145,-2.1434011459350586,-0.32170090079307556
335,-1.7486082315444946,-0.7924309968948364,-1.2734054327011108,0.8158529996871948
336,-0.2603713572025299,0.23162303864955902,-1.404899001121521,0.6694393754005432
337,-0.6963111162185669,0.03586540371179581,-1.3288992643356323,0.5482729077339172
338,-1.0149928331375122,0.5619108080863953,-0.5675966739654541,-1.3844027519226074
339,-0.5178022980690002,1.7234135866165161,-0.8112495541572571,-0.2857373058795929
340,0.7361212372779846,-0.27352818846702576,-0.7748236656188965,0.2667583227157593
341,-1.5643844604492188,0.22139804065227509,1.2180523872375488,-0.2445102035999298
342,-1.102361798286438,-0.36786994338035583,-0.3823222517967224,-1.088234782218933
343,-0.4280344545841217,-0.017973944544792175,-0.9476096630096436,0.20656222105026245
344,-0.15354275703430176,-1.1732531785964966,0.19729402661323547,-0.9337597489356995
345,-0.9003384709358215,-0.7956944704055786,-2.0487217903137207,0.0012587085366249084
346,-0.3758188784122467,-1.7725777626037598,1.760195255279541,-1.6599467992782593
347,-0.15485677123069763,-0.9585269689559937,-0.1712644398212433,1.6624305248260498
348,-0.2884736955165863,0.7916741967201233,-0.0320078544318676,-1.3932015895843506
349,0.49650970101356506,-2.296180486679077,-0.03403729945421219,-0.8995104432106018
350,0.3922140896320343,-0.7628881335258484,-0.2830857038497925,-0.283865362405777
351,-1.026280164718628,0.9810338616371155,0.8871974945068359,-0.237430602312088
352,0.9643704891204834,-0.8909839987754822,-1.9538813829421997,1.4556033611297607
353,-1.0746114253997803,0.509984016418457,0.051824212074279785,0.6225371956825256
354,0.9672775864601135,-0.9000206589698792,-1.2018731832504272,-0.3219378888607025
355,-0.3568844497203827,0.5367082357406616,-0.11287418752908707,1.319822072982788
356,-1.0191774368286133,0.06792585551738739,0.4742751717567444,-1.8577513694763184
357,0.4167691767215729,1.0515656471252441,0.372053325176239,1.031568169593811
358,1.198716402053833,-0.8299219608306885,0.7164247632026672,2.3806991577148438
359,0.03536240756511688,-0.1255982667207718,0.9866656064987183,0.8561897277832031
360,2.2403829097747803,-0.3496245741844177,1.1109974384307861,0.7845178842544556
361,-0.2632151246070862,-0.7846351265907288,-0.6671607494354248,0.08237341046333313
362,0.7170417308807373,1.239633321762085,0.2749157249927521,1.2294301986694336
363,0.8505524396896362,-0.16085872054100037,0.42419999837875366,1.6671444177627563
364,0.8460827469825745,1.3532246351242065,-0.12668690085411072,1.1117419004440308
365,-1.750321865081787,-2.1629202365875244,0.8624358773231506,-0.23772560060024261
366,1.180848240852356,-1.615381121635437,1.430945873260498,-0.4238482713699341
367,-0.8442046642303467,0.22629481554031372,-1.0859107971191406,-1.0174829959869385
368,0.49161094427108765,-0.9246761202812195,-0.7322307229042053,0.6133161783218384
369,0.5712291598320007,-0.10613687336444855,0.7223421335220337,-0.336590975522995
370,0.6499703526496887,-0.14563177525997162,0.2696906626224518,-0.36758893728256226
371,1.491275429725647,0.574253499507904,-0.7515364289283752,-0.10566301643848419
372,-0.6439614295959473,0.721605658531189,1.7269911766052246,0.9935115575790405
373,0.6515055894851685,-0.5353606343269348,0.25053197145462036,-0.9139342904090881
374,0.8842596411705017,-0.22098010778427124,-0.02939670905470848,1.4993337392807007
375,0.008747261017560959,-0.11722654104232788,1.1593036651611328,-0.21962755918502808
376,-0.5645992755889893,-0.3184637725353241,-0.9200112819671631,0.4229540526866913
377,0.8768264055252075,0.440311998128891,0.32142147421836853,-0.7036759853363037
378,0.9156796932220459,0.17788656055927277,-0.6089216470718384,2.4581918716430664
379,1.1496213674545288,0.816862940788269,-0.5662853121757507,0.6895789504051208
380,-3.4073259830474854,0.879446804523468,-1.2282812595367432,-1.646720051765442
381,-0.5387313961982727,1.0323656797409058,-0.7166535258293152,-0.6863407492637634
382,0.4323398470878601,1.3394523859024048,-1.2198642492294312,0.5595411062240601
383,0.6504864692687988,-0.6634349226951599,0.7526152729988098,-0.837242603302002
384,0.6391167640686035,0.2278788536787033,-0.4661504030227661,-0.3260219395160675
385,-1.0613499879837036,-0.6055055260658264,0.9897409081459045,-2.1226022243499756
386,-0.8128764629364014,0.6239443421363831,-1.126277208328247,0.38618165254592896
387,-0.03332694619894028,-0.14665096998214722,-0.4193076491355896,-0.9609031081199646
388,1.6656254529953003,0.17055682837963104,0.25683435797691345,-0.26464229822158813
389,0.19613857567310333,-0.5784780383110046,-0.8654112219810486,0.7683979272842407
390,-0.6871110200881958,0.2250533550977707,-0.20218463242053986,-1.324280023574829
391,0.23165032267570496,-0.1779128760099411,-0.0363151952624321,-0.5797892808914185
392,-0.6780644059181213,2.8351216316223145,-1.0993033647537231,-0.32214590907096863
393,-0.44775256514549255,-0.5831785798072815,-0.22381740808486938,0.3985116183757782
394,0.27676770091056824,0.06199730932712555,0.750420093536377,-0.5621787309646606
395,-0.20997761189937592,0.5138919353485107,0.6467639803886414,0.06067000329494476
396,0.7379822134971619,-0.24086599051952362,0.34495022892951965,-0.40942293405532837
397,0.31631606817245483,0.43109238147735596,0.8982913494110107,-0.7355220913887024
398,0.42436331510543823,0.4632246494293213,-0.842276930809021,-0.9244830012321472
399,-0.5190439820289612,0.23793740570545197,-0.66951984167099,0.036634091287851334
400,-0.06649304181337357,-0.8460095524787903,0.43775010108947754,-0.9875431060791016
401,-0.28443652391433716,0.35095006227493286,0.016814500093460083,0.6608132123947144
402,-0.06111173331737518,0.5304582715034485,0.13821709156036377,-0.35635799169540405
403,-0.05572933703660965,-0.008030746132135391,-0.14810363948345184,-1.1411970853805542
404,-2.5276176929473877,-0.8952741622924805,-0.1565990149974823,-1.2292829751968384
405,1.69671630859375,0.4729343056678772,0.9754160046577454,-0.14477764070034027
406,1.547873854637146,1.2288281917572021,-0.03317335247993469,0.8370599150657654
407,-0.23043926060199738,0.6424750089645386,-0.7507650852203369,1.336614966392517
408,-2.7357847690582275,0.1988104283809662,0.8914440274238586,0.5122334957122803
409,0.5834000110626221,-0.9656640887260437,0.6714441776275635,-0.3310704529285431
410,-0.7855806350708008,-0.901589035987854,0.7817959785461426,0.37108492851257324
411,-1.9290614128112793,-1.5182220935821533,-2.565239429473877,0.6911262273788452
412,0.3474944829940796,0.24950934946537018,-2.1310651302337646,0.7948569059371948
413,0.9248546957969666,-0.4497433006763458,-0.33386310935020447,1.0013058185577393
414,0.47304514050483704,-0.14670218527317047,1.2839802503585815,1.162752628326416
415,-1.495837688446045,-1.1356791257858276,-1.0981199741363525,0.6176522970199585
416,-0.5429728031158447,-0.24932071566581726,-1.4769725799560547,1.0399255752563477
417,-0.1116110309958458,0.2718466520309448,0.2527076303958893,-0.7077446579933167
418,1.0045511722564697,-1.0114268064498901,0.7446415424346924,-0.09983651340007782
419,-0.7466140389442444,-0.025191575288772583,0.2158813327550888,1.1583880186080933
420,-0.19487729668617249,0.07282577455043793,0.25840315222740173,-0.6190361976623535
421,-0.26239898800849915,1.2436624765396118,-0.3002409040927887,1.5071182250976562
422,-0.7594507336616516,-0.46344420313835144,1.8213088512420654,-1.0769295692443848
423,2.1473519802093506,0.10919008404016495,-0.7607288956642151,1.3594257831573486
424,0.20740753412246704,-0.5729993581771851,-0.930229663848877,-0.18020358681678772
425,-0.07333742827177048,-0.7430673837661743,1.3450113534927368,0.6059015989303589
426,-0.8388410806655884,0.020655741915106773,1.7873389720916748,0.5983144640922546
427,-0.4630320072174072,-0.8022924661636353,1.5365238189697266,1.1448732614517212
428,-0.2823924124240875,0.27224496006965637,-0.6939089894294739,0.26922139525413513
429,-0.15420061349868774,1.6606050729751587,0.20264920592308044,1.925421118736267
430,0.09093919396400452,0.8636886477470398,-0.830263614654541,-0.42490750551223755
431,0.6425524353981018,-0.7433051466941833,-0.7419675588607788,0.21916884183883667
432,-0.43656888604164124,1.2724065780639648,-0.3259313404560089,0.6495581269264221
433,0.2807971239089966,0.02601492404937744,-0.8924952745437622,-0.8758835792541504
434,-0.028319939970970154,-0.4911961257457733,-0.041645243763923645,0.3890809416770935
435,2.8283936977386475,0.18765093386173248,-0.3923342525959015,1.4744795560836792
436,-0.8910744190216064,-0.7861610651016235,0.07058294862508774,-1.077639102935791
437,0.5641638040542603,0.7499998211860657,-0.20279505848884583,-0.2695659399032593
438,0.7161436080932617,0.13319513201713562,-2.143583297729492,1.3208119869232178
439,0.13639256358146667,-1.6271997690200806,0.8800989389419556,0.23774197697639465
440,-0.25198692083358765,-0.7699901461601257,-0.36260128021240234,1.4560956954956055
441,-0.6215336322784424,-0.67453533411026,0.20912137627601624,0.01347583532333374
442,-0.3789794445037842,-0.5991801619529724,-0.5444150567054749,-0.6098964810371399
443,0.7444394826889038,1.1215417385101318,-0.8423488736152649,0.07768025249242783
444,0.3896837830543518,-1.211803913116455,0.9212536215782166,-0.4325278103351593
445,1.026903748512268,-2.3225934505462646,0.648463249206543,-1.4805476665496826
446,-0.9559860825538635,0.05904482305049896,-1.014400839805603,-0.9785652756690979
447,0.1706009954214096,0.3951154351234436,-1.7128682136535645,-0.6056379079818726
448,-0.31616443395614624,-1.0976186990737915,0.6970606446266174,0.7575133442878723
449,0.4966857135295868,0.7135840654373169,0.5455071330070496,-0.14032335579395294
450,-0.8443223834037781,-0.7203885316848755,-1.3015565872192383,-1.2474020719528198
451,2.565802812576294,2.094834089279175,-0.295489102602005,-0.7396193146705627
452,0.27770480513572693,0.4677217900753021,-0.1973412185907364,0.325050413608551
453,-0.5977749824523926,-0.13118404150009155,-0.3323182463645935,0.7970994710922241
454,0.04597236588597298,1.7810474634170532,-3.3610355854034424,-0.36759501695632935
455,-1.444454312324524,-1.9583464860916138,-0.32885608077049255,1.4211572408676147
456,-0.4035753905773163,0.7831529378890991,1.0237159729003906,-0.3673807978630066
457,0.6011760830879211,1.3445520401000977,0.828589677810669,-0.6736071705818176
458,-1.0934147834777832,0.5058041214942932,0.1325409859418869,-1.1344037055969238
459,-1.633249282836914,1.1897541284561157,-0.6533916592597961,-1.4035117626190186
460,0.16876959800720215,-0.8046503663063049,-1.3108030557632446,0.39639410376548767
461,-0.0010680705308914185,-0.7699258923530579,0.4425209164619446,0.6466639637947083
462,1.3935590982437134,-1.1388221979141235,-0.020471801981329918,0.2619267702102661
463,-0.2196616232395172,1.1813913583755493,2.210543632507324,-0.46889060735702515
464,-1.9919761419296265,0.27884480357170105,-0.9148038029670715,0.22804531455039978
465,0.13824689388275146,-0.32309767603874207,-0.9714794158935547,-0.45438504219055176
466,1.252079725265503,2.5540103912353516,-1.3891870975494385,0.10185398161411285
467,-0.001587720587849617,0.3938377797603607,-1.4273338317871094,-0.809403121471405
468,1.9581432342529297,-0.3876534402370453,-0.15095064043998718,-1.1917897462844849
469,0.22580905258655548,-0.32075372338294983,0.7617116570472717,-0.4646722376346588
470,-0.4257281720638275,0.09946031868457794,0.9759747982025146,1.156294822692871
471,0.09290581941604614,-0.6512327790260315,1.7324044704437256,-0.5848111510276794
472,0.4574326276779175,-0.8056440353393555,-1.453381896018982,-1.0678088665008545
473,-0.3402901589870453,0.7880373597145081,0.25540095567703247,1.4170472621917725
474,-0.2195342630147934,-2.0679242610931396,-1.0557187795639038,0.14623983204364777
475,1.2516186237335205,0.5609161853790283,-1.280924916267395,0.1653822809457779
476,-0.6603906750679016,-0.12199494242668152,1.0575870275497437,-1.834494709968567
477,0.10616994649171829,-0.09035144746303558,-0.1818595677614212,0.09822690486907959
478,0.7411639094352722,-0.9117648005485535,-0.2599906921386719,-0.9336808919906616
479,-1.922458291053772,0.8618016242980957,1.0004521608352661,0.5042065978050232
480,1.1315672397613525,-0.5014175772666931,0.1951858550310135,-0.3350541293621063
481,-1.0917762517929077,0.4737032651901245,1.0417097806930542,-1.9472405910491943
482,1.646697998046875,2.2809062004089355,2.7023799419403076,0.5839337706565857
483,1.8953396081924438,-1.7569442987442017,-0.31296905875205994,1.7590506076812744
484,-1.623194694519043,0.719825267791748,0.5648887753486633,0.0061331926845014095
485,-0.7464826703071594,0.1369256228208542,-1.146420955657959,0.7947865128517151
486,0.4976530075073242,0.35500094294548035,0.34240832924842834,-1.145404577255249
487,-0.6083558201789856,0.3516698181629181,0.15495267510414124,-0.875061571598053
488,0.19374150037765503,0.42378801107406616,-0.1898447722196579,-0.10084526985883713
489,-0.3082714378833771,-0.55239337682724,0.31609219312667847,0.2792487144470215
490,-0.6803876757621765,0.2844652831554413,-0.10973406583070755,2.1671767234802246
491,-0.17566607892513275,-0.5783314108848572,-0.6723921895027161,-0.3674874007701874
492,1.9289250373840332,-0.5345756411552429,-0.9445928335189819,1.048425316810608
493,-0.7592334747314453,1.7869852781295776,0.050762176513671875,-0.48592203855514526
494,-1.7847062349319458,0.1803455352783203,1.6210993528366089,-0.1933721899986267
495,-1.4491784572601318,-2.248004674911499,0.38261958956718445,0.2764025330543518
496,1.1854100227355957,1.2669169902801514,0.3706604242324829,0.5364052653312683
497,2.282059907913208,-1.1816656589508057,-2.170305013656616,0.34136736392974854
498,-1.5129634141921997,-0.5775942206382751,-0.37492114305496216,-2.299309492111206
499,0.5510754585266113,-0.10825414210557938,-0.25988340377807617,-0.46573272347450256
500,0.12952516973018646,-0.28063344955444336,0.781371533870697,1.0449399948120117
501,-0.11128314584493637,-0.8230903744697571,-0.4386015832424164,-0.8809897303581238
502,0.14385871589183807,0.09372452646493912,-0.42359688878059387,-0.07285547256469727
503,0.15649628639221191,0.3424185812473297,-0.7863659858703613,-0.01535427663475275
504,-0.09174179285764694,0.09080427885055542,-1.8690428733825684,-0.4526016116142273
505,-0.26578783988952637,-0.009080091491341591,-0.17629800736904144,0.4847024381160736
506,-2.4625868797302246,-0.3425838351249695,0.2803279161453247,-2.13299560546875
507,-0.6281919479370117,1.5889170169830322,0.17380604147911072,-0.5942777395248413
508,0.012776522897183895,-0.9466555118560791,-0.7816535830497742,-0.185751274228096
509,-1.4367047548294067,0.3486802875995636,0.08292794227600098,1.047856330871582
510,0.7046413421630859,0.4223792552947998,0.3940944969654083,0.5603674650192261
511,-0.5849719047546387,-0.04080282896757126,-1.0906236171722412,-1.4005383253097534
512,1.1233413219451904,0.6183632612228394,-0.8629493117332458,0.5596891045570374
513,-0.6711663603782654,0.3174709379673004,-0.8300010561943054,-0.5091829895973206
514,1.731978178024292,0.27260860800743103,0.294582724571228,1.037699580192566
515,-0.08786088973283768,-0.9981724619865417,-0.29816946387290955,-1.1847025156021118
516,-0.6448692083358765,-0.2251673936843872,-0.09541981667280197,0.5076859593391418
517,0.30214792490005493,-0.9842115640640259,-0.7102409601211548,-0.28179308772087097
518,-0.11644122004508972,-1.6290756464004517,-0.2494889199733734,0.6241785287857056
519,-1.15695321559906,-0.7259761095046997,0.6355605125427246,1.8909868001937866
520,1.7460718154907227,0.6878166794776917,-1.3327692747116089,0.9601032137870789
521,-1.357178807258606,1.2156760692596436,2.656888246536255,-0.20929840207099915
522,-0.31704455614089966,0.09829294681549072,-1.5351821184158325,1.9595947265625
523,0.7545989155769348,-0.5826643705368042,0.4705459773540497,-0.09613651037216187
524,-1.2131619453430176,-1.965082049369812,0.9535679817199707,0.7018676400184631
525,0.18897280097007751,-1.0592045783996582,-1.631396770477295,-0.524212121963501
526,-0.23894666135311127,-0.13862906396389008,-0.14606936275959015,-1.0498688220977783
527,0.43925172090530396,1.659494400024414,-0.6409128904342651,0.4769933521747589
528,0.4580804109573364,-1.0294362306594849,1.1819872856140137,-2.711743116378784
529,0.053912099450826645,-2.716374397277832,0.008590481244027615,1.416999101638794
530,-1.3164712190628052,-0.22506700456142426,-0.3139289915561676,-0.24327251315116882
531,-0.3488783538341522,0.5559881329536438,0.9541431665420532,-0.4773995578289032
532,-0.7065290808677673,-0.9061829447746277,0.12781096994876862,-0.42015939950942993
533,1.4274942874908447,-1.5233134031295776,-0.8732861280441284,1.566475749015808
534,-1.3643351793289185,0.5702754855155945,0.7627198100090027,-0.7564862966537476
535,0.04151677340269089,1.2573554515838623,-2.26145339012146,0.5361194610595703
536,0.36373358964920044,-0.8302779793739319,-0.33333757519721985,2.130592107772827
537,-0.5716428756713867,-0.9910430908203125,0.22043482959270477,-0.4949716031551361
538,0.8933002352714539,0.588417649269104,0.3195531964302063,0.15182220935821533
539,-0.3054642677307129,0.6404707431793213,-1.8245412111282349,-0.15281662344932556
540,-0.3521762490272522,1.2965471744537354,0.6489474773406982,2.047475814819336
541,0.8062695860862732,0.07776942104101181,0.013587821274995804,1.0141246318817139
542,-1.1928883790969849,-1.11418616771698,-0.12464512884616852,0.3343484103679657
543,0.7106168866157532,0.3343736529350281,0.2843467593193054,0.682481586933136
544,0.8346955180168152,0.6634376645088196,-0.1905326396226883,-1.0153677463531494
545,1.2620749473571777,-0.24160853028297424,-0.5604395270347595,0.6584343314170837
546,0.41558268666267395,0.9520624279975891,-0.7019621729850769,-0.6818351745605469
547,-0.7085740566253662,1.2483004331588745,-0.7901139855384827,-0.8797282576560974
548,-0.11302702128887177,2.6573331356048584,0.38473400473594666,-0.6301639676094055
549,-1.010743260383606,-0.7741972208023071,0.11355993151664734,1.9763072729110718
550,0.16966845095157623,0.8546412587165833,-0.6778573989868164,0.972411572933197
551,0.05638532340526581,-1.6261112689971924,1.6426825523376465,0.37940776348114014
552,0.06221677362918854,-1.3550819158554077,0.1687690019607544,-0.321615070104599
553,0.038843654096126556,0.27891409397125244,-0.22920580208301544,-1.9563969373703003
554,1.2713310718536377,-1.626775860786438,1.4555500745773315,-0.18058590590953827
555,0.3277125954627991,0.8305500745773315,1.1315194368362427,0.06906964629888535
556,-0.9982684850692749,-0.20541532337665558,-0.4675360321998596,-1.0694148540496826
557,-0.2188817411661148,1.6706892251968384,0.3287654519081116,2.0156102180480957
558,-0.607936680316925,-0.10320156067609787,-0.42975395917892456,2.146388530731201
559,0.9321794509887695,-0.39038902521133423,-0.33815062046051025,-0.21327313780784607
560,-1.5086230039596558,-1.1370196342468262,-0.6514980792999268,0.7612394690513611
561,-0.7196853756904602,0.20973868668079376,-0.18139196932315826,-1.1526299715042114
562,0.9380226731300354,1.1027628183364868,0.021021073684096336,-0.6251179575920105
563,-0.24652153253555298,-0.9034609794616699,0.029543504118919373,0.8849592208862305
564,0.26618492603302,-2.3306808471679688,0.5617833137512207,1.086182713508606
565,0.7577357292175293,-0.6916868090629578,0.2389945685863495,-0.41130155324935913
566,0.055736836045980453,-1.3388406038284302,-1.0130587816238403,1.1846870183944702
567,-0.5438347458839417,1.0137478113174438,-1.2463115453720093,0.05961507558822632
568,-1.3333468437194824,-0.17861366271972656,-0.27104294300079346,-1.5234882831573486
569,-0.4740683436393738,-0.02437080815434456,0.37469950318336487,-0.4197321832180023
570,0.5637478828430176,0.206224724650383,0.4791877567768097,-1.0287644863128662
571,1.6203497648239136,-0.7290346026420593,-1.1566699743270874,-1.4593217372894287
572,-0.6504258513450623,-1.8473061323165894,-0.417256623506546,0.2202940732240677
573,-0.7953935265541077,1.4306426048278809,0.32654908299446106,0.9557346701622009
574,-0.46226516366004944,0.10576215386390686,-0.9661402702331543,-1.5839303731918335
575,-0.48594871163368225,-0.9607627391815186,-0.5041875839233398,-0.9782537817955017
576,0.8679882884025574,-0.07194428890943527,-0.3799085319042206,-0.9829980134963989
577,-1.669822335243225,1.0693175792694092,0.34667980670928955,0.18114767968654633
578,1.773729681968689,-0.8998410701751709,-0.28253278136253357,-0.747782289981842
579,0.46580174565315247,-0.3273271918296814,0.8408624529838562,0.11228348314762115
580,0.10970199853181839,-0.5232479572296143,0.28249019384384155,-0.16778361797332764
581,1.2842320203781128,0.7097522020339966,0.02751244232058525,-0.36750930547714233
582,-0.541972815990448,-0.5982281565666199,-1.6364308595657349,1.208907961845398
583,-0.7619997262954712,2.0646615028381348,-0.9930005073547363,-0.18587829172611237
584,0.398627907037735,-0.03955259546637535,0.23943522572517395,-1.95402991771698
585,-1.5079538822174072,-2.1313021183013916,-1.3622827529907227,-1.667055368423462
586,0.8119638562202454,1.222171664237976,1.8872333765029907,-0.9726454019546509
587,-1.2340177297592163,1.1447147130966187,-1.085034966468811,-0.5205987095832825
588,1.203440546989441,2.190683603286743,0.5802056193351746,0.6141983270645142
589,-0.7449928522109985,0.09906783699989319,-0.06607639789581299,0.1070488914847374
590,0.7290222644805908,-0.3677785396575928,-0.34156307578086853,-0.613330602645874
591,-1.143528938293457,1.792317509651184,0.9176644086837769,0.046244166791439056
592,-1.3653308153152466,1.2893245220184326,-0.9818667769432068,-0.8027361631393433
593,-1.3853071928024292,-1.3460955619812012,-1.4067001342773438,-0.18181531131267548
594,-0.7473268508911133,-1.4040569067001343,1.979746699333191,1.6064348220825195
595,1.8617749214172363,2.328096866607666,0.3988575339317322,0.6784133911132812
596,0.39935195446014404,1.001528024673462,1.1193480491638184,-0.6590742468833923
597,0.3409374952316284,-0.5006719827651978,-0.6024406552314758,-0.3100765645503998
598,-0.7530783414840698,-0.31385907530784607,-1.889591932296753,1.1328269243240356
599,0.2786771059036255,0.8331811428070068,-0.4050283133983612,-0.5232548117637634
600,0.5372492074966431,1.2960830926895142,-1.0743529796600342,-0.33124545216560364
601,-1.4582359790802002,-1.1696282625198364,-1.2502154111862183,0.13917556405067444
602,-0.34154751896858215,-1.1024354696273804,-0.8167763352394104,1.212405800819397
603,1.0761908292770386,0.17835035920143127,0.004242246970534325,1.761006474494934
604,1.0441464185714722,0.5598082542419434,-0.5543332099914551,-0.07653845846652985
605,-1.4331008195877075,0.5058386921882629,-0.49429991841316223,0.779127299785614
606,-1.2149280309677124,0.7501449584960938,-0.1556919664144516,-1.0465763807296753
607,2.154892921447754,0.614984929561615,0.6919040679931641,-1.203320860862732
608,-1.2094796895980835,0.2757878601551056,-1.0462946891784668,-1.0700219869613647
609,-0.5304900407791138,1.5536963939666748,1.0497629642486572,1.8823899030685425
610,-0.6342430114746094,0.7883778810501099,1.859519600868225,-0.008327018469572067
611,0.5493491291999817,0.11886147409677505,1.314759612083435,-0.7193293571472168
612,0.6093558669090271,0.47312450408935547,-1.8000074625015259,-0.9066635370254517
613,0.7781447172164917,0.5689787268638611,0.7836780548095703,-0.3087126612663269
614,-1.0644786357879639,0.6513078212738037,-0.37016886472702026,-0.563143253326416
615,0.2761635184288025,-0.768765389919281,-2.0650570392608643,-0.8044488430023193
616,-0.21419291198253632,1.316763162612915,-2.9966115951538086,-0.38732925057411194
617,-0.681531548500061,0.7142877578735352,0.2829429805278778,-1.3640568256378174
618,0.807145357131958,-0.22326457500457764,-1.5027098655700684,1.2449619770050049
619,0.8384950160980225,-2.2143068313598633,-1.9774941205978394,-1.620666742324829
620,0.09779225289821625,-0.5203346610069275,-1.4952728748321533,1.1996573209762573
621,-0.395499587059021,0.8914985060691833,-0.4318240284919739,0.978398323059082
622,-0.5823140740394592,-0.6364870667457581,0.19743072986602783,1.1008161306381226
623,1.4682402610778809,1.031440258026123,0.3127644658088684,1.4095673561096191
624,0.7260947823524475,-0.0746232271194458,-0.9701588153839111,-1.4633336067199707
625,-1.6427600383758545,-0.4120561480522156,0.7436161041259766,-0.29288187623023987
626,0.038418933749198914,-0.6341175436973572,1.203755497932434,-0.436402827501297
627,0.7669975757598877,-1.228470802307129,-0.29320845007896423,0.20631997287273407
628,0.709754467010498,-0.9772740006446838,-1.724610447883606,0.840212881565094
629,-0.4945629835128784,-0.15413396060466766,-0.27201008796691895,1.072439193725586
630,-0.3761684000492096,-1.7822762727737427,-0.16968859732151031,1.468806266784668
631,-0.90644371509552,-1.713828682899475,-0.704933762550354,-0.08726143091917038
632,1.6877866983413696,1.290987253189087,0.15187861025333405,-0.420009046792984
633,1.5041369199752808,1.8490681648254395,-2.138604164123535,1.7327650785446167
634,-0.020006010308861732,-0.00349368411116302,-0.3819306492805481,0.9759812355041504
635,0.4273255467414856,1.0654628276824951,-0.2799522280693054,-0.1715083122253418
636,0.7217408418655396,0.3638066351413727,0.33055561780929565,0.9502706527709961
637,-1.7915228605270386,0.8092474341392517,-0.11733263731002808,-0.9732110500335693
638,-0.5973460078239441,-0.31757989525794983,0.18508483469486237,1.4385530948638916
639,-0.6529595851898193,0.5104143619537354,-1.0174368619918823,-0.8183131217956543
640,0.8873446583747864,-0.38103610277175903,1.450613021850586,-0.7523943185806274
641,2.268838882446289,-0.5872941017150879,-0.13960324227809906,-1.0597249269485474
642,0.5837525129318237,-0.2495999038219452,-0.544745683670044,0.7826311588287354
643,0.7794702649116516,1.5523924827575684,-1.6155723333358765,1.0854390859603882
644,0.05500989034771919,-0.14042414724826813,0.6161292791366577,0.030487604439258575
645,-1.5110677480697632,0.10221823304891586,0.5240800976753235,-0.5832587480545044
646,-0.7102124094963074,0.17255471646785736,-0.23067200183868408,0.9358137249946594
647,0.6628605127334595,-1.2583093643188477,-0.3851476013660431,-0.5263278484344482
648,-0.29534515738487244,0.4357835650444031,-0.5592817068099976,1.0150847434997559
649,-0.7268190383911133,-0.43913787603378296,0.5593705773353577,0.6628980040550232
650,0.7047416567802429,-0.07798737287521362,1.0538437366485596,-0.6647053956985474
651,0.9715592861175537,-1.0221070051193237,-0.5495259165763855,0.5011526346206665
652,0.21042095124721527,0.9506050944328308,0.6720538139343262,-0.8533564209938049
653,-0.3901229202747345,-0.045442525297403336,-0.6729476451873779,-0.4057382643222809
654,-1.0004886388778687,0.7874981760978699,-0.7847030758857727,-0.4167475998401642
655,-1.1088546514511108,0.04929565638303757,-0.42885109782218933,0.7546936869621277
656,0.05770685523748398,1.1067732572555542,-0.8042871356010437,0.5728933811187744
657,-0.5574415326118469,1.630506992340088,1.3892512321472168,-1.616543173789978
658,-0.3999426066875458,-1.9428627490997314,-0.7457953095436096,-0.247880220413208
659,-0.05402938276529312,1.2253788709640503,0.41363662481307983,-0.11704777926206589
660,1.4777495861053467,-1.259456753730774,-0.9309737086296082,0.05392620712518692
661,1.6996972560882568,-0.1205080896615982,-2.1639325618743896,1.3493938446044922
662,-0.16524477303028107,0.8237539529800415,0.2105308473110199,1.6700704097747803
663,0.6788103580474854,-0.491878479719162,0.33165550231933594,0.5307340621948242
664,-0.2908340096473694,0.03554994985461235,0.6782040596008301,1.8232014179229736
665,-0.8678397536277771,-0.5853849649429321,-1.204121470451355,0.10991647839546204
666,0.41874486207962036,0.3333546817302704,-0.2737230062484741,-0.20130231976509094
667,2.4952077865600586,-1.9949980974197388,-0.6813637018203735,-0.41015490889549255
668,-0.6714107990264893,0.09332890063524246,-1.049848198890686,0.7630791664123535
669,-0.8069745302200317,0.07962224632501602,-0.15756981074810028,-0.8400396108627319
670,0.00044724904000759125,-0.7211282849311829,0.5891933441162109,-0.49307355284690857
671,0.5169216394424438,0.8006716966629028,-0.4034152328968048,-0.955784022808075
672,1.1401315927505493,-0.9473026394844055,-0.13900795578956604,0.8890520930290222
673,-0.5573095679283142,-0.5564109086990356,0.024603990837931633,0.40996813774108887
674,0.9064726233482361,-0.8521993160247803,-0.02725304290652275,-0.975567102432251
675,0.5529572367668152,-2.1434433460235596,-0.518841564655304,0.35222774744033813
676,-0.6616283655166626,1.9998095035552979,-1.0959492921829224,-0.5721572041511536
677,0.9953906536102295,0.3469937741756439,0.5297059416770935,0.09063346683979034
678,-0.04966770112514496,-0.2833440899848938,-0.15246397256851196,0.19950300455093384
679,0.9453366994857788,-0.1553317904472351,-0.12866850197315216,1.1457409858703613
680,-0.25829946994781494,-0.5960126519203186,-0.4550617039203644,1.0800347328186035
681,-0.01967807114124298,1.1898365020751953,0.24639533460140228,0.15107771754264832
682,0.19586148858070374,0.46098682284355164,0.11677105724811554,-0.5916014909744263
683,-0.43097123503685,1.1153563261032104,0.7634643912315369,-0.21841198205947876
684,0.8222474455833435,-0.46035516262054443,-0.9661002159118652,-1.4114705324172974
685,-0.5215475559234619,0.17775487899780273,-0.23416639864444733,2.526495933532715
686,-0.16295820474624634,-0.739750325679779,-0.01371507067233324,1.9727146625518799
687,0.5430831909179688,-0.3787437975406647,0.43774810433387756,-0.1466834843158722
688,1.473535180091858,-1.2886359691619873,0.2418271005153656,-0.30753007531166077
689,-0.7476980090141296,-0.6962935328483582,1.6216589212417603,1.170422077178955
690,-0.03336518257856369,-0.9157624840736389,-0.5099037289619446,-1.0676847696304321
691,0.7846721410751343,-0.6215234994888306,-0.2875763177871704,1.4357309341430664
692,-1.249552607536316,-2.258077621459961,1.473212718963623,-1.101633071899414
693,-0.002675696276128292,-1.0527929067611694,-0.5093265771865845,-0.3652239441871643
694,-0.7644768357276917,-1.5431678295135498,0.7396243810653687,-0.32466810941696167
695,0.3988267779350281,-0.7338832020759583,0.43286311626434326,1.2585365772247314
696,-0.9612957835197449,0.8437735438346863,-0.5495795011520386,-1.0563054084777832
697,0.9539124369621277,-0.9816176891326904,-0.02526003308594227,-1.2431367635726929
698,2.793076276779175,0.3779444694519043,-0.7249125838279724,1.179638385772705
699,1.8005093336105347,0.7919892072677612,0.42523637413978577,1.3623409271240234
700,-0.237344890832901,-2.4971203804016113,0.12685149908065796,-0.8379777073860168
701,-0.07890023291110992,0.5399485230445862,0.5014230012893677,-0.24752572178840637
702,-1.09476637840271,1.0068724155426025,-0.8829759955406189,-0.5711669325828552
703,0.2562125623226166,0.9910357594490051,0.5615110397338867,-1.8552746772766113
704,-0.12067614495754242,0.6431753635406494,-0.8416929244995117,-0.20683005452156067
705,0.9784723520278931,-1.9100844860076904,0.17026486992835999,0.6887137293815613
706,-1.653012752532959,0.07904833555221558,-0.543781578540802,-0.3768571615219116
707,1.1005667448043823,-0.12627623975276947,0.5879119634628296,0.38709452748298645
708,-0.5235239267349243,0.9289857745170593,-1.2235881090164185,0.5206791162490845
709,0.06486546993255615,0.9845458269119263,0.014983966946601868,0.47714969515800476
710,-1.6144793033599854,-0.14622364938259125,-1.365790605545044,-0.8742683529853821
711,-1.1110347509384155,-0.08399385958909988,0.4350179135799408,0.561701774597168
712,-1.7752490043640137,0.575995147228241,-0.08118656277656555,-0.6761536598205566
713,-0.6359561681747437,-2.0086498260498047,-0.23731133341789246,0.686329185962677
714,-0.6317379474639893,-0.5525409579277039,-0.745789647102356,-0.8145554065704346
715,-0.748833954334259,0.5261989235877991,-0.20716404914855957,0.35923296213150024
716,0.4551846981048584,-0.5443913340568542,0.2522994875907898,-0.3994865417480469
717,-1.2075754404067993,-0.2900199592113495,0.34911736845970154,-0.38122981786727905
718,-1.2532334327697754,1.0032579898834229,-0.32669875025749207,0.5181109309196472
719,0.6642035841941833,1.6804885864257812,0.15721622109413147,-0.9996058940887451
720,2.010281801223755,0.3711637854576111,-0.207102432847023,-0.15745580196380615
721,-2.471862554550171,1.7098580598831177,-0.8582883477210999,-1.703989028930664
722,-3.48801851272583,-0.566759467124939,-0.26419979333877563,-0.21081162989139557
723,-1.6360080242156982,-0.4391386806964874,0.6995590329170227,-0.9230724573135376
724,0.051505349576473236,0.1618712693452835,3.5625996589660645,-1.0692754983901978
725,-1.0165956020355225,0.8083667159080505,0.04698486626148224,-0.09707600623369217
726,-1.3390098810195923,0.8795382380485535,0.3578979969024658,1.3246403932571411
727,-0.5878497362136841,0.10194408893585205,-0.21418702602386475,0.035564959049224854
728,-0.6367020606994629,-1.2691432237625122,-0.10310628265142441,-0.6602625846862793
729,-1.3139454126358032,0.678280770778656,0.10246656090021133,1.0486507415771484
730,-1.0209420919418335,0.663384735584259,0.47271811962127686,0.41439229249954224
731,0.06773702055215836,0.3087805211544037,0.21119870245456696,1.3965882062911987
732,-0.13798081874847412,-0.8135126233100891,-1.130745768547058,0.7444338202476501
733,1.1423249244689941,-0.06341470777988434,0.05086176469922066,-0.5541556477546692
734,-2.220231533050537,0.12066184729337692,-0.6519766449928284,0.4741375148296356
735,0.06374543905258179,-1.2415639162063599,-0.4147750735282898,0.6594281792640686
736,1.6486047506332397,-0.8719892501831055,-0.23409174382686615,0.21282941102981567
737,-0.2058745175600052,0.2744981646537781,-0.7738633751869202,1.2380679845809937
738,1.5520620346069336,-0.4456598162651062,0.33915087580680847,-0.2546550929546356
739,0.4113776683807373,-0.5070561170578003,0.37621915340423584,0.02808680385351181
740,0.15717485547065735,1.2087550163269043,0.8927550911903381,-1.090798020362854
741,0.2792870104312897,0.42262041568756104,-0.6720694899559021,0.6791785359382629
742,0.4134082794189453,0.9568983316421509,0.8539233207702637,-0.8241754174232483
743,-2.013861894607544,-2.578700065612793,-0.5594453811645508,-1.6054514646530151
744,0.34849658608436584,0.40829384326934814,-0.9890413284301758,-0.11349691450595856
745,0.685720682144165,0.26267683506011963,-0.15160255134105682,-0.5846070647239685
746,0.4704509675502777,-1.1547759771347046,-0.9996563196182251,-0.477581262588501
747,-0.36753153800964355,0.3401000201702118,1.0903053283691406,0.5481817722320557
748,2.2023472785949707,-0.4689415991306305,-0.0033633047714829445,0.22565659880638123
749,-0.6713510155677795,0.7424386143684387,-0.2439373880624771,1.4159185886383057
750,1.4503930807113647,1.0781883001327515,-1.4741950035095215,-0.8415366411209106
751,-0.2978660762310028,-1.0639251470565796,0.05830933526158333,2.6513664722442627
752,-2.4616453647613525,0.32949361205101013,1.1750463247299194,0.12080713361501694
753,-1.2574410438537598,0.49763333797454834,-0.0972304493188858,-0.8290470242500305
754,0.12570220232009888,-2.1533734798431396,1.205444574356079,0.3419240713119507
755,-0.10753504931926727,0.4429819881916046,0.7670618295669556,0.32909470796585083
756,1.9675369262695312,-1.1946830749511719,1.3722809553146362,-1.1190415620803833
757,0.9441695213317871,-0.9719418287277222,0.7543177008628845,0.12827223539352417
758,-0.35833677649497986,-2.749011754989624,-0.5452725887298584,2.0693254470825195
759,0.08041787147521973,-1.143467664718628,0.05181680619716644,1.4060866832733154
760,-0.4807082712650299,-0.3403431177139282,-1.053396224975586,-0.8859341740608215
761,-0.8776922821998596,-0.44146013259887695,3.30557918548584,0.35878872871398926
762,0.3758781850337982,0.9637772440910339,1.4783854484558105,0.021055001765489578
763,-1.6532148122787476,-0.2453966587781906,-0.4469716548919678,0.6428387761116028
764,0.9932804107666016,-0.9738632440567017,-0.6446846723556519,0.5878979563713074
765,-0.19079364836215973,0.9760282635688782,-0.7025070190429688,0.014522559940814972
766,0.12349660694599152,-1.1394479274749756,1.8010740280151367,1.78993821144104
767,0.007092401850968599,-0.4681607186794281,1.3970723152160645,-0.06077970936894417
768,-0.2126299887895584,0.5790891051292419,-0.08991193771362305,-0.5098168253898621
769,0.6342849135398865,0.12044470757246017,-2.1983964443206787,0.7872373461723328
770,-0.25912222266197205,-1.7810986042022705,-0.00041446462273597717,-0.3539256155490875
771,-0.4286035895347595,-0.38311976194381714,-1.2534050941467285,0.6867207884788513
772,-0.0048826830461621284,0.6020050048828125,0.6132973432540894,-0.8526394367218018
773,1.3204213380813599,0.1666087955236435,-0.32540735602378845,-1.235029935836792
774,-0.5326420068740845,-0.6449988484382629,-2.1387856006622314,0.20500795543193817
775,-1.5922558307647705,0.41127800941467285,1.0096055269241333,0.11427124589681625
776,0.45656660199165344,-0.5333962440490723,0.7630003690719604,0.38519614934921265
777,1.8742157220840454,0.1719968318939209,0.01575145684182644,0.3843109607696533
778,-0.5782153606414795,0.6196500062942505,-2.8995778560638428,0.30039355158805847
779,-0.1919555515050888,0.22953031957149506,0.6943168640136719,0.5006288290023804
780,0.8113806247711182,1.3304762840270996,-1.5153344869613647,0.7319561243057251
781,-0.6246412396430969,0.29609206318855286,0.7272504568099976,0.6840407848358154
782,-0.12424328923225403,-0.086592897772789,0.5868873596191406,0.603428840637207
783,0.21986214816570282,-0.43665811419487,2.582050323486328,0.382851243019104
784,-1.2784377336502075,0.2436465322971344,1.6829396486282349,-0.04144648090004921
785,0.3417970836162567,-0.24243603646755219,2.5188729763031006,0.45302531123161316
786,-1.5499439239501953,-1.311830997467041,0.038499608635902405,-0.07264067232608795
787,-0.4391552805900574,0.1012764424085617,0.8725210428237915,1.320706844329834
788,-0.8296294808387756,-0.23972953855991364,-1.6091976165771484,-1.047091007232666
789,1.7336716651916504,1.7240756750106812,-2.538370132446289,0.5023843050003052
790,-1.3844681978225708,-1.4016766548156738,-0.17600853741168976,0.8866815567016602
791,0.9377974271774292,-0.2789929211139679,-0.7541791200637817,1.9671339988708496
792,-0.6122658848762512,1.0129061937332153,-1.0217454433441162,-0.6237991452217102
793,1.1710871458053589,-1.6048051118850708,1.5354870557785034,-0.878206193447113
794,0.8230379223823547,1.8768130540847778,-1.3040155172348022,-0.03790602833032608
795,-0.35231462121009827,0.33758869767189026,-0.5640105605125427,0.5243805646896362
796,-0.6916131973266602,1.065223217010498,-0.1686798483133316,1.2567700147628784
797,-1.6928677558898926,1.2210444211959839,0.5293740034103394,-0.2348346710205078
798,-0.6640989780426025,0.05576577037572861,-0.467040091753006,-1.1741076707839966
799,-0.17051288485527039,0.45858994126319885,0.4163632094860077,-0.6647956371307373
800,0.25775569677352905,0.1626283824443817,-0.34004974365234375,-1.7707648277282715
801,-0.7472339272499084,1.0195300579071045,-0.0030865678563714027,1.3418569564819336
802,-1.7898426055908203,1.8581258058547974,-1.1821190118789673,0.42608126997947693
803,0.2610412836074829,0.7602212429046631,-0.12167332321405411,0.625781774520874
804,-1.0668842792510986,-1.338565468788147,1.0801594257354736,0.8514970541000366
805,-0.002826967276632786,0.9349542856216431,0.3625839948654175,0.15952371060848236
806,0.1213226392865181,1.2078224420547485,1.3263647556304932,-1.705694317817688
807,-1.5971146821975708,-1.1830236911773682,0.05765610933303833,0.3908202648162842
808,-1.5326519012451172,-0.9466014504432678,-0.9309133291244507,0.13867270946502686
809,0.1924973726272583,-0.30726736783981323,0.11643495410680771,-1.2808514833450317
810,0.5944960117340088,0.4085440933704376,-0.5023367404937744,0.8716747164726257
811,0.08041005581617355,-1.0318892002105713,1.6683043241500854,2.7506041526794434
812,0.6286465525627136,-1.8062670230865479,-0.42342501878738403,0.020772533491253853
813,1.5867754220962524,1.52774178981781,1.301871657371521,2.0807151794433594
814,-0.45054006576538086,-0.14521341025829315,1.2446255683898926,-2.1614441871643066
815,0.5795097947120667,-0.05619343742728233,-0.13270406424999237,-0.537752628326416
816,0.9585086703300476,0.9819033145904541,1.47395920753479,0.44740545749664307
817,-0.7229244709014893,0.09371476620435715,-0.43052807450294495,0.3709849417209625
818,-0.7769110798835754,0.06459737569093704,-0.8567925095558167,-1.0371904373168945
819,-0.5606830716133118,0.9471963047981262,0.6187803745269775,-1.4413453340530396
820,0.7877137660980225,0.6918297410011292,-0.755833625793457,2.1439690589904785
821,0.6571791172027588,-0.01562785729765892,-0.016131270676851273,-0.7495213150978088
822,0.3727579414844513,0.8289201855659485,-1.066511631011963,0.12167563289403915
823,1.303518295288086,-0.42834171652793884,0.27776452898979187,-0.946334183216095
824,-1.2496044635772705,-0.5614193081855774,0.8390052318572998,0.11803737282752991
825,1.088092565536499,0.21410514414310455,-0.33271393179893494,0.35826238989830017
826,0.9040527939796448,-0.09977709501981735,1.010691523551941,-0.10847098380327225
827,0.11238465458154678,-1.1272975206375122,0.3235439956188202,-0.05337374657392502
828,-0.20215165615081787,0.20646360516548157,0.5110876560211182,-0.7739726901054382
829,-0.021824661642313004,0.037101346999406815,-0.027690144255757332,-0.12579533457756042
830,-0.021539755165576935,2.1172568798065186,0.16370224952697754,0.11704093217849731
831,0.9103488326072693,0.9094621539115906,-0.35267937183380127,1.6436030864715576
832,1.6395812034606934,-0.1977989226579666,-1.0677355527877808,-1.122816562652588
833,0.8223537802696228,-1.232875108718872,-0.4107118248939514,-0.07082049548625946
834,0.04956167936325073,0.8218894600868225,-0.021383672952651978,1.6463583707809448
835,0.661217212677002,0.747459352016449,0.5303996801376343,1.1544269323349
836,1.166211724281311,0.8556231260299683,1.3409589529037476,1.0013278722763062
837,-0.7537946701049805,-1.0198276042938232,-1.278581142425537,-1.1294609308242798
838,0.06030532717704773,0.6946432590484619,-1.2565901279449463,0.002720964141190052
839,-0.6349731087684631,0.2915973365306854,0.572344183921814,0.041328877210617065
840,0.14157263934612274,1.0766786336898804,1.1036007404327393,2.4965858459472656
841,-0.5052773952484131,-0.49840834736824036,-0.5770336985588074,0.533379852771759
842,1.9255218505859375,-0.531364381313324,1.369205355644226,-1.3977744579315186
843,-2.9973337650299072,0.7009428143501282,-0.8732554316520691,-0.4813883602619171
844,0.448503315448761,-0.19636888802051544,0.6313087344169617,-1.1416735649108887
845,1.3942722082138062,-0.08614590764045715,-2.344754457473755,-0.014342723414301872
846,0.3336535692214966,-0.013503406196832657,0.8104352951049805,-1.2307146787643433
847,0.8270962238311768,1.7461434602737427,0.8303408026695251,-0.07529527693986893
848,-0.5412412881851196,-2.432274580001831,-1.113059639930725,-1.435642957687378
849,0.312569797039032,1.6712089776992798,0.6951962113380432,-0.6023929119110107
850,-1.0885831117630005,-0.44108352065086365,-0.9551527500152588,0.7286224365234375
851,-1.7329192161560059,0.08551227301359177,0.8482691049575806,-0.2712605595588684
852,0.13072636723518372,-0.1422744244337082,-0.6868643760681152,-0.20117925107479095
853,-1.1744368076324463,-0.1099356934428215,1.1811974048614502,-2.390247344970703
854,-1.2680792808532715,-1.1712197065353394,-0.3300846517086029,-0.20150119066238403
855,0.809628963470459,-0.6722739338874817,-1.0065183639526367,-0.010584128089249134
856,-0.17526867985725403,-0.2353036105632782,-0.1313948929309845,-0.21334347128868103
857,1.2040984630584717,-0.2138589322566986,1.0759334564208984,-1.6364989280700684
858,-0.012333357706665993,-3.0342745780944824,0.18723803758621216,-0.6533021330833435
859,1.0919179916381836,-1.1845651865005493,1.658455729484558,-1.2347534894943237
860,0.11922157555818558,-1.0530587434768677,-1.2415058612823486,0.7258851528167725
861,0.658724844455719,-2.784327268600464,-1.4602214097976685,-0.1036311537027359
862,-1.2634731531143188,-1.5040557384490967,-0.49889370799064636,-0.7537283897399902
863,-0.5740384459495544,0.5573208332061768,0.13137280941009521,-1.0993000268936157
864,0.8800733089447021,1.5131570100784302,-0.36584439873695374,0.27400848269462585
865,0.8648321628570557,0.9397629499435425,0.3691978454589844,-0.46083149313926697
866,0.32035568356513977,-1.134401559829712,-0.6493622064590454,0.7403174042701721
867,-1.9030112028121948,-0.06260748207569122,0.9460087418556213,1.740516185760498
868,0.24555759131908417,1.2693266868591309,0.5029701590538025,0.6827317476272583
869,0.5700660347938538,0.9085098505020142,0.6655883193016052,-1.384507179260254
870,0.33752137422561646,0.13674601912498474,0.6787939071655273,1.137726902961731
871,-0.03351274132728577,-0.17168115079402924,0.5261491537094116,-0.8717458844184875
872,0.04190783202648163,1.19486665725708,0.8289473056793213,-0.13394445180892944
873,0.8857182860374451,0.06292083114385605,-0.19309701025485992,0.44226253032684326
874,0.8820133209228516,-0.4180430471897125,-0.7109755873680115,1.359242558479309
875,0.062106259167194366,-0.16890424489974976,0.20545531809329987,0.4982978403568268
876,0.8356519341468811,-0.2798313498497009,0.9254475235939026,-1.0382871627807617
877,1.0792438983917236,-1.4229176044464111,-1.2119680643081665,-0.5163593888282776
878,-1.337870478630066,0.1764172613620758,0.0104085523635149,-1.107049822807312
879,1.7983969449996948,1.232420802116394,1.9721319675445557,1.7435343265533447
880,-1.0050742626190186,0.9529241919517517,-0.49459314346313477,-0.34595146775245667
881,0.6934515237808228,-0.2273872196674347,0.8958849310874939,0.036110542714595795
882,1.3284497261047363,0.5779080986976624,0.15753521025180817,-0.6016339659690857
883,-0.5100290775299072,-0.5352780222892761,-0.32833603024482727,-0.01284462958574295
884,0.1085071712732315,-0.19402045011520386,0.009201946668326855,0.6085566282272339
885,-0.5261186957359314,-0.9084886908531189,-0.6300239562988281,2.0018367767333984
886,0.8533951044082642,-0.6545512676239014,-0.7599782943725586,0.07796543836593628
887,0.6781474351882935,0.9283560514450073,1.3879032135009766,0.1336599588394165
888,0.21176591515541077,1.9388298988342285,1.0427099466323853,-1.919381022453308
889,-2.3738014698028564,0.21969552338123322,0.2588692307472229,0.15633437037467957
890,-0.6411414742469788,0.5605780482292175,-1.3742454051971436,-0.9387277960777283
891,0.5940840244293213,0.6580494046211243,-0.7941300272941589,0.6900125741958618
892,0.38973650336265564,-1.546995759010315,0.07055368274450302,-0.204628586769104
893,0.5327810049057007,-0.6354168653488159,-1.269863486289978,-0.07295743376016617
894,-0.911592423915863,0.39608725905418396,0.6114377975463867,-0.5710871815681458
895,0.8444709181785583,1.1555068492889404,0.543868362903595,1.2251744270324707
896,1.350064992904663,0.042577192187309265,-1.368009090423584,0.18922439217567444
897,-0.31268763542175293,-0.2812306582927704,0.04575934633612633,0.2676529288291931
898,0.1906595528125763,1.637892246246338,-0.3091568648815155,0.25079047679901123
899,1.0930588245391846,-0.02732972800731659,-0.22524459660053253,-1.3778157234191895
900,1.302782416343689,-1.870015025138855,-1.1881146430969238,-1.3186347484588623
901,-1.6518492698669434,0.17164254188537598,0.3746788203716278,0.45564499497413635
902,0.9721117615699768,-0.6029881238937378,-0.07749497890472412,1.6600391864776611
903,-1.1907367706298828,0.9172613620758057,0.6555904150009155,-0.16490890085697174
904,-0.752953290939331,0.022139236330986023,0.3042225241661072,0.5092092156410217
905,0.5080550312995911,0.5020672678947449,1.11398184299469,2.358933210372925
906,0.4224759042263031,-0.061451539397239685,1.5228123664855957,-0.3527989089488983
907,1.8599371910095215,1.13059401512146,0.6139236092567444,-1.1493351459503174
908,1.1336640119552612,0.13127994537353516,2.3150041103363037,0.8469973802566528
909,-0.1938510537147522,-1.5059508085250854,-1.4382908344268799,-0.6313329935073853
910,0.29663506150245667,0.09274300932884216,0.04932604357600212,0.643511950969696
911,1.0053874254226685,0.6275962591171265,0.36378324031829834,0.0452682301402092
912,0.809969961643219,1.3882824182510376,-0.2541132867336273,-0.4121839106082916
913,-0.5265540480613708,-1.6089221239089966,0.39620518684387207,0.6998351216316223
914,1.2569857835769653,-0.5183006525039673,0.5128324627876282,-1.7787326574325562
915,-0.04230308532714844,-0.6736958026885986,0.3650924265384674,0.7775582671165466
916,-1.3222352266311646,1.3475197553634644,1.1157373189926147,0.675473153591156
917,-0.1402249038219452,0.570992112159729,-0.9937938451766968,0.5340679883956909
918,0.7680957317352295,-0.722954273223877,-0.6203297972679138,0.7576514482498169
919,0.8320876955986023,1.650160789489746,-1.6916520595550537,0.6977646350860596
920,-0.3868710398674011,-0.8792302012443542,0.6718809008598328,1.5194259881973267
921,1.8585337400436401,0.5478750467300415,1.0211666822433472,-1.0223697423934937
922,-0.07417434453964233,-0.786740779876709,-0.03541796654462814,-0.8244587779045105
923,-0.22935011982917786,-2.0590438842773438,0.3830898404121399,1.63542902469635
924,-1.1472615003585815,1.4152758121490479,2.8127167224884033,0.8749998211860657
925,0.8377312421798706,1.1740211248397827,0.913078248500824,0.21979956328868866
926,0.9966123104095459,-1.203681230545044,0.45935922861099243,-0.2949647903442383
927,0.4301632046699524,3.0087924003601074,-0.49013522267341614,0.13200823962688446
928,0.17878928780555725,1.7818584442138672,-0.11116472631692886,-1.5790427923202515
929,-1.2989338636398315,0.10387042909860611,-0.9614444971084595,0.24333083629608154
930,-0.21202731132507324,0.40152406692504883,-1.8202166557312012,-0.180246964097023
931,-1.4283655881881714,-0.3549335300922394,0.4984225928783417,-0.022017087787389755
932,-1.2733041048049927,0.7739639282226562,0.9284348487854004,-1.0356749296188354
933,1.5173447132110596,0.38951149582862854,1.1503669023513794,-0.43794775009155273
934,1.1946638822555542,-0.011511724442243576,0.61924809217453,0.9017664194107056
935,-0.4814942181110382,0.6658276319503784,0.5035199522972107,-1.1006003618240356
936,-0.059432484209537506,-0.5867816209793091,-0.1506744623184204,0.4225027859210968
937,-0.9742493629455566,0.1858469843864441,0.4170750379562378,0.5889849066734314
938,-0.020586274564266205,2.0351755619049072,-1.4072988033294678,-0.5258358716964722
939,0.5531652569770813,-2.0667665004730225,-1.484620213508606,0.04224266856908798
940,-0.6028541326522827,-0.289916455745697,0.1857372522354126,-0.6793426871299744
941,0.2042725384235382,0.47631630301475525,-0.1857099086046219,1.1252293586730957
942,1.1885913610458374,0.21740375459194183,0.3502694070339203,-0.08113370835781097
943,-0.03951423615217209,-0.14299970865249634,-1.435489535331726,1.0024100542068481
944,-0.8515135645866394,1.0071415901184082,0.33234095573425293,-0.3903549909591675
945,-0.4884084165096283,-0.29665419459342957,1.7873830795288086,0.9951420426368713
946,1.1468989849090576,-0.11935118585824966,1.004626989364624,0.10057269781827927
947,-0.1821720451116562,0.3231123685836792,0.5358906388282776,0.6283007860183716
948,0.21262794733047485,-0.6240335702896118,0.15433970093727112,-0.23106032609939575
949,-0.5295003652572632,-0.5769211053848267,-1.8796844482421875,1.7023032903671265
950,0.928970992565155,-0.7543296813964844,-0.2593882381916046,0.19950956106185913
951,-1.0803486108779907,-0.528253436088562,0.1428101509809494,0.6787292957305908
952,-0.11453056335449219,-0.7249124646186829,1.138425350189209,0.21718406677246094
953,1.101654291152954,-0.9977594614028931,0.4073999226093292,-0.5123572945594788
954,0.4045185446739197,-1.191744327545166,0.42241528630256653,1.6905900239944458
955,-0.0756581723690033,-0.07446683943271637,-0.16820883750915527,-0.009467041119933128
956,-1.305402159690857,1.2034497261047363,0.6794192790985107,0.3618391752243042
957,-0.8632011413574219,0.35606569051742554,0.06787198781967163,0.7945442199707031
958,0.5815081596374512,1.3190189599990845,-1.885805606842041,-0.17727921903133392
959,0.42034655809402466,0.43334925174713135,-0.12263496220111847,-0.3230259418487549
960,0.6929500102996826,0.37741613388061523,0.19707605242729187,0.5241607427597046
961,0.7219645977020264,-0.7605934143066406,1.1787439584732056,-0.4491937756538391
962,-0.25791969895362854,1.124690055847168,-0.37483423948287964,0.16729044914245605
963,-0.4634684920310974,0.3893190026283264,0.16986645758152008,0.46074971556663513
964,0.7726153135299683,-0.5015587210655212,0.4470556080341339,-0.3973587453365326
965,0.20700809359550476,0.9495529532432556,-0.7601598501205444,1.678439736366272
966,-1.720763087272644,0.8599539995193481,1.1374690532684326,1.6403526067733765
967,1.3997350931167603,0.6454793214797974,0.8908088207244873,-0.6835645437240601
968,0.2733311951160431,0.32046595215797424,-1.9813616275787354,-2.0582170486450195
969,0.6852378249168396,-0.5773248672485352,-1.6647049188613892,-0.458914190530777
970,0.2576983869075775,0.8729054927825928,-0.6380746364593506,-0.675017237663269
971,-0.9060710072517395,-0.07629895210266113,-2.4830522537231445,0.44265303015708923
972,-0.2054091840982437,1.7553584575653076,0.6378610730171204,-0.46584179997444153
973,0.4652859568595886,0.27216836810112,1.2247084379196167,0.06784902513027191
974,0.8270601630210876,-0.982372522354126,-0.3112310767173767,1.868892788887024
975,-1.4796767234802246,-2.068220615386963,-0.02827702835202217,-0.36662793159484863
976,-0.5726165175437927,-0.7394795417785645,0.31723931431770325,0.1766497790813446
977,-0.7552738189697266,-0.8729424476623535,2.5597167015075684,-0.9993253350257874
978,1.9065736532211304,-1.8385276794433594,-0.7477976083755493,-0.027414873242378235
979,0.1495530903339386,-0.8603851199150085,1.5097261667251587,-0.52059406042099
980,-0.6876099705696106,-2.5032694339752197,0.6726022362709045,-0.7118706107139587
981,-0.49248096346855164,-0.6688721776008606,-0.3550536334514618,-1.6053637266159058
982,-0.44698816537857056,0.7026631832122803,-0.8324661254882812,0.1257406324148178
983,1.1133947372436523,-0.829640805721283,-0.7101932168006897,-1.0627145767211914
984,-1.1901915073394775,-0.4554770290851593,1.8570678234100342,0.939250648021698
985,0.8712658286094666,2.1749355792999268,1.1196868419647217,-0.6985751390457153
986,1.08730149269104,-0.017520539462566376,-0.2881912589073181,-0.11201035231351852
987,-0.2902473509311676,-0.8351282477378845,-0.2588047683238983,0.5994722843170166
988,-1.0663141012191772,-0.16135820746421814,-0.834998369216919,-0.22219325602054596
989,-1.022729516029358,0.1228003278374672,-0.6106520891189575,1.559708833694458
990,0.9479269981384277,0.7215433716773987,-1.2243093252182007,-1.3480448722839355
991,-0.5981177091598511,0.1404498666524887,-0.24776005744934082,-0.8782243728637695
992,-1.2317051887512207,0.647504448890686,0.49999019503593445,1.0705631971359253
993,-0.9342655539512634,1.2099970579147339,-1.0881834030151367,1.9234731197357178
994,1.4550670385360718,0.7908684611320496,0.26718395948410034,-1.9456031322479248
995,1.455193281173706,0.29217544198036194,-0.02798396348953247,0.3052935302257538
996,-0.4245522916316986,0.2314048558473587,-0.035651251673698425,1.218245506286621
997,1.6616346836090088,-1.429734468460083,1.306519865989685,-0.3592691421508789
998,1.609808325767517,1.4103667736053467,-1.9788178205490112,0.46798694133758545
999,1.0224517583847046,0.9963008165359497,-0.7891449332237244,0.2419385313987732
1000,0.8832395672798157,0.3763834238052368,0.5520894527435303,-1.5857985019683838
1001,-0.573344349861145,-1.3219000101089478,-0.3077358901500702,-0.08643162995576859
1002,0.44357579946517944,-0.486127644777298,0.27017736434936523,0.16946890950202942
1003,-0.4776868522167206,-1.8734530210494995,1.1057472229003906,-1.3322842121124268
1004,0.8588342666625977,-1.1785109043121338,-0.23218463361263275,0.1651795506477356
1005,0.45292407274246216,-0.11795037984848022,-0.7686946988105774,-0.8137725591659546
1006,-0.039239704608917236,1.2657208442687988,0.568025529384613,-0.7713375091552734
1007,0.05316498503088951,-0.3102003037929535,-1.5527483224868774,0.3447360396385193
1008,-1.0799869298934937,0.23509015142917633,-0.5329066514968872,-0.07408374547958374
1009,-0.7960856556892395,-0.6142520904541016,1.6928610801696777,-0.8617976903915405
1010,-2.5427358150482178,0.8761539459228516,1.6712535619735718,-0.5744821429252625
1011,1.3335689306259155,-1.1780486106872559,1.2010600566864014,0.5258086323738098
1012,-0.6794430613517761,-0.3612612187862396,-0.16507108509540558,-0.31750595569610596
1013,-0.3766176700592041,-1.7374155521392822,-1.2359975576400757,0.3163772225379944
1014,0.07751365751028061,0.14788027107715607,-1.0855014324188232,2.9262149333953857
1015,1.2769936323165894,1.7181583642959595,-1.2632477283477783,1.0561896562576294
1016,1.7321492433547974,0.030581817030906677,-0.09679372608661652,1.088341236114502
1017,0.46391648054122925,0.652158796787262,1.3091516494750977,-1.9871408939361572
1018,-0.7602642774581909,-0.10677612572908401,0.013771314173936844,-1.3339171409606934
1019,0.3672593832015991,0.06256067752838135,0.8929258584976196,1.189669132232666
1020,1.889836311340332,-1.8949735164642334,-0.1946319341659546,-0.1287148892879486
1021,-1.356371283531189,-2.3184399604797363,0.6154107451438904,-1.8642481565475464
1022,0.04041033610701561,0.2131817638874054,-0.11081817746162415,1.877036690711975
1023,-0.7058128118515015,-0.13401125371456146,-0.9262449741363525,0.15048332512378693
1024,-1.0766799449920654,-0.309735506772995,0.2128482162952423,-0.9876791834831238
1025,0.24171148240566254,-0.33461323380470276,0.7952324151992798,0.22106322646141052
1026,1.843424916267395,-1.0340262651443481,0.31889981031417847,-0.8047858476638794
1027,-0.9129216074943542,0.6271243691444397,1.424407958984375,-0.9895113110542297
1028,-0.15976475179195404,-1.0652416944503784,-1.6674703359603882,1.2008864879608154
1029,-0.27910661697387695,-1.2692277431488037,-0.8190943598747253,-0.7635228633880615
1030,1.7104506492614746,-0.5871666669845581,0.349934846162796,-2.0460774898529053
1031,1.3609646558761597,0.15368804335594177,-1.037074089050293,-0.0028489837422966957
1032,-1.0758967399597168,-0.13645364344120026,0.5780541896820068,-1.3393406867980957
1033,1.3503462076187134,0.5554714202880859,-0.26189491152763367,0.5554649829864502
1034,0.3899863660335541,0.09901760518550873,-0.27924296259880066,-0.19271168112754822
1035,-0.2685973644256592,0.1565064787864685,-0.5482315421104431,0.02110479027032852
1036,-0.11549055576324463,-0.2936953902244568,-1.0004918575286865,-1.346588373184204
1037,0.6419724822044373,0.19330283999443054,0.2480379343032837,1.4066071510314941
1038,0.23445355892181396,-0.7294160723686218,-0.5428892970085144,0.9416400790214539
1039,0.529291570186615,-1.2956656217575073,0.19556838274002075,0.2294558733701706
1040,1.701880931854248,0.4680692255496979,-0.6701099276542664,0.16588902473449707
1041,0.9014549851417542,-0.5944193005561829,-0.17272505164146423,-0.6656264066696167
1042,-0.21511082351207733,-2.7228007316589355,0.1889454871416092,1.2331541776657104
1043,0.8019261360168457,0.3657717704772949,-0.8549050092697144,0.20746570825576782
1044,2.1434805393218994,0.8617015480995178,-0.08824127167463303,1.772228717803955
1045,0.16358257830142975,0.5507199168205261,1.4066071510314941,-1.1993757486343384
1046,0.7039827704429626,0.0898478776216507,-0.5819379687309265,1.560861349105835
1047,1.262537956237793,0.32260239124298096,1.9720522165298462,-0.6363831162452698
1048,0.5371831059455872,1.655044436454773,-0.6734771132469177,0.43132781982421875
1049,2.6221649646759033,-0.14403507113456726,0.9256784915924072,0.07264487445354462
1050,0.10229313373565674,0.9254027009010315,-1.394795536994934,0.8084790110588074
1051,0.6134728789329529,-0.1258089244365692,-0.8784417510032654,0.6615464687347412
1052,1.5209591388702393,-1.5396348237991333,-0.8420961499214172,0.320767343044281
1053,-0.34528812766075134,-1.0963562726974487,-0.30483976006507874,-0.3241488039493561
1054,0.7756286859512329,1.4104684591293335,0.1454809010028839,1.0145838260650635
1055,0.06506555527448654,-1.6508702039718628,-0.20705418288707733,-0.24729695916175842
1056,-1.1856498718261719,-1.4123977422714233,0.30691149830818176,-0.9984056949615479
1057,0.8690458536148071,1.0179824829101562,-2.0076775550842285,-0.5413851737976074
1058,-0.5854307413101196,1.2375895977020264,0.7644404172897339,-0.24661901593208313
1059,1.3224847316741943,-0.9039117097854614,1.931523084640503,-0.8958473205566406
1060,-1.3800835609436035,-1.5445109605789185,-1.1792408227920532,-1.4369231462478638
1061,1.4509035348892212,-0.5011329054832458,1.6532596349716187,-0.5070598721504211
1062,1.6644670963287354,0.4664858281612396,0.1888621747493744,1.8354886770248413
1063,-0.12980090081691742,2.848315477371216,0.3055087924003601,0.5512917041778564
1064,0.9715273380279541,0.5806362628936768,-0.5276734828948975,0.06970631331205368
1065,-0.9705024361610413,-1.5516164302825928,-0.3248555660247803,1.3374309539794922
1066,0.5047594308853149,0.3556755483150482,-0.7434706687927246,-0.8808004856109619
1067,0.12796109914779663,0.29943376779556274,-0.5073488354682922,-0.9696402549743652
1068,1.6135884523391724,-0.6567267179489136,-0.2247898131608963,-1.7245876789093018
1069,1.8698256015777588,-0.27671554684638977,-0.48634564876556396,-0.18525929749011993
1070,0.06668651849031448,-0.8216796517372131,-0.6649343967437744,-0.07439041137695312
1071,-1.151903510093689,-0.31556254625320435,0.6852259635925293,-0.39850282669067383
1072,0.18791711330413818,-0.9304804801940918,-0.345047265291214,0.3458556532859802
1073,-1.0994277000427246,-0.42000848054885864,0.12378954887390137,-0.39607903361320496
1074,0.33305105566978455,-0.1986636370420456,1.009019136428833,0.04540209844708443
1075,0.4130684733390808,-0.03851444274187088,-0.8714090585708618,-0.2961062788963318
1076,1.2640914916992188,0.6996563076972961,-0.15763065218925476,1.034703016281128
1077,-1.4578447341918945,-2.040437936782837,-0.7247636914253235,0.1613088846206665
1078,2.798771619796753,0.5017532110214233,-1.4720149040222168,1.0651270151138306
1079,1.8013159036636353,1.5043989419937134,-1.3025603294372559,-0.08305467665195465
1080,0.116390660405159,-0.2706356644630432,-1.9576311111450195,-0.5282952189445496
1081,-0.1417192667722702,-0.9871311783790588,1.5178923606872559,-1.3608388900756836
1082,-0.2752678394317627,-0.5171945691108704,0.10363024473190308,-1.1270850896835327
1083,0.7320725917816162,-0.2532491087913513,-1.0039085149765015,1.2109475135803223
1084,-0.4164157211780548,0.49003154039382935,-0.2028249204158783,0.3249204158782959
1085,-1.7966967821121216,0.10474172234535217,-0.28688040375709534,-0.3797485828399658
1086,1.3482420444488525,1.5635930299758911,0.02185951918363571,0.525477945804596
1087,0.7304335236549377,-0.03692192584276199,1.0349398851394653,2.014281749725342
1088,0.06640610098838806,0.9533106684684753,0.19744649529457092,-0.47202497720718384
1089,-0.6472592353820801,0.3107333779335022,1.1041780710220337,-0.16310031712055206
1090,-0.13761204481124878,-0.2937670648097992,0.9241251945495605,2.2378857135772705
1091,1.324110507965088,-0.7491111159324646,0.9527708292007446,0.25954389572143555
1092,0.17903627455234528,0.6022152304649353,0.10090068727731705,-0.8074463605880737
1093,-1.2235945463180542,0.7909337878227234,-0.22140781581401825,1.009757161140442
1094,-0.4083857834339142,-0.006730068475008011,-2.212052583694458,0.5116583704948425
1095,0.9202579259872437,1.9889150857925415,-0.3821529150009155,-0.6391251683235168
1096,0.41208121180534363,-1.8289978504180908,0.593494176864624,1.0109174251556396
1097,-0.1926821768283844,-1.0996164083480835,0.30904248356819153,-0.14840589463710785
1098,-0.25573745369911194,-0.06892731785774231,0.19623728096485138,2.4117395877838135
1099,0.8681625127792358,1.6578887701034546,0.35528764128685,1.5892446041107178
1100,0.22135232388973236,-0.0851832926273346,-0.2123483121395111,0.04602940008044243
1101,1.244691014289856,1.365608811378479,-0.296244740486145,-0.1613028645515442
1102,-1.360349178314209,-0.41481339931488037,-0.22754035890102386,0.13853715360164642
1103,-0.7137978672981262,-0.028415154665708542,0.39677590131759644,-2.1047966480255127
1104,-1.0573128461837769,-2.2504992485046387,0.035072192549705505,0.9442780017852783
1105,0.5429470539093018,-0.3265804052352905,-0.24707579612731934,-0.7188092470169067
1106,-1.5895507335662842,-0.6384244561195374,0.2760947346687317,-1.390767216682434
1107,-0.683294951915741,-0.14821402728557587,0.020163897424936295,-1.460244059562683
1108,-0.8231513500213623,1.1724541187286377,-0.720964789390564,0.35317161679267883
1109,0.07451371103525162,-0.9963690638542175,-1.0514204502105713,0.3105781674385071
1110,-0.4315178096294403,1.0166842937469482,0.4575687646865845,0.10598517954349518
1111,0.8508322238922119,0.33082783222198486,1.000746726989746,-1.491356372833252
1112,-1.623010516166687,-0.8507093787193298,-0.9119002223014832,1.6630312204360962
1113,1.2191758155822754,1.507192850112915,-1.4709722995758057,0.35573193430900574
1114,-0.6096403002738953,1.0868455171585083,1.4315409660339355,0.5021256804466248
1115,-0.7932097315788269,-0.3029831647872925,0.41500553488731384,-0.49743664264678955
1116,0.8345959186553955,-1.4925243854522705,1.2312260866165161,0.39048027992248535
1117,-0.4669427275657654,-0.7471751570701599,-1.2903047800064087,0.8633161783218384
1118,-0.9896982312202454,-0.31359705328941345,-0.9807339906692505,-0.3002196252346039
1119,2.3182547092437744,1.562958002090454,0.37601399421691895,0.9797323346138
1120,1.5686227083206177,0.9635456800460815,-1.4930890798568726,1.1125915050506592
1121,-0.5990222096443176,-1.2470471858978271,0.10084390640258789,-0.6593258380889893
1122,1.6215221881866455,-0.7288855910301208,0.8207358717918396,0.79161137342453
1123,0.7280251383781433,-0.4875749945640564,0.08495893329381943,-1.2917732000350952
1124,0.17416375875473022,-1.2797338962554932,-2.0287058353424072,1.1843006610870361
1125,-1.4551483392715454,0.02017216384410858,1.0267342329025269,0.7926259636878967
1126,0.7030026912689209,1.6332200765609741,0.13181832432746887,1.0886815786361694
1127,-0.19203822314739227,0.47881177067756653,-2.1787164211273193,0.7551148533821106
1128,-0.0956345796585083,-1.5961562395095825,0.7276127338409424,0.2966940701007843
1129,0.02759489044547081,-0.8694088459014893,1.3158445358276367,0.13077159225940704
1130,-1.860107421875,-1.15970778465271,-0.8706921339035034,0.2723824679851532
1131,-1.2783992290496826,-0.10619477182626724,-0.12053108215332031,0.04448389261960983
1132,0.3501426577568054,0.8093417286872864,0.6229575872421265,-0.3288624882698059
1133,0.9546265006065369,-1.3518399000167847,-0.6289477348327637,0.7663277983665466
1134,-0.18372295796871185,-0.958505392074585,0.13605919480323792,-1.2978640794754028
1135,0.27957168221473694,0.11735280603170395,-0.478651762008667,-1.6711896657943726
1136,1.2278683185577393,0.5693249106407166,-0.05044142156839371,-0.2748776376247406
1137,0.16721710562705994,0.12965735793113708,0.6688759922981262,-2.070134162902832
1138,-1.0411146879196167,1.5673398971557617,-1.1548513174057007,-2.368818759918213
1139,-0.14640428125858307,-0.293612003326416,0.8973501920700073,0.8498660326004028
1140,-0.5680753588676453,-0.4409662187099457,1.6184041500091553,0.39653846621513367
1141,1.4077595472335815,0.38742583990097046,1.0303140878677368,0.31402334570884705
1142,0.17935054004192352,0.9517682194709778,1.3162822723388672,-0.012591677717864513
1143,-0.6376873254776001,-0.4035295844078064,-1.3433178663253784,1.1520442962646484
1144,-0.1873895674943924,0.5359433889389038,0.6686742305755615,-0.4119204878807068
1145,1.2400215864181519,0.7137429118156433,0.7881166338920593,2.0662975311279297
1146,-0.35869845747947693,1.2582074403762817,1.25115966796875,-0.1922350823879242
1147,1.3389328718185425,-1.5450153350830078,-0.3012065887451172,0.9479116797447205
1148,0.3619012236595154,0.7813461422920227,1.989351749420166,1.5603872537612915
1149,-0.6382408142089844,-0.379916250705719,0.26811283826828003,-1.579532504081726
1150,1.979697346687317,-0.07379524409770966,-0.25505444407463074,1.731215000152588
1151,-0.34897902607917786,0.897831916809082,0.663271963596344,0.6172746419906616
1152,-0.011111467145383358,0.7221661806106567,-1.0184390544891357,-1.4866492748260498
1153,2.4384615421295166,-1.6993780136108398,-1.3333324193954468,0.8863418102264404
1154,-1.1744669675827026,-1.22245192527771,-0.15070872008800507,0.5830525755882263
1155,0.7633580565452576,-0.8392024040222168,-0.02410939894616604,-0.8518756628036499
1156,-0.0688467025756836,0.14303791522979736,-1.3070987462997437,-0.7649148106575012
1157,0.4283164143562317,-2.196485996246338,1.30198073387146,-0.030454542487859726
1158,-1.249419927597046,-2.1463871002197266,-0.665399968624115,-2.1063780784606934
1159,0.9204451441764832,0.7211962938308716,0.405017614364624,-0.5007014274597168
1160,-0.7347479462623596,-0.9385223388671875,-0.72360759973526,-0.07720348984003067
1161,-1.46052885055542,-0.5117829442024231,-0.8644402027130127,0.0026927245780825615
1162,0.5402297377586365,0.372214674949646,1.914739966392517,-0.49975988268852234
1163,1.6844346523284912,-0.9904110431671143,1.0421299934387207,1.1261646747589111
1164,1.0400183200836182,0.12345078587532043,2.1534488201141357,0.7720419764518738
1165,-1.852536678314209,0.3368736505508423,0.517559289932251,2.120712995529175
1166,0.8193139433860779,-1.2443199157714844,1.3094415664672852,0.037964802235364914
1167,-0.47183069586753845,0.51289302110672,-1.483136534690857,-0.7162575125694275
1168,-2.5618135929107666,0.6187132000923157,2.04126238822937,-0.7511112093925476
1169,0.4625551402568817,-0.41617175936698914,1.9204058647155762,-1.3605040311813354
1170,0.9072486758232117,-0.033836062997579575,-0.3576619029045105,0.364473819732666
1171,-1.4961953163146973,0.11599354445934296,-0.880801796913147,0.3592390716075897
1172,-0.12057570368051529,1.276811957359314,1.0503861904144287,-2.5334787368774414
1173,1.2210732698440552,0.6410278081893921,-1.417334794998169,-0.19773265719413757
1174,-0.9191254377365112,0.5380430221557617,1.0904873609542847,0.23903168737888336
1175,-0.9870316982269287,1.292202115058899,-0.2483452707529068,0.9482167959213257
1176,0.10967720299959183,-0.83284592628479,0.9572130441665649,-0.6756097078323364
1177,1.794175386428833,-1.2278870344161987,2.767716407775879,-1.2107759714126587
1178,-0.4608819782733917,-1.0868357419967651,1.5248820781707764,-0.027844510972499847
1179,-0.5144160389900208,1.1720683574676514,-0.36668139696121216,-0.5857852697372437
1180,-0.6951031684875488,1.3313920497894287,0.7499729990959167,1.5491671562194824
1181,0.015843786299228668,-1.1958253383636475,0.27172034978866577,-1.1876224279403687
1182,-0.28471699357032776,-0.3114432096481323,0.9372619986534119,-1.1235929727554321
1183,-1.2583082914352417,-1.4175176620483398,-0.3484072983264923,0.6317365765571594
1184,-0.054311200976371765,-2.457505464553833,-0.4974621832370758,-0.40560129284858704
1185,0.3095974624156952,0.20972663164138794,0.1258542388677597,-0.012830179184675217
1186,-0.5218712091445923,-0.542915403842926,0.3238186240196228,1.0873667001724243
1187,-0.6266809105873108,-0.676551342010498,0.006574961356818676,0.6070305109024048
1188,0.19877196848392487,-1.7698962688446045,0.33338215947151184,0.3299425542354584
1189,1.0661965608596802,-0.24272115528583527,-0.8527662754058838,-0.6569055318832397
1190,0.628061830997467,0.3902014493942261,-0.171635240316391,2.4993584156036377
1191,-0.224427729845047,-0.7376282215118408,0.607857882976532,0.018612578511238098
1192,0.44325780868530273,1.0207626819610596,-2.0056495666503906,1.4630049467086792
1193,1.3980233669281006,0.8745153546333313,0.600915253162384,-0.4301927983760834
1194,0.8978291153907776,0.01981852948665619,-0.5836121439933777,-0.733390212059021
1195,-0.9325552582740784,-0.3430738151073456,0.20015659928321838,-2.1313796043395996
1196,0.5288825631141663,0.1753455102443695,-1.4761241674423218,0.18376536667346954
1197,-0.6702002286911011,0.47578948736190796,0.15161210298538208,2.2848005294799805
1198,-0.03147269785404205,-1.8502577543258667,0.020905926823616028,0.9439955353736877
1199,-0.13004063069820404,-0.17979773879051208,-1.0607341527938843,-0.6116445660591125
1200,-0.17161260545253754,-2.580300807952881,-0.24455487728118896,-0.6112650632858276
1201,0.28678616881370544,0.5922181010246277,-0.3828357756137848,-0.6659995317459106
1202,-0.77204829454422,-0.5168139934539795,-0.8722661733627319,1.1848516464233398
1203,1.7240079641342163,-0.9085578918457031,0.6177642345428467,-2.248363733291626
1204,-0.7983258962631226,1.3212774991989136,-0.1176963746547699,1.2330950498580933
1205,0.7525702714920044,1.3050872087478638,1.62858247756958,-0.8134639859199524
1206,-0.07314778864383698,0.28185275197029114,1.924296498298645,0.018725723028182983
1207,0.5177386999130249,0.22352653741836548,-0.7719237208366394,1.7095366716384888
1208,1.2882728576660156,0.4446803331375122,0.5012909173965454,0.4920477569103241
1209,-0.4743229150772095,0.3496946692466736,-0.06772559136152267,-2.3927512168884277
1210,1.8686209917068481,-0.7758508920669556,0.4326041638851166,0.7070730924606323
1211,-1.3894288539886475,-0.26903557777404785,-0.3670644760131836,0.17824915051460266
1212,-0.43137845396995544,0.13367488980293274,1.031962513923645,-0.2305414080619812
1213,-0.08624573796987534,-0.6590678095817566,-0.8746106624603271,-0.06505374610424042
1214,0.8260349035263062,1.3888946771621704,0.10548299551010132,-0.8523913621902466
1215,-0.08161889761686325,1.3891682624816895,-1.3789867162704468,0.6522361636161804
1216,0.30782350897789,-0.2912132441997528,-0.06061427667737007,-0.6833395957946777
1217,-0.8571376204490662,1.0581963062286377,-1.1404950618743896,1.0776423215866089
1218,0.15314704179763794,0.7968172430992126,0.32776379585266113,0.3336121141910553
1219,0.12466198205947876,-0.17142519354820251,1.018799066543579,2.218607187271118
1220,0.46796220541000366,-0.11926243454217911,1.6576417684555054,0.9783197641372681
1221,1.872722864151001,0.3534385859966278,1.7335656881332397,-0.558381199836731
1222,0.5826109051704407,0.1798144280910492,1.280522108078003,-0.33110305666923523
1223,0.07140283286571503,-1.0946975946426392,-0.5323722958564758,-0.22004647552967072
1224,-1.8032522201538086,-0.4730502963066101,-0.28162917494773865,-1.1898225545883179
1225,-0.048030734062194824,0.7805504202842712,1.1480765342712402,-1.126185655593872
1226,-0.5296154022216797,-0.8425350189208984,0.07955101877450943,-1.2001674175262451
1227,0.31025466322898865,-0.4447469413280487,2.259887218475342,-0.48946547508239746
1228,0.755953311920166,-0.1650293469429016,1.3842639923095703,1.6771742105484009
1229,0.3183632493019104,-1.1373250484466553,0.4987315535545349,0.4990469813346863
1230,-0.518923819065094,1.7371848821640015,0.0015613799914717674,-1.5963701009750366
1231,-0.29188278317451477,0.667997419834137,0.8148286938667297,0.5563841462135315
1232,-0.6714560985565186,-1.870516300201416,1.3906515836715698,-0.10976529121398926
1233,-0.6535981893539429,1.1176568269729614,-0.7959496974945068,-0.3694953918457031
1234,-0.4125030040740967,0.13908232748508453,0.5109941959381104,-0.6927284002304077
1235,-0.2299034744501114,0.7976179122924805,-1.2002267837524414,1.4129204750061035
1236,1.9134886264801025,0.6009166240692139,0.2288963943719864,-1.3068647384643555
1237,0.7646875381469727,0.7094125151634216,0.7135539054870605,-0.1510433703660965
1238,-0.8383227586746216,0.21893996000289917,-0.8241598010063171,0.24662455916404724
1239,-1.3950940370559692,-0.027554694563150406,-1.5453667640686035,-0.011016289703547955
1240,-0.39914244413375854,1.4925369024276733,1.5922423601150513,1.2444437742233276
1241,-0.7192011475563049,-1.1927586793899536,-1.437192440032959,-0.06939659267663956
1242,-1.3160628080368042,-1.0338928699493408,0.7789309620857239,1.0125517845153809
1243,1.8303465843200684,0.58664470911026,-1.26921546459198,-0.21486268937587738
1244,-0.40102043747901917,1.3792786598205566,-1.1440412998199463,1.5387146472930908
1245,-0.7155020236968994,1.2703101634979248,-0.11142854392528534,0.8506278395652771
1246,-0.19284643232822418,2.1527700424194336,-0.6231113076210022,0.35799887776374817
1247,-0.32003241777420044,-0.35299211740493774,1.2026219367980957,0.6593506932258606
1248,0.7096999883651733,0.22707068920135498,-0.28496506810188293,1.080855369567871
1249,1.1669504642486572,0.35599109530448914,-0.4835858643054962,-3.031433582305908
1250,-0.6123942136764526,-0.6171823143959045,-1.100386381149292,0.22204634547233582
1251,-2.7721059322357178,-0.579401969909668,-1.9743345975875854,0.34384897351264954
1252,-1.653277039527893,0.23592078685760498,0.6730879545211792,0.8302121162414551
1253,1.3020309209823608,0.7684759497642517,1.9230618476867676,-0.16445310413837433
1254,-0.961323082447052,0.04614085331559181,0.14736677706241608,-0.26463112235069275
1255,-0.033762745559215546,0.22671182453632355,-0.43365994095802307,0.6469938158988953
1256,0.7516990303993225,1.379199743270874,-0.20917241275310516,1.1554700136184692
1257,-1.163309097290039,-1.0997283458709717,-0.15694810450077057,0.013822223991155624
1258,-0.2505510151386261,-0.857297956943512,0.8067182302474976,1.7437885999679565
1259,0.035205595195293427,1.4694340229034424,0.11150816828012466,1.0502012968063354
1260,0.8850345611572266,-0.8010292649269104,-0.7963361740112305,-1.0735456943511963
1261,0.5114917755126953,-1.0961823463439941,-0.46950429677963257,0.5009300112724304
1262,0.17984920740127563,0.3873547911643982,0.9914711713790894,0.30948129296302795
1263,1.0267244577407837,-0.6315431594848633,-1.3195182085037231,0.15778256952762604
1264,-0.8822829723358154,0.5826674103736877,0.7207409739494324,0.61311274766922
1265,-0.0899059996008873,0.844842255115509,-2.203904390335083,0.06277807801961899
1266,-1.1365711688995361,0.6699536442756653,0.5001418590545654,0.09707224369049072
1267,-0.051005616784095764,-0.055082984268665314,-1.2868335247039795,0.5459897518157959
1268,-1.5359359979629517,1.7326335906982422,-0.2505093216896057,1.5230895280838013
1269,-1.449579119682312,-1.7774566411972046,0.8745905160903931,-0.38880494236946106
1270,1.0808240175247192,-0.8923935294151306,0.8820326924324036,0.1259142905473709
1271,0.4955868721008301,0.17624974250793457,1.1050879955291748,1.7536289691925049
1272,1.2006442546844482,0.3190307915210724,0.8561995625495911,-0.08291728794574738
1273,-0.10024692863225937,-0.4623871445655823,0.4855910837650299,1.406386137008667
1274,1.2804443836212158,1.097464680671692,0.5291685461997986,0.18025141954421997
1275,-0.002094615250825882,0.6182870864868164,0.22233304381370544,-1.1632708311080933
1276,0.07181321829557419,0.3097776472568512,1.8378249406814575,-1.5049290657043457
1277,0.022492580115795135,-1.6232365369796753,0.0733058974146843,-2.093167304992676
1278,0.11575351655483246,0.8885550498962402,-0.7902003526687622,0.2976754903793335
1279,-0.5460600256919861,0.013435904867947102,0.9716709852218628,0.9061537384986877
1280,0.6798661947250366,-1.6556748151779175,-0.35076457262039185,-0.6590989828109741
1281,-0.03038034960627556,-0.11270059645175934,-1.1343311071395874,-0.3465774655342102
1282,-0.5895410180091858,0.7188349366188049,-1.5519390106201172,-2.51521372795105
1283,-0.19508975744247437,0.0832294300198555,0.3138980269432068,-0.21098372340202332
1284,1.285872220993042,0.4004577100276947,-0.4469299614429474,0.6642190217971802
1285,-1.378514051437378,0.1472378373146057,-1.0237315893173218,0.7295495867729187
1286,0.3032906651496887,0.4543195366859436,0.606430172920227,1.3080112934112549
1287,-1.5103520154953003,0.3150101900100708,0.8570573329925537,0.8715400695800781
1288,0.3131636381149292,0.14477388560771942,-0.9016680121421814,0.0103110671043396
1289,-0.8467867970466614,0.2858761250972748,-1.1429656744003296,0.2655617892742157
1290,-1.288708209991455,-0.5984570384025574,0.6438029408454895,0.7892794013023376
1291,-1.0659677982330322,-0.5136035680770874,0.3395310640335083,-0.19091957807540894
1292,-0.36474496126174927,0.5585988759994507,0.3333004117012024,-0.1268688291311264
1293,-0.3231537938117981,1.1608449220657349,-0.10013677179813385,0.7075346112251282
1294,1.8153480291366577,0.1770777702331543,-1.0278334617614746,-0.3664718270301819
1295,-0.5620532035827637,1.0680325031280518,1.3383374214172363,-1.108343243598938
1296,-0.42065685987472534,0.8722296357154846,-0.7592208981513977,1.204599142074585
1297,0.09429483860731125,-0.7081140875816345,-0.43248480558395386,-0.14669249951839447
1298,-1.2421343326568604,2.169574737548828,-1.0946063995361328,-0.18669070303440094
1299,0.10837040096521378,-0.7187213897705078,-0.652291476726532,0.44589176774024963
1300,0.1919376105070114,-0.23115400969982147,-0.6425871253013611,-0.6641920208930969
1301,0.5036175847053528,-0.6523252129554749,-0.12353493273258209,0.5467117428779602
1302,-0.7684010863304138,0.5374138951301575,-1.1224654912948608,0.9850550889968872
1303,-0.31903982162475586,1.518689751625061,-2.4655492305755615,-0.6996692419052124
1304,-0.46569427847862244,-0.37453433871269226,2.358445405960083,1.36551833152771
1305,-2.5345306396484375,-0.3476940989494324,0.824454128742218,1.2131822109222412
1306,2.1230969429016113,1.0962976217269897,0.8513144254684448,0.1421266347169876
1307,-0.5964366793632507,1.9623042345046997,-0.21804820001125336,1.8804574012756348
1308,0.4205084443092346,1.075243592262268,-0.35356104373931885,0.12238000333309174
1309,3.203354835510254,0.5168326497077942,-1.2160067558288574,-0.31958964467048645
1310,-0.004927637055516243,-0.6285234093666077,-0.5672292709350586,1.0556306838989258
1311,0.6651130318641663,0.9494878053665161,0.9096127152442932,0.7405381202697754
1312,-1.1326470375061035,-0.3759637773036957,-1.1703020334243774,1.4738789796829224
1313,-1.6339987516403198,-0.38469281792640686,0.5215893983840942,0.7723997831344604
1314,-0.6223940253257751,-1.152194857597351,-0.9787579774856567,-0.661808431148529
1315,-0.08296560496091843,-1.4354392290115356,-0.927837610244751,-0.6317701935768127
1316,2.0087056159973145,-1.1725678443908691,0.497599333524704,-1.2732820510864258
1317,1.228527545928955,-0.16743606328964233,1.3010501861572266,0.18625874817371368
1318,1.3576123714447021,-0.11084593087434769,0.6771735548973083,1.5759764909744263
1319,0.8479183912277222,-0.8875090479850769,-0.22119921445846558,0.3569355607032776
1320,0.14413045346736908,0.6417638063430786,1.4020824432373047,0.1608770340681076
1321,0.05145566910505295,-0.8505905270576477,-0.2700415551662445,1.2125529050827026
1322,-0.7693015933036804,0.39188113808631897,-1.6693401336669922,0.038186803460121155
1323,0.3488733768463135,-1.3325201272964478,-0.9662277698516846,-0.6826841235160828
1324,-0.12103396654129028,-0.40914300084114075,-0.6909893155097961,0.09903206676244736
1325,1.5299289226531982,-0.4495522379875183,-0.15127471089363098,-0.7702361941337585
1326,-1.1682355403900146,-1.1233277320861816,0.04334799945354462,0.12060035020112991
1327,0.45073550939559937,-0.17750966548919678,0.6521223783493042,-0.9916553497314453
1328,-1.2007200717926025,1.4088062047958374,1.1343928575515747,0.13649477064609528
1329,1.3004969358444214,-0.5058850646018982,1.0827038288116455,0.39347603917121887
1330,-0.20052054524421692,0.8303184509277344,0.8905400633811951,-0.659504234790802
1331,1.2711480855941772,-0.08984339237213135,-2.0944392681121826,0.9932931065559387
1332,0.3574048578739166,-1.528327226638794,-0.2821058928966522,-0.42714425921440125
1333,0.4662523567676544,1.1842710971832275,-1.133309245109558,-1.671692132949829
1334,-0.7154750823974609,-1.8781927824020386,-2.231208324432373,0.8937841653823853
1335,-0.4693644046783447,1.5224918127059937,-2.4468557834625244,2.001127243041992
1336,0.48713499307632446,0.31479573249816895,0.4784564673900604,0.1399410218000412
1337,0.5516782999038696,0.9447078108787537,0.7898738980293274,-1.5309325456619263
1338,1.1590958833694458,1.9060239791870117,0.05057264864444733,1.2163885831832886
1339,1.095872163772583,-0.229385107755661,-0.9070329070091248,0.2877260446548462
1340,-0.3131179213523865,-1.1915842294692993,-0.6803814172744751,0.10972294211387634
1341,-0.6452013850212097,0.23417425155639648,0.1792519986629486,-0.9394375085830688
1342,-2.0903398990631104,0.607255220413208,0.1826384961605072,-1.5875036716461182
1343,-0.962797224521637,0.7636867761611938,-0.5395926833152771,0.9219486713409424
1344,0.3521583080291748,-0.4892640709877014,-0.27997153997421265,-1.566623330116272
1345,0.9618574380874634,0.7499485611915588,1.1034822463989258,-0.8918931484222412
1346,0.2981700301170349,-1.964662790298462,0.2944108247756958,-0.06462781876325607
1347,1.7549850940704346,-0.36881956458091736,0.8675544261932373,0.1098264753818512
1348,0.7182655930519104,0.8762527108192444,-0.2051912099123001,-1.1257961988449097
1349,-0.7626272439956665,0.5312554836273193,1.0028797388076782,0.7038475871086121
1350,0.7177205681800842,0.8338590860366821,-0.3868120312690735,0.023515082895755768
1351,-0.40042170882225037,2.2661094665527344,0.14444781839847565,0.6505875587463379
1352,0.628579318523407,-0.14092200994491577,0.5465537309646606,-0.8344923853874207
1353,0.4717377722263336,0.8361725807189941,-0.10997234284877777,-0.1615075320005417
1354,0.25603774189949036,-0.42275476455688477,1.5041170120239258,-0.20903709530830383
1355,-0.9954082369804382,-0.27045711874961853,0.4686063230037689,1.6340374946594238
1356,0.5453534126281738,2.690943956375122,-0.9315757751464844,-0.7636532783508301
1357,-0.529773473739624,-2.026782274246216,0.8307963013648987,-1.5960813760757446
1358,-0.07403711974620819,-0.5232806205749512,0.0780261754989624,-0.8111549019813538
1359,-0.3325859606266022,-1.195256233215332,-0.8398973345756531,0.9819448590278625
1360,-0.24422842264175415,-0.14093506336212158,1.4125158786773682,0.1710396707057953
1361,0.5568859577178955,-0.26520490646362305,2.2927134037017822,2.206993341445923
1362,-0.7559402585029602,0.7548449635505676,0.5690958499908447,-1.240484356880188
1363,-0.0513170026242733,0.5380620360374451,1.284595251083374,0.6688410043716431
1364,1.4488853216171265,1.045691728591919,-0.4230894446372986,-1.3296722173690796
1365,-1.4946117401123047,-1.5785903930664062,1.0307790040969849,-0.5080082416534424
1366,0.5403308868408203,0.053305674344301224,0.4151926338672638,-0.7938371896743774
1367,0.14174173772335052,0.6746724247932434,1.498730182647705,-1.118630051612854
1368,1.9869438409805298,-0.47026878595352173,0.33521023392677307,-0.12942349910736084
1369,0.5143667459487915,-1.0104756355285645,-0.09021508693695068,0.20944844186306
1370,-0.021610230207443237,-0.23820732533931732,-0.20473220944404602,2.443744659423828
1371,0.6232584714889526,-0.37921246886253357,0.42655619978904724,-0.644435703754425
1372,0.18421730399131775,0.7143009305000305,-0.2884669899940491,0.6244252324104309
1373,1.1994969844818115,0.8943119049072266,-2.1964054107666016,-0.6307292580604553
1374,1.1746305227279663,-0.7426031827926636,-0.5025162100791931,0.827735424041748
1375,-0.3746623992919922,1.0817543268203735,-0.6936624646186829,-0.1316090077161789
1376,-0.07809807360172272,0.7524365186691284,-0.883729100227356,-1.3794362545013428
1377,0.7989202737808228,-1.0521589517593384,-0.036740850657224655,0.43458715081214905
1378,0.5202714800834656,-0.3613574504852295,-1.8250209093093872,0.22985383868217468
1379,-0.02117013931274414,-0.2529965043067932,0.5789785981178284,-1.1838382482528687
1380,1.7922042608261108,0.24731582403182983,0.4206460416316986,-0.9227808713912964
1381,0.8457685708999634,0.13612234592437744,-0.12994283437728882,0.05618228390812874
1382,0.44972848892211914,0.5265712141990662,1.1551220417022705,-0.4220309555530548
1383,0.43669527769088745,1.6379585266113281,-0.3149542510509491,1.8281755447387695
1384,0.5306137800216675,1.64002525806427,0.7458561062812805,0.5182437300682068
1385,1.65755295753479,-1.2758053541183472,-0.4209238290786743,-0.2438478320837021
1386,1.8698959350585938,0.612627387046814,0.5511882901191711,1.450187087059021
1387,1.4289355278015137,-1.4534615278244019,-1.2700929641723633,-0.0482025146484375
1388,0.3761475682258606,-0.4922386705875397,-1.5630519390106201,-0.35467326641082764
1389,-1.1737531423568726,-0.37108829617500305,-0.7925920486450195,0.8121635317802429
1390,-2.601984739303589,-0.7889435887336731,-0.20429518818855286,-1.2576476335525513
1391,0.4601452648639679,-0.7336218953132629,1.8661361932754517,0.7195744514465332
1392,-0.06463833153247833,0.8749442100524902,-0.1373799592256546,-0.38497278094291687
1393,-0.6368230581283569,-0.5438299775123596,-1.8586758375167847,0.23594120144844055
1394,-1.565606951713562,0.468410462141037,0.7560943961143494,0.6157674789428711
1395,0.7105216979980469,-0.9743214845657349,-1.7945237159729004,-1.0606685876846313
1396,1.6208791732788086,1.0192278623580933,-1.1972399950027466,-0.7077898383140564
1397,-0.8217957019805908,-1.2960150241851807,0.18161778151988983,1.5649007558822632
1398,0.6299996376037598,-0.9217634201049805,-0.6901291608810425,0.5594354271888733
1399,-1.246329665184021,-0.749261200428009,0.7478793263435364,1.0748963356018066
1400,-0.7392908334732056,1.045893669128418,1.8693739175796509,-0.507078230381012
1401,-0.8059639930725098,-0.41438424587249756,-0.34092283248901367,-0.480569452047348
1402,2.08390474319458,0.41648727655410767,1.1640247106552124,-0.6799810528755188
1403,-0.30477091670036316,-1.6584690809249878,-1.2945092916488647,-2.8249034881591797
1404,-0.8903337717056274,-0.20286959409713745,-1.389580488204956,-0.7460954189300537
1405,0.1659846305847168,0.6409238576889038,0.7058888077735901,0.7427048683166504
1406,0.5338163375854492,0.9200361371040344,0.08577260375022888,1.0284050703048706
1407,0.20246809720993042,0.007322982884943485,1.1172298192977905,2.442185163497925
1408,-0.1797311007976532,1.8691786527633667,-0.176606684923172,0.416875422000885
1409,-0.4743807911872864,-0.9938641786575317,1.4316571950912476,0.3501834571361542
1410,-0.3212866485118866,-0.1978076845407486,0.9217861294746399,0.10902886092662811
1411,-0.4696824848651886,1.090030550956726,-0.48733311891555786,-0.7669397592544556
1412,0.4513806402683258,-0.9403001666069031,-1.4982177019119263,0.605217456817627
1413,1.5175119638442993,-2.2044029235839844,0.865282416343689,1.2326035499572754
1414,0.7549605965614319,-0.2829805612564087,0.7972975969314575,-0.19323009252548218
1415,0.1825968325138092,-0.5409000515937805,-0.699375569820404,0.015808871015906334
1416,-0.6655052900314331,-0.006097052246332169,-0.051596082746982574,1.9283171892166138
1417,0.9619478583335876,0.6110430359840393,-0.695054292678833,-1.6699131727218628
1418,-0.6354546546936035,-1.2835878133773804,1.2928372621536255,-0.13060645759105682
1419,1.150577187538147,0.2870749235153198,0.40897563099861145,-0.4982994496822357
1420,-1.9976273775100708,-1.2854002714157104,1.2450621128082275,-1.3217381238937378
1421,-0.13625633716583252,2.2527031898498535,0.22303323447704315,-0.6391626000404358
1422,0.19020462036132812,-0.08700484037399292,-0.06875570863485336,-1.0230754613876343
1423,2.0276167392730713,-0.1607731133699417,-0.2585070729255676,0.09163838624954224
1424,0.5932340621948242,0.42186740040779114,0.7502302527427673,0.7725993394851685
1425,1.0848230123519897,1.9207000732421875,0.47209009528160095,0.874522864818573
1426,0.09538014233112335,1.2303279638290405,-2.6597378253936768,0.8418426513671875
1427,-0.3575060963630676,1.744920015335083,0.6240298748016357,0.8519726991653442
1428,1.0918501615524292,0.7057875990867615,1.2603520154953003,1.1110445261001587
1429,0.8566707372665405,0.29018157720565796,0.0079228226095438,0.18145790696144104
1430,-0.9621686339378357,-1.3589951992034912,0.4354698956012726,1.191296100616455
1431,-0.25875741243362427,-1.5163357257843018,-0.163016676902771,0.04058394953608513
1432,-0.3919543921947479,-1.6855907440185547,0.22700098156929016,-0.04657735303044319
1433,1.3026878833770752,0.35580217838287354,-0.7409290075302124,-1.5800923109054565
1434,0.9867815375328064,-1.0475358963012695,-1.291027307510376,1.6486057043075562
1435,-0.1895538866519928,-1.7342950105667114,0.7561630010604858,1.1735010147094727
1436,-1.7931369543075562,0.0878940150141716,0.6894828677177429,-0.3135939836502075
1437,-1.0608038902282715,0.9743354916572571,1.8614863157272339,0.154739648103714
1438,-1.1394193172454834,-0.7552777528762817,0.3160440921783447,-0.9574643969535828
1439,-0.9618585109710693,0.4602726399898529,1.647192358970642,-0.06850524246692657
1440,0.0066464547999203205,0.33938658237457275,-0.5014074444770813,-0.2245507538318634
1441,1.6285470724105835,0.8083532452583313,0.819970965385437,-0.5856942534446716
1442,3.031379222869873,-0.49732670187950134,0.8840617537498474,0.15391291677951813
1443,-0.008415769785642624,-1.163323163986206,-0.06392066180706024,1.6876109838485718
1444,-2.0344417095184326,1.1182615756988525,0.4039899706840515,-1.3647115230560303
1445,-0.4398484528064728,-0.2584491968154907,-0.7609390616416931,-0.9115526676177979
1446,0.6358445882797241,1.1194186210632324,-0.27815601229667664,-1.3443459272384644
1447,0.8689673542976379,-0.03795132040977478,1.3482789993286133,-1.0586779117584229
1448,-0.6232773065567017,1.52372407913208,1.8428298234939575,-0.177782341837883
1449,0.08743496984243393,0.7102323174476624,0.8209290504455566,0.2033671736717224
1450,0.8377854228019714,-0.5823483467102051,0.6526676416397095,0.9970322847366333
1451,1.7889891862869263,-1.335696816444397,-0.651201069355011,2.193944215774536
1452,-0.23008495569229126,-0.33455899357795715,-0.36785465478897095,-1.1585294008255005
1453,0.815093994140625,-1.7865400314331055,1.3262742757797241,1.4691170454025269
1454,-1.8081669807434082,0.08063267916440964,-1.2737163305282593,-0.5575414896011353
1455,1.3539302349090576,0.1739194691181183,0.6021077632904053,-1.3023351430892944
1456,0.1692052036523819,-2.755417585372925,-2.6073999404907227,-0.8018267750740051
1457,0.6647630333900452,-0.4103274941444397,0.8004510998725891,-0.8024716377258301
1458,-0.006794031709432602,-0.05884096771478653,-0.45668715238571167,-0.4599856436252594
1459,-0.313148558139801,0.31459203362464905,0.366102933883667,0.16535912454128265
1460,-0.0031311754137277603,-0.31110087037086487,0.25333523750305176,-0.8939346671104431
1461,-0.08220821619033813,-1.0111045837402344,1.5990456342697144,-1.2341797351837158
1462,0.22275665402412415,-0.26569056510925293,0.9299466609954834,0.724722683429718
1463,0.47081229090690613,-1.4905983209609985,-0.40598994493484497,0.00975643191486597
1464,-0.777491569519043,0.6127545833587646,-0.2448759227991104,2.000422716140747
1465,-0.023220092058181763,-0.8686166405677795,0.4151117503643036,1.552650809288025
1466,0.06631604582071304,1.1026599407196045,-0.9912765622138977,1.425849199295044
1467,-0.0735168531537056,-1.5116010904312134,-1.152132272720337,-0.7664995789527893
1468,-0.5341953635215759,0.09451879560947418,1.1747602224349976,-1.1550546884536743
1469,0.010908368043601513,2.1280548572540283,0.7582249045372009,-0.7011182904243469
1470,1.0183076858520508,-0.5233808755874634,-0.10213644802570343,-0.11765711009502411
1471,-1.0896260738372803,-0.5176775455474854,1.1747816801071167,1.6472448110580444
1472,0.345880389213562,1.503817081451416,1.0610588788986206,0.9113817811012268
1473,-0.5450486540794373,-1.6099060773849487,-1.2738654613494873,1.8200068473815918
1474,0.6019433736801147,-1.3844650983810425,0.08563262224197388,-1.8095543384552002
1475,-0.03652126342058182,-0.9126565456390381,-0.09431016445159912,0.3415006101131439
1476,0.6993641257286072,-1.9855097532272339,0.5995886325836182,-0.11990366876125336
1477,0.36557596921920776,0.058636508882045746,-0.4386995732784271,-0.1866580694913864
1478,-0.6772434711456299,0.9444989562034607,0.24770788848400116,-2.2186813354492188
1479,-0.43207281827926636,0.6749303936958313,-0.15528833866119385,0.6691259741783142
1480,1.414986252784729,-2.0054636001586914,1.3362348079681396,1.0993742942810059
1481,-0.8965203166007996,2.5548670291900635,-0.05958814546465874,0.3562140166759491
1482,1.2584807872772217,-1.3396281003952026,-0.8169735074043274,-1.0037298202514648
1483,-0.278830885887146,1.0104122161865234,-1.9588675498962402,-0.06293537467718124
1484,0.7387393116950989,-0.3553031086921692,-0.6550666689872742,0.4453985393047333
1485,1.9118906259536743,0.9653152227401733,0.2302791178226471,0.2765859067440033
1486,1.2665177583694458,1.577717661857605,-1.5674110651016235,1.4540188312530518
1487,-0.4194912314414978,1.2718596458435059,-0.007153557613492012,-1.3810038566589355
1488,0.2287278026342392,0.9198989868164062,0.2706843614578247,-1.167634129524231
1489,-0.44741716980934143,-0.05872037261724472,0.908480703830719,1.6478979587554932
1490,0.7627502083778381,1.0811872482299805,2.1800687313079834,0.675531804561615
1491,-0.943588137626648,-0.8727730512619019,1.6431801319122314,-0.024764226749539375
1492,1.920397400856018,-1.0928035974502563,-0.4094929099082947,0.3776957392692566
1493,-0.0695016011595726,-0.16852477192878723,-2.0085928440093994,0.0418807789683342
1494,-0.17058031260967255,-0.11041133105754852,0.8573269844055176,-0.3710389733314514
1495,0.9247334003448486,0.9258485436439514,-0.5408028960227966,0.5205143690109253
1496,-0.18733461201190948,-0.5183574557304382,0.6531091928482056,-1.773725986480713
1497,0.08544672280550003,1.661137580871582,-0.5808755159378052,-0.5335277915000916
1498,-0.029080618172883987,0.24111703038215637,-0.436857670545578,0.13921071588993073
1499,-0.14746510982513428,-0.371380478143692,0.2066490650177002,0.8925527334213257
1500,-0.3359469473361969,1.2518234252929688,-0.3349796235561371,-0.9616798162460327
1501,0.07813303172588348,-0.19372910261154175,1.2953312397003174,1.2270734310150146
1502,0.45899340510368347,0.3442426025867462,0.8385015726089478,0.2970943748950958
1503,-1.8046166896820068,0.4243139326572418,-2.375157594680786,-0.13178254663944244
1504,-0.3454032242298126,2.057912826538086,0.4057706892490387,-2.6665573120117188
1505,-1.2383121252059937,-0.28982415795326233,-1.1443983316421509,-0.052243079990148544
1506,-1.7541508674621582,-1.0810661315917969,-1.151208758354187,0.7293239235877991
1507,0.6096897721290588,-1.558593511581421,0.19441865384578705,1.3918094635009766
1508,-0.9876214265823364,-0.23128148913383484,0.8352301716804504,-2.4714102745056152
1509,0.2212238609790802,-0.21042488515377045,-1.4873517751693726,-0.3392285704612732
1510,0.08279728889465332,-1.5968600511550903,-0.44949498772621155,0.8341317772865295
1511,1.5479357242584229,-0.9721986651420593,-0.8446255326271057,1.0805244445800781
1512,-0.5531023740768433,-0.7462178468704224,-0.3086564540863037,-1.6825560331344604
1513,-1.2407976388931274,-1.6812961101531982,-0.17780344188213348,-0.006575341336429119
1514,1.1852258443832397,-0.15646694600582123,0.2883142828941345,1.5924948453903198
1515,0.8947754502296448,1.0152329206466675,-0.3556353449821472,-1.1339856386184692
1516,2.527059555053711,-0.5727315545082092,-0.8559620380401611,-0.5032161474227905
1517,-1.0779948234558105,-0.6700025796890259,-1.3867738246917725,-0.7419180870056152
1518,1.4095113277435303,0.5035079121589661,0.24056251347064972,0.12829162180423737
1519,-1.7842333316802979,1.6808052062988281,0.6636051535606384,0.16188034415245056
1520,0.8820234537124634,-1.1176092624664307,0.17841458320617676,1.334038496017456
1521,0.04962087422609329,0.4730536937713623,-0.9185703992843628,-0.909628689289093
1522,0.318565309047699,1.904576301574707,-1.0814071893692017,0.8956998586654663
1523,-0.2836866080760956,-0.019531374797225,0.22234180569648743,-1.197434663772583
1524,0.37465888261795044,1.9793192148208618,1.3555229902267456,-0.8194563984870911
1525,0.003685274161398411,-0.27797502279281616,0.6261432766914368,-0.13792741298675537
1526,-0.2071455866098404,-1.073235273361206,0.8185911178588867,0.984928548336029
1527,0.9988475441932678,-0.5293574929237366,0.8758772611618042,-0.3794883191585541
1528,-0.6154758334159851,-0.09817121922969818,0.2132372409105301,-0.2532725930213928
1529,-1.3384106159210205,-0.03737242519855499,-2.1622233390808105,0.8454226851463318
1530,-0.821319580078125,-0.20999491214752197,-0.3928404152393341,0.24611622095108032
1531,-0.022674961015582085,-0.34651249647140503,-0.3656695783138275,-0.04293448477983475
1532,-0.48489910364151,2.08019757270813,-1.6443281173706055,1.2769739627838135
1533,1.1536338329315186,0.5644741654396057,-1.0686382055282593,1.2140653133392334
1534,2.365074396133423,0.8277405500411987,-0.12022823095321655,0.15135858952999115
1535,0.1358526051044464,0.9138202667236328,-0.7581868767738342,-1.555593490600586
1536,1.1394004821777344,-1.41202712059021,-1.7468243837356567,-1.8132843971252441
1537,-0.8030808568000793,1.9205595254898071,0.5218329429626465,-0.7539433240890503
1538,0.26147329807281494,0.9245477914810181,-0.2947235405445099,0.8730447292327881
1539,1.4235721826553345,-1.1055594682693481,-0.24904248118400574,-0.610700249671936
1540,1.272490382194519,0.005104979500174522,0.540783166885376,0.6356167793273926
1541,2.5220978260040283,0.5072502493858337,-1.332275390625,-0.4250866770744324
1542,-1.0507261753082275,-0.33080583810806274,-0.20564813911914825,-0.7201291918754578
1543,-1.5238635540008545,-2.593379259109497,-1.5037871599197388,-0.9842490553855896
1544,0.2957586646080017,1.284002423286438,0.5092480182647705,-0.7718585729598999
1545,1.5910444259643555,-0.9431169033050537,-0.4795522391796112,-0.6768263578414917
1546,-0.024010105058550835,-0.16094136238098145,2.216153621673584,0.9704270958900452
1547,-0.6757867336273193,-0.3778429329395294,-1.225988745689392,-0.9355133175849915
1548,-0.5073097348213196,-0.8245653510093689,0.06336333602666855,0.7143746614456177
1549,0.20633816719055176,0.5360602140426636,1.0278133153915405,0.4075484871864319
1550,0.09878496825695038,-1.2876681089401245,-1.6580754518508911,0.29358574748039246
1551,-0.4949936270713806,0.4109128415584564,-1.4212168455123901,-0.5650777816772461
1552,0.4097585678100586,0.019484808668494225,-1.4931042194366455,-0.24353168904781342
1553,0.48962247371673584,-0.7610468864440918,0.30117595195770264,-0.121674083173275
1554,-1.457988977432251,-0.16639192402362823,0.7388443946838379,0.914986789226532
1555,0.07861261069774628,0.5334622859954834,1.2998262643814087,1.3566850423812866
1556,0.5884436964988708,1.3460805416107178,0.23060980439186096,0.7194697856903076
1557,-0.5247936248779297,-0.6508901715278625,2.7511556148529053,0.5074613094329834
1558,-0.7213308215141296,-2.8920092582702637,1.46857750415802,0.49326860904693604
1559,0.19108805060386658,-1.3346680402755737,1.260986328125,1.59810209274292
1560,-1.2599389553070068,-2.004364252090454,-0.799241840839386,-0.35440313816070557
1561,0.9586731195449829,0.1853071004152298,-0.6335663795471191,-0.6201304793357849
1562,-0.09430932253599167,-0.3758460283279419,1.2764031887054443,1.5395851135253906
1563,-0.38198432326316833,2.0279722213745117,-0.0901135504245758,-0.05660915747284889
1564,-1.5413304567337036,0.45295244455337524,0.056331995874643326,0.9619057774543762
1565,-0.1009722650051117,0.6341233849525452,0.506133496761322,1.7055411338806152
1566,0.7428790926933289,-0.40379637479782104,0.5148327946662903,-0.14571700990200043
1567,3.1998088359832764,-1.1986373662948608,-0.34265899658203125,-1.1025199890136719
1568,-0.4594385027885437,-1.5331709384918213,-1.075486660003662,0.409135639667511
1569,-0.19399264454841614,-1.0934337377548218,1.5170402526855469,-1.2431070804595947
1570,1.1568609476089478,1.1745567321777344,-0.39576664566993713,-1.0977967977523804
1571,-0.10111434012651443,-0.6192370653152466,-1.344335913658142,0.6067935824394226
1572,-0.5043725371360779,0.7529177069664001,-0.7585152387619019,-0.6848573684692383
1573,0.5578131675720215,-0.21115995943546295,1.1466165781021118,2.1022913455963135
1574,0.09003855288028717,-0.5214494466781616,0.6929939985275269,1.171491026878357
1575,-0.24756649136543274,-1.1770668029785156,-1.066781759262085,-1.0786710977554321
1576,-0.46776896715164185,-0.034355416893959045,0.616929829120636,1.197239875793457
1577,-0.6556779742240906,0.9130727648735046,0.8794105052947998,0.5414466857910156
1578,-1.0196771621704102,1.4214317798614502,0.5655190944671631,0.3180420398712158
1579,-0.06789740920066833,2.060530424118042,0.22476859390735626,-1.964938998222351
1580,-0.3998118042945862,0.8973526954650879,-1.1727769374847412,0.7339175343513489
1581,-0.05092014744877815,0.5817389488220215,-0.9302723407745361,1.0436033010482788
1582,0.9730483293533325,1.2090449333190918,-0.5247247815132141,0.2331276386976242
1583,-0.058805353939533234,1.1534761190414429,-1.9525429010391235,-1.0683668851852417
1584,1.249075174331665,-0.5137868523597717,-1.8933576345443726,-0.559684157371521
1585,-0.33861684799194336,0.12805092334747314,-1.17256760597229,-0.45960304141044617
1586,2.702075481414795,-1.3001972436904907,-1.0187171697616577,-1.5614360570907593
1587,2.3569648265838623,-0.8978904485702515,0.31904736161231995,-1.3545479774475098
1588,-0.39246997237205505,-0.8291284441947937,0.5249840021133423,-1.5796295404434204
1589,-1.7987110614776611,-1.0052671432495117,-0.27951550483703613,0.7588120102882385
1590,-0.7711117267608643,2.1678829193115234,0.1902543306350708,0.7716472148895264
1591,0.1922411173582077,0.12470464408397675,1.255798578262329,-0.08860313147306442
1592,0.8819044232368469,1.191943883895874,1.1084065437316895,0.05242336541414261
1593,0.42446914315223694,-2.2847237586975098,-1.2502896785736084,-0.519309401512146
1594,0.31410592794418335,0.8132371306419373,0.2752869129180908,0.4232828915119171
1595,0.5641747713088989,-0.5170161724090576,-0.6234791874885559,-0.2909565269947052
1596,-0.021454596891999245,0.9360807538032532,-1.275022268295288,-0.5576539635658264
1597,-0.06613592803478241,0.6131213903427124,-1.414825439453125,-0.051038358360528946
1598,0.5698077082633972,0.08120201528072357,-0.9452810287475586,0.6614452600479126
1599,-2.8690996170043945,0.630098283290863,-0.1056661382317543,-0.1356993317604065
1600,-0.6736332178115845,1.0008985996246338,-0.39235058426856995,-1.9476661682128906
1601,0.30494189262390137,-0.4935077726840973,0.4817594289779663,-1.2403877973556519
1602,0.25448736548423767,0.7129776477813721,0.5899004936218262,-0.8857813477516174
1603,-0.19588568806648254,-0.23826898634433746,-0.18007618188858032,2.585510730743408
1604,-0.5814345479011536,-0.4680050313472748,0.9509686231613159,0.5200657248497009
1605,0.1050713062286377,-0.5086005926132202,-0.4247133731842041,1.5369393825531006
1606,-0.9674106240272522,-0.25490835309028625,0.33338385820388794,-2.9925405979156494
1607,-0.135652557015419,-0.23835134506225586,0.02880939096212387,-1.622941255569458
1608,-0.08070308715105057,-0.638035237789154,-0.3317110240459442,-0.9266892671585083
1609,0.6473846435546875,1.3353700637817383,0.039050959050655365,-0.0678357481956482
1610,2.040191411972046,2.7346818447113037,0.22759178280830383,-0.3300747275352478
1611,0.703030526638031,-0.9227116107940674,-0.22455766797065735,-0.6729961037635803
1612,0.7932732105255127,0.8368061184883118,0.16688106954097748,-0.7678966522216797
1613,-0.5805396437644958,-1.6003596782684326,-0.6365614533424377,0.2765960395336151
1614,0.13590534031391144,0.14702682197093964,1.6547577381134033,-0.6829261779785156
1615,1.9531426429748535,-1.611887812614441,1.157392978668213,-0.022831346839666367
1616,0.60714191198349,0.9206074476242065,-1.4466580152511597,-0.29276713728904724
1617,-1.401553988456726,-0.5365760326385498,-2.133607864379883,-1.0760215520858765
1618,0.26586589217185974,-0.15375465154647827,-0.5136258006095886,0.04238225519657135
1619,-0.7046723365783691,-0.8743680119514465,-0.09409582614898682,-0.41262662410736084
1620,-0.12904030084609985,-0.49551719427108765,-0.773654580116272,-1.1106377840042114
1621,0.8729168772697449,-1.0378485918045044,0.39038702845573425,-1.1650389432907104
1622,0.5071396827697754,0.38382959365844727,-0.09253329783678055,-0.35748592019081116
1623,-1.2924095392227173,0.3576562702655792,0.5962843894958496,0.9370605945587158
1624,-0.2189154326915741,-0.6061937212944031,0.445482462644577,-0.5079556703567505
1625,-0.7554740309715271,1.1740999221801758,-0.6086681485176086,0.8971192836761475
1626,1.8551459312438965,-0.7481365203857422,1.6375917196273804,1.091031551361084
1627,-0.9535395503044128,2.4132232666015625,1.229465365409851,-0.44639188051223755
1628,0.048210807144641876,0.5123370885848999,0.9110466837882996,0.8179425001144409
1629,-1.098814606666565,-0.802257239818573,-1.2884379625320435,-0.8166695833206177
1630,-0.7212936282157898,-2.0631048679351807,-1.8577345609664917,-0.2582034766674042
1631,0.2336203008890152,0.522529661655426,-0.15494416654109955,0.5616583824157715
1632,-2.5250048637390137,-0.5850424766540527,-0.13627339899539948,0.5166060328483582
1633,1.50742506980896,0.31176912784576416,-0.7208452224731445,-1.515053391456604
1634,-0.17898796498775482,0.8836137652397156,-0.6147689819335938,1.7344658374786377
1635,0.44497039914131165,-0.8258036971092224,-1.0512299537658691,-1.6876051425933838
1636,-1.8015620708465576,0.5031649470329285,0.25899258255958557,-0.023072458803653717
1637,0.6171589493751526,-2.519918203353882,1.2773070335388184,0.7049478888511658
1638,-0.8509462475776672,-0.27749794721603394,-1.0886306762695312,-0.6124894022941589
1639,-0.4601682722568512,0.1335347443819046,0.8607369065284729,-0.9962344765663147
1640,-0.7661604881286621,1.834417700767517,-2.3225486278533936,0.32413148880004883
1641,-0.294309139251709,-0.5845292210578918,0.5943495035171509,1.134819746017456
1642,0.7547627687454224,1.272394061088562,-0.17094659805297852,-1.6464035511016846
1643,-0.8103084564208984,1.1324385404586792,-2.334179162979126,1.440103530883789
1644,-0.019340455532073975,-0.5411543846130371,0.5999059081077576,-0.2305283546447754
1645,-1.701261043548584,-1.511648178100586,-1.53421950340271,0.475094199180603
1646,0.11197909712791443,1.2053899765014648,-0.20981046557426453,0.23223333060741425
1647,-0.2040427029132843,0.03347892686724663,1.2312638759613037,-0.34426653385162354
1648,-0.3954884111881256,-0.33481791615486145,0.4913311004638672,0.2796354293823242
1649,0.8315758109092712,-0.2762325704097748,-1.6793197393417358,0.41765710711479187
1650,-0.8160946369171143,-0.23334893584251404,-0.8557263016700745,-0.12007841467857361
1651,-0.7445476055145264,0.13048198819160461,-0.02797585353255272,-2.0614492893218994
1652,0.09327703714370728,0.4752555191516876,-0.06582818925380707,-0.015735026448965073
1653,-1.8507102727890015,0.708152174949646,0.5344557166099548,0.9655179977416992
1654,1.8606289625167847,0.5564616322517395,0.7421682476997375,0.4992852210998535
1655,-0.27323660254478455,0.12654457986354828,-0.34409961104393005,1.2578562498092651
1656,-0.0023251548409461975,-0.08652561157941818,-0.3033158481121063,0.5475780367851257
1657,-0.3456288278102875,2.2516653537750244,0.9650446176528931,0.17834526300430298
1658,-0.8632187247276306,-0.9104057550430298,-1.1632353067398071,-0.2640671133995056
1659,-0.09465954452753067,-0.6102653741836548,-0.5572438836097717,0.8484883308410645
1660,-0.7321654558181763,0.6282128095626831,-0.24731433391571045,0.6706681847572327
1661,0.17628733813762665,-0.5051436424255371,0.889344334602356,-0.04124888777732849
1662,-0.2145267277956009,-0.36153239011764526,-1.0070157051086426,-0.8601017594337463
1663,0.3859691917896271,-0.6506503820419312,-0.37596485018730164,-1.3632960319519043
1664,2.436636209487915,-0.09623196721076965,1.1326045989990234,1.822581171989441
1665,0.09632407128810883,-0.6582677960395813,2.0471911430358887,1.1126549243927002
1666,-1.1068941354751587,0.16687440872192383,0.16275577247142792,-0.49080565571784973
1667,-0.08421803265810013,0.07043624669313431,-1.370118260383606,1.0766832828521729
1668,0.29747727513313293,0.0225132554769516,-0.7454801201820374,0.6850754022598267
1669,1.0565670728683472,-0.13000541925430298,-1.1441011428833008,-2.0161967277526855
1670,-2.0063343048095703,-0.6492701768875122,1.4884988069534302,-1.1536005735397339
1671,1.1526715755462646,-0.4280027747154236,-1.3488192558288574,-0.3332916498184204
1672,1.721948266029358,-0.6631793975830078,1.2688480615615845,-0.19261914491653442
1673,0.06334076821804047,0.6588078141212463,-0.07460412383079529,0.9460967779159546
1674,0.6074225306510925,1.4129970073699951,2.0822360515594482,-0.11449114978313446
1675,0.40906983613967896,1.0951627492904663,1.2609390020370483,1.8709368705749512
1676,0.11678434163331985,-0.9312352538108826,0.17253771424293518,0.4740726351737976
1677,1.0321115255355835,1.079054832458496,1.799556851387024,0.07085123658180237
1678,-0.31536227464675903,0.14521817862987518,0.7862368822097778,-0.32229241728782654
1679,0.4803480803966522,1.4052382707595825,-0.22039780020713806,0.9343280792236328
1680,0.7501993179321289,0.761585533618927,-0.037044405937194824,1.170899510383606
1681,-0.938025712966919,-0.009987310506403446,0.6822956204414368,-0.5635363459587097
1682,0.7174679040908813,-1.411670207977295,1.965993046760559,-1.6754186153411865
1683,-0.09018063545227051,0.6923127770423889,1.005398154258728,-0.026331650093197823
1684,1.2096037864685059,2.2140073776245117,0.40849602222442627,0.21841880679130554
1685,-0.05605815723538399,-0.8179936408996582,1.4061493873596191,-0.4359660744667053
1686,-0.8610779047012329,0.2090507596731186,0.4290895462036133,-1.5153952836990356
1687,-0.8378990292549133,-0.5808171033859253,-1.1417680978775024,1.3645817041397095
1688,1.2130882740020752,-1.1773669719696045,-0.11874628067016602,1.515627145767212
1689,0.018100906163454056,-1.212193489074707,-1.2518519163131714,0.5523694753646851
1690,-0.8205825686454773,0.29832205176353455,-0.6839383244514465,1.0596168041229248
1691,-0.30647557973861694,0.40992847084999084,-1.60835862159729,-3.521305561065674
1692,-0.08882363885641098,0.818014919757843,0.6423817276954651,-0.3956524133682251
1693,-0.06312429904937744,0.017295286059379578,0.46136391162872314,0.4303298890590668
1694,-0.11811530590057373,1.518813133239746,-0.6602792739868164,0.32112786173820496
1695,-0.04347526282072067,-1.4340218305587769,0.35126957297325134,-0.18972903490066528
1696,-0.7692527174949646,-0.4212583303451538,-3.4902994632720947,-0.8209354877471924
1697,0.4506749212741852,-0.254941463470459,0.5157821178436279,-0.6372300982475281
1698,-2.8219902515411377,0.4918816089630127,-1.6984739303588867,-0.743144154548645
1699,-1.6342180967330933,-0.802725076675415,0.14993071556091309,0.7323993444442749
1700,0.8783540725708008,-0.3528155982494354,-0.5273972749710083,0.08521600812673569
1701,-0.6601832509040833,-1.1400967836380005,0.25945550203323364,-1.1558258533477783
1702,-0.48760566115379333,-0.620522677898407,-2.216629981994629,-0.033487290143966675
1703,-0.11601699888706207,0.20980508625507355,-0.3346613943576813,-0.4270538091659546
1704,1.9214656352996826,-0.7466872930526733,-0.5292539000511169,-0.6801960468292236
1705,0.09859547019004822,-0.4661087989807129,1.4816802740097046,-0.8581603765487671
1706,-0.5861657857894897,-1.7627085447311401,-0.42471346259117126,1.8030023574829102
1707,-0.5523458123207092,0.9092825651168823,-0.5306150913238525,0.5335264801979065
1708,1.497593641281128,1.687748908996582,-0.2766793966293335,-0.38517066836357117
1709,-0.32048988342285156,1.360899567604065,0.336027055978775,0.14515966176986694
1710,-0.7115293741226196,0.13464869558811188,1.1430702209472656,-0.7847453355789185
1711,1.6817904710769653,1.1691322326660156,-0.056002337485551834,0.235458105802536
1712,-0.7778763175010681,-0.2756083905696869,-1.4239555597305298,-0.780985414981842
1713,-1.2134127616882324,0.6480494141578674,0.33100172877311707,0.6935102343559265
1714,0.7247238159179688,-0.7920587658882141,-0.9723391532897949,0.6806002259254456
1715,0.3794545531272888,0.8031105399131775,-3.0751171112060547,-0.8634177446365356
1716,0.9786958694458008,-1.1325331926345825,1.028131365776062,-0.26303771138191223
1717,-0.055542707443237305,-1.133262276649475,0.2780380845069885,1.817389726638794
1718,0.6368486285209656,-0.938467264175415,-0.6389817595481873,0.1560831069946289
1719,0.5439079999923706,-0.057301901280879974,-0.2568090856075287,0.17073626816272736
1720,-0.3795812427997589,0.4163462221622467,-0.21401023864746094,-0.23672184348106384
1721,-0.9291918277740479,-0.004466312471777201,-0.8441665172576904,-1.768353819847107
1722,-0.4832867383956909,-0.4028097093105316,-1.339141845703125,-1.6293649673461914
1723,-0.1008356586098671,0.0264599472284317,1.3307867050170898,2.0610768795013428
1724,-0.42215585708618164,-0.39825767278671265,1.47025465965271,-0.19753316044807434
1725,-0.6611930727958679,0.5480787754058838,-0.6701629757881165,0.9835212826728821
1726,0.8953084349632263,-0.6226613521575928,0.9590049982070923,-0.6218275427818298
1727,0.23206692934036255,-0.3864365220069885,-0.643683135509491,-1.1458930969238281
1728,-0.6793449521064758,0.04463702812790871,-0.4404776692390442,1.2941864728927612
1729,0.9199073314666748,1.0439164638519287,-2.0640077590942383,-0.3351108133792877
1730,0.042177654802799225,1.6245002746582031,-1.8544880151748657,1.2281454801559448
1731,-0.11356846988201141,-1.05867600440979,-1.0910892486572266,0.19833648204803467
1732,1.2253775596618652,0.23239317536354065,0.19055530428886414,0.02660771645605564
1733,-0.9084289073944092,-0.7911900281906128,1.2755250930786133,0.4553319811820984
1734,1.2753883600234985,-0.7904718518257141,1.9520536661148071,1.3233665227890015
1735,-0.29470136761665344,1.5005948543548584,-1.2698298692703247,0.27291935682296753
1736,0.9955774545669556,-0.35212206840515137,-0.17137321829795837,0.14364093542099
1737,-0.3459043800830841,0.27630001306533813,0.8622859120368958,1.2297228574752808
1738,-1.9907172918319702,0.1975044459104538,-1.5909637212753296,0.2841389775276184
1739,-0.0222647525370121,0.9696771502494812,0.22924862802028656,0.7594097256660461
1740,-0.3014085590839386,-1.208620309829712,0.38478827476501465,0.7288492918014526
1741,0.3712822496891022,0.11164061725139618,0.032949209213256836,0.6305670738220215
1742,-1.343477487564087,0.2728053629398346,-0.4707138240337372,0.526151716709137
1743,-1.6452528238296509,-1.3715330362319946,-1.0033395290374756,0.467170774936676
1744,-0.3113163709640503,0.7561586499214172,-0.6883710026741028,-0.19215169548988342
1745,0.10363505035638809,0.7719078063964844,1.5755994319915771,0.6886608004570007
1746,0.1911170929670334,0.01066519320011139,-0.656657338142395,-0.06200893968343735
1747,1.475884199142456,0.34216785430908203,-0.9984628558158875,-0.9593348503112793
1748,-1.1995899677276611,0.04298315942287445,-0.7454695105552673,1.00779390335083
1749,0.3961447477340698,0.5292435884475708,0.3820503056049347,0.21154136955738068
1750,0.10513362288475037,2.164271354675293,-0.4100970923900604,-0.5802151560783386
1751,-0.4281282126903534,0.3817150294780731,-0.2539578080177307,1.0700550079345703
1752,-1.1945217847824097,1.0197854042053223,0.7296733856201172,0.8628531098365784
1753,-0.4292788803577423,-0.2870273292064667,-0.40235641598701477,0.555779218673706
1754,1.2072898149490356,-1.7088468074798584,0.9660955667495728,-0.3383695185184479
1755,-0.14594623446464539,-0.19870427250862122,-0.8433899879455566,-0.8745211958885193
1756,-0.6191847324371338,0.49559569358825684,-1.2447293996810913,0.462101012468338
1757,1.0188933610916138,-1.5221320390701294,1.605034589767456,0.9823931455612183
1758,-0.20000532269477844,1.7961393594741821,0.06758757680654526,1.4402159452438354
1759,1.5121866464614868,-0.7126469612121582,2.2767319679260254,-0.950653076171875
1760,-0.7069917321205139,0.1255800426006317,1.3126599788665771,-1.715302586555481
1761,1.2407441139221191,1.644697904586792,0.5642701983451843,-0.31779563426971436
1762,-0.22066131234169006,-1.150735855102539,-0.9986793398857117,0.8755226731300354
1763,0.4390629827976227,0.2797738015651703,-0.03989798575639725,-0.29886242747306824
1764,1.2489675283432007,0.6968599557876587,0.3687504231929779,0.01577153615653515
1765,0.4661075174808502,0.028220728039741516,-0.6751865744590759,0.6956080794334412
1766,0.12642325460910797,1.066434383392334,-0.29024162888526917,-1.1547648906707764
1767,1.776882529258728,-0.8529072403907776,1.082821011543274,-0.585710883140564
1768,0.8849772810935974,-0.12728863954544067,0.34471195936203003,-1.1854915618896484
1769,1.2238250970840454,2.1438465118408203,-0.27323609590530396,-0.5197113752365112
1770,-1.719089150428772,-0.5117063522338867,0.2361966222524643,0.7060149312019348
1771,0.37104570865631104,-0.283256858587265,1.4460517168045044,-1.435760736465454
1772,1.2335273027420044,-0.08662212640047073,-0.4457865059375763,0.6415414810180664
1773,-0.8142778873443604,0.6651600003242493,-0.8636533617973328,0.5077113509178162
1774,2.1236863136291504,-1.7191228866577148,0.9347438216209412,-0.7199510931968689
1775,-1.145725131034851,1.8210697174072266,0.6518027782440186,-0.8100969195365906
1776,1.8979960680007935,0.05522439628839493,1.2322293519973755,1.4759995937347412
1777,-0.3589984178543091,-1.8507570028305054,1.63676118850708,0.37185022234916687
1778,-1.8857994079589844,-0.9566709399223328,1.0107828378677368,0.12516014277935028
1779,0.16839851438999176,0.2573602497577667,-0.6361733078956604,-0.10618772357702255
1780,1.3212343454360962,-0.39908266067504883,-0.6634606122970581,-0.37793153524398804
1781,-0.015698624774813652,1.3399251699447632,0.6184111833572388,-0.5032833218574524
1782,0.5952697396278381,-1.184797763824463,-0.3915093243122101,1.2225404977798462
1783,0.31272122263908386,1.523283839225769,-0.8796173334121704,1.6816010475158691
1784,-0.7546495199203491,1.0552018880844116,0.6460821032524109,1.4953562021255493
1785,1.6502803564071655,2.8368637561798096,-0.02442801371216774,0.9230951070785522
1786,-0.113428495824337,-0.07582642138004303,-1.0776406526565552,-1.2509173154830933
1787,-0.7227855920791626,1.4829643964767456,-0.5264469385147095,0.20873288810253143
1788,-0.47742393612861633,0.12833629548549652,1.4726015329360962,0.057674143463373184
1789,-1.0735464096069336,1.153190016746521,0.2938057780265808,-0.11217200756072998
1790,-1.8714617490768433,1.3410508632659912,0.13412898778915405,-0.7843884229660034
1791,0.3405711054801941,-1.004014015197754,0.6451008915901184,-1.2420226335525513
1792,0.4610011577606201,-0.740723192691803,1.352562665939331,-1.002682089805603
1793,0.5680975914001465,-0.5088679790496826,0.8504323959350586,0.053776055574417114
1794,0.43764442205429077,0.8497880697250366,-0.5809502005577087,0.6629416942596436
1795,-0.31897857785224915,0.5857725739479065,0.4870609641075134,-0.4723615050315857
1796,-0.23207785189151764,-0.011926382780075073,0.028827954083681107,0.19607527554035187
1797,-0.34460729360580444,-0.8824434876441956,0.15504029393196106,-0.6544311046600342
1798,-0.08688457310199738,-1.4138880968093872,0.2964131534099579,-1.2535535097122192
1799,-0.8228175044059753,-0.3895028531551361,-2.2227771282196045,-0.8130768537521362
1800,-1.7621732950210571,0.48748695850372314,-3.3061041831970215,0.7658661007881165
1801,-0.8118793964385986,-0.31573885679244995,-0.7001226544380188,-0.134456068277359
1802,-0.6806590557098389,1.2466918230056763,0.8441082239151001,-1.6323742866516113
1803,-1.0203688144683838,0.27129843831062317,-0.5125986933708191,0.5675840973854065
1804,0.11510473489761353,-0.08639572560787201,0.44474026560783386,-0.31591713428497314
1805,0.3810221552848816,0.7497405409812927,0.23312963545322418,-0.05664750933647156
1806,-1.0383415222167969,-0.3336585462093353,0.6263968348503113,1.4204728603363037
1807,-0.24961063265800476,-0.07015316188335419,-0.38789379596710205,-0.6581180691719055
1808,-1.4239377975463867,0.8051608204841614,-0.7142105102539062,-0.9766243100166321
1809,-1.0645660161972046,-1.076358437538147,-2.4655630588531494,0.5590324401855469
1810,2.1187946796417236,1.2420933246612549,-0.5000181198120117,-1.2627686262130737
1811,-0.6217395067214966,0.28616803884506226,0.3266020119190216,0.15663966536521912
1812,0.47250473499298096,-1.7398594617843628,0.9037238955497742,-0.05061865597963333
1813,-1.7341771125793457,-1.0914007425308228,0.8108147382736206,0.8967378735542297
1814,1.507144570350647,-0.04619186371564865,-0.0669628456234932,1.0782204866409302
1815,0.7499202489852905,-1.0858098268508911,-1.9675629138946533,0.1661776751279831
1816,0.01992061361670494,-1.1755154132843018,-1.0204318761825562,1.1545275449752808
1817,0.4628356099128723,-0.6300975680351257,0.25853151082992554,0.2254483997821808
1818,0.30777519941329956,-0.3481115698814392,-0.07552607357501984,1.1547632217407227
1819,-0.36706510186195374,-0.45523369312286377,-1.2474552392959595,-1.498573899269104
1820,-0.3961954712867737,-1.024893879890442,-1.4965877532958984,-0.5119203329086304
1821,0.4024311602115631,0.108063243329525,0.4321426749229431,-2.273383855819702
1822,-2.128537893295288,-0.12429159134626389,0.8674058318138123,0.14990922808647156
1823,-0.9785881042480469,0.8081676363945007,1.249175786972046,0.4871377944946289
1824,0.49050354957580566,-0.26964515447616577,0.05841539800167084,-2.952145576477051
1825,0.5681159496307373,0.9183302521705627,-0.13726137578487396,-1.901008129119873
1826,-0.3120381832122803,0.866367757320404,0.6132394671440125,-0.39199429750442505
1827,0.15002569556236267,-0.6600860357284546,-1.194547176361084,-2.0660593509674072
1828,-1.3543083667755127,-0.6246670484542847,0.08375358581542969,-0.6105054020881653
1829,-1.3253446817398071,-0.521351158618927,0.8758838176727295,-0.4677734375
1830,-1.020929217338562,-1.4820359945297241,0.8531274199485779,0.7672417759895325
1831,0.10573920607566833,-0.10442022979259491,-0.48608291149139404,1.2385023832321167
1832,2.574716091156006,-0.9255238175392151,-0.2616211771965027,0.8403273224830627
1833,1.6069391965866089,0.8912414312362671,0.39160260558128357,-0.48402994871139526
1834,-0.10684012621641159,0.18932338058948517,-0.6012317538261414,2.6251516342163086
1835,-1.8088794946670532,-0.19950643181800842,-0.7990140318870544,-1.3450723886489868
1836,-0.8182886242866516,0.26295334100723267,-0.0027353959158062935,0.8851573467254639
1837,1.6694387197494507,-1.9545565843582153,0.4377627372741699,-0.5058655142784119
1838,-2.2494025230407715,0.5789566040039062,0.7962269186973572,0.0009263064712285995
1839,-2.1284091472625732,-0.012524716556072235,-1.2052942514419556,0.3659532070159912
1840,-0.0916193351149559,-0.2213408648967743,0.5847241282463074,-1.1713184118270874
1841,-0.14401842653751373,-0.9532099366188049,1.1470296382904053,-1.0499577522277832
1842,0.22350983321666718,-0.09110928326845169,0.3754279911518097,0.826970636844635
1843,0.9433696269989014,-1.005415439605713,-2.2447738647460938,-1.3661786317825317
1844,-1.2169195413589478,-0.5503748059272766,-1.1529585123062134,-2.1931114196777344
1845,-0.06156010180711746,0.3178373873233795,0.20559453964233398,0.2596408724784851
1846,1.1549077033996582,-0.5885077118873596,-1.050915002822876,0.17578153312206268
1847,0.2966936230659485,1.539605736732483,-1.0752322673797607,0.022890791296958923
1848,2.492199182510376,1.32840895652771,1.1517784595489502,-0.022138681262731552
1849,-0.2286793738603592,-0.24369874596595764,0.9664255380630493,1.1426137685775757
1850,-1.2607773542404175,0.8498021364212036,-1.055742859840393,0.09760851413011551
1851,-0.22096768021583557,-2.5134098529815674,0.44146162271499634,-0.4835420250892639
1852,0.07726506143808365,1.3655462265014648,-1.7358499765396118,-1.385678768157959
1853,0.7941862344741821,-0.04733305424451828,1.362212896347046,-0.2732880711555481
1854,2.3727123737335205,-0.9228646755218506,-0.3030577003955841,-0.09449930489063263
1855,0.37658146023750305,-1.3889838457107544,-0.004625717177987099,-0.6835833191871643
1856,-0.5313331484794617,-0.18803176283836365,-0.6229037046432495,-0.508564293384552
1857,0.4658598005771637,0.8786429762840271,-0.42229163646698,0.6733144521713257
1858,-0.025934485718607903,-1.175215244293213,-0.48055198788642883,-0.2306968718767166
1859,-0.7865005135536194,-1.5178598165512085,0.6634246110916138,0.055000096559524536
1860,0.12814749777317047,0.012542562559247017,-2.367283821105957,-0.9097357988357544
1861,-1.3110127449035645,0.08178161084651947,-1.0220153331756592,0.7665472030639648
1862,-1.00870680809021,0.5802781581878662,0.20596429705619812,2.068927526473999
1863,1.4026472568511963,0.13254454731941223,-1.0591676235198975,-0.6743912100791931
1864,-0.20669826865196228,0.470577210187912,-0.18249909579753876,0.007010187022387981
1865,-2.9481403827667236,0.6790808439254761,0.4776840806007385,0.9785889387130737
1866,-0.08001644909381866,0.15119558572769165,-0.9962659478187561,0.3220585286617279
1867,1.511216402053833,0.6002175807952881,-1.2674145698547363,1.9301255941390991
1868,-1.0248706340789795,0.29189538955688477,-0.0063218651339411736,0.2218068540096283
1869,-1.1187763214111328,-0.7557616829872131,0.6558555364608765,-0.42826396226882935
1870,0.812946081161499,0.31208309531211853,-1.719164252281189,0.27243247628211975
1871,1.2427936792373657,-1.1354562044143677,-1.318366289138794,-0.29274997115135193
1872,-0.5046774744987488,0.17958448827266693,-0.10561861097812653,-0.6635700464248657
1873,-0.4663853645324707,-0.6136496067047119,-0.30538591742515564,-1.790639042854309
1874,-0.32024234533309937,0.35535627603530884,-1.374955177307129,0.10112996399402618
1875,-1.0006223917007446,-0.05468714237213135,0.35239166021347046,2.057673692703247
1876,0.5281447172164917,0.606250524520874,1.7475852966308594,0.6414908170700073
1877,-0.47579917311668396,1.033694863319397,0.01229084562510252,1.0747820138931274
1878,0.3359191119670868,1.214786410331726,-0.2037581503391266,0.0684659481048584
1879,-0.8562508821487427,-0.3261113166809082,0.4672936201095581,0.018953517079353333
1880,1.3294305801391602,-0.8955897688865662,-0.43217626214027405,-0.2540724575519562
1881,-0.053238339722156525,-0.6573953032493591,-1.1276047229766846,0.11252924799919128
1882,-0.22873957455158234,-0.8952544927597046,0.5175667405128479,1.5821480751037598
1883,-0.7368444204330444,0.7116128206253052,0.41548505425453186,0.44290411472320557
1884,0.9444529414176941,0.1476588249206543,-0.7965040802955627,-0.32758402824401855
1885,-0.05423270910978317,2.758104085922241,0.5136879682540894,0.6996073126792908
1886,-0.8317583799362183,0.7597652077674866,-0.3722480237483978,-0.3668809235095978
1887,1.5814366340637207,-0.9054364562034607,1.0919338464736938,-1.4155471324920654
1888,-2.583958625793457,-0.9513161182403564,-2.238391637802124,0.9663305282592773
1889,2.0753865242004395,1.5299746990203857,-0.6432632207870483,0.6449695825576782
1890,1.340299367904663,1.0142059326171875,1.9973137378692627,1.5211511850357056
1891,0.1996919810771942,-2.087273597717285,0.7710892558097839,-0.16890579462051392
1892,-0.9238039255142212,-0.1461455523967743,-0.6434171795845032,-1.1216942071914673
1893,0.11893587559461594,0.525653600692749,0.2635297477245331,-0.01948634162545204
1894,0.010982735082507133,-1.118992567062378,1.113223910331726,0.33321425318717957
1895,0.8372036814689636,1.0823571681976318,-0.23595629632472992,-0.7369687557220459
1896,1.0941035747528076,0.5882352590560913,-1.5933624505996704,0.5021206736564636
1897,-0.5525141358375549,0.8093662261962891,-0.12597256898880005,-0.3739164471626282
1898,1.2829711437225342,-1.852070927619934,-2.579345226287842,-0.3710014224052429
1899,0.43361896276474,0.46478337049484253,-0.192976176738739,0.8564225435256958
1900,0.03411642089486122,-1.3230412006378174,0.714741587638855,0.09739439189434052
1901,1.1844054460525513,-0.459632009267807,-1.3328489065170288,1.314086675643921
1902,0.1363399177789688,-0.22731603682041168,-0.5180961489677429,-0.3169535994529724
1903,1.3335163593292236,2.1225247383117676,-2.0138344764709473,2.055081605911255
1904,0.809107780456543,-0.02573683112859726,-0.6133143305778503,0.5612331032752991
1905,1.3332747220993042,0.13110440969467163,0.20253516733646393,-0.1201445534825325
1906,-0.5876840353012085,0.517815351486206,0.09983997792005539,0.7566707730293274
1907,-0.4157730042934418,0.6236148476600647,-0.6782848834991455,0.5216442346572876
1908,1.2556880712509155,1.1264532804489136,-0.6276929378509521,1.250519037246704
1909,-1.3673399686813354,-1.81594717502594,-1.5124434232711792,-1.6061261892318726
1910,0.3654637038707733,-0.15926145017147064,0.41870900988578796,-0.7091202735900879
1911,0.18918068706989288,-0.08783592283725739,-0.26262056827545166,0.052371036261320114
1912,0.6948143839836121,0.16499370336532593,0.8144766688346863,-0.4519101679325104
1913,-0.5055491924285889,-1.6465030908584595,0.572771430015564,-0.819873571395874
1914,-1.6075326204299927,-2.1527316570281982,-1.6177973747253418,-2.8493571281433105
1915,-0.17671796679496765,1.2016271352767944,0.7157615423202515,0.7366303205490112
1916,-0.24343043565750122,-0.3924785852432251,-1.8841356039047241,-0.979387104511261
1917,1.8989518880844116,-0.08323337137699127,-0.09008223563432693,0.6604561805725098
1918,1.3465503454208374,0.7624907493591309,0.7897512316703796,-0.9600123763084412
1919,1.0188015699386597,-0.6517146825790405,0.6898317933082581,-1.8000067472457886
1920,0.0694873258471489,0.4137236177921295,-0.4455983340740204,-0.9862615466117859
1921,0.0184195376932621,-0.026504993438720703,-0.5707713961601257,-0.6474335193634033
1922,1.446876049041748,1.214842677116394,-0.5281164646148682,-2.3367390632629395
1923,0.2124214470386505,-0.44119471311569214,-1.1338201761245728,-0.34317734837532043
1924,-0.725755512714386,0.11808343976736069,-0.22344759106636047,-0.9551474452018738
1925,-0.4737033247947693,0.6288980841636658,-1.3731391429901123,-0.33002763986587524
1926,0.02307872474193573,-0.8326835632324219,-2.3575072288513184,-0.9706135392189026
1927,-1.3672906160354614,1.264100432395935,1.5063873529434204,-0.011036145500838757
1928,-0.5308523178100586,-0.47897252440452576,0.47805145382881165,-0.4592396318912506
1929,1.6315242052078247,-0.8556939363479614,-0.9320292472839355,-0.533225417137146
1930,0.1328645795583725,-2.0792734622955322,-1.5088294744491577,-0.6199794411659241
1931,-0.5530478954315186,-0.6099401712417603,0.19541950523853302,0.07821174710988998
1932,0.4684297442436218,0.16218338906764984,0.36232560873031616,-0.23830349743366241
1933,2.116520643234253,0.6938767433166504,0.29382243752479553,-0.29814019799232483
1934,-1.5111732482910156,0.08612711727619171,-0.8062053322792053,0.6791738867759705
1935,-1.086430549621582,0.7878785729408264,-1.5690968036651611,1.2773960828781128
1936,1.3298909664154053,-0.4563646912574768,0.5380554795265198,0.22101250290870667
1937,0.5390977263450623,-1.0667997598648071,-0.0001436220481991768,-0.24058817327022552
1938,0.6586862206459045,0.7077315449714661,-1.8700629472732544,-1.0303775072097778
1939,-0.11003091931343079,0.017607584595680237,-2.0700488090515137,0.9441842436790466
1940,-0.8119117021560669,0.5351666212081909,1.5777004957199097,-0.2731865644454956
1941,-0.5387542247772217,-0.33138954639434814,-0.14639972150325775,-0.2735757827758789
1942,1.0846669673919678,1.2102714776992798,1.5497381687164307,-0.48096412420272827
1943,-1.6831028461456299,1.2787398099899292,1.8273847103118896,-0.6095100045204163
1944,-1.1588505506515503,-1.124129056930542,0.24181222915649414,0.8358174562454224
1945,-0.007596475072205067,0.6242651343345642,0.998216986656189,-0.07610451430082321
1946,0.5813210010528564,1.7978438138961792,0.24372820556163788,0.832182765007019
1947,1.9209643602371216,-0.005290461238473654,0.10284031927585602,1.16494882106781
1948,0.7488868832588196,-1.1809874773025513,0.5341410040855408,-0.8940240144729614
1949,-0.11468242108821869,0.5839830636978149,1.682624340057373,0.7304359674453735
1950,0.3119547367095947,0.8583762645721436,0.2627275884151459,0.6826100945472717
1951,0.3538267910480499,0.01149376668035984,-1.0027316808700562,2.132282018661499
1952,1.8035814762115479,-0.573086142539978,0.33030611276626587,-0.8797600269317627
1953,-0.15412481129169464,0.18443898856639862,0.13827864825725555,0.4335569739341736
1954,0.5904425382614136,-1.3283138275146484,-0.11860375106334686,-0.021673794835805893
1955,0.7551673650741577,0.048996567726135254,1.4441548585891724,0.670035719871521
1956,1.4682892560958862,-1.0861681699752808,-0.8621435761451721,2.1247122287750244
1957,0.9113026857376099,-0.20514798164367676,-1.1868414878845215,-1.0165373086929321
1958,0.29103150963783264,0.3129883408546448,1.0900866985321045,0.03159080073237419
1959,0.581230640411377,0.9851055145263672,0.14810265600681305,-0.295224130153656
1960,0.5874857306480408,0.3764723241329193,0.003989652264863253,1.2995067834854126
1961,-1.3097271919250488,-2.1252760887145996,1.570745825767517,-0.6917095184326172
1962,1.1590684652328491,1.9727128744125366,-1.5313247442245483,0.3788560926914215
1963,-1.238531470298767,1.4248138666152954,-1.8027974367141724,0.6655743718147278
1964,-1.475064992904663,-0.2844173312187195,1.0929266214370728,-1.1865878105163574
1965,-1.2463151216506958,0.08570249378681183,1.17184579372406,-1.4689017534255981
1966,-0.5450547337532043,-0.8682607412338257,1.5843336582183838,0.3324514925479889
1967,0.036065537482500076,0.6870391368865967,-0.7809909582138062,-0.41401612758636475
1968,0.9895879626274109,1.129830241203308,0.9728091955184937,-1.5046132802963257
1969,-0.31895098090171814,0.8750060200691223,0.2556038200855255,-1.1888223886489868
1970,0.3601285517215729,1.7813690900802612,-1.3133174180984497,-0.5559123158454895
1971,0.5818707942962646,-1.5065335035324097,0.11122999340295792,1.0499893426895142
1972,0.07024717330932617,-0.5277582406997681,0.24983668327331543,-0.9496685862541199
1973,-0.07274926453828812,-1.5697053670883179,-0.17718972265720367,-0.43236812949180603
1974,1.5109983682632446,0.03242955356836319,-0.6021102666854858,-2.6843881607055664
1975,1.4988540410995483,-0.03552597761154175,0.32716259360313416,-1.0846307277679443
1976,0.9673764705657959,-0.057901959866285324,1.165578007698059,-0.11009923368692398
1977,-0.014140804298222065,-0.2694988250732422,1.19017493724823,0.7042071223258972
1978,-0.26962894201278687,1.4076400995254517,1.0680235624313354,-0.2987512946128845
1979,-1.0895196199417114,0.7194293141365051,-1.6876119375228882,-0.07129895687103271
1980,-0.25827109813690186,1.1616941690444946,-1.0815205574035645,0.7792284488677979
1981,-0.4048125743865967,-0.457638680934906,0.36094141006469727,0.007135035470128059
1982,-0.2772549092769623,-0.8921939730644226,0.6424554586410522,0.200627863407135
1983,0.5844566226005554,1.2368804216384888,-1.2400126457214355,0.09773151576519012
1984,1.478333592414856,-0.9162836074829102,0.6752017140388489,0.1768784373998642
1985,1.2161904573440552,-0.4941824674606323,2.227898359298706,0.18804891407489777
1986,-0.12861841917037964,-0.018088944256305695,-0.1616879254579544,-0.6070958971977234
1987,0.1265934258699417,-0.3519423305988312,0.4607735276222229,-1.0861657857894897
1988,1.8027006387710571,1.9771592617034912,-0.1524074673652649,-0.43279576301574707
1989,-0.11308641731739044,-0.8815375566482544,-0.014866415411233902,0.6918432116508484
1990,0.3193129897117615,0.6416272521018982,0.3444286286830902,-2.595984935760498
1991,0.25983235239982605,0.10387393832206726,0.28690454363822937,1.4544167518615723
1992,1.4430017471313477,-0.35538968443870544,1.2695153951644897,0.35252970457077026
1993,0.10107509046792984,1.1050736904144287,0.03322697430849075,0.15984110534191132
1994,0.8431568741798401,1.4520936012268066,-1.7765190601348877,0.308595210313797
1995,0.7762280106544495,0.19112227857112885,0.6573721766471863,-0.7160941362380981
1996,-0.17013689875602722,0.6189305186271667,0.14523661136627197,-0.651861310005188
1997,1.147886872291565,-0.39831575751304626,-0.2885867953300476,0.24036163091659546
1998,-0.36133015155792236,-0.04979437589645386,-0.16715610027313232,0.4378807544708252
1999,-0.4122951626777649,1.9668841361999512,-0.37093386054039,0.2869656980037689
2000,-0.633963406085968,-0.705521821975708,1.2979183197021484,2.028273820877075
2001,-1.1150047779083252,0.32955071330070496,-0.2517741918563843,0.1902221143245697
2002,-1.3567709922790527,0.3427288234233856,-0.8015726208686829,-0.4000394940376282
2003,1.1211341619491577,-1.1346778869628906,0.474235862493515,0.23795542120933533
2004,1.0356135368347168,-1.0038180351257324,-1.8820463418960571,-2.1448915004730225
2005,1.160043478012085,-1.1458160877227783,0.16080158948898315,0.17658166587352753
2006,0.5139583349227905,0.49753737449645996,1.5239609479904175,-0.5953680872917175
2007,0.768980085849762,-0.7527099251747131,0.8809788823127747,-0.010023201815783978
2008,2.0083279609680176,-0.32403913140296936,-1.353940725326538,0.1412164866924286
2009,-0.265211820602417,1.1574698686599731,2.075737953186035,0.02087116613984108
2010,-0.7301105856895447,1.497778296470642,-0.6457892060279846,0.30446428060531616
2011,0.34330692887306213,0.6289457678794861,0.761616587638855,-0.14905782043933868
2012,0.5087504386901855,-0.4054543375968933,-0.5334108471870422,-0.5578073263168335
2013,-1.4913073778152466,-0.8407825231552124,0.8807128667831421,1.5755137205123901
2014,0.41330426931381226,-0.8165649175643921,0.3477066457271576,1.253055214881897
2015,-1.0132111310958862,-0.8109121322631836,-1.6960408687591553,-0.15846124291419983
2016,0.8497958779335022,1.8604378700256348,1.4433480501174927,-0.13457006216049194
2017,0.5970892310142517,1.6389933824539185,-1.0674362182617188,0.5862953066825867
2018,-1.8973678350448608,-0.9256418943405151,-1.8901491165161133,1.585633397102356
2019,-1.637418508529663,-0.31143444776535034,0.22516824305057526,-0.16154877841472626
2020,-0.07646258175373077,-0.40073898434638977,0.8470263481140137,1.78716242313385
2021,0.7072712182998657,0.8119474053382874,0.7787677049636841,0.34197843074798584
2022,-1.426963210105896,0.42788076400756836,-2.3317246437072754,-0.48507168889045715
2023,0.3148295283317566,-0.820625901222229,-1.1978371143341064,0.22704483568668365
2024,-0.2988191246986389,0.008869923651218414,0.702103316783905,1.3306257724761963
2025,-0.2610883414745331,0.4462413489818573,-1.0926724672317505,-0.7696677446365356
2026,1.1252155303955078,0.04310023784637451,0.49556276202201843,1.381046175956726
2027,-1.1957666873931885,0.23977871239185333,1.5697275400161743,-1.5089211463928223
2028,-0.5066595673561096,3.0483570098876953,-0.1512146145105362,1.2778915166854858
2029,-0.7011992335319519,1.2512140274047852,-0.8772484660148621,-0.5756004452705383
2030,-1.888767123222351,-2.0733814239501953,-0.8946889638900757,0.7955988049507141
2031,0.3584520220756531,1.7774832248687744,0.6571025252342224,1.652143120765686
2032,-0.158641055226326,-0.3514375686645508,1.2205536365509033,1.0258888006210327
2033,-1.8491921424865723,-0.41883885860443115,-0.090553879737854,-1.328521490097046
2034,1.3287453651428223,0.8547288775444031,-1.0042617321014404,0.5465922951698303
2035,0.8473809361457825,-0.3419053256511688,0.456822007894516,1.6215806007385254
2036,1.0892349481582642,-0.9146334528923035,-1.5227584838867188,0.11923447996377945
2037,-0.8976094126701355,3.5246872901916504,1.0787999629974365,0.5351483225822449
2038,0.06511867046356201,0.057470597326755524,-0.40560996532440186,-1.2406482696533203
2039,1.783042311668396,1.2744945287704468,-0.35043689608573914,-0.3110367953777313
2040,-0.281879186630249,-1.9914604425430298,-0.18309928476810455,0.8522868752479553
2041,0.501664400100708,0.515363872051239,1.4528002738952637,-0.4483121931552887
2042,-0.5574767589569092,2.2724900245666504,1.0131776332855225,0.4286416172981262
2043,1.1375889778137207,-0.21479518711566925,-0.0644710510969162,-0.6014773845672607
2044,0.4120791554450989,0.9724063277244568,2.3611600399017334,-1.0289078950881958
2045,0.24824699759483337,-0.8663918972015381,2.724609851837158,1.4201480150222778
2046,0.562417209148407,-1.5056086778640747,1.0153123140335083,0.7244002223014832
2047,0.24596978724002838,-2.0527448654174805,0.0014505255967378616,-1.3664610385894775
2048,1.7814570665359497,-0.45673322677612305,-1.0343246459960938,-0.9988356828689575
2049,-0.42643895745277405,-0.9865619540214539,-0.8939804434776306,-0.16258254647254944
2050,0.6208881139755249,1.5560050010681152,-0.02320091426372528,-1.1973438262939453
2051,-0.21785879135131836,-0.13662689924240112,-0.6811038851737976,-0.34079045057296753
2052,0.47647354006767273,-0.23588311672210693,0.1989932805299759,-0.5687927603721619
2053,0.7986479997634888,1.0243293046951294,0.4825196862220764,-0.9924598932266235
2054,-0.11428051441907883,2.542469024658203,0.5131717920303345,0.1093674898147583
2055,1.5215884447097778,-1.3765379190444946,-1.2452502250671387,1.2636466026306152
2056,0.2504946291446686,1.2640882730484009,-1.3393797874450684,1.6463375091552734
2057,1.5973929166793823,0.30157291889190674,-0.7164497375488281,-2.566006898880005
2058,-0.6478352546691895,-0.6755273938179016,1.4704086780548096,1.0177756547927856
2059,0.440080851316452,0.027359765022993088,-0.7044761180877686,-0.18715737760066986
2060,-0.2388353794813156,-0.5282427668571472,-0.4669499695301056,-0.559022843837738
2061,1.1690351963043213,0.20109036564826965,-0.161759614944458,0.16533900797367096
2062,0.16720888018608093,1.3338016271591187,0.836291491985321,0.7162054777145386
2063,-0.6793595552444458,-0.372886061668396,0.23838524520397186,-0.010907838121056557
2064,0.5706161260604858,2.0799264907836914,0.2964252531528473,0.22273188829421997
2065,-0.9654359817504883,0.6193748712539673,1.1002070903778076,0.9653158783912659
2066,0.3062722086906433,0.5206032991409302,0.14841605722904205,-0.9433568120002747
2067,-0.887075662612915,-0.20313644409179688,0.1884012520313263,-0.5728509426116943
2068,0.1605134755373001,1.9942817687988281,0.4729871451854706,-0.0879296064376831
2069,0.6859728097915649,0.33582931756973267,0.5108340978622437,-0.7172252535820007
2070,0.8579621315002441,-2.362529993057251,0.5979295969009399,-0.1460053026676178
2071,-0.49433767795562744,-1.8334543704986572,-0.6991620063781738,0.003312520682811737
2072,-1.1016227006912231,-0.5052269697189331,0.1065656989812851,-1.7195175886154175
2073,0.5800153017044067,0.10495948791503906,1.381833791732788,0.2973003387451172
2074,1.0947805643081665,-0.7786272764205933,-3.1602065563201904,-1.121984601020813
2075,-0.02213786169886589,-1.6698329448699951,-1.1134248971939087,-0.9324595332145691
2076,-0.3957621455192566,1.4042620658874512,1.8639745712280273,-1.2249042987823486
2077,0.8249969482421875,-2.810631036758423,1.444629192352295,-0.63074791431427
2078,0.06567136943340302,-0.1349736452102661,-1.393637776374817,0.36266160011291504
2079,1.0742241144180298,0.9748643040657043,-2.297978401184082,1.8319315910339355
2080,1.055748701095581,-0.3095400333404541,2.2454447746276855,-0.19725549221038818
2081,2.246497392654419,0.4053184688091278,0.26236236095428467,0.2735864222049713
2082,-0.06894929707050323,-0.5769189596176147,-0.012793026864528656,-1.0330978631973267
2083,0.09811843931674957,-1.512413740158081,-0.6371533274650574,-0.6664528250694275
2084,0.7349057793617249,0.6623497009277344,0.3474411368370056,0.19156016409397125
2085,-0.04272593930363655,0.15705528855323792,1.4410738945007324,-0.3517358601093292
2086,-0.2131115198135376,1.9973247051239014,-0.8268324136734009,0.024709448218345642
2087,-0.25097525119781494,-0.3821496367454529,0.42074528336524963,0.15194272994995117
2088,1.6737780570983887,-0.1683712601661682,-0.5468494296073914,-2.340602159500122
2089,1.7338402271270752,1.6843183040618896,-0.9883424043655396,0.19260817766189575
2090,-0.4969870448112488,0.6238691806793213,0.4042057693004608,0.2809055745601654
2091,-1.0687942504882812,-0.016873352229595184,0.7762030959129333,0.2652578353881836
2092,-0.8982638120651245,0.8618572950363159,-0.990204393863678,-0.23148173093795776
2093,1.2993119955062866,0.42245733737945557,0.054609231650829315,0.4089929461479187
2094,1.4103258848190308,0.3118135333061218,-0.4023170471191406,-1.3459203243255615
2095,-1.1146835088729858,1.4358712434768677,-1.1362886428833008,0.4324515461921692
2096,-0.629524827003479,-0.4700115919113159,-0.35587847232818604,0.8362135291099548
2097,0.09469939768314362,0.3317241668701172,1.015035629272461,-0.16866642236709595
2098,-1.1435784101486206,0.7016596794128418,0.875396192073822,-0.693152666091919
2099,-1.043710470199585,-0.6003631353378296,1.1242314577102661,0.7497110962867737
2100,-0.8336825370788574,-0.43093979358673096,-0.29160428047180176,0.8521308898925781
2101,1.003965139389038,0.35734987258911133,-1.372040033340454,0.1111956536769867
2102,0.28154507279396057,1.8012689352035522,-2.0549421310424805,-0.19869303703308105
2103,-0.09457314014434814,-0.6394582986831665,-0.08750877529382706,0.42172351479530334
2104,0.35856032371520996,-0.7816831469535828,0.3937898874282837,-0.05920608341693878
2105,-1.8361704349517822,-0.5230122208595276,0.2003505975008011,1.3829530477523804
2106,0.12080930173397064,-0.1626460999250412,-0.8549643754959106,-0.3930895924568176
2107,0.10148018598556519,2.4132776260375977,-0.9537034630775452,0.04243786260485649
2108,0.8995940685272217,0.7605066299438477,-0.7318227291107178,-0.39383944869041443
2109,-1.135183334350586,0.818294882774353,-0.30942079424858093,-0.16573183238506317
2110,2.003880500793457,0.7313050031661987,-0.005412254482507706,0.7487732768058777
2111,0.545778751373291,-0.4776618182659149,-0.012868773192167282,-0.15979626774787903
2112,2.3875226974487305,0.46781644225120544,0.45114973187446594,0.5782257914543152
2113,-0.579603910446167,-0.625469982624054,0.30333906412124634,-0.3482142686843872
2114,-0.5026584267616272,-0.025631211698055267,1.790452003479004,0.03076857700943947
2115,-1.7678786516189575,-0.8935815095901489,1.6906356811523438,-0.8371058702468872
2116,-0.28664183616638184,-0.06410650908946991,1.8193671703338623,1.2978825569152832
2117,1.585724115371704,0.6319969892501831,-0.4937806725502014,-1.1496247053146362
2118,-1.13578462600708,0.3140425682067871,-0.8870788216590881,-1.2172211408615112
2119,0.4617769718170166,1.1545475721359253,-1.2025880813598633,-2.0677576065063477
2120,-1.2024564743041992,0.5610299110412598,0.9520846009254456,-0.17121294140815735
2121,-0.42098185420036316,0.7950241565704346,1.3272327184677124,0.9493017792701721
2122,0.14134161174297333,-0.11780772358179092,-0.9049297571182251,0.2965441942214966
2123,0.5632247924804688,1.6814900636672974,-1.3157271146774292,0.07024918496608734
2124,-0.38214629888534546,0.4363131523132324,0.3441029191017151,0.9886013269424438
2125,-1.128852367401123,0.22868995368480682,-0.7848223447799683,1.1766722202301025
2126,0.03068317472934723,-1.0645530223846436,1.0919476747512817,0.3772667944431305
2127,0.5834856033325195,-0.16683663427829742,0.5895008444786072,-0.901282012462616
2128,0.003356464207172394,0.11076925694942474,-1.437814474105835,-0.5512585043907166
2129,-0.45960572361946106,0.7527859807014465,-1.806046962738037,1.2520880699157715
2130,1.1544667482376099,-0.15733641386032104,0.6762558817863464,-0.971110463142395
2131,2.336617946624756,-0.7674407362937927,-0.02146831899881363,-0.49088621139526367
2132,0.2878934144973755,-0.5183753967285156,-0.051829881966114044,-0.6707263588905334
2133,-0.7405226230621338,-1.689835786819458,-1.7767878770828247,0.3388923406600952
2134,0.3180970549583435,-0.4203084111213684,-0.3374921679496765,-0.20352104306221008
2135,-1.3698880672454834,0.1776380091905594,0.3790782690048218,-1.8705192804336548
2136,-0.3663867712020874,0.16344401240348816,-0.9695088863372803,-0.13562162220478058
2137,-1.2287415266036987,-0.4451100528240204,-0.30024972558021545,-1.3277363777160645
2138,-0.14076347649097443,0.6215145587921143,-0.37078577280044556,0.05512067675590515
2139,-0.3461035490036011,-0.10457479953765869,-0.0053025223314762115,-0.21753795444965363
2140,0.8049417734146118,-0.142097607254982,-0.3162630796432495,-0.35427266359329224
2141,0.4712523818016052,-1.0492371320724487,1.0577975511550903,-1.6348055601119995
2142,0.11057610809803009,-0.15504735708236694,-0.5814856886863708,0.13901308178901672
2143,0.7951844334602356,0.5622485280036926,1.4802194833755493,1.7556138038635254
2144,0.7547126412391663,2.0272719860076904,0.8762862682342529,1.6972030401229858
2145,-0.026635020971298218,-1.0987157821655273,0.5682304501533508,0.4247034788131714
2146,0.5138710141181946,0.7674959301948547,-0.38673391938209534,0.6685847043991089
2147,0.07769468426704407,-0.5649924278259277,1.4143986701965332,-1.3159165382385254
2148,0.5189878940582275,-0.5569161772727966,-0.6343774199485779,-0.16137461364269257
2149,0.6038870811462402,1.468336582183838,-0.9698705077171326,1.6211553812026978
2150,-0.7494049072265625,0.45708388090133667,-1.2852935791015625,-0.21406567096710205
2151,1.452561855316162,-0.6881599426269531,-0.8134389519691467,-1.295845866203308
2152,-0.46067410707473755,-1.6466315984725952,-0.031441036611795425,0.13749684393405914
2153,-1.2104226350784302,-2.7501182556152344,0.7317150235176086,0.4831327795982361
2154,-0.39328733086586,-0.13829921185970306,-0.5564807057380676,0.26163825392723083
2155,-1.3904634714126587,1.3030940294265747,1.2163076400756836,-0.055828891694545746
2156,1.2209213972091675,-1.4646284580230713,1.1098031997680664,-1.0976569652557373
2157,1.5514514446258545,-1.0950387716293335,0.11042002588510513,-0.015993807464838028
2158,-0.7012227773666382,-0.6708889603614807,0.49337369203567505,1.6392886638641357
2159,-0.9303679466247559,-0.2940004765987396,-0.6400282979011536,0.8945338129997253
2160,0.3248293995857239,-0.9719409942626953,1.1462856531143188,-1.0102107524871826
2161,-0.7101711630821228,-1.9690884351730347,1.2086538076400757,0.09624547511339188
2162,-0.7648234367370605,-0.8897145390510559,-1.3053468465805054,0.7098020911216736
2163,0.8184792995452881,1.1728167533874512,-0.5998151302337646,1.5425629615783691
2164,0.44316741824150085,-0.434511661529541,1.4781653881072998,-0.0967039167881012
2165,0.6453442573547363,0.5542402863502502,-0.34364378452301025,-1.1861073970794678
2166,-0.9751783609390259,-0.28313109278678894,1.6204113960266113,-0.06081892177462578
2167,-0.8532694578170776,-0.43386125564575195,2.177623748779297,-0.9810562133789062
2168,1.3593016862869263,0.10774488002061844,-1.1834478378295898,0.5529065728187561
2169,-0.5128090381622314,-0.9758181571960449,-0.24768465757369995,-0.36214399337768555
2170,-0.9245251417160034,-1.4968489408493042,-3.362048625946045,1.6438403129577637
2171,0.8405404090881348,0.3047410547733307,0.027782173827290535,-0.4078417718410492
2172,0.7311756610870361,-0.2978598475456238,1.7576653957366943,-0.592156708240509
2173,1.3924483060836792,1.480079174041748,0.41514500975608826,0.32966840267181396
2174,0.36040064692497253,0.0431746207177639,0.5303555727005005,-0.3110852539539337
2175,-0.8545019626617432,0.5654693245887756,-1.0156461000442505,1.5346055030822754
2176,0.00454375147819519,0.2766980826854706,0.7431745529174805,-1.0376391410827637
2177,0.10550576448440552,0.8189082741737366,0.8566489219665527,-0.8043899536132812
2178,-0.9164013266563416,0.3446797728538513,-2.319145917892456,-0.5315589904785156
2179,-0.8427647352218628,-0.9663764238357544,-0.21765266358852386,0.9004546999931335
2180,-0.07808443158864975,0.39554476737976074,0.0692073255777359,0.2717347741127014
2181,1.7966409921646118,-0.15880489349365234,0.07102535665035248,0.8072837591171265
2182,-0.49014830589294434,-0.24210569262504578,-0.4944334030151367,0.15855002403259277
2183,0.020043477416038513,1.4047110080718994,-0.4568277597427368,-2.4857966899871826
2184,-1.152950406074524,0.8453394174575806,0.046778663992881775,1.5093634128570557
2185,0.6902070641517639,0.25713852047920227,-1.231878399848938,0.3103802800178528
2186,-0.8504102826118469,-0.7488363981246948,1.9497138261795044,-0.7166278958320618
2187,1.4306647777557373,-0.8279845118522644,0.9654176831245422,-0.947582483291626
2188,1.0027751922607422,-1.797433853149414,-1.4527405500411987,0.6751564741134644
2189,0.11569918692111969,0.9230666160583496,-0.139740988612175,0.4013513922691345
2190,1.283178448677063,-0.5265265703201294,1.545037865638733,1.0041941404342651
2191,-0.3436485528945923,0.09453137218952179,0.9355871081352234,-1.4297527074813843
2192,-0.7876135110855103,0.5543445944786072,0.35556530952453613,-0.17216670513153076
2193,0.11851035058498383,-1.2120200395584106,-0.04406294971704483,0.025458894670009613
2194,-0.9371787905693054,0.11117035895586014,0.6054142117500305,0.8267779350280762
2195,1.2545925378799438,-0.3008764684200287,0.20143190026283264,0.1954895257949829
2196,0.4979281723499298,-0.6783758997917175,-0.0070058442652225494,-0.9666304588317871
2197,0.20043155550956726,1.570302128791809,0.8811813592910767,-1.7697937488555908
2198,0.8165283799171448,0.7446243762969971,-0.8880904912948608,1.2006014585494995
2199,0.250668466091156,-0.23598161339759827,0.646117091178894,-0.061521682888269424
2200,-0.4289150536060333,0.45226043462753296,-0.03497188538312912,0.7114911079406738
2201,2.2897017002105713,-0.8977388739585876,-0.534722089767456,-0.4385353922843933
2202,-0.11944709718227386,-0.44544869661331177,0.36082154512405396,-1.3041436672210693
2203,0.42856141924858093,2.61539888381958,-0.24037793278694153,-1.1921308040618896
2204,0.09814395755529404,1.841736078262329,0.3290144205093384,-0.6599966883659363
2205,-0.157573401927948,-1.5642305612564087,-1.4055641889572144,-0.594955563545227
2206,-0.03808876872062683,0.8621828556060791,-0.5274146199226379,-1.4171251058578491
2207,0.7672480344772339,0.11723239719867706,-0.6856315732002258,0.30193766951560974
2208,0.324126660823822,-1.3777332305908203,-0.20751601457595825,-0.3344961404800415
2209,-0.25456833839416504,0.5187402963638306,-0.5149544477462769,-0.1835772842168808
2210,0.9962009191513062,1.8666678667068481,-0.5919744968414307,1.462411880493164
2211,-0.04506760090589523,-2.6079487800598145,1.450380563735962,0.7068465948104858
2212,0.08984969556331635,-0.19319167733192444,-0.6556305885314941,0.17520907521247864
2213,0.6124091744422913,-1.0326906442642212,0.016733763739466667,0.16915485262870789
2214,0.7951532006263733,1.7702103853225708,-0.503810465335846,-1.343188762664795
2215,-0.5255028009414673,-1.5815749168395996,2.09183931350708,0.45623618364334106
2216,-1.94540274143219,2.2525460720062256,1.2111924886703491,2.178448438644409
2217,0.2983962893486023,0.1954769641160965,0.8970504999160767,-0.8056676983833313
2218,-0.21000336110591888,-0.08929596841335297,-0.9990399479866028,0.4336145520210266
2219,-0.8000458478927612,0.7165132164955139,-1.857703685760498,1.5662351846694946
2220,0.4146476686000824,-0.7916368842124939,0.26612553000450134,1.6069856882095337
2221,0.9355757832527161,-1.4918928146362305,0.9439974427223206,-0.1346186101436615
2222,0.08539336174726486,1.767736792564392,-0.8303760290145874,-0.6553322672843933
2223,-0.6255654096603394,-0.5723495483398438,-0.6251426935195923,-1.440849781036377
2224,1.1377089023590088,0.21820847690105438,-3.494148015975952,-1.089336633682251
2225,-0.4701748490333557,-0.9986394643783569,-0.07216712832450867,2.0379321575164795
2226,-1.2997502088546753,0.5646846890449524,-0.7563238739967346,-0.5365095138549805
2227,0.24950313568115234,0.8867201805114746,-1.1180919408798218,-1.3466516733169556
2228,0.07335169613361359,0.6187599301338196,-1.2292357683181763,0.48729318380355835
2229,0.739993691444397,-0.10356859862804413,-1.9179474115371704,-0.9475041031837463
2230,-0.7052040100097656,1.2654379606246948,0.8088019490242004,1.7397334575653076
2231,0.00047866255044937134,-1.284691572189331,-0.08729392290115356,-1.5424054861068726
2232,0.185326486825943,0.29777130484580994,-1.2813992500305176,-0.24776691198349
2233,-0.7112228274345398,0.1280360072851181,1.3301302194595337,-1.8261430263519287
2234,0.15080520510673523,-1.5334903001785278,0.9835735559463501,0.9786744117736816
2235,0.18157029151916504,-0.8465877175331116,-0.05341917648911476,-0.4254556894302368
2236,0.47778671979904175,1.3288155794143677,-0.6675538420677185,-0.6838018298149109
2237,0.29681912064552307,0.4493274986743927,1.3692033290863037,-0.8847442269325256
2238,0.4226141571998596,-1.3600767850875854,-0.7984466552734375,-1.4483637809753418
2239,-0.822838544845581,-0.3317180275917053,0.2947321832180023,0.36738288402557373
2240,-1.985709547996521,-0.6635478138923645,0.5903600454330444,-1.002309799194336
2241,-1.4792838096618652,1.7250531911849976,-1.609994649887085,-0.4518956243991852
2242,-0.5375924110412598,-1.3037828207015991,-0.18515287339687347,1.4705489873886108
2243,0.4624086916446686,1.345245122909546,-1.0392709970474243,-0.09597474336624146
2244,-0.8800313472747803,0.5377799868583679,0.6653138399124146,1.4632145166397095
2245,0.9306973218917847,-0.8150843977928162,0.4889277517795563,0.42974022030830383
2246,-0.9615185856819153,-0.7997406721115112,-0.6431111693382263,1.704102635383606
2247,-1.4585120677947998,-0.5369852781295776,-0.38042545318603516,-1.618926763534546
2248,0.5947197675704956,0.7246338725090027,0.8224697113037109,-0.6337728500366211
2249,-1.4291574954986572,-1.613074541091919,-0.10050606727600098,0.3940613567829132
2250,0.4023304581642151,0.41822028160095215,0.603958249092102,0.675135612487793
2251,-0.4824189245700836,0.9568295478820801,0.4648125171661377,0.3877076208591461
2252,-0.09575273096561432,-0.6677332520484924,1.7291631698608398,-0.008769769221544266
2253,-0.27748626470565796,-0.9185839891433716,-0.3805115818977356,-0.43386533856391907
2254,-0.8312860131263733,0.2771161198616028,-2.3282558917999268,-1.2068620920181274
2255,0.3093278110027313,-0.43194612860679626,0.07129539549350739,-1.0865460634231567
2256,-1.3673022985458374,-0.8827285766601562,1.0222653150558472,0.696135938167572
2257,-1.4860669374465942,2.549919366836548,0.6205617785453796,-0.41707277297973633
2258,-0.044701334089040756,-1.6386821269989014,0.042221080511808395,-0.2768840491771698
2259,-1.9004216194152832,-0.36050131916999817,1.9622993469238281,-2.425161123275757
2260,-0.4786081314086914,-0.10288143157958984,0.4165761470794678,0.36748582124710083
2261,-0.5721679925918579,-2.2115609645843506,1.0829280614852905,-0.4213535785675049
2262,1.964942216873169,1.719441533088684,-0.4825730323791504,2.0250070095062256
2263,0.210581436753273,0.689734697341919,0.20527027547359467,0.6652542948722839
2264,1.1558849811553955,0.5310363173484802,1.1167701482772827,0.16876035928726196
2265,0.030297836288809776,1.2010265588760376,-0.49758514761924744,1.0376070737838745
2266,-0.9955877065658569,1.819483995437622,-1.12844979763031,-0.9515173435211182
2267,-1.02263605594635,1.2827582359313965,0.6009148359298706,-1.7529525756835938
2268,0.1626894176006317,-0.3208833932876587,0.6893084645271301,-0.27668482065200806
2269,-1.2220308780670166,0.4074273109436035,0.04798430949449539,0.5862283706665039
2270,0.7473844289779663,-0.3678414523601532,-0.27517616748809814,2.2257068157196045
2271,0.190280482172966,0.7177779078483582,0.3893665671348572,-0.39253661036491394
2272,-0.8541616797447205,-1.2858247756958008,0.1854548454284668,-0.8806502223014832
2273,-0.23987652361392975,-0.37776896357536316,-0.6272630095481873,0.20311427116394043
2274,-1.499784231185913,-0.47615373134613037,1.4264782667160034,0.3271540105342865
2275,-0.7558659911155701,-0.7042960524559021,-1.1691373586654663,1.437227725982666
2276,0.9437602162361145,-2.116340398788452,-1.5231519937515259,-0.29396331310272217
2277,0.35440322756767273,-0.3571314215660095,-1.2263484001159668,0.7343961000442505
2278,-0.7748309969902039,0.4601985812187195,-0.03036821261048317,-0.17062945663928986
2279,-0.5295863151550293,0.7575728297233582,0.09255710244178772,-1.42091703414917
2280,0.9140563011169434,1.2629070281982422,0.6559378504753113,1.2853727340698242
2281,0.17477673292160034,2.276275396347046,0.584933876991272,-1.1892708539962769
2282,-0.22356660664081573,-0.6950381994247437,-0.28291603922843933,-0.7557414770126343
2283,-1.358984112739563,0.12357289344072342,-0.06676775217056274,0.32756757736206055
2284,0.775470495223999,0.18424594402313232,-0.7565692067146301,1.153731346130371
2285,-1.8590984344482422,-2.174194812774658,0.6191847324371338,-2.6097817420959473
2286,-2.3214480876922607,-1.4631725549697876,-0.032375238835811615,0.8384202718734741
2287,-1.3217520713806152,-0.014591306447982788,-0.3154889643192291,1.471286416053772
2288,0.38425397872924805,-0.709933876991272,0.45559370517730713,-1.2937458753585815
2289,1.5265209674835205,0.31425371766090393,0.042701128870248795,0.813258707523346
2290,1.2318224906921387,-1.3610881567001343,0.5583351850509644,0.6296178698539734
2291,2.3461310863494873,1.0195726156234741,-0.7570828199386597,-2.5873286724090576
2292,0.8492137789726257,0.8403436541557312,0.36361441016197205,-1.0495589971542358
2293,-0.249404177069664,-0.7941758036613464,0.368502676486969,-0.36314496397972107
2294,0.015986096113920212,1.2370496988296509,2.0333807468414307,-1.9581959247589111
2295,0.8168878555297852,-1.0721173286437988,-1.0610508918762207,-1.3717480897903442
2296,-1.1234365701675415,-0.18843071162700653,-0.3778109550476074,-0.47241050004959106
2297,1.3667219877243042,-1.1917608976364136,0.5400853753089905,1.253342628479004
2298,1.6948442459106445,-1.570346713066101,-1.081739068031311,-0.5759503245353699
2299,0.2609284818172455,2.344090223312378,0.3971787095069885,0.17529529333114624
2300,0.82261723279953,0.1790844202041626,-1.9968316555023193,-0.7634574174880981
2301,2.0463428497314453,0.10160484910011292,0.2399112582206726,0.8950085043907166
2302,-1.8610169887542725,-0.5065487027168274,0.45873838663101196,1.7435725927352905
2303,0.3709773123264313,-1.2604308128356934,0.8215194940567017,0.7352635860443115
2304,0.6591887474060059,-1.6536775827407837,0.4877300262451172,-0.8263595700263977
2305,0.8281636238098145,0.07490351796150208,0.1536981463432312,-1.4292973279953003
2306,-0.4650775194168091,-0.5063676834106445,1.732392430305481,-1.3069342374801636
2307,1.8324609994888306,-0.44352462887763977,-1.3345483541488647,0.07270438969135284
2308,-1.3233031034469604,0.05729174241423607,1.3432137966156006,1.837038516998291
2309,0.8210732936859131,-1.4253569841384888,-1.4570921659469604,-0.9085189700126648
2310,0.2650444507598877,1.1767938137054443,1.3949536085128784,-1.4493293762207031
2311,-0.17382846772670746,0.48356443643569946,-1.452911376953125,-0.07591459155082703
2312,-0.9082195162773132,0.01198555901646614,-1.4302271604537964,-0.7551690340042114
2313,-0.6933267712593079,-1.9101938009262085,-0.29105815291404724,0.1497485339641571
2314,-0.5911878347396851,-0.9480305314064026,-0.4373112916946411,0.6716517806053162
2315,-1.776561975479126,0.23343627154827118,-3.0785868167877197,-0.26757609844207764
2316,-0.03039560280740261,-1.780967116355896,-0.615350604057312,-0.23932728171348572
2317,-0.2540322244167328,0.7820966243743896,0.6151701807975769,0.7089245915412903
2318,0.42535334825515747,-1.7723987102508545,-0.3738105595111847,-0.17560341954231262
2319,0.10510976612567902,1.0198664665222168,-0.27409517765045166,-0.7395318150520325
2320,0.18622899055480957,0.9978508353233337,0.7118200659751892,1.059827446937561
2321,-0.8817424774169922,-0.448375403881073,0.1615988314151764,-1.7372547388076782
2322,-0.3035907745361328,-0.36281919479370117,1.242617130279541,0.5961461663246155
2323,-0.8222178220748901,-0.12001621723175049,-0.09209159016609192,-2.3162219524383545
2324,0.0005882307887077332,0.383696973323822,-2.654547691345215,1.0317656993865967
2325,-0.5967201590538025,1.2135673761367798,0.6857796311378479,-0.4635549783706665
2326,-0.03664829581975937,-1.3560316562652588,0.41030600666999817,0.13068252801895142
2327,0.4944252371788025,-0.2071962058544159,-1.5394537448883057,-1.502094030380249
2328,0.9248096346855164,0.044265273958444595,1.1066184043884277,1.0581425428390503
2329,0.16361212730407715,-2.3538990020751953,-0.32339227199554443,-0.4161674976348877
2330,-0.04181864857673645,0.6647217869758606,0.8506864309310913,0.14943182468414307
2331,-0.34288811683654785,0.26898935437202454,0.9265422821044922,-1.2187634706497192
2332,1.0842314958572388,1.3667327165603638,0.2221909761428833,0.34668582677841187
2333,1.0893659591674805,1.0031132698059082,-0.36730024218559265,-0.4622039496898651
2334,1.5892549753189087,-0.2319498360157013,0.2963220179080963,-0.3778395652770996
2335,-0.2280675619840622,0.3093215823173523,-0.15712378919124603,-1.2172894477844238
2336,0.10627736151218414,-1.777736783027649,2.1507797241210938,-0.31221362948417664
2337,-0.6427361369132996,1.1507654190063477,-1.0302706956863403,0.12399863451719284
2338,0.6523633003234863,-1.0523806810379028,-0.0779234915971756,-1.171877145767212
2339,1.269919991493225,0.48389390110969543,-0.5848112106323242,-0.3369695544242859
2340,-0.4114267826080322,1.4625591039657593,-1.5035945177078247,1.579520583152771
2341,-1.2919303178787231,0.2010560929775238,1.0506583452224731,-2.063371181488037
2342,0.36789098381996155,0.9631280303001404,2.2735064029693604,-0.7461756467819214
2343,-0.43759411573410034,-0.19339396059513092,0.42929285764694214,-0.3896702527999878
2344,0.14645974338054657,-0.809987485408783,-0.8827615976333618,1.3755431175231934
2345,-0.07597048580646515,0.19569048285484314,-0.7577857971191406,-0.02356860414147377
2346,0.3530995845794678,0.4092749357223511,0.7301637530326843,0.9860168695449829
2347,-1.1509289741516113,-0.2733290195465088,-0.015376664698123932,0.5644299983978271
2348,0.2943284511566162,0.8911638259887695,-1.0660219192504883,-2.165388822555542
2349,-0.783856213092804,-0.1276826560497284,0.823360800743103,1.5296612977981567
2350,0.9093266129493713,0.37684905529022217,0.9468894600868225,1.8994659185409546
2351,1.5835026502609253,-0.6815465092658997,0.47580572962760925,-0.13817858695983887
2352,-0.22180846333503723,-0.03676629811525345,0.049186889082193375,-0.7212775349617004
2353,0.39394158124923706,1.3218348026275635,-1.8359483480453491,0.09820210933685303
2354,-0.022467441856861115,-0.820290207862854,0.11396938562393188,1.0651665925979614
2355,-0.5978235006332397,0.18893945217132568,-0.11913581937551498,0.09217808395624161
2356,-2.2359814643859863,0.24348843097686768,-0.33945876359939575,2.018460273742676
2357,0.498528391122818,-0.18085670471191406,1.0916625261306763,-0.32038751244544983
2358,-0.12978816032409668,-0.22297972440719604,-0.14280354976654053,0.11681754887104034
2359,0.5374831557273865,0.6864688396453857,1.4013266563415527,-0.5824931859970093
2360,-1.2823747396469116,-1.3747938871383667,0.13027946650981903,-0.23207531869411469
2361,-0.6165246963500977,1.0187616348266602,0.04582427442073822,-1.140725016593933
2362,-0.6551986932754517,-0.3588898181915283,-0.7879568338394165,1.1970068216323853
2363,0.06407379359006882,-0.5799118280410767,0.15454545617103577,-1.0681517124176025
2364,-0.031683553010225296,-0.5934938788414001,0.47395384311676025,1.3294235467910767
2365,0.6425117254257202,-0.3833599388599396,-1.1611050367355347,0.6817337870597839
2366,-0.7258065342903137,0.03052881360054016,0.7000362873077393,-1.9651038646697998
2367,0.8091278076171875,-0.891794741153717,0.12234649807214737,-0.835157036781311
2368,-0.8182179927825928,0.3044394850730896,-0.07007315754890442,-0.8283195495605469
2369,-0.20227637887001038,0.27729159593582153,-1.6780726909637451,-0.4426126778125763
2370,-0.7257649898529053,0.12388531118631363,-0.9058786630630493,-0.7778611779212952
2371,-1.6608668565750122,1.0515077114105225,0.9692320227622986,-0.22720441222190857
2372,1.1379576921463013,-0.5926469564437866,0.8064961433410645,1.4179292917251587
2373,-0.07507701218128204,0.33164259791374207,-1.284782886505127,-2.093944549560547
2374,0.062324829399585724,-1.3502018451690674,-0.1882481873035431,-2.4247195720672607
2375,-1.1822446584701538,-0.6666787266731262,1.674291729927063,-1.3890748023986816
2376,-0.5022633671760559,-0.8384034037590027,-1.1040362119674683,0.005397595465183258
2377,0.6816943287849426,0.2961843013763428,-0.829965353012085,-1.1123758554458618
2378,-0.08311798423528671,0.9991353750228882,1.3476556539535522,0.15247702598571777
2379,0.01195882260799408,-1.8751413822174072,-0.12141197919845581,0.678501546382904
2380,0.27651286125183105,0.11760954558849335,0.950249195098877,-0.6285540461540222
2381,1.755927324295044,0.47289854288101196,0.5328352451324463,-1.1095856428146362
2382,-0.2825554311275482,1.2623857259750366,-0.07306324690580368,2.0615928173065186
2383,-0.45651450753211975,1.2462408542633057,0.1012459471821785,-1.3474783897399902
2384,-0.21554771065711975,0.38733533024787903,-0.5594953894615173,-0.3622662425041199
2385,-0.7845773696899414,0.08273790031671524,0.41743558645248413,0.15685799717903137
2386,-1.277391791343689,0.6036414504051208,0.44468939304351807,-1.145248532295227
2387,0.2516133189201355,-0.49627605080604553,0.8760787844657898,-0.37262511253356934
2388,-0.5598698854446411,-1.7987061738967896,1.538635492324829,0.12745597958564758
2389,1.4013689756393433,-1.3188507556915283,1.1729412078857422,-2.2777199745178223
2390,-1.032356858253479,0.3994657099246979,0.5438205003738403,1.5114840269088745
2391,-0.25839659571647644,0.8136252760887146,0.4172808825969696,0.3684501647949219
2392,-0.6664983034133911,0.08083971589803696,-0.8259425163269043,-1.2357929944992065
2393,0.24270352721214294,1.8366466760635376,0.3508427143096924,0.5295547246932983
2394,-0.33415403962135315,-0.5516483783721924,2.010437488555908,0.47920921444892883
2395,0.7362910509109497,1.1561908721923828,-0.5401785373687744,-0.5724360942840576
2396,-0.008462093770503998,0.4075935184955597,0.09077993780374527,-0.28692108392715454
2397,-0.1740545630455017,0.11815625429153442,0.09951028227806091,-0.3951799273490906
2398,0.49457424879074097,0.5789941549301147,0.16787120699882507,-0.5201005339622498
2399,0.2886694669723511,-0.7145675420761108,0.680395781993866,0.8530116677284241
2400,1.0695970058441162,1.1265877485275269,1.4854897260665894,-0.16692353785037994
2401,0.39753028750419617,-0.22733089327812195,0.6566817760467529,-0.6076945066452026
2402,1.970155119895935,0.9955317974090576,0.7743886709213257,-0.7167941927909851
2403,0.24738536775112152,-0.6850605010986328,0.06172775477170944,1.1730480194091797
2404,-1.012600302696228,-0.17965471744537354,-1.7650309801101685,-1.1678475141525269
2405,0.8079947829246521,1.510358214378357,-1.1573833227157593,0.6249148845672607
2406,0.9618024826049805,-0.7876547574996948,1.5908896923065186,1.127670407295227
2407,0.27532094717025757,-1.9449553489685059,2.7584307193756104,0.4307342767715454
2408,-0.9422670602798462,-0.12144321948289871,1.2449854612350464,-0.9497730135917664
2409,-2.024923324584961,-0.1094117984175682,0.7963825464248657,-0.8141605257987976
2410,-0.5251824855804443,0.5265846252441406,0.006873037666082382,-1.4410854578018188
2411,0.7209193110466003,-0.26254674792289734,0.3492722511291504,1.1809712648391724
2412,-0.8515008687973022,-0.22694647312164307,-0.6451960802078247,-1.1647727489471436
2413,0.7518844604492188,-0.1531485617160797,-0.9175678491592407,-0.8699691295623779
2414,-1.0399954319000244,-0.8204801082611084,1.9255871772766113,-0.8238825798034668
2415,-0.031472716480493546,0.7507938146591187,-0.41169750690460205,-1.1114329099655151
2416,0.06169603019952774,-0.7895325422286987,0.41852885484695435,-0.2524476647377014
2417,0.37910863757133484,-1.2137337923049927,-0.5149480700492859,-1.8510165214538574
2418,-2.2082512378692627,0.8703188896179199,1.5018301010131836,-0.7447667121887207
2419,-0.9868025779724121,0.2895130217075348,1.2646901607513428,0.5767636299133301
2420,-0.905197024345398,-0.24445970356464386,1.1571547985076904,0.5832210779190063
2421,0.28825119137763977,0.705731213092804,0.17896577715873718,1.0143513679504395
2422,0.9307188391685486,-1.8662813901901245,0.9718472361564636,1.3552205562591553
2423,-1.6366112232208252,-0.5331953167915344,-0.3486712872982025,0.14002305269241333
2424,-1.2388256788253784,-0.7559844851493835,0.6404080986976624,0.22390364110469818
2425,-1.2150274515151978,0.8836683034896851,0.653842031955719,-0.6193278431892395
2426,0.28968000411987305,-1.2225571870803833,1.2632547616958618,-0.13824523985385895
2427,0.4907263219356537,0.6505937576293945,-0.35768234729766846,-0.7810935974121094
2428,1.1792917251586914,-1.451550006866455,0.282548189163208,-0.1263256072998047
2429,1.2687687873840332,1.5732200145721436,-1.0198721885681152,-1.064233660697937
2430,-0.3040413558483124,1.9291337728500366,0.9561495184898376,-0.5290607810020447
2431,-1.5055760145187378,-0.7633397579193115,0.8613529205322266,-0.9489914178848267
2432,-1.316217303276062,-0.8200784921646118,0.4949378967285156,-1.6183111667633057
2433,-0.1925494521856308,-0.23248134553432465,1.497137188911438,-0.6468314528465271
2434,0.2140076458454132,-1.055899739265442,-1.6147476434707642,0.5098687410354614
2435,-1.4654762744903564,-0.7811980843544006,-0.7235478162765503,1.1621475219726562
2436,0.7981224060058594,-0.6127930879592896,0.5890986323356628,-0.2902384400367737
2437,-1.0520957708358765,1.819475769996643,-1.4875859022140503,-0.5346977710723877
2438,2.382493019104004,-1.7172811031341553,0.4354163110256195,0.9669576287269592
2439,0.6376009583473206,-0.24981531500816345,0.6073073744773865,-0.3358697295188904
2440,-0.3524842858314514,-0.012446768581867218,-0.17159296572208405,0.5558155179023743
2441,-0.1734664887189865,0.09754286706447601,-1.2504327297210693,-0.3223244249820709
2442,-0.3384667932987213,0.05460313707590103,1.2577645778656006,-0.11211150884628296
2443,-0.36465317010879517,2.0217537879943848,-0.9168970584869385,-1.4357353448867798
2444,-0.614613950252533,1.3837599754333496,-1.4030812978744507,-0.4738146960735321
2445,-1.6546368598937988,0.04191071540117264,0.9108372926712036,1.1440056562423706
2446,-0.013466494157910347,0.11240117996931076,0.09862494468688965,-0.24099856615066528
2447,-2.666015863418579,0.5672348737716675,-0.3618883788585663,1.9332895278930664
2448,-0.3337339460849762,0.42126670479774475,0.7061213254928589,1.3927016258239746
2449,0.5056048035621643,-1.1560879945755005,-0.5079325437545776,-1.1537262201309204
2450,-1.1961414813995361,1.2270894050598145,-0.4433228075504303,1.0460249185562134
2451,-0.7210972309112549,0.7522639036178589,-0.4670286774635315,-0.2625208795070648
2452,0.7951851487159729,0.6394186615943909,-0.4790213406085968,0.7275131940841675
2453,-0.7058665156364441,-1.5673832893371582,1.1795833110809326,0.5872558355331421
2454,0.4910159111022949,-0.15321779251098633,0.4426867365837097,-1.1465122699737549
2455,-0.6135070323944092,1.1126714944839478,1.6589534282684326,-0.15901382267475128
2456,0.5980245471000671,0.14634719491004944,0.40775924921035767,1.7660984992980957
2457,-0.38244733214378357,1.4060715436935425,-0.9601495265960693,0.7053480744361877
2458,0.8269729018211365,0.5786199569702148,1.3105566501617432,1.6968047618865967
2459,0.21239891648292542,-0.6580841541290283,0.5703732371330261,1.3649333715438843
2460,-1.5762842893600464,-0.5278846025466919,0.9724764227867126,-0.6539790630340576
2461,-0.33273088932037354,-1.1211304664611816,-0.5234735012054443,-2.231114149093628
2462,0.13353624939918518,-1.975083827972412,-0.7390244007110596,-1.334428310394287
2463,0.5321764945983887,-1.2617555856704712,-0.5808903574943542,-0.28494027256965637
2464,-0.6925700902938843,0.41510486602783203,0.4325128495693207,1.2823724746704102
2465,-0.76666659116745,-0.2588247060775757,-1.510606288909912,-0.8452273607254028
2466,0.5450783371925354,0.032076939940452576,1.873884677886963,-0.8808397650718689
2467,1.0163013935089111,1.724995493888855,0.5647487044334412,1.6862000226974487
2468,-1.6786776781082153,-1.680093765258789,0.8142478466033936,0.6530596017837524
2469,0.9547199010848999,-0.16371549665927887,-1.3791677951812744,-0.07671678811311722
2470,-1.0923047065734863,1.1390879154205322,-1.6030853986740112,0.4814227819442749
2471,0.6424250602722168,0.9839080572128296,-0.7365630269050598,-0.258544385433197
2472,0.10011085122823715,-0.7009831666946411,-0.2815626859664917,-1.5558719635009766
2473,0.6328710317611694,-2.325202465057373,-1.6842093467712402,0.5627084374427795
2474,1.86464262008667,-0.26331835985183716,1.3342907428741455,-0.5304116606712341
2475,0.23770761489868164,-0.9974466562271118,1.717616081237793,-0.4055817425251007
2476,-0.4004823863506317,-0.2948266565799713,-1.369212031364441,0.7459812164306641
2477,-1.293939471244812,2.0183680057525635,0.4185742735862732,0.11831653863191605
2478,0.9620650410652161,0.033467892557382584,-1.471990704536438,0.5725196599960327
2479,-0.12639759480953217,-0.4635898768901825,-0.5790307521820068,0.48170945048332214
2480,-1.1610525846481323,1.486320972442627,0.6230471730232239,-0.6305789947509766
2481,-0.5872983336448669,0.474528968334198,-0.3362811505794525,0.35554444789886475
2482,0.7665184736251831,0.642876923084259,0.6091120839118958,-0.9983929395675659
2483,0.5608351826667786,0.27990442514419556,0.791628360748291,-0.6322755813598633
2484,-0.8927014470100403,0.29880040884017944,-1.2278352975845337,0.8971349000930786
2485,-0.9093392491340637,0.4823899567127228,0.5615156292915344,-0.39343181252479553
2486,-0.10121983289718628,1.0375505685806274,-0.2753531336784363,-0.7317302823066711
2487,-0.024181831628084183,-2.486933469772339,1.7657314538955688,0.3187609314918518
2488,0.6387957334518433,1.9914458990097046,1.4804084300994873,-1.6972700357437134
2489,-0.47178909182548523,0.19197100400924683,1.257325530052185,-0.07382609695196152
2490,0.026462536305189133,2.308323621749878,-0.21560458838939667,-0.7571086287498474
2491,1.3777981996536255,0.6061332821846008,1.9646533727645874,1.5480930805206299
2492,-0.09695915877819061,0.10056739300489426,-0.21072900295257568,-0.6824482083320618
2493,0.27122610807418823,0.4239807426929474,0.14757277071475983,-0.3416716754436493
2494,-0.7183693647384644,-0.18039648234844208,0.43946459889411926,0.062125738710165024
2495,0.3342669606208801,0.5688828825950623,0.25245872139930725,0.9658869504928589
2496,0.4671669602394104,1.604709267616272,-1.4589664936065674,1.7622411251068115
2497,0.9871578812599182,1.658282995223999,-0.7033117413520813,-0.25337618589401245
2498,-1.7519007921218872,-0.43482720851898193,1.1578209400177002,-1.0086958408355713
2499,2.2251710891723633,0.7172530293464661,-2.1144282817840576,0.08830106258392334
2500,-0.021214837208390236,-0.9429285526275635,1.6090408563613892,-0.7485374212265015
2501,-0.18319956958293915,-0.323532372713089,0.3126254081726074,0.8842818737030029
2502,1.2453540563583374,-1.0496091842651367,-0.46161940693855286,-1.599170207977295
2503,-0.14566758275032043,0.3274420499801636,1.6319935321807861,-0.981701135635376
2504,0.6253991723060608,0.2910196781158447,0.5259039402008057,-1.1566914319992065
2505,-0.35559818148612976,0.6555106043815613,0.32880356907844543,-0.9508997797966003
2506,-0.5733750462532043,0.9092949032783508,-0.2108156383037567,-0.6821590662002563
2507,-1.25615394115448,-1.0343469381332397,0.9910179972648621,-1.0486915111541748
2508,0.8737269639968872,0.5234543681144714,1.1067394018173218,-1.459135890007019
2509,0.6320844292640686,2.0257601737976074,-0.7620802521705627,-0.4940313696861267
2510,1.2028883695602417,1.2544413805007935,-0.9519159197807312,3.531843900680542
2511,-0.2293417751789093,-1.4894763231277466,0.1450376808643341,-1.1107234954833984
2512,-1.0675634145736694,-1.3210372924804688,-2.4077398777008057,-1.2735763788223267
2513,-1.2917256355285645,-0.8941436409950256,-2.7470245361328125,-0.6632962822914124
2514,0.046232517808675766,0.018763333559036255,0.8413997292518616,1.1464859247207642
2515,-0.08562169969081879,-0.37310388684272766,1.004220962524414,-0.7731273770332336
2516,0.9985615611076355,0.7380862236022949,0.7475566864013672,-1.277395248413086
2517,-0.7491210699081421,0.79227215051651,0.5807211995124817,-2.3537497520446777
2518,0.614271342754364,-0.10618303716182709,-0.011631716042757034,-0.6300587058067322
2519,1.077217698097229,-0.8287405967712402,0.49197882413864136,0.15542137622833252
2520,-0.15975475311279297,1.769692301750183,-0.1467043161392212,-1.7586838006973267
2521,0.11388985067605972,-1.409346103668213,-1.6711665391921997,0.631296694278717
2522,1.5305383205413818,0.8171523809432983,0.3315310776233673,0.5606028437614441
2523,-0.309580534696579,0.9267789125442505,-0.39013105630874634,0.28669291734695435
2524,0.4787060022354126,0.14511582255363464,-0.048933666199445724,0.009977739304304123
2525,0.3837629556655884,-0.4852921962738037,-0.9524399638175964,0.19929972290992737
2526,-0.7456119060516357,0.9701741933822632,0.38890567421913147,-1.8847110271453857
2527,1.689046859741211,-1.9388070106506348,-0.7860655188560486,0.3665722608566284
2528,1.0715115070343018,0.2838725447654724,-0.18347039818763733,1.6407679319381714
2529,-0.4142638146877289,-0.9788606762886047,-0.3455312252044678,0.7506530284881592
2530,0.15257495641708374,-1.4752522706985474,-2.0049631595611572,-0.34331315755844116
2531,-0.2607174217700958,-1.6411367654800415,-1.1818349361419678,-0.35176074504852295
2532,-0.3552425801753998,0.4236045777797699,0.6811494827270508,-0.4345681965351105
2533,0.7359774708747864,1.326061487197876,-0.7942926287651062,-0.7927683591842651
2534,-0.23513638973236084,0.9055671691894531,0.8563250303268433,0.7810871005058289
2535,-1.7128269672393799,-0.1255587488412857,-0.2990952432155609,-0.24663186073303223
2536,0.10837232321500778,-0.3445393741130829,-0.33341801166534424,0.8047480583190918
2537,-1.1584091186523438,-0.08566457778215408,1.9525628089904785,0.06927339732646942
2538,1.2807081937789917,-2.769596576690674,0.914289116859436,0.624279260635376
2539,-0.9259868264198303,0.10532853752374649,-0.11314386874437332,-0.8302531242370605
2540,-0.10927756875753403,0.4251820743083954,-0.806594729423523,-0.8269014954566956
2541,0.5018524527549744,-0.5870702862739563,-0.04447139799594879,0.30289584398269653
2542,-1.4024569988250732,1.641386866569519,1.7883144617080688,-1.1189727783203125
2543,-0.2174948751926422,1.7754768133163452,0.9248606562614441,1.0032737255096436
2544,0.3702397048473358,1.1760107278823853,1.2923669815063477,-0.5527390241622925
2545,1.0667697191238403,-1.069900631904602,1.0647212266921997,0.9825650453567505
2546,-0.1789138913154602,-0.036788880825042725,-0.34897392988204956,-0.1297590136528015
2547,0.028044503182172775,-0.9091211557388306,-1.168010950088501,-1.2569702863693237
2548,-0.07540833204984665,-0.7057174444198608,-0.9700597524642944,0.5137022733688354
2549,0.10570351779460907,-0.5323646068572998,-1.4663817882537842,1.001894235610962
2550,0.8092601895332336,-0.8644733428955078,-1.5238869190216064,-1.0802834033966064
2551,1.008960485458374,0.102740079164505,-0.008606530725955963,-0.16336065530776978
2552,0.8929728269577026,-0.5625734329223633,0.899957537651062,0.9679827094078064
2553,-2.1348962783813477,0.4755747318267822,0.21632781624794006,-0.9264314770698547
2554,-0.18228569626808167,0.6086965799331665,0.37043094635009766,0.8636029362678528
2555,-0.7298704981803894,-0.10064485669136047,-0.5575542449951172,0.08006535470485687
2556,1.1409852504730225,0.25412461161613464,0.3773234486579895,0.6258132457733154
2557,0.08597630262374878,0.6575474143028259,-0.9844691157341003,0.037979647517204285
2558,0.9723434448242188,1.245654821395874,0.4643322229385376,0.6268126368522644
2559,-1.8674976825714111,0.6293585300445557,0.5208724141120911,-0.9074283242225647
2560,0.37833306193351746,-0.23575033247470856,-0.6479071974754333,0.2952762246131897
2561,-1.3946373462677002,-0.1532348096370697,-1.0000743865966797,-0.6247610449790955
2562,-1.7048969268798828,0.5533099174499512,0.02898917719721794,-0.7817983031272888
2563,0.45758992433547974,-0.057885006070137024,-0.15296922624111176,1.6709177494049072
2564,-1.1661790609359741,1.2271573543548584,0.3576964735984802,0.10715965926647186
2565,0.7055152654647827,0.2237657755613327,0.015086881816387177,-0.7261924147605896
2566,-0.44318267703056335,-0.3980814516544342,-0.14200131595134735,-1.059287190437317
2567,1.1615405082702637,0.06202397495508194,0.48576220870018005,-0.47672998905181885
2568,-2.2374613285064697,0.8141722083091736,-0.3526335060596466,0.05702696368098259
2569,-0.9954860210418701,2.3892574310302734,1.6576484441757202,0.3037525415420532
2570,-1.6909947395324707,-1.2567732334136963,-0.3756483793258667,0.7069260478019714
2571,-0.5284966230392456,-0.28118354082107544,-1.2867610454559326,1.5005662441253662
2572,0.8571174740791321,2.1755075454711914,-1.590042233467102,-1.5765137672424316
2573,-1.1015862226486206,0.5671048760414124,-0.46963244676589966,0.3234970271587372
2574,-0.39465686678886414,0.5424699783325195,-0.8904603719711304,-0.40671059489250183
2575,-0.05688273161649704,0.6401611566543579,-1.0362601280212402,-0.07947792112827301
2576,0.9646873474121094,0.04684871807694435,1.1193335056304932,-0.7592936158180237
2577,-1.2678334712982178,1.9428188800811768,-1.337039828300476,0.07427461445331573
2578,1.1735366582870483,0.95189368724823,0.7693926095962524,-0.13471391797065735
2579,-0.5375885367393494,-1.1876416206359863,-1.5968037843704224,0.85165935754776
2580,-1.334821343421936,0.5945084095001221,-0.3237905502319336,0.5049384832382202
2581,-0.4735404849052429,0.2142934501171112,0.07633823156356812,-1.35591459274292
2582,1.0864388942718506,-0.498294472694397,-1.304291844367981,-1.096930742263794
2583,-1.451785683631897,-1.1779534816741943,-0.7780482769012451,-0.05845509096980095
2584,-0.5507922172546387,0.42624813318252563,-1.0341492891311646,-0.47391313314437866
2585,-1.698523759841919,-0.07567088305950165,0.6235506534576416,1.9890968799591064
2586,1.5466469526290894,-0.6003882884979248,-0.6396761536598206,0.7201712727546692
2587,0.39051538705825806,0.9391084909439087,0.12218800187110901,0.7847140431404114
2588,0.6758066415786743,-0.6420760154724121,0.15204763412475586,-0.7532911896705627
2589,1.1806641817092896,0.06885703653097153,1.4458084106445312,0.3826946020126343
2590,1.4061471223831177,0.20330633223056793,0.10189677774906158,1.308747410774231
2591,0.3445289433002472,1.2021068334579468,-0.7223745584487915,-0.019402073696255684
2592,-0.7408685088157654,-1.7074620723724365,-2.221284866333008,0.6349257230758667
2593,-0.2689274251461029,0.5099816918373108,1.2147748470306396,0.5020971894264221
2594,-1.45619797706604,-0.4691920876502991,0.07479356974363327,0.4212804138660431
2595,-0.255825400352478,-0.042325906455516815,0.32485082745552063,0.1881050169467926
2596,-0.0893331915140152,0.12908491492271423,0.29052263498306274,1.266762614250183
2597,0.5819272994995117,0.3923453688621521,0.6293360590934753,0.38131630420684814
2598,0.6748472452163696,-1.4594941139221191,-0.3563927412033081,-1.1463260650634766
2599,-0.7604139447212219,-0.923964262008667,-0.0766470730304718,0.011747118085622787
2600,-0.3033660054206848,0.5435128808021545,0.07987329363822937,-1.0304818153381348
2601,-0.031107408925890923,1.1736019849777222,1.3942795991897583,0.22278913855552673
2602,0.1919257491827011,0.5456269979476929,-0.01734856888651848,0.7271027565002441
2603,-1.397416591644287,-0.23280641436576843,-2.2069647312164307,1.5323487520217896
2604,-0.44858479499816895,0.688233494758606,-0.49338608980178833,-1.2763290405273438
2605,-2.3813211917877197,0.21385198831558228,-1.7508267164230347,-0.9106967449188232
2606,0.1052582785487175,-1.2297824621200562,0.7166321277618408,-0.18682710826396942
2607,0.725878894329071,-2.024761915206909,0.1165018230676651,0.43087315559387207
2608,-0.25811290740966797,1.0426106452941895,0.5343502759933472,0.24074040353298187
2609,1.8145333528518677,-1.3435001373291016,-0.3333624005317688,0.94528728723526
2610,-0.03964971750974655,-2.150195837020874,1.4563729763031006,-0.5304678678512573
2611,-0.316659539937973,-0.5583277940750122,0.062323905527591705,1.5549771785736084
2612,-0.3469341993331909,-1.7986268997192383,-0.4275026321411133,-1.6491888761520386
2613,-1.3255934715270996,1.0766236782073975,-0.11304047703742981,-0.5271351933479309
2614,0.8579837083816528,0.5789218544960022,2.432316780090332,-0.6525990962982178
2615,-0.32772931456565857,0.5449723601341248,0.16787555813789368,0.42975470423698425
2616,-1.2399436235427856,1.1301748752593994,-1.570468783378601,0.3849518895149231
2617,0.856780469417572,-0.14503338932991028,-0.6221010088920593,0.6337726712226868
2618,0.04354443773627281,-0.4470233619213104,-0.5053150057792664,0.05711183324456215
2619,1.1400853395462036,0.6763020753860474,-1.4643973112106323,0.028293486684560776
2620,-2.0974607467651367,-1.3331363201141357,0.0918298214673996,0.7983500957489014
2621,-0.5370122790336609,0.008226502686738968,-1.7686210870742798,-0.8894168138504028
2622,-0.27174219489097595,-1.2214910984039307,1.2856873273849487,0.21600915491580963
2623,-1.3364653587341309,-0.7588486671447754,2.0649542808532715,0.41703829169273376
2624,-0.3185567557811737,-0.10694921761751175,-0.9640161991119385,0.5138799548149109
2625,0.3751165270805359,-0.41199514269828796,-0.3003430962562561,-1.2135565280914307
2626,-0.28600507974624634,-0.4995650351047516,0.5115894079208374,0.12665089964866638
2627,-0.4689836800098419,-1.0833992958068848,-0.9387891888618469,-1.9857940673828125
2628,-0.058864526450634,1.1638590097427368,0.1308964192867279,2.2708022594451904
2629,-0.4838094115257263,-0.7111018896102905,-0.2737151086330414,1.1261190176010132
2630,1.2737637758255005,-1.4291096925735474,-2.7499494552612305,-1.0562107563018799
2631,2.0370841026306152,1.1718744039535522,3.6670467853546143,1.152021884918213
2632,-1.263183832168579,1.3429328203201294,0.26089513301849365,-0.42380741238594055
2633,0.42096394300460815,-1.552708625793457,0.05162408947944641,-0.8138418197631836
2634,-1.0902546644210815,3.2357330322265625,-0.27422818541526794,2.259117841720581
2635,0.9435799717903137,0.09287957102060318,-1.053484320640564,0.10710889101028442
2636,0.21676646173000336,-0.32529550790786743,-0.2278982400894165,-0.8546922206878662
2637,1.2039129734039307,0.09089157730340958,2.2362000942230225,0.5617722272872925
2638,1.7861961126327515,1.1460981369018555,0.036736078560352325,-1.6219676733016968
2639,0.12260579317808151,-0.09938996285200119,-0.14458008110523224,-0.2622007429599762
2640,0.6192144751548767,-0.5774686336517334,-0.267122358083725,0.16482004523277283
2641,0.2775784432888031,0.3333287835121155,1.8027499914169312,-1.4537848234176636
2642,-0.31543952226638794,-1.0489020347595215,-1.4366587400436401,0.28414252400398254
2643,1.508615493774414,1.2786973714828491,-0.14957647025585175,-0.6493628025054932
2644,1.6492300033569336,-1.0521820783615112,1.3109732866287231,-0.3550509810447693
2645,-0.17833036184310913,1.1459144353866577,1.9115315675735474,-0.6400339007377625
2646,0.403249591588974,-1.5292197465896606,0.8929186463356018,1.6928906440734863
2647,0.3390587270259857,0.8445411324501038,0.3371354937553406,-1.1303085088729858
2648,0.16505274176597595,1.609036922454834,0.08571916818618774,0.020741470158100128
2649,-0.2820110619068146,0.6652934551239014,-0.5520186424255371,1.6742039918899536
2650,0.8738040328025818,-0.20233725011348724,-1.0903123617172241,-1.1893593072891235
2651,0.04052238166332245,-0.9293625354766846,-0.9744679927825928,0.9529617428779602
2652,-0.5136476159095764,-0.7222635746002197,-1.4322941303253174,-0.8687233328819275
2653,0.15013712644577026,-0.731831967830658,-0.19119156897068024,0.036986302584409714
2654,-0.568472683429718,0.37232881784439087,-1.1784712076187134,2.6528782844543457
2655,0.1677035391330719,0.7076902389526367,1.6699984073638916,-0.30586278438568115
2656,-1.0089619159698486,0.343752384185791,-1.1145597696304321,0.3267902731895447
2657,0.9202128052711487,1.5810986757278442,0.9216151833534241,-0.2274383306503296
2658,-2.8063440322875977,2.0386791229248047,0.1933860033750534,-0.7104658484458923
2659,0.104411780834198,0.21890582144260406,0.22879646718502045,0.8639947175979614
2660,0.27129390835762024,0.3814840316772461,0.2530958652496338,-0.5520024299621582
2661,-0.09265896677970886,-1.1010630130767822,-0.7066977024078369,0.778971791267395
2662,-0.8042315244674683,-1.6418875455856323,0.6988270282745361,-0.6583821773529053
2663,1.1665555238723755,0.05121515691280365,1.405890941619873,0.03249901160597801
2664,1.401389718055725,-1.183243751525879,0.5000767111778259,0.43477362394332886
2665,-2.147796154022217,-0.27350208163261414,-0.44540131092071533,-1.548424482345581
2666,-0.6994373798370361,1.0164601802825928,0.47994863986968994,0.08990561962127686
2667,-1.0085200071334839,-0.08699287474155426,1.2919687032699585,-1.3399583101272583
2668,-0.1866321563720703,0.38816195726394653,-1.0761862993240356,1.312224268913269
2669,0.3515795171260834,0.005590964108705521,0.9160210490226746,0.42434561252593994
2670,0.02035718783736229,-1.004231572151184,-0.4484700858592987,1.9018021821975708
2671,0.4286787509918213,-1.766923189163208,-0.40158069133758545,1.0061655044555664
2672,0.08902901411056519,-0.14113068580627441,1.111655354499817,0.2758597731590271
2673,0.9428778886795044,0.5453615188598633,-1.2940689325332642,0.34936317801475525
2674,0.31809040904045105,-0.33118802309036255,-1.669559359550476,-0.5258213877677917
2675,-1.1536411046981812,-0.9039157629013062,0.5483982563018799,0.21149592101573944
2676,-0.2585972249507904,1.5406279563903809,0.5735810995101929,1.2021838426589966
2677,-0.7191285490989685,-1.4339144229888916,0.20716366171836853,2.377676248550415
2678,-0.7970040440559387,0.6707533001899719,1.092384934425354,0.22689536213874817
2679,-1.579427719116211,-0.3467858135700226,0.4061827063560486,1.566479206085205
2680,-0.05743015184998512,-1.296895146369934,-1.095176339149475,-0.022601228207349777
2681,-0.2201170176267624,-0.22157156467437744,1.6398581266403198,-1.3296964168548584
2682,0.9635921716690063,0.47642940282821655,-0.014877300709486008,0.6364155411720276
2683,0.003400087356567383,2.0334689617156982,0.7409859895706177,1.175732135772705
2684,-0.8926021456718445,-0.5127899050712585,1.392706274986267,-0.6866340041160583
2685,-0.7565736174583435,2.0897135734558105,0.6130306124687195,-0.24128267168998718
2686,-1.62166428565979,0.5660320520401001,1.3608837127685547,-1.2655847072601318
2687,-0.5583577752113342,0.770420491695404,0.8841820955276489,-1.354768991470337
2688,0.17026448249816895,0.8733093738555908,0.9846959710121155,-0.19395889341831207
2689,-0.33267471194267273,-0.11603844165802002,-0.8981156945228577,-0.08176161348819733
2690,-0.6285535097122192,1.9373732805252075,0.9336336255073547,1.6214311122894287
2691,-1.7266347408294678,-0.058915406465530396,-0.8834542036056519,0.24140121042728424
2692,-2.2288851737976074,0.31346026062965393,-0.6080093383789062,1.4786198139190674
2693,0.3191351294517517,-1.2364342212677002,-0.9538884162902832,-0.032009344547986984
2694,2.0550427436828613,0.36220216751098633,-0.6755505800247192,0.32016611099243164
2695,-0.07637396454811096,-0.24508759379386902,0.2018216997385025,-1.7973546981811523
2696,-0.6642142534255981,0.2030496597290039,-1.5092663764953613,-0.1386251449584961
2697,0.23160310089588165,0.456939160823822,1.0104806423187256,0.15962477028369904
2698,-0.7615005970001221,1.0796171426773071,1.080526351928711,1.0335637331008911
2699,0.7506091594696045,-1.3458844423294067,0.6297818422317505,0.16427093744277954
2700,1.6254699230194092,1.2563036680221558,0.11182698607444763,1.230729103088379
2701,0.043584953993558884,0.540679931640625,-0.6077187061309814,1.2548450231552124
2702,-1.667062759399414,-1.4505174160003662,-0.15287530422210693,-0.13848373293876648
2703,0.8137337565422058,1.131033182144165,-1.4621537923812866,-0.3506888747215271
2704,-0.5940490365028381,-0.1633242666721344,1.4936802387237549,0.6001778841018677
2705,-1.1702759265899658,-0.8873435854911804,0.02892068773508072,0.2762303650379181
2706,0.09398707002401352,-0.19854608178138733,1.985599160194397,-0.2701416313648224
2707,-0.8385279774665833,-0.4776102602481842,-2.280478000640869,1.0038050413131714
2708,-0.517863929271698,-0.07589700818061829,-0.554146409034729,-1.2466398477554321
2709,-1.7739452123641968,-0.8420137166976929,-0.6893582940101624,0.36701327562332153
2710,-0.5416876077651978,0.031401004642248154,-0.06765369325876236,0.8455339074134827
2711,-0.039377570152282715,0.44011422991752625,0.685422420501709,-1.0204075574874878
2712,0.16025596857070923,-0.4562835693359375,-0.39078009128570557,-0.5709848999977112
2713,1.412805199623108,1.1808879375457764,-0.06938295066356659,-1.0032718181610107
2714,0.2865050733089447,-0.006691545248031616,1.0006376504898071,-1.1785695552825928
2715,0.6281886696815491,-0.8982976078987122,1.38254714012146,-1.7032585144042969
2716,-0.6321861147880554,-1.0607526302337646,0.5356724262237549,-1.2607827186584473
2717,1.8536497354507446,1.2214372158050537,0.8880798816680908,-0.3533148765563965
2718,0.9075819253921509,0.19055460393428802,-1.1250630617141724,0.4465866684913635
2719,0.479446142911911,-0.4198329448699951,-1.1938635110855103,-0.14587397873401642
2720,1.613602876663208,-0.9570248126983643,0.035961296409368515,0.815570056438446
2721,1.0496786832809448,0.6333114504814148,-0.7295776605606079,-1.6416335105895996
2722,-0.500404417514801,-0.0844968780875206,-0.6453388929367065,0.53849858045578
2723,0.5427775382995605,1.531751036643982,-0.1694265604019165,1.2486791610717773
2724,0.5278852581977844,0.43191465735435486,-0.7177668213844299,-0.33158689737319946
2725,0.6245136260986328,0.5853135585784912,0.578852653503418,0.37975841760635376
2726,-0.06084110215306282,0.43751731514930725,1.8044812679290771,0.22766722738742828
2727,-0.11484885215759277,1.3873337507247925,-0.994864284992218,0.8108148574829102
2728,1.2057886123657227,-1.2630503177642822,0.6804276704788208,2.2413675785064697
2729,0.3490721583366394,0.6831201910972595,-1.9324581623077393,-0.41753697395324707
2730,-0.3542719781398773,-0.7729509472846985,0.32175612449645996,0.9629601836204529
2731,-1.8837440013885498,1.874845266342163,1.1021971702575684,-0.7976203560829163
2732,0.15282952785491943,1.0349715948104858,0.4808212220668793,-0.4244205951690674
2733,0.27460578083992004,0.23521678149700165,-1.2619445323944092,1.5418808460235596
2734,-0.455565482378006,0.16101841628551483,-0.01844865456223488,-0.9910804033279419
2735,1.5299935340881348,0.17620006203651428,-0.19949400424957275,0.4100863039493561
2736,-1.1154412031173706,0.33809423446655273,0.33401334285736084,-0.5981873869895935
2737,-1.1895607709884644,1.725630283355713,1.9577544927597046,-1.0237767696380615
2738,0.45531579852104187,-1.2995846271514893,0.6093809008598328,-0.6433521509170532
2739,-0.7030972242355347,0.05680477246642113,-0.4422356188297272,-1.0328776836395264
2740,-0.3582123816013336,1.3621147871017456,0.5985199809074402,-0.3839671015739441
2741,-0.2043459266424179,-1.4334267377853394,-0.595610499382019,0.13845594227313995
2742,0.36096182465553284,-1.9280508756637573,0.3486728072166443,-1.0703678131103516
2743,-0.4183005392551422,0.13138285279273987,-0.11741644144058228,0.3935168981552124
2744,0.1945713758468628,2.1179871559143066,-0.23192739486694336,0.3512091338634491
2745,0.6673672795295715,0.061751775443553925,-0.3539639711380005,0.5105657577514648
2746,-1.6597392559051514,-0.31486690044403076,-1.4659734964370728,-1.4909833669662476
2747,-0.19888906180858612,1.815168857574463,-1.6636968851089478,-0.3607255816459656
2748,0.4735103249549866,-0.7479357719421387,0.21741318702697754,-0.4265837073326111
2749,-0.14720404148101807,2.379861354827881,-0.06923067569732666,0.43414953351020813
2750,0.16545209288597107,1.1570006608963013,1.0495150089263916,-0.3476717174053192
2751,-0.7049738764762878,-1.7321149110794067,1.6872960329055786,0.22277505695819855
2752,-0.9272889494895935,-0.8880942463874817,-0.05840517207980156,0.3377242386341095
2753,-0.05744580924510956,1.8050346374511719,-0.810105562210083,1.3493938446044922
2754,-0.31238412857055664,-0.24726608395576477,-0.0008579343557357788,0.7307806015014648
2755,-1.340009093284607,-0.6889877319335938,-2.044201612472534,-0.7424034476280212
2756,-0.15825825929641724,-0.5996447205543518,-0.8973884582519531,-0.734977126121521
2757,0.4773828089237213,1.5820093154907227,0.07813253998756409,0.23852258920669556
2758,0.3949768543243408,1.4842489957809448,-0.40795060992240906,0.010804951190948486
2759,0.3592962622642517,-1.1657823324203491,-1.4592562913894653,-0.32545146346092224
2760,0.5479050278663635,-0.18151789903640747,0.18296854197978973,0.7115379571914673
2761,-1.1153002977371216,1.1931591033935547,-1.2270780801773071,1.6864852905273438
2762,0.7246978282928467,0.5361051559448242,0.6331984400749207,0.6201520562171936
2763,0.29004156589508057,0.5048968195915222,1.5892972946166992,0.8255528211593628
2764,-0.5976933836936951,-1.168170690536499,-0.027332745492458344,0.8970014452934265
2765,-1.067348837852478,-0.8244072198867798,0.32844361662864685,0.044569604098796844
2766,-0.17055481672286987,-0.8001596331596375,-0.05204935744404793,1.1424318552017212
2767,0.6595126986503601,0.7868108153343201,0.05247807875275612,0.8573850989341736
2768,-0.7775712609291077,1.9461003541946411,0.6841587424278259,0.9378405213356018
2769,-0.0590585321187973,0.10982415080070496,1.8810092210769653,-0.0031044110655784607
2770,-1.3041496276855469,0.40993553400039673,0.18336480855941772,0.9231703281402588
2771,0.10550182312726974,1.224955439567566,0.974732518196106,-2.1548521518707275
2772,-0.2862062156200409,-0.17246100306510925,-0.6539425253868103,-0.969243049621582
2773,1.4705020189285278,0.5209585428237915,-0.5771817564964294,-1.7832285165786743
2774,-0.2471717894077301,-0.5961993932723999,-0.4566580057144165,0.47651419043540955
2775,1.6035857200622559,-0.28547942638397217,-0.005552034825086594,-1.7856882810592651
2776,2.109280824661255,-0.6007639169692993,-0.28082185983657837,0.09200931340456009
2777,0.6051581501960754,-0.6592222452163696,0.45868292450904846,0.049679290503263474
2778,0.1878536343574524,1.1837526559829712,-0.7627365589141846,-0.2499033361673355
2779,0.5177839994430542,-0.3312786817550659,1.7084709405899048,1.5249191522598267
2780,0.7368874549865723,0.16342537105083466,1.8903740644454956,-1.1289093494415283
2781,-1.3401296138763428,0.2262355536222458,-1.5800628662109375,1.2985572814941406
2782,1.8966447114944458,1.0609872341156006,0.36063820123672485,0.4599896967411041
2783,-0.4422403573989868,0.5946907997131348,-1.1437835693359375,1.6983788013458252
2784,-0.14663811028003693,-2.5263452529907227,0.5742653012275696,-0.7841796278953552
2785,-0.3143796920776367,-0.5250900983810425,1.253686547279358,0.14899533987045288
2786,1.1425402164459229,0.024221964180469513,0.2626960873603821,0.3677104115486145
2787,-0.780055046081543,0.24094778299331665,-0.8952586054801941,0.7258475422859192
2788,-0.4782005548477173,-0.14140121638774872,-0.9512913227081299,0.239507257938385
2789,0.6413007378578186,0.06406958401203156,-0.07219977676868439,-0.6357938051223755
2790,-1.1346482038497925,-0.871743381023407,0.16273429989814758,0.23054833710193634
2791,-0.6837533116340637,1.730245590209961,1.3954459428787231,0.0634516179561615
2792,0.09425584971904755,0.14928248524665833,-0.43801259994506836,1.1887112855911255
2793,0.9801117777824402,-0.03167850524187088,-0.09447742998600006,-1.6176283359527588
2794,-1.1482417583465576,1.1106566190719604,-1.4816055297851562,0.20198772847652435
2795,-0.008511031046509743,-0.9000839591026306,1.9689401388168335,0.7175868153572083
2796,-0.7532778978347778,0.49268782138824463,-2.545912981033325,1.170150876045227
2797,0.6668241024017334,-1.159533143043518,-2.0702786445617676,-1.1715036630630493
2798,0.47539204359054565,0.5569484233856201,-1.1502777338027954,0.2273387461900711
2799,0.9099792838096619,-0.9438272714614868,0.7410625219345093,1.6889426708221436
2800,0.4642831087112427,-0.39677804708480835,-0.39218172430992126,0.7933534979820251
2801,-0.5627532005310059,0.45120909810066223,0.23292428255081177,2.1556894779205322
2802,2.136110544204712,0.7966155409812927,2.2218778133392334,1.2347525358200073
2803,-1.1222397089004517,0.8211551308631897,-0.2971108555793762,-1.3784745931625366
2804,0.19564427435398102,0.6876518726348877,-0.37496528029441833,1.1007416248321533
2805,1.074901819229126,-2.3646628856658936,-0.45321938395500183,-0.30279505252838135
2806,0.8926158547401428,0.13856634497642517,0.33189627528190613,1.2281901836395264
2807,1.9587992429733276,-1.998014211654663,-0.5604946613311768,-0.25128766894340515
2808,-2.2513773441314697,0.8734455704689026,1.8471814393997192,-0.3645881414413452
2809,0.3806365430355072,0.3776845932006836,-0.01798315718770027,0.02323806658387184
2810,-0.8527374267578125,0.1316189467906952,-1.1489487886428833,1.650223970413208
2811,1.0285005569458008,1.3478902578353882,1.544335126876831,-0.04734707251191139
2812,0.4477732181549072,-1.553058385848999,-1.4990992546081543,-0.32645824551582336
2813,-0.4685128331184387,1.1308860778808594,0.4836937189102173,1.8005496263504028
2814,0.9408584237098694,0.5522825121879578,-0.906279981136322,-0.6090888977050781
2815,-0.154692143201828,-1.6310850381851196,0.012962840497493744,2.245452404022217
2816,1.727858543395996,-1.6425288915634155,1.4054125547409058,0.7284578680992126
2817,0.30726903676986694,-0.7603767514228821,1.0606917142868042,0.3380163609981537
2818,-0.07240016013383865,0.00601048581302166,0.7877941131591797,-0.6047417521476746
2819,0.3221377730369568,1.4100360870361328,0.7430600523948669,-0.5303633213043213
2820,0.11084872484207153,-0.48340466618537903,-0.4729139506816864,-0.14723658561706543
2821,0.8780041337013245,-1.3771764039993286,-0.7447490692138672,-0.15562647581100464
2822,-0.5647115111351013,-0.9882002472877502,1.040771722793579,0.6473263502120972
2823,-0.9459260702133179,-0.6253843307495117,1.6090340614318848,0.6921386122703552
2824,-1.6533782482147217,-0.01631506159901619,0.014855047687888145,-2.631638526916504
2825,-0.10682014375925064,1.5704938173294067,0.7661312818527222,0.3859310746192932
2826,1.3068084716796875,-1.85199773311615,-0.4149619936943054,-0.7259274125099182
2827,-0.7837069630622864,0.31166213750839233,0.05162853002548218,-1.2493054866790771
2828,1.079257607460022,0.9061060547828674,2.2685141563415527,-0.8670547008514404
2829,-2.3041722774505615,-0.6603718996047974,-0.018906746059656143,-0.1671433448791504
2830,-0.5704094171524048,0.023302212357521057,-0.05780232325196266,1.4884358644485474
2831,1.2072609663009644,0.26848840713500977,0.0962510034441948,-1.3035051822662354
2832,0.3954365849494934,-1.1289695501327515,-0.6375163197517395,-0.46880340576171875
2833,-0.6942282915115356,-0.891849160194397,0.6842648386955261,0.010718125849962234
2834,-0.7993386387825012,-0.5988613367080688,0.35291188955307007,-2.7650768756866455
2835,0.3555809557437897,-1.6966900825500488,0.4037362039089203,-3.1065032482147217
2836,1.1653212308883667,1.0335581302642822,1.2907298803329468,0.812872052192688
2837,0.30804580450057983,-1.2238783836364746,-0.5192769765853882,-0.5671806335449219
2838,0.1313972771167755,-0.3085259795188904,0.7013128995895386,-1.468896508216858
2839,0.10541985929012299,1.6061358451843262,-1.1372026205062866,0.6350405216217041
2840,0.7830984592437744,-2.2385854721069336,0.41117557883262634,-0.03788206726312637
2841,0.5906758308410645,-0.7462919354438782,0.5823107957839966,-2.0293455123901367
2842,0.6154081225395203,-0.34772032499313354,0.9899893999099731,-0.44624167680740356
2843,-0.5976196527481079,1.5198239088058472,-1.2511284351348877,-0.4374905228614807
2844,1.7138322591781616,1.6337435245513916,-0.7430544495582581,-0.4428786635398865
2845,-0.5978109836578369,-0.18772026896476746,-0.09233163297176361,-0.4439091682434082
2846,-0.5149378180503845,-1.2177104949951172,0.7705915570259094,0.2380165457725525
2847,0.7783491611480713,1.6972529888153076,0.5201665163040161,-0.0963079184293747
2848,-1.2079036235809326,-0.44505375623703003,0.9298433065414429,-0.795356035232544
2849,0.06481294333934784,-0.4387737810611725,0.12661901116371155,0.5375649929046631
2850,0.757218062877655,1.713615894317627,0.14666834473609924,1.4488248825073242
2851,-0.050025418400764465,0.3195885419845581,1.1094467639923096,-1.1888349056243896
2852,-0.9973758459091187,-0.7696757316589355,0.3206879794597626,1.6581073999404907
2853,1.6855517625808716,-0.9216098189353943,1.562394618988037,-0.40171128511428833
2854,1.9755674600601196,0.41483190655708313,0.17198993265628815,-0.5740844011306763
2855,-1.2993334531784058,-0.3198529779911041,-0.9814329147338867,1.6252679824829102
2856,-1.084700584411621,-1.2585391998291016,1.523093342781067,-0.09839534014463425
2857,-0.998293399810791,1.0034427642822266,0.1632755994796753,1.314718246459961
2858,-2.0966796875,-0.4349093437194824,-0.5495569109916687,0.3591565489768982
2859,-1.4723389148712158,-0.030750565230846405,-0.6299563646316528,0.6365640759468079
2860,-0.21460264921188354,-0.48227185010910034,-0.7875267267227173,-0.7353692054748535
2861,0.3862474858760834,0.9733235239982605,1.1874274015426636,-0.8047778606414795
2862,1.2440851926803589,-0.30635973811149597,-1.0346827507019043,-2.1487178802490234
2863,0.19630053639411926,-0.8467550277709961,-0.9245067834854126,-0.8676944375038147
2864,-0.29949045181274414,-0.5796722173690796,-0.279538631439209,-0.3106031119823456
2865,-1.129184603691101,2.016315221786499,0.07501377165317535,-0.6176521182060242
2866,-0.4318222999572754,-0.05600503087043762,1.1970300674438477,0.49097681045532227
2867,-0.4158484935760498,1.5831661224365234,-0.28779491782188416,1.5264180898666382
2868,1.2763874530792236,-0.120389424264431,0.6222026944160461,1.2778525352478027
2869,-0.49625328183174133,-0.9254703521728516,-0.2398911416530609,0.019944045692682266
2870,-1.2439403533935547,0.006708376109600067,0.5284397602081299,0.10110040009021759
2871,0.45239725708961487,0.18361982703208923,-0.3523258864879608,-0.331434965133667
2872,-1.0455493927001953,3.0371668338775635,-0.5506167411804199,1.7207151651382446
2873,-0.16623130440711975,-0.16732916235923767,-0.3828265070915222,-0.6410427093505859
2874,0.3963485062122345,1.4516842365264893,-0.456432968378067,-1.1793012619018555
2875,-2.447326898574829,-1.9663530588150024,-0.5193911790847778,-0.16131870448589325
2876,-1.7419135570526123,-0.20361611247062683,0.9813429713249207,1.0114222764968872
2877,0.008745215833187103,0.45420604944229126,-0.54967200756073,0.6899598240852356
2878,0.07950583845376968,-0.20635172724723816,-1.182453989982605,2.594426155090332
2879,-1.497235894203186,-0.21557292342185974,-0.10788820683956146,-1.3015892505645752
2880,0.6145514249801636,0.43210935592651367,1.1648768186569214,1.1091922521591187
2881,-0.30530890822410583,0.9352126717567444,-1.2417495250701904,1.395153284072876
2882,-0.39634016156196594,0.05900400131940842,-0.19617019593715668,-0.6595630049705505
2883,-0.14007018506526947,-0.5192244052886963,-0.621065080165863,-1.6512547731399536
2884,-1.668746829032898,0.3665625751018524,0.4448426067829132,0.2413424700498581
2885,0.5824372172355652,-0.045711591839790344,-0.3867306411266327,-0.2527165412902832
2886,1.478954553604126,1.6902967691421509,-0.4870395362377167,-0.18915586173534393
2887,-0.33560609817504883,0.044273741543293,-0.49841058254241943,-1.878462314605713
2888,0.52790367603302,-0.759685754776001,0.7446119785308838,-1.593709945678711
2889,0.9953966736793518,-0.2730044424533844,0.06639845669269562,0.39187055826187134
2890,0.20378577709197998,-1.4036450386047363,0.9166136384010315,-0.9261094927787781
2891,0.23020629584789276,1.1024365425109863,0.7662196159362793,-0.10893182456493378
2892,0.25420868396759033,-0.540898859500885,0.861556887626648,-0.32456696033477783
2893,0.595026969909668,0.6992095708847046,1.0837725400924683,1.3764665126800537
2894,0.37602686882019043,-1.7488716840744019,-0.24204955995082855,0.8617125153541565
2895,-1.1732723712921143,-1.1356850862503052,-0.9396434426307678,-1.5802454948425293
2896,-0.45116734504699707,-0.5206472873687744,1.2756083011627197,-0.6390768885612488
2897,2.0299181938171387,0.1297420859336853,-1.5176606178283691,-1.3895673751831055
2898,0.23789949715137482,-0.2601417899131775,-0.7326149940490723,1.6802027225494385
2899,0.5998951196670532,0.46439293026924133,-0.8771907091140747,-0.44990405440330505
2900,-1.2890037298202515,-0.9404582977294922,0.010003628209233284,-0.8530048131942749
2901,1.4154512882232666,0.25390246510505676,-0.4317062497138977,-3.0074245929718018
2902,-0.21194501221179962,-0.9083490967750549,0.024785680696368217,-0.5528340935707092
2903,0.8269843459129333,-1.6585217714309692,-1.0537225008010864,0.45097655057907104
2904,-1.782577395439148,0.720332682132721,0.5624285936355591,0.5173936486244202
2905,0.5624503493309021,-0.22705036401748657,-0.30371493101119995,0.050913255661726
2906,0.47886884212493896,-1.5688822269439697,0.18417884409427643,0.21901646256446838
2907,1.2120357751846313,0.3373723328113556,-0.620222270488739,-0.49095550179481506
2908,-1.7166849374771118,0.7104049921035767,1.0016279220581055,-0.8439611196517944
2909,0.2888000011444092,0.1483900249004364,-0.39577335119247437,0.10245884954929352
2910,0.452952116727829,-0.03380873054265976,-0.5428868532180786,0.35930439829826355
2911,0.05595650523900986,-0.33002424240112305,-0.4168184697628021,-0.7366901636123657
2912,-0.8635738492012024,0.37800660729408264,1.3906917572021484,1.8985989093780518
2913,1.1217777729034424,-0.5500425100326538,0.14970320463180542,-0.487155556678772
2914,0.49325528740882874,-1.7994616031646729,-1.2474581003189087,-2.9109671115875244
2915,0.5933071970939636,-0.13081815838813782,0.9256579279899597,1.4383047819137573
2916,-0.028574276715517044,2.411856174468994,-0.2129872888326645,0.5132942795753479
2917,0.16695614159107208,-0.1925954818725586,-0.40035468339920044,1.3191617727279663
2918,0.4119459390640259,0.8779845237731934,0.21483516693115234,0.5012864470481873
2919,-1.8581501245498657,0.3727201223373413,0.39453229308128357,0.8850420713424683
2920,1.1319929361343384,0.3422122299671173,0.9357719421386719,0.23118318617343903
2921,-0.42433544993400574,2.6453988552093506,-0.45482802391052246,0.04989493638277054
2922,-0.08616220951080322,-0.031119942665100098,1.344825029373169,-1.0976272821426392
2923,0.1898103505373001,-0.35512930154800415,0.14179912209510803,0.5430386662483215
2924,-1.5756385326385498,-0.11419444531202316,-0.5142364501953125,1.281029224395752
2925,-0.6461222171783447,-1.4347413778305054,0.7969079613685608,-0.6042107939720154
2926,0.21597307920455933,-1.6881887912750244,0.07239457964897156,-0.6011038422584534
2927,-0.13126200437545776,-0.18218988180160522,-1.455606460571289,2.3927831649780273
2928,0.42628252506256104,0.7604382038116455,1.6022337675094604,1.5634691715240479
2929,0.015248256735503674,1.3720710277557373,-0.8946713805198669,0.2858365476131439
2930,-0.3111337423324585,-0.5609703063964844,0.9955428838729858,-0.343222051858902
2931,0.7126560807228088,-0.626627504825592,0.27268823981285095,-1.6814621686935425
2932,0.03806430846452713,0.30125266313552856,-1.0837770700454712,-1.1960790157318115
2933,1.2341639995574951,-0.8083031177520752,0.6817173957824707,-0.2495516687631607
2934,-0.489162802696228,2.149256467819214,1.2870182991027832,0.4447009563446045
2935,0.9417703747749329,-0.6896592974662781,-0.5169593095779419,0.45131564140319824
2936,-1.1393903493881226,0.7508007287979126,-1.2930865287780762,2.213517189025879
2937,-0.12117837369441986,1.2336490154266357,1.3825268745422363,0.8298673033714294
2938,0.8794909715652466,0.43302851915359497,-1.1193277835845947,1.2782810926437378
2939,-0.06829346716403961,-0.2761818766593933,-0.16750551760196686,-1.2961424589157104
2940,-0.4839535355567932,-0.22410722076892853,-1.773513674736023,0.6702675819396973
2941,-0.7059145569801331,0.31929343938827515,0.07336914539337158,0.5137190818786621
2942,0.5556195378303528,1.1538418531417847,2.199934720993042,0.8546661138534546
2943,-0.04355664551258087,-0.19884644448757172,-0.47301965951919556,0.1047351211309433
2944,0.4128915071487427,-1.048349380493164,-0.14737892150878906,1.2102304697036743
2945,-0.0709397941827774,0.7479954957962036,-2.3747570514678955,0.29836493730545044
2946,-1.3756439685821533,-1.3268980979919434,0.1649647355079651,-0.3038240969181061
2947,0.3420473337173462,-0.11348249763250351,0.14703920483589172,-0.42580512166023254
2948,-0.5541524887084961,1.0322887897491455,0.23225095868110657,1.4220720529556274
2949,0.657823920249939,0.45407652854919434,-0.8540453910827637,-1.5645923614501953
2950,-0.3924359381198883,-0.8211281299591064,0.008817028254270554,0.7959779500961304
2951,-0.7590452432632446,0.5943663120269775,-1.7393627166748047,0.06399351358413696
2952,-1.5014528036117554,-0.1194714605808258,1.9216538667678833,0.21231459081172943
2953,-0.9511783719062805,-0.06999273598194122,0.02623002976179123,-0.7683262228965759
2954,-0.21563732624053955,0.887742280960083,0.7548442482948303,0.5416297912597656
2955,-0.46426597237586975,1.493625521659851,-0.7509545087814331,0.5529071092605591
2956,-0.3726208806037903,-0.21117395162582397,-0.8011806607246399,-2.365234851837158
2957,-0.4097248315811157,0.5634258985519409,0.27434974908828735,-0.5140225887298584
2958,-0.7151298522949219,1.5935754776000977,0.27264338731765747,-0.6662033796310425
2959,0.13761626183986664,1.8708088397979736,-0.6358967423439026,-0.0369863286614418
2960,0.8976196646690369,0.06255130469799042,-0.503896176815033,0.712047815322876
2961,0.6624107360839844,0.3110553026199341,0.08348619192838669,-0.5208113193511963
2962,-1.6054675579071045,-0.5591311454772949,-0.45373255014419556,-0.3172016143798828
2963,-0.5797032713890076,0.4535800814628601,-0.3940463662147522,-0.29214024543762207
2964,-0.3979423940181732,-0.7249443531036377,-0.7403137683868408,0.6058027148246765
2965,-0.9353765845298767,-0.4580998122692108,-1.1719086170196533,1.1056104898452759
2966,0.7273245453834534,-0.26305440068244934,1.0815162658691406,-0.48312073945999146
2967,-0.01991097442805767,0.33407822251319885,-0.5851615071296692,1.319585919380188
2968,0.5103602409362793,0.6269727349281311,-0.6955178380012512,0.062935471534729
2969,0.855256974697113,-1.8111424446105957,-0.26524245738983154,0.31546732783317566
2970,-0.5596010684967041,-0.3981616497039795,0.23786233365535736,-1.4820880889892578
2971,-0.6319800615310669,-0.47695666551589966,-0.21770243346691132,-0.05174316465854645
2972,1.330908179283142,-1.0373631715774536,-0.8147115111351013,-0.4454002380371094
2973,0.3537665009498596,-1.2257241010665894,-0.39501458406448364,0.39754462242126465
2974,0.00990873109549284,1.322070598602295,0.4502723813056946,0.9195230007171631
2975,-0.13677895069122314,-0.47510093450546265,-0.16310925781726837,1.0890806913375854
2976,2.059272050857544,-0.19582095742225647,0.013521220535039902,0.8543416857719421
2977,1.4236500263214111,-0.5844553112983704,-1.1358693838119507,-0.35421547293663025
2978,-2.0516445636749268,1.5052200555801392,-0.27211230993270874,-0.6818165183067322
2979,2.2198212146759033,1.849281668663025,1.7766380310058594,0.7870150804519653
2980,-1.569795846939087,-0.3254346549510956,0.6759182810783386,-0.33424514532089233
2981,0.30979064106941223,0.5554503202438354,-1.525695562362671,1.0086147785186768
2982,-0.03326404094696045,0.28681379556655884,0.5872399806976318,0.30049532651901245
2983,0.745319664478302,-0.5958888530731201,-2.2985029220581055,-1.010642170906067
2984,0.5984179377555847,-1.269353985786438,-0.8646848201751709,-0.7487360239028931
2985,0.6437440514564514,0.5515121221542358,-0.48319685459136963,-0.2578166127204895
2986,-0.1070343479514122,0.11486636102199554,1.0055395364761353,0.7195438742637634
2987,0.7041754722595215,1.4975919723510742,-0.3121185898780823,-1.4556670188903809
2988,0.512688398361206,0.10646029561758041,-0.22710248827934265,-1.1355105638504028
2989,-0.058992188423871994,-0.773414671421051,-2.816009044647217,-1.735479712486267
2990,0.9551747441291809,0.7858320474624634,1.2410701513290405,-1.583406686782837
2991,-3.2623820304870605,-0.12086203694343567,0.9658567905426025,-0.8242673873901367
2992,0.4195576012134552,0.47911036014556885,-1.8420963287353516,0.6201255917549133
2993,-0.08376884460449219,1.1706275939941406,0.16079053282737732,0.41405898332595825
2994,-0.3190114498138428,-0.017520710825920105,0.7220925092697144,-1.883840560913086
2995,-0.8785334229469299,0.23314619064331055,0.6140434145927429,-0.6728479266166687
2996,-0.5598443746566772,0.5004834532737732,1.2498488426208496,0.8903557658195496
2997,0.6244298219680786,-1.0937130451202393,0.04317253455519676,2.3301525115966797
2998,0.5381168723106384,-1.9152621030807495,2.2380027770996094,0.9996445178985596
2999,0.04597802460193634,-0.9118375778198242,-0.8121210336685181,-1.5246244668960571
3000,-0.8221068978309631,-0.4019274115562439,0.6121089458465576,-0.2936840057373047
3001,0.16902443766593933,0.052411846816539764,-0.02560856193304062,1.7690786123275757
3002,0.9558394551277161,-0.7427302002906799,-0.28057554364204407,-0.75783371925354
3003,-0.44118034839630127,1.2828328609466553,0.7357462048530579,0.40022745728492737
3004,-1.571536898612976,1.346798062324524,0.021915892139077187,1.2997804880142212
3005,0.4828032851219177,-1.2198283672332764,1.210292100906372,0.9202655553817749
3006,0.6323485970497131,0.9461733102798462,0.08048280328512192,1.2596148252487183
3007,0.05201074853539467,-0.7141311168670654,2.0613479614257812,-2.4511125087738037
3008,-1.2191979885101318,1.1615808010101318,0.6721251010894775,1.5543581247329712
3009,-0.2766549587249756,0.5019858479499817,-2.102957248687744,-1.0548019409179688
3010,0.38612356781959534,-0.1520083248615265,-0.2014169991016388,3.1632604598999023
3011,0.6488204002380371,0.18365898728370667,0.6337709426879883,1.4636220932006836
3012,0.21398775279521942,-0.5060867667198181,0.48605939745903015,0.3115793466567993
3013,0.20825964212417603,0.41999995708465576,0.13045170903205872,1.1508479118347168
3014,1.5696297883987427,2.075169563293457,0.5355699062347412,0.3059276044368744
3015,-0.7955397367477417,0.9072595238685608,0.7117590308189392,0.7077847719192505
3016,-1.5058865547180176,-1.500676155090332,-1.0970841646194458,-0.03875766322016716
3017,0.8598057627677917,-1.1572624444961548,-0.5597672462463379,0.9527557492256165
3018,-0.9515378475189209,0.6258788108825684,-0.4662545621395111,-0.5129615664482117
3019,-0.34033384919166565,1.1537895202636719,0.7510056495666504,-0.3491344451904297
3020,1.0312557220458984,-0.5650267004966736,0.10988309234380722,0.9014217853546143
3021,-0.07273121178150177,2.155871629714966,-0.4012979567050934,-1.7068473100662231
3022,0.04600122570991516,0.7377014756202698,-0.4272373616695404,0.812960684299469
3023,1.0041041374206543,0.7134181261062622,-0.451471745967865,0.7289249897003174
3024,0.22264288365840912,-1.170112133026123,0.32507777214050293,0.12653157114982605
3025,0.5884267091751099,-0.5673035979270935,0.4238319396972656,1.5475941896438599
3026,0.006253116298466921,2.014810085296631,-0.14930248260498047,0.4820428192615509
3027,0.5813108086585999,1.8774147033691406,-0.9139582514762878,-0.5002954006195068
3028,0.2638186812400818,-1.2436282634735107,0.8088040351867676,-0.7010055184364319
3029,0.13819991052150726,-1.0291409492492676,-0.5033032894134521,1.4332588911056519
3030,-0.8026838302612305,0.7569069862365723,0.12397978454828262,-0.1486680507659912
3031,-0.4368314743041992,1.7005192041397095,-0.4071362316608429,0.023880183696746826
3032,-0.3557147979736328,-0.6745312213897705,0.6527319550514221,-0.6293184161186218
3033,1.2202308177947998,-0.1796199232339859,0.6668379902839661,0.1357683539390564
3034,-2.703970193862915,0.06350983679294586,-0.0843188613653183,1.5742108821868896
3035,0.41700273752212524,1.378159523010254,-1.358821153640747,-0.23893322050571442
3036,-0.9383288025856018,0.4440235197544098,-0.8547301888465881,-0.7069254517555237
3037,-0.2654496729373932,0.3044322729110718,-0.01662500575184822,-0.8367027640342712
3038,-0.18564926087856293,-0.7559007406234741,0.04635072499513626,-0.8792945146560669
3039,-0.12495040893554688,1.1971735954284668,-0.6609941124916077,-1.8459479808807373
3040,-1.0310499668121338,1.5063731670379639,-2.406198024749756,-1.4016709327697754
3041,1.1497750282287598,0.8607460260391235,-0.6099081039428711,-0.09003772586584091
3042,-0.3966151475906372,1.69856858253479,-0.044683728367090225,-0.473129004240036
3043,1.119917631149292,-0.9401565194129944,0.004972007125616074,-0.04726892709732056
3044,0.8063937425613403,-0.8097848892211914,0.020739534869790077,0.1181199848651886
3045,-0.08169214427471161,-2.0075039863586426,1.6178029775619507,-0.005063395947217941
3046,-0.902559757232666,0.27966707944869995,-0.35505998134613037,0.011927705258131027
3047,-0.1322350949048996,0.1961706578731537,0.9965909719467163,-0.07858989387750626
3048,0.0956556499004364,-0.14068423211574554,0.6300473809242249,0.09208542108535767
3049,1.496946096420288,0.11486398428678513,0.7961133122444153,-0.904629647731781
3050,-0.4323573410511017,0.786546528339386,0.3974885642528534,0.6147857904434204
3051,0.3515782952308655,-0.050325892865657806,1.1616724729537964,-0.005655752494931221
3052,0.28578001260757446,-0.05943337827920914,-1.5083487033843994,-1.4464256763458252
3053,-0.21731601655483246,0.6557604670524597,-0.7337141036987305,0.911066472530365
3054,-1.454111933708191,1.041885495185852,0.057155098766088486,-0.6708446145057678
3055,0.17419621348381042,-0.7275665998458862,-0.6718603372573853,-1.950407862663269
3056,0.2222478985786438,-0.9056958556175232,-0.2692519426345825,0.3526231050491333
3057,0.5816766023635864,-0.4721633195877075,-0.7444445490837097,1.0375511646270752
3058,0.150984525680542,0.07854406535625458,0.845262885093689,1.1138032674789429
3059,-0.28730013966560364,0.8341580033302307,-1.100393533706665,-1.1933269500732422
3060,0.2751140296459198,1.7585177421569824,0.71913081407547,-0.08156643807888031
3061,0.3803092837333679,-0.4136951267719269,-0.08153623342514038,0.44310271739959717
3062,1.2486873865127563,0.45168760418891907,2.1716558933258057,-0.310965895652771
3063,0.7498928904533386,0.573790967464447,-0.537525475025177,1.355508804321289
3064,0.01293402723968029,1.4966788291931152,0.7241096496582031,0.8043003082275391
3065,0.5870170593261719,0.9178739786148071,-0.42208901047706604,0.4400862455368042
3066,-0.08455105125904083,1.0781323909759521,0.0265083946287632,2.711785078048706
3067,-0.2510210871696472,0.12266302108764648,-1.09133780002594,-0.5907607078552246
3068,-0.12428778409957886,1.0730037689208984,0.9289981126785278,2.1081924438476562
3069,0.8818422555923462,-0.2091761976480484,-0.8886495232582092,-2.5078415870666504
3070,-1.2113488912582397,0.35036328434944153,0.23619559407234192,-1.1697533130645752
3071,-2.2188239097595215,0.4063662886619568,2.002209186553955,1.1960670948028564
3072,0.1675136536359787,-1.954879879951477,0.4150993525981903,1.6319829225540161
3073,-0.13144351541996002,-0.1018592119216919,1.6061384677886963,-0.30718904733657837
3074,-0.9852531552314758,0.18384043872356415,0.4839450418949127,-0.32561710476875305
3075,-0.40555626153945923,-1.1042237281799316,1.151792287826538,-0.7014537453651428
3076,-1.5605663061141968,-0.3397641181945801,-1.3451951742172241,1.2122480869293213
3077,0.5742273926734924,-0.4622237980365753,1.5255874395370483,-0.5116914510726929
3078,0.4747631847858429,-0.0017678029835224152,-0.5249590873718262,0.6661446690559387
3079,0.7262192964553833,0.2872592508792877,-0.25550925731658936,-0.32891643047332764
3080,0.08373136073350906,-0.8411862850189209,1.147796392440796,0.4511607587337494
3081,-2.0015058517456055,0.22778327763080597,0.6228988170623779,1.1847113370895386
3082,-0.5495280623435974,-0.8735175728797913,2.1136529445648193,1.1711302995681763
3083,0.4160606265068054,0.38288313150405884,0.4894527494907379,-0.08410802483558655
3084,1.064813494682312,1.961438536643982,-1.1721129417419434,1.1857261657714844
3085,0.13605421781539917,0.6140646934509277,1.4380658864974976,1.383055329322815
3086,-0.4450567662715912,0.7481836080551147,0.4409137964248657,-0.9231179356575012
3087,-0.8975145816802979,1.3362066745758057,-1.0376312732696533,1.179066777229309
3088,0.5845919847488403,-2.4074854850769043,-0.2540021538734436,2.264103651046753
3089,0.16077342629432678,-0.7273536920547485,1.3528594970703125,0.06311631202697754
3090,0.07888120412826538,1.1389673948287964,-0.9225100874900818,-0.3117450773715973
3091,0.0035423636436462402,2.200859308242798,2.1518003940582275,-0.3650137484073639
3092,-0.4008789658546448,-0.8211773633956909,0.1518714874982834,0.3335375487804413
3093,0.6028411388397217,0.8323277235031128,-0.9848976135253906,0.5453736782073975
3094,1.0243253707885742,1.2504464387893677,0.04774945601820946,2.468581199645996
3095,1.285457968711853,0.36203745007514954,-1.2007622718811035,0.7472288012504578
3096,-1.0307488441467285,-0.07954847067594528,1.0517957210540771,-1.1314617395401
3097,0.7453662157058716,0.8352307081222534,0.1564483642578125,-0.09434836357831955
3098,-0.7094371914863586,-1.0469207763671875,0.4639144241809845,2.1716015338897705
3099,-1.0964680910110474,-0.21647360920906067,0.23296807706356049,-0.6756505966186523
3100,-0.2207702398300171,-0.9151809811592102,1.292675495147705,0.9294336438179016
3101,0.20774120092391968,0.48531681299209595,-0.1669299602508545,1.043803095817566
3102,1.12235426902771,0.36931151151657104,-0.38194984197616577,-0.13844947516918182
3103,-1.1430243253707886,1.2344225645065308,-0.34545111656188965,0.5188608765602112
3104,1.142246961593628,-0.40375766158103943,-0.3648194372653961,-1.6072988510131836
3105,1.0656975507736206,1.0608677864074707,-2.6212337017059326,0.2785632610321045
3106,0.7238811254501343,-0.6294540762901306,0.022310882806777954,0.15209351480007172
3107,1.038314700126648,-0.27801018953323364,-0.15954804420471191,-1.0480214357376099
3108,-0.1426188051700592,0.214542955160141,0.6639676094055176,-0.43865931034088135
3109,-1.7664014101028442,0.14662203192710876,1.8467881679534912,-0.8661912679672241
3110,-0.7707503437995911,1.1237480640411377,-0.697127640247345,-1.728720784187317
3111,-0.9433525204658508,0.7160537838935852,-0.17369014024734497,-0.07279495894908905
3112,-0.2662893533706665,0.6404495239257812,0.16259434819221497,1.3272013664245605
3113,0.5923906564712524,0.0967642217874527,2.2645652294158936,0.28754884004592896
3114,-0.15187126398086548,1.5134543180465698,0.5776667594909668,0.31023943424224854
3115,-0.40515047311782837,-1.1212563514709473,1.165160059928894,0.51791912317276
3116,0.1498974710702896,-0.8427135348320007,0.7070502042770386,0.6450093984603882
3117,0.5782178640365601,1.418354868888855,0.5160893797874451,1.7673487663269043
3118,0.4850218594074249,1.0088913440704346,0.04357944056391716,1.1689319610595703
3119,-0.7087385654449463,-0.0941469669342041,-0.19896361231803894,0.7847416400909424
3120,1.3856719732284546,-1.1477396488189697,-1.4262639284133911,0.521913468837738
3121,-0.2535959482192993,0.8036009073257446,1.1686675548553467,-1.5471913814544678
3122,0.3014414608478546,1.3668394088745117,-0.007280297577381134,-0.023638593032956123
3123,-0.09381984174251556,-0.7286936044692993,-0.4139227569103241,0.842841625213623
3124,0.8622168898582458,0.7630884051322937,0.8848755359649658,2.0350611209869385
3125,1.6727590560913086,0.48505768179893494,1.1018476486206055,0.5364601612091064
3126,0.2478201538324356,0.5003412961959839,-0.6927283406257629,-0.8411388397216797
3127,1.094600796699524,-0.669175922870636,-1.0490621328353882,-0.30097466707229614
3128,0.0003423839807510376,0.533760130405426,1.554182529449463,0.46216878294944763
3129,0.34135952591896057,1.3230277299880981,-0.017122644931077957,0.8342033624649048
3130,2.5523486137390137,0.18902617692947388,-0.3895567059516907,-0.6946187615394592
3131,0.18986062705516815,1.0895329713821411,0.9818122982978821,0.10203279554843903
3132,0.15301817655563354,0.44937917590141296,1.0307776927947998,-0.009235244244337082
3133,-1.5013285875320435,-0.4488834738731384,0.8206586241722107,2.1787753105163574
3134,0.047534964978694916,0.37794333696365356,1.5594103336334229,1.608689546585083
3135,0.12098807096481323,0.4078066945075989,-0.7330882549285889,2.554184913635254
3136,-1.3607823848724365,-0.37475866079330444,0.45961031317710876,-3.206056833267212
3137,1.5351158380508423,0.4482575058937073,1.0506887435913086,0.06228920817375183
3138,-1.308091640472412,-3.0854313373565674,-1.449682354927063,1.56187105178833
3139,-0.3539828956127167,1.6188502311706543,-1.5388740301132202,0.12850025296211243
3140,0.4312741160392761,1.1175146102905273,0.42186349630355835,0.1099090725183487
3141,-1.0185638666152954,-0.6714795231819153,-0.18989145755767822,0.4595991373062134
3142,2.592055082321167,0.4743664562702179,-0.2286091446876526,-1.0210996866226196
3143,-0.8718454837799072,0.09375255554914474,0.10085760802030563,-1.1743748188018799
3144,-1.9431636333465576,0.649544894695282,1.4273697137832642,1.055998682975769
3145,-0.9820114970207214,0.4365983307361603,-0.7715222239494324,-1.0537477731704712
3146,1.5377644300460815,0.016065314412117004,-0.2254132777452469,-0.10619832575321198
3147,0.07480460405349731,-2.1542258262634277,1.3585129976272583,0.05073164775967598
3148,0.8827686309814453,1.0743169784545898,-1.7444212436676025,1.7129000425338745
3149,-0.7101650238037109,-1.423122763633728,0.9274344444274902,-0.4517720341682434
3150,0.5662304759025574,0.2466389238834381,0.601858913898468,-0.33120638132095337
3151,0.1461002379655838,-0.6017271280288696,-0.5538809895515442,1.1463388204574585
3152,-0.8331592082977295,0.9351595044136047,0.5306525826454163,1.622277855873108
3153,-0.17313453555107117,0.9024335145950317,0.3688896894454956,0.23379603028297424
3154,0.13032634556293488,0.9589194655418396,0.5692777037620544,0.5863264203071594
3155,0.4614832103252411,1.0162560939788818,2.6403446197509766,2.673283338546753
3156,0.18022948503494263,0.69991534948349,0.22486908733844757,-0.993733286857605
3157,0.3814677596092224,-0.27205976843833923,-1.2383902072906494,1.7645388841629028
3158,0.42260801792144775,-0.6373220086097717,-2.04913330078125,0.1699928343296051
3159,1.4659817218780518,0.6312643885612488,0.19226813316345215,-0.02437654696404934
3160,-1.712167739868164,1.0482349395751953,1.0152827501296997,-1.027012586593628
3161,0.1752423644065857,-0.47207656502723694,-0.18470323085784912,-1.1245979070663452
3162,1.381577491760254,-0.9985476732254028,0.04180477187037468,0.6105772256851196
3163,-0.020092561841011047,-1.4519366025924683,-0.6827549934387207,-1.5371685028076172
3164,0.26224231719970703,-1.126342535018921,2.4151692390441895,-1.33638334274292
3165,1.70906400680542,0.7960929870605469,-1.0948362350463867,-0.8117226958274841
3166,0.1134348139166832,0.8924379348754883,-0.10114625096321106,-0.19013728201389313
3167,-0.08832374215126038,0.3536905348300934,-0.9615200161933899,-0.09389212727546692
3168,1.2406318187713623,-0.786602795124054,-1.000676155090332,0.6948296427726746
3169,1.6832671165466309,0.787093997001648,-0.36763644218444824,-2.5545108318328857
3170,0.021467722952365875,-0.5192206501960754,0.5621416568756104,0.5491985082626343
3171,0.21620702743530273,-0.7580226063728333,-0.9404774904251099,1.1361116170883179
3172,1.3199058771133423,0.46020495891571045,-0.15685966610908508,-0.613706111907959
3173,0.22630318999290466,-1.4107933044433594,1.4419867992401123,-2.6371145248413086
3174,-1.7247854471206665,0.15874119102954865,-1.3482950925827026,-0.8940714597702026
3175,0.025808440521359444,-0.2032754272222519,-0.9932156205177307,-1.6272377967834473
3176,-1.1519651412963867,0.7007487416267395,1.7668043375015259,0.025590110570192337
3177,-0.45694175362586975,1.1143810749053955,-0.45961302518844604,-0.1052570566534996
3178,-0.23362484574317932,-0.2104581594467163,-0.771938681602478,-0.1165207251906395
3179,1.8672254085540771,1.3446961641311646,-0.2918056547641754,1.380097508430481
3180,-0.08212744444608688,1.9262807369232178,-0.8749722838401794,-0.42037278413772583
3181,-1.874670386314392,-0.40585264563560486,1.529119849205017,-0.9205746054649353
3182,-0.8655470609664917,0.9823923110961914,-1.794898509979248,-1.2448887825012207
3183,0.29015007615089417,-0.5300201177597046,0.2733149528503418,-0.08642302453517914
3184,0.24009716510772705,0.3383989930152893,2.0577824115753174,-0.1917249709367752
3185,1.079908013343811,0.2954976558685303,0.35165858268737793,-2.0064127445220947
3186,0.7589990496635437,-0.08406274020671844,-0.4236273169517517,-0.5619899034500122
3187,-0.18536564707756042,0.5388494729995728,-0.057727113366127014,0.7070585489273071
3188,-0.29973092675209045,-0.9565330743789673,-0.7329400181770325,-2.871478796005249
3189,-1.4233238697052002,-0.764988899230957,-1.4704453945159912,-0.1431942731142044
3190,-0.9566853642463684,-1.2158478498458862,-0.708384096622467,-1.8275699615478516
3191,-2.991266965866089,-1.2542692422866821,0.3488534092903137,-0.09351061284542084
3192,-1.419740915298462,-0.9415355324745178,-0.06812449544668198,-1.699385643005371
3193,0.24815596640110016,-0.18213441967964172,0.18036112189292908,-0.8098123669624329
3194,-0.5163449048995972,-0.31594645977020264,-0.2219744324684143,0.9559443593025208
3195,-0.5305800437927246,-1.104524850845337,-0.6316990256309509,2.2150022983551025
3196,0.5011159181594849,0.13875508308410645,1.0695961713790894,-0.6297451853752136
3197,-0.050325311720371246,-0.5356172919273376,1.9805611371994019,-0.25617021322250366
3198,-0.31043243408203125,-1.2637414932250977,0.26573675870895386,-1.220381736755371
3199,-0.5702996850013733,1.0686447620391846,0.5375025272369385,-0.06957963854074478
3200,0.882537305355072,1.072812795639038,-0.4665195643901825,-0.0070195309817790985
3201,-1.0718694925308228,-0.2498440444469452,0.145564466714859,0.3684433698654175
3202,1.232239007949829,0.02937517687678337,-1.9066499471664429,1.5951050519943237
3203,-0.09897048771381378,-1.186833381652832,-0.3602876365184784,-0.19017085433006287
3204,-0.32266736030578613,-1.378154993057251,1.0605802536010742,0.9610334634780884
3205,1.8421058654785156,-0.6391296982765198,-0.731340229511261,-1.2004989385604858
3206,0.048739466816186905,0.05261145532131195,-0.6967584490776062,0.5238178372383118
3207,0.5526084303855896,-0.44959861040115356,0.07107982039451599,0.47774258255958557
3208,0.32745444774627686,-0.1212487667798996,-1.2464687824249268,0.14668898284435272
3209,-0.026425326243042946,0.3237319588661194,2.338541269302368,0.10853751748800278
3210,0.3586161434650421,-0.04376247525215149,-0.7316967248916626,0.060916539281606674
3211,2.08388614654541,-0.4943963885307312,0.12408284842967987,0.29496270418167114
3212,-0.17227976024150848,0.2245035022497177,-0.389631986618042,0.05821866914629936
3213,-0.10951636731624603,2.349473237991333,1.2938002347946167,-0.39592406153678894
3214,1.5750545263290405,1.1202805042266846,-2.30426025390625,1.043392300605774
3215,-0.3820746839046478,1.4855282306671143,-0.07410979270935059,2.194356679916382
3216,-0.5884480476379395,-0.9136412143707275,1.0652992725372314,0.22446703910827637
3217,-0.7035490870475769,3.065256118774414,0.8934311866760254,0.07637766003608704
3218,-1.1934783458709717,-0.9517598152160645,-1.1650390625,-0.6422561407089233
3219,-0.5390946865081787,-1.6507593393325806,2.2890584468841553,0.9512021541595459
3220,-0.19303075969219208,0.6985694169998169,-1.0382044315338135,-0.6912543177604675
3221,0.27284377813339233,0.7208380103111267,-1.6253572702407837,0.07678811252117157
3222,-0.37395432591438293,0.6915906667709351,-0.8234724998474121,1.15963613986969
3223,0.46913832426071167,-0.9021069407463074,-2.756511926651001,-0.21994496881961823
3224,-0.5051797032356262,0.7169301509857178,0.1653744876384735,0.1805945336818695
3225,1.366288185119629,-0.8081474900245667,0.2731480896472931,-0.1924329549074173
3226,0.22780168056488037,0.4650871157646179,-0.4270513355731964,0.7853485345840454
3227,-0.2615474760532379,-0.5125641226768494,0.3472236692905426,-0.10729299485683441
3228,0.8546642661094666,-0.8277513980865479,-1.0761923789978027,-0.4687977731227875
3229,-0.8703831434249878,1.094284176826477,-2.419140577316284,-0.8288089036941528
3230,1.984178900718689,2.2003366947174072,1.4066821336746216,0.3329389691352844
3231,0.7794094085693359,-1.5883256196975708,0.12316691875457764,0.8561140298843384
3232,0.15719249844551086,-0.9222297668457031,1.768627405166626,0.5594508647918701
3233,-1.0395750999450684,-0.43116945028305054,0.2924755811691284,0.40124380588531494
3234,-1.7111402750015259,-1.7161734104156494,0.34367501735687256,0.5200815200805664
3235,0.8608072996139526,1.4316742420196533,0.9984340667724609,0.8670411109924316
3236,-0.6506233811378479,0.03484438732266426,0.08343210816383362,0.8913883566856384
3237,0.21655191481113434,0.1386735588312149,1.0008341073989868,-2.828197479248047
3238,0.6568382382392883,-1.729498267173767,-1.9879292249679565,-0.4362758994102478
3239,1.7616500854492188,0.5283783674240112,-0.6833779215812683,0.019941706210374832
3240,-1.4191279411315918,0.26398682594299316,-0.9699859023094177,0.45664429664611816
3241,1.0104438066482544,1.8296703100204468,0.8160223364830017,0.444694846868515
3242,2.1241037845611572,-0.17384029924869537,0.022642560303211212,1.3578948974609375
3243,0.21347197890281677,1.3538051843643188,-1.5370806455612183,0.04454382136464119
3244,1.3805832862854004,-0.7606757879257202,-0.5719650387763977,0.26698705554008484
3245,-0.09766098856925964,-0.7219110727310181,2.112637758255005,-0.10218209028244019
3246,2.35851788520813,2.4667413234710693,-0.22745175659656525,0.47796350717544556
3247,0.6390877366065979,0.013709012418985367,0.1345808506011963,0.26450875401496887
3248,-0.3037191927433014,-0.49535897374153137,-0.9295792579650879,0.552306056022644
3249,0.3881368041038513,0.4441167116165161,0.2890663743019104,-0.6485670208930969
3250,0.02143031731247902,1.0660688877105713,0.9970964789390564,-0.41439229249954224
3251,0.05788791552186012,0.20657722651958466,1.0718657970428467,0.0326298251748085
3252,-0.2567538917064667,1.3529276847839355,0.5329143404960632,-1.5322564840316772
3253,1.0233888626098633,0.472595751285553,0.8460741639137268,0.9980611801147461
3254,-1.123478889465332,-0.6076780557632446,-0.5527763962745667,0.24011871218681335
3255,-0.062092047184705734,-0.8709356188774109,1.5161936283111572,-0.69010329246521
3256,-0.5969491600990295,0.5538314580917358,-0.3665923774242401,-0.9899389147758484
3257,0.8789501190185547,-1.004160761833191,-0.18021604418754578,1.467194676399231
3258,-2.0257277488708496,0.4400692880153656,-0.29866769909858704,-0.5647208094596863
3259,0.3297536075115204,0.22947609424591064,-0.8218351006507874,0.4213895797729492
3260,2.956758499145508,1.1507928371429443,-1.877722144126892,-3.0454437732696533
3261,0.8648158311843872,0.1475479006767273,1.2633196115493774,-0.5581328272819519
3262,0.9923201203346252,0.516173243522644,-0.12813898921012878,1.109609603881836
3263,1.4421449899673462,-0.7352063059806824,2.1574935913085938,-0.6580890417098999
3264,2.3213300704956055,-0.730023980140686,0.5720963478088379,-0.11811541020870209
3265,0.8721988797187805,-0.5177590847015381,-0.09341707080602646,-1.2084287405014038
3266,0.2871705889701843,1.1784495115280151,-0.472283273935318,1.0505229234695435
3267,-0.0021163541823625565,-0.3920018970966339,1.8025765419006348,-0.609234094619751
3268,1.0887880325317383,1.0763099193572998,1.264961838722229,-0.612970232963562
3269,-0.9144688248634338,0.495993971824646,1.9267041683197021,0.6416009664535522
3270,1.0745633840560913,-0.9622625112533569,0.045709628611803055,-0.08962637186050415
3271,-0.1041504442691803,-1.0426286458969116,-2.1165084838867188,1.6250814199447632
3272,1.3209788799285889,1.0189061164855957,0.3181445598602295,0.6823373436927795
3273,0.9883133769035339,-1.1930482387542725,-2.1160452365875244,0.7359846830368042
3274,-1.0239580869674683,-0.7733092308044434,2.2403788566589355,-0.8081569671630859
3275,-0.4436926543712616,1.244030475616455,0.839601993560791,-0.2657633125782013
3276,-0.601568341255188,-1.7322112321853638,-0.5516906380653381,-1.2690938711166382
3277,0.20342129468917847,0.7250010371208191,0.35781794786453247,-1.7581286430358887
3278,-0.8506608605384827,1.4677096605300903,1.6564722061157227,-0.5104563236236572
3279,-0.4048897325992584,1.2815381288528442,-0.6227871179580688,0.33059969544410706
3280,0.3950921297073364,-0.9079276919364929,1.5753260850906372,0.543541431427002
3281,0.1999386101961136,0.2927810549736023,-0.4220580458641052,0.5157800912857056
3282,1.2238832712173462,-0.06866858154535294,0.07986792922019958,1.2566317319869995
3283,0.49999335408210754,-0.16775734722614288,-0.6049109101295471,-0.15468847751617432
3284,1.0103784799575806,-1.1026513576507568,0.5469013452529907,0.6157031059265137
3285,0.3760903477668762,0.897891104221344,-0.048003580421209335,-0.5035014748573303
3286,-0.9486222267150879,0.31950852274894714,-0.7531028389930725,-0.04046671465039253
3287,0.042420998215675354,0.2397068440914154,-2.256218194961548,0.7631698250770569
3288,-0.4737514853477478,1.9250829219818115,1.1069514751434326,0.418494313955307
3289,1.3252344131469727,1.2242491245269775,0.49171143770217896,-0.8439022302627563
3290,0.48673269152641296,-1.252329707145691,0.8956407308578491,2.8149874210357666
3291,-1.8008842468261719,-0.2749597430229187,1.4759219884872437,-0.8976222276687622
3292,1.253448247909546,-0.12408393621444702,-0.48152869939804077,0.11883054673671722
3293,-0.5291585326194763,-0.7087196111679077,-0.3289097845554352,-0.7196425795555115
3294,0.2987871766090393,-0.8864826560020447,-0.7772267460823059,-0.9394834041595459
3295,-1.380053162574768,-0.2148134410381317,0.10114738345146179,0.13962064683437347
3296,1.787463903427124,0.17131249606609344,0.9682685136795044,-0.47683319449424744
3297,0.14676661789417267,1.3147069215774536,0.6094310879707336,-0.6619139909744263
3298,0.4092514216899872,0.31034621596336365,0.10712751746177673,-1.5826632976531982
3299,-0.9713659882545471,-1.320840835571289,0.4374226927757263,-1.3969719409942627
3300,-1.6256283521652222,-0.6607287526130676,-0.7357866168022156,-1.393795371055603
3301,-1.4980520009994507,1.418148398399353,0.8519140481948853,-0.23863191902637482
3302,-0.31579723954200745,0.9131273031234741,0.7709777355194092,-0.019224176183342934
3303,0.8518697023391724,-0.5166704058647156,1.2332193851470947,-0.9569553136825562
3304,0.320072740316391,1.3953442573547363,-0.2612497806549072,-0.35230305790901184
3305,-1.9487578868865967,-0.8238317966461182,0.4355050325393677,-1.221821665763855
3306,-2.1384847164154053,0.22930577397346497,-0.6637024283409119,-1.077117919921875
3307,0.3511863052845001,-0.7252498865127563,1.0444191694259644,-0.4576009213924408
3308,1.8287941217422485,1.0848711729049683,-1.3564168214797974,-1.1249110698699951
3309,1.3678852319717407,1.5314213037490845,-0.1536235213279724,-1.0020813941955566
3310,-0.1564304530620575,0.35892441868782043,0.19667820632457733,0.6038047671318054
3311,-0.16678322851657867,-0.7656625509262085,-1.5476330518722534,-0.6956921815872192
3312,-1.1644408702850342,-0.1353091150522232,-1.245668649673462,-1.5948976278305054
3313,1.7624672651290894,-0.3126438856124878,-1.798164963722229,1.1596364974975586
3314,-0.3953344225883484,-0.18537139892578125,-0.6617382168769836,1.5290286540985107
3315,0.45829543471336365,-0.5261842608451843,0.15926189720630646,-0.09206350147724152
3316,-1.3249037265777588,1.550852656364441,0.644784688949585,-0.8674179315567017
3317,0.0058015016838908195,0.3691585659980774,1.47038733959198,2.5253336429595947
3318,0.10087677836418152,1.0519115924835205,-0.45181113481521606,0.27400699257850647
3319,1.3278344869613647,-0.607872724533081,-0.8238233923912048,-1.6676726341247559
3320,1.4457974433898926,0.3649301826953888,0.26801395416259766,0.5017812252044678
3321,0.09256394952535629,0.018877383321523666,0.11875636875629425,0.11748938262462616
3322,0.5515516400337219,-1.4163851737976074,-0.0003183707594871521,1.966971755027771
3323,0.49061036109924316,-0.8053562641143799,-3.11385178565979,-0.14860764145851135
3324,-1.427258849143982,-0.4472535252571106,-0.5334233045578003,-0.7582529187202454
3325,-0.04716445505619049,-0.9158917665481567,0.07718130201101303,-0.6830742955207825
3326,-1.0187548398971558,-0.3062458634376526,-0.954422652721405,-1.332897424697876
3327,0.6783081889152527,0.4900009334087372,-1.454274296760559,1.3714947700500488
3328,1.3547354936599731,0.05908700078725815,-1.7829593420028687,1.0564903020858765
3329,-1.1885452270507812,0.4551176130771637,-1.686585783958435,-0.7956444621086121
3330,0.4481250047683716,-1.404252529144287,-0.6396046280860901,-1.391173005104065
3331,-0.34805917739868164,0.7249076962471008,1.0667859315872192,-0.0325254388153553
3332,-0.1827288419008255,2.7823410034179688,-2.5088794231414795,0.22383694350719452
3333,1.1205166578292847,0.7473797798156738,-0.09070548415184021,-1.0278056859970093
3334,-0.8367125988006592,-0.363018274307251,0.1524346023797989,1.0482581853866577
3335,0.8543638586997986,1.4291554689407349,0.6398261785507202,-0.5812522172927856
3336,-0.5138967037200928,0.21908985078334808,-1.4142125844955444,0.28713589906692505
3337,-1.3746654987335205,-0.656972348690033,-0.5119476318359375,2.7170629501342773
3338,0.033086147159338,-0.5168797969818115,0.25317519903182983,0.28167739510536194
3339,-2.621323823928833,1.4900048971176147,-1.3933886289596558,-0.7101782560348511
3340,-0.9169655442237854,-0.2573893666267395,-0.26462602615356445,1.9635404348373413
3341,-0.43107300996780396,-0.7947466373443604,2.2938430309295654,0.9180933833122253
3342,0.9619749188423157,-1.0530006885528564,0.16679736971855164,0.15301969647407532
3343,0.5533877611160278,-0.7661879062652588,-1.1417289972305298,0.19898857176303864
3344,-1.354306697845459,-1.2294692993164062,-0.7316758036613464,0.1940983235836029
3345,2.1942243576049805,-0.16379493474960327,0.11227351427078247,0.983729362487793
3346,0.6088716387748718,0.5597510933876038,0.6191657781600952,0.7827935814857483
3347,1.9129505157470703,1.0824382305145264,-0.22947369515895844,-1.636708378791809
3348,-0.08570988476276398,-2.9986214637756348,-1.3964600563049316,-0.5602013468742371
3349,1.0488474369049072,-0.9443815350532532,-0.5187721252441406,1.096039056777954
3350,-0.7679218053817749,0.2236713469028473,-1.6624786853790283,1.4340637922286987
3351,-0.0765722393989563,0.4857048988342285,1.3711249828338623,-0.3811393082141876
3352,2.1358046531677246,-0.3458344340324402,0.01758682355284691,-2.8600873947143555
3353,1.8834964036941528,-0.4039422869682312,1.3292276859283447,0.8884674310684204
3354,0.44135844707489014,-1.221751093864441,-0.1824125200510025,0.8907331228256226
3355,-0.7720299959182739,0.2171166092157364,1.8989567756652832,-2.0349977016448975
3356,-0.927266001701355,1.2355226278305054,0.9990860223770142,0.2433719038963318
3357,-0.06707088649272919,0.8517386317253113,1.2329734563827515,-0.5520168542861938
3358,-0.8935499787330627,0.1665365993976593,-0.49888578057289124,-1.5478429794311523
3359,-0.3493371903896332,2.1792690753936768,-0.16653630137443542,0.4795787036418915
3360,-2.684528112411499,0.46167993545532227,0.907276451587677,-0.3550267517566681
3361,2.225917339324951,-0.3421131670475006,0.26409995555877686,-0.11336801946163177
3362,-0.39558544754981995,-1.0792702436447144,-2.7981975078582764,-0.31518280506134033
3363,-0.3273971378803253,-0.9877299070358276,0.9269589781761169,-1.5908347368240356
3364,0.19756394624710083,0.987528383731842,-0.19594942033290863,-0.16984598338603973
3365,-0.823403537273407,0.7997048497200012,-0.9411230683326721,1.2332029342651367
3366,-1.2577954530715942,0.7352740168571472,1.376569151878357,-1.0492771863937378
3367,-1.1514347791671753,0.9739874601364136,-0.341901957988739,0.9483231902122498
3368,-0.4928703010082245,1.8208810091018677,-0.5826625823974609,-0.7352349162101746
3369,-1.143469214439392,0.6125916838645935,-0.2693297863006592,-0.7915137410163879
3370,-0.366147518157959,1.351876974105835,-1.2307571172714233,1.9648064374923706
3371,-1.5354344844818115,0.11830903589725494,0.4965539574623108,-1.167409896850586
3372,-0.51851487159729,0.14060339331626892,-0.7424208521842957,-1.4065440893173218
3373,0.917517900466919,1.0029772520065308,1.1177552938461304,0.5570039749145508
3374,-1.7558128833770752,1.4337043762207031,-0.1193520724773407,0.2770306468009949
3375,1.0216236114501953,-1.1489484310150146,0.29106074571609497,0.05438145622611046
3376,-0.7317346930503845,1.2406829595565796,1.1219902038574219,-0.1844184547662735
3377,0.5800198316574097,0.4921104311943054,0.5131321549415588,-0.19424983859062195
3378,0.6701138019561768,1.035793662071228,0.6643864512443542,-0.12657016515731812
3379,-0.7920664548873901,0.5719395875930786,0.6551197171211243,0.8076043725013733
3380,0.3449590802192688,0.4256662130355835,-1.0803070068359375,-0.48100152611732483
3381,-0.997087299823761,0.4497773051261902,-0.6675117611885071,0.3596248924732208
3382,-0.21836809813976288,0.008155792951583862,-1.7695142030715942,-0.14771351218223572
3383,0.3106648027896881,1.3606750965118408,1.0717618465423584,-0.0562017560005188
3384,2.5387303829193115,0.019259624183177948,0.16162827610969543,-0.5765631794929504
3385,1.0359516143798828,0.04965531826019287,2.2039310932159424,-0.6560868620872498
3386,-0.6098010540008545,-0.5959089398384094,-0.43983936309814453,0.3182019591331482
3387,-1.1005733013153076,-1.3846304416656494,-0.30638960003852844,1.0760048627853394
3388,-1.3922938108444214,-0.2659507393836975,-1.7286344766616821,0.13615229725837708
3389,0.6263713240623474,1.4447590112686157,0.33990421891212463,-0.6667165756225586
3390,-0.5388137102127075,-1.243247389793396,-0.20450769364833832,-0.11313745379447937
3391,-0.7672085165977478,-0.3483230173587799,-0.2694540321826935,-1.349423885345459
3392,-0.3582829535007477,-1.2018561363220215,0.037886884063482285,-1.0626202821731567
3393,-0.20224601030349731,0.8455069065093994,1.4242379665374756,-0.3393121063709259
3394,0.7617111206054688,0.7979941964149475,-0.22037571668624878,-2.0847365856170654
3395,0.9547181129455566,1.5135886669158936,-1.8277745246887207,0.9628143310546875
3396,-0.7132556438446045,-0.5798434019088745,0.6412110924720764,0.005214236676692963
3397,-0.38311049342155457,0.03924908488988876,-0.12541580200195312,0.4894111454486847
3398,-0.929792046546936,0.7889485359191895,0.05607270076870918,0.08744783699512482
3399,-0.7362695336341858,-2.243889808654785,1.0026360750198364,0.6745612025260925
3400,-0.06879161298274994,-0.9827011823654175,-0.5094493627548218,0.3609525263309479
3401,-0.6823844313621521,0.4045052230358124,-1.9981729984283447,0.11494001746177673
3402,-0.4185616075992584,-0.20227369666099548,1.4810819625854492,-1.3294851779937744
3403,0.6512420177459717,0.24743160605430603,-0.1120956689119339,-0.11083653569221497
3404,0.6131499409675598,0.991665244102478,1.2013705968856812,-1.3565479516983032
3405,-0.4486011564731598,-1.9018356800079346,-0.34948840737342834,0.25089049339294434
3406,1.592016339302063,0.3964685797691345,0.619377613067627,-0.5809723138809204
3407,1.0106807947158813,-0.19627441465854645,-1.4074021577835083,-1.0120315551757812
3408,-0.16444143652915955,0.5269226431846619,-1.3852496147155762,-0.06696109473705292
3409,-0.32063132524490356,0.5086791515350342,-2.365316390991211,0.90915846824646
3410,0.7131086587905884,1.1496833562850952,-0.7444625496864319,2.3695061206817627
3411,-1.2843629121780396,0.3243762254714966,-1.0696191787719727,0.9171134233474731
3412,1.1464345455169678,-1.4317421913146973,-1.5721639394760132,0.5589046478271484
3413,-1.3709660768508911,0.5856374502182007,-1.2346537113189697,0.44905179738998413
3414,-2.005703926086426,-0.7956656217575073,2.722545862197876,1.3295193910598755
3415,-0.41648977994918823,0.12850022315979004,0.4309641122817993,0.0863536149263382
3416,-0.7348714470863342,1.041045904159546,-0.3791118562221527,0.42728492617607117
3417,-0.5929446816444397,0.7295259237289429,1.9688987731933594,-1.9881885051727295
3418,1.1494643688201904,-0.322271466255188,1.4624210596084595,-0.07474198937416077
3419,1.1337785720825195,-0.47066181898117065,0.20648467540740967,0.6530761122703552
3420,0.07806209474802017,-1.40130615234375,-1.036954641342163,0.8825662732124329
3421,-0.6482492089271545,0.8292210102081299,-0.6350207328796387,1.0674676895141602
3422,0.14221316576004028,-0.12126150727272034,-0.5268998146057129,-0.19481326639652252
3423,-1.6294093132019043,2.162001371383667,1.6129608154296875,-0.10870961844921112
3424,-1.1010925769805908,-1.5884915590286255,0.3463006615638733,-1.5791466236114502
3425,0.5611326098442078,-0.03292828053236008,0.8913273215293884,-1.0119566917419434
3426,0.24327725172042847,0.9899207353591919,1.206458330154419,-1.106528401374817
3427,0.35179218649864197,-0.40526390075683594,-0.6212142705917358,0.006329577416181564
3428,-0.9980340003967285,-0.8213857412338257,-2.3736371994018555,2.3704612255096436
3429,-1.2578991651535034,-1.2701505422592163,-0.2313522845506668,1.4184677600860596
3430,-1.2873008251190186,-0.9250513911247253,0.16087116301059723,-0.08241867274045944
3431,0.2793572247028351,0.4514370560646057,-0.34297212958335876,1.2795729637145996
3432,0.08732426166534424,0.3937954902648926,-0.3745519816875458,0.03333596512675285
3433,-0.3741168975830078,-0.36938202381134033,-0.24474948644638062,0.36198893189430237
3434,-0.78985995054245,0.9324265718460083,-1.2165228128433228,1.6412417888641357
3435,-0.4097515642642975,1.850812315940857,1.0795938968658447,-1.157353401184082
3436,-0.22735989093780518,-1.5501635074615479,-0.9330507516860962,-2.201950788497925
3437,1.4238901138305664,0.6027833819389343,0.09559359401464462,-0.7403797507286072
3438,0.7212710380554199,0.5741233825683594,-0.41628167033195496,0.39301568269729614
3439,1.4623429775238037,0.4337349534034729,-0.5572640895843506,-0.9767104387283325
3440,1.5516830682754517,0.2185223251581192,0.8062950968742371,-0.9224948883056641
3441,2.3199691772460938,-0.17923372983932495,0.7832899689674377,1.3664987087249756
3442,-0.1788713037967682,0.5088900327682495,-1.4298933744430542,-0.5082588195800781
3443,0.3722981810569763,2.3857529163360596,-1.6262362003326416,-0.07602798193693161
3444,-0.09984500706195831,-2.0474202632904053,1.2361961603164673,-1.9570256471633911
3445,0.3502095937728882,1.3256522417068481,-0.8925349116325378,-0.2273866981267929
3446,-0.12893229722976685,-0.4223383665084839,0.7410876750946045,-1.3028151988983154
3447,1.6628165245056152,-0.9987778067588806,0.3507738709449768,2.1156983375549316
3448,0.4166392385959625,0.38045549392700195,0.13735488057136536,0.39904212951660156
3449,0.4847288131713867,-1.2148194313049316,1.8931007385253906,0.28478068113327026
3450,-0.1681399643421173,0.6470875144004822,0.31780508160591125,-1.6573518514633179
3451,-0.032924383878707886,-1.2904306650161743,0.9893162846565247,0.3908208906650543
3452,1.7206553220748901,-0.40903112292289734,0.8568192720413208,-2.0000927448272705
3453,0.7327486872673035,3.0186734199523926,0.25852513313293457,1.613746166229248
3454,-0.9838986396789551,0.09748601168394089,-0.6940978169441223,0.5223100185394287
3455,-0.383105993270874,-1.4936892986297607,-0.10104050487279892,-0.24568331241607666
3456,0.9528639912605286,0.8171116709709167,2.988152503967285,1.057105302810669
3457,0.7386996150016785,-1.7394084930419922,-1.112851619720459,-0.32099398970603943
3458,0.26264581084251404,-0.3002394139766693,-0.6423771381378174,0.2322068214416504
3459,-0.5719033479690552,-1.2192051410675049,-1.6446062326431274,-0.4530586898326874
3460,0.9577977061271667,-0.3197358250617981,-1.0351070165634155,-0.5054728984832764
3461,-0.3636506497859955,-0.3447284698486328,-1.7624975442886353,-0.7425873875617981
3462,0.08584792912006378,0.767764151096344,0.7644217014312744,1.249262809753418
3463,-0.9331335425376892,1.056628704071045,-0.39125651121139526,-0.2386942207813263
3464,0.7356670498847961,0.7725825309753418,0.45010295510292053,1.9728254079818726
3465,-0.5515034794807434,0.07361598312854767,-0.23430071771144867,-0.45707330107688904
3466,0.40386709570884705,0.07031191140413284,0.6297510266304016,-1.2626537084579468
3467,0.031083157286047935,0.7305132150650024,0.037922732532024384,1.4216810464859009
3468,-0.6636359691619873,-0.249704971909523,-0.7420841455459595,-0.37438660860061646
3469,-0.05812710523605347,0.6876357197761536,-0.833757758140564,0.4635831117630005
3470,1.0107392072677612,0.6368568539619446,0.7146450877189636,0.8409228920936584
3471,-0.43836408853530884,1.4876649379730225,-0.2854495346546173,0.9836084842681885
3472,-0.3402497172355652,-1.5859259366989136,0.07935038208961487,0.14897236227989197
3473,-1.5516595840454102,1.9868391752243042,0.5757749676704407,-0.6729617118835449
3474,-1.5806223154067993,0.12000042200088501,1.3909574747085571,-1.1301227807998657
3475,0.11674629151821136,-1.2276499271392822,-0.1991281509399414,0.4550055265426636
3476,-1.1564387083053589,-0.05837136507034302,1.0764927864074707,-0.06419605761766434
3477,0.5223072171211243,-0.11982588469982147,0.9733657836914062,1.0883007049560547
3478,1.3462469577789307,0.7508816123008728,0.7031443119049072,-0.7156112790107727
3479,-0.9071598052978516,-1.789893627166748,-0.6013307571411133,-0.7770734429359436
3480,-0.8780010938644409,-0.5408791303634644,-0.05244998633861542,-1.3810962438583374
3481,0.7785939574241638,2.0434563159942627,-1.6575225591659546,-1.1287686824798584
3482,-0.43652185797691345,-1.1131538152694702,-1.3653944730758667,-0.6050481796264648
3483,0.4567704498767853,-0.5347983241081238,0.3837752044200897,-0.09021089226007462
3484,1.0065300464630127,-1.176045536994934,-1.1422327756881714,-0.34128379821777344
3485,-0.9544939398765564,2.5649492740631104,-0.36951106786727905,-0.27470096945762634
3486,-0.9933478236198425,-0.7901188135147095,0.5514166355133057,0.4968089461326599
3487,1.369381308555603,-0.5496828556060791,0.058887530118227005,2.0799214839935303
3488,0.35462841391563416,-0.6964248418807983,0.5738519430160522,-0.14957281947135925
3489,-1.0307167768478394,0.18654856085777283,0.8414551019668579,1.191581130027771
3490,-0.13256888091564178,1.376258373260498,-1.0474276542663574,-0.06595812737941742
3491,-1.1999232769012451,1.0995315313339233,2.0522751808166504,0.8021044731140137
3492,-0.7931115627288818,0.7251040935516357,1.2822802066802979,0.45479467511177063
3493,-0.19509077072143555,-0.6222901344299316,-0.9049021005630493,-0.9624517560005188
3494,7.967837154865265e-05,1.8065630197525024,-1.4028408527374268,0.6695573329925537
3495,0.25297513604164124,-0.09797758609056473,0.9847549796104431,0.3449804484844208
3496,0.0021330099552869797,-1.160840392112732,-1.7654863595962524,-1.7691519260406494
3497,-1.6430959701538086,1.073644995689392,-0.9969766736030579,1.4520275592803955
3498,-0.679665207862854,0.06561975926160812,0.7876390218734741,1.0969303846359253
3499,-0.48751530051231384,0.7866294980049133,-0.2683009207248688,0.12041192501783371
3500,0.8638005256652832,-1.0231311321258545,-0.14613933861255646,0.27993494272232056
3501,-0.24355310201644897,-0.05416297912597656,-0.821245551109314,-1.807660460472107
3502,-1.0784000158309937,0.5650697350502014,0.5289037823677063,1.3850501775741577
3503,-0.2660403251647949,-0.28080007433891296,1.4993460178375244,-0.4173164367675781
3504,0.682632327079773,-0.13174870610237122,-1.3201467990875244,0.35141515731811523
3505,0.23804345726966858,-0.7121960520744324,-1.532267689704895,-0.6855251789093018
3506,0.007906710729002953,0.7170644998550415,-0.5746989846229553,0.5295121073722839
3507,1.09588623046875,-0.9841814637184143,-0.5349299311637878,0.42185258865356445
3508,1.6525838375091553,-1.4356036186218262,0.6821886897087097,0.2756175398826599
3509,-1.5240000486373901,0.0115852952003479,-0.6308645606040955,0.5326429009437561
3510,0.4140903949737549,-0.7679977416992188,0.2336464822292328,-0.3527606725692749
3511,-2.045879602432251,-0.22311073541641235,-1.0497199296951294,0.4830124080181122
3512,0.07691691815853119,-1.088614583015442,-0.14627324044704437,-0.18038097023963928
3513,1.7973098754882812,-0.3845479488372803,0.6677811145782471,-1.917553424835205
3514,-0.19466283917427063,0.26646092534065247,-0.19705888628959656,-0.038749370723962784
3515,0.874922513961792,-0.5839686393737793,-1.2129782438278198,-0.41782712936401367
3516,-0.20613053441047668,-0.6766915321350098,0.21320517361164093,0.057568904012441635
3517,-0.4880426526069641,1.571213960647583,0.2038908749818802,1.5595848560333252
3518,1.2311612367630005,0.3232130706310272,-0.6756879687309265,1.2446413040161133
3519,-0.5520119667053223,-0.9022039771080017,1.5707800388336182,-1.3068398237228394
3520,-0.2205650508403778,0.2681053578853607,0.888233482837677,-0.0704333484172821
3521,-0.9042010307312012,-1.3152728080749512,-0.5679422616958618,0.48541226983070374
3522,-1.8036701679229736,0.37071698904037476,0.6888871192932129,0.3638310432434082
3523,-1.0012571811676025,0.3500596284866333,0.45568639039993286,1.215376377105713
3524,0.732507586479187,-0.8265269994735718,1.1334129571914673,-1.333375096321106
3525,-0.5924849510192871,0.2498844563961029,-0.6251541376113892,-0.4347303807735443
3526,0.4542846083641052,0.8181217312812805,-1.203902006149292,-0.5096966624259949
3527,-1.1365065574645996,1.1110390424728394,-0.5647606253623962,1.3623279333114624
3528,-1.0719389915466309,-0.005807861685752869,-0.5827986598014832,-0.2968210279941559
3529,0.878147542476654,-0.524060845375061,-1.88877534866333,-1.0461589097976685
3530,0.07067045569419861,-0.6865493059158325,0.873658299446106,-2.1730291843414307
3531,0.534152626991272,0.41085365414619446,0.5121903419494629,0.7350597381591797
3532,-1.5549951791763306,-0.2641088366508484,0.9456712007522583,0.026109855622053146
3533,0.7808235883712769,-0.009318999946117401,2.3891477584838867,-1.3761025667190552
3534,2.6180965900421143,-1.3796414136886597,0.3249008059501648,-0.24090471863746643
3535,0.5516479015350342,1.23568856716156,-0.5124654173851013,-0.6859182715415955
3536,-0.11955533176660538,1.3049827814102173,1.1027146577835083,-0.2513418197631836
3537,-0.9316104054450989,-0.11724915355443954,0.8648761510848999,0.6270861029624939
3538,0.6610267162322998,1.6433184146881104,0.13244126737117767,0.9254144430160522
3539,-0.6431915760040283,-1.8488340377807617,0.251095712184906,-1.4338887929916382
3540,1.2354068756103516,0.2588270306587219,0.9855610132217407,-0.5053300261497498
3541,1.8262474536895752,0.7743484973907471,0.6749792098999023,0.7704646587371826
3542,-0.20928281545639038,1.7648959159851074,-0.25769785046577454,0.7676463723182678
3543,0.42911431193351746,0.7666887044906616,0.04885128512978554,-0.8058104515075684
3544,-0.19091294705867767,1.4370152950286865,-0.7317854762077332,-0.018773788586258888
3545,0.7426965832710266,-0.36268770694732666,-1.4024666547775269,-0.015258530154824257
3546,0.412548691034317,0.5150120258331299,0.08585667610168457,-0.7892677187919617
3547,0.8825193643569946,-0.01853671669960022,-1.5437841415405273,-0.5790853500366211
3548,0.19427622854709625,-1.3153672218322754,0.5615857243537903,1.0844043493270874
3549,0.6464782953262329,1.6289342641830444,-1.229283094406128,0.8263055682182312
3550,-0.313581258058548,-0.896382749080658,-0.746116578578949,1.5408695936203003
3551,-0.4555184543132782,0.6361484527587891,1.4883344173431396,0.22082549333572388
3552,-0.3272097706794739,0.6673586368560791,-1.0053565502166748,-1.4384280443191528
3553,-1.8045283555984497,-0.2905433773994446,-0.07793179154396057,-0.4735134243965149
3554,0.503150463104248,1.9014767408370972,0.23139512538909912,1.5766781568527222
3555,-0.3641905188560486,-0.039093904197216034,-1.6507829427719116,-0.8667489290237427
3556,-0.7273011207580566,-1.8310762643814087,-1.3811079263687134,-0.2776547968387604
3557,1.0824342966079712,-0.3104402720928192,-0.3185666501522064,-0.3977166712284088
3558,0.058615539222955704,-1.005990982055664,0.9685559868812561,-0.3765963912010193
3559,-0.4059589207172394,1.6780164241790771,-1.002931833267212,0.2411748468875885
3560,-0.08733528107404709,-0.10227715969085693,0.8791031241416931,0.36296671628952026
3561,0.917410671710968,1.5640535354614258,-0.5177414417266846,-1.8788055181503296
3562,0.42359641194343567,-0.1581566333770752,-0.11729740351438522,1.0463567972183228
3563,-1.2299166917800903,0.2942277789115906,-0.13232959806919098,0.16175034642219543
3564,-1.0306522846221924,-0.49074268341064453,0.03956392779946327,-0.6242024302482605
3565,1.1306859254837036,-2.2245941162109375,1.0031523704528809,-0.30113348364830017
3566,1.0416483879089355,0.3842924237251282,0.8666673898696899,-2.478480815887451
3567,0.49043008685112,0.641030490398407,0.7149227261543274,0.1604616641998291
3568,-1.5995513200759888,0.8029817342758179,0.1573772430419922,1.5918821096420288
3569,-1.2510792016983032,-2.831868886947632,-0.5332663655281067,0.38676315546035767
3570,1.088616967201233,1.6457053422927856,1.8461487293243408,0.5747057795524597
3571,0.24414625763893127,-0.2500154972076416,-0.9770668148994446,-0.46387428045272827
3572,1.4853553771972656,-0.49214044213294983,-0.2768903970718384,0.0212724506855011
3573,-1.1184736490249634,-0.6078672409057617,-0.18658512830734253,-1.3297480344772339
3574,1.2156884670257568,-0.23353102803230286,-0.38141298294067383,-1.4136574268341064
3575,0.9980661273002625,0.4289579391479492,0.19359943270683289,-1.0102280378341675
3576,1.0192358493804932,-0.1092258021235466,-0.3082761764526367,-0.23282833397388458
3577,2.118436574935913,-1.354923963546753,-1.2191756963729858,-0.6541110873222351
3578,-0.09360408782958984,0.26156702637672424,-1.4066519737243652,-0.6731994152069092
3579,-0.25094911456108093,0.5877631902694702,-0.14448584616184235,1.2951951026916504
3580,-1.5253210067749023,-0.002914324402809143,-1.2772257328033447,0.7452807426452637
3581,0.9796651005744934,0.607355535030365,0.3726862072944641,0.6845493316650391
3582,1.2497864961624146,0.44243186712265015,0.23504438996315002,1.7966450452804565
3583,0.3037987947463989,-0.2915036976337433,0.9025181531906128,-0.8915676474571228
3584,-1.2222881317138672,1.3209810256958008,-0.1731519252061844,-0.04129908233880997
3585,-0.11814577132463455,-0.9187325239181519,-1.6802912950515747,1.096347689628601
3586,1.1869150400161743,-0.9715181589126587,1.7992089986801147,-0.4161638021469116
3587,0.4830529987812042,0.7711758017539978,-1.0018771886825562,0.8398961424827576
3588,0.3215509355068207,0.49460098147392273,0.08557760715484619,1.528608798980713
3589,1.444881796836853,1.5880794525146484,0.4029010832309723,-0.6856470704078674
3590,0.5837549567222595,-0.25905197858810425,-1.638088583946228,1.1871460676193237
3591,0.6490354537963867,0.5335604548454285,-1.558034062385559,-2.795041084289551
3592,0.9348665475845337,1.0746049880981445,-0.6979531645774841,-1.0286667346954346
3593,0.5064196586608887,0.2946681082248688,-0.4686226546764374,-1.1971166133880615
3594,0.201799675822258,-0.7138214707374573,-1.8829599618911743,2.064382791519165
3595,-0.4413122832775116,1.669775366783142,-0.38093116879463196,-0.8313543796539307
3596,0.2574305832386017,0.29037588834762573,-0.4036453366279602,0.8077076077461243
3597,-1.2660903930664062,-1.092964768409729,-0.44761770963668823,2.1518588066101074
3598,0.11268172413110733,-0.0905638262629509,-2.209495782852173,-0.5014625787734985
3599,-0.049180518835783005,-0.9507309794425964,2.822376251220703,0.4461567997932434
3600,0.3365735113620758,0.5717839598655701,1.082808017730713,0.24157416820526123
3601,-0.25552642345428467,0.32317519187927246,0.45482611656188965,0.7726808190345764
3602,0.0845714658498764,-0.3203667104244232,0.14117971062660217,-1.8151698112487793
3603,-0.046593036502599716,-0.962701678276062,-0.17509442567825317,3.703888177871704
3604,1.4485864639282227,-0.975566029548645,0.8106703162193298,0.7265015244483948
3605,-0.49256929755210876,2.403262138366699,0.3073427975177765,0.3098551034927368
3606,0.8610689043998718,0.04405570775270462,1.6151976585388184,-0.11130382120609283
3607,-0.042248304933309555,-0.5279208421707153,1.061252236366272,-0.16002477705478668
3608,0.5452287197113037,1.004340648651123,0.8636464476585388,-2.465023994445801
3609,-0.2425418347120285,-0.4870348572731018,-1.3364019393920898,-1.6107184886932373
3610,1.2862391471862793,0.7443283200263977,2.0486295223236084,-0.7934483289718628
3611,-0.3250722587108612,-0.16705322265625,1.3119879961013794,-0.9083102345466614
3612,-0.11432644724845886,0.17599919438362122,0.24622797966003418,1.1988108158111572
3613,0.5760420560836792,-0.6941747069358826,-1.5390827655792236,-0.2714081406593323
3614,0.7395260334014893,0.3972095251083374,0.032412610948085785,-1.1672364473342896
3615,-0.6866204738616943,-0.0216926708817482,0.2998723089694977,0.14406388998031616
3616,-0.062027961015701294,0.45335251092910767,-0.6946644186973572,-2.55145001411438
3617,3.390721321105957,1.379377007484436,-1.2595158815383911,0.6739156246185303
3618,0.43754467368125916,1.1093807220458984,0.984707772731781,0.7676841020584106
3619,0.10806458443403244,0.9755164384841919,-0.8897098302841187,-0.010232821106910706
3620,-2.0195560455322266,0.07065466046333313,-1.3456822633743286,-1.9668093919754028
3621,-1.5821051597595215,1.3316012620925903,0.3013407289981842,2.356299638748169
3622,-0.1728053241968155,-0.7911493182182312,-0.1572556495666504,-0.5767959952354431
3623,-1.175534725189209,0.2816435992717743,1.1561306715011597,-0.2044021338224411
3624,-0.4889284670352936,1.4519234895706177,-0.1068868488073349,1.1416230201721191
3625,-0.6695571541786194,0.9102914333343506,-0.6887111663818359,-0.28801512718200684
3626,-0.622075080871582,-1.1382427215576172,-0.5885893702507019,-0.3830752968788147
3627,0.2402668446302414,1.9263774156570435,0.43059197068214417,-0.4817156493663788
3628,0.6161418557167053,-0.41011038422584534,0.4850010573863983,0.448542982339859
3629,0.03415728360414505,0.013570908457040787,-1.3075675964355469,0.4706459045410156
3630,-0.4645143151283264,-1.3918827772140503,0.8540210127830505,-0.26219937205314636
3631,0.7858173251152039,-0.9148138761520386,-0.1826900690793991,0.6995646953582764
3632,-0.7464184761047363,-2.4578378200531006,-0.15329083800315857,0.39645323157310486
3633,0.6592622399330139,0.8904531598091125,0.31425732374191284,0.23042932152748108
3634,-1.3696541786193848,1.8914138078689575,1.9853841066360474,-0.46815386414527893
3635,-0.8759172558784485,0.13104116916656494,-0.16550254821777344,-0.43796277046203613
3636,1.253435730934143,-0.3261759281158447,0.0501803494989872,1.0810490846633911
3637,0.12886448204517365,0.6961643099784851,0.4783162474632263,2.683858633041382
3638,-0.4160293936729431,-0.2610718011856079,1.5694061517715454,-0.18380212783813477
3639,-0.391400545835495,-1.5925352573394775,1.9265844821929932,-2.318988561630249
3640,1.7016232013702393,0.19380977749824524,-2.109269857406616,-0.10787324607372284
3641,-0.5399564504623413,0.8947833776473999,-0.2931464612483978,-1.177355408668518
3642,-0.5343601107597351,1.1354624032974243,0.2971370816230774,0.34076401591300964
3643,-0.30574047565460205,1.29849112033844,-2.0186595916748047,0.8171750903129578
3644,0.9542903304100037,0.22953633964061737,1.4390487670898438,1.8211346864700317
3645,-0.05940935015678406,0.9174270629882812,0.39050424098968506,-0.5461388826370239
3646,-1.5017061233520508,0.5370301008224487,-0.9922295808792114,-0.7247843146324158
3647,-0.09376093745231628,0.14362001419067383,-0.23802216351032257,0.3691788911819458
3648,0.004000878892838955,-0.6895871758460999,-0.005791481584310532,0.47915688157081604
3649,0.3890851140022278,-0.04431017488241196,1.2262943983078003,-0.4960603713989258
3650,1.2535306215286255,-1.4531118869781494,-0.05826316028833389,-0.9710193872451782
3651,-1.1450477838516235,0.48813387751579285,-0.08297158777713776,0.30891332030296326
3652,-1.2813771963119507,0.7504310607910156,-0.19525361061096191,-0.6662682890892029
3653,-0.3617689311504364,-1.3079521656036377,-1.2442104816436768,-0.8531243801116943
3654,-0.7148950695991516,0.5397668480873108,-0.8958554267883301,-1.9450185298919678
3655,1.2665297985076904,0.3853835463523865,-0.16100391745567322,-0.2548500895500183
3656,-0.17389757931232452,-0.4599098265171051,-0.5642105937004089,2.4346628189086914
3657,-0.006696521304547787,-0.2415306568145752,-1.0277413129806519,-1.2458127737045288
3658,0.10863112658262253,-1.3914209604263306,-1.3680901527404785,0.8359169363975525
3659,-1.7380180358886719,-0.2785130739212036,0.2989487051963806,-0.5989218354225159
3660,2.2061309814453125,-0.8419932126998901,-0.16867923736572266,0.2425338476896286
3661,1.6760118007659912,-1.332692265510559,0.9727228283882141,0.05539599806070328
3662,-0.4791215658187866,1.2245831489562988,0.23479923605918884,-0.3909710943698883
3663,-0.8025275468826294,-0.4606172442436218,-0.529239296913147,-0.44385218620300293
3664,2.3578360080718994,0.2001218944787979,-0.29933130741119385,-1.3531657457351685
3665,1.4562649726867676,1.6670550107955933,1.3378432989120483,0.14774911105632782
3666,0.7465312480926514,0.18906672298908234,2.048889636993408,-0.23242779076099396
3667,-0.0034928349778056145,0.832010805606842,0.9536831378936768,0.7510253190994263
3668,0.321593701839447,1.1288169622421265,-1.7313745021820068,-1.1125348806381226
3669,-0.17640331387519836,-0.6408743858337402,0.5694935321807861,-1.336510181427002
3670,1.1925601959228516,1.2933547496795654,-0.5687565207481384,-0.5179736614227295
3671,0.5884057283401489,0.46291741728782654,1.1459141969680786,0.3319152891635895
3672,-0.08464625477790833,1.0342077016830444,-0.7066031694412231,1.0886787176132202
3673,-1.0549554824829102,1.1840087175369263,-0.5002343654632568,-1.160561203956604
3674,-0.24917267262935638,-0.4676433801651001,-1.1950429677963257,-2.1287455558776855
3675,0.41236957907676697,0.9431883096694946,1.034921407699585,-0.7896926999092102
3676,0.19865964353084564,-1.5518648624420166,-0.8322521448135376,-0.623468279838562
3677,-0.6869866847991943,-1.0330572128295898,0.9480420351028442,0.20497538149356842
3678,-1.174668788909912,1.3862794637680054,0.1188715323805809,-0.5234691500663757
3679,1.8164862394332886,-0.11541853100061417,-1.0602842569351196,-1.2384804487228394
3680,-1.6561012268066406,0.6515823006629944,0.03440291807055473,-1.2103370428085327
3681,-0.029618535190820694,-0.36599111557006836,0.2308041900396347,0.9006665945053101
3682,2.9781482219696045,0.294251024723053,0.07183244079351425,0.6802472472190857
3683,-2.8350868225097656,0.7197425365447998,0.4939973056316376,-0.06590434908866882
3684,-0.6400160193443298,0.02498067170381546,1.3232319355010986,1.9404734373092651
3685,-1.0888636112213135,-0.8677224516868591,0.5382978916168213,-0.9983711242675781
3686,-0.9668663740158081,-0.028473958373069763,-2.679562568664551,0.3973313570022583
3687,-0.23078174889087677,-0.15580961108207703,-0.12025803327560425,-1.269594430923462
3688,1.4752439260482788,-0.21057377755641937,0.02088056318461895,1.096534252166748
3689,-2.4587440490722656,-1.3245370388031006,-2.227515459060669,-0.7008380889892578
3690,0.44112294912338257,-0.32111507654190063,-1.0950735807418823,-2.40018892288208
3691,-0.3924112021923065,1.0298302173614502,0.8609747886657715,0.4517271816730499
3692,-0.7025130987167358,-1.3046568632125854,0.708308756351471,-1.5371724367141724
3693,-0.3045291006565094,-0.6631138920783997,0.9852033257484436,0.5106835961341858
3694,-0.043512407690286636,0.3696940541267395,-1.8583612442016602,-0.9523000121116638
3695,-1.1360032558441162,0.1733224093914032,-1.421950340270996,-1.9853732585906982
3696,-1.6141947507858276,-0.7402970790863037,0.49866002798080444,0.052633870393037796
3697,-0.6906079649925232,1.289602518081665,-0.45851024985313416,-0.5577414035797119
3698,0.04821453616023064,-0.7911381721496582,0.7435058951377869,0.1622445285320282
3699,0.49338746070861816,-1.0896632671356201,0.8520402312278748,0.8257303237915039
3700,0.10575543344020844,0.19589149951934814,0.025196604430675507,-0.038938481360673904
3701,-0.642624020576477,0.5001844167709351,0.5656939744949341,-1.6142568588256836
3702,-0.17675399780273438,1.211295485496521,-0.4683373272418976,-0.06775596737861633
3703,-0.7271523475646973,-1.0472474098205566,-2.261638641357422,1.1698144674301147
3704,-0.1558803766965866,-0.869520902633667,0.035346001386642456,1.6639002561569214
3705,0.1989637017250061,-0.7260676622390747,-0.021740838885307312,0.4145633578300476
3706,1.9336565732955933,0.726649284362793,-0.364258348941803,1.607483148574829
3707,-0.490869402885437,-2.7620651721954346,-0.27665290236473083,-1.1952842473983765
3708,-0.6779836416244507,-1.4822651147842407,-0.8358390927314758,0.48989370465278625
3709,0.272675096988678,-0.0009779036045074463,-1.5470160245895386,0.5699158906936646
3710,-0.054194822907447815,-0.3702155351638794,-0.7172229886054993,-0.9568521976470947
3711,0.0845135822892189,0.7699481248855591,0.18139907717704773,-1.0314016342163086
3712,-0.10374176502227783,-0.18899282813072205,-0.47593337297439575,0.6296699047088623
3713,0.05335749313235283,0.4069010317325592,1.8730103969573975,-0.24144616723060608
3714,1.0599678754806519,-0.4815521538257599,0.040458034723997116,1.3322556018829346
3715,-0.363638699054718,-0.07592366635799408,-1.6757001876831055,1.1173163652420044
3716,-0.34766122698783875,1.0364737510681152,1.5582165718078613,0.8896841406822205
3717,-0.2815454602241516,-0.9660329222679138,1.265665888786316,1.6323448419570923
3718,0.06904881447553635,-1.1741911172866821,-0.2409478724002838,0.6531144380569458
3719,0.10625476390123367,-0.6280903220176697,1.9869616031646729,0.758880078792572
3720,-1.4577960968017578,-0.7800589799880981,0.033090829849243164,0.8975631594657898
3721,1.001874327659607,1.852945327758789,-2.113206148147583,-0.22996434569358826
3722,-0.00976192019879818,-0.024379782378673553,-2.218647003173828,0.16808734834194183
3723,0.7875975966453552,-0.2660491466522217,-0.711135983467102,1.2709227800369263
3724,0.7442770004272461,-0.486232191324234,-0.07935618609189987,-1.8948218822479248
3725,-1.256730318069458,-0.17936089634895325,-0.8438462018966675,-0.540931224822998
3726,2.204411268234253,-0.2824997007846832,0.45195555686950684,-1.0136997699737549
3727,2.259601593017578,-1.17945396900177,-0.9527585506439209,-1.558806300163269
3728,-0.5958447456359863,0.8270269632339478,-0.19263088703155518,-0.20452839136123657
3729,1.2280561923980713,-1.1360315084457397,-0.12711091339588165,0.9700905084609985
3730,-0.7615005970001221,-0.20927035808563232,-0.6175218224525452,1.099278450012207
3731,-1.5442864894866943,-1.3045635223388672,0.03510860353708267,0.3633778989315033
3732,-1.8639302253723145,-0.12589801847934723,0.2727721333503723,0.5241076946258545
3733,-0.820529043674469,0.08189515024423599,-0.49370700120925903,-0.6494945287704468
3734,-0.24927188456058502,-1.1503773927688599,-0.4848082661628723,-0.7707493901252747
3735,0.11535746604204178,0.18992596864700317,1.257287621498108,-1.877347707748413
3736,-0.07855957001447678,0.07624691724777222,0.9278743863105774,-0.905205249786377
3737,0.4739839732646942,0.4726027846336365,-0.02774178236722946,0.5030980706214905
3738,-0.4139864444732666,0.26304250955581665,0.8599051237106323,-0.6145579814910889
3739,-1.4234561920166016,-2.242077589035034,-2.5488674640655518,0.8990309834480286
3740,0.981965184211731,-1.0316442251205444,-0.35246753692626953,-0.9818500876426697
3741,-0.23117689788341522,0.07524815201759338,0.10761261731386185,-0.2695656418800354
3742,-0.0840800479054451,-0.24579812586307526,0.3049495220184326,-0.6893227100372314
3743,0.7705139517784119,1.1361792087554932,-0.3890157639980316,1.680715560913086
3744,1.0441298484802246,0.2760816216468811,0.4838174879550934,0.07501305639743805
3745,-0.5453686714172363,-0.9528418183326721,1.3838012218475342,-0.8942515850067139
3746,1.7428234815597534,0.41658973693847656,1.5246856212615967,0.9427001476287842
3747,0.9164900779724121,0.895182192325592,-0.04240148141980171,-0.7801758646965027
3748,-1.0889745950698853,-1.3458569049835205,-1.2081692218780518,-1.189153790473938
3749,-0.39015939831733704,-1.1169764995574951,1.5358819961547852,-0.019207965582609177
3750,0.47143614292144775,-0.5944272875785828,-0.4897702932357788,1.278076171875
3751,-1.4990041255950928,0.19869984686374664,1.9589263200759888,-1.308215856552124
3752,0.2088814079761505,0.9575251340866089,0.9330272674560547,0.43380096554756165
3753,-0.9865583181381226,0.6799285411834717,-1.7705949544906616,-0.9617962837219238
3754,-1.795722484588623,1.7132759094238281,-1.2659738063812256,-0.9736728668212891
3755,-1.9192912578582764,-0.5821105241775513,-0.7162546515464783,0.49928295612335205
3756,0.11297442764043808,1.4250102043151855,-1.238899827003479,-0.8843658566474915
3757,-1.032243251800537,0.1112867146730423,0.6470443606376648,-1.0632649660110474
3758,-1.0876230001449585,0.5542942881584167,0.27437931299209595,-0.4854333996772766
3759,-0.022741954773664474,0.03743449226021767,-0.5709315538406372,-0.14695709943771362
3760,-1.3556240797042847,0.8208290338516235,0.8735308051109314,-0.5813530683517456
3761,-0.5944705009460449,-0.5161203742027283,-0.6851786971092224,1.33544921875
3762,-1.2843921184539795,0.8429256677627563,-0.13555222749710083,-1.5635886192321777
3763,0.41736310720443726,-0.9600425958633423,0.8345733284950256,0.37116363644599915
3764,0.2986379861831665,0.7300992012023926,-0.6936219334602356,-2.3877766132354736
3765,-0.43393149971961975,-0.9932242631912231,-0.02146504819393158,-0.24649766087532043
3766,1.0929158926010132,-0.6772633790969849,0.11274446547031403,0.07561980932950974
3767,0.79693204164505,1.1071984767913818,-1.3518414497375488,0.2558203339576721
3768,-1.041617512702942,0.9244004487991333,-2.0519094467163086,-0.618903636932373
3769,-2.0836069583892822,0.5087883472442627,1.6004329919815063,-0.5317351818084717
3770,1.717245101928711,-1.02945077419281,-0.4934590756893158,0.5256666541099548
3771,1.5271856784820557,0.19640874862670898,0.39543741941452026,-0.2213166356086731
3772,-1.585146188735962,-0.9183967709541321,3.0435729026794434,0.12422226369380951
3773,-1.3037865161895752,-2.1163814067840576,-0.25536617636680603,-0.43525180220603943
3774,-2.2889902591705322,-1.1483455896377563,1.8688594102859497,0.7247856259346008
3775,-0.08483760803937912,-0.9484696984291077,-1.2226110696792603,-0.9367608428001404
3776,-0.040515340864658356,0.890094518661499,-0.5162191390991211,1.1665533781051636
3777,0.2529374361038208,0.14806321263313293,1.0770363807678223,-1.8120779991149902
3778,-0.7599368095397949,-0.004680134356021881,-0.7024102210998535,-0.020183712244033813
3779,-1.0883761644363403,-0.9472556710243225,-0.07683899253606796,1.4998090267181396
3780,-0.16027088463306427,0.9664705991744995,0.8189164996147156,-0.7942965030670166
3781,-0.8424690365791321,0.3380644917488098,-1.623622179031372,-0.3767247498035431
3782,-1.446150541305542,1.6659566164016724,-2.280435800552368,-0.4436124861240387
3783,-0.6564685106277466,0.18837012350559235,0.6946188807487488,-0.5804111361503601
3784,-0.6252937316894531,0.339465856552124,-0.03979702293872833,0.4282066226005554
3785,0.8214548230171204,-0.7095800042152405,1.4231266975402832,-1.2770344018936157
3786,-0.5686728358268738,-0.9390186667442322,-0.42393240332603455,-0.4492456614971161
3787,-0.29381078481674194,-1.0219453573226929,1.0627988576889038,1.8971279859542847
3788,1.2558109760284424,-0.35106033086776733,-0.3567075729370117,-0.8694865107536316
3789,-0.9448034763336182,-0.3147163391113281,-1.3421989679336548,-0.16918207705020905
3790,1.6949145793914795,0.872181236743927,0.2953146696090698,-0.9226421117782593
3791,-0.7529581785202026,1.1376116275787354,1.0444481372833252,-1.4184701442718506
3792,0.17485035955905914,1.3561527729034424,-0.8131969571113586,-0.9500243663787842
3793,0.954854428768158,-0.4941360354423523,-0.34621328115463257,-0.8481406569480896
3794,0.389117568731308,0.6350016593933105,2.2569875717163086,0.34377115964889526
3795,-0.8496782183647156,1.6531107425689697,0.21333010494709015,-0.5385900735855103
3796,1.4863075017929077,1.6231756210327148,0.3620135486125946,-0.729366660118103
3797,-1.078018307685852,-0.7840452194213867,0.5536927580833435,-0.17406007647514343
3798,1.1485776901245117,-0.42179498076438904,0.0437350831925869,-0.18706832826137543
3799,0.6644412279129028,-0.5988375544548035,2.5567550659179688,-0.0018755048513412476
3800,-0.3158828020095825,-0.8413846492767334,-1.2501825094223022,1.231642484664917
3801,-0.489943265914917,0.47696688771247864,1.0259572267532349,0.7293550968170166
3802,-0.22309759259223938,1.275316596031189,1.0311079025268555,0.3444536328315735
3803,-0.6702991724014282,0.08675003051757812,-0.8999511003494263,0.16377601027488708
3804,-0.09528601914644241,0.05370267480611801,0.554710865020752,-0.3082694113254547
3805,-0.40793824195861816,0.1225443184375763,-1.0329385995864868,1.2256040573120117
3806,-0.41398417949676514,-0.32693925499916077,0.3683302700519562,-0.1140204668045044
3807,-0.41725584864616394,0.08901122212409973,-1.0151307582855225,-0.6779863834381104
3808,0.3027377426624298,-0.4009501338005066,-1.4258991479873657,-1.6627113819122314
3809,-1.1016085147857666,-1.45480477809906,1.5380737781524658,-1.617789387702942
3810,-0.681809663772583,0.3738899230957031,-1.217116355895996,-1.256506323814392
3811,-0.9519007802009583,-0.22238147258758545,0.7840023040771484,-0.7229732871055603
3812,0.4037432372570038,0.4839782416820526,0.9070343971252441,-0.9127500057220459
3813,-0.08012208342552185,-1.195695161819458,-2.950183391571045,0.08179636299610138
3814,-1.9044156074523926,0.7673705816268921,0.8342346549034119,1.2179182767868042
3815,0.8490976095199585,-0.3522062301635742,0.5417091846466064,-1.9707685708999634
3816,1.0179444551467896,-1.3999688625335693,-1.2711080312728882,0.36819857358932495
3817,0.5249537825584412,0.24543578922748566,1.6857905387878418,-1.3303457498550415
3818,0.5877459049224854,0.6657264232635498,-0.23912635445594788,-2.477128744125366
3819,1.704193115234375,1.2392302751541138,0.2534656226634979,0.24172839522361755
3820,0.03620465472340584,-0.2183322012424469,-0.2995930314064026,0.7161186933517456
3821,0.19747668504714966,-2.0733697414398193,0.25345876812934875,-0.7119313478469849
3822,-0.8195433616638184,-0.4048030972480774,-1.0507419109344482,1.146796464920044
3823,0.9085150361061096,-0.4961617588996887,-1.2958126068115234,0.8182624578475952
3824,0.5328654646873474,-0.2762662470340729,1.257500410079956,-1.2306344509124756
3825,-1.4306575059890747,0.41032832860946655,-0.10726548731327057,-0.8057253360748291
3826,-0.47877228260040283,-0.48108649253845215,1.06304132938385,-0.205238476395607
3827,-0.7419837713241577,0.38205409049987793,0.540126621723175,-0.2627885341644287
3828,-0.7210776805877686,0.420710027217865,0.04191357642412186,0.2790718376636505
3829,-0.3439389765262604,-0.884252667427063,-0.3390409052371979,-1.1951916217803955
3830,0.07119322568178177,0.35408008098602295,-0.7185501456260681,1.243964672088623
3831,-1.6848989725112915,-1.2602804899215698,1.0834541320800781,0.4573853015899658
3832,-0.7595826983451843,1.0955702066421509,-1.454746127128601,-0.43379297852516174
3833,-0.07745850086212158,-2.026869773864746,-0.43192532658576965,2.4939563274383545
3834,1.9546773433685303,-0.8641870617866516,-0.1652057021856308,0.04234827682375908
3835,0.20550328493118286,-0.21396033465862274,0.8898972272872925,0.7943341135978699
3836,-1.2473883628845215,-0.3285701870918274,1.7087241411209106,0.1126994639635086
3837,0.7393589019775391,1.5394114255905151,-0.2923082709312439,0.8880594968795776
3838,-0.23621219396591187,-0.38109833002090454,-0.8842967748641968,-0.06725592911243439
3839,-0.14802537858486176,-0.35311418771743774,0.1901499181985855,0.03922309726476669
3840,1.389029622077942,-0.48352259397506714,-0.8604416251182556,0.7785581946372986
3841,-0.5562998652458191,-0.8425332903862,-1.530008316040039,-0.9002647399902344
3842,-1.3392493724822998,1.607092022895813,-1.9689147472381592,0.1573089361190796
3843,1.4085018634796143,-1.5432429313659668,-0.0323854424059391,1.3246886730194092
3844,-0.6591464281082153,0.6474335193634033,0.31650716066360474,-1.3616334199905396
3845,1.0997803211212158,0.2554163932800293,0.14411546289920807,0.8651238679885864
3846,-1.0710636377334595,-0.5209462642669678,0.45360010862350464,0.08884945511817932
3847,-0.6447455286979675,-0.054666683077812195,0.2682264745235443,0.29487404227256775
3848,-1.2998545169830322,0.28531426191329956,-0.73631352186203,-0.018395818769931793
3849,-2.071709394454956,-0.3616637587547302,-0.49588143825531006,-0.5291561484336853
3850,-0.8708080053329468,-1.3016796112060547,0.8892456889152527,0.3403230607509613
3851,-0.7174277305603027,1.146181344985962,0.30826178193092346,-0.5705388188362122
3852,0.44956332445144653,-0.09500175714492798,0.7103110551834106,-1.2040104866027832
3853,0.05455620959401131,2.1392948627471924,-0.39655354619026184,0.6253279447555542
3854,-0.9299295544624329,-2.145272731781006,0.9357154369354248,-0.8165357112884521
3855,-1.3143723011016846,0.39899638295173645,0.3552573323249817,-0.8137567043304443
3856,1.6440380811691284,-1.1781234741210938,-0.40139085054397583,1.124414324760437
3857,-1.2918609380722046,0.481076180934906,0.7757833003997803,0.26560479402542114
3858,0.45299649238586426,0.33450591564178467,1.4726322889328003,0.735188901424408
3859,0.007460223976522684,0.9429518580436707,0.8786345720291138,1.8547064065933228
3860,-0.5770928859710693,0.9362346529960632,-0.2610219120979309,-1.694346308708191
3861,-0.4709095060825348,-0.8283405303955078,0.422716349363327,-0.8361771702766418
3862,0.6922563314437866,-0.958702564239502,-0.2706897556781769,-1.6461714506149292
3863,0.4218622148036957,-0.09742134809494019,-0.5931512117385864,-2.2516984939575195
3864,1.427909016609192,0.6551166772842407,-1.2767943143844604,0.013109002262353897
3865,0.4858176112174988,-2.1344799995422363,0.5349507927894592,0.8707579970359802
3866,1.103981852531433,0.3505781292915344,2.727612257003784,2.1386728286743164
3867,-1.3273134231567383,1.1377402544021606,0.10845676809549332,-1.2803014516830444
3868,-0.34345126152038574,1.9075226783752441,1.7999131679534912,0.8863787651062012
3869,-0.2262059897184372,0.9131550788879395,-0.0873488187789917,0.42540669441223145
3870,0.3650924861431122,0.7151389718055725,-1.404921531677246,0.8214927911758423
3871,-0.7993344068527222,0.7816532850265503,0.7080589532852173,-0.5099835991859436
3872,0.49951431155204773,-0.22958631813526154,0.3708626329898834,1.4716402292251587
3873,-0.8590433597564697,-1.4919520616531372,0.494418203830719,-0.8454651832580566
3874,-0.4563216269016266,1.6097344160079956,-0.017105326056480408,-0.0011869743466377258
3875,-0.5664453506469727,0.4766877293586731,-0.379026859998703,-0.43351268768310547
3876,0.5585926175117493,-0.00782504677772522,1.6048424243927002,0.18828752636909485
3877,0.2620110809803009,-0.2633344233036041,1.3187826871871948,1.93129301071167
3878,0.07780726253986359,0.9143102765083313,1.1208101511001587,-0.6578422784805298
3879,-0.17558538913726807,1.5093040466308594,-0.559531569480896,-2.0340933799743652
3880,0.5879607200622559,1.0188201665878296,-0.2664024233818054,0.49410802125930786
3881,0.4567283093929291,-0.15205512940883636,1.973616361618042,0.9954718351364136
3882,-1.4616591930389404,0.6186280846595764,-0.5684564709663391,0.47639384865760803
3883,-0.27323395013809204,-0.1383277177810669,-2.1904075145721436,0.3113691210746765
3884,0.04478656128048897,1.2101012468338013,-0.22994722425937653,-0.4316335916519165
3885,-0.6642678380012512,0.6760633587837219,1.3699922561645508,0.4368496239185333
3886,-0.8609779477119446,0.21181778609752655,-0.19411692023277283,2.1609413623809814
3887,-0.579319953918457,-0.9847833514213562,0.05431734025478363,0.02344120293855667
3888,0.32258808612823486,0.43304744362831116,-1.1201506853103638,-0.07924926280975342
3889,0.3198589086532593,0.4053443372249603,-0.32588809728622437,-0.62358558177948
3890,-1.1830004453659058,-2.2432491779327393,1.2632079124450684,-1.5361292362213135
3891,-0.8253769874572754,0.7612658739089966,-0.8184216618537903,-0.6049520373344421
3892,0.6380764245986938,1.1975500583648682,0.5467782616615295,-0.3391593098640442
3893,-1.185880184173584,-1.0912946462631226,-0.1403125822544098,1.1137155294418335
3894,1.0108470916748047,2.7886691093444824,-0.9834660887718201,1.4576040506362915
3895,0.4400193691253662,-0.9732377529144287,0.3592073917388916,0.4057394564151764
3896,0.2603975236415863,0.44806239008903503,1.9282764196395874,1.1652029752731323
3897,-0.2844611704349518,-2.000537395477295,-0.830674946308136,-0.7623203992843628
3898,-1.1670395135879517,-0.30649346113204956,-0.5503363013267517,0.4538605511188507
3899,-0.27897927165031433,-0.11820071935653687,-0.01966679096221924,1.260482907295227
3900,-0.2738761007785797,0.34080028533935547,-0.648639976978302,-1.4526772499084473
3901,0.5766627192497253,-1.2393019199371338,-1.4352424144744873,1.0815869569778442
3902,-0.4064306914806366,-1.2997145652770996,-0.4316757321357727,0.2753749191761017
3903,-0.7528387308120728,-0.017591245472431183,-1.849047303199768,-1.9488850831985474
3904,-0.3052842915058136,-0.33656516671180725,0.3555959463119507,-0.5422623157501221
3905,-0.34489521384239197,-0.9148600697517395,-1.129264235496521,-0.30503925681114197
3906,-0.017127275466918945,-0.5642712116241455,-0.7141934037208557,0.542503833770752
3907,-0.2687593698501587,0.25266212224960327,-0.23491548001766205,-0.6334949731826782
3908,-1.1988126039505005,0.05878830328583717,0.21904787421226501,1.0729573965072632
3909,-1.212918996810913,-0.6131945848464966,0.5778659582138062,0.7287756204605103
3910,0.3932872712612152,0.7927649617195129,-0.4832613170146942,-0.08821484446525574
3911,0.5142425894737244,-0.7794744968414307,0.08229673653841019,-1.1364816427230835
3912,-0.2837983965873718,-0.3901831805706024,2.3057165145874023,-0.6617075800895691
3913,-0.4637385904788971,-0.06693306565284729,-0.16851332783699036,1.7338647842407227
3914,-0.13946712017059326,-1.4190905094146729,0.8272868394851685,-0.6777958869934082
3915,0.23173178732395172,0.30587059259414673,0.637229323387146,0.8407753705978394
3916,0.970974326133728,-1.063468098640442,0.3329455256462097,-1.5796504020690918
3917,-0.4848730266094208,-0.15084977447986603,-2.0699195861816406,-1.0170403718948364
3918,-1.66093111038208,1.1222909688949585,0.9251185059547424,-0.41426169872283936
3919,-1.4475511312484741,-0.021343663334846497,-1.1393457651138306,-0.9743331670761108
3920,0.6645825505256653,-0.12031839787960052,0.3837553560733795,1.0245717763900757
3921,0.5486354231834412,-0.983890175819397,3.4390203952789307,2.065357208251953
3922,-0.33134159445762634,-0.14382970333099365,1.5669240951538086,-0.42938148975372314
3923,0.6953755021095276,1.001637578010559,-1.910304307937622,-0.16312110424041748
3924,1.6149555444717407,0.5105012059211731,-0.32096466422080994,-0.31016021966934204
3925,0.5517591238021851,2.3577003479003906,-0.1842854768037796,-1.5553879737854004
3926,0.29677653312683105,-1.4343087673187256,0.7463949918746948,-1.61432683467865
3927,-0.6246411204338074,1.4271043539047241,-1.8733714818954468,-2.770883083343506
3928,1.5600272417068481,-1.6022568941116333,1.1488476991653442,-0.2313113808631897
3929,1.2489715814590454,-0.23515436053276062,1.9011415243148804,0.20801670849323273
3930,1.4346122741699219,-0.05594656616449356,-2.3825490474700928,1.3873659372329712
3931,0.5559746623039246,-0.2509048283100128,-0.5461723208427429,0.4623972177505493
3932,1.379106044769287,0.5134288668632507,-0.6799736022949219,0.7414060235023499
3933,-2.945932626724243,1.6969759464263916,-0.522685706615448,-0.18550175428390503
3934,-1.3106557130813599,0.5925370454788208,1.0511088371276855,2.040842294692993
3935,-0.09670273959636688,0.8937928676605225,0.3792611360549927,-0.37867987155914307
3936,-0.930803656578064,1.762548565864563,1.6108859777450562,-0.2396109402179718
3937,0.0007515633478760719,0.36440202593803406,-0.340440034866333,-1.7996797561645508
3938,0.8955335021018982,1.461264729499817,0.99969881772995,-0.0016989745199680328
3939,0.6710569858551025,1.0974842309951782,-2.222905158996582,0.4422205686569214
3940,-1.1483029127120972,0.14275208115577698,-0.26576197147369385,1.1478419303894043
3941,-0.19714461266994476,-2.4144985675811768,-0.13829170167446136,-0.5852138996124268
3942,-0.39065828919410706,-1.1277081966400146,0.22179366648197174,-0.36346566677093506
3943,-0.9488468766212463,0.24355536699295044,1.5314761400222778,-0.3751865327358246
3944,-0.825859546661377,0.18585990369319916,-0.44572165608406067,0.6887556910514832
3945,0.2566285729408264,-0.2557522654533386,1.9089910984039307,-0.5161055326461792
3946,-0.4793371558189392,-0.14594316482543945,-0.6211600303649902,0.7876777052879333
3947,0.1706446409225464,0.058936357498168945,-0.8552324175834656,-0.39046624302864075
3948,0.8479967713356018,0.34996452927589417,-0.010232262313365936,1.2196844816207886
3949,2.1263465881347656,2.39266300201416,-1.2999218702316284,1.2055655717849731
3950,-0.5974528193473816,-0.2662084698677063,-0.4386471211910248,-0.48305419087409973
3951,0.21284450590610504,0.5477351546287537,-0.4595538079738617,0.20051425695419312
3952,-2.973430633544922,0.15986356139183044,-0.703885018825531,1.6278588771820068
3953,1.6910251379013062,-2.247051239013672,0.24475231766700745,-1.653114676475525
3954,1.914594054222107,-0.5151352286338806,0.5867610573768616,1.122828722000122
3955,0.5351299047470093,0.0018965601921081543,-0.3057631254196167,-0.23921027779579163
3956,0.08540239930152893,-1.2204811573028564,1.9867618083953857,1.6267824172973633
3957,0.023295201361179352,0.779688835144043,-1.1341601610183716,-0.21648332476615906
3958,-0.07107092440128326,0.06531616300344467,-1.547020673751831,-0.3271923363208771
3959,0.08399924635887146,1.7381929159164429,-0.8053441643714905,-0.9198399186134338
3960,2.563589096069336,0.34310609102249146,-0.4119645953178406,-1.7237821817398071
3961,-0.9094153642654419,1.5220515727996826,-0.18722613155841827,-0.7758114337921143
3962,-1.0650908946990967,2.8256940841674805,1.0002094507217407,1.2696752548217773
3963,0.11881312727928162,0.0833851620554924,-1.0973180532455444,-0.26052126288414
3964,-0.9674559831619263,-0.3441711664199829,-0.47637563943862915,-0.6109288334846497
3965,0.7462502717971802,0.6641817688941956,-0.20997172594070435,0.6996859312057495
3966,-1.5690975189208984,-0.5025227069854736,-0.4618097245693207,1.8628125190734863
3967,1.0475441217422485,0.2638927400112152,1.8413009643554688,-0.869897186756134
3968,-0.26542454957962036,-0.6793042421340942,-1.0495996475219727,0.30655303597450256
3969,0.6028817892074585,0.5805724263191223,-0.5165209174156189,-1.1381125450134277
3970,-0.467393159866333,-1.2392468452453613,0.15037444233894348,1.0931142568588257
3971,-0.18329960107803345,-0.5229048132896423,2.255021333694458,-0.16470587253570557
3972,-0.7828528881072998,2.1982412338256836,-0.3113847076892853,-2.2258963584899902
3973,-0.6435532569885254,-0.15419767796993256,0.45698192715644836,-0.4300597906112671
3974,-0.38022398948669434,0.5079169273376465,0.10166384279727936,1.2689906358718872
3975,0.0020412877202033997,-0.914264440536499,-0.1875419318675995,-0.6433027982711792
3976,-0.45930182933807373,0.35954225063323975,0.09460676461458206,-0.07775355130434036
3977,-0.7034220099449158,0.4097106158733368,0.8071598410606384,2.6951212882995605
3978,0.3657161295413971,1.885176181793213,0.9793858528137207,0.8795980215072632
3979,0.33081910014152527,-1.9966174364089966,0.8740711212158203,0.6990139484405518
3980,0.27741193771362305,0.43482160568237305,-1.0424416065216064,-0.7169749736785889
3981,-1.5902698040008545,0.5713680982589722,-0.2875663638114929,-1.244411826133728
3982,-0.8632133603096008,-1.403074026107788,-0.6228452920913696,0.4232977330684662
3983,-0.2809540629386902,0.5282668471336365,0.1553943157196045,1.0775572061538696
3984,1.3393977880477905,-1.2834111452102661,0.6373281478881836,0.44225049018859863
3985,0.03575152903795242,0.9179696440696716,-1.7037231922149658,0.018898863345384598
3986,0.6808426380157471,0.30723023414611816,-0.8889003992080688,0.0027944184839725494
3987,0.08372867107391357,0.5349915027618408,0.3857020437717438,0.36529216170310974
3988,1.2135039567947388,0.6328477263450623,0.45221590995788574,0.5963623523712158
3989,-1.2165940999984741,-0.9322398900985718,0.12115222215652466,-0.3595070242881775
3990,1.4163641929626465,2.1469547748565674,-1.226296305656433,-0.977777361869812
3991,-0.6739190220832825,0.9890154600143433,-0.9492419362068176,1.1472679376602173
3992,-1.5744119882583618,-0.41733840107917786,0.8598458766937256,-1.5269361734390259
3993,2.2340517044067383,-0.9865151643753052,0.8873512148857117,1.3573609590530396
3994,-0.6267175674438477,0.28640419244766235,-0.7752761244773865,0.4626951813697815
3995,0.7432675361633301,0.10289504379034042,0.05403956398367882,0.466564416885376
3996,-0.34735387563705444,-2.7633492946624756,0.9197136163711548,-0.6810868978500366
3997,0.9192518591880798,1.9323807954788208,-0.9945665001869202,0.638884425163269
3998,1.4353759288787842,0.28421056270599365,-0.720141589641571,0.21164819598197937
3999,0.6567773222923279,-0.23931826651096344,0.03077748976647854,0.8054078221321106
4000,0.4342972934246063,-0.40495970845222473,-0.0789930522441864,-0.09085533022880554
4001,1.1688275337219238,0.9186097979545593,0.4974832534790039,0.5305487513542175
4002,0.9262299537658691,1.5405064821243286,0.38238996267318726,-0.37604179978370667
4003,1.0963178873062134,0.24743454158306122,0.6009726524353027,-0.7992536425590515
4004,0.9641809463500977,0.9867064952850342,-0.11462582647800446,0.9386205077171326
4005,1.1672216653823853,0.8035476803779602,0.4288479685783386,-0.4406956434249878
4006,-0.336003839969635,-0.551928699016571,1.1718896627426147,1.1029505729675293
4007,-0.08221636712551117,-0.08418754488229752,0.10707298666238785,-1.4820101261138916
4008,-0.7560799717903137,0.9934811592102051,0.15374699234962463,-0.48451387882232666
4009,-0.35995662212371826,-1.3966591358184814,1.23917555809021,-1.4332765340805054
4010,0.8648797273635864,0.7978314161300659,0.7710768580436707,0.06847130507230759
4011,-1.5150760412216187,-1.0953384637832642,1.8064477443695068,1.5277405977249146
4012,-0.6481609344482422,-0.26232150197029114,1.1955674886703491,-1.0855962038040161
4013,0.09689927101135254,1.0264414548873901,1.1777219772338867,-0.4405103623867035
4014,-0.1240188330411911,0.35086503624916077,0.7209108471870422,-1.4262350797653198
4015,1.1138757467269897,-0.46955814957618713,0.36814793944358826,-1.5108222961425781
4016,-0.31631162762641907,-0.4600379467010498,-0.3743879795074463,0.5283458828926086
4017,0.24605286121368408,0.032636869698762894,0.1529550552368164,0.0023305006325244904
4018,0.3531014919281006,0.5684453845024109,-0.2967168390750885,-1.792833685874939
4019,0.644646406173706,-0.30479899048805237,-1.324633240699768,-0.8378320932388306
4020,-2.3404719829559326,-1.400397539138794,-2.5601186752319336,-0.021120943129062653
4021,-0.983547031879425,0.36881905794143677,0.74365234375,0.8248518705368042
4022,-1.4383060932159424,-0.5579706430435181,0.166737899184227,2.4377479553222656
4023,-0.6523022055625916,-0.3575250804424286,-0.5246027112007141,-0.5816145539283752
4024,-1.8577535152435303,0.5190048217773438,-1.3481101989746094,-0.4836866855621338
4025,0.09969941526651382,1.1259084939956665,0.04430179297924042,-1.05087149143219
4026,2.5171892642974854,0.3637201189994812,0.47831130027770996,0.35296016931533813
4027,0.5731391310691833,1.3319581747055054,-0.26015764474868774,-0.6335151791572571
4028,-1.0567302703857422,-0.7392404079437256,-0.7400301694869995,-0.27650001645088196
4029,1.4541454315185547,0.6245402693748474,-0.6644629240036011,0.4163040816783905
4030,1.0555217266082764,-0.4294562339782715,0.607537567615509,0.9443913102149963
4031,-1.1602814197540283,-0.4750138521194458,0.05811544507741928,-0.5054708123207092
4032,0.4662626087665558,-1.5389039516448975,-0.8685198426246643,-0.5481336712837219
4033,-1.1821099519729614,-1.2122762203216553,1.809744119644165,-2.0830118656158447
4034,1.1890977621078491,0.14759038388729095,-0.011619653552770615,2.1275124549865723
4035,0.5694053173065186,2.8344459533691406,-1.6490784883499146,-1.1080384254455566
4036,-0.704355001449585,-0.8213592171669006,0.8543837666511536,1.7882798910140991
4037,0.5205008387565613,-0.6410925984382629,-0.1604529321193695,0.26935556530952454
4038,-0.8867758512496948,-0.9113069176673889,-1.2937052249908447,1.2741996049880981
4039,0.2976592183113098,0.10692131519317627,0.5480766296386719,-0.7401198744773865
4040,0.22448799014091492,-0.2697857916355133,-1.689689040184021,-2.1579535007476807
4041,-0.5118734240531921,-1.8862521648406982,-1.182490348815918,0.2996968924999237
4042,0.5303781628608704,-0.5854452252388,-0.34408432245254517,-0.49508193135261536
4043,1.0079231262207031,-0.9806886911392212,-0.3369322419166565,0.34584492444992065
4044,1.1442277431488037,-0.6831169128417969,-1.0992200374603271,-0.6744506359100342
4045,-2.344968318939209,-0.16854913532733917,0.10918279737234116,-1.2166292667388916
4046,-0.7736350297927856,1.4463378190994263,0.20047037303447723,0.6539106965065002
4047,-0.7442219257354736,0.020442750304937363,0.0870201513171196,-1.4862589836120605
4048,-0.5100090503692627,1.1622564792633057,0.7930679321289062,0.15635283291339874
4049,-1.207826018333435,-0.24787023663520813,1.6148916482925415,0.5213042497634888
4050,0.6956771016120911,-0.3762991428375244,-2.057947874069214,-0.004855342209339142
4051,-2.4383127689361572,-1.9957847595214844,1.3639150857925415,2.501862049102783
4052,0.6042637825012207,-0.5249007940292358,0.1837572157382965,0.6839537620544434
4053,-0.22689230740070343,1.2858788967132568,-0.8996066451072693,-0.914138674736023
4054,0.055184297263622284,0.24729591608047485,-0.04531744867563248,-1.6358698606491089
4055,1.2231934070587158,-0.21575047075748444,0.13999299705028534,1.149368166923523
4056,-0.02103947103023529,0.8519940972328186,-0.5182653069496155,-0.4968322515487671
4057,-2.058570146560669,0.4802629053592682,-0.4376947581768036,-0.7212535738945007
4058,0.1751604974269867,1.351883053779602,0.2107265144586563,0.9953535795211792
4059,0.147212952375412,0.8606483936309814,-0.3467796742916107,0.12341479957103729
4060,1.2757720947265625,-1.3125925064086914,-0.8712517619132996,0.21096542477607727
4061,-0.5542443990707397,0.09052080661058426,-1.2970094680786133,-1.6517552137374878
4062,-0.5034610629081726,-0.41498613357543945,0.33225002884864807,1.188822865486145
4063,0.3653561472892761,0.17261938750743866,-0.9895986318588257,-1.2700648307800293
4064,-1.440778374671936,0.6695518493652344,-0.4450340270996094,-0.5856648087501526
4065,-0.4036259353160858,0.7149408459663391,-0.023237310349941254,1.4778331518173218
4066,1.1913942098617554,-0.10106928646564484,0.2830032408237457,1.0816212892532349
4067,0.087332583963871,-0.16481678187847137,-0.07907252013683319,-0.01644810475409031
4068,0.24322353303432465,0.4216705858707428,-1.8548080921173096,2.3771145343780518
4069,-0.3833008110523224,-0.0854019820690155,-0.4013131260871887,-0.7091782689094543
4070,-0.7401551604270935,0.17792972922325134,0.7468096017837524,-2.0591180324554443
4071,0.29993700981140137,1.54004967212677,-0.12437644600868225,0.9194285869598389
4072,0.6759311556816101,0.10132163017988205,-1.2778491973876953,0.518915057182312
4073,-0.959283709526062,0.036759208887815475,1.1758754253387451,1.128293514251709
4074,-0.7930565476417542,0.47207438945770264,0.24997596442699432,1.7302919626235962
4075,0.24282115697860718,-0.34996944665908813,0.8662537336349487,1.6371272802352905
4076,-0.7995407581329346,-0.24768762290477753,1.0128228664398193,1.6951181888580322
4077,0.2517112195491791,0.6875020265579224,-1.5069361925125122,0.5625954270362854
4078,-0.042223893105983734,-0.14402680099010468,-0.60593581199646,-1.2750203609466553
4079,-1.1939525604248047,0.022555390372872353,-0.6074476838111877,0.9895131587982178
4080,-0.7183859348297119,-0.3454092741012573,-2.8786861896514893,0.19091197848320007
4081,1.375972032546997,1.1590309143066406,-0.1285986453294754,-0.45947006344795227
4082,0.06381362676620483,0.12930923700332642,-0.5051445364952087,0.24248124659061432
4083,-0.6504710912704468,1.3426365852355957,0.4029097259044647,0.8294691443443298
4084,1.0527578592300415,0.7409223318099976,1.3590999841690063,-0.022591926157474518
4085,1.1143150329589844,1.0842832326889038,-0.3550974726676941,0.8395612239837646
4086,0.6427972912788391,-0.008598197251558304,0.16855788230895996,1.1254334449768066
4087,-0.007081069052219391,0.09637691080570221,-0.8446944355964661,-1.4891736507415771
4088,-1.6742935180664062,-1.3200632333755493,0.9431801438331604,0.4477982819080353
4089,-1.3825751543045044,0.11782488971948624,-1.8760606050491333,0.9590414762496948
4090,-1.8080344200134277,0.21450087428092957,-0.2242843210697174,-0.9220393300056458
4091,0.8267541527748108,0.5987213850021362,0.3201250731945038,-1.1970045566558838
4092,1.438786506652832,-0.6315575242042542,-0.5810258984565735,0.4851357638835907
4093,-1.3020166158676147,-0.6129067540168762,1.3767205476760864,0.30952736735343933
4094,1.0466002225875854,-0.27323341369628906,0.6281923651695251,0.3834894895553589
4095,0.33135437965393066,-0.9011135697364807,-0.6979561448097229,1.172996163368225
4096,-0.4739157259464264,0.00285499170422554,-0.4162854850292206,0.6614938974380493
4097,0.8789390325546265,1.099012851715088,0.012999037280678749,-1.7404690980911255
4098,0.7964636087417603,0.19062653183937073,2.131681203842163,-2.197019577026367
4099,0.5283072590827942,-1.1644551753997803,-1.4654632806777954,-0.8606259226799011
4100,0.9777941703796387,0.21096128225326538,0.6374741196632385,-0.6330363750457764
4101,-0.8912644982337952,-0.5011395215988159,0.061542268842458725,-0.3836422562599182
4102,1.6736491918563843,1.0284974575042725,0.38290828466415405,0.31856632232666016
4103,0.23314587771892548,0.8540288209915161,-1.3526129722595215,-1.7471054792404175
4104,1.8026741743087769,-0.8150719404220581,0.4232832193374634,-0.9126298427581787
4105,0.44611313939094543,0.4450596868991852,-1.0830821990966797,0.4845648407936096
4106,-0.5449900031089783,-0.5511571168899536,-2.163641929626465,0.11352001130580902
4107,-0.48535799980163574,0.5914008021354675,0.840261697769165,-1.6495769023895264
4108,0.5079946517944336,1.3246442079544067,0.9248100519180298,-0.24114812910556793
4109,0.5464034676551819,0.9822288155555725,-1.7289029359817505,1.4087797403335571
4110,-1.086159348487854,1.0536202192306519,0.7513858675956726,-0.10450977832078934
4111,-0.5127424001693726,-0.03272314369678497,1.2472831010818481,1.5619702339172363
4112,0.490619033575058,-0.1552988439798355,0.5716789960861206,-0.30903807282447815
4113,0.9807309508323669,0.561821699142456,-0.07560514658689499,0.11302870512008667
4114,1.3758867979049683,-0.284710168838501,-1.3308582305908203,-1.4112623929977417
4115,1.4480503797531128,0.492148756980896,1.1144351959228516,0.8229132294654846
4116,-1.2233150005340576,0.9423046112060547,-0.27445659041404724,-1.221199631690979
4117,0.1758684366941452,0.5662413239479065,1.106194257736206,-0.8780912160873413
4118,0.8651919364929199,2.273948907852173,0.06944503635168076,-0.2968667149543762
4119,1.536453366279602,-0.3169659376144409,0.9261810183525085,-1.250708818435669
4120,0.8104188442230225,1.494797945022583,0.8271204233169556,-0.5592555999755859
4121,-1.9238438606262207,-0.6015326380729675,-0.9082299470901489,-1.217888593673706
4122,0.5455999374389648,-0.4812716245651245,1.2312365770339966,-0.4709332287311554
4123,-1.9513262510299683,0.9328723549842834,-0.18747858703136444,0.08667780458927155
4124,0.558692991733551,1.2530468702316284,-0.004904117435216904,-0.7143976092338562
4125,-0.21524667739868164,0.8763514161109924,-0.561582624912262,1.3648254871368408
4126,-0.44858604669570923,0.023343827575445175,-0.37407761812210083,0.8662988543510437
4127,0.0205584354698658,1.6950910091400146,0.26546019315719604,-0.37862691283226013
4128,0.5745338201522827,0.5473966002464294,-2.0291507244110107,0.33398619294166565
4129,-0.8654313087463379,-0.7493346333503723,1.637620449066162,1.415945053100586
4130,-0.2745736241340637,0.6715372800827026,0.08675818145275116,-1.0265259742736816
4131,2.542888641357422,-0.3313283324241638,0.11450444906949997,1.3718165159225464
4132,-0.2964569926261902,0.6861437559127808,1.111492395401001,0.42506924271583557
4133,-1.3430224657058716,0.7532756328582764,0.189138725399971,-0.9853863716125488
4134,-1.2983794212341309,0.435410737991333,0.529363214969635,-0.8865677118301392
4135,-0.06897325813770294,0.8623787760734558,1.1949803829193115,1.6374517679214478
4136,-1.2527941465377808,-0.2694181203842163,2.351778745651245,0.3139309585094452
4137,0.147559255361557,1.3176040649414062,-0.546204686164856,-0.4110126793384552
4138,-1.4737367630004883,0.7445051670074463,-0.057901740074157715,-0.05412524938583374
4139,-0.23835109174251556,0.7761582732200623,-1.0396919250488281,0.6336735486984253
4140,1.08320951461792,-0.015119805932044983,1.6626179218292236,-0.634493887424469
4141,-0.9642656445503235,1.2183146476745605,2.730389356613159,-1.5525798797607422
4142,-0.18274237215518951,0.013988688588142395,-1.0120443105697632,-0.7268000841140747
4143,-1.1895569562911987,-1.3907804489135742,1.3007639646530151,-0.733227014541626
4144,0.1101149469614029,0.5382212400436401,1.8418667316436768,1.518233060836792
4145,0.7284042835235596,-1.1800330877304077,-1.8518577814102173,0.7596607208251953
4146,0.14002829790115356,-0.4209633767604828,0.48671427369117737,-0.7272434234619141
4147,0.4066670536994934,0.9553483724594116,-0.9631084203720093,1.2449456453323364
4148,1.787414789199829,1.3858108520507812,0.30006301403045654,-0.9662601947784424
4149,-0.3480224311351776,-1.4068235158920288,-0.05721595883369446,-1.7061424255371094
4150,0.5869820713996887,0.015537053346633911,2.658513069152832,1.1425639390945435
4151,0.39111366868019104,-2.0235044956207275,-0.6951000094413757,0.5735864043235779
4152,-1.5657920837402344,1.5696758031845093,-0.5200422406196594,0.30930596590042114
4153,0.7985925078392029,-1.5580531358718872,0.14597827196121216,-0.8549498915672302
4154,-1.4008214473724365,-2.205456018447876,0.1607969105243683,-1.4073879718780518
4155,-0.17285485565662384,-0.4354758560657501,-0.15003171563148499,-0.45733848214149475
4156,-0.5323869585990906,0.18239225447177887,0.08460075408220291,0.16437768936157227
4157,-0.842670202255249,0.8350687026977539,0.20981010794639587,1.4068281650543213
4158,0.881530225276947,0.502045214176178,-0.9087544083595276,-0.3953227400779724
4159,-0.4496462345123291,1.0097341537475586,2.392901659011841,0.5578946471214294
4160,0.16864140331745148,-1.38190495967865,0.8119311928749084,0.8301734328269958
4161,-0.8287290334701538,-1.7588491439819336,1.898888111114502,-0.9213319420814514
4162,-1.3975181579589844,1.3701494932174683,0.09030759334564209,-1.4180543422698975
4163,1.3720039129257202,0.3136208653450012,-0.0359940268099308,-1.2860708236694336
4164,0.6360834240913391,1.324193000793457,0.9798022508621216,-1.286538004875183
4165,-1.0524482727050781,-0.44878003001213074,2.243134021759033,-0.6156779527664185
4166,-0.3240860104560852,-1.2607172727584839,-0.48013150691986084,-0.2560441792011261
4167,-2.473212242126465,-0.23614004254341125,0.20544348657131195,-1.9493554830551147
4168,2.326493263244629,0.41413387656211853,0.7068857550621033,-0.07029833644628525
4169,-1.1419446468353271,0.292692095041275,-0.8721992373466492,-0.25717735290527344
4170,-0.7512794137001038,1.9288341999053955,-1.5765197277069092,0.05271999165415764
4171,-0.19393035769462585,0.5683979988098145,-0.0192691832780838,0.3066309690475464
4172,-0.7357821464538574,2.1154956817626953,0.3512302041053772,0.7703192234039307
4173,1.4750579595565796,0.8268606662750244,0.31534847617149353,0.6282015442848206
4174,-1.447327971458435,0.536361813545227,-0.018774311989545822,-1.532177209854126
4175,-0.22937552630901337,-0.33464518189430237,-0.47722482681274414,0.20285043120384216
4176,-0.9137282371520996,1.9203259944915771,-1.2901009321212769,-0.695949912071228
4177,0.026114266365766525,-0.2842908799648285,-1.1306536197662354,-0.19295650720596313
4178,-0.756778359413147,-1.4193661212921143,-0.07516127824783325,0.16829515993595123
4179,1.1656924486160278,-0.9609673619270325,-0.3176421523094177,-1.0372564792633057
4180,-0.6242075562477112,-0.2109396606683731,0.9144533276557922,-0.18922679126262665
4181,-0.4501069188117981,-0.05210705101490021,-0.14765755832195282,-0.8199764490127563
4182,0.1439543217420578,-1.4844638109207153,1.8812518119812012,1.3211891651153564
4183,0.03416161611676216,1.6142261028289795,0.7932983636856079,2.3912711143493652
4184,-0.9984413385391235,0.5938855409622192,-0.8055920600891113,-0.40023836493492126
4185,0.5698887705802917,0.694467306137085,0.4026587903499603,0.36944496631622314
4186,0.6668930053710938,0.038433175534009933,0.6854586601257324,0.9841566681861877
4187,0.38826218247413635,-0.8958048224449158,0.3064296841621399,-0.45396968722343445
4188,-1.3623515367507935,1.3444396257400513,-1.8598188161849976,2.0558183193206787
4189,-0.36560019850730896,1.156911849975586,0.44606727361679077,0.734785258769989
4190,-0.47004854679107666,0.3718266189098358,-0.4266165792942047,-0.4146482050418854
4191,-1.0276387929916382,0.5667182803153992,0.25757110118865967,-0.7812634706497192
4192,-0.31757596135139465,-0.23133641481399536,-1.1138964891433716,-0.8043012619018555
4193,-2.5975630283355713,1.4947319030761719,-1.0588668584823608,-1.0107842683792114
4194,0.40090370178222656,0.0022570639848709106,-0.6768269538879395,-0.7145950794219971
4195,0.1668822467327118,1.0393695831298828,-0.4576697051525116,-1.1218708753585815
4196,0.4137156009674072,-0.3912506699562073,0.3186805546283722,-0.1425052285194397
4197,1.556536316871643,-0.024200737476348877,-0.3586416244506836,-1.4705597162246704
4198,0.4418210983276367,-0.6929515600204468,-0.22893324494361877,-0.11667412519454956
4199,-0.092657670378685,0.21455496549606323,0.6334531903266907,-0.48503944277763367
4200,-0.7897772192955017,0.10264501720666885,0.8143656849861145,0.9480726718902588
4201,-1.7336124181747437,-0.33514103293418884,0.9074050784111023,-0.08547337353229523
4202,-1.1306047439575195,-1.2568743228912354,-1.5951545238494873,-2.366239309310913
4203,-0.02895602025091648,1.0188121795654297,-1.2014511823654175,-0.371470183134079
4204,0.4985620081424713,-0.2094968557357788,-0.014596827328205109,-0.7755216360092163
4205,1.0222632884979248,-0.6734416484832764,0.028713379055261612,-0.026796311140060425
4206,-0.743916392326355,1.6435599327087402,0.20780856907367706,0.9078675508499146
4207,0.24169665575027466,-1.3106675148010254,-1.708551049232483,-0.20859387516975403
4208,0.09953249990940094,1.518407940864563,0.43170762062072754,-0.31111541390419006
4209,1.3116761445999146,0.8717207312583923,1.1011066436767578,1.343839168548584
4210,0.09478218853473663,-0.8210400342941284,-1.0175639390945435,-0.8176921606063843
4211,-1.2715497016906738,-1.2946512699127197,0.6980175971984863,0.7217162251472473
4212,-0.3936047852039337,-2.7621679306030273,-0.32459956407546997,-0.9874613881111145
4213,0.09772279858589172,0.32012689113616943,0.5254504084587097,-1.1599911451339722
4214,0.5058352947235107,0.927456796169281,1.7690610885620117,-0.7720649838447571
4215,0.2753893733024597,0.7756887078285217,-1.1839271783828735,-1.2458834648132324
4216,1.1135807037353516,-0.5454891920089722,2.0258121490478516,-0.4555175006389618
4217,-0.680605947971344,0.4568427801132202,-0.7760268449783325,-0.9213829636573792
4218,-1.9645954370498657,-0.4068978726863861,-0.3583963215351105,0.6710934638977051
4219,-1.2602946758270264,0.17255622148513794,0.5975692272186279,0.2889016270637512
4220,-0.8100783824920654,-0.4791089594364166,-0.26747167110443115,0.07386887073516846
4221,-1.378111481666565,0.32362496852874756,0.662520170211792,0.27032721042633057
4222,0.7276452779769897,-0.24232697486877441,0.2949129045009613,0.29416829347610474
4223,0.4147392213344574,-1.9617834091186523,0.18767526745796204,1.1121817827224731
4224,0.6780536770820618,0.04890633746981621,1.1871167421340942,0.6154781579971313
4225,0.15096651017665863,0.12584629654884338,-1.8424245119094849,0.3768393397331238
4226,-2.463815927505493,-1.2458510398864746,1.0475226640701294,-1.294165849685669
4227,-1.1743146181106567,-0.15768083930015564,-0.9944794178009033,-1.0122711658477783
4228,-0.33916372060775757,0.763833224773407,1.6255067586898804,0.035905398428440094
4229,-0.30956658720970154,1.8240737915039062,-0.9748587012290955,-0.5718424916267395
4230,0.8233704566955566,0.8739285469055176,-0.09386349469423294,0.001614036038517952
4231,0.10593365132808685,-2.2640388011932373,-0.21373113989830017,-0.44802436232566833
4232,0.14630183577537537,0.9720621109008789,-0.7344725728034973,-0.3093594014644623
4233,-0.9291568994522095,-0.14625898003578186,-1.1651283502578735,0.5933166146278381
4234,-0.08962126076221466,-2.899038791656494,0.685741126537323,0.16135253012180328
4235,-1.8800325393676758,0.6467481851577759,-1.2799956798553467,0.7442684769630432
4236,-0.2525436282157898,-0.7377912998199463,-0.07742485404014587,-0.5319902896881104
4237,0.8530311584472656,-1.0013337135314941,-0.08904708921909332,-0.4638548195362091
4238,-0.05894295871257782,-0.7903818488121033,-0.23530080914497375,-2.011502742767334
4239,-0.4408074915409088,-0.8765497803688049,0.22799430787563324,0.6165045499801636
4240,-0.5979735255241394,-0.004842095077037811,-0.5973331332206726,0.719332754611969
4241,1.639024019241333,0.9097012877464294,0.7582330703735352,-0.7339560389518738
4242,1.0734807252883911,0.4181334376335144,0.0991441160440445,1.7063679695129395
4243,0.39179688692092896,-0.04694969952106476,-1.0911411046981812,-0.7021722793579102
4244,-1.2214014530181885,1.4040669202804565,-0.41470080614089966,-0.9403277635574341
4245,0.4295903146266937,-0.1833311915397644,0.5195236206054688,2.149358034133911
4246,-0.41261526942253113,-0.018894724547863007,0.8926368355751038,-0.6583069562911987
4247,1.3810735940933228,0.7215348482131958,-0.9075525403022766,-0.7356075048446655
4248,0.8383975028991699,0.3740481436252594,1.9064290523529053,1.7706758975982666
4249,-0.4182427227497101,-1.3386274576187134,-1.315085530281067,1.1678401231765747
4250,0.7738109230995178,-1.0440393686294556,-0.20688895881175995,0.510643720626831
4251,-0.09184782207012177,0.15382488071918488,0.36960816383361816,0.08779845386743546
4252,0.15601609647274017,-0.47477805614471436,1.5850180387496948,-1.1097089052200317
4253,1.9474512338638306,0.27742981910705566,0.8090813159942627,0.4519701302051544
4254,0.356458455324173,0.15972959995269775,-0.5897952318191528,-1.0867254734039307
4255,1.863919973373413,0.8156599402427673,-0.6956976056098938,0.14090782403945923
4256,-1.3531118631362915,1.0322248935699463,0.9027911424636841,-1.3031880855560303
4257,1.966525673866272,0.0260414220392704,0.49750983715057373,-1.4908483028411865
4258,0.6383726000785828,-0.07177219539880753,0.4592534303665161,1.454046368598938
4259,-0.7356847524642944,2.018094301223755,-0.44125714898109436,-0.7594432830810547
4260,-0.44655829668045044,0.256950318813324,-0.1217748299241066,0.8453441262245178
4261,1.3312169313430786,0.574891984462738,-1.647546648979187,1.1251881122589111
4262,1.3015751838684082,-0.46420320868492126,1.2129521369934082,0.3753088116645813
4263,-0.4146832823753357,0.8013148903846741,0.7664331197738647,0.774389386177063
4264,1.1993165016174316,0.2660776972770691,-0.8460239768028259,-0.3523563742637634
4265,1.025578498840332,-1.4004402160644531,1.15238356590271,-1.7827831506729126
4266,0.36065927147865295,0.18009799718856812,-0.9152944087982178,0.6665443778038025
4267,-0.08045905828475952,-1.6764600276947021,0.7156242728233337,-0.21115651726722717
4268,-0.827795147895813,-1.4161245822906494,-0.3824613392353058,-1.6830557584762573
4269,0.30805936455726624,-0.05619654804468155,1.215584397315979,-0.13815951347351074
4270,1.0476264953613281,1.6079342365264893,0.4438941478729248,0.6922500133514404
4271,-0.008047029376029968,-1.7719088792800903,-1.324660062789917,-0.14671491086483002
4272,-0.32301589846611023,-2.019949197769165,0.4727635383605957,-0.7016153931617737
4273,-1.0158134698867798,-0.42692214250564575,1.928032398223877,0.4707367718219757
4274,-0.9633777737617493,-1.8551349639892578,-1.1866320371627808,-0.09616094827651978
4275,-0.549555778503418,-0.07480355352163315,0.08182913810014725,0.5645535588264465
4276,-0.22043263912200928,-0.185207799077034,-0.2569188177585602,0.5279808640480042
4277,1.3438373804092407,0.08048053830862045,-0.0902881771326065,1.7033764123916626
4278,-1.3293893337249756,1.5236003398895264,-0.21604382991790771,0.2990127205848694
4279,-0.23453211784362793,1.112785816192627,-0.30304574966430664,0.581045389175415
4280,0.9666064381599426,1.1824312210083008,-0.3359971344470978,1.1585071086883545
4281,-0.6464307904243469,1.287947416305542,1.2729661464691162,0.16839152574539185
4282,-1.5597000122070312,-0.5987688302993774,1.6177423000335693,0.9133187532424927
4283,0.6856365203857422,0.45693084597587585,0.9030163288116455,-0.022098582237958908
4284,0.7878280282020569,-1.1989870071411133,-0.3637610971927643,-0.8181543946266174
4285,-1.7273602485656738,1.5079772472381592,-0.7197234630584717,-0.08662644028663635
4286,-0.051316309720277786,0.3110213875770569,0.9246854186058044,0.37950965762138367
4287,0.18160925805568695,0.5442941784858704,-1.1540042161941528,-1.36733078956604
4288,-0.47596651315689087,0.8292659521102905,0.9958404302597046,-1.6004515886306763
4289,0.9594845175743103,0.6281745433807373,0.9858109354972839,0.763157844543457
4290,-0.5555563569068909,0.3328145444393158,-0.1448962241411209,0.5316473841667175
4291,0.09133702516555786,0.2710941433906555,0.07759924232959747,1.1443839073181152
4292,1.1856433153152466,-1.5595515966415405,-0.3635781705379486,0.6872655153274536
4293,-0.9258350729942322,0.5746905207633972,-0.34639492630958557,-0.07833501696586609
4294,-3.0459938049316406,0.902400553226471,-1.8834729194641113,-0.9323916435241699
4295,0.11272996664047241,0.024548325687646866,1.4029446840286255,0.7406192421913147
4296,-0.4219222664833069,0.01618783548474312,0.04725060984492302,0.4520101845264435
4297,0.49468645453453064,0.21113917231559753,0.23510393500328064,0.9205833673477173
4298,0.0741596519947052,-0.6619293093681335,0.014476381242275238,-0.6295475959777832
4299,0.34183216094970703,0.5526753067970276,0.14848214387893677,1.359838604927063
4300,0.4675028324127197,0.2269190549850464,-0.9743689298629761,-1.9781562089920044
4301,0.4148886799812317,-0.8912078738212585,1.5394583940505981,-0.7522591948509216
4302,0.206475168466568,1.1361150741577148,-0.08806614577770233,0.33439984917640686
4303,-1.3842045068740845,-0.28013017773628235,-1.034490942955017,-1.8646140098571777
4304,-0.23147909343242645,-0.19106975197792053,1.3077096939086914,-0.9177467823028564
4305,0.5089977979660034,1.0990873575210571,-0.7167332172393799,2.05259370803833
4306,1.545209527015686,1.266990303993225,0.4968406558036804,-1.1764731407165527
4307,0.7328057885169983,2.7366812229156494,-0.3442002534866333,-0.9480519890785217
4308,1.1337783336639404,0.5344700217247009,-1.2401195764541626,-1.2560908794403076
4309,0.18644915521144867,-0.7832096815109253,1.17892587184906,-0.12351252138614655
4310,-0.9074207544326782,0.05953165143728256,-0.4521256387233734,0.6954576969146729
4311,-0.2442910373210907,-0.5082459449768066,-1.627445101737976,0.43437957763671875
4312,2.2951242923736572,-0.32678651809692383,-0.2336125671863556,0.6801689267158508
4313,0.9524227976799011,-1.176938533782959,-0.13290375471115112,-2.4054203033447266
4314,-0.5235397815704346,0.30101531744003296,0.8339651823043823,-0.9028108716011047
4315,0.4645285904407501,-1.1805342435836792,0.20535801351070404,2.260010242462158
4316,-1.6769980192184448,-0.24344655871391296,-2.7506914138793945,-1.0694409608840942
4317,0.026448681950569153,0.06439967453479767,0.8938388228416443,0.7486770153045654
4318,0.19328880310058594,-0.3973519206047058,0.13776034116744995,-0.7253224849700928
4319,0.8416212797164917,-1.1343203783035278,0.6728164553642273,0.23872694373130798
4320,0.6174375414848328,-0.639026939868927,-0.09050498902797699,1.454862117767334
4321,0.3862963914871216,-0.7464451789855957,0.6393574476242065,0.4454366862773895
4322,-0.48507601022720337,0.48216167092323303,0.45107534527778625,-0.7279224991798401
4323,1.349463701248169,1.6652096509933472,0.542841911315918,0.45031386613845825
4324,0.11177778244018555,-2.1757631301879883,-0.029819875955581665,-2.613738775253296
4325,0.03725077956914902,-0.5613829493522644,0.4380034804344177,-0.8991799354553223
4326,-0.1005655825138092,2.798572301864624,0.7447822690010071,0.2476532757282257
4327,0.1075085699558258,-0.2928421199321747,0.3409278392791748,-1.0141973495483398
4328,0.1263582706451416,0.63046795129776,1.0169897079467773,2.1264138221740723
4329,-0.1517302393913269,0.3712150454521179,-0.2115756869316101,1.5425388813018799
4330,1.0781391859054565,-2.5332019329071045,0.6958737373352051,-1.0154304504394531
4331,-0.5815505385398865,1.4622844457626343,1.1795448064804077,0.7499932050704956
4332,0.9538873434066772,0.8878453373908997,-1.3282949924468994,1.6013174057006836
4333,0.47233688831329346,1.2593715190887451,-1.4140547513961792,0.8135694861412048
4334,0.889769434928894,-0.6286525130271912,0.4558864235877991,-0.31251299381256104
4335,0.5064363479614258,-1.012079119682312,-0.41561371088027954,-0.980711042881012
4336,-0.9464781284332275,0.07779750972986221,-0.6284875869750977,1.5203721523284912
4337,-2.345097780227661,1.170566439628601,-1.3455572128295898,-0.9675272703170776
4338,-0.09136438369750977,-0.4130898416042328,0.4663860499858856,0.7975689768791199
4339,0.24846430122852325,-0.343051552772522,0.9647542238235474,-0.3268071413040161
4340,-0.9731130599975586,-0.5960307121276855,-0.8069119453430176,-0.2030249536037445
4341,1.5354042053222656,0.9593899250030518,0.34325742721557617,-1.086848258972168
4342,-0.7321802973747253,-1.5916544198989868,0.9398760199546814,0.03192772716283798
4343,-1.1727712154388428,2.119349241256714,-0.17565098404884338,-1.0458195209503174
4344,-0.12529557943344116,-0.43282341957092285,-0.05474632978439331,0.018678274005651474
4345,-0.7677111625671387,-0.4576570391654968,0.3380092978477478,-0.45672065019607544
4346,0.3884032964706421,-1.2157319784164429,0.9515043497085571,-1.41972815990448
4347,0.5013049840927124,-0.34556952118873596,1.543822169303894,1.4973561763763428
4348,0.3748343586921692,-2.510371208190918,0.23823097348213196,-0.04823971167206764
4349,-0.13997070491313934,0.8729341626167297,-1.7090530395507812,0.8320660591125488
4350,1.035176396369934,-0.29140904545783997,-0.490081787109375,-0.5026516914367676
4351,0.7035058736801147,-0.9380666613578796,0.44896095991134644,0.973051905632019
4352,1.3821954727172852,-0.5028284788131714,-1.4434486627578735,-0.2523746192455292
4353,0.22607561945915222,1.3533085584640503,-0.2849678099155426,-1.1337260007858276
4354,-0.9023271203041077,-0.8377594947814941,-1.3106521368026733,0.9869558215141296
4355,0.8363891243934631,0.8176776170730591,-1.6540164947509766,-0.3450329005718231
4356,1.6980093717575073,0.537168025970459,-0.8264929056167603,0.6399160623550415
4357,0.2501778304576874,-0.5128920078277588,0.6125516891479492,-1.8299545049667358
4358,-0.6674177646636963,0.30282673239707947,0.4137490689754486,-0.30687013268470764
4359,0.1544414460659027,-0.11643270403146744,0.2962118685245514,0.1873370110988617
4360,-2.507965326309204,0.9490906596183777,0.12952546775341034,-0.735768735408783
4361,0.7361084222793579,-0.49694040417671204,0.6004701256752014,-1.9790090322494507
4362,-1.8241206407546997,0.8847022652626038,1.7462033033370972,-0.6180561184883118
4363,-0.4030816853046417,-0.615254282951355,0.7157102227210999,0.3911103308200836
4364,0.6713547110557556,0.3363601267337799,-1.6050455570220947,0.09725409001111984
4365,-1.4428904056549072,0.5874446630477905,1.9199165105819702,-1.2045546770095825
4366,-0.060265228152275085,0.4721142649650574,-0.6660466194152832,1.6415719985961914
4367,-0.6983651518821716,1.4105541706085205,0.4111045002937317,0.16048750281333923
4368,-0.1360490918159485,0.06962362676858902,0.3993711769580841,-0.6642718315124512
4369,1.3295542001724243,0.3919808864593506,-0.5727624297142029,0.30985552072525024
4370,-0.22790567576885223,-0.839637815952301,-0.7245482206344604,-0.9932479858398438
4371,0.8179141879081726,0.8258031606674194,1.2400858402252197,1.658972144126892
4372,-0.19672073423862457,-0.4531857371330261,-1.1106417179107666,-1.3149664402008057
4373,0.6347106695175171,0.5537266731262207,0.5686379671096802,1.1922060251235962
4374,1.0947271585464478,-0.49128520488739014,-0.49386492371559143,-1.237957239151001
4375,-0.3679780960083008,0.6914650201797485,2.4233977794647217,0.39625608921051025
4376,-0.2032293975353241,0.7896401286125183,1.4509007930755615,-0.1893245279788971
4377,0.1707521677017212,-0.7889512777328491,-0.12450580298900604,-0.1533341258764267
4378,0.8795230984687805,-0.49435877799987793,-1.1839183568954468,0.8897108435630798
4379,1.6460262537002563,0.5547345280647278,0.7412283420562744,1.7242608070373535
4380,-0.04102305695414543,-1.524859070777893,0.4996447265148163,-1.5028014183044434
4381,-0.03860890492796898,-1.0982822179794312,-0.20413684844970703,0.612875759601593
4382,0.4593507945537567,0.31542539596557617,0.7798822522163391,-2.675602912902832
4383,-1.7528057098388672,-1.8924120664596558,0.6810377240180969,-0.2321913242340088
4384,-0.9993709921836853,-0.6105185151100159,1.295844316482544,-0.40429142117500305
4385,-1.365856647491455,0.056552592664957047,-0.18642497062683105,0.8815016746520996
4386,0.3165147006511688,-0.966343104839325,0.7952607274055481,0.2847212553024292
4387,0.26744142174720764,0.7000383138656616,1.2530616521835327,1.4840617179870605
4388,-1.3173774480819702,-0.5316682457923889,-0.6106668710708618,-1.6501009464263916
4389,0.1991375982761383,-0.5349407196044922,1.396472454071045,1.7134439945220947
4390,-0.972974419593811,1.039554238319397,0.11703663319349289,-1.0446113348007202
4391,1.214798092842102,0.19570140540599823,-0.10785289853811264,0.9246098399162292
4392,0.33250662684440613,0.7847854495048523,-1.005250334739685,-2.8325254917144775
4393,-2.1066644191741943,-0.7842543125152588,-0.038646500557661057,-0.6380491256713867
4394,0.3798754811286926,-0.6488624215126038,-0.4757564663887024,0.5216754078865051
4395,-0.3861647844314575,0.06338753551244736,-1.482041358947754,-0.35526368021965027
4396,2.064295530319214,0.4595204293727875,-1.2218400239944458,0.15467050671577454
4397,-0.4353618025779724,-0.75914466381073,-1.4519940614700317,-1.65766179561615
4398,0.5170312523841858,-0.8200446963310242,1.0634616613388062,0.4408227801322937
4399,1.1141583919525146,0.2747233211994171,-1.2343858480453491,0.5543661117553711
4400,1.0581704378128052,0.5247419476509094,0.5713760256767273,-1.1115154027938843
4401,-1.7696256637573242,-0.46785348653793335,0.39923766255378723,0.42986249923706055
4402,-0.8582654595375061,-0.247604638338089,-0.9952685832977295,0.7507902383804321
4403,-0.36586660146713257,-0.6510066390037537,-1.2469408512115479,0.6869114637374878
4404,-0.7362329363822937,-0.9809542894363403,0.46209830045700073,-2.605746030807495
4405,-0.45070332288742065,-2.261800765991211,-1.5938984155654907,-0.2614052891731262
4406,0.09389027953147888,-0.47901952266693115,0.5776377320289612,-0.623945415019989
4407,1.1570065021514893,1.0326082706451416,0.4256629943847656,-0.422493040561676
4408,-2.2666261196136475,1.137261152267456,-0.21479275822639465,-0.21153542399406433
4409,0.7601644992828369,-0.17811095714569092,-0.4021930396556854,1.899970531463623
4410,2.5165393352508545,-0.16834303736686707,0.8780289888381958,-0.18300524353981018
4411,-1.1355628967285156,0.9305227398872375,0.34410157799720764,-0.6266748905181885
4412,-0.693683385848999,0.8280155658721924,-0.03325272351503372,-0.9042750000953674
4413,0.6474387049674988,-0.23924392461776733,-0.35585224628448486,0.2611396908760071
4414,0.08342552185058594,-0.9387432336807251,-2.0630176067352295,0.3960195779800415
4415,-0.42609184980392456,-0.9793137907981873,0.2793184518814087,0.8764020204544067
4416,0.8920357823371887,-0.9024048447608948,0.7515788078308105,1.2688714265823364
4417,-0.6601364612579346,1.0577586889266968,0.14437121152877808,-1.5253162384033203
4418,0.8154073357582092,-0.4001710116863251,-0.025906864553689957,-0.5431554317474365
4419,-0.2837282121181488,0.33092164993286133,-0.906473696231842,-0.5845667123794556
4420,0.1795240044593811,1.2505990266799927,-0.6019513607025146,0.10455384850502014
4421,-0.09601759165525436,0.29985925555229187,1.4499917030334473,0.713758111000061
4422,-0.919628381729126,-0.28251412510871887,-1.433261513710022,-1.0736093521118164
4423,-0.36076056957244873,1.5407013893127441,0.2652058005332947,-1.599387526512146
4424,-0.3962175250053406,-1.4713751077651978,0.3459402322769165,0.4983631670475006
4425,-0.95811527967453,0.9780982732772827,-0.22159667313098907,-0.2846825122833252
4426,0.33244192600250244,-1.1454039812088013,-0.926042914390564,-1.077491283416748
4427,-0.9053306579589844,-0.29388752579689026,-1.5044690370559692,-0.6831014752388
4428,-0.6858786344528198,0.4695500135421753,0.05179452896118164,0.2942539155483246
4429,1.2081559896469116,1.2869549989700317,-0.84962397813797,-1.9176585674285889
4430,-1.9343845844268799,1.4893749952316284,-2.869075059890747,-0.6736811399459839
4431,0.1807524859905243,1.7026703357696533,-1.9511022567749023,0.4625369906425476
4432,-1.3011342287063599,0.9757899641990662,0.8682295083999634,0.8410144448280334
4433,-0.4615999460220337,-0.6591756343841553,0.43869879841804504,-2.4945435523986816
4434,-0.9012605547904968,-0.29532307386398315,0.1389128565788269,-1.2364709377288818
4435,0.8180932402610779,-0.8682721257209778,1.2216249704360962,2.4412310123443604
4436,-0.568008542060852,-1.5366755723953247,0.05782932788133621,1.1694557666778564
4437,0.06386354565620422,0.6065754294395447,-0.7013788819313049,1.482817530632019
4438,-0.11737060546875,-0.23813574016094208,1.1854782104492188,-0.5602014064788818
4439,-1.7347534894943237,-0.9193308353424072,-0.9501931071281433,0.5540981292724609
4440,-1.4836106300354004,-1.4477789402008057,0.21563176810741425,0.4212173819541931
4441,0.6355670690536499,-0.04047917574644089,-0.31795161962509155,-1.0537623167037964
4442,-1.2038990259170532,-1.7795674800872803,1.7727904319763184,0.42440739274024963
4443,1.4974020719528198,-0.8919461369514465,-0.4964895248413086,-0.31173190474510193
4444,0.20749473571777344,0.4827132225036621,1.4263453483581543,0.4085465371608734
4445,0.49844253063201904,-0.3674421012401581,-1.337451457977295,0.45463281869888306
4446,-0.5851936340332031,1.2320823669433594,-1.76741623878479,0.3002493381500244
4447,-1.410349726676941,-0.059254683554172516,-0.4668683409690857,0.7579357028007507
4448,-1.0452549457550049,0.03551747277379036,-0.35025742650032043,0.04193851351737976
4449,0.43431487679481506,2.2077114582061768,-1.7615095376968384,1.2456670999526978
4450,0.6681551933288574,-1.5889806747436523,-1.0022141933441162,-0.751982569694519
4451,1.2040163278579712,0.056451164186000824,-2.301731586456299,-0.08315582573413849
4452,1.0003936290740967,0.8080158829689026,-2.1320981979370117,0.8541802167892456
4453,0.0028055571019649506,0.7015184164047241,-0.6941812038421631,-0.18993334472179413
4454,-1.8804582357406616,-0.7838079929351807,-0.8117058873176575,1.0589263439178467
4455,0.9214828014373779,0.24651378393173218,0.5574137568473816,1.4842185974121094
4456,-0.018292173743247986,-0.6707441806793213,0.057263460010290146,-0.4712354242801666
4457,0.16729111969470978,1.1479527950286865,0.3872789144515991,0.4294607639312744
4458,-0.40743669867515564,-0.32168546319007874,-0.08925836533308029,1.452377438545227
4459,1.8712822198867798,-1.356545090675354,-0.30418866872787476,-0.8043903112411499
4460,1.5111430883407593,1.0050535202026367,0.6026193499565125,0.018897607922554016
4461,0.8344672322273254,1.0368205308914185,-0.9917904734611511,0.9777783751487732
4462,-0.10090705752372742,2.92686128616333,0.9400005340576172,-1.7516807317733765
4463,1.1849160194396973,1.8469289541244507,2.1171956062316895,1.28350031375885
4464,0.8371798992156982,-1.0122246742248535,0.5479910969734192,0.6752374172210693
4465,1.452297329902649,0.7945379018783569,-0.7179117202758789,0.5135546922683716
4466,0.1853029429912567,1.0494599342346191,0.4385020434856415,-0.39614686369895935
4467,2.4997262954711914,1.0766329765319824,-0.25045809149742126,0.14130789041519165
4468,0.09953930974006653,-0.7388447523117065,-0.509894847869873,0.3328839838504791
4469,0.5426807403564453,0.33364588022232056,-0.09669233858585358,0.41046619415283203
4470,-0.016012590378522873,-1.138106107711792,0.8652645349502563,1.665902018547058
4471,0.7393866181373596,-0.4367537498474121,0.26172780990600586,-0.8378551006317139
4472,1.3720264434814453,0.6779165267944336,1.0100713968276978,1.3466308116912842
4473,2.711456298828125,-1.3851908445358276,1.8187718391418457,-0.42271509766578674
4474,-0.7972556948661804,-1.238746166229248,0.7622937560081482,0.3906332552433014
4475,0.15357473492622375,-1.3908751010894775,-0.3522360324859619,0.0396081879734993
4476,-0.9530330300331116,-0.29760056734085083,0.340580552816391,-0.18877708911895752
4477,-0.01910768449306488,-0.2432558834552765,0.03720046952366829,0.740638017654419
4478,-0.28733670711517334,-1.58131742477417,0.26455602049827576,0.6846452355384827
4479,1.5793712139129639,0.6881011724472046,-0.6422968506813049,1.0462981462478638
4480,-0.9995999336242676,0.12462300807237625,-1.3085585832595825,2.0188448429107666
4481,0.9760871529579163,0.5247057676315308,-1.431614637374878,0.6903663277626038
4482,-0.3096824288368225,1.1087926626205444,0.3041129410266876,0.3266381025314331
4483,0.019280876964330673,0.4705318510532379,1.5928813219070435,0.4806693196296692
4484,-0.7704015374183655,-0.20619797706604004,0.6558672189712524,-0.19634507596492767
4485,-0.2713477909564972,0.15144668519496918,-0.8333883285522461,1.2418392896652222
4486,-1.3809012174606323,-0.24065662920475006,0.9676938056945801,0.8653056621551514
4487,-1.2444878816604614,-1.6130930185317993,1.743653655052185,-0.1610727310180664
4488,-0.2470548152923584,-3.085747480392456,-0.18182189762592316,0.770115852355957
4489,-0.8882551193237305,-0.6702284216880798,1.4757541418075562,-0.7882892489433289
4490,-0.3462182879447937,-0.8236100077629089,-0.05519060045480728,-2.0308785438537598
4491,0.5479450821876526,0.45889002084732056,0.6697656512260437,1.2177625894546509
4492,0.2829272747039795,-0.37979671359062195,-0.0038292296230793,-0.49088937044143677
4493,-0.16713911294937134,-1.0838663578033447,-0.04960155114531517,-0.007144266739487648
4494,-1.5577259063720703,-0.18276000022888184,-0.34945204854011536,0.577333390712738
4495,-0.819445788860321,0.4011029601097107,-1.2356384992599487,-0.6111159324645996
4496,-0.2448410838842392,-2.633951187133789,0.20533864200115204,-0.9732098579406738
4497,-0.8645581603050232,-2.6638805866241455,0.4240429997444153,1.1785544157028198
4498,-0.4153328537940979,0.08935172855854034,-0.3842979073524475,-0.22203755378723145
4499,0.8455795645713806,-0.342839777469635,-0.009125806391239166,0.3948342800140381
4500,1.7994920015335083,0.9511866569519043,-0.8489100337028503,-0.12141890823841095
4501,0.26848888397216797,0.07532699406147003,0.894454300403595,0.25772905349731445
4502,1.7271041870117188,0.7035315632820129,-0.15048561990261078,0.9729835987091064
4503,0.8113452196121216,-0.9053556323051453,-0.5788975954055786,-0.6866798996925354
4504,-2.4646689891815186,0.44738462567329407,-1.331516146659851,1.3545962572097778
4505,0.6025349497795105,-0.2687866687774658,-0.5017411708831787,0.6773263812065125
4506,-0.9654783010482788,0.2545386254787445,0.9396344423294067,-1.1638861894607544
4507,1.9483695030212402,1.2556647062301636,0.1874624341726303,-0.40601420402526855
4508,0.5688817501068115,-0.6551371812820435,0.8406689763069153,0.4960715174674988
4509,-1.8368622064590454,0.8105990290641785,0.4205178916454315,0.3219195604324341
4510,0.9036655426025391,0.26122620701789856,0.7087290287017822,-0.16802054643630981
4511,-0.5458490252494812,0.11135454475879669,-0.05129431188106537,-2.3602263927459717
4512,-0.9943797588348389,0.15279915928840637,0.7550631761550903,-0.8182451128959656
4513,-0.7846422791481018,-0.5638656616210938,1.3088867664337158,-1.0187928676605225
4514,0.012916795909404755,0.8943934440612793,0.10500819981098175,0.8588560223579407
4515,-1.365143060684204,-0.9913303256034851,-0.1950804591178894,-1.5958690643310547
4516,0.7782024145126343,-0.8225535154342651,-0.10110234469175339,-0.9120253324508667
4517,1.8048731088638306,0.7020438313484192,1.411920428276062,-0.060154035687446594
4518,-2.130955219268799,0.8169768452644348,-1.4076191186904907,-1.5494533777236938
4519,0.03601669892668724,-0.5326105952262878,-0.9828404784202576,-0.04127652570605278
4520,1.6385910511016846,0.1806325614452362,-0.18969805538654327,0.19650959968566895
4521,0.2515643537044525,-0.9009795784950256,1.7581491470336914,1.3124340772628784
4522,-1.860015869140625,0.4449516534805298,0.5453457236289978,0.9448734521865845
4523,1.6123881340026855,-0.8573054671287537,-0.9308290481567383,-1.7234899997711182
4524,-0.3367365002632141,0.016290325671434402,-0.4750099182128906,-0.8056576251983643
4525,0.07146228104829788,1.1197782754898071,1.5669339895248413,1.2819123268127441
4526,-0.6844695806503296,-1.2009116411209106,-0.43725329637527466,-0.5692523121833801
4527,-0.42196232080459595,-0.7329896688461304,-0.18220999836921692,1.5671321153640747
4528,-0.23824971914291382,-0.4809218943119049,0.2858637571334839,0.18950462341308594
4529,1.1193526983261108,-0.8152311444282532,0.8160498738288879,-0.029809029772877693
4530,-2.286473035812378,0.19013690948486328,0.5201990008354187,-1.5389189720153809
4531,-0.11013178527355194,1.8935191631317139,-0.40154191851615906,0.2956767678260803
4532,1.6957379579544067,0.32767412066459656,0.730343759059906,0.700576901435852
4533,-1.6860519647598267,0.31598085165023804,-0.40746861696243286,-0.17383524775505066
4534,-0.3276451528072357,-1.1859619617462158,0.7719151377677917,-1.916906714439392
4535,-0.7993930578231812,0.7657215595245361,-0.5671300888061523,-0.010652756318449974
4536,1.5673927068710327,-1.3357267379760742,-1.4570903778076172,-0.2342672199010849
4537,-2.430997371673584,0.8720314502716064,-0.5805531144142151,-0.6028169989585876
4538,-0.3868504464626312,-1.302433967590332,-0.126336932182312,0.08945979923009872
4539,1.500520944595337,-2.4060099124908447,-1.2451720237731934,-1.6213587522506714
4540,1.3814829587936401,-0.4654071033000946,0.10849010944366455,1.3089076280593872
4541,0.3786489963531494,-1.4021145105361938,0.1912410855293274,-1.0365700721740723
4542,-0.7762485146522522,-0.3822656273841858,-2.002781629562378,-1.0918586254119873
4543,-0.84721440076828,-0.7631954550743103,-0.5469231009483337,-1.744390845298767
4544,-3.330986499786377,1.8409059047698975,-0.2852299213409424,-0.1545245349407196
4545,-0.8885544538497925,-0.1924372762441635,-0.9500694274902344,0.1252882182598114
4546,-1.4437345266342163,-2.6307880878448486,-2.019458770751953,-0.024348005652427673
4547,0.6676366925239563,0.5736124515533447,-0.8517940044403076,-0.5039470791816711
4548,-1.5987318754196167,-1.325171947479248,-1.0569385290145874,0.3888837695121765
4549,0.1301906704902649,-1.1393458843231201,-0.13529852032661438,0.48943600058555603
4550,0.7217340469360352,0.39273667335510254,-0.21211543679237366,0.7898643612861633
4551,0.845696210861206,-0.1366509199142456,-0.5730065107345581,-1.675445318222046
4552,-1.1699836254119873,-0.7666193246841431,1.2840995788574219,-1.548446536064148
4553,0.1671142280101776,-2.3114001750946045,-0.7735200524330139,1.724404215812683
4554,1.1174464225769043,0.687711238861084,-0.6912369132041931,2.3568577766418457
4555,0.2795390486717224,0.6506686806678772,1.7993156909942627,-2.0973293781280518
4556,0.8460310697555542,0.9988996386528015,-0.016851123422384262,-0.361754834651947
4557,-0.9436284303665161,2.08884334564209,-2.6524367332458496,1.6278223991394043
4558,2.2824487686157227,1.5636564493179321,0.5564449429512024,-1.623529076576233
4559,0.5436776876449585,-0.49251723289489746,-0.732871949672699,-1.8245307207107544
4560,-0.16894252598285675,-0.09625298529863358,-0.4564305543899536,0.4853519797325134
4561,-0.6344619989395142,-0.21515417098999023,0.32779303193092346,-0.3911185562610626
4562,-0.13481110334396362,-0.878637969493866,0.17242340743541718,1.2488601207733154
4563,1.0337541103363037,0.3391611874103546,-0.8600931763648987,1.508375644683838
4564,-1.4351130723953247,0.15745845437049866,0.3297314941883087,0.07747922092676163
4565,0.23534613847732544,0.08472957462072372,-0.12588050961494446,-0.5133657455444336
4566,0.6689410209655762,-0.1066657155752182,1.1198585033416748,-1.8163121938705444
4567,0.5189662575721741,-0.7102668881416321,-0.48665136098861694,1.4567601680755615
4568,-1.8418374061584473,0.5885241031646729,-0.6380467414855957,-1.5074533224105835
4569,0.3616185188293457,1.3206113576889038,-0.9091418981552124,-1.4860297441482544
4570,-0.16356611251831055,0.43602654337882996,-0.2201869636774063,-0.8556674718856812
4571,1.542562484741211,-0.0701792910695076,1.592189908027649,0.5031413435935974
4572,1.3880407810211182,-1.3237923383712769,-0.2012195736169815,1.8249531984329224
4573,-1.100203275680542,-0.6813138723373413,-1.6503536701202393,-0.7618166208267212
4574,-1.356892704963684,0.7402369976043701,-0.5702087879180908,0.5931616425514221
4575,2.807074785232544,-1.052181601524353,2.013892412185669,0.7587947249412537
4576,-0.5148234963417053,0.0632699728012085,0.4620981514453888,-0.8619096875190735
4577,1.1001945734024048,-0.23859164118766785,1.804529070854187,-0.4493309259414673
4578,0.3176807761192322,2.103787660598755,-0.9228994846343994,-0.23507121205329895
4579,-1.2310125827789307,1.484656572341919,-0.3101200759410858,-1.6190112829208374
4580,0.6400680541992188,-1.5025335550308228,0.0751124769449234,0.11296605318784714
4581,-0.9806936979293823,1.92001211643219,-1.2794114351272583,-1.270325779914856
4582,0.1265021413564682,-0.599528431892395,0.03635040670633316,-0.15871751308441162
4583,0.04370233044028282,0.3453538417816162,0.7377964854240417,-0.6782174110412598
4584,1.0657552480697632,1.643472671508789,-0.015658248215913773,-0.659473180770874
4585,0.8235632181167603,1.2051094770431519,0.952716588973999,-0.508932888507843
4586,-0.347339004278183,-0.12864500284194946,0.15808068215847015,0.08026273548603058
4587,-1.9706276655197144,0.5038504004478455,-1.4780880212783813,0.5076051950454712
4588,-0.9367738962173462,0.5616201758384705,-1.3200786113739014,0.5870421528816223
4589,1.0413962602615356,-0.5268528461456299,-1.0806198120117188,-1.5890419483184814
4590,1.3435415029525757,-0.5164505839347839,1.0684690475463867,1.4411661624908447
4591,-0.8645672798156738,0.4829426109790802,0.5006939768791199,-1.078904628753662
4592,-0.04870542883872986,1.5264405012130737,-0.7529786825180054,-0.23322312533855438
4593,0.5904527306556702,0.7756248712539673,-0.9175034165382385,-0.29488831758499146
4594,-1.2005336284637451,0.7676961421966553,1.7178747653961182,-0.2823721170425415
4595,0.0032986029982566833,1.0676957368850708,1.6040656566619873,0.8301967978477478
4596,0.6338436007499695,0.7384563684463501,-2.0193116664886475,0.6960790753364563
4597,-1.6627041101455688,-0.49603110551834106,1.1077110767364502,-0.6255485415458679
4598,0.05707734823226929,-0.43025147914886475,-1.1920349597930908,0.2289474904537201
4599,-1.5764567852020264,-0.5640050172805786,0.8399727940559387,-0.9317457675933838
4600,0.23269402980804443,1.8706762790679932,-0.19831886887550354,0.36903586983680725
4601,-1.4561302661895752,1.2738205194473267,-0.3267931044101715,-1.5270227193832397
4602,-0.9859031438827515,1.5588717460632324,-1.4937351942062378,-1.5250885486602783
4603,0.8967828154563904,0.12005899846553802,1.7377105951309204,0.1726866066455841
4604,-0.34502753615379333,0.8231947422027588,0.7894256711006165,1.2169554233551025
4605,0.5674798488616943,0.6250617504119873,-0.17646248638629913,0.47187164425849915
4606,-0.42141491174697876,-0.0030516088008880615,0.3887805938720703,1.2547411918640137
4607,-0.27790123224258423,-1.5758569240570068,-0.9657769203186035,0.9788903594017029
4608,-1.4259618520736694,0.8457022309303284,1.189436674118042,0.7739323377609253
4609,-0.010148154571652412,1.4537588357925415,-0.9589704275131226,0.9674913287162781
4610,-0.9473713040351868,-0.6097135543823242,0.12869012355804443,-0.5046996474266052
4611,0.2250949591398239,-0.1829235702753067,-0.7202643156051636,0.19696857035160065
4612,-0.58427894115448,-0.5121796131134033,1.632154107093811,0.9616023302078247
4613,0.3088288903236389,-1.8196747303009033,-0.1304519921541214,-0.4397164285182953
4614,0.5282045006752014,1.746969223022461,-2.1718924045562744,-1.4973798990249634
4615,-0.8938360810279846,1.6661531925201416,0.026913736015558243,0.6098271012306213
4616,-0.11117763817310333,0.7870203852653503,0.3295162320137024,1.096940279006958
4617,-0.34676870703697205,-1.2619396448135376,-1.1940945386886597,-0.2962198555469513
4618,-0.5063608288764954,1.3527330160140991,1.650331735610962,1.0675355195999146
4619,1.9180972576141357,-0.049201153218746185,0.04555613547563553,-0.053805798292160034
4620,0.5796302556991577,-0.11624383181333542,0.3748752474784851,-1.0435233116149902
4621,0.18642204999923706,0.27333536744117737,1.5770779848098755,0.5570017099380493
4622,0.6883213520050049,-0.3945468068122864,0.4494333565235138,1.0852097272872925
4623,-0.4724228084087372,0.821295440196991,-0.38820213079452515,0.04382768273353577
4624,-1.0155658721923828,-0.8328078985214233,0.6084395051002502,1.1788535118103027
4625,-0.8109143972396851,0.076347716152668,1.265028715133667,-0.3091432452201843
4626,0.0046388693153858185,-0.41248005628585815,0.21734102070331573,-1.7787466049194336
4627,0.3904469609260559,0.6905646324157715,1.6076735258102417,-0.8417849540710449
4628,-1.276470422744751,0.29686757922172546,-0.5779881477355957,-0.49422064423561096
4629,-0.3550136983394623,1.4671220779418945,0.2654382884502411,2.6050362586975098
4630,0.5074515342712402,-0.3498305380344391,0.5304163694381714,0.07601666450500488
4631,-0.5027450323104858,0.7431151270866394,0.04730953276157379,-0.5162808895111084
4632,1.0677049160003662,-0.46868428587913513,-0.6153985261917114,-1.1819217205047607
4633,1.0850030183792114,0.2857345640659332,1.0072975158691406,0.5138117671012878
4634,0.3431823253631592,-0.8528189063072205,-0.5452801585197449,-0.45450592041015625
4635,1.3093091249465942,0.34259408712387085,-0.642045259475708,0.3261157274246216
4636,1.00144624710083,0.46608680486679077,1.0536279678344727,0.8774300813674927
4637,0.27291470766067505,-0.37470853328704834,0.5517967343330383,0.19029811024665833
4638,-0.9068743586540222,0.0701976791024208,-1.6576777696609497,-1.8280596733093262
4639,0.8680242896080017,-1.3797063827514648,-0.9754078984260559,-0.5406596064567566
4640,0.2811671197414398,0.5224758386611938,0.1456499546766281,0.8344976305961609
4641,-0.818496823310852,0.8768653273582458,-1.1554267406463623,-0.6611456871032715
4642,-1.2788468599319458,0.5801697373390198,-0.5296295285224915,1.4801300764083862
4643,-0.22218412160873413,-0.7608921527862549,1.1584833860397339,0.31755977869033813
4644,-0.6978381276130676,1.2084550857543945,1.3751575946807861,-0.00215933658182621
4645,1.205716848373413,-1.1566345691680908,0.48371922969818115,-0.7203077673912048
4646,-0.33193454146385193,1.3857053518295288,1.702096939086914,1.3199998140335083
4647,1.5748541355133057,1.8083256483078003,0.9254664778709412,-0.4181749224662781
4648,0.03495166450738907,0.11694018542766571,1.0921965837478638,-0.6056377291679382
4649,-1.482278823852539,0.7414481043815613,1.2855918407440186,-0.21638549864292145
4650,2.4130730628967285,0.32905280590057373,2.541426181793213,0.5085002183914185
4651,-1.7479945421218872,1.8809937238693237,1.7399169206619263,-0.5781437158584595
4652,0.6626049876213074,0.6493827700614929,1.4179555177688599,-2.0610151290893555
4653,0.014344513416290283,-0.11502335965633392,-0.7651389241218567,-0.8460646867752075
4654,0.3603268265724182,-1.227949619293213,0.4288332760334015,-0.3803127110004425
4655,0.9990097880363464,0.12938839197158813,-1.3844274282455444,-1.6986430883407593
4656,1.0834226608276367,1.094602108001709,0.12341555953025818,-1.6263279914855957
4657,-0.2730444073677063,1.0335400104522705,-1.1292678117752075,-0.021821169182658195
4658,1.404284954071045,-1.6274747848510742,0.786629319190979,0.60947585105896
4659,0.22326841950416565,-0.7218161225318909,0.06107058748602867,-2.846121311187744
4660,1.084291696548462,0.08607043325901031,-0.2512357234954834,-0.7071971893310547
4661,0.24756786227226257,-0.4470630884170532,0.3536028563976288,0.7694088220596313
4662,-0.22203290462493896,0.2950575649738312,-0.2175225168466568,0.08504320681095123
4663,1.1734764575958252,-0.12058617919683456,-1.8643203973770142,-0.554672122001648
4664,0.2049684375524521,-1.7434533834457397,0.1531447172164917,1.4650300741195679
4665,2.0740997791290283,-0.6669145822525024,-1.6196163892745972,-0.26555606722831726
4666,-1.545899748802185,1.1211696863174438,0.35126200318336487,-0.6288933753967285
4667,0.681508481502533,-0.7669023275375366,-0.22669671475887299,0.1900532990694046
4668,1.9720927476882935,0.4364500939846039,2.3656222820281982,-0.3710367679595947
4669,-1.1572375297546387,0.29716598987579346,-0.2801882326602936,0.21607591211795807
4670,0.7541775107383728,-1.3743090629577637,0.24035485088825226,0.1698908507823944
4671,-0.2491830736398697,-0.20796221494674683,1.0606791973114014,0.29275158047676086
4672,-0.02976693958044052,0.44439029693603516,1.830548644065857,1.1209373474121094
4673,-0.4180622100830078,0.2394511103630066,0.41810572147369385,-0.9071335196495056
4674,0.8574824333190918,0.518713116645813,-1.8748066425323486,0.8483281135559082
4675,-0.20533864200115204,0.358024924993515,0.7436951994895935,-0.9204913973808289
4676,-1.0329716205596924,0.199808731675148,0.7627367973327637,-0.4779137670993805
4677,-0.6320351958274841,0.7381531000137329,-0.604724645614624,-0.521665096282959
4678,0.12452945113182068,1.4139270782470703,3.0076234340667725,2.3202123641967773
4679,-0.2983893156051636,-0.4323941767215729,0.7762033939361572,0.39397504925727844
4680,1.2371983528137207,1.2598942518234253,-0.7476419806480408,-0.6536205410957336
4681,1.222115397453308,-1.960448145866394,1.654112458229065,0.3292175531387329
4682,1.2772572040557861,-0.3887554705142975,0.6499381065368652,-0.4470784068107605
4683,-0.7756632566452026,0.6011274456977844,0.2522270679473877,-1.023807406425476
4684,1.472581148147583,0.1379026174545288,1.1095503568649292,-0.6722658276557922
4685,0.617014467716217,-1.4021629095077515,-0.338503897190094,0.1839568316936493
4686,-0.537511944770813,-0.5376764535903931,-1.6375075578689575,0.3397051990032196
4687,-0.024294748902320862,2.196005344390869,-0.5347293019294739,0.245401993393898
4688,-0.6405682563781738,-0.3089704215526581,0.9429082870483398,-0.9522796273231506
4689,-0.23022599518299103,0.07700751721858978,0.6004448533058167,-1.127008318901062
4690,-0.27615588903427124,-0.04670737683773041,0.7615233659744263,-0.8676305413246155
4691,-0.09841728210449219,0.39487117528915405,3.2290875911712646,-0.3484059274196625
4692,-0.22615808248519897,1.9503427743911743,0.7939898371696472,-1.0705333948135376
4693,0.29502299427986145,-0.0885351151227951,-2.0928282737731934,0.223123237490654
4694,0.2563879191875458,1.5183385610580444,-0.7737997770309448,1.3460739850997925
4695,-0.8828005194664001,-0.04359539598226547,-0.2871701419353485,2.327042818069458
4696,-1.6242908239364624,-1.9552807807922363,1.0020016431808472,0.9528222680091858
4697,-0.42660266160964966,-0.3935897946357727,0.44143158197402954,0.3711863160133362
4698,0.2866223454475403,0.13966184854507446,2.499527931213379,-0.4655081331729889
4699,-0.6882691979408264,-0.5413675904273987,-1.5712450742721558,0.07896310836076736
4700,1.325891137123108,-0.40699058771133423,-0.4614000618457794,-0.03420139104127884
4701,0.23642969131469727,-0.7911045551300049,-0.14302359521389008,-1.1049201488494873
4702,-1.0937095880508423,0.2745848298072815,0.17873644828796387,-0.03859454020857811
4703,1.1688989400863647,-0.11938666552305222,-1.0871169567108154,0.7490386366844177
4704,0.4061550199985504,-0.05878733843564987,1.3228085041046143,-0.73333340883255
4705,-0.0752284824848175,1.2248494625091553,0.30017492175102234,-2.9380757808685303
4706,-0.5260492563247681,1.3235524892807007,-2.037415027618408,-0.6403195261955261
4707,0.8615715503692627,0.7838452458381653,-0.32840675115585327,1.1601125001907349
4708,-0.8067158460617065,-0.3766268491744995,0.19761651754379272,0.345441073179245
4709,-0.9581905007362366,-0.05302714556455612,0.2597123980522156,1.4695488214492798
4710,0.36928892135620117,-1.5615235567092896,0.23611637949943542,-0.41800200939178467
4711,-0.4901449680328369,-0.14439070224761963,-0.26602354645729065,-0.05618587136268616
4712,-1.835679531097412,-0.23025456070899963,1.0566792488098145,-0.18855822086334229
4713,-0.9026418328285217,-0.25551995635032654,-1.004907488822937,0.37449750304222107
4714,0.3013579845428467,0.560474157333374,-0.820586621761322,-1.459567904472351
4715,0.5487146973609924,1.3294919729232788,-0.8312628865242004,-0.192424476146698
4716,0.9647702574729919,-0.418233722448349,0.5506671667098999,-0.32377156615257263
4717,-1.3198038339614868,-0.8614238500595093,-0.5026054978370667,1.0841702222824097
4718,0.03015359491109848,-0.23113790154457092,0.25943344831466675,-0.41149353981018066
4719,0.9064454436302185,-0.3628768026828766,0.615446150302887,-0.8113658428192139
4720,-0.4326011538505554,0.6298456192016602,1.03643798828125,-0.7014012932777405
4721,-0.7679328918457031,0.5827353000640869,0.37792688608169556,-0.5130418539047241
4722,-1.1390352249145508,-0.34307441115379333,0.2825319766998291,-2.3695807456970215
4723,0.28667694330215454,0.540831446647644,0.3331131935119629,-0.7591832876205444
4724,-1.0126370191574097,-1.063643455505371,2.6254794597625732,0.2840699553489685
4725,-0.699964165687561,0.74444180727005,0.19020947813987732,2.4064114093780518
4726,0.21038347482681274,-0.9936584830284119,-0.5141068696975708,0.9215632677078247
4727,1.6761075258255005,-0.25445663928985596,-1.4997518062591553,-1.5817499160766602
4728,0.8899260759353638,1.5670549869537354,1.9921810626983643,-0.5076456069946289
4729,-0.754348635673523,-1.4732646942138672,0.9474711418151855,0.05764883756637573
4730,0.7193294763565063,1.6456553936004639,1.0822755098342896,-1.1628515720367432
4731,-0.11520703136920929,-0.48958608508110046,0.3306395709514618,-1.1612824201583862
4732,0.15169250965118408,-1.4605013132095337,-0.32230162620544434,-0.0015988200902938843
4733,1.2430211305618286,0.6496856212615967,0.057165756821632385,-0.16415122151374817
4734,-0.7400001883506775,-1.3152499198913574,0.4083542823791504,-1.264498233795166
4735,0.7763223648071289,-1.2350022792816162,-0.8165813684463501,1.0837324857711792
4736,-1.377349615097046,0.4273982346057892,0.8747972249984741,-0.5486297011375427
4737,-0.6309265494346619,0.21192389726638794,0.331525593996048,0.24090535938739777
4738,-1.008923888206482,1.1361660957336426,-0.11501836776733398,0.5542393922805786
4739,0.5099783539772034,-0.0125560462474823,0.7347938418388367,-0.2820798456668854
4740,-0.16603317856788635,-0.032774798572063446,0.15097644925117493,-1.9747294187545776
4741,0.42600640654563904,-0.6913759708404541,0.31987762451171875,0.6750410199165344
4742,1.1995102167129517,0.6792360544204712,1.8669112920761108,0.24258410930633545
4743,0.727230966091156,0.18572738766670227,-1.597121000289917,1.3833600282669067
4744,-0.9971012473106384,-0.0534810945391655,0.2548450231552124,-0.8747625350952148
4745,-0.7925796508789062,0.47876840829849243,0.6736047267913818,-0.7924084067344666
4746,0.7338476181030273,1.598569631576538,0.09979018568992615,0.06238619238138199
4747,0.022544484585523605,-0.07922463864088058,-0.9291735887527466,1.0232009887695312
4748,1.1065607070922852,0.004698529839515686,-0.18300294876098633,0.5170518159866333
4749,0.9641322493553162,0.10069343447685242,-0.9047353267669678,0.7013989090919495
4750,0.8884674906730652,0.2867978513240814,-0.5561935901641846,0.3890830874443054
4751,2.115239381790161,0.20140397548675537,1.5124354362487793,1.2469487190246582
4752,-1.6015621423721313,-0.31891635060310364,-0.7553591728210449,-0.496842622756958
4753,-1.701370358467102,-0.6599305868148804,0.16794803738594055,-1.2023930549621582
4754,-0.10215485095977783,-0.07471320033073425,0.6322179436683655,-0.4076908528804779
4755,-2.1832218170166016,0.10524043440818787,0.8702113628387451,-1.3228321075439453
4756,-0.08560894429683685,-0.8119925856590271,-0.4227837920188904,-0.24321888387203217
4757,-1.064642310142517,1.3300387859344482,0.8514425158500671,0.3281569480895996
4758,1.274678349494934,0.22336208820343018,-0.6194634437561035,1.276947021484375
4759,1.229337453842163,0.307354599237442,-0.27419206500053406,-0.9242903590202332
4760,-1.124026894569397,0.22977396845817566,-0.43233728408813477,-0.3075840473175049
4761,0.3960469663143158,-2.162400960922241,-1.695275902748108,0.3119782507419586
4762,-1.8663884401321411,0.23568537831306458,-0.5251020789146423,-1.743704915046692
4763,-1.7605199813842773,0.058300722390413284,0.9904959797859192,0.2969493269920349
4764,-0.8507906198501587,0.6813566088676453,-0.5124677419662476,1.746087908744812
4765,0.7744755744934082,-0.225651353597641,1.6534245014190674,-0.1161673367023468
4766,0.5627617239952087,0.3787865936756134,-2.4536426067352295,-0.3865319788455963
4767,1.3641260862350464,0.5770411491394043,0.47360914945602417,0.2727188467979431
4768,0.4815429151058197,-0.4977148175239563,0.14458800852298737,-2.0042572021484375
4769,0.12535518407821655,0.21268177032470703,0.37004193663597107,-1.6988043785095215
4770,0.06783727556467056,-0.7807088494300842,-0.6842823028564453,1.233891487121582
4771,-1.2208935022354126,-0.7505686283111572,-0.15151745080947876,-0.30122366547584534
4772,-0.03258892521262169,1.5065994262695312,1.6234480142593384,-0.28922057151794434
4773,-0.26530808210372925,-0.3962821960449219,0.4060322642326355,-0.6974337100982666
4774,-0.19523414969444275,0.9680027365684509,1.2801928520202637,0.5919693112373352
4775,-0.4064550995826721,-0.664336085319519,1.083884358406067,-1.1182866096496582
4776,0.4945245087146759,0.5620883107185364,0.5627602338790894,-1.0097205638885498
4777,-0.03228785842657089,2.405407428741455,-0.41222888231277466,-1.3452335596084595
4778,0.052659377455711365,1.2249864339828491,-0.37381112575531006,-0.5952840447425842
4779,-0.19383348524570465,-0.25316929817199707,1.5156060457229614,-1.2743608951568604
4780,0.2646689713001251,-2.2289650440216064,0.9863424897193909,-1.4536253213882446
4781,-0.5096904039382935,-0.32812461256980896,2.038404941558838,-1.0763365030288696
4782,0.3706214725971222,0.48991963267326355,0.9735130071640015,0.29587680101394653
4783,0.5170412063598633,0.5599947571754456,-1.2269548177719116,-0.9464412331581116
4784,0.09005016088485718,0.298983097076416,-0.8274974822998047,-0.8862895369529724
4785,0.35805681347846985,1.1042132377624512,1.1335134506225586,-0.7493044137954712
4786,1.3250712156295776,-0.39613381028175354,0.004092097282409668,0.2996827960014343
4787,0.9190469980239868,0.35262230038642883,1.374230146408081,-0.44280195236206055
4788,-0.5662118196487427,-0.5680095553398132,1.2857714891433716,0.42878422141075134
4789,0.2362140268087387,-0.27908748388290405,-0.475887268781662,-1.1615365743637085
4790,-0.10391752421855927,-1.5932345390319824,0.5428870320320129,-0.8366481065750122
4791,-0.15661779046058655,-0.4395737648010254,-0.6949414610862732,-1.978788137435913
4792,0.26846057176589966,0.006603121757507324,-2.4095122814178467,-2.5154030323028564
4793,-0.6004313826560974,0.6410338282585144,0.2704538106918335,-0.08246481418609619
4794,1.4429562091827393,-0.4733280539512634,0.7020171284675598,0.45630496740341187
4795,-0.24694237112998962,1.5015366077423096,2.2610764503479004,-0.27831128239631653
4796,0.30800488591194153,0.8825000524520874,-0.23829910159111023,0.4418744742870331
4797,-0.5478507280349731,-0.4073207676410675,0.8146924376487732,0.10836190730333328
4798,-0.591920018196106,0.9469038844108582,-0.9392850995063782,-0.1723783016204834
4799,-0.5986376404762268,0.29669129848480225,1.7444708347320557,-1.041939616203308
4800,0.6041504740715027,0.7516149878501892,-1.3723647594451904,-0.381795197725296
4801,1.0900124311447144,0.7389780282974243,-0.6907042264938354,0.5514319539070129
4802,-1.6478642225265503,-0.7219627499580383,0.622211217880249,1.3992321491241455
4803,0.45148468017578125,-2.6971936225891113,-0.7028668522834778,-0.9631884694099426
4804,-0.11430920660495758,0.216966450214386,-0.1640176773071289,-1.124828815460205
4805,-0.708067774772644,0.8828490376472473,1.0306421518325806,0.8925343751907349
4806,-0.27280011773109436,1.2639954090118408,-0.3517460227012634,1.2411088943481445
4807,0.8385075926780701,-0.23835408687591553,1.3658106327056885,0.7917506098747253
4808,0.2686558961868286,0.5958259105682373,-1.2495890855789185,1.8916066884994507
4809,0.14820119738578796,1.1767702102661133,-0.10110371559858322,1.6261417865753174
4810,-1.1144790649414062,-1.0408313274383545,-1.412127137184143,-0.7183158993721008
4811,-0.7557502388954163,0.6284380555152893,1.1243882179260254,0.5489999651908875
4812,-1.2234028577804565,-0.2720733880996704,0.7900224924087524,0.26440876722335815
4813,2.0222368240356445,-0.6839219927787781,1.0247527360916138,0.35662388801574707
4814,0.7793307900428772,-1.1029479503631592,-1.954419493675232,0.045124731957912445
4815,1.7055164575576782,-0.6022202968597412,-0.9451249837875366,0.126230388879776
4816,-1.3493976593017578,-0.032020553946495056,2.330458641052246,-0.04824957251548767
4817,-0.7832686901092529,0.49657922983169556,-0.011427666991949081,-1.909515380859375
4818,-0.4396873414516449,1.244469404220581,-1.628285527229309,0.2983969449996948
4819,0.8028817176818848,-0.3918114900588989,-0.174226775765419,-0.9522088766098022
4820,-1.2066432237625122,0.15460029244422913,0.5518267154693604,-0.5112602710723877
4821,1.4493136405944824,0.8379640579223633,1.298493504524231,0.1441737711429596
4822,-0.3627934157848358,0.6628699898719788,-0.15191280841827393,0.1818278431892395
4823,-0.3396252989768982,0.6470479369163513,3.0880661010742188,0.39207592606544495
4824,0.03662886843085289,-0.2787661552429199,-0.2505419850349426,-0.6930325627326965
4825,0.9965563416481018,-0.2284667193889618,0.3625243902206421,1.8155183792114258
4826,-0.2708897590637207,-0.4513317048549652,-0.7147067189216614,-0.04766999930143356
4827,-1.880955457687378,-0.12585145235061646,-0.28957197070121765,-0.6742954254150391
4828,-0.47984203696250916,-0.4437943696975708,0.7339171767234802,-0.2927917242050171
4829,-1.6153353452682495,0.7334465384483337,-0.8282566070556641,-1.322648286819458
4830,1.865107774734497,-0.2322787642478943,1.4272143840789795,-1.6005852222442627
4831,2.295762062072754,1.6000279188156128,-0.013061068952083588,-0.15108680725097656
4832,-1.062646508216858,-1.5964573621749878,0.6387144923210144,0.1598588526248932
4833,0.37521398067474365,0.24788908660411835,0.6974275708198547,-1.8341906070709229
4834,-0.33137035369873047,0.04907860606908798,0.6502267122268677,-0.34657037258148193
4835,1.2476322650909424,0.917550265789032,-0.1741383969783783,-1.5382928848266602
4836,1.2421274185180664,-0.5568596720695496,-0.8297553658485413,0.09421896189451218
4837,0.6616137027740479,-0.8241804242134094,0.46395522356033325,-0.9294075965881348
4838,0.8838504552841187,-3.0213229656219482,0.8187552690505981,-0.25997239351272583
4839,1.1873618364334106,0.8400084972381592,-1.8233470916748047,-0.8864016532897949
4840,-0.04624027758836746,3.1455860137939453,-1.1649425029754639,-2.59531569480896
4841,0.12520818412303925,0.3427800238132477,-1.5734113454818726,0.8159279227256775
4842,2.4226367473602295,0.1431121826171875,0.5851227045059204,-0.42928239703178406
4843,0.721295952796936,0.11607620865106583,-0.10074271261692047,1.7641222476959229
4844,-1.0633893013000488,0.37057557702064514,-0.14583691954612732,1.758494257926941
4845,1.4246809482574463,-0.2221248745918274,0.6390628218650818,1.3427902460098267
4846,1.2364660501480103,0.4118311405181885,0.9577882289886475,-0.37357938289642334
4847,-0.20219498872756958,2.7186901569366455,-2.3802011013031006,-0.2885727882385254
4848,0.15850688517093658,-2.044060230255127,-0.10305996239185333,-0.9524362683296204
4849,0.3755299150943756,0.9571606516838074,0.6882920861244202,-0.4330212473869324
4850,0.5208280682563782,-1.320457100868225,0.49284106492996216,-0.21508437395095825
4851,0.9292810559272766,-1.1105217933654785,-0.8458706140518188,0.019847137853503227
4852,-0.09671841561794281,0.06574295461177826,0.056548625230789185,-0.8520940542221069
4853,0.1690259575843811,0.3657158613204956,0.9049293994903564,-0.7577983736991882
4854,0.0056161656975746155,0.22578972578048706,0.30571115016937256,-0.8135946393013
4855,0.9093853235244751,0.14073240756988525,-0.8461357951164246,0.8658493757247925
4856,-0.12348173558712006,-1.812188982963562,1.4442590475082397,-0.7491156458854675
4857,-1.9287326335906982,0.25310999155044556,-1.7058849334716797,-2.566856622695923
4858,-1.0951710939407349,1.0492430925369263,0.4630469083786011,-0.7590657472610474
4859,0.9907366037368774,0.19261884689331055,-0.27914708852767944,0.8473443388938904
4860,0.6590802073478699,-1.8325777053833008,0.12326664477586746,-0.18363028764724731
4861,1.3463268280029297,-0.13272877037525177,-0.4191374182701111,1.1441117525100708
4862,-0.9484449028968811,-2.4710471630096436,-1.7543185949325562,-0.6939906477928162
4863,-0.6825191974639893,0.2612265348434448,-0.9282160997390747,0.6841316223144531
4864,-0.3782429099082947,-0.5386061668395996,0.344046026468277,-1.002558946609497
4865,-0.23104676604270935,-0.6633812785148621,-0.7385122179985046,0.576008141040802
4866,0.5166702270507812,-0.6045268177986145,0.3198046088218689,-1.777551531791687
4867,0.3564843237400055,-0.08932136744260788,1.4188168048858643,1.3555216789245605
4868,0.25416356325149536,-0.006892941892147064,1.4028886556625366,-0.846301257610321
4869,-0.0029809139668941498,-0.539165735244751,0.17505183815956116,-0.14155426621437073
4870,-0.0022031962871551514,0.42809513211250305,-1.603845477104187,-1.3495830297470093
4871,-0.055039722472429276,0.46854639053344727,0.9693008661270142,-0.86885005235672
4872,0.6651612520217896,-0.21831125020980835,0.22472527623176575,1.3222914934158325
4873,-0.19367428123950958,0.5804088711738586,-0.9111338257789612,0.950107753276825
4874,0.8712287545204163,0.7923967242240906,-1.3846853971481323,-0.30668285489082336
4875,0.07561244070529938,0.7761698365211487,-0.3900423049926758,-0.309481143951416
4876,-0.45899486541748047,-0.6904109120368958,0.8169794082641602,-1.50771164894104
4877,-0.3863169550895691,0.04900887608528137,0.39737072587013245,-0.6165288090705872
4878,1.362316370010376,0.6492152810096741,-0.545293390750885,0.89545738697052
4879,-0.94060218334198,0.4737163186073303,-1.9655345678329468,-0.3412438631057739
4880,0.03398546203970909,-0.23451071977615356,0.6667975783348083,0.41718363761901855
4881,-0.17616234719753265,0.8444077968597412,-0.0067434534430503845,-2.452887773513794
4882,0.7808135151863098,-0.36452263593673706,-2.050407886505127,-1.161314845085144
4883,-0.3683302402496338,0.23998132348060608,-0.6645424365997314,-0.437510222196579
4884,-0.5699464082717896,1.0050863027572632,-0.7367387413978577,1.4412071704864502
4885,0.0032722093164920807,-0.046577200293540955,-0.2610505223274231,-0.273136705160141
4886,0.43747106194496155,-0.39780598878860474,-0.7891920804977417,-1.3591362237930298
4887,0.9024910926818848,1.6854357719421387,1.6406898498535156,-0.13363729417324066
4888,-1.3882321119308472,-0.06814596801996231,0.22380085289478302,0.12400787323713303
4889,-1.7255080938339233,1.6552298069000244,-1.6622763872146606,-0.7789368629455566
4890,1.7995706796646118,-0.1327609121799469,0.8294317126274109,0.9416340589523315
4891,-0.783495306968689,0.15411898493766785,-0.27525264024734497,-0.4412198066711426
4892,0.21459227800369263,0.4015185534954071,1.2932547330856323,1.5550497770309448
4893,0.7678368091583252,-0.22133769094944,1.6105461120605469,-1.1306984424591064
4894,0.4400101900100708,0.5571827292442322,-2.132530927658081,-1.357409954071045
4895,0.581395149230957,-1.3173571825027466,0.9544075727462769,0.4382513463497162
4896,-2.4779272079467773,0.2105402797460556,0.7754166722297668,-1.6876657009124756
4897,0.08431269228458405,0.2798910439014435,1.7898578643798828,-0.18678522109985352
4898,-0.6165506839752197,-1.1453617811203003,-1.7628843784332275,0.3227546215057373
4899,1.7512092590332031,0.6056616902351379,-0.4748949110507965,-0.5861257314682007
4900,-0.07439783215522766,-1.3289333581924438,-2.27705454826355,0.18548613786697388
4901,-0.03923190012574196,0.9740458726882935,-0.3448808789253235,-1.5882118940353394
4902,-1.0744234323501587,-0.3096790015697479,-0.5206161141395569,-0.5361086130142212
4903,-0.5367679595947266,0.33917108178138733,-0.4899563789367676,0.1277986466884613
4904,-0.02900008112192154,0.8918176889419556,-0.3755550980567932,-1.6795176267623901
4905,-0.634795069694519,-0.40796709060668945,0.5281848907470703,0.2135024070739746
4906,0.49751701951026917,0.5061848163604736,1.2437411546707153,0.27926304936408997
4907,-1.3508692979812622,0.011535538360476494,-0.2296561896800995,1.6617101430892944
4908,-0.5473107099533081,2.0795340538024902,0.13502824306488037,-0.4667736291885376
4909,0.9142855405807495,-0.13316978514194489,-0.8013575077056885,-0.284329354763031
4910,-0.567663311958313,-0.3532094359397888,0.30333033204078674,-1.1191281080245972
4911,-0.7022969126701355,-0.47662273049354553,-0.14110833406448364,1.0699154138565063
4912,-0.9066376686096191,0.8541577458381653,-0.2813524007797241,1.085689663887024
4913,-0.6122466325759888,0.26014602184295654,0.28135910630226135,-0.9969837665557861
4914,-0.29038727283477783,0.4640350043773651,-0.2677561342716217,1.7790700197219849
4915,0.7103416323661804,-0.2154892385005951,-1.4636608362197876,-1.4891434907913208
4916,2.0501668453216553,-1.397915244102478,2.10482120513916,-0.7364444136619568
4917,-0.3791380524635315,1.149469256401062,0.14549773931503296,0.8063624501228333
4918,-0.47392112016677856,-0.5394520163536072,0.7245569229125977,1.8280398845672607
4919,1.0106250047683716,-0.657468855381012,0.2894929051399231,1.5534884929656982
4920,1.4323854446411133,0.16646893322467804,0.4966065287590027,-1.0916955471038818
4921,-0.5622993111610413,-0.3208414614200592,0.6886812448501587,-0.20545805990695953
4922,-0.294431209564209,1.1161664724349976,1.927229642868042,1.7065986394882202
4923,-1.6815261840820312,-0.6237115859985352,-1.319298505783081,0.31890544295310974
4924,0.4872002899646759,0.7512186169624329,-0.023904945701360703,-0.7141737341880798
4925,-0.6743091344833374,-1.0078039169311523,-0.3363681137561798,1.8740075826644897
4926,-0.26247262954711914,0.4901271462440491,1.8373383283615112,-0.03712446987628937
4927,-2.013030767440796,1.4731525182724,-1.5826257467269897,0.9641988277435303
4928,0.3030957579612732,-0.6895062923431396,-0.17929312586784363,0.513615071773529
4929,-0.3754149079322815,0.8567045331001282,1.7819297313690186,-2.356785774230957
4930,-1.1906012296676636,1.3059813976287842,-0.00958682969212532,-2.2858493328094482
4931,1.4936420917510986,-1.2356847524642944,-0.3233798146247864,-0.6555666327476501
4932,-0.7127436399459839,0.9611953496932983,2.5395288467407227,-2.0464682579040527
4933,0.6948026418685913,0.03537619858980179,-0.6503590941429138,0.27440139651298523
4934,-1.236152172088623,0.31463634967803955,0.8721417784690857,-0.9420687556266785
4935,-0.05621170997619629,-0.08280707895755768,0.6492837071418762,-1.385192632675171
4936,-0.5238766074180603,-1.5511521100997925,-0.5945582985877991,0.46493563055992126
4937,-1.353778600692749,1.0899533033370972,-0.23950599133968353,-1.5063557624816895
4938,-0.5101782083511353,-1.0791101455688477,-0.961891770362854,0.07661592960357666
4939,0.7573511600494385,0.0773802325129509,0.5748196244239807,-0.7142618894577026
4940,-0.526393711566925,-1.332139253616333,-1.2379157543182373,-0.2861703038215637
4941,-1.442322015762329,0.532676637172699,0.7706266641616821,-0.18723773956298828
4942,-1.8023898601531982,-0.13316211104393005,-1.5985345840454102,1.654005527496338
4943,0.7484710812568665,1.138393521308899,-1.0216866731643677,-0.08956421166658401
4944,0.6699228286743164,-1.7530711889266968,-1.0999668836593628,-1.1773221492767334
4945,-0.3786320686340332,1.0100839138031006,0.04386747628450394,0.7865689992904663
4946,0.8119489550590515,-0.22569379210472107,-0.38602566719055176,-0.02153751067817211
4947,-0.8282858729362488,0.8210275173187256,-0.14327825605869293,0.42025262117385864
4948,-1.133995532989502,0.4410704970359802,1.2927504777908325,0.26399391889572144
4949,-0.7048789262771606,0.0022462308406829834,-1.1158819198608398,0.6968099474906921
4950,0.32324209809303284,2.5279526710510254,1.0857820510864258,-2.4686455726623535
4951,1.12179696559906,-0.6617009043693542,0.10844625532627106,0.12130150943994522
4952,-0.3560015559196472,0.18622133135795593,1.441727638244629,0.32684069871902466
4953,-0.13416005671024323,0.6995301246643066,-1.8982038497924805,-0.5364131331443787
4954,0.02561977505683899,0.9485807418823242,-1.434930682182312,0.7215781211853027
4955,-0.6689606308937073,2.5516116619110107,-0.8439615368843079,-1.6388285160064697
4956,-0.2316669076681137,-0.17698639631271362,-1.2151767015457153,-0.562248945236206
4957,-0.39320310950279236,1.3754459619522095,0.4280940592288971,0.3467644155025482
4958,-2.201779365539551,2.1543197631835938,-0.04727803170681,-0.6693480014801025
4959,-1.3442836999893188,-1.3119412660598755,1.0898244380950928,-0.8683515787124634
4960,-0.8634359240531921,-0.8132442831993103,0.7566965818405151,1.2961410284042358
4961,1.3178343772888184,2.551957130432129,0.16653034090995789,-0.9385294318199158
4962,1.0809253454208374,0.8648989796638489,0.9720878005027771,-1.0251071453094482
4963,0.9858132004737854,-0.7725340723991394,1.1750296354293823,0.05878831446170807
4964,-0.47759053111076355,0.43377164006233215,-1.0191134214401245,-3.0367343425750732
4965,-0.4469381868839264,0.9213252663612366,-0.961589515209198,0.04009384661912918
4966,-2.0200817584991455,-0.04728402942419052,1.5095545053482056,0.9752064943313599
4967,0.6582277417182922,0.872890293598175,-1.3931126594543457,1.4120789766311646
4968,0.8573519587516785,-0.47456133365631104,-0.3754405379295349,-2.2352488040924072
4969,0.34767264127731323,-0.10316582769155502,-0.9106350541114807,-0.770225465297699
4970,1.194867491722107,0.06888306140899658,0.03796811029314995,-0.39224934577941895
4971,-0.1659162938594818,0.09579448401927948,0.5817647576332092,-0.38400787115097046
4972,0.9075206518173218,1.8275779485702515,1.0212669372558594,0.5047973394393921
4973,-0.24028003215789795,-0.21053290367126465,0.7222445607185364,-0.3765276372432709
4974,0.015400707721710205,0.5129944086074829,1.7540171146392822,0.9664269089698792
4975,-1.1094834804534912,0.7918047308921814,-0.4139856994152069,-0.4482581317424774
4976,-0.4599497318267822,1.0061670541763306,-0.25674599409103394,-1.6149433851242065
4977,-0.5000057220458984,0.6671784520149231,1.041821837425232,-1.3337565660476685
4978,-0.5760539770126343,-1.5455706119537354,-0.08008962124586105,1.2540438175201416
4979,1.1023772954940796,0.7661043405532837,0.254531592130661,0.2927647829055786
4980,0.5344302654266357,0.20499831438064575,1.4390760660171509,1.4945271015167236
4981,0.6807119250297546,-0.9618297219276428,0.004698418080806732,0.4417285621166229
4982,-1.9767400026321411,-0.05981086939573288,3.0889809131622314,0.42129501700401306
4983,-1.4828566312789917,0.9987089037895203,-0.04451650381088257,-0.7267152667045593
4984,0.828525722026825,0.5384105443954468,0.0936732292175293,-0.9946907758712769
4985,-0.5861713886260986,-2.3851144313812256,-0.6195054650306702,-1.1859042644500732
4986,-1.1397857666015625,-0.0929194986820221,0.22427025437355042,0.9915292859077454
4987,-0.881542444229126,1.2461540699005127,0.8284929990768433,1.478548288345337
4988,1.2296453714370728,-0.39900147914886475,-0.4017210602760315,1.5988552570343018
4989,1.5623100996017456,1.6072535514831543,-0.576055109500885,0.13876178860664368
4990,0.10772284865379333,-0.01504150778055191,1.9508055448532104,-0.737207293510437
4991,-2.439762830734253,2.1692943572998047,-1.7789628505706787,-0.11387784034013748
4992,-1.6792699098587036,0.6710641980171204,-0.3624283969402313,-1.1306313276290894
4993,0.15520289540290833,-0.07568218559026718,-0.2809619903564453,-0.5390549302101135
4994,0.4214005172252655,0.35766711831092834,0.19238008558750153,1.1349886655807495
4995,-0.7799127697944641,0.6541040539741516,-0.5077517628669739,0.16712385416030884
4996,0.30455225706100464,1.457342267036438,-0.3675878942012787,0.8390226364135742
4997,2.2168805599212646,0.8596594929695129,-0.8798102140426636,1.669514536857605
4998,-1.4508323669433594,-0.9903358221054077,-0.2929809093475342,0.2687855660915375
4999,0.2907942533493042,-0.37237849831581116,0.6603403687477112,0.5814247727394104
5000,1.2111181020736694,0.3131628930568695,-1.2263222932815552,1.0594282150268555
5001,-0.6517482399940491,1.0230369567871094,-0.46191489696502686,-0.10168561339378357
5002,-0.19217267632484436,-0.07941848784685135,0.6429228782653809,-1.4221727848052979
5003,0.06900554150342941,0.44597503542900085,-0.8589646816253662,-0.8045832514762878
5004,0.5581419467926025,-0.6394107341766357,1.8343312740325928,1.5830754041671753
5005,-1.6306476593017578,0.9986522197723389,-0.5085978507995605,-0.911068856716156
5006,1.040053367614746,0.7416719198226929,0.7602447271347046,-0.02848391979932785
5007,-0.9246547818183899,-0.7122676968574524,-0.34499871730804443,-0.5370048880577087
5008,0.28046873211860657,1.409771203994751,-0.5019615292549133,-0.0617465078830719
5009,-0.05678568780422211,-0.16386142373085022,0.5491443276405334,0.21170184016227722
5010,0.5771521329879761,0.9488015174865723,0.5945923328399658,0.3108757734298706
5011,0.45443758368492126,0.8224349021911621,-0.8514335751533508,-0.6067538261413574
5012,-1.0597878694534302,0.5358743667602539,0.855460524559021,-0.6263751983642578
5013,0.6460176110267639,-2.939603805541992,-0.2761704623699188,-0.48376500606536865
5014,-2.2569189071655273,-0.6782556772232056,0.07720349729061127,-1.2779536247253418
5015,0.797208845615387,0.36758044362068176,-1.2185879945755005,0.04131211340427399
5016,0.2362813949584961,0.11055294424295425,1.1857883930206299,0.054998062551021576
5017,0.9221383929252625,0.623177707195282,-1.5333164930343628,-0.6840406656265259
5018,-1.0585863590240479,-1.641886830329895,1.6917153596878052,-2.1302199363708496
5019,0.528647243976593,0.27398648858070374,0.7773160934448242,-1.4362889528274536
5020,1.0163592100143433,-1.1711114645004272,0.3984862267971039,2.210297107696533
5021,-0.016795508563518524,0.4525570869445801,0.3019722104072571,-1.0828678607940674
5022,0.011908657848834991,-0.601238489151001,-0.676477313041687,0.3366495668888092
5023,-0.7339171171188354,-0.5131899118423462,-0.2024829089641571,2.7314023971557617
5024,0.32078665494918823,0.9064098000526428,-2.3038370609283447,-1.0023279190063477
5025,-0.8455350995063782,0.6200391054153442,-0.31536656618118286,0.8854405283927917
5026,-2.3996829986572266,-2.7356717586517334,0.1545177400112152,0.33699241280555725
5027,0.07529895007610321,-1.1173866987228394,0.10576532781124115,0.9503735899925232
5028,-1.220213532447815,-1.614282250404358,-0.0019091963768005371,-0.9437699317932129
5029,0.7347131967544556,-1.0122421979904175,1.3216251134872437,0.9908901453018188
5030,-0.5706614255905151,-0.3621807098388672,1.8318954706192017,0.3683738112449646
5031,0.7999100089073181,0.08081811666488647,-0.12877440452575684,1.130476951599121
5032,0.6330071091651917,0.5858518481254578,0.7866262197494507,0.5965964794158936
5033,-0.25272446870803833,-1.5284569263458252,0.4251841604709625,1.0327799320220947
5034,-0.37460631132125854,0.39515793323516846,-1.6454206705093384,-0.2444993555545807
5035,-0.18428441882133484,-1.94581139087677,-0.29908299446105957,-0.8166971206665039
5036,-0.5677132606506348,1.5582849979400635,-0.40766412019729614,-0.8270177841186523
5037,0.425143301486969,-0.5011608004570007,0.6381532549858093,0.018070532009005547
5038,-0.9253526329994202,-1.3924776315689087,-0.12778322398662567,-0.5283553600311279
5039,1.04744291305542,-0.0915311798453331,0.5782389044761658,-0.971291720867157
5040,-0.6467773914337158,-1.3778996467590332,-0.2693336009979248,1.132665753364563
5041,-0.6024641990661621,-0.4954269230365753,-0.42126739025115967,0.47563305497169495
5042,-0.8981116414070129,0.2702287435531616,-1.7771365642547607,1.212138056755066
5043,0.9119447469711304,0.3662235140800476,-1.1534643173217773,0.6287655830383301
5044,-0.8389172554016113,-1.028765082359314,1.7546287775039673,-1.6300818920135498
5045,0.210923969745636,1.310424566268921,0.4312189221382141,1.9687867164611816
5046,1.0629701614379883,0.52678382396698,1.0270522832870483,-0.1101473867893219
5047,-0.90114426612854,0.893619179725647,0.8410754799842834,1.019142508506775
5048,0.9962613582611084,3.476440906524658e-05,-0.5691729187965393,1.9166455268859863
5049,1.7199010848999023,0.3114478588104248,-1.6557557582855225,0.10684522986412048
5050,1.5148555040359497,-0.07017157226800919,1.2762655019760132,0.7403873801231384
5051,1.4879502058029175,-1.2403193712234497,1.718176007270813,0.6314675211906433
5052,0.21942248940467834,-0.03700052201747894,0.7723807096481323,0.030541282147169113
5053,0.7965532541275024,-3.449117422103882,-0.2515189051628113,-1.031713843345642
5054,0.3069801926612854,-1.3409284353256226,-0.7094117999076843,-0.12915785610675812
5055,0.5153690576553345,0.7577261924743652,0.3564685881137848,-0.3817398250102997
5056,0.6175034046173096,-0.6166967749595642,-0.75908362865448,1.3548223972320557
5057,0.18765221536159515,-0.12584951519966125,0.6652832627296448,0.706702709197998
5058,0.06006697937846184,0.8852415084838867,0.17304711043834686,-0.5881159901618958
5059,-0.08162646740674973,-1.6750106811523438,0.013045568019151688,-0.7870203852653503
5060,-1.3174521923065186,-0.650226891040802,-2.1451547145843506,-0.406629741191864
5061,1.781623125076294,0.1253417283296585,1.5270159244537354,0.3107379078865051
5062,-0.8623181581497192,0.0999273806810379,0.7392397522926331,-0.2730286419391632
5063,-0.8008611798286438,0.4770621657371521,-0.343944787979126,-0.47944051027297974
5064,-1.5552674531936646,-0.5036406517028809,-0.20102180540561676,0.40828222036361694
5065,1.4134429693222046,0.9525529146194458,0.014487885870039463,-0.9420899748802185
5066,-0.2866302728652954,-0.3149171471595764,-0.06652595102787018,-0.31308993697166443
5067,1.0741099119186401,-0.7071513533592224,0.37303656339645386,-1.2265679836273193
5068,0.7347940802574158,0.18555235862731934,-0.4026392698287964,2.4453582763671875
5069,1.5904858112335205,-0.3111210763454437,0.24200183153152466,-0.7238451838493347
5070,-0.12770138680934906,-0.7802568674087524,0.5745958089828491,0.5420953035354614
5071,-0.3946303129196167,0.4213073253631592,-0.6208739876747131,1.7828861474990845
5072,-0.18508169054985046,-0.24719974398612976,-0.4397871494293213,-0.6080614328384399
5073,0.0027237720787525177,-0.5374782085418701,0.888778030872345,1.3136515617370605
5074,0.13543552160263062,0.47566017508506775,0.8746429085731506,-0.5583286285400391
5075,1.1958611011505127,-0.3694267272949219,-1.290468692779541,1.6301147937774658
5076,2.3392462730407715,-0.44810983538627625,-0.5611156225204468,-1.6637294292449951
5077,0.22425615787506104,-1.198923945426941,-0.9711437821388245,-0.6954524517059326
5078,0.35661616921424866,-0.6784252524375916,1.0075128078460693,-0.16045351326465607
5079,-2.407222270965576,1.558756947517395,1.870197057723999,0.49029913544654846
5080,0.5797775387763977,0.6533241868019104,0.9721705913543701,0.2395668774843216
5081,-2.339318037033081,-1.0189987421035767,0.4766015410423279,-0.33065521717071533
5082,0.766228437423706,-1.0303808450698853,-0.6488502025604248,-0.43679139018058777
5083,0.5623601675033569,1.458060622215271,1.9634594917297363,-1.7864116430282593
5084,-0.5991637706756592,1.2542657852172852,-0.589005172252655,0.5665636658668518
5085,0.22740235924720764,-0.5791860222816467,-0.7867097854614258,-0.719413161277771
5086,1.3796461820602417,-0.05724801495671272,0.8446120619773865,-0.9169783592224121
5087,0.5897893309593201,-0.8325250744819641,-0.7924976944923401,-0.5760481953620911
5088,1.6096041202545166,0.5774120688438416,1.8169909715652466,-0.7594997882843018
5089,0.20248723030090332,-1.8129533529281616,-0.6788455843925476,-2.1270394325256348
5090,0.8114349246025085,1.4677329063415527,2.1413497924804688,0.4337348937988281
5091,0.18094021081924438,0.7864357233047485,-0.6863157749176025,0.013420194387435913
5092,-0.12341594696044922,-0.5570381879806519,0.8844823241233826,-0.1254952847957611
5093,-0.7930775880813599,-0.3601405620574951,1.3213573694229126,-0.6145596504211426
5094,-0.8012911677360535,1.2303895950317383,-0.14274904131889343,-1.5263383388519287
5095,0.005084209144115448,-0.28066253662109375,1.0318210124969482,-0.7577679753303528
5096,0.039073146879673004,1.3307265043258667,0.5025748610496521,-0.23324188590049744
5097,1.5480974912643433,1.7919481992721558,-0.5496331453323364,2.2768208980560303
5098,0.7411878705024719,2.3652946949005127,-0.12033777683973312,0.8566612005233765
5099,0.15326711535453796,-0.9973126649856567,0.8907426595687866,0.3635813593864441
5100,-0.15695366263389587,0.8733398914337158,-0.08176662027835846,1.109517216682434
5101,-0.6384174823760986,0.6069920063018799,0.2769804894924164,0.8197827339172363
5102,1.053912878036499,1.4661773443222046,0.15105819702148438,-0.3026411235332489
5103,0.45234668254852295,-1.0806785821914673,-0.4430864751338959,-0.8785743713378906
5104,0.8320896029472351,-0.07658004015684128,0.32804882526397705,-0.5282120704650879
5105,1.6268908977508545,0.21184948086738586,1.2036445140838623,0.06790393590927124
5106,-0.5572530031204224,-1.2476273775100708,0.36761945486068726,0.13107922673225403
5107,-0.37821072340011597,0.19973304867744446,0.8270549774169922,-0.8428984880447388
5108,0.57218998670578,-0.8423541188240051,-1.4107340574264526,-0.11789415776729584
5109,0.3042968511581421,0.07453715056180954,0.2124340832233429,1.6821893453598022
5110,0.2905593514442444,2.4650611877441406,1.6843271255493164,-0.6134189963340759
5111,-1.0998847484588623,-1.5568979978561401,0.7789875268936157,-0.529461681842804
5112,-1.6895215511322021,-0.7942869663238525,0.2883153557777405,1.3790875673294067
5113,0.896329939365387,-0.7714480757713318,0.7281184792518616,-1.9125111103057861
5114,0.3435409963130951,-1.129892349243164,0.9844753742218018,1.049220085144043
5115,1.1364978551864624,-0.6936410665512085,-0.7267318964004517,-0.1717168241739273
5116,-1.4726189374923706,0.7658265829086304,-1.339812159538269,-1.3107491731643677
5117,0.03217935562133789,-0.8909581303596497,1.4125118255615234,-0.8470237851142883
5118,1.4780387878417969,-0.13429763913154602,-0.2562987506389618,0.09575214982032776
5119,-1.7842916250228882,-0.05179303139448166,0.7694841623306274,-0.6966738700866699
5120,-0.3948231041431427,1.0448079109191895,0.7696756720542908,-2.027599811553955
5121,1.4891068935394287,0.4123842716217041,0.6421417593955994,-0.14271482825279236
5122,2.739558696746826,1.2380671501159668,0.6734226942062378,0.13324372470378876
5123,0.522485613822937,-1.0768698453903198,-0.2159969061613083,-0.5913286209106445
5124,-1.6126257181167603,-0.3755025863647461,0.31327420473098755,-0.2273290455341339
5125,-1.3801003694534302,0.6040505170822144,0.7075014710426331,-0.1885068267583847
5126,-0.21634435653686523,-0.4894815981388092,0.12551860511302948,0.0580756813287735
5127,0.15795306861400604,0.12167725712060928,-0.8599545359611511,-0.1408005654811859
5128,-0.6907570362091064,1.2324061393737793,0.8110283613204956,0.6045465469360352
5129,0.8995710015296936,-0.13191679120063782,1.0033103227615356,0.5843636989593506
5130,0.5903640389442444,-0.6118074059486389,-0.47894954681396484,2.1670961380004883
5131,-0.30542975664138794,-0.8003263473510742,-1.8969898223876953,0.6352143883705139
5132,-1.2632644176483154,0.3534891903400421,-1.032357096672058,-0.15413126349449158
5133,-1.4373161792755127,1.82814621925354,1.3859412670135498,-0.6610478758811951
5134,-0.3385792374610901,1.1265318393707275,0.42387673258781433,1.4961694478988647
5135,-0.16651107370853424,2.052581310272217,-0.014096468687057495,0.35109105706214905
5136,-0.659553050994873,-0.0745735615491867,0.3934580385684967,0.29227691888809204
5137,0.24542638659477234,0.22707228362560272,-0.10748574137687683,-0.2148701250553131
5138,0.7013046741485596,-0.24866150319576263,0.04006098955869675,-0.5683092474937439
5139,-0.20075930655002594,2.1871285438537598,0.702890157699585,0.2626153230667114
5140,1.7403264045715332,3.220851182937622,0.591640830039978,0.8144884705543518
5141,-1.0364634990692139,1.7288010120391846,-0.25655999779701233,0.6547990441322327
5142,-1.695011854171753,1.256610631942749,-0.41370388865470886,-1.4322094917297363
5143,0.0145353302359581,-0.7017151117324829,0.11990629136562347,-0.8273720145225525
5144,0.9866886138916016,0.3857623338699341,1.360746145248413,-0.18212871253490448
5145,-1.034379482269287,1.1772266626358032,0.047967180609703064,0.4162288010120392
5146,-0.7243999242782593,-0.5654923915863037,-0.21026593446731567,-2.043654441833496
5147,-0.19545482099056244,0.99697345495224,-0.3380703330039978,0.35395342111587524
5148,1.328641653060913,-2.0639724731445312,1.2288308143615723,-1.4299120903015137
5149,-1.6175090074539185,-0.5730737447738647,0.24409209191799164,0.28832802176475525
5150,0.6355195641517639,0.16249626874923706,0.0086439847946167,1.6419177055358887
5151,-0.9697123169898987,1.4317620992660522,-1.2612543106079102,0.5976671576499939
5152,-0.1289486140012741,-0.35210803151130676,0.8856964111328125,-0.2927474081516266
5153,-0.2698090672492981,2.279337167739868,-1.152858018875122,-0.7790881991386414
5154,-1.4869496822357178,1.6060965061187744,-1.6124823093414307,1.1396301984786987
5155,0.4417632222175598,1.1412802934646606,0.15703323483467102,0.7230088710784912
5156,-1.035035252571106,0.6403219103813171,-0.7025699019432068,0.36919093132019043
5157,-0.23755908012390137,-0.4405447244644165,-1.645371913909912,-0.8152656555175781
5158,0.6660993695259094,0.019103333353996277,-0.34128546714782715,-0.4988730251789093
5159,-1.0976232290267944,2.4182944297790527,0.15619567036628723,1.6485289335250854
5160,-0.2590041160583496,0.5744049549102783,0.021537277847528458,-1.6744108200073242
5161,-0.1569197177886963,1.6057302951812744,0.27499333024024963,0.4432283341884613
5162,1.181085467338562,-2.399013042449951,-0.7026829123497009,-1.559646725654602
5163,-2.770001173019409,0.5073637366294861,1.1593421697616577,-0.41159459948539734
5164,-0.7334101796150208,-0.7645171284675598,0.024384021759033203,0.7775026559829712
5165,0.3196783661842346,0.17152884602546692,-0.7753921151161194,-0.16842927038669586
5166,0.3754552900791168,0.8071974515914917,0.5224019885063171,0.4253627061843872
5167,-2.2777652740478516,0.9695785045623779,-1.0747556686401367,-0.7198585271835327
5168,-1.6822381019592285,-0.299248069524765,-1.372778296470642,1.102910041809082
5169,-0.1603231579065323,-1.5865286588668823,0.1567533016204834,1.2387908697128296
5170,0.001300714910030365,0.24209249019622803,-0.40123987197875977,-0.10129966586828232
5171,0.25735926628112793,-1.0524744987487793,0.9965533018112183,-0.2624516487121582
5172,0.6803464293479919,0.9090006947517395,0.04248109832406044,-0.555816650390625
5173,1.2886024713516235,0.9810400605201721,-0.6708332896232605,-0.06047039479017258
5174,0.12729620933532715,-0.7673883438110352,1.4400320053100586,-0.6730210185050964
5175,0.14351975917816162,-0.7987005114555359,1.286720871925354,-2.5687596797943115
5176,-0.08654478192329407,-0.36760708689689636,0.26848718523979187,-0.41395696997642517
5177,-0.45298829674720764,0.925114631652832,-0.8311654329299927,-0.24554848670959473
5178,-0.6078377366065979,0.0345001257956028,0.825054943561554,1.3678802251815796
5179,-1.8198974132537842,1.8880939483642578,-0.4289431869983673,1.0230821371078491
5180,1.3647048473358154,2.2525815963745117,1.0787862539291382,1.3028924465179443
5181,-0.14769518375396729,-0.5584391355514526,0.07538792490959167,-0.19578026235103607
5182,0.06565447151660919,0.18125703930854797,0.32667964696884155,-0.9024162292480469
5183,-0.6621150970458984,0.5701894760131836,0.20488224923610687,-1.0393654108047485
5184,0.478080153465271,0.5018041133880615,0.4743066430091858,-0.08104514330625534
5185,-0.9459430575370789,0.8382748365402222,0.3905707001686096,0.9348564147949219
5186,0.2784140110015869,0.7425504326820374,0.6114217042922974,-0.8878125548362732
5187,-1.512157678604126,0.9939059019088745,-2.0621089935302734,-0.359123557806015
5188,0.07622187584638596,0.4984399080276489,0.6418267488479614,-1.560238003730774
5189,-0.6539060473442078,1.8428535461425781,1.2432829141616821,0.8851668238639832
5190,0.4491801857948303,0.7012011408805847,-0.2010209560394287,-1.9543598890304565
5191,-0.2693012058734894,-1.382900595664978,1.25286865234375,0.6888525485992432
5192,-0.5901960134506226,-0.19846680760383606,-0.550201952457428,-0.1753823459148407
5193,-0.0199928916990757,0.9373087286949158,-0.6679900288581848,-0.3617708086967468
5194,-0.130199134349823,-0.584282398223877,0.8274950981140137,0.9056423306465149
5195,0.2783001661300659,-0.7450670003890991,-0.36303022503852844,-1.9300929307937622
5196,-1.272661805152893,0.9644187092781067,0.521478533744812,-2.168227434158325
5197,0.24078406393527985,0.11160256713628769,0.05212249606847763,0.6406344175338745
5198,1.007151484489441,0.19353662431240082,-0.5658150911331177,-1.1383494138717651
5199,0.389381468296051,1.446484923362732,-0.22708997130393982,-0.6406630277633667
5200,1.4156070947647095,0.642808198928833,-1.5762042999267578,0.6539819240570068
5201,-0.7960120439529419,0.8136112093925476,-1.512009859085083,0.8084060549736023
5202,-0.7183711528778076,-0.8694357872009277,0.1773136854171753,-0.10957673192024231
5203,-0.29967936873435974,-0.05349433422088623,-0.7560622692108154,0.024780817329883575
5204,-0.6021402478218079,0.0533524788916111,2.0053551197052,-1.527984857559204
5205,0.3418714702129364,-1.8339890241622925,-0.2861349880695343,-1.3272862434387207
5206,-1.4188592433929443,-0.07907512038946152,0.7387060523033142,1.188033103942871
5207,-1.7073535919189453,0.06193866953253746,0.4855325520038605,1.5715196132659912
5208,-0.24631068110466003,0.9389011859893799,0.7790153622627258,-1.185351848602295
5209,1.295082926750183,-1.8952972888946533,-0.18858002126216888,0.23252546787261963
5210,0.23707503080368042,-0.36013275384902954,0.1339927464723587,2.369340181350708
5211,2.3432421684265137,0.7540345191955566,0.7377477884292603,-0.16320787370204926
5212,-0.9910731315612793,0.12895487248897552,0.5862700939178467,-0.014499668031930923
5213,-0.5130151510238647,0.25981029868125916,-0.45051109790802,1.8820046186447144
5214,1.0335034132003784,-0.24803970754146576,1.3531595468521118,-1.1030901670455933
5215,-0.2944043278694153,0.056479260325431824,0.25092509388923645,-0.7190826535224915
5216,-0.6235272884368896,0.2380390614271164,1.0999892950057983,2.122929334640503
5217,-1.3899595737457275,1.610762596130371,0.09158102422952652,0.8192958235740662
5218,1.8091355562210083,1.4778424501419067,-0.14779256284236908,0.21471509337425232
5219,-0.2004290223121643,1.3836519718170166,2.8127336502075195,0.7045177221298218
5220,1.7673858404159546,0.9569301009178162,0.4673985242843628,1.239309310913086
5221,0.9198375940322876,-0.05011448264122009,1.8758105039596558,-0.15742401778697968
5222,0.5198503136634827,-0.41234153509140015,0.4678584337234497,-0.4743201434612274
5223,-0.698998749256134,0.36847540736198425,0.5091707110404968,1.3049882650375366
5224,-0.42667827010154724,-0.11663635075092316,-0.013792835175991058,0.38677775859832764
5225,-0.5372005701065063,-0.34858328104019165,0.2899663746356964,1.221739649772644
5226,-1.9048190116882324,-1.4091551303863525,1.0697921514511108,0.26889121532440186
5227,-0.4943475127220154,1.3249781131744385,1.3568525314331055,-0.4511930048465729
5228,0.8583031892776489,1.6748212575912476,-1.086401343345642,-0.47511520981788635
5229,-0.9435466527938843,-2.7365262508392334,-0.9936401844024658,-0.4439869225025177
5230,-0.987710177898407,1.056646704673767,-0.018434062600135803,-0.4034882187843323
5231,0.3045259714126587,-0.04826775938272476,0.726599395275116,-1.2098231315612793
5232,0.5391744375228882,0.32078859210014343,0.3142099380493164,1.2291667461395264
5233,1.4476258754730225,-0.7780769467353821,0.11931990832090378,-0.17065075039863586
5234,-0.794588565826416,1.0262500047683716,2.518449544906616,1.8410956859588623
5235,0.22676298022270203,-0.2353391796350479,0.1549854278564453,2.4282946586608887
5236,0.3108552098274231,1.0331255197525024,0.88800048828125,0.9436717629432678
5237,2.045161247253418,1.456270694732666,0.41601893305778503,-1.0300461053848267
5238,-0.7147393822669983,1.0319138765335083,0.19711050391197205,-0.5456259846687317
5239,-1.2107805013656616,-1.6351031064987183,0.2852891683578491,0.853848934173584
5240,-0.24435395002365112,-1.0914721488952637,-0.14623889327049255,0.40093544125556946
5241,0.11680258810520172,1.1535308361053467,-0.8195332288742065,1.3122150897979736
5242,-0.16426901519298553,0.4096992015838623,-0.35114455223083496,-0.7466567158699036
5243,0.5704907774925232,-0.5899533629417419,-0.5544069409370422,-0.5282588005065918
5244,0.8020728826522827,-0.06757897883653641,-0.36213135719299316,-1.7770339250564575
5245,-0.7876408100128174,0.24557489156723022,-0.9302828907966614,-1.579599142074585
5246,0.13586612045764923,1.0884705781936646,-0.2579209804534912,-0.6339429020881653
5247,0.39267244935035706,1.443901538848877,-0.6907382011413574,-0.4208371043205261
5248,0.8626846075057983,0.5892075300216675,0.6304353475570679,-0.3934483230113983
5249,-0.2136610746383667,1.6622869968414307,0.8154823780059814,-0.9689210653305054
5250,-2.442728281021118,-1.4562689065933228,-1.4133126735687256,0.45025742053985596
5251,-0.807634711265564,-0.20000475645065308,1.0851274728775024,-0.690179705619812
5252,1.062326431274414,-0.2034245729446411,-0.588485598564148,0.7254881262779236
5253,-0.4038096070289612,-1.3593645095825195,-0.30828046798706055,-0.19354839622974396
5254,-1.2700514793395996,0.9046196341514587,2.4788341522216797,0.5466436147689819
5255,0.6090372800827026,0.7631227374076843,-0.02988162636756897,0.5832508206367493
5256,0.004218660295009613,-0.7320234179496765,0.3395557105541229,0.410224974155426
5257,0.2647239565849304,1.6242927312850952,-0.5390859246253967,-0.5943139791488647
5258,-1.0559720993041992,-0.9109294414520264,0.7018155455589294,0.19961167871952057
5259,1.8147368431091309,-0.5904557704925537,-0.32435160875320435,-0.0844591036438942
5260,-1.3827667236328125,-0.7297237515449524,0.18197116255760193,-0.7160826921463013
5261,0.48778247833251953,-3.004376173019409,0.6912760138511658,0.8534505367279053
5262,2.10715651512146,-1.695695161819458,-0.785556435585022,-0.061326079070568085
5263,-0.07109319418668747,1.1933109760284424,-0.3390108346939087,1.5952702760696411
5264,0.7557193040847778,0.5690473914146423,-0.43623098731040955,0.12322980165481567
5265,-0.38260453939437866,0.9899008274078369,-1.027039647102356,-0.77448570728302
5266,-0.017325609922409058,-0.3636622428894043,-0.12830768525600433,-0.3392552137374878
5267,1.1634029150009155,0.6272146701812744,-0.3170100748538971,-0.23173218965530396
5268,1.0894523859024048,-0.2925352156162262,-0.14547964930534363,2.5079498291015625
5269,-2.806133985519409,-0.5961278080940247,-1.1503807306289673,-0.049889057874679565
5270,-0.5265775322914124,-0.8798871040344238,1.2362496852874756,0.22466084361076355
5271,0.7043080925941467,1.4444388151168823,-1.5330551862716675,0.2603285014629364
5272,-0.2687802314758301,0.23040619492530823,1.0213125944137573,-0.16277365386486053
5273,-0.7576470375061035,0.34372901916503906,1.2798141241073608,-1.1449106931686401
5274,-0.6655721664428711,-0.7182623147964478,0.671111524105072,0.12618039548397064
5275,0.029042012989521027,0.6628665924072266,-1.9949671030044556,-0.2872273027896881
5276,0.06557072699069977,-0.4023297429084778,-1.7577840089797974,-0.8262711763381958
5277,-0.5492050051689148,2.2360918521881104,-1.015885829925537,1.8855164051055908
5278,-1.1644279956817627,-0.5632708072662354,-0.08298452198505402,-1.3481935262680054
5279,2.554577589035034,0.08421636372804642,1.3635449409484863,-0.4280861020088196
5280,-0.010521188378334045,1.5427806377410889,-0.06676723062992096,-1.3342602252960205
5281,0.6718593835830688,-0.027837269008159637,-1.4652363061904907,1.8239611387252808
5282,1.441627025604248,-0.3420686721801758,1.0736427307128906,-0.015132620930671692
5283,-0.7523256540298462,-1.0679515600204468,-0.8857054710388184,1.4939428567886353
5284,0.9552671909332275,-0.5661493539810181,1.3117705583572388,1.0086586475372314
5285,0.7621591687202454,0.5661641359329224,0.7482015490531921,1.4679268598556519
5286,0.1299869418144226,-0.2557852566242218,1.6434423923492432,1.1281975507736206
5287,-0.5257874131202698,-0.37114280462265015,-1.5259730815887451,-1.3029924631118774
5288,-2.0165975093841553,-1.100773572921753,-1.1632659435272217,-1.8283122777938843
5289,0.1332380175590515,0.6039162278175354,0.20728512108325958,0.3896443247795105
5290,-0.5193195939064026,-0.7938073873519897,0.9459683299064636,-0.7276012301445007
5291,-0.41752082109451294,0.9547721743583679,0.6629221439361572,0.6379440426826477
5292,0.4027559757232666,-0.0983404740691185,0.610253095626831,0.3872866630554199
5293,-1.3597456216812134,0.2347950041294098,-2.791822910308838,0.31396496295928955
5294,-1.617504596710205,-0.17486241459846497,-0.7297683954238892,0.23525257408618927
5295,1.1029152870178223,-1.2768285274505615,0.9598765969276428,-0.20147371292114258
5296,-1.869352102279663,-0.6151883602142334,0.2503025531768799,-0.11380045115947723
5297,0.9075345396995544,2.4217700958251953,-1.2205173969268799,1.4567821025848389
5298,0.06795458495616913,-0.31150779128074646,0.6221704483032227,0.487669974565506
5299,0.7046693563461304,-0.16393302381038666,1.1425608396530151,0.03630407527089119
5300,-1.5235527753829956,0.267980694770813,1.3701667785644531,-1.530015468597412
5301,0.642289936542511,-0.8485291004180908,1.3010865449905396,0.1281208097934723
5302,-1.6799530982971191,-1.0260045528411865,1.5079673528671265,-0.7213661670684814
5303,-0.08563033491373062,0.36773091554641724,1.0008074045181274,-0.32746008038520813
5304,0.27452975511550903,-0.9395378828048706,-0.44038158655166626,0.6212331056594849
5305,0.7622929811477661,-1.110440969467163,0.29836252331733704,0.08986806869506836
5306,0.4801034927368164,-0.8073093891143799,2.026153802871704,-0.03932245075702667
5307,-0.6932666897773743,0.9964780807495117,-0.251027911901474,1.018635630607605
5308,0.0663628876209259,-1.1054860353469849,-0.2660672068595886,-0.22620590031147003
5309,-0.5891161561012268,0.7764877080917358,-1.0886261463165283,1.395462155342102
5310,-1.569097638130188,-1.0474516153335571,-0.277749240398407,2.3287577629089355
5311,-0.3219001293182373,0.4119136929512024,-1.5126607418060303,-1.4861454963684082
5312,-0.4183385670185089,0.2882041335105896,1.5876832008361816,-1.0905592441558838
5313,0.8883981704711914,-0.02830231934785843,1.3074557781219482,-0.9645223617553711
5314,-1.322885513305664,0.9870336055755615,-0.9335342049598694,0.546848714351654
5315,1.9217463731765747,0.19953224062919617,-0.6810760498046875,0.0502205528318882
5316,0.9269381761550903,0.23739996552467346,0.6543251872062683,0.717512309551239
5317,-0.2457820177078247,-1.7777419090270996,-0.717422366142273,-0.48508408665657043
5318,0.12291377782821655,0.6263107657432556,1.1254518032073975,0.1539546400308609
5319,0.12831279635429382,2.0224170684814453,-1.3440505266189575,1.6556956768035889
5320,-0.4364527761936188,-1.0398271083831787,0.7680487036705017,-1.183395504951477
5321,0.5762540698051453,1.6876856088638306,-1.0190109014511108,-0.6981486678123474
5322,-0.37538236379623413,-0.7781870365142822,-0.1644575297832489,1.062401294708252
5323,-1.4893629550933838,-0.06533915549516678,-1.4865366220474243,0.1496807187795639
5324,-0.42577534914016724,-0.9077522158622742,-0.49627724289894104,-1.5988168716430664
5325,-0.4205226004123688,0.5036357045173645,0.1935131549835205,-0.18147224187850952
5326,-0.23603588342666626,0.5879959464073181,-0.603224515914917,-0.6740632057189941
5327,0.7814505100250244,1.5334807634353638,-1.015214204788208,-0.941469132900238
5328,-0.16680461168289185,-0.2043672800064087,0.938627302646637,-0.9267520308494568
5329,-0.25731921195983887,-0.49721649289131165,-0.964246392250061,-1.3494045734405518
5330,-0.8902711272239685,0.1595955789089203,0.19014449417591095,0.1675531566143036
5331,-1.0250208377838135,-1.812664270401001,-1.5229568481445312,0.434992253780365
5332,-0.3482930660247803,-0.8727172613143921,0.1967836320400238,1.1921796798706055
5333,-0.09726306796073914,-0.39669451117515564,2.223759889602661,1.2581168413162231
5334,1.468131184577942,0.139384925365448,0.567054033279419,-2.1750288009643555
5335,2.482285737991333,0.6767463684082031,-0.6619621515274048,0.8579719066619873
5336,0.31341812014579773,0.32889291644096375,-0.6330674886703491,-1.6458725929260254
5337,-0.7165793180465698,-0.469107449054718,-2.2400636672973633,-1.0190588235855103
5338,-1.1665693521499634,0.0660930722951889,-0.2257598489522934,-0.2862354815006256
5339,1.0190118551254272,-1.4476215839385986,-1.3672106266021729,0.15580561757087708
5340,0.380500465631485,1.3262473344802856,-0.7042898535728455,-2.226378917694092
5341,1.0117250680923462,0.8678948879241943,1.3210363388061523,-0.2883084714412689
5342,0.1649322360754013,-1.4086908102035522,1.3504328727722168,0.7247705459594727
5343,0.3384553790092468,-2.430666446685791,-0.7976868152618408,0.18316397070884705
5344,-0.15277938544750214,0.09756477922201157,-1.5894370079040527,2.476813316345215
5345,0.8234010338783264,1.241474986076355,-0.665341854095459,-1.1189510822296143
5346,-0.4912450313568115,-0.3412468135356903,-0.8259068131446838,2.2729525566101074
5347,1.2689099311828613,-1.923132061958313,0.5833033919334412,-1.6433438062667847
5348,-0.7472901344299316,0.9040448069572449,1.5933867692947388,0.13205645978450775
5349,0.690061628818512,-1.1967610120773315,-1.2128843069076538,-0.5869347453117371
5350,-0.4611513912677765,1.090475082397461,-0.2546918988227844,-1.5075639486312866
5351,-2.0313382148742676,0.9194723963737488,0.02500304952263832,-0.5907150506973267
5352,1.3473966121673584,3.0697786808013916,0.31880441308021545,-2.0688209533691406
5353,-0.5547714233398438,-0.7798476815223694,0.1990014910697937,0.4892368018627167
5354,0.4192546010017395,2.1061670780181885,0.6242201328277588,1.365254521369934
5355,-0.04732038080692291,1.8256945610046387,-0.45298242568969727,-1.1574724912643433
5356,-1.1444556713104248,-0.7423968315124512,1.8437652587890625,0.36672598123550415
5357,-1.1654382944107056,-1.0008443593978882,-0.9366451501846313,1.9519914388656616
5358,-1.6585063934326172,-0.2538282871246338,0.15132448077201843,-1.3465968370437622
5359,-0.6535438895225525,0.5608684420585632,0.6130024790763855,-0.21722817420959473
5360,0.6207968592643738,1.0851761102676392,2.104679822921753,-0.8363083600997925
5361,1.1629459857940674,0.8941035270690918,1.5535335540771484,-1.317537546157837
5362,-0.890791654586792,1.3255919218063354,0.1666552573442459,2.243494749069214
5363,-0.01688648760318756,-1.7510566711425781,1.6988449096679688,0.9482080340385437
5364,0.9665714502334595,0.10911594331264496,-1.6932114362716675,0.6216201782226562
5365,-1.8659507036209106,0.5252221822738647,0.5768353939056396,-0.9688961505889893
5366,-1.3595881462097168,1.0352433919906616,-0.4998326301574707,-0.29661935567855835
5367,-0.43951669335365295,0.486225962638855,0.3253978490829468,-1.3500032424926758
5368,-1.5332165956497192,-1.176069736480713,-1.6533219814300537,0.3108465075492859
5369,1.0531970262527466,0.5816630125045776,0.004317589104175568,2.028984546661377
5370,-0.04422564432024956,-0.893325686454773,-0.5399618148803711,-0.47505849599838257
5371,-1.5923116207122803,-0.5689998269081116,2.2759084701538086,0.8077343106269836
5372,0.7468583583831787,0.8022862672805786,-0.6176515817642212,0.13889679312705994
5373,-0.8464465141296387,-0.5781095623970032,-0.7408398389816284,1.0298179388046265
5374,-2.515017032623291,-1.0531163215637207,-0.11830313503742218,0.9028052687644958
5375,-1.314347743988037,-0.10352800786495209,0.7069851160049438,0.10045407712459564
5376,-1.5657339096069336,2.741619110107422,0.768032968044281,-0.01630411297082901
5377,-0.2786097526550293,0.6160178780555725,1.6743288040161133,-0.12516337633132935
5378,-0.965514063835144,-0.12109150737524033,0.07622368633747101,-1.4478354454040527
5379,1.053199052810669,-0.4195050001144409,0.6593312621116638,-0.5581201910972595
5380,-0.1702144742012024,0.4614453911781311,0.2648351192474365,-1.1162238121032715
5381,-0.7454733848571777,-0.7623352408409119,0.15882331132888794,0.6240780353546143
5382,-0.6038381457328796,1.2624238729476929,-1.3607456684112549,-1.1401076316833496
5383,0.3804001212120056,0.287469744682312,-0.0815315693616867,1.1361756324768066
5384,-0.7303774952888489,-0.6142634749412537,-0.3481892943382263,-1.1095935106277466
5385,0.2889905571937561,-0.08702769130468369,-0.047278329730033875,-1.1249746084213257
5386,1.4370112419128418,-0.42395520210266113,1.00713312625885,-2.051767349243164
5387,0.37694597244262695,0.3756413757801056,0.16232702136039734,-0.09675230830907822
5388,-0.17389678955078125,0.4003720283508301,-0.454009085893631,-1.7261015176773071
5389,0.0024523288011550903,0.3873588740825653,0.27128851413726807,0.5743232369422913
5390,-0.7259108424186707,0.45685166120529175,1.7616798877716064,0.8793478608131409
5391,-0.845436692237854,-0.5705256462097168,2.285871744155884,2.3280460834503174
5392,-0.43216776847839355,1.8892194032669067,-0.6164812445640564,-1.4282135963439941
5393,0.6399641036987305,-0.6046921610832214,1.3161603212356567,0.9128273725509644
5394,1.3485451936721802,-0.07070360332727432,0.23900431394577026,0.9268084168434143
5395,-0.1895637810230255,2.2162744998931885,-0.9210530519485474,-0.27153468132019043
5396,-0.27262482047080994,-0.0200321227312088,-0.531182587146759,0.2908908426761627
5397,0.41013434529304504,2.064009428024292,2.2070565223693848,-1.3062949180603027
5398,-2.1308038234710693,0.5140717029571533,1.8624117374420166,-1.334574580192566
5399,-0.42516496777534485,0.027874063700437546,0.7385554909706116,-1.2295414209365845
5400,0.08444742858409882,-0.731299638748169,1.7064101696014404,0.2527780830860138
5401,0.9211030602455139,0.31666624546051025,0.14532770216464996,-0.7724173069000244
5402,-0.3770827054977417,-0.03922969847917557,-0.9470205307006836,1.5681161880493164
5403,1.018554925918579,0.32289204001426697,-0.5518385171890259,-0.14540156722068787
5404,-0.40318477153778076,1.0423583984375,-0.712797999382019,-1.022905945777893
5405,0.6085931062698364,0.7237744927406311,0.14461326599121094,1.3292511701583862
5406,0.9187307953834534,-1.212448239326477,0.9617146253585815,-1.7623255252838135
5407,-1.899267315864563,2.459010124206543,1.8457156419754028,0.5533158779144287
5408,-0.7533159255981445,0.6486324667930603,0.8494124412536621,-0.20117753744125366
5409,0.2769993543624878,-2.1300342082977295,0.9874316453933716,1.3939260244369507
5410,1.7912050485610962,0.5740566849708557,0.4834488034248352,-0.05038045346736908
5411,1.0715452432632446,2.1342058181762695,0.5210261344909668,-0.33417272567749023
5412,0.39924412965774536,-2.661931276321411,1.2245601415634155,-1.4215227365493774
5413,0.23874439299106598,0.01500023901462555,0.33032163977622986,-0.7324841022491455
5414,-0.5839791297912598,1.125956416130066,0.022444315254688263,0.4694567918777466
5415,0.13816875219345093,-0.06823591887950897,0.13794884085655212,-1.6247531175613403
5416,0.06755861639976501,-0.6477766633033752,0.14278194308280945,-0.06443887203931808
5417,0.940533459186554,-0.9205983877182007,0.5316020846366882,1.0290744304656982
5418,-0.9150256514549255,0.912997841835022,1.0371133089065552,-0.47128137946128845
5419,-0.9174367785453796,0.01762763410806656,-1.2415708303451538,1.6978716850280762
5420,0.27061927318573,0.9222805500030518,0.5833520889282227,-0.15320046246051788
5421,0.007340073585510254,-0.7931400537490845,0.2670188844203949,-0.38948142528533936
5422,-1.6930046081542969,-1.0437029600143433,0.008668266236782074,0.8297673463821411
5423,-0.023119784891605377,0.1045224666595459,-0.07267516106367111,-1.8601315021514893
5424,1.722946286201477,-0.24233391880989075,-0.09794945269823074,-0.14545537531375885
5425,-0.11271131038665771,2.1883938312530518,0.4848310947418213,0.13700786232948303
5426,-0.17858128249645233,0.20709845423698425,1.9599037170410156,0.09304489195346832
5427,-1.3360480070114136,-0.3263263702392578,0.06125595048069954,-0.3682430684566498
5428,-0.037280283868312836,-1.2529871463775635,1.004868745803833,0.8416616320610046
5429,-1.1583448648452759,0.06627359986305237,-0.9373123049736023,0.6907769441604614
5430,1.1147338151931763,0.7797169089317322,0.6925657391548157,-0.8750417232513428
5431,0.39854758977890015,0.2953255772590637,-0.0649082213640213,-0.6682693362236023
5432,-0.4729609489440918,-0.02694108337163925,-1.4435492753982544,0.9255724549293518
5433,0.8582053184509277,-1.1894420385360718,-0.5002803206443787,2.070512533187866
5434,0.1887199878692627,-0.4735903739929199,-1.3341573476791382,-1.0911312103271484
5435,-1.867640495300293,2.0054705142974854,0.033315420150756836,-2.1884267330169678
5436,1.3427330255508423,-0.9880362153053284,-1.6396617889404297,-0.47405701875686646
5437,-0.5872647762298584,-0.186540424823761,1.2866613864898682,0.5567094087600708
5438,-0.478921115398407,0.35571542382240295,0.4780753552913666,0.6140154600143433
5439,-1.3217004537582397,-0.44396865367889404,0.3018561899662018,0.12812824547290802
5440,0.4413415789604187,2.1586546897888184,-1.6646111011505127,-0.4810028076171875
5441,-0.32864776253700256,1.467265248298645,-0.6855067014694214,-1.6991376876831055
5442,0.4518030285835266,1.2337747812271118,1.118442416191101,1.1615591049194336
5443,0.05923333764076233,0.8946725130081177,0.1424236297607422,0.19880519807338715
5444,0.6504713296890259,-0.9655354619026184,0.7535403370857239,2.3668417930603027
5445,-0.5570501089096069,1.293320894241333,-0.15210291743278503,1.4614055156707764
5446,0.2132958173751831,1.0966534614562988,1.6225523948669434,0.3589071035385132
5447,-1.0028724670410156,-0.03681201487779617,-0.79435795545578,-1.065712809562683
5448,-1.4308115243911743,-0.33276987075805664,2.1611080169677734,1.0922491550445557
5449,-2.346275568008423,-0.7897350192070007,-0.24982602894306183,0.35288453102111816
5450,-1.1406115293502808,-0.6447980999946594,0.5153059959411621,1.10648512840271
5451,-0.27092814445495605,0.01980096846818924,0.310148686170578,0.3630950450897217
5452,0.46653905510902405,1.8788543939590454,-0.8246139883995056,-2.100825548171997
5453,-0.11765353381633759,0.8985530734062195,-1.3313703536987305,-0.549846351146698
5454,-1.1747944355010986,-1.027725338935852,0.723894476890564,-0.08700623363256454
5455,-1.5553855895996094,-1.0835886001586914,0.6778222322463989,0.4021867513656616
5456,0.10345147550106049,-0.3377319574356079,-0.7020871639251709,0.2584258019924164
5457,1.6628650426864624,-0.2240825891494751,0.6086246371269226,-0.2179269641637802
5458,-0.18686246871948242,0.5674065351486206,0.4303857088088989,1.1610382795333862
5459,-1.1062002182006836,0.37434253096580505,1.2839703559875488,-2.406794548034668
5460,-0.4698719382286072,0.14891117811203003,0.10947797447443008,-0.20614641904830933
5461,-0.6717698574066162,-0.27407142519950867,-2.3055996894836426,-0.7399086356163025
5462,0.7113833427429199,-0.9900126457214355,-0.47127145528793335,0.2236870378255844
5463,-0.24151143431663513,-0.39210373163223267,-0.5508917570114136,1.3212071657180786
5464,1.6286754608154297,0.3305487334728241,-0.1314270794391632,0.9499762058258057
5465,-0.40070417523384094,-0.6822242736816406,-0.6219475865364075,-0.8528749346733093
5466,-0.4872487783432007,0.6229137182235718,0.49592819809913635,1.2363253831863403
5467,-0.7478782534599304,-0.6965718865394592,-0.3524915874004364,-2.911576271057129
5468,-0.4487069845199585,0.4255940318107605,1.750095009803772,-0.40646135807037354
5469,0.021967172622680664,-0.36025699973106384,-0.1960996389389038,0.3950642943382263
5470,1.8269492387771606,-0.3193056285381317,-0.27317339181900024,1.0063058137893677
5471,0.04919560253620148,1.2850556373596191,-2.2230005264282227,-0.340972900390625
5472,0.3106827735900879,-0.9245963096618652,-0.6168009042739868,0.4163634777069092
5473,-0.4537270665168762,-0.34139204025268555,-1.3845603466033936,1.2750144004821777
5474,0.7133228778839111,3.332404136657715,-0.49611830711364746,-1.8632391691207886
5475,-0.18793059885501862,0.8289528489112854,-0.916832685470581,-1.5535070896148682
5476,0.588153600692749,-0.8774664402008057,0.4377795159816742,-1.2675310373306274
5477,1.2308818101882935,0.036998577415943146,1.716673731803894,-1.174373984336853
5478,0.4828665554523468,0.6081953048706055,1.331209659576416,0.24060487747192383
5479,0.5536569952964783,0.17231173813343048,0.5901846885681152,-0.018232066184282303
5480,1.1371545791625977,-0.22325444221496582,-0.3665012717247009,-0.16097259521484375
5481,0.6086575984954834,0.39112305641174316,-0.1554376482963562,-0.4789383113384247
5482,-1.53307044506073,-0.09344767779111862,1.2381565570831299,2.602933406829834
5483,-0.187038391828537,0.8296512365341187,0.9814690351486206,0.37995606660842896
5484,-0.6934181451797485,0.6196503639221191,-0.3658238649368286,0.239603191614151
5485,-0.6246297359466553,-0.11707191169261932,2.5022103786468506,-0.8721214532852173
5486,0.27527663111686707,-0.7481980919837952,-0.21010905504226685,-1.745469331741333
5487,-0.17390558123588562,-1.2317912578582764,-0.5653409361839294,-1.5755146741867065
5488,-2.0871124267578125,-0.6279706954956055,2.40824294090271,0.039245735853910446
5489,0.5177913904190063,-0.6654565334320068,0.4124956727027893,0.33239734172821045
5490,0.6403135657310486,-2.060298204421997,0.4686131477355957,0.6040964126586914
5491,-0.5158413052558899,-0.5362877249717712,1.4508661031723022,0.8923606872558594
5492,-0.6329359412193298,0.6236054301261902,-0.045586198568344116,0.845304548740387
5493,0.18113794922828674,-0.1830003559589386,-0.14290161430835724,-1.1856147050857544
5494,0.21265460550785065,-0.21683460474014282,0.4229121506214142,-0.05044510215520859
5495,1.127572774887085,0.5231205224990845,-0.6255403757095337,0.9717291593551636
5496,0.24990200996398926,0.5469602346420288,0.3896902799606323,0.6421554088592529
5497,-0.22662119567394257,0.5932645797729492,-0.8263229131698608,0.3044719994068146
5498,0.8747730255126953,-0.864234983921051,-0.6072342395782471,-0.39207354187965393
5499,-0.7622881531715393,-0.48586922883987427,0.6703050136566162,0.7375018000602722
5500,-0.4380698502063751,-0.17565234005451202,0.6293213367462158,0.5290680527687073
5501,-1.3515318632125854,0.8161753416061401,0.09457306563854218,0.7122973799705505
5502,0.15388867259025574,0.15940576791763306,1.1802525520324707,-1.1570032835006714
5503,-1.2524996995925903,-0.04330528527498245,0.9374809265136719,-0.8554298877716064
5504,0.7015883326530457,0.6767471432685852,2.2332751750946045,0.16885818541049957
5505,1.5679137706756592,-0.7172949910163879,0.09124596416950226,-2.42142391204834
5506,-0.31575465202331543,0.7513206601142883,0.12763337790966034,-0.8948453664779663
5507,0.600340723991394,-0.2149198353290558,0.08718690276145935,-0.40167880058288574
5508,-1.4914132356643677,0.7920286655426025,0.34941840171813965,-1.2231416702270508
5509,0.8870216608047485,0.5552903413772583,-1.5159128904342651,0.04780317842960358
5510,3.488206386566162,0.2661779820919037,-0.4190407395362854,-0.031514182686805725
5511,1.1678712368011475,0.028381727635860443,-1.4793665409088135,-0.7987064719200134
5512,0.24200157821178436,-0.24419879913330078,-2.3339295387268066,1.5533844232559204
5513,-1.0754671096801758,-0.40469253063201904,1.8407275676727295,0.2055397927761078
5514,-0.06750158965587616,-1.0213260650634766,0.4525953531265259,-1.2280610799789429
5515,-1.2764712572097778,-0.9217585325241089,-0.378512978553772,1.9745079278945923
5516,-0.36842232942581177,0.25568318367004395,0.38661232590675354,-0.32101011276245117
5517,0.28096121549606323,-0.8364453911781311,1.4461936950683594,-0.40680044889450073
5518,-1.1132453680038452,-0.28257933259010315,0.8563963770866394,2.6313116550445557
5519,-0.6292780041694641,-0.3279186487197876,-0.51715087890625,0.9580061435699463
5520,-0.9045356512069702,-0.15321189165115356,-0.7004492282867432,-2.0192553997039795
5521,1.0978188514709473,-1.0204052925109863,-1.3327057361602783,-0.3260136842727661
5522,-1.023686408996582,-0.9800115823745728,2.044473171234131,0.2643648386001587
5523,-0.3629758059978485,-0.07484987378120422,0.25848880410194397,-0.4989890456199646
5524,1.1565864086151123,-1.8336186408996582,0.268555223941803,-1.0537760257720947
5525,-0.0517846941947937,-0.6116601228713989,0.5811567902565002,0.9428836703300476
5526,0.8403306603431702,-0.11509527266025543,-0.535663902759552,-0.29380905628204346
5527,1.8034942150115967,1.1034916639328003,1.0516154766082764,-0.09924770891666412
5528,1.6968461275100708,0.7735917568206787,-0.1654093712568283,-2.7038378715515137
5529,0.85194331407547,0.648114800453186,0.858176589012146,0.4293224811553955
5530,-1.0210660696029663,1.3992103338241577,0.2983491122722626,0.991507351398468
5531,-0.7671947479248047,-1.1667226552963257,-0.3340122103691101,-0.8299954533576965
5532,1.7285661697387695,0.7744351625442505,-0.4839811623096466,-0.7458168268203735
5533,-1.973300814628601,0.4944320321083069,0.46717074513435364,0.7723621129989624
5534,0.1505163609981537,-0.08905182778835297,-0.6294363737106323,-0.14633068442344666
5535,-0.8655549883842468,0.7904803156852722,-0.3897238075733185,-0.8809910416603088
5536,-1.3248236179351807,-0.15191909670829773,-0.8438267707824707,0.6386927366256714
5537,0.4741543233394623,-0.21515297889709473,1.3975478410720825,0.04837150499224663
5538,-0.752910852432251,0.24660441279411316,1.0032618045806885,-0.959837794303894
5539,1.396560788154602,-1.4693256616592407,-0.35846248269081116,-0.9106460213661194
5540,1.8067563772201538,2.051095724105835,0.16173988580703735,0.47233885526657104
5541,0.9456433057785034,0.8586180806159973,0.7401129603385925,0.514521598815918
5542,-0.7541517615318298,1.0176485776901245,-0.4132528305053711,0.3824508786201477
5543,0.4074892997741699,-0.913217306137085,1.1705286502838135,0.33166253566741943
5544,1.1085959672927856,-0.5382986068725586,1.4314929246902466,-0.739291787147522
5545,0.7540093064308167,0.16270031034946442,0.7703199982643127,-1.0239795446395874
5546,0.4522313177585602,-0.7552975416183472,-0.08032118529081345,2.15567684173584
5547,-0.05368901044130325,-0.8416894674301147,1.017120599746704,0.006607512943446636
5548,1.4772273302078247,0.019439667463302612,0.5479435324668884,-0.8325396776199341
5549,0.29036757349967957,2.105952262878418,0.37879496812820435,-2.746807336807251
5550,1.0395655632019043,1.2351295948028564,0.307186096906662,1.810180902481079
5551,-0.05033460259437561,0.43334197998046875,-1.5853712558746338,0.8958312273025513
5552,-0.7415325045585632,-0.19947263598442078,-0.14794668555259705,0.21158917248249054
5553,1.114935040473938,1.59308660030365,-0.4956726133823395,-0.41863077878952026
5554,0.05049121379852295,0.469497412443161,1.1735787391662598,-0.7639208436012268
5555,1.8786766529083252,2.082136392593384,0.5388656854629517,-1.2757986783981323
5556,-0.9338691830635071,-0.8051552772521973,-1.4012166261672974,-1.5489861965179443
5557,0.3851425051689148,-0.1636052429676056,-0.05417541414499283,0.6093255877494812
5558,1.5550847053527832,1.8318678140640259,0.36947041749954224,1.0325037240982056
5559,0.8165141344070435,0.311135858297348,0.7488998174667358,0.5966124534606934
5560,0.481720507144928,-0.12635573744773865,-1.8787709474563599,1.069516658782959
5561,-0.28988656401634216,0.2788248360157013,-0.7056639194488525,1.182367205619812
5562,-1.2420251369476318,0.7458760142326355,1.2418105602264404,-0.4755871295928955
5563,-0.8618874549865723,1.5114936828613281,1.1175017356872559,0.1585967242717743
5564,-0.9377220869064331,-0.6998642086982727,0.092278853058815,0.2238536775112152
5565,-0.6561281681060791,0.7315784096717834,-0.7306631803512573,-1.228920340538025
5566,0.2620735168457031,1.2667711973190308,1.3869116306304932,0.4946672320365906
5567,0.035061247646808624,2.461996555328369,1.1341930627822876,1.534930944442749
5568,0.23361115157604218,0.49329084157943726,1.1476844549179077,0.31276455521583557
5569,-1.4735807180404663,-0.24720722436904907,0.004891008138656616,-1.0262960195541382
5570,1.906407356262207,-0.4435761868953705,-0.4823903441429138,-1.4775787591934204
5571,-0.5511925220489502,0.015073262155056,0.24895811080932617,-0.2128685563802719
5572,-0.2635391354560852,0.9176930785179138,-1.0538040399551392,2.24778151512146
5573,-0.6925772428512573,1.7832834720611572,0.14828544855117798,0.5318483710289001
5574,-1.4612336158752441,-0.4614962935447693,0.3972136974334717,-0.711164116859436
5575,1.1830006837844849,-0.7035842537879944,0.7434367537498474,0.5929449200630188
5576,1.1193077564239502,-0.020836442708969116,0.9429854154586792,2.2985973358154297
5577,-1.0319955348968506,-0.9884316921234131,-0.9962074756622314,1.1618043184280396
5578,1.27057945728302,-0.23192763328552246,0.8283370137214661,1.0397684574127197
5579,-0.09287693351507187,-0.8163672685623169,0.5016124248504639,-2.112769365310669
5580,-0.8950068950653076,-0.2339341640472412,0.3176599442958832,1.6770907640457153
5581,0.21369048953056335,1.1492953300476074,0.40178292989730835,-1.135183572769165
5582,-1.159153938293457,0.6792891025543213,0.379509836435318,-0.6518983840942383
5583,1.5030053853988647,0.5855070948600769,0.09773527830839157,1.1156880855560303
5584,-1.110103726387024,-1.259625792503357,1.8890923261642456,-0.6287328004837036
5585,-0.668154776096344,0.3285865783691406,-1.601847529411316,0.24417804181575775
5586,0.18897943198680878,1.0909687280654907,-0.2672942280769348,-0.07578080892562866
5587,1.4489080905914307,-1.0896329879760742,0.219455286860466,1.5239957571029663
5588,-1.3313982486724854,-0.12734481692314148,-0.25288963317871094,-0.7079250812530518
5589,0.24014973640441895,-1.4354872703552246,0.891836404800415,2.0320897102355957
5590,0.8730125427246094,-0.3115308880805969,0.047944143414497375,2.2064943313598633
5591,0.0517621748149395,0.7429574728012085,-0.4403480589389801,-0.6099958419799805
5592,0.9856194853782654,-0.6942122578620911,0.487233430147171,-0.8968948721885681
5593,0.11354614794254303,1.2497844696044922,-0.3912143409252167,0.357059121131897
5594,-1.7101054191589355,-0.042274221777915955,-0.35649406909942627,-1.2267813682556152
5595,1.674817681312561,0.06482517719268799,-0.021593190729618073,0.09228692948818207
5596,-0.5798611044883728,-0.4645776152610779,-1.2694648504257202,-0.840368926525116
5597,-1.5943506956100464,-1.4410765171051025,1.8075307607650757,0.11442592740058899
5598,-0.33128073811531067,-0.5829434394836426,0.7693549990653992,0.43789491057395935
5599,-1.0357451438903809,0.0012862086296081543,1.905493140220642,-0.039154767990112305
5600,0.3862439692020416,-0.10282458364963531,0.9373036026954651,1.0602185726165771
5601,1.750452995300293,2.153918504714966,-1.3991426229476929,-0.15252430737018585
5602,-2.10544753074646,2.907963752746582,-1.8867758512496948,-1.3710991144180298
5603,0.22720561921596527,-0.8826133608818054,1.530220627784729,-0.3982652723789215
5604,-1.4818041324615479,1.2827112674713135,0.1994704306125641,-0.9118601083755493
5605,-0.2285550981760025,1.2771106958389282,0.7149673700332642,-0.25223442912101746
5606,0.07172316312789917,0.2896043360233307,0.9672879576683044,0.17855319380760193
5607,0.9526083469390869,-0.4372754693031311,0.987836480140686,-1.1706883907318115
5608,-1.2063652276992798,1.1304386854171753,-0.251534104347229,0.17880754172801971
5609,0.38614222407341003,0.41470831632614136,-0.15522411465644836,0.4358263313770294
5610,0.5311954617500305,1.2524374723434448,0.9810577034950256,-0.15433089435100555
5611,-0.1457541137933731,1.252225637435913,-0.11659835278987885,0.22489282488822937
5612,0.9869357943534851,-1.119860291481018,1.442760944366455,0.25998154282569885
5613,-0.6167563199996948,0.245444655418396,-1.767547369003296,-0.021853581070899963
5614,0.08550094813108444,0.05728717893362045,-0.26515695452690125,-0.6599634885787964
5615,1.4013336896896362,0.6891574263572693,-0.10941119492053986,-1.5980814695358276
5616,0.24581947922706604,-0.1821095049381256,0.3582637310028076,-1.4206103086471558
5617,0.6691153645515442,0.037539467215538025,0.0855991318821907,1.7990573644638062
5618,0.8028905987739563,0.36814963817596436,-0.7732170224189758,1.359107255935669
5619,-0.013553373515605927,0.8721286654472351,0.8492329120635986,0.3436676859855652
5620,-0.5024970769882202,-1.0234373807907104,0.7538658976554871,-0.21640776097774506
5621,-0.03415952995419502,-1.145819067955017,-0.8332585692405701,-0.5539447665214539
5622,-0.44960278272628784,-2.0416481494903564,0.3765306770801544,0.19466741383075714
5623,-0.8525647521018982,-1.447501301765442,-0.12436895072460175,-0.7814896106719971
5624,0.6870495080947876,0.34976524114608765,-0.9879652261734009,-0.04610675573348999
5625,-1.8148443698883057,2.326845169067383,0.10600107908248901,2.283170223236084
5626,-0.42646321654319763,-1.7341370582580566,-0.5700100660324097,-0.31622302532196045
5627,0.6437810659408569,0.3690272569656372,-1.5248517990112305,-1.0133156776428223
5628,-0.5963621735572815,0.4309939444065094,1.1502070426940918,0.6000280380249023
5629,-1.0205042362213135,-0.12204882502555847,0.7736468315124512,0.4045480489730835
5630,-2.0659756660461426,-1.2106010913848877,-0.15981820225715637,0.0005147987976670265
5631,-0.07878881692886353,-1.6369644403457642,1.0418213605880737,0.19277101755142212
5632,0.10599035024642944,0.444192111492157,-0.3561505675315857,-0.17913338541984558
5633,0.08692442625761032,0.7743041515350342,-0.8747839331626892,-1.1422370672225952
5634,-1.0559966564178467,-0.8660781979560852,0.7149168252944946,1.1872270107269287
5635,-2.517805337905884,-0.44447702169418335,-0.8281612396240234,-1.6124101877212524
5636,0.4463450312614441,-0.5625505447387695,1.1688542366027832,-0.26548871397972107
5637,1.453584909439087,0.028327956795692444,-1.0928024053573608,-0.7240382432937622
5638,0.388222336769104,1.0248297452926636,-0.2334967851638794,1.1108745336532593
5639,0.28380802273750305,0.2976771593093872,1.6533665657043457,-0.447775661945343
5640,-0.9071004390716553,0.5900564193725586,0.025281250476837158,-0.469186007976532
5641,-0.12237034738063812,-1.0430771112442017,0.028123632073402405,0.036996036767959595
5642,0.9226629734039307,0.33804863691329956,0.8928683400154114,1.1255640983581543
5643,-0.27789151668548584,-1.1042968034744263,0.6378604173660278,-1.3102807998657227
5644,-0.23564855754375458,1.811845064163208,0.19258546829223633,-2.4325661659240723
5645,-0.17874976992607117,-0.831055760383606,-0.26416608691215515,-1.6633280515670776
5646,-1.0278655290603638,0.7346360087394714,-0.5898206233978271,-1.0059105157852173
5647,0.25923335552215576,1.0232056379318237,-0.3538268208503723,0.45594820380210876
5648,0.16491296887397766,0.17204028367996216,-0.12980125844478607,-0.2575909495353699
5649,1.4298213720321655,-1.450871229171753,0.5669957399368286,-0.5819469094276428
5650,0.125925213098526,0.2542690634727478,0.3939511477947235,-0.06839174777269363
5651,-1.946517825126648,0.9469152688980103,0.5500565767288208,-0.7890004515647888
5652,-0.378848671913147,-0.23194360733032227,0.2727142870426178,-0.6471040844917297
5653,-0.5442258715629578,-1.017249584197998,-0.940915048122406,-1.3144581317901611
5654,1.04862380027771,-0.6409729719161987,1.1689563989639282,-1.4982069730758667
5655,-0.46726328134536743,-0.22240173816680908,-1.4231699705123901,-0.0194055438041687
5656,1.1675652265548706,-0.5257718563079834,0.5419244170188904,1.2784007787704468
5657,0.19318893551826477,-1.2367618083953857,1.394484519958496,1.9329932928085327
5658,-1.7796417474746704,0.5032732486724854,0.053034063428640366,2.0662434101104736
5659,-0.013396933674812317,-0.7062830924987793,0.630262553691864,-0.13878177106380463
5660,-0.06754053384065628,1.1731098890304565,1.1647788286209106,-0.5415652990341187
5661,2.257167100906372,0.6637437343597412,-0.402262806892395,0.709393322467804
5662,-1.2281897068023682,1.462145209312439,0.09330818057060242,1.5869454145431519
5663,0.09851054102182388,-0.2956928014755249,-1.2220126390457153,-0.0736774429678917
5664,-0.5039874315261841,-0.2607934772968292,0.05992753803730011,0.7103732824325562
5665,0.9311963319778442,0.6521036624908447,0.7102229595184326,-0.26378268003463745
5666,-0.8075345754623413,0.8399239182472229,1.020565390586853,1.2874987125396729
5667,-0.33989596366882324,0.3713582158088684,-0.17120784521102905,-0.09172003716230392
5668,-0.9848858118057251,0.41748377680778503,0.12721578776836395,0.9138482213020325
5669,-1.5381194353103638,1.65866219997406,0.36862581968307495,0.46412208676338196
5670,-0.041512712836265564,1.486952781677246,-0.17077232897281647,0.9277912378311157
5671,0.2124442458152771,2.0121712684631348,-0.6704319715499878,-0.5459611415863037
5672,-1.2668143510818481,-0.3453700840473175,0.7202669978141785,-1.9409078359603882
5673,2.550128221511841,0.748347818851471,-0.5974674224853516,0.6762408018112183
5674,0.8383305072784424,1.0916978120803833,-0.7868343591690063,-0.34589245915412903
5675,0.6483978033065796,0.5575106739997864,0.4690244495868683,-1.1109696626663208
5676,-0.9146674275398254,-0.06679142266511917,-1.0265350341796875,0.8190227150917053
5677,1.2126519680023193,0.038238756358623505,-1.919015884399414,-0.6166613698005676
5678,0.18522866070270538,0.789915919303894,1.6644426584243774,-0.6603397130966187
5679,-0.5429226160049438,0.707912802696228,0.5995386838912964,1.0347214937210083
5680,0.33558547496795654,-0.7969934344291687,0.13966232538223267,-0.9255597591400146
5681,-1.20763099193573,1.0252912044525146,-0.09855736792087555,-0.5475274324417114
5682,-0.30335745215415955,-0.7268683910369873,-0.3089796006679535,0.327663391828537
5683,1.4750313758850098,0.16880322992801666,-0.3544843792915344,-0.5287120938301086
5684,0.3068317174911499,0.06396502256393433,0.7943010926246643,-0.6078003644943237
5685,1.9478073120117188,-0.03636736050248146,-1.4080415964126587,-0.9652502536773682
5686,1.3204268217086792,0.1641237437725067,-0.009143488481640816,0.1012001782655716
5687,-1.2012730836868286,0.5143071413040161,-0.6893734335899353,-0.6229261159896851
5688,-1.9749407768249512,1.5123223066329956,-0.1242164671421051,-0.6140548586845398
5689,-0.09710977226495743,-1.346259593963623,0.13110463321208954,0.5227553248405457
5690,-0.6725183725357056,0.17110322415828705,-0.7642413377761841,0.5807545185089111
5691,-1.8805335760116577,-0.11851086467504501,-1.2800441980361938,-2.162303924560547
5692,0.5525583624839783,-0.63957279920578,0.7864534258842468,-0.1440020203590393
5693,-0.3878902792930603,-1.7201132774353027,0.049983467906713486,-0.09278551489114761
5694,0.16554412245750427,-1.1055070161819458,-0.3551870882511139,-1.4308810234069824
5695,1.0232157707214355,-0.3251595199108124,0.06838710606098175,0.5439163446426392
5696,0.23987451195716858,-1.508263349533081,0.5784701704978943,-1.773314118385315
5697,1.4258748292922974,-0.8343023657798767,-0.40029874444007874,0.6449567675590515
5698,-0.5964792966842651,0.9182531833648682,-0.48380354046821594,-0.061242684721946716
5699,1.3929585218429565,0.5284203290939331,0.38018569350242615,0.918915867805481
5700,-0.07200974225997925,-0.4498823285102844,1.6975324153900146,-0.7332245111465454
5701,1.0061668157577515,0.1846730262041092,-0.8540787100791931,0.7460522055625916
5702,-0.4212964177131653,0.8998757600784302,1.6162500381469727,-1.609521746635437
5703,-1.5297772884368896,-0.9300855994224548,0.39497265219688416,0.8857805728912354
5704,1.4214844703674316,0.6539344787597656,1.212573528289795,0.1001039519906044
5705,0.6240857243537903,0.3834235668182373,-0.47067975997924805,1.4111498594284058
5706,0.005140217486768961,-0.7226519584655762,1.7357758283615112,0.6907371878623962
5707,-0.5585317015647888,-1.0956348180770874,-0.5507023334503174,-0.972001850605011
5708,0.49602943658828735,-1.4234503507614136,-0.8867872953414917,0.15683594346046448
5709,1.4144104719161987,-2.658468246459961,-1.5343408584594727,-2.5555500984191895
5710,1.3231003284454346,-1.1226147413253784,-0.5794969797134399,0.5405641198158264
5711,0.824874997138977,-1.0724157094955444,-0.7505185604095459,-0.48400261998176575
5712,0.5233458280563354,0.5607906579971313,-1.3146265745162964,0.6174227595329285
5713,0.8276943564414978,0.2369520664215088,0.5695637464523315,2.564201831817627
5714,0.6319285035133362,0.3432528078556061,-1.4434510469436646,-1.8085873126983643
5715,1.4565972089767456,0.1284204125404358,-1.3084518909454346,-0.5485409498214722
5716,-1.5621570348739624,-0.41137248277664185,2.4301021099090576,-2.2244479656219482
5717,-0.642528772354126,-0.8048349618911743,-0.23741775751113892,0.3532005846500397
5718,-0.20155909657478333,0.6905403733253479,0.8924609422683716,0.06719495356082916
5719,-0.10199929773807526,0.2796575427055359,-0.8034152388572693,-2.5845444202423096
5720,0.5727022886276245,1.1290379762649536,1.0399106740951538,-2.632545232772827
5721,-0.04091101512312889,0.29572927951812744,-0.4004603624343872,-0.5220971703529358
5722,-0.8391080498695374,1.2844423055648804,-0.07467854768037796,0.19128797948360443
5723,-0.6346457004547119,1.3799387216567993,0.2935003340244293,-1.5744974613189697
5724,-0.7042694091796875,1.411746859550476,-0.40320661664009094,0.10875651240348816
5725,0.16074950993061066,0.18948881328105927,-0.38631874322891235,-0.036790020763874054
5726,-1.300624966621399,2.0562589168548584,-0.47576701641082764,-0.5057563781738281
5727,0.6781911253929138,-0.7169091105461121,0.9341621398925781,-1.0989024639129639
5728,-0.23021893203258514,0.3242165446281433,-1.3877639770507812,1.5919365882873535
5729,2.073245048522949,0.24766235053539276,1.9635555744171143,1.6706438064575195
5730,-1.0956095457077026,0.7188262939453125,-0.7354916334152222,-0.6605206727981567
5731,0.5502216219902039,1.2186434268951416,-0.956610918045044,-1.6647827625274658
5732,0.40569478273391724,0.35558784008026123,1.9859789609909058,0.7068259716033936
5733,0.75513756275177,2.3089048862457275,-0.6261963844299316,1.1893466711044312
5734,1.4596914052963257,0.0925673320889473,0.5065636038780212,-1.6102336645126343
5735,-1.7719768285751343,1.9169421195983887,0.02506166510283947,-0.20092140138149261
5736,-0.4575995206832886,-0.4822417199611664,-0.6141807436943054,-0.995214581489563
5737,-1.0003955364227295,0.47569265961647034,-1.3276894092559814,-0.15538249909877777
5738,0.1719892919063568,0.18756842613220215,0.22125020623207092,-0.019322989508509636
5739,0.814600944519043,-0.1643729954957962,-0.7142308354377747,0.35859787464141846
5740,1.251784324645996,-0.2665941119194031,-0.4710945188999176,0.9625512957572937
5741,1.1292674541473389,0.14087946712970734,-0.42706453800201416,0.27771592140197754
5742,-0.9304560422897339,0.3198874294757843,0.4179534316062927,-0.03061104193329811
5743,-0.920608401298523,-0.4801713824272156,-0.13799342513084412,0.5408768057823181
5744,-0.39520928263664246,0.14630252122879028,-0.2093004584312439,0.2771165668964386
5745,-1.0265345573425293,0.26676005125045776,-1.175013542175293,-0.3583150804042816
5746,-0.8341920971870422,0.32581064105033875,-0.14471250772476196,1.0908546447753906
5747,1.2417834997177124,1.8354164361953735,-0.9964917898178101,1.4000847339630127
5748,0.47540000081062317,-1.906945824623108,-0.055241890251636505,1.458016276359558
5749,0.0024950727820396423,-0.499581515789032,0.33621716499328613,0.19978763163089752
5750,-1.122509241104126,2.4053921699523926,-0.28075218200683594,-0.33157557249069214
5751,0.6425009965896606,-0.475813627243042,-0.23225735127925873,0.4657249450683594
5752,-1.3800735473632812,0.39427512884140015,0.5978755950927734,2.4747188091278076
5753,2.146261215209961,-0.2813619375228882,-0.7251268625259399,0.5570098757743835
5754,-0.6453039050102234,-0.5836600065231323,-0.6964020729064941,1.534224033355713
5755,-0.2978278398513794,-1.4791831970214844,0.40402913093566895,-1.155228614807129
5756,-0.14056164026260376,1.2171555757522583,0.8508641719818115,-0.1518530696630478
5757,-1.036285400390625,-0.6383108496665955,0.370095431804657,-0.07208861410617828
5758,0.2706190347671509,0.8443143367767334,0.6379607915878296,0.8429582118988037
5759,1.9979695081710815,0.8498099446296692,0.9108653664588928,0.40130338072776794
5760,-0.2304767370223999,0.7600461840629578,-0.8516438603401184,1.1514909267425537
5761,-0.24502405524253845,-0.3047609031200409,-0.45722848176956177,-0.5080515146255493
5762,1.010377049446106,0.25491446256637573,-0.7510954141616821,-0.6301386952400208
5763,0.08900564908981323,-1.0943784713745117,1.9184850454330444,-0.2384919971227646
5764,0.6780252456665039,0.12236718833446503,0.46417954564094543,-0.5160849094390869
5765,-0.7070145010948181,0.40060633420944214,1.5680166482925415,-1.1947181224822998
5766,0.15354785323143005,-0.5378111004829407,-0.3635651469230652,-0.8261696696281433
5767,0.7911887168884277,-1.2559330463409424,0.49274903535842896,-1.0470716953277588
5768,0.15891864895820618,-1.5729491710662842,-0.27046582102775574,0.3627646565437317
5769,-0.47851061820983887,0.06365569680929184,-1.3311394453048706,-1.9323854446411133
5770,0.5065559148788452,0.11486096680164337,-0.12300010770559311,-2.215059757232666
5771,0.5710489153862,0.7592482566833496,0.9938936233520508,1.4807785749435425
5772,-0.7832003235816956,0.2630347013473511,0.39454495906829834,-0.9849293231964111
5773,-0.8995570540428162,1.6465476751327515,0.5851833820343018,-2.0427143573760986
5774,1.6120222806930542,-1.2146422863006592,0.785016655921936,-0.3509461581707001
5775,0.7042272686958313,0.17483291029930115,-0.09160199761390686,0.8461547493934631
5776,0.10918692499399185,-0.2735259234905243,-0.3942275047302246,-0.4609147608280182
5777,0.33392006158828735,0.44866758584976196,-0.38677769899368286,0.49793878197669983
5778,-0.6190332174301147,1.5627126693725586,-0.20885010063648224,-2.3794987201690674
5779,-1.200799584388733,-0.2793749272823334,-0.7272592186927795,-0.9264878630638123
5780,0.7535945177078247,0.06487914174795151,-0.762681245803833,-0.35245802998542786
5781,-0.31121501326560974,-0.08579855412244797,0.0851738229393959,0.04153507947921753
5782,-1.0369211435317993,0.3585905432701111,-0.37165185809135437,-0.6124648451805115
5783,-0.06342291831970215,0.09375343471765518,-0.8584079742431641,2.2900290489196777
5784,0.2703787684440613,1.3771352767944336,0.7293907999992371,0.35861435532569885
5785,0.8755506277084351,-0.4957936108112335,0.9089253544807434,1.3622851371765137
5786,1.4933096170425415,0.3204547166824341,2.083357095718384,0.502288818359375
5787,-0.08101329207420349,0.09861412644386292,-0.11356447637081146,-0.40294286608695984
5788,0.7713901996612549,-0.830755889415741,-0.28560173511505127,0.95400071144104
5789,-0.13114671409130096,1.1745327711105347,0.04769166558980942,1.2476826906204224
5790,0.6224415302276611,1.1087700128555298,1.3839460611343384,-0.017030848190188408
5791,1.1607602834701538,0.024844704195857048,0.9235594868659973,0.5763950943946838
5792,0.7926231026649475,-1.0791367292404175,1.0442131757736206,-0.49105826020240784
5793,0.5477787852287292,-0.049912504851818085,0.1595270335674286,1.0508127212524414
5794,-1.019599437713623,0.2949991822242737,-0.560339093208313,-1.0362563133239746
5795,2.527958869934082,1.2089136838912964,1.3200517892837524,0.10496380925178528
5796,1.0633928775787354,-0.17107069492340088,-0.11251300573348999,0.2437020093202591
5797,0.28873464465141296,0.396873414516449,-2.4507782459259033,-1.1095067262649536
5798,0.9207678437232971,0.9354312419891357,-0.23383848369121552,0.9023325443267822
5799,2.3039467334747314,0.08520713448524475,1.03709876537323,0.4674612283706665
5800,-0.6922253370285034,1.588401436805725,-0.4903372824192047,0.6591011881828308
5801,1.110005497932434,-0.634476900100708,1.2661237716674805,1.1775542497634888
5802,0.8904190063476562,-0.06517051160335541,-0.12595809996128082,-0.867696225643158
5803,-1.0139580965042114,0.509616494178772,-0.9169676303863525,0.19604721665382385
5804,0.5005506873130798,-1.1003748178482056,-1.2076774835586548,-0.4208998680114746
5805,-0.7297005653381348,-0.1831069141626358,-0.23199576139450073,0.15902301669120789
5806,-0.3086386024951935,-0.8044239282608032,0.20486341416835785,0.39966118335723877
5807,-1.0494229793548584,0.49596941471099854,0.3423709571361542,-0.16039767861366272
5808,-0.710324227809906,-0.4623650908470154,-0.17940779030323029,-0.08393093943595886
5809,0.449783056974411,-0.2893908619880676,-0.18841983377933502,-0.5128681063652039
5810,0.4801979064941406,0.494623601436615,-2.351151704788208,-1.1185035705566406
5811,-0.9738500118255615,-0.384090781211853,-0.10563983023166656,-1.2356884479522705
5812,-1.3714981079101562,-0.6432921290397644,-0.17376089096069336,0.2841896116733551
5813,1.7331215143203735,0.4932490885257721,0.15622028708457947,0.565272331237793
5814,-0.7666451334953308,0.8130316138267517,0.31973588466644287,0.2909739911556244
5815,-0.22339022159576416,-0.7827802896499634,-0.7850015759468079,0.1874845027923584
5816,-0.22920668125152588,-0.792079746723175,-0.3406520485877991,-0.5114470720291138
5817,-0.22784341871738434,-1.3275777101516724,-0.7807727456092834,-0.43568363785743713
5818,0.11311215907335281,0.8392705321311951,0.28558221459388733,-0.4928334057331085
5819,-0.20535063743591309,0.025838851928710938,-1.068113088607788,0.9522680640220642
5820,0.7912329435348511,-0.016379937529563904,-0.04259925335645676,1.1325856447219849
5821,1.031767725944519,0.46389806270599365,0.24960634112358093,1.0806728601455688
5822,-0.5233547687530518,0.585917055606842,0.9458518624305725,-0.6990151405334473
5823,0.39708614349365234,1.3890045881271362,-0.8284756541252136,-1.0513222217559814
5824,-0.14652004837989807,-1.4587922096252441,-0.22219011187553406,-0.5655120611190796
5825,-0.09695538878440857,-1.4428232908248901,-0.9345633387565613,0.7261277437210083
5826,-1.4728970527648926,-0.9819341897964478,-0.46122121810913086,-0.9052819609642029
5827,-1.9258345365524292,1.6565169095993042,1.9069384336471558,-1.9660333395004272
5828,0.60957932472229,-0.14076900482177734,-0.848542332649231,-2.289456844329834
5829,0.36762821674346924,0.919295608997345,-0.47796303033828735,1.1430799961090088
5830,-0.06570418924093246,-1.1023774147033691,-0.22040757536888123,0.06027282774448395
5831,1.4963479042053223,0.2609187364578247,-1.9001816511154175,2.4901063442230225
5832,0.6426070332527161,-1.6892895698547363,0.43404054641723633,-0.5094163417816162
5833,1.4429538249969482,-0.5430758595466614,-1.394034743309021,0.019952159374952316
5834,-0.8648371696472168,-1.3195923566818237,-1.6180003881454468,-0.7736451029777527
5835,-1.243794560432434,-0.2003549039363861,0.19978944957256317,-0.4825783371925354
5836,1.762760043144226,-1.0913869142532349,0.42107686400413513,1.6512565612792969
5837,-0.01735875755548477,-1.8986722230911255,-0.7592921257019043,0.6398923993110657
5838,0.6073377132415771,0.12795065343379974,-0.8927602171897888,1.2636264562606812
5839,1.099314570426941,0.3852384090423584,0.13500438630580902,1.391693115234375
5840,0.6220661401748657,0.7178922295570374,-1.191580891609192,1.2185349464416504
5841,0.44788384437561035,0.4221922755241394,0.9964288473129272,-0.2929045557975769
5842,0.8875254988670349,1.891774296760559,0.10690505802631378,0.9738138318061829
5843,-0.8452795743942261,-0.3302026093006134,-1.1049470901489258,1.0850580930709839
5844,-0.3814271092414856,-0.19085276126861572,0.9250463247299194,0.6448060274124146
5845,1.4884684085845947,2.105335235595703,0.07667462527751923,0.8548702001571655
5846,-0.6072043776512146,-0.5371941924095154,1.011367678642273,1.4680067300796509
5847,-1.8338878154754639,0.18132513761520386,0.15691830217838287,-0.2907235622406006
5848,-0.8662985563278198,1.6601626873016357,-0.43570828437805176,0.12978842854499817
5849,2.0406129360198975,0.7540522813796997,-0.6385890245437622,-1.266717791557312
5850,-0.24361461400985718,-0.6229347586631775,0.11976926028728485,-0.4772554039955139
5851,-0.07429084181785583,0.47479721903800964,-0.46732211112976074,-0.6128212809562683
5852,-1.1937512159347534,0.7491952180862427,0.6471081972122192,-0.6427063941955566
5853,0.3802056610584259,-0.9884185194969177,-0.5660555362701416,1.2785348892211914
5854,-1.2410273551940918,1.0758305788040161,1.2909928560256958,-0.22603514790534973
5855,-0.5318180322647095,1.1777666807174683,-0.8437865376472473,-0.3298451602458954
5856,-0.3110148310661316,0.54915851354599,0.5179244875907898,0.2812221348285675
5857,-0.33380818367004395,0.17546778917312622,-1.434320330619812,0.2281259149312973
5858,0.9717633128166199,0.04086574167013168,-0.6647284030914307,-0.27811330556869507
5859,0.19151170551776886,-0.31845977902412415,0.616477370262146,0.11157020181417465
5860,-0.9659537672996521,-0.13084819912910461,-0.0766233503818512,0.7678414583206177
5861,1.8917760848999023,0.7789195775985718,0.08076430857181549,-0.34297627210617065
5862,-1.4758330583572388,1.036656141281128,0.20605529844760895,1.7423511743545532
5863,1.4439054727554321,0.28996333479881287,1.253690242767334,0.7348014712333679
5864,0.8916980028152466,-0.809489369392395,0.3655660152435303,0.9131723642349243
5865,-0.020489120855927467,-0.8085148334503174,0.9007094502449036,0.8813268542289734
5866,1.493717074394226,0.4732372760772705,0.7251926064491272,-0.35618749260902405
5867,0.7853228449821472,1.1259151697158813,0.315006285905838,-0.1479690670967102
5868,-0.9499005675315857,0.21558122336864471,-0.019826706498861313,0.5583236217498779
5869,-0.9149265885353088,-1.0866066217422485,1.3121044635772705,0.8310689926147461
5870,-0.23306524753570557,2.5382955074310303,0.8505852222442627,1.1669869422912598
5871,0.6501988768577576,0.6000632047653198,-0.29275286197662354,-0.9804841876029968
5872,0.024855226278305054,-1.3463722467422485,0.9914317727088928,0.3451439440250397
5873,0.08032728731632233,0.13650912046432495,-1.079136610031128,0.5775181651115417
5874,-0.02156258374452591,2.007136106491089,2.50290846824646,0.5543465614318848
5875,1.2552517652511597,-1.2827006578445435,0.3073904812335968,0.54381263256073
5876,0.5079914927482605,2.524867534637451,-0.19245098531246185,0.26237374544143677
5877,-0.6779343485832214,0.13436922430992126,1.4212379455566406,-0.2854066789150238
5878,-2.051443338394165,1.174683690071106,0.17611265182495117,0.3197159469127655
5879,0.7191769480705261,-0.559017539024353,0.8268924355506897,1.8496949672698975
5880,0.10207270085811615,1.2218540906906128,1.4931917190551758,-0.7797574400901794
5881,-0.14533546566963196,-2.256251573562622,-0.057454440742731094,-0.8214889168739319
5882,1.3759950399398804,0.8779039978981018,-0.46910110116004944,-0.6706675887107849
5883,-0.1906663477420807,-1.2546350955963135,-1.1592142581939697,0.7058449387550354
5884,0.16870206594467163,-0.18739697337150574,-0.4670991599559784,-1.3931972980499268
5885,0.5269482731819153,0.8331490755081177,-1.8451347351074219,1.4215316772460938
5886,0.19494786858558655,0.8059292435646057,0.05044084042310715,1.2278175354003906
5887,0.9380772709846497,2.1315698623657227,0.907748281955719,-1.5495837926864624
5888,1.190844178199768,-0.5601975917816162,-0.10794487595558167,0.8058150410652161
5889,-1.3312623500823975,1.0377193689346313,0.082512766122818,0.9944233298301697
5890,0.9549469351768494,-2.4045205116271973,0.8921334147453308,-0.21863938868045807
5891,0.6427666544914246,-1.1331106424331665,0.3555747866630554,-1.6923359632492065
5892,-0.13347533345222473,-1.241789698600769,-0.7198624610900879,0.5477533340454102
5893,-0.27531298995018005,-0.8519784808158875,-0.8484984636306763,1.2522391080856323
5894,0.007250802591443062,-0.07408294826745987,-1.622299313545227,-0.13281971216201782
5895,0.2702014446258545,-0.8235108852386475,1.273849606513977,-1.395064353942871
5896,-1.3637950420379639,-1.1959624290466309,1.494809627532959,0.02360677346587181
5897,-1.326959490776062,0.01614352874457836,-0.270306259393692,-1.0483062267303467
5898,-0.27706217765808105,-0.6793827414512634,-1.2522690296173096,-1.1147950887680054
5899,0.2554078698158264,-1.79048752784729,0.3438313603401184,-0.7672854661941528
5900,1.0040956735610962,0.3984273672103882,-0.21832887828350067,0.7574189305305481
5901,-0.2334316372871399,-1.1603132486343384,-1.6462228298187256,-0.5919776558876038
5902,1.2928152084350586,0.1398272067308426,1.5103724002838135,-1.9523799419403076
5903,-0.047209691256284714,-0.4369080662727356,-0.6482285261154175,0.08951912820339203
5904,0.12343963235616684,0.7308725118637085,0.18480880558490753,-0.8141083717346191
5905,0.3211582601070404,0.5918879508972168,0.9695470333099365,-0.13344332575798035
5906,0.35419031977653503,-0.5679571032524109,0.5375344753265381,0.5277895927429199
5907,2.3635969161987305,0.21443191170692444,2.108649969100952,-1.8150116205215454
5908,-0.013360131531953812,-0.8031298518180847,-0.18090607225894928,-1.1496425867080688
5909,-1.2187265157699585,0.1485426425933838,-2.4479222297668457,-1.1499642133712769
5910,0.5504812598228455,0.5258315205574036,0.5230779647827148,-0.9112374186515808
5911,1.1689456701278687,-1.3571208715438843,0.29636335372924805,-0.899336040019989
5912,-0.06124592199921608,1.1972286701202393,0.11971308290958405,-0.5401458740234375
5913,-0.8710495829582214,0.3721109628677368,0.725005567073822,1.0270206928253174
5914,-0.42673414945602417,-0.23472340404987335,0.36868998408317566,-1.3473516702651978
5915,-0.6827008128166199,0.4467851519584656,-0.05506609380245209,-1.1328479051589966
5916,-1.026369571685791,-0.8873926401138306,-1.0437748432159424,-0.23279687762260437
5917,1.680940866470337,-0.3699101507663727,-1.1033811569213867,-0.8125612735748291
5918,-1.5693024396896362,1.0894359350204468,-0.5697003602981567,-2.114254951477051
5919,-0.8404337167739868,-1.449803113937378,-0.8101379871368408,0.6596555709838867
5920,-0.2270241379737854,-0.446248859167099,-1.087497591972351,1.3811155557632446
5921,-1.546375036239624,0.2850227952003479,-0.9547631740570068,-0.7895623445510864
5922,0.9649412631988525,-0.2942333221435547,0.8999485373497009,0.028994306921958923
5923,-1.2292240858078003,1.3349480628967285,1.5579959154129028,-1.7511337995529175
5924,0.44823601841926575,0.3199508488178253,0.20253804326057434,-2.2607345581054688
5925,-0.3898547887802124,-0.32686448097229004,0.367406964302063,0.5154672265052795
5926,0.11159110069274902,-0.66745525598526,-1.290168046951294,-1.5035724639892578
5927,-1.2166308164596558,-1.715549349784851,-0.04159151762723923,0.23795421421527863
5928,-1.8691651821136475,-0.5729345679283142,0.19157648086547852,-0.019427936524152756
5929,2.131108045578003,-1.0884203910827637,1.25639009475708,0.31074410676956177
5930,0.8128681182861328,-0.24161846935749054,-1.2169231176376343,-1.119136095046997
5931,-0.1803363561630249,-2.2065744400024414,-0.2589235305786133,0.8600770831108093
5932,-1.0742124319076538,-0.7855888605117798,-2.7026262283325195,2.0860908031463623
5933,-0.21854668855667114,-1.9617375135421753,0.015540353953838348,-0.4121514558792114
5934,0.28078949451446533,-0.6210157871246338,0.04851781576871872,-0.12094997614622116
5935,0.1536642611026764,-1.746893286705017,-1.1598222255706787,-0.6271001100540161
5936,-0.11759169399738312,0.5221810340881348,0.7776797413825989,-0.39124080538749695
5937,0.003492027521133423,-0.8447329998016357,0.16365286707878113,1.3356578350067139
5938,0.012961946427822113,-0.032161831855773926,-0.83135586977005,-0.31423893570899963
5939,0.11937391757965088,0.41336682438850403,-2.4403631687164307,1.3579655885696411
5940,0.6878095269203186,1.3102078437805176,-0.5313498973846436,0.2918960750102997
5941,0.38835591077804565,0.6056085824966431,0.6841861009597778,0.7194650769233704
5942,-1.0447592735290527,0.6186062097549438,1.2454127073287964,0.9880216121673584
5943,-0.3525015711784363,0.3071535527706146,1.0010734796524048,0.7737047076225281
5944,0.8002405166625977,0.09584727883338928,-0.4397743046283722,-0.5703489184379578
5945,-0.20286448299884796,0.939243733882904,2.4404146671295166,-0.5715227723121643
5946,-0.2819480299949646,0.07190194725990295,-0.39446747303009033,1.4549378156661987
5947,0.033218249678611755,1.2083632946014404,-0.0865812823176384,0.0077406270429492
5948,-0.8141309022903442,0.45544102787971497,1.2170617580413818,-0.18252210319042206
5949,1.1254427433013916,-0.317781925201416,1.4737343788146973,0.42826253175735474
5950,0.22400638461112976,1.9843246936798096,0.21961650252342224,0.2608177661895752
5951,-0.37937256693840027,0.0016556009650230408,-0.24267958104610443,1.4790600538253784
5952,-0.8492071628570557,0.04669205844402313,-0.9448583126068115,0.7165090441703796
5953,0.3772199749946594,1.4119399785995483,0.028450563549995422,-0.3689347803592682
5954,-0.8536741733551025,0.8979915976524353,1.301609992980957,0.5499613285064697
5955,0.17116302251815796,-0.9315863847732544,-0.21064803004264832,-0.5099155902862549
5956,-2.086533784866333,-0.6624991297721863,-1.4730989933013916,-0.1879894882440567
5957,-1.4872368574142456,0.29627636075019836,-1.8207862377166748,1.3662086725234985
5958,0.17403189837932587,1.1472492218017578,0.5183008313179016,-0.4686930775642395
5959,0.67295902967453,-0.9098440408706665,0.33934545516967773,0.20486080646514893
5960,-0.8862624168395996,-0.806989312171936,0.5844165682792664,-2.194075584411621
5961,0.45497506856918335,-0.8949912190437317,0.3986250162124634,-0.7022958993911743
5962,1.0127310752868652,0.0557645745575428,-0.2055683135986328,-0.1171649843454361
5963,-0.26413556933403015,0.12702514231204987,-2.5067520141601562,0.25363439321517944
5964,-0.41389623284339905,-1.1043497323989868,0.01041366159915924,0.3259783983230591
5965,1.1019458770751953,-1.022843837738037,1.0989441871643066,-0.5597816705703735
5966,0.8187835216522217,0.21845483779907227,1.89682936668396,-1.098238468170166
5967,1.5111241340637207,0.37372130155563354,0.27346622943878174,1.0759080648422241
5968,0.1729172319173813,-0.8181293606758118,0.8633189797401428,0.34389960765838623
5969,2.115384578704834,0.8619552254676819,-0.6561571359634399,1.3414437770843506
5970,-1.4690760374069214,-0.6792682409286499,-0.2394944727420807,-0.3718095123767853
5971,-1.1639944314956665,0.6586130261421204,-0.08711382746696472,-0.09973695129156113
5972,-1.417931318283081,0.4560224413871765,0.4249034523963928,-0.08498771488666534
5973,-1.6768773794174194,0.19144466519355774,-0.2009722888469696,0.17082911729812622
5974,-0.13389086723327637,0.6606675386428833,-0.2677910625934601,0.8671912550926208
5975,-0.48419493436813354,0.3460816442966461,0.8188052177429199,-2.4076085090637207
5976,-0.1072109043598175,-0.48342230916023254,1.8166749477386475,1.2658034563064575
5977,-0.07582209259271622,1.4272384643554688,-0.2957041263580322,-0.43529585003852844
5978,2.165924072265625,-0.24156156182289124,-1.4948769807815552,0.6745384335517883
5979,0.6586034297943115,-1.3872073888778687,0.09185976535081863,-0.579670786857605
5980,-0.2352798581123352,-0.3792170286178589,-0.4653237760066986,-0.4931749403476715
5981,-1.23769211769104,-0.23188966512680054,-0.9807906746864319,-1.5456091165542603
5982,0.016165390610694885,0.1382727175951004,0.14912459254264832,-0.558148980140686
5983,-0.4627165198326111,-1.3671386241912842,1.4352209568023682,0.48459017276763916
5984,-0.6564053297042847,2.302137851715088,0.9978757500648499,-0.3843483626842499
5985,-0.19518910348415375,1.1877250671386719,-0.8436673879623413,0.7884576320648193
5986,1.3631629943847656,-0.47276464104652405,-1.4672930240631104,0.9099354147911072
5987,1.2544595003128052,-2.0013926029205322,-0.25422337651252747,0.07761519402265549
5988,-0.24299481511116028,0.34193000197410583,0.01338319480419159,-0.7249336242675781
5989,-0.5190074443817139,0.4411383867263794,-1.1970851421356201,0.2753293514251709
5990,-0.26491719484329224,0.02930551767349243,-0.7658198475837708,0.14401231706142426
5991,-1.2981998920440674,0.7016695737838745,-1.446250557899475,-0.06354884803295135
5992,-0.25763964653015137,1.5316381454467773,-1.3589022159576416,-0.7240456938743591
5993,-0.2727288603782654,-0.20394998788833618,0.6276445388793945,0.32913026213645935
5994,-1.0170742273330688,-1.1142791509628296,-1.4324589967727661,-0.3567691445350647
5995,0.29408878087997437,0.4332691729068756,0.5352932810783386,-0.283967524766922
5996,-0.6064510345458984,1.003854513168335,0.0211748369038105,1.3443384170532227
5997,0.6467523574829102,0.48725926876068115,1.4745393991470337,-1.021653652191162
5998,-1.3109686374664307,-0.48326605558395386,0.3566543459892273,-0.6146867871284485
5999,0.16688533127307892,-1.0445106029510498,0.3011377155780792,-0.21398702263832092
6000,0.1338169276714325,0.6465721130371094,-0.04954029619693756,0.35433679819107056
6001,0.5272881388664246,1.730828046798706,-0.9573966860771179,0.1739790439605713
6002,-1.6051881313323975,0.6796243786811829,0.5756171345710754,-1.4428527355194092
6003,0.4398394525051117,0.4148751497268677,-0.8377584218978882,0.39287856221199036
6004,-0.37369778752326965,-0.2845558226108551,1.7216193675994873,-0.519317090511322
6005,-0.5605722665786743,-0.16910746693611145,0.5840762853622437,0.4768403470516205
6006,-1.2482013702392578,-1.479831576347351,1.8982970714569092,0.21584749221801758
6007,1.5608775615692139,0.2581387758255005,0.4708102345466614,-0.6355952620506287
6008,-0.040853653103113174,-0.9278537034988403,0.47146591544151306,-0.7407333850860596
6009,0.3539124131202698,1.7544455528259277,2.532334566116333,-0.4473606050014496
6010,-0.2684245705604553,0.19651564955711365,0.6765356659889221,2.013653039932251
6011,-0.4599750339984894,1.7222517728805542,-0.4510882496833801,-0.12213727831840515
6012,0.17555320262908936,1.20578932762146,0.5969984531402588,-1.469027042388916
6013,-2.4802000522613525,2.8701789379119873,0.9996584057807922,-1.7707529067993164
6014,-0.15891660749912262,-0.1167559027671814,0.5003249049186707,0.09737678617238998
6015,-0.26778119802474976,-0.12029526382684708,0.5456645488739014,1.502349615097046
6016,-0.9439895749092102,-0.9849867820739746,0.7612538933753967,1.0006756782531738
6017,-2.1537811756134033,1.3456470966339111,-0.6080290079116821,0.8773773908615112
6018,1.7996621131896973,1.910888433456421,-0.0050805360078811646,1.2466132640838623
6019,-0.15959930419921875,1.077643871307373,-0.17369529604911804,0.5506625771522522
6020,-1.9813358783721924,1.5178879499435425,-0.5056435465812683,1.9855804443359375
6021,-0.495566189289093,-0.2324318289756775,2.073826313018799,0.12694257497787476
6022,0.6754425168037415,0.004335477948188782,0.3583090603351593,-2.2970645427703857
6023,0.1239229366183281,-1.537642240524292,-0.6664543151855469,-0.8785736560821533
6024,-0.42988166213035583,0.5527108311653137,-0.21411125361919403,1.197558045387268
6025,-1.266968846321106,-0.85789555311203,1.4140660762786865,1.3373383283615112
6026,0.3800939917564392,0.40801283717155457,0.35468366742134094,0.23709528148174286
6027,-0.31839466094970703,-0.3562999963760376,-1.702526330947876,-0.39503705501556396
6028,1.0529050827026367,0.5893396139144897,0.7768405079841614,1.8318790197372437
6029,0.661847710609436,-1.2603743076324463,0.1399727463722229,1.0705527067184448
6030,-0.5643970966339111,-1.200047254562378,0.3216579258441925,-2.1469266414642334
6031,-1.3845694065093994,0.8049363493919373,-0.359818696975708,-0.3079615831375122
6032,-0.01802898570895195,0.7308675050735474,-0.2892274856567383,1.202996850013733
6033,1.9258506298065186,-0.006752952933311462,0.610857367515564,-1.4437328577041626
6034,0.5920997262001038,-0.3615732789039612,0.036390624940395355,-0.5693466067314148
6035,-0.5501010417938232,1.7314211130142212,-0.2459036409854889,-0.5471864342689514
6036,-0.10904259979724884,-0.03675997257232666,-0.4819357395172119,0.25741419196128845
6037,0.4019055962562561,-0.3367655575275421,-0.8924285173416138,0.11105212569236755
6038,0.18930938839912415,-0.8342933654785156,0.10161557793617249,0.6519490480422974
6039,-0.3042856752872467,-0.11071143299341202,0.43540745973587036,-0.7501049041748047
6040,0.5570595860481262,0.17535409331321716,0.7380104064941406,0.4226421117782593
6041,-0.02586119994521141,-0.294692724943161,0.5570681095123291,0.5553629398345947
6042,1.0368760824203491,-1.6899755001068115,-1.1815471649169922,-0.8839144110679626
6043,-0.30228951573371887,-1.3532612323760986,0.910455048084259,1.4477516412734985
6044,1.6934901475906372,0.5127662420272827,-0.9661298394203186,-0.34377002716064453
6045,1.1545984745025635,0.5503618717193604,0.3932550549507141,1.6934527158737183
6046,-1.6639270782470703,1.345534324645996,0.7510155439376831,0.4006049931049347
6047,-0.19318820536136627,0.9995113611221313,-0.7166516184806824,-0.18619003891944885
6048,-0.09920026361942291,-0.49237868189811707,0.7800973653793335,0.05155927315354347
6049,-0.8073279857635498,-0.654175341129303,-1.219764232635498,-0.08271391689777374
6050,1.42385995388031,-0.44506168365478516,0.49356451630592346,0.9239898920059204
6051,0.6790125966072083,1.8932231664657593,-0.3678387701511383,0.30166730284690857
6052,1.0759464502334595,0.48298412561416626,0.24990004301071167,1.1805648803710938
6053,-2.643467426300049,-1.4683433771133423,1.780405879020691,-1.7105998992919922
6054,-0.9145450592041016,-0.49521443247795105,-1.2816661596298218,-0.17016158998012543
6055,-0.8415613770484924,0.5171677470207214,0.33303311467170715,-1.337437629699707
6056,-2.311422824859619,-1.295345664024353,-0.405014306306839,-1.449070930480957
6057,-0.23742061853408813,0.4903230667114258,0.2750513255596161,-1.3471794128417969
6058,-0.0921405702829361,1.8527579307556152,0.49976053833961487,-1.567569613456726
6059,0.14521045982837677,-1.1146092414855957,0.16815750300884247,-0.09271853417158127
6060,0.8431180715560913,0.2442617118358612,0.8726498484611511,-1.518520712852478
6061,-1.3153945207595825,0.5331506729125977,-0.3530527651309967,0.6309480667114258
6062,0.493103563785553,-0.49238884449005127,0.3398128151893616,1.4863097667694092
6063,0.1197233647108078,1.369789481163025,0.848344624042511,0.5964494347572327
6064,0.446830153465271,-1.902468204498291,0.18988972902297974,-1.2687972784042358
6065,-0.27103742957115173,-0.8048866987228394,-0.13652634620666504,-0.5375836491584778
6066,0.8534178733825684,0.3566378057003021,0.7308807969093323,-0.0047181472182273865
6067,-1.445491075515747,-2.0990803241729736,-1.0382364988327026,-1.0378353595733643
6068,-0.5702407360076904,0.8416385650634766,0.4841834306716919,-0.7528080940246582
6069,-0.7345765233039856,1.7691733837127686,0.4404076039791107,-0.6713128685951233
6070,1.2715479135513306,0.8025069832801819,0.34815412759780884,0.2554548978805542
6071,0.5881229639053345,-1.6326632499694824,0.6691490411758423,1.5161515474319458
6072,-0.5414637327194214,1.1201386451721191,-0.34318143129348755,-0.7067539691925049
6073,0.7110923528671265,1.8560012578964233,0.8307034969329834,-0.12871398031711578
6074,-1.455808162689209,-0.22275416553020477,0.12819921970367432,1.6961582899093628
6075,0.43821054697036743,-1.0887197256088257,1.6498843431472778,0.9558097124099731
6076,0.68161940574646,0.05708086118102074,-1.1937475204467773,1.2487398386001587
6077,0.4186568260192871,0.23356245458126068,-0.2737913131713867,-0.0993584394454956
6078,-0.323255717754364,-0.1738850176334381,-1.0830121040344238,1.1278985738754272
6079,-1.4328272342681885,0.676450252532959,-0.25092950463294983,-1.0904558897018433
6080,-1.9110580682754517,-0.3951854109764099,-1.0996302366256714,-1.242837905883789
6081,-0.8289572596549988,-1.4130605459213257,-0.43278467655181885,1.5076748132705688
6082,-0.8685408234596252,-0.1294373720884323,0.9453888535499573,-0.3114389181137085
6083,0.24850334227085114,-0.32607269287109375,-0.01961367018520832,0.7240564227104187
6084,-0.20011550188064575,-1.2159411907196045,0.9039884805679321,-0.6794648170471191
6085,-1.9425759315490723,0.18602415919303894,0.5376853942871094,0.5358763337135315
6086,-0.5835420489311218,-0.6577686667442322,-0.3845369815826416,0.12752357125282288
6087,0.4098640978336334,-1.6332446336746216,1.4047281742095947,-0.9268634915351868
6088,0.14888626337051392,0.673336923122406,-0.6888516545295715,-0.6540223956108093
6089,0.45393139123916626,0.5466818809509277,2.0263538360595703,1.075877070426941
6090,-0.2515503168106079,-1.7539353370666504,-1.1320528984069824,-2.164975166320801
6091,0.5208719372749329,1.2458101511001587,-1.3696718215942383,0.12649324536323547
6092,0.7632055282592773,-1.0157098770141602,1.4286125898361206,0.670961320400238
6093,0.5588423609733582,2.2112574577331543,-0.07593201100826263,-0.5423983931541443
6094,0.5030834674835205,0.5719481706619263,0.39527183771133423,-0.5977163910865784
6095,-0.4215751588344574,0.42140406370162964,-1.5245802402496338,-0.47698870301246643
6096,-0.0639844536781311,0.7143774032592773,1.4866373538970947,1.7569561004638672
6097,1.8207592964172363,-0.16944226622581482,-1.525871753692627,1.2134636640548706
6098,0.6826894283294678,-0.06391292065382004,-0.7057769894599915,-0.9906044602394104
6099,-0.870505690574646,-0.36040884256362915,1.870646357536316,-0.9723376631736755
6100,0.8289655447006226,0.5946663618087769,-1.3372623920440674,0.582482099533081
6101,-1.146378517150879,0.6050534248352051,1.1064821481704712,1.4786016941070557
6102,-0.42067721486091614,-0.797722578048706,-0.03786715865135193,-0.7005488276481628
6103,0.5235376954078674,-1.3164136409759521,-0.22671253979206085,1.405453085899353
6104,0.7685132026672363,1.8487889766693115,0.24600748717784882,0.015824370086193085
6105,0.03914184868335724,0.7877014875411987,-0.19296438992023468,0.13880689442157745
6106,1.5607630014419556,-0.6714112162590027,-1.1033165454864502,1.4400296211242676
6107,0.46810778975486755,0.9414240121841431,0.09863922744989395,-0.6052680015563965
6108,-0.4676634967327118,1.1164711713790894,-0.7806288003921509,-0.8784586191177368
6109,0.17065401375293732,-0.9315459728240967,-0.6685839891433716,-0.8947519659996033
6110,1.0649698972702026,0.8978131413459778,-1.195588231086731,-0.8023484349250793
6111,-0.3966110944747925,-0.5551131963729858,-0.5319692492485046,0.0416109673678875
6112,-1.3243887424468994,-0.26844629645347595,0.6376023292541504,0.19746778905391693
6113,-0.7012461423873901,0.5041000843048096,-0.9191092848777771,1.8655880689620972
6114,-1.3598709106445312,-0.5723459720611572,-0.5217472314834595,-1.0931342840194702
6115,-1.4481439590454102,-1.13035249710083,-0.5905249118804932,-0.85762619972229
6116,-0.1303187757730484,1.655096411705017,-1.4744391441345215,-0.9901211857795715
6117,0.9012342095375061,1.1435723304748535,-1.072121500968933,2.5356850624084473
6118,0.16672365367412567,0.05521989241242409,-1.0733972787857056,-1.09831964969635
6119,0.43458420038223267,0.5327004790306091,0.4462781548500061,1.9513452053070068
6120,1.2336101531982422,-0.12822717428207397,1.3518805503845215,-1.0778727531433105
6121,0.15626081824302673,0.8195077180862427,-0.6260104775428772,0.41700491309165955
6122,1.287817120552063,-0.47239062190055847,0.35163211822509766,0.062259700149297714
6123,-0.9482279419898987,1.4237196445465088,0.35857856273651123,-0.611655592918396
6124,-0.19682183861732483,0.1279662400484085,2.071014404296875,1.1953723430633545
6125,0.8117086887359619,3.0723063945770264,-2.3315916061401367,-0.32787054777145386
6126,0.7362344264984131,-0.03055390901863575,-0.6188233494758606,0.8461397886276245
6127,1.673888087272644,-0.21362856030464172,0.5647700428962708,1.0499016046524048
6128,0.5345568060874939,0.5836113691329956,-1.1343120336532593,1.0385348796844482
6129,1.4200241565704346,-0.7470481395721436,0.3248600363731384,-1.7869983911514282
6130,0.13019171357154846,0.34303534030914307,0.3313567638397217,0.398587167263031
6131,1.0693182945251465,0.23063620924949646,-1.6052803993225098,0.8771837949752808
6132,1.2303612232208252,-0.5291208624839783,1.0792386531829834,0.4495086967945099
6133,0.41808828711509705,1.2374650239944458,-0.3196713328361511,-2.12311053276062
6134,1.227164626121521,1.0865099430084229,1.7315839529037476,-0.5969712734222412
6135,2.3707833290100098,-0.23709875345230103,0.5934360027313232,-1.1181095838546753
6136,-1.717628002166748,2.2083585262298584,1.6182847023010254,-0.14230138063430786
6137,-0.01685212180018425,-0.576494574546814,-0.22828254103660583,-0.9001471400260925
6138,1.239951729774475,-1.0173684358596802,1.9077446460723877,0.1592148095369339
6139,0.7117385864257812,0.8071238398551941,-0.3140137493610382,0.6688902974128723
6140,-1.7767562866210938,0.3939324617385864,1.9964543581008911,0.0685139000415802
6141,-0.6000099778175354,-2.108482837677002,1.6236095428466797,-0.05298863351345062
6142,-2.1965157985687256,-0.38785064220428467,-1.356821894645691,0.2154417783021927
6143,-0.30570366978645325,-0.6459684371948242,1.6798396110534668,0.5372329950332642
6144,-0.6003393530845642,-0.0333314873278141,-1.1151243448257446,0.32888099551200867
6145,2.26253604888916,1.4853311777114868,-0.2592637836933136,-1.3364306688308716
6146,0.05056344345211983,0.9370566010475159,-0.13204145431518555,1.217298984527588
6147,0.9649034738540649,0.3026261329650879,0.23123160004615784,-1.2480629682540894
6148,-0.7317809462547302,-0.5954447388648987,0.3463135063648224,0.9345873594284058
6149,-0.7927330136299133,0.44417622685432434,0.8852671980857849,-0.21674126386642456
6150,0.08398131281137466,0.46387553215026855,0.21147795021533966,-2.0122158527374268
6151,1.7802311182022095,-0.008368391543626785,-0.5966019034385681,-0.6066154837608337
6152,-1.3854120969772339,-0.6033909320831299,-0.3110475540161133,0.5084056854248047
6153,1.121549129486084,2.520789623260498,-0.3023981750011444,1.291609525680542
6154,0.7201848030090332,0.8196908831596375,-0.462398499250412,-0.19732435047626495
6155,0.7572275400161743,0.3486778736114502,-0.20534080266952515,-0.2399776726961136
6156,-1.9077237844467163,-1.9718338251113892,-0.2455110102891922,0.24985092878341675
6157,0.5922512412071228,-0.4364390969276428,1.5477007627487183,0.5031452178955078
6158,-0.5671352744102478,0.2594026029109955,1.4357390403747559,-0.947015643119812
6159,0.22170290350914001,0.9431959986686707,0.34570804238319397,0.21492432057857513
6160,0.4420657157897949,-0.6102206707000732,-0.3616757094860077,2.070253849029541
6161,-1.057680606842041,-2.6689765453338623,0.7868636846542358,0.6012147068977356
6162,-1.4929555654525757,1.2987034320831299,-3.030284881591797,-0.42630696296691895
6163,0.005814597010612488,-0.3226450979709625,-1.8542054891586304,-0.304910272359848
6164,0.0513964481651783,0.848791241645813,-0.07552044093608856,0.76803058385849
6165,-0.6886101365089417,-0.4249356687068939,-1.2159504890441895,-0.42891183495521545
6166,-1.0146437883377075,-1.2126696109771729,0.4741518497467041,1.5588797330856323
6167,0.7912755608558655,-0.01623021811246872,-0.5907443165779114,-0.7507497668266296
6168,-0.3097817599773407,-0.22670717537403107,0.42178064584732056,0.2913196086883545
6169,-1.2152494192123413,0.2948659360408783,0.39765843749046326,-0.46067488193511963
6170,-0.8776292204856873,-1.8726619482040405,0.2291531264781952,-0.5190478563308716
6171,2.137709856033325,-0.034177493304014206,-0.6725741624832153,-0.33572861552238464
6172,0.4449208974838257,-0.7707335948944092,-1.5552104711532593,-0.017098307609558105
6173,0.8917616605758667,-0.5378342866897583,-0.1608581691980362,-0.8472763895988464
6174,0.12492841482162476,0.21504363417625427,-0.4406091570854187,-2.67167329788208
6175,1.0793715715408325,-0.45243459939956665,0.549302875995636,0.3009748160839081
6176,1.523135781288147,1.0302199125289917,-1.1594325304031372,-0.3592447340488434
6177,-0.45616474747657776,1.036596417427063,1.7536011934280396,0.6173621416091919
6178,0.564507782459259,0.7265724539756775,-0.034306589514017105,-1.3314601182937622
6179,1.0382490158081055,0.13270476460456848,-1.5779012441635132,0.15245108306407928
6180,-0.9212164878845215,0.8886304497718811,-2.0700597763061523,-0.5202336311340332
6181,-1.1150943040847778,0.5562169551849365,0.7479721307754517,-0.081501305103302
6182,-0.7508680820465088,-1.5852349996566772,0.8738511800765991,1.6990513801574707
6183,1.1154794692993164,-1.4912233352661133,0.5222834944725037,0.8739413022994995
6184,0.25181490182876587,0.0390559621155262,-0.02219552733004093,-0.4539056420326233
6185,-0.4826362133026123,1.5570542812347412,-0.5638697743415833,-0.682700514793396
6186,0.7241689562797546,1.0606324672698975,-1.9102259874343872,1.1999948024749756
6187,-0.03931780904531479,0.9349439740180969,-0.24889999628067017,0.8280377984046936
6188,-0.17723019421100616,0.9693530201911926,1.8600594997406006,0.7552748918533325
6189,-0.5585654377937317,-0.6139916181564331,-0.4258229732513428,-0.02797853760421276
6190,-1.1382842063903809,-0.5556860566139221,-0.3208354711532593,-0.4319107234477997
6191,0.8231623768806458,0.5003299713134766,-0.09746484458446503,-1.5695160627365112
6192,-0.7070105075836182,0.6646331548690796,-0.5080192685127258,-0.5454068183898926
6193,0.5939757823944092,-0.5213097929954529,-0.03795957565307617,-0.4024699330329895
6194,-1.4850491285324097,-0.4240671396255493,-1.226876974105835,-0.40216222405433655
6195,-1.3006175756454468,-0.9800850749015808,0.9331251978874207,-0.44559139013290405
6196,-1.4592328071594238,0.9784842133522034,0.2754971385002136,0.03588670492172241
6197,0.15438607335090637,0.3636675477027893,0.3414332866668701,-2.3276238441467285
6198,0.34155723452568054,-0.7392722368240356,-0.026100117713212967,0.9104867577552795
6199,0.555626630783081,0.10748188197612762,0.24955451488494873,1.080397605895996
6200,-2.2468090057373047,-0.31563541293144226,0.020944301038980484,-0.8557573556900024
6201,-2.5442898273468018,-1.2480080127716064,-0.3258058726787567,0.293406218290329
6202,0.19460004568099976,1.6576944589614868,-1.0354547500610352,-0.583472490310669
6203,-0.042786046862602234,-0.6700837016105652,-0.9921130537986755,-1.614775538444519
6204,1.0359346866607666,0.7731069922447205,0.008714995346963406,1.896712303161621
6205,1.1363178491592407,0.04071228206157684,1.3075919151306152,0.892048180103302
6206,0.806350827217102,0.2796306014060974,0.8631047606468201,-1.7935457229614258
6207,0.9458191990852356,-1.2271851301193237,0.7701413631439209,-1.960294246673584
6208,-0.3909827470779419,1.4334574937820435,0.6295424103736877,-1.1935477256774902
6209,-1.0094095468521118,-0.4219714105129242,-0.2711976170539856,-1.9127222299575806
6210,0.6011660695075989,0.4372360408306122,-0.7734779119491577,-0.15751993656158447
6211,2.0085957050323486,-1.12367582321167,-0.5753412842750549,1.214372158050537
6212,-0.49156779050827026,-0.2670859098434448,-1.601311445236206,-0.3630666732788086
6213,0.6765248775482178,1.4954581260681152,-0.8465028405189514,-1.6621603965759277
6214,2.3698320388793945,0.43733152747154236,0.12673337757587433,-1.1017030477523804
6215,-1.244449496269226,-1.1031498908996582,-1.241508960723877,0.5621690154075623
6216,-1.4809547662734985,1.858005404472351,-0.4066225290298462,-0.5000419020652771
6217,-0.5394099950790405,-2.554396390914917,0.37807896733283997,0.1748635470867157
6218,1.5035194158554077,0.3730722665786743,0.6269977688789368,-0.5835247039794922
6219,-1.3089598417282104,1.106839895248413,0.6085697412490845,0.0205013956874609
6220,-1.077686071395874,-1.5797927379608154,-0.1357744187116623,-0.9208118915557861
6221,-0.3721050024032593,-1.3850411176681519,0.012101316824555397,0.6324359178543091
6222,0.7147654891014099,-0.7714625000953674,-0.24597018957138062,1.0896635055541992
6223,-1.3850772380828857,0.30465173721313477,-0.03790001943707466,0.665224015712738
6224,0.19694733619689941,-0.7044321894645691,-0.6716275215148926,-1.8775279521942139
6225,0.8282409906387329,-0.4935570955276489,-0.33900904655456543,1.115375280380249
6226,0.5841037034988403,0.677814245223999,-1.0163902044296265,0.3786076009273529
6227,2.1751861572265625,0.11257068812847137,1.3266222476959229,1.4465510845184326
6228,0.045835964381694794,0.2857685089111328,-0.398248553276062,0.8338786959648132
6229,0.30433550477027893,0.7785112857818604,0.7424553036689758,1.922844409942627
6230,-0.08996298909187317,-0.7842643857002258,1.3481571674346924,-0.18939101696014404
6231,0.6214331388473511,-0.5254128575325012,-1.594803810119629,0.010629996657371521
6232,1.6259455680847168,0.11751624941825867,-0.596912145614624,0.9178686738014221
6233,-0.4497697055339813,2.003629446029663,-0.5223217606544495,-0.49897366762161255
6234,2.494300365447998,1.409238576889038,-0.4799790382385254,1.4661293029785156
6235,0.5111132860183716,-1.1882388591766357,-0.6094245910644531,1.3367482423782349
6236,0.055926088243722916,-1.1713064908981323,1.9309264421463013,-0.7315165400505066
6237,0.06479330360889435,-0.9714175462722778,0.07714630663394928,0.5537170171737671
6238,0.6174757480621338,-0.3746822774410248,0.581004798412323,0.052040789276361465
6239,-0.5667376518249512,-1.25160551071167,-1.4239133596420288,1.2045116424560547
6240,-1.303836464881897,-0.4586414098739624,-0.2509833574295044,0.5707473158836365
6241,-0.44522804021835327,0.4812086522579193,-1.4824721813201904,0.6423947215080261
6242,1.6228026151657104,0.28403952717781067,-0.5998462438583374,0.08047817647457123
6243,-0.9270262718200684,-2.499321937561035,0.6625005602836609,-1.9226173162460327
6244,0.16094240546226501,1.6639750003814697,1.2806479930877686,-0.5732262134552002
6245,1.8522247076034546,0.5765911340713501,-0.07548104226589203,-1.0165681838989258
6246,-0.24795113503932953,-0.03644086420536041,-0.35834500193595886,-1.1354384422302246
6247,1.2111518383026123,0.09595958888530731,0.5696626305580139,0.43434879183769226
6248,0.6126220226287842,1.3226120471954346,0.34713447093963623,-0.38239389657974243
6249,-1.3974580764770508,-0.586539626121521,1.280378818511963,-0.27435237169265747
6250,0.9970110058784485,-0.07682443410158157,-1.2729759216308594,2.669830083847046
6251,-0.8201248049736023,-2.0178110599517822,1.5015754699707031,-1.8865281343460083
6252,-0.17553049325942993,-1.5386606454849243,-0.26068851351737976,-0.5891528129577637
6253,0.6016697883605957,0.6838226318359375,-0.9995325207710266,-0.3852989971637726
6254,1.2170535326004028,2.1372907161712646,0.51827073097229,-1.8694674968719482
6255,-1.1421743631362915,0.4457818865776062,0.23466911911964417,-0.4296140670776367
6256,-0.4647318124771118,-1.632016897201538,0.3362540602684021,-2.3535008430480957
6257,-0.5730351209640503,-0.6877378225326538,0.019244825467467308,-0.8179819583892822
6258,-1.5776069164276123,0.17424529790878296,-0.12658338248729706,0.43359529972076416
6259,1.100807785987854,-0.9883465766906738,0.6116769313812256,-1.6517218351364136
6260,0.82045978307724,0.925369918346405,0.45356595516204834,1.0656511783599854
6261,0.5591540932655334,-1.1469897031784058,1.870613932609558,-0.5320343375205994
6262,1.0343847274780273,0.5715272426605225,-1.4595242738723755,0.44335463643074036
6263,-1.409305214881897,1.3602803945541382,-1.1877737045288086,-0.95550537109375
6264,0.49888890981674194,0.7430091500282288,0.09977661073207855,1.5420796871185303
6265,0.9322577118873596,0.12109863013029099,1.5579538345336914,-1.305680513381958
6266,1.360927700996399,1.8344546556472778,-0.022358417510986328,1.2706818580627441
6267,0.6685791015625,1.1925514936447144,1.1841099262237549,-0.12922778725624084
6268,-0.742874801158905,1.814040184020996,-0.39066988229751587,1.720955729484558
6269,-1.0304791927337646,0.5472552180290222,-0.41982483863830566,0.8691849112510681
6270,-0.33363404870033264,-0.2633257210254669,-1.2361549139022827,-0.18255263566970825
6271,0.21591466665267944,-0.39388030767440796,0.727102518081665,0.7342395782470703
6272,0.9386431574821472,0.2605960965156555,0.7761430144309998,-0.7275629043579102
6273,1.3672876358032227,-1.3415480852127075,-0.48145169019699097,-0.7201853394508362
6274,2.1828784942626953,-0.30403438210487366,1.3254029750823975,0.5926564335823059
6275,-0.46558403968811035,-0.046485334634780884,0.11976327747106552,0.3087358772754669
6276,0.8353368639945984,-0.1853640079498291,-0.1893550455570221,0.6702780723571777
6277,0.1872129589319229,-1.7053720951080322,-1.7479795217514038,1.3959481716156006
6278,1.6335395574569702,-0.850496768951416,0.3546154499053955,0.5731812119483948
6279,-0.40707123279571533,0.42247286438941956,0.12553557753562927,-0.7435736060142517
6280,0.6329051852226257,-0.1153436005115509,-0.11163672804832458,-0.2643757164478302
6281,-1.0031241178512573,0.1370900571346283,0.4012576937675476,-0.406977117061615
6282,0.0070912763476371765,0.9277769327163696,0.8520885705947876,-0.13439340889453888
6283,-0.7476143836975098,0.6725364923477173,1.1150710582733154,-0.7398131489753723
6284,0.5327450633049011,0.30307644605636597,0.4866974651813507,0.3594253361225128
6285,-2.08866024017334,-0.9671457409858704,0.567419707775116,0.9953118562698364
6286,-0.46437186002731323,-0.9131792187690735,1.280006766319275,-0.3191273808479309
6287,-0.10965125262737274,-1.5330307483673096,-2.112208127975464,0.3236822187900543
6288,-1.7619518041610718,0.2409989833831787,0.5968825817108154,-0.19893968105316162
6289,2.164632558822632,-0.12462443113327026,-1.1536476612091064,-1.5791479349136353
6290,-0.16008396446704865,1.8087120056152344,0.8825716376304626,-0.6739469170570374
6291,-0.7259753942489624,-0.3098278045654297,0.20686054229736328,0.8522387146949768
6292,0.439814031124115,0.4395133852958679,0.2392135113477707,0.29708346724510193
6293,0.524207353591919,-1.2868973016738892,0.579633355140686,0.4382210075855255
6294,-0.6105208396911621,-0.4753264784812927,-0.40482085943222046,-0.8670275807380676
6295,-0.7850991487503052,0.47127845883369446,-1.719900131225586,0.9629528522491455
6296,-0.4799996614456177,0.6025986075401306,-0.7440122961997986,-1.8294763565063477
6297,1.0151458978652954,0.32261019945144653,0.5346754789352417,-0.7639181017875671
6298,-0.3950114846229553,-0.04511056840419769,-1.0419795513153076,-1.5340043306350708
6299,-0.6668466329574585,1.2451318502426147,-0.6611270308494568,-0.15266266465187073
6300,2.9795029163360596,1.6740891933441162,-1.5360249280929565,1.3994832038879395
6301,0.3419623076915741,0.07188069820404053,0.22311314940452576,1.5636311769485474
6302,0.29953300952911377,-0.04253219813108444,-0.021868545562028885,0.14018355309963226
6303,0.027080224826931953,1.4832782745361328,-0.6137295365333557,-0.023688264191150665
6304,-0.8874955773353577,0.5938435196876526,1.8236624002456665,-0.988240659236908
6305,0.9519845843315125,1.5640448331832886,-1.3512341976165771,0.6673480272293091
6306,-1.0976873636245728,0.8745481967926025,0.38071221113204956,0.4359522759914398
6307,-0.8888856768608093,0.4041150212287903,0.5823698043823242,-0.09540154039859772
6308,-0.7532404065132141,-0.21568739414215088,-0.5799968242645264,1.1324270963668823
6309,2.3031435012817383,-0.2725060284137726,1.5572158098220825,0.07916279137134552
6310,0.8994289040565491,-0.8465938568115234,-2.6494839191436768,0.9513487219810486
6311,0.18498185276985168,-0.5377973318099976,0.07325316965579987,1.4388799667358398
6312,-0.033515769988298416,0.700624942779541,-0.15069127082824707,-0.2673466205596924
6313,-1.0095086097717285,0.5506528615951538,1.641721248626709,-1.5175613164901733
6314,-0.2905201315879822,2.866705894470215,1.00658118724823,-0.09666965901851654
6315,-1.3928495645523071,1.0715135335922241,0.9170390963554382,0.18572109937667847
6316,2.2969419956207275,-0.8355234265327454,0.01683851145207882,-1.160429835319519
6317,0.9962947964668274,-0.5468334555625916,-0.21634574234485626,-0.27394190430641174
6318,0.1651930809020996,0.7890575528144836,-0.6305229663848877,-0.7746595740318298
6319,0.18193568289279938,1.4351619482040405,-0.6298327445983887,-0.7164432406425476
6320,-0.14648334681987762,0.9087072610855103,1.1532236337661743,0.051396798342466354
6321,-0.14423033595085144,-0.3193439841270447,0.1239449679851532,-0.16106922924518585
6322,-1.0005621910095215,-0.06353410333395004,0.8240671753883362,-0.13799378275871277
6323,1.722420334815979,-0.006279416382312775,-0.0040902020409703255,0.9874383807182312
6324,-0.7164915204048157,0.4850582480430603,0.8271777629852295,0.2203199565410614
6325,0.6300635933876038,3.0588583946228027,0.8083493113517761,-0.9906297326087952
6326,0.9068920612335205,-0.07158489525318146,0.9768065214157104,2.1726410388946533
6327,1.5340862274169922,-1.1613776683807373,-0.04468415677547455,-0.7324494123458862
6328,1.8082125186920166,-1.191139578819275,1.7803683280944824,0.32367104291915894
6329,2.1832547187805176,1.4079478979110718,-0.2604238986968994,-0.7456560730934143
6330,-1.1739457845687866,0.3463212847709656,1.4911772012710571,1.8077967166900635
6331,-0.20396168529987335,0.2034706175327301,0.3069692850112915,-1.4927939176559448
6332,0.45674803853034973,1.426950454711914,0.6340740919113159,-0.1755586862564087
6333,-0.14806915819644928,-1.196816325187683,-0.5351117849349976,0.4157194197177887
6334,0.7545629143714905,0.6585923433303833,-0.36457663774490356,0.9480013847351074
6335,0.04697804898023605,0.6860656142234802,-0.05748671293258667,1.767876386642456
6336,-0.008112691342830658,0.038165196776390076,0.7769058346748352,-0.37866365909576416
6337,-1.510284662246704,-0.786852240562439,-0.6943796873092651,0.7080386281013489
6338,-1.2366642951965332,-1.3731117248535156,-0.3127681314945221,0.053291577845811844
6339,-1.4821357727050781,0.8107216954231262,0.19879065454006195,-0.4460131525993347
6340,-0.4385887682437897,-2.022782325744629,0.06762875616550446,0.30914217233657837
6341,0.471329927444458,-1.4980475902557373,-0.1675405353307724,0.6172493100166321
6342,0.7524104118347168,-0.9112653732299805,-0.4838879704475403,0.5186869502067566
6343,-0.2395085245370865,-0.2544621229171753,1.6262457370758057,-2.0266895294189453
6344,-0.018953558057546616,0.6707634925842285,-0.4157964885234833,-1.2952258586883545
6345,0.521680474281311,1.2505332231521606,0.501315176486969,-1.0730289220809937
6346,0.38739970326423645,-0.7855611443519592,-1.3574435710906982,-1.0550856590270996
6347,0.09107615053653717,-0.8896527290344238,1.2925657033920288,1.1509065628051758
6348,0.674315333366394,0.10909484326839447,-1.9161161184310913,-0.08202812075614929
6349,-1.48819100856781,-2.066432476043701,-0.6728485226631165,0.5060928463935852
6350,-0.0731777772307396,1.1018316745758057,0.25007593631744385,-0.7294203042984009
6351,0.07195165008306503,2.6579933166503906,-0.3227756917476654,0.10140351951122284
6352,1.1667461395263672,-0.27686792612075806,0.01631387136876583,-0.028770703822374344
6353,0.209751158952713,1.2245906591415405,0.12625771760940552,-0.5507527589797974
6354,1.0884875059127808,0.32015135884284973,-0.6783042550086975,-0.24694466590881348
6355,0.21912363171577454,0.5082750916481018,-0.5579227805137634,0.39306068420410156
6356,-1.3818659782409668,-1.1977171897888184,0.3706236779689789,-0.4235139787197113
6357,-0.6327197551727295,1.3303583860397339,0.25678613781929016,1.067201018333435
6358,0.04762478917837143,0.5387102961540222,1.5043833255767822,-1.1261422634124756
6359,0.3610043227672577,0.2254684865474701,0.3043338358402252,0.3339761793613434
6360,1.1216961145401,-0.3847503066062927,0.0918501690030098,0.5245565176010132
6361,-0.6144464015960693,0.5961974263191223,2.597707986831665,-1.4241156578063965
6362,-1.2996681928634644,-0.7548270225524902,-0.7306007742881775,-0.5774692893028259
6363,-0.6210415363311768,0.047894835472106934,-0.13368423283100128,-0.4418471157550812
6364,-0.5363553762435913,0.3846566379070282,-0.10635404288768768,0.45047175884246826
6365,-1.3331934213638306,0.2651408314704895,-1.1570782661437988,1.2048481702804565
6366,0.5095325112342834,-0.22815749049186707,1.1385362148284912,-0.1516299843788147
6367,1.8391021490097046,-1.1439597606658936,0.8352211117744446,2.810758113861084
6368,-0.18303941190242767,-0.3206653296947479,-1.4488372802734375,0.20707380771636963
6369,0.33725419640541077,0.16112107038497925,-0.21164751052856445,-1.249887228012085
6370,0.28788134455680847,0.4858865439891815,0.38961362838745117,1.230941891670227
6371,0.3249085247516632,-0.018362414091825485,1.4921891689300537,0.7831559181213379
6372,-0.9042106866836548,0.3930298388004303,-0.6303339600563049,-0.742215096950531
6373,0.22894401848316193,1.7244428396224976,2.7253315448760986,0.9628999829292297
6374,0.9896515011787415,0.05836792662739754,0.8280239701271057,-1.800002098083496
6375,-0.5405753254890442,1.3501677513122559,-0.25992318987846375,-1.9428045749664307
6376,-1.1808439493179321,0.4703834652900696,-0.8502156138420105,0.15916870534420013
6377,0.06501419097185135,-0.6833458542823792,-0.6552961468696594,0.37941011786460876
6378,0.9448308348655701,0.14746291935443878,0.3929106295108795,-0.5531088709831238
6379,0.554480254650116,-0.41760215163230896,-0.3599335551261902,0.42934632301330566
6380,-0.5639112591743469,1.4510676860809326,1.6022534370422363,-0.892517626285553
6381,-0.3630075454711914,0.957467257976532,-0.3411467969417572,-0.6201298832893372
6382,0.24807602167129517,-0.774390459060669,-0.3268387019634247,-0.45547133684158325
6383,0.6912437677383423,-0.052135590463876724,-0.870399534702301,0.26963353157043457
6384,-0.6763126850128174,-0.7358113527297974,-0.04717143997550011,1.2302266359329224
6385,-0.4073207676410675,-1.2482383251190186,-1.8315190076828003,-2.0192489624023438
6386,-0.23251967132091522,0.721039891242981,-0.4331802725791931,-1.258997917175293
6387,1.2927100658416748,0.20773905515670776,-1.709343433380127,-0.7543074488639832
6388,-0.14544682204723358,0.162098690867424,0.9209162592887878,-0.22212088108062744
6389,0.18841570615768433,-0.9295703768730164,-0.5194455981254578,-0.3531559407711029
6390,-0.7252020239830017,-0.21374566853046417,2.139777421951294,-0.2896396815776825
6391,0.47323665022850037,1.0343855619430542,1.199080228805542,0.67652827501297
6392,-1.0969758033752441,-0.38552555441856384,-1.93694007396698,0.028106868267059326
6393,-0.7020643949508667,-0.4736074209213257,-1.1892242431640625,-1.7527027130126953
6394,0.28408151865005493,-0.12428285926580429,-1.1062421798706055,0.700011670589447
6395,0.31873029470443726,-1.487563967704773,-0.11741216480731964,0.6681826710700989
6396,-0.5793764591217041,-0.07648058235645294,0.6752361059188843,-0.060233037918806076
6397,-1.709986925125122,-0.20485571026802063,1.058440923690796,-2.6219847202301025
6398,-0.3326800465583801,0.6319823861122131,0.8022602200508118,-0.18591664731502533
6399,-0.6452335715293884,0.08853209018707275,0.7901257276535034,-0.15689042210578918
6400,-0.19563362002372742,-0.29639261960983276,-1.370591163635254,0.19012224674224854
6401,-1.0475584268569946,0.8367912769317627,-0.5429232120513916,0.049739714711904526
6402,1.1793746948242188,1.4944723844528198,1.2000962495803833,1.52864670753479
6403,0.7450481057167053,1.1150749921798706,0.44564902782440186,-1.150841474533081
6404,-1.0144422054290771,-0.7109320163726807,-0.4496404528617859,1.094455361366272
6405,0.36723649501800537,-0.623775839805603,-0.4825069308280945,0.6811550259590149
6406,0.45400241017341614,0.17725828289985657,1.6201143264770508,-0.5285518765449524
6407,-1.573639988899231,0.8625524044036865,1.4618207216262817,1.010160207748413
6408,-1.1385760307312012,0.7243767380714417,0.040795374661684036,3.0745155811309814
6409,0.12232545018196106,-0.2765633761882782,-0.23555238544940948,0.8839638233184814
6410,-0.6088294386863708,0.1613149344921112,-1.7805583477020264,-0.8496972322463989
6411,1.1250712871551514,0.3551422953605652,0.24420616030693054,-0.4740627706050873
6412,-0.22845208644866943,-1.982069730758667,-0.507558286190033,0.32111039757728577
6413,0.3740728199481964,1.8020247220993042,0.42811816930770874,0.9993934631347656
6414,-0.631894588470459,-0.037238869816064835,0.2816401422023773,-0.8382694721221924
6415,0.03390771895647049,0.296645849943161,0.06370053440332413,-0.25433847308158875
6416,0.09685032069683075,0.5394033193588257,0.29340043663978577,-0.5171196460723877
6417,-0.6337295770645142,0.5929265022277832,0.7331923246383667,-0.8958693742752075
6418,-0.5723434686660767,-0.2737978398799896,1.4721240997314453,0.7154173254966736
6419,-1.4606239795684814,-0.3052324652671814,0.05716153234243393,-0.7473465800285339
6420,-1.4462488889694214,-0.4604695439338684,1.8351738452911377,0.19096826016902924
6421,-0.5572159886360168,0.7798743844032288,-1.0175116062164307,0.9956942200660706
6422,0.7270963191986084,-0.11503003537654877,1.0298585891723633,0.7048043608665466
6423,1.001523494720459,2.127256393432617,-0.037336502224206924,1.1582144498825073
6424,-0.23854969441890717,0.6748291254043579,-1.7671808004379272,-0.562710702419281
6425,-0.9943405985832214,1.0036118030548096,-0.4202825427055359,-1.0697308778762817
6426,1.204740285873413,-0.09067439287900925,1.9730947017669678,1.8062324523925781
6427,-0.5506724119186401,0.029669102281332016,-0.1679273247718811,0.4474447965621948
6428,0.682496964931488,0.4633162021636963,-0.5340692400932312,-0.2693338692188263
6429,-0.587864339351654,-1.1264550685882568,0.5364242196083069,-0.4022620618343353
6430,0.3236462473869324,1.9584122896194458,0.9831445217132568,-0.006835848093032837
6431,0.6996687650680542,0.10410496592521667,-0.013284314423799515,-1.0077790021896362
6432,1.495592713356018,2.768562078475952,1.116895079612732,-0.8931083083152771
6433,-1.522910237312317,1.1426634788513184,0.47923704981803894,-1.0855132341384888
6434,1.3719511032104492,0.24259385466575623,-0.6490030884742737,0.1425153762102127
6435,1.6559276580810547,-0.5608638525009155,0.8094724416732788,-1.693742036819458
6436,-0.4133496880531311,-0.2326650172472,-1.7722676992416382,-0.9674397706985474
6437,0.8232181668281555,0.036550335586071014,-0.8781044483184814,1.079756259918213
6438,1.6546882390975952,0.19722047448158264,1.7405718564987183,-0.4155675172805786
6439,-0.11001006513834,0.08371598273515701,-1.0513064861297607,0.8604883551597595
6440,0.3108460009098053,1.0416631698608398,-1.2689229249954224,1.2452763319015503
6441,1.1016381978988647,0.7447137236595154,-0.2879828214645386,-0.5246803760528564
6442,1.3309071063995361,-1.6181774139404297,0.8398333787918091,-0.225915789604187
6443,-1.0189764499664307,0.9159079790115356,0.19048377871513367,1.9212878942489624
6444,-0.1768387258052826,-0.5866730213165283,1.01051926612854,-0.7710422873497009
6445,0.8793009519577026,-1.6592812538146973,0.1331818848848343,0.636409342288971
6446,-0.20571373403072357,0.4308937191963196,-0.8671646118164062,1.2647194862365723
6447,0.07703635096549988,0.6694216728210449,-0.05478871613740921,-0.9906854629516602
6448,-0.43390676379203796,1.2789770364761353,-0.8174512386322021,-0.6689674854278564
6449,0.9298844933509827,0.06338079273700714,-0.17065005004405975,-0.4183310866355896
6450,1.035461187362671,-0.4613543152809143,-0.4055386185646057,-0.09789761155843735
6451,1.9974524974822998,0.27864566445350647,0.3877725899219513,1.0892224311828613
6452,-0.7118456959724426,1.5001674890518188,1.7212965488433838,-0.05559277534484863
6453,0.277791827917099,0.12192874401807785,-0.019082870334386826,-2.403549909591675
6454,-0.8779144287109375,-1.4427582025527954,2.1643214225769043,1.2601367235183716
6455,-0.19617217779159546,1.6848464012145996,-1.0812119245529175,-0.23185373842716217
6456,-1.7536612749099731,0.3749951124191284,0.26607367396354675,0.055564362555742264
6457,0.5190637707710266,-1.1225402355194092,-2.0501039028167725,-1.0602006912231445
6458,-0.38812896609306335,1.0852932929992676,0.646881639957428,0.30386993288993835
6459,-0.7969658374786377,-2.1701390743255615,-0.16676394641399384,-0.8379836082458496
6460,1.0157678127288818,0.7179192304611206,-2.59822940826416,-1.0142624378204346
6461,-0.7560960650444031,-1.4354689121246338,0.14981253445148468,0.2576279640197754
6462,0.5665538907051086,-0.02549111098051071,-0.8602112531661987,-0.7165287733078003
6463,-0.38087067008018494,-0.0318526029586792,0.15441426634788513,-2.1385416984558105
6464,0.5023150444030762,0.8061132431030273,-0.8560160994529724,0.32941320538520813
6465,0.4468148350715637,1.0912466049194336,-0.00770118273794651,-0.2787441611289978
6466,0.02763902023434639,-0.1578378826379776,-0.35442841053009033,-0.0793379545211792
6467,0.2750827670097351,-1.332115650177002,-0.5513103604316711,-2.7745110988616943
6468,0.3119039535522461,-2.512840747833252,-0.2315615713596344,-0.10862457007169724
6469,-1.0268503427505493,-0.44956469535827637,-0.7469495534896851,-0.6339016556739807
6470,1.031916618347168,-0.5810421109199524,2.0181429386138916,-0.9850784540176392
6471,-1.0763146877288818,-0.3135870397090912,-0.674281656742096,0.7325375080108643
6472,-1.2279733419418335,-0.49878156185150146,-0.3971894085407257,1.006037712097168
6473,2.844611167907715,-0.78564453125,-0.5626617670059204,-0.4690864384174347
6474,-0.3342043459415436,-1.4570220708847046,1.3861628770828247,0.8323044180870056
6475,-0.5303592085838318,-0.3993420898914337,-1.0814266204833984,-0.3698548972606659
6476,1.2735341787338257,-0.16434061527252197,0.07955871522426605,-0.30716973543167114
6477,-1.7266734838485718,-0.12915916740894318,0.17699068784713745,1.136684775352478
6478,-0.7644378542900085,-1.8178995847702026,0.03285057842731476,-0.8440861105918884
6479,-0.7589039206504822,-0.05613510310649872,-0.3700050115585327,-1.4533452987670898
6480,-0.5676460862159729,-0.3920145630836487,0.011216185055673122,-0.18010194599628448
6481,-0.42065009474754333,-1.1333556175231934,-0.6662324666976929,-0.8894227743148804
6482,2.2634031772613525,0.05991813540458679,0.6448109149932861,1.6020101308822632
6483,-0.9690225720405579,0.35120806097984314,1.1324341297149658,0.5835156440734863
6484,1.569713830947876,0.18528807163238525,-2.1962838172912598,-0.446596622467041
6485,-0.9557144045829773,1.022619605064392,0.31263911724090576,-0.6696171164512634
6486,-0.9178339838981628,-1.0263290405273438,-0.5043596029281616,1.4458929300308228
6487,1.0488519668579102,0.8032582998275757,0.30050036311149597,0.6214074492454529
6488,-0.7735595107078552,1.044860601425171,-1.3673752546310425,-0.3607763648033142
6489,0.38575613498687744,0.06551666557788849,0.9223747849464417,-1.636819839477539
6490,-1.3748295307159424,0.2206140011548996,1.4751092195510864,-0.1138150542974472
6491,-0.27725204825401306,-0.6408088803291321,0.8721108436584473,0.21481046080589294
6492,1.4992750883102417,-0.45519620180130005,-0.17336532473564148,-2.3274219036102295
6493,0.2236122488975525,0.8056768774986267,-1.3150410652160645,0.9514228701591492
6494,-0.3989228904247284,0.3755340576171875,0.12863028049468994,-0.7991903424263
6495,0.9339966773986816,0.9125725030899048,-0.4697214961051941,0.9193748831748962
6496,1.420703411102295,-0.20533472299575806,0.4136770963668823,-1.2447444200515747
6497,-0.18742991983890533,-0.8270899057388306,-0.4244112968444824,0.5671504735946655
6498,-1.198108434677124,-1.094094157218933,-0.2006990611553192,1.4387397766113281
6499,-0.5009632706642151,-0.4053076505661011,-0.855198085308075,0.6487184166908264
6500,-0.2113496959209442,-0.8142654895782471,-0.19209566712379456,-1.2104119062423706
6501,0.778702437877655,-0.5736346244812012,-1.7169026136398315,0.280491441488266
6502,-0.5701130628585815,0.026124220341444016,0.9364442825317383,-2.2693257331848145
6503,0.846355140209198,-1.0121394395828247,2.003674268722534,-0.32357221841812134
6504,0.8846487998962402,0.3748125433921814,-0.29374393820762634,-0.7855589985847473
6505,1.5931657552719116,0.40260154008865356,1.8424549102783203,0.6844758987426758
6506,-0.9038686156272888,-0.24132955074310303,0.5302203893661499,-0.3900194764137268
6507,-1.5271550416946411,-0.06420484185218811,-0.3501640856266022,-1.6899023056030273
6508,1.3734145164489746,0.09787512570619583,-0.591782808303833,-0.1522759348154068
6509,-0.12892231345176697,2.5145864486694336,-0.5425509214401245,1.050019383430481
6510,0.25071361660957336,0.6619683504104614,0.5071463584899902,-0.6364413499832153
6511,-0.5980612635612488,-1.630310297012329,0.4947836399078369,-1.8025392293930054
6512,0.5762174725532532,-0.044507935643196106,-0.5356191396713257,0.22455039620399475
6513,-1.9988759756088257,0.2345009297132492,1.7901560068130493,1.0373469591140747
6514,-0.8404018878936768,0.28680381178855896,0.580940306186676,-0.0018625445663928986
6515,-0.7482656240463257,1.1394273042678833,-0.11430364847183228,-2.209397554397583
6516,-0.8041459918022156,0.2550605237483978,-0.51900315284729,-0.2348267138004303
6517,-0.7545991539955139,0.04215969517827034,-0.4685647785663605,0.058593593537807465
6518,-0.8469321727752686,-0.16667097806930542,-0.6406793594360352,-0.561134397983551
6519,-0.4538463056087494,0.6182796359062195,-0.8215585350990295,-0.05122959613800049
6520,-0.1866886019706726,0.779308021068573,1.6751704216003418,0.8952867388725281
6521,0.8806710839271545,0.9082431197166443,-0.6991252899169922,0.012050628662109375
6522,-0.5405053496360779,-1.4068711996078491,-0.08909933269023895,-0.5704286694526672
6523,1.2238835096359253,0.7599544525146484,0.3042559325695038,1.5053588151931763
6524,-0.36741453409194946,-0.9195500016212463,0.2581220865249634,1.649131178855896
6525,-0.7689321637153625,-1.3335771560668945,-0.612604558467865,-0.3665581941604614
6526,0.5855529308319092,0.3439781069755554,0.21088553965091705,-1.3831713199615479
6527,-1.0908193588256836,0.5491331815719604,-0.6077380180358887,-1.912818431854248
6528,-0.20180252194404602,0.5005117654800415,-0.019028760492801666,1.40182363986969
6529,-0.8179165720939636,-0.5559991598129272,0.202140212059021,0.6263936161994934
6530,-1.1918209791183472,1.0515187978744507,0.21712268888950348,0.7433904409408569
6531,-0.13417576253414154,0.39702269434928894,0.48584434390068054,-0.586374819278717
6532,-1.3881436586380005,1.2365126609802246,-0.3915165662765503,0.21882443130016327
6533,0.8829675912857056,1.0095562934875488,-1.7471468448638916,-0.5499120950698853
6534,0.042699918150901794,0.2653852701187134,1.4991087913513184,-0.20462563633918762
6535,1.050127387046814,0.3471826910972595,-0.29656583070755005,-1.9216645956039429
6536,-0.7408387660980225,-0.2189444601535797,-0.7310873866081238,-0.6750127673149109
6537,-0.2674102187156677,1.4268051385879517,-0.32038334012031555,0.7393578886985779
6538,2.5434350967407227,-1.2260662317276,2.2065532207489014,0.8726241588592529
6539,1.842065691947937,0.4564998149871826,-0.1315048784017563,-0.8090124726295471
6540,0.5424899458885193,0.9748432040214539,0.814461886882782,0.7007129788398743
6541,-0.5941848754882812,0.7455508708953857,0.7772282958030701,-0.976758599281311
6542,-0.5276828408241272,-0.7186328172683716,1.6865124702453613,-0.44411253929138184
6543,0.8371080756187439,-0.21763822436332703,-0.3763999342918396,-0.1609497219324112
6544,2.3705458641052246,0.9922058582305908,0.6886831521987915,-0.43536433577537537
6545,-0.9130051732063293,0.4688666760921478,1.400689721107483,2.6539463996887207
6546,0.2236466109752655,-0.5631104111671448,-1.0508042573928833,-1.337005376815796
6547,-1.7099157571792603,-0.515033483505249,0.5525063276290894,1.383277416229248
6548,0.34863707423210144,-0.6513245701789856,-0.22690433263778687,0.35013270378112793
6549,-1.6016309261322021,-0.3765004873275757,1.4642033576965332,-0.46154600381851196
6550,-0.9489909410476685,-0.7864416837692261,0.35395389795303345,0.4140198528766632
6551,0.6168326735496521,1.7059346437454224,0.24385276436805725,0.5751555562019348
6552,-0.9776325225830078,0.33818817138671875,0.4966505467891693,1.0878734588623047
6553,-0.061518728733062744,-0.2711194157600403,-1.9097858667373657,0.3949310779571533
6554,-0.33815798163414,-0.5750700235366821,-0.3576476573944092,-0.9527238607406616
6555,-0.4184521436691284,0.267361581325531,-0.32774609327316284,-0.32822903990745544
6556,-0.1902334839105606,1.9243371486663818,0.6957285404205322,-0.9685159921646118
6557,0.18382032215595245,-0.7509291172027588,0.6106822490692139,1.258133053779602
6558,0.8422113060951233,0.40690356492996216,0.43963658809661865,1.3888319730758667
6559,0.3654658794403076,1.8322198390960693,-1.6542789936065674,-0.1680700182914734
6560,-1.083612084388733,0.8022680282592773,1.768428087234497,-2.033134698867798
6561,-1.115286111831665,-0.33419784903526306,0.34865373373031616,0.8322272896766663
6562,-1.2748801708221436,0.1401352733373642,-1.0372085571289062,-0.9467941522598267
6563,-0.515414297580719,0.22157838940620422,-1.1915158033370972,0.0373808816075325
6564,-0.823334813117981,0.5664458870887756,-0.6110575795173645,0.8395267724990845
6565,2.5707149505615234,0.3233826756477356,-1.014695644378662,-0.06926143914461136
6566,-0.36217010021209717,1.718265175819397,-1.3352500200271606,-1.696028232574463
6567,0.029057439416646957,2.1745171546936035,0.2303757667541504,0.9061704874038696
6568,-0.025220084935426712,0.21076926589012146,0.9638761878013611,-1.323949933052063
6569,-0.23873107135295868,0.354113906621933,-0.03565968945622444,0.7564254403114319
6570,-0.9524397850036621,-1.458000898361206,1.325046420097351,0.8028952479362488
6571,1.2266994714736938,-0.3521643877029419,1.6304662227630615,-0.18187959492206573
6572,0.5874176025390625,0.4345092177391052,-0.00031408295035362244,-0.3854151666164398
6573,1.4792588949203491,-0.9945639967918396,-0.01074649766087532,1.068049430847168
6574,0.1989269256591797,0.4705657660961151,-1.3635787963867188,-1.3955764770507812
6575,0.22315429151058197,-0.35951128602027893,-0.16016964614391327,-0.172599658370018
6576,0.08788716793060303,1.2438315153121948,-0.29074108600616455,0.2972264289855957
6577,-0.19556748867034912,0.5388601422309875,-0.6657629609107971,-0.1286734789609909
6578,-0.3005070984363556,-1.6621426343917847,-1.2816523313522339,-0.5634473562240601
6579,-1.3672667741775513,2.202670097351074,-0.4350215494632721,-1.0732969045639038
6580,1.1723095178604126,1.9267350435256958,-1.1123621463775635,-0.171024352312088
6581,-0.46769294142723083,0.14970123767852783,0.6700713634490967,2.053532600402832
6582,0.8198733329772949,0.05197916179895401,-0.5554937720298767,-1.8449537754058838
6583,-0.04349702596664429,-0.5538315176963806,-0.5248223543167114,-0.6900596022605896
6584,-0.4905458390712738,1.2704302072525024,-0.38516199588775635,-0.9135366082191467
6585,0.6101348996162415,-1.5343945026397705,-0.7304613590240479,-0.0650014579296112
6586,1.3471202850341797,-0.7619138956069946,-0.9278773069381714,1.6004726886749268
6587,-1.0253750085830688,0.6663213968276978,0.993096113204956,0.9622503519058228
6588,-0.5537021160125732,1.119803547859192,0.24194660782814026,-1.876894235610962
6589,0.4127446115016937,-0.06286557018756866,-0.3187294602394104,-1.644894003868103
6590,0.5040474534034729,0.9881896376609802,0.01649915613234043,0.13811622560024261
6591,1.0360558032989502,1.164268136024475,-1.2922019958496094,3.0166797637939453
6592,1.5096535682678223,-0.935518205165863,-0.9144408106803894,-0.036604709923267365
6593,-0.4322035014629364,1.1663419008255005,-0.42436927556991577,-1.0987989902496338
6594,-0.4502893388271332,1.7283457517623901,-1.5447442531585693,-0.39310356974601746
6595,0.21072162687778473,-0.1606706827878952,-0.9259229898452759,1.2115204334259033
6596,-1.014243483543396,0.48186224699020386,0.6557655930519104,0.2757299840450287
6597,-0.7748830318450928,-0.6118443012237549,-0.49226483702659607,-1.1079787015914917
6598,-0.30660009384155273,0.8556194305419922,-0.4836566746234894,-1.984124779701233
6599,1.297786831855774,0.2387564480304718,0.7542603015899658,1.3517298698425293
6600,1.83199942111969,-1.3564300537109375,-0.5928685069084167,-2.3537256717681885
6601,0.2323760688304901,1.5806258916854858,0.5238903164863586,0.2176678627729416
6602,-1.037419319152832,-0.21193721890449524,1.2283128499984741,-0.06440109759569168
6603,0.5898957848548889,-0.7418083548545837,0.5308062434196472,0.26792654395103455
6604,-0.1761547029018402,0.3610871136188507,-1.334990382194519,3.144017457962036
6605,1.7467626333236694,-0.06588716804981232,-0.2521458566188812,0.2915465235710144
6606,0.08205114305019379,-1.4539140462875366,-0.6919200420379639,0.38133952021598816
6607,-0.19857323169708252,1.3050059080123901,0.9175757169723511,-0.7064969539642334
6608,0.0692366287112236,0.4109034240245819,-0.32981231808662415,-1.5972141027450562
6609,-1.7011950016021729,1.748549222946167,-0.9246782064437866,-0.5175524353981018
6610,-1.182363748550415,-0.08390508592128754,-1.9677433967590332,1.1966273784637451
6611,-0.18996977806091309,1.3721522092819214,0.06514076143503189,-0.7274123430252075
6612,-0.8597723245620728,-0.7094317674636841,-0.5688381791114807,-1.8122267723083496
6613,-1.0294263362884521,-0.01566976308822632,-0.2211776226758957,-1.2792657613754272
6614,-1.0958484411239624,1.5711307525634766,0.16784727573394775,-0.43000146746635437
6615,0.6768511533737183,-0.062457770109176636,-0.06051924452185631,-1.669346809387207
6616,0.4561310112476349,0.7197556495666504,-0.1912134885787964,-1.395579218864441
6617,1.0226161479949951,0.8477993011474609,0.08931802213191986,-0.6477959156036377
6618,-1.3418642282485962,0.6285080313682556,-0.3113211691379547,0.03572613373398781
6619,-0.037503864616155624,-0.7606769800186157,1.5850788354873657,0.02099292352795601
6620,-0.2832549512386322,-0.7415527701377869,1.6022416353225708,-0.22617235779762268
6621,1.1042715311050415,0.31281644105911255,0.8067023754119873,0.020371735095977783
6622,-0.5668275356292725,-0.0903908759355545,0.24790436029434204,1.3012452125549316
6623,0.7930909991264343,1.8554893732070923,-0.03597122058272362,0.4980901777744293
6624,-0.6056199669837952,0.7124688625335693,0.4863070547580719,1.468387484550476
6625,1.1599164009094238,-0.9144247770309448,-0.3908671438694,1.161031723022461
6626,-0.584196925163269,0.33444273471832275,1.8827131986618042,0.05530514195561409
6627,0.4763663411140442,0.4189298748970032,-0.2926402688026428,-0.35208338499069214
6628,0.1375032365322113,-1.6871345043182373,-0.5712516903877258,-0.9560277462005615
6629,0.2426052689552307,0.8701545000076294,0.2443220317363739,-0.2751409411430359
6630,-1.187709093093872,-0.9497626423835754,1.3368809223175049,0.08609560132026672
6631,0.647563099861145,-0.32473599910736084,0.8345663547515869,0.989561140537262
6632,0.37791988253593445,2.029662609100342,-0.7859017252922058,-0.2563025951385498
6633,0.8943660855293274,1.144819974899292,1.5123341083526611,1.4672917127609253
6634,1.0018486976623535,1.5576292276382446,0.04211442172527313,0.8352756500244141
6635,-1.9740160703659058,0.7177785634994507,-1.4053856134414673,-0.5324819684028625
6636,-0.7065010070800781,-1.0095041990280151,-0.8400918245315552,-0.01896553859114647
6637,-1.4575973749160767,-0.3293374478816986,1.7376275062561035,-0.9208966493606567
6638,-0.22870564460754395,-0.9719680547714233,-0.1614399403333664,0.9099377989768982
6639,-1.0652440786361694,0.09319422394037247,-2.253803014755249,-1.6501466035842896
6640,0.6641497611999512,-0.5817724466323853,0.8083515167236328,-1.0855203866958618
6641,0.29364123940467834,-0.024415187537670135,-0.6365481615066528,1.1907546520233154
6642,0.18775388598442078,1.122165560722351,0.22886517643928528,-0.4995138645172119
6643,-0.9732344746589661,1.647526741027832,0.7877979874610901,-0.028942445293068886
6644,-0.45140063762664795,1.5156611204147339,0.7874537110328674,0.10459695756435394
6645,-1.0822033882141113,0.07807508111000061,-2.1007180213928223,-0.1696687489748001
6646,0.8467902541160583,-0.2509540319442749,0.15211792290210724,-0.35452550649642944
6647,1.0307470560073853,-0.963945209980011,-0.11621926724910736,1.7536863088607788
6648,-0.4974772334098816,0.12442400306463242,-0.10091690719127655,-1.21750009059906
6649,-1.6534920930862427,1.7459967136383057,-0.1197839081287384,0.32655563950538635
6650,-0.06274781376123428,2.011535882949829,-0.9541955590248108,0.4655948579311371
6651,-0.9144390821456909,1.2773547172546387,-1.1088066101074219,-0.692743182182312
6652,-1.3026988506317139,-0.12652328610420227,0.021945148706436157,1.8891984224319458
6653,-0.6188980937004089,-1.291252851486206,-1.0050616264343262,-2.1242499351501465
6654,-0.39237090945243835,2.4347128868103027,-0.17327019572257996,-0.6548334956169128
6655,-1.037542462348938,0.9137245416641235,1.6180274486541748,1.0434468984603882
6656,1.3497940301895142,0.8750745058059692,-0.16270579397678375,1.0867546796798706
6657,-0.0536980926990509,1.893489122390747,2.4983766078948975,0.12911587953567505
6658,-1.064453125,1.409432053565979,0.19902411103248596,-0.5474379062652588
6659,0.34318241477012634,-0.48977595567703247,0.8527118563652039,0.21330618858337402
6660,-1.0114951133728027,1.0169018507003784,1.0948243141174316,0.3558267056941986
6661,0.4211865961551666,-2.0615358352661133,2.0405290126800537,-0.05177873373031616
6662,-1.377478837966919,0.6349161267280579,0.591335117816925,0.2220083624124527
6663,0.49890998005867004,0.23885637521743774,-2.6447086334228516,2.8711137771606445
6664,1.0085331201553345,1.1382395029067993,1.8093005418777466,1.7688679695129395
6665,0.2966354489326477,2.263451337814331,0.051860515028238297,-0.7070068120956421
6666,-1.082421898841858,0.00596783310174942,-0.46819421648979187,0.1584991067647934
6667,0.4003450274467468,0.026694264262914658,-0.042825546115636826,-1.171337604522705
6668,1.0495128631591797,1.0830903053283691,-1.2707908153533936,-0.254812091588974
6669,-0.28731703758239746,0.06514954566955566,0.19310177862644196,0.8409053087234497
6670,-1.0432265996932983,-1.7226418256759644,1.0376378297805786,0.06366544961929321
6671,-0.1745181530714035,0.5926958322525024,-0.6109863519668579,0.9480848908424377
6672,0.9336743354797363,-0.835911750793457,0.24271100759506226,0.43401068449020386
6673,0.025439299643039703,0.10128675401210785,2.351109743118286,0.08929827809333801
6674,0.2396620512008667,-1.085496425628662,-0.3516045808792114,-1.3713791370391846
6675,-0.04554315656423569,-0.8439177870750427,-1.1374591588974,-1.4154738187789917
6676,0.04911331832408905,-0.0728074163198471,0.1400093287229538,-0.8372262120246887
6677,-0.6538076400756836,2.866116762161255,0.2610476016998291,0.1350751519203186
6678,-0.4416416883468628,0.4044121503829956,-0.588867723941803,-0.45434921979904175
6679,-0.14828485250473022,1.6036936044692993,0.5446128249168396,-0.6277675032615662
6680,1.7558649778366089,0.5201470255851746,-0.9443566799163818,-0.8474870920181274
6681,-1.837597370147705,-0.41708633303642273,1.2596951723098755,-1.089078664779663
6682,-0.7146902680397034,2.3401598930358887,-0.6924643516540527,0.9897013902664185
6683,-0.2014356106519699,-0.4055763781070709,-0.4582986831665039,0.9247089624404907
6684,-0.3918743133544922,-0.2792312800884247,-0.5041553378105164,0.5948177576065063
6685,-0.25273340940475464,0.09896720945835114,0.6814979314804077,-0.240940123796463
6686,0.1641535758972168,0.7068493962287903,0.11696667969226837,1.5664705038070679
6687,1.2634848356246948,2.0408244132995605,0.2911906838417053,0.26860755681991577
6688,-0.033667683601379395,0.4649166464805603,0.06062775105237961,0.7153437733650208
6689,1.3707605600357056,-0.7143901586532593,1.1848794221878052,-1.8917813301086426
6690,-1.3059769868850708,-0.23675987124443054,-1.4521434307098389,0.37560635805130005
6691,-0.8592872619628906,-0.6134916543960571,0.7199382781982422,1.159309983253479
6692,0.41570788621902466,0.446946382522583,-0.020328085869550705,-0.03357572481036186
6693,-0.06529732048511505,1.126428246498108,0.09543521702289581,0.4465234577655792
6694,0.08119774609804153,0.2787930369377136,-1.46103036403656,2.4477851390838623
6695,0.5864336490631104,-1.1691044569015503,1.0833181142807007,-0.2498658001422882
6696,0.8612324595451355,-0.04699580371379852,-1.2421085834503174,-0.47573015093803406
6697,-1.2313752174377441,-0.000984005630016327,1.4187307357788086,-1.5607433319091797
6698,-0.3724246621131897,-0.5073371529579163,0.7602570652961731,0.6970248222351074
6699,-0.4608670771121979,-0.7709382772445679,0.059401482343673706,-1.845789909362793
6700,1.07412850856781,1.391850471496582,0.5967685580253601,0.2688591480255127
6701,0.7863963842391968,-0.7298557758331299,-0.16158002614974976,-0.8245904445648193
6702,1.282549262046814,1.9536190032958984,1.1866159439086914,-1.7078971862792969
6703,-0.7432168126106262,1.929832100868225,1.1207733154296875,1.3717806339263916
6704,-0.5786277055740356,0.511430561542511,-0.9461274743080139,0.00444219633936882
6705,-0.16092421114444733,-0.9914540648460388,0.40773656964302063,-1.2989602088928223
6706,-2.1098310947418213,1.039851427078247,-0.6839339733123779,-1.7152451276779175
6707,1.2047929763793945,-0.5378130674362183,0.037306368350982666,0.7450939416885376
6708,-1.2520344257354736,0.8530607223510742,0.20308555662631989,1.2451764345169067
6709,-0.9251796007156372,-0.7880823612213135,1.350999116897583,-0.8540753722190857
6710,-0.27744826674461365,1.3847315311431885,-1.0653430223464966,1.341348648071289
6711,0.14202967286109924,0.8308862447738647,0.9909784197807312,-1.180259108543396
6712,0.20165030658245087,0.9244320392608643,-0.4526369571685791,-0.1991300880908966
6713,-0.1617957055568695,-0.11788858473300934,-0.8906737565994263,0.19250696897506714
6714,-1.8683111667633057,0.2716049551963806,-1.4244393110275269,-1.2576789855957031
6715,0.9644073843955994,0.700322687625885,1.2060911655426025,1.1676949262619019
6716,0.8613129258155823,0.4404592514038086,0.3724227249622345,-0.06503897905349731
6717,-0.10624164342880249,0.5107996463775635,-0.20072883367538452,2.1295998096466064
6718,0.3141690194606781,0.26405566930770874,2.228064775466919,-0.4543621242046356
6719,-0.38689327239990234,0.021460864692926407,-1.1323566436767578,0.9870818257331848
6720,-0.0954456627368927,-0.942136824131012,0.7863763570785522,-0.16707107424736023
6721,-1.136552095413208,-1.1521687507629395,-0.0891999751329422,-1.0337599515914917
6722,0.6337655782699585,0.03482157737016678,-0.13651645183563232,-0.7585755586624146
6723,0.07871866226196289,1.3389918804168701,0.17445020377635956,0.3214891850948334
6724,0.822313129901886,-0.39739030599594116,0.4686855673789978,0.17666301131248474
6725,-0.5269027352333069,-0.3894278407096863,1.4083216190338135,0.012291818857192993
6726,-1.3620246648788452,1.1028350591659546,1.152796745300293,0.4910927712917328
6727,-0.11899666488170624,1.4936548471450806,0.03757481276988983,1.0058271884918213
6728,1.2833664417266846,-1.921285629272461,0.4110814034938812,-1.1586570739746094
6729,0.11906084418296814,0.8375670909881592,-0.2611598074436188,0.10955846309661865
6730,-0.7129765152931213,-2.2566354274749756,-1.05209219455719,1.1835123300552368
6731,0.032890643924474716,-0.7223528623580933,-1.0831106901168823,1.2346274852752686
6732,1.1321449279785156,-0.5790169835090637,-1.1128828525543213,-0.45169076323509216
6733,2.0752110481262207,2.041317939758301,-0.08064056932926178,-0.40264666080474854
6734,0.014773711562156677,1.6775494813919067,1.3095500469207764,-0.39433562755584717
6735,-0.10415275394916534,1.0279242992401123,-0.9315376877784729,-0.6152958869934082
6736,0.2649339735507965,2.2047996520996094,0.02716990001499653,0.479939728975296
6737,-0.2241000533103943,-0.21285277605056763,3.363204002380371,0.7375507950782776
6738,0.2184576839208603,-0.6511944532394409,-0.6077584028244019,-2.4309277534484863
6739,0.9182075262069702,0.7118445038795471,0.4329662322998047,0.4937165081501007
6740,-1.2750297784805298,1.7760835886001587,1.285135269165039,-1.2424070835113525
6741,1.2437784671783447,0.04097432270646095,2.5524959564208984,1.3011791706085205
6742,-1.063385248184204,-0.4756223261356354,-0.09138338267803192,1.7149728536605835
6743,0.7361955046653748,0.6872671842575073,-0.4403243958950043,-0.8906103372573853
6744,0.38802725076675415,-0.664583146572113,-1.8869723081588745,-1.6148648262023926
6745,-0.2555347681045532,0.3916189670562744,-1.9926687479019165,0.702796995639801
6746,0.7479417324066162,0.8067166209220886,0.3690602481365204,-1.3853087425231934
6747,0.4692729711532593,0.9580473303794861,-0.1826898753643036,-1.4292776584625244
6748,-0.34591639041900635,0.963083028793335,1.499293565750122,0.9315308332443237
6749,-0.6053299903869629,0.6011589169502258,-0.0315709188580513,-0.9143775701522827
6750,-0.3483330011367798,1.2505149841308594,0.230174258351326,0.9343986511230469
6751,0.7669830322265625,0.404654860496521,2.4972524642944336,0.6631299257278442
6752,0.24731311202049255,0.2660396099090576,0.8863723278045654,-0.6689007878303528
6753,-0.003844980150461197,0.06147799268364906,0.2845402956008911,2.212430715560913
6754,0.20264866948127747,1.7599146366119385,0.47168439626693726,0.14228320121765137
6755,1.4234287738800049,0.34627121686935425,1.6792389154434204,0.9987764358520508
6756,1.7715429067611694,0.04419369995594025,0.1192224770784378,1.4638065099716187
6757,1.0745208263397217,-0.033770881593227386,-0.0164744071662426,-1.7182611227035522
6758,1.491330623626709,-1.1705737113952637,0.8194095492362976,-1.109123706817627
6759,-0.0934152752161026,-0.8583466410636902,0.27444300055503845,-1.072127342224121
6760,2.0474398136138916,0.1480632722377777,-0.8421609401702881,-0.45432060956954956
6761,0.6871174573898315,0.23455408215522766,-0.6723644733428955,-0.29086101055145264
6762,-0.7160832285881042,-0.8227942585945129,-0.45928624272346497,-0.20123861730098724
6763,0.23706761002540588,-0.2318868637084961,0.8203060626983643,-0.8155893087387085
6764,0.29659944772720337,0.07197144627571106,-0.3739016056060791,-1.2955713272094727
6765,0.028266718611121178,-0.14269301295280457,-0.6915740966796875,0.39515554904937744
6766,-1.1436939239501953,-0.5161504745483398,-0.9705449938774109,0.5283321142196655
6767,-1.8595564365386963,2.1139464378356934,-0.30611830949783325,0.35779234766960144
6768,0.9384557008743286,-0.9090099334716797,-0.6743694543838501,-2.3751370906829834
6769,0.8413580060005188,1.1957404613494873,0.17144086956977844,-0.6190399527549744
6770,-0.6493256688117981,-1.5682755708694458,1.0184813737869263,1.0593315362930298
6771,1.2318288087844849,-0.907168984413147,0.8146085143089294,-0.3982253074645996
6772,-0.5419487953186035,1.1211029291152954,-0.7931271195411682,-0.5453791618347168
6773,1.2592449188232422,-0.7513375282287598,0.6076210737228394,-0.9201754927635193
6774,-0.12578615546226501,-2.147700071334839,0.5840996503829956,-0.22189703583717346
6775,-1.3911328315734863,0.04377458989620209,-0.17585809528827667,-0.14646556973457336
6776,0.9411253929138184,-2.5151326656341553,0.03132206201553345,-0.18789301812648773
6777,-0.07367730140686035,-1.2880651950836182,1.672697901725769,-0.7528811693191528
6778,0.6330370306968689,0.5176817178726196,-0.5672187805175781,-0.19605344533920288
6779,1.0580484867095947,-0.006295815110206604,-0.25484156608581543,1.0491348505020142
6780,0.6395038962364197,-1.504776954650879,0.7042638063430786,-2.4538698196411133
6781,2.058854341506958,0.3533339500427246,-0.4248300790786743,0.1915561407804489
6782,0.4049055874347687,-0.747573733329773,-0.5037176609039307,-0.9965695142745972
6783,-0.8412488102912903,-0.19373609125614166,0.4330238103866577,-0.49618709087371826
6784,0.6290263533592224,0.4497368335723877,0.006901752203702927,-1.442050576210022
6785,0.1055898517370224,1.7496448755264282,-0.9466081261634827,0.6282547116279602
6786,1.0313665866851807,-1.58619225025177,-1.0327088832855225,-0.2927256226539612
6787,-0.5964413285255432,0.30267491936683655,-1.392807960510254,-0.00932159461081028
6788,1.2478320598602295,-1.9385135173797607,0.38796722888946533,-0.9731521010398865
6789,-0.5081192255020142,-0.21155878901481628,-0.5487315654754639,-0.22169813513755798
6790,-0.5237122774124146,0.2780875265598297,0.28052613139152527,-0.926445722579956
6791,0.24054667353630066,1.5555379390716553,1.339478850364685,-0.9994957447052002
6792,0.08508297801017761,-0.067482590675354,0.16192278265953064,1.3359757661819458
6793,-0.38357317447662354,0.6420648694038391,-0.3078470528125763,-0.16406768560409546
6794,0.68458491563797,0.5942167043685913,-0.5706192255020142,1.1577508449554443
6795,1.5990898609161377,0.30716848373413086,0.1265384405851364,0.031626325100660324
6796,-1.0513758659362793,-2.0751564502716064,-0.33483946323394775,1.9103643894195557
6797,-0.9034976363182068,-0.057893216609954834,-1.4116289615631104,0.08473432064056396
6798,0.3221138119697571,-0.244561105966568,-0.7931276559829712,-0.3049434721469879
6799,-0.4029085636138916,0.03887232020497322,0.9698189496994019,0.7455044984817505
6800,0.9802401661872864,-0.038641467690467834,-0.36465784907341003,-0.735337495803833
6801,0.08062855899333954,-0.11776843667030334,-0.7099574208259583,0.42591068148612976
6802,0.7851532101631165,-0.658480167388916,-0.2510453760623932,0.1994849443435669
6803,-0.8797283172607422,-0.3276636004447937,-0.386006236076355,1.435486078262329
6804,0.055326469242572784,0.7049925327301025,0.5747905373573303,-0.31231948733329773
6805,-0.9606531262397766,-0.030627809464931488,1.945426344871521,0.023534443229436874
6806,-0.7819275856018066,-0.008293211460113525,1.038686752319336,0.22061796486377716
6807,-0.17597493529319763,-0.02694103866815567,-0.413150817155838,1.2880743741989136
6808,-0.24832947552204132,-0.3141355514526367,0.7149264812469482,-0.25887370109558105
6809,-0.034891095012426376,0.9980034828186035,1.7090126276016235,0.20029616355895996
6810,-0.9239758849143982,0.5306816101074219,0.03464503586292267,-0.8281358480453491
6811,-1.213926911354065,-0.8790575265884399,-0.49716851115226746,-1.8883140087127686
6812,-1.9221853017807007,-2.301342725753784,-0.4676656424999237,0.9738331437110901
6813,-1.5169422626495361,-0.9318107962608337,1.4048594236373901,-1.5768613815307617
6814,-1.1415516138076782,0.24264027178287506,-0.544532299041748,1.3752336502075195
6815,0.22330322861671448,-0.2320825308561325,0.1508491337299347,0.05270804837346077
6816,-0.8636181950569153,-1.390439510345459,-0.02634599432349205,0.41988059878349304
6817,-1.225136399269104,0.8993313312530518,-1.7340235710144043,0.3105184733867645
6818,-0.9831723570823669,-0.7122571468353271,2.075269937515259,0.9734114408493042
6819,0.23739169538021088,0.23101454973220825,-0.7011377215385437,-1.7732058763504028
6820,1.0072382688522339,-0.6903519034385681,-0.011282689869403839,0.27652329206466675
6821,-0.5342031717300415,-0.3147590160369873,0.9724108576774597,-0.46222132444381714
6822,-0.02838940918445587,1.6970041990280151,-0.5072516798973083,-0.15336239337921143
6823,0.2130381464958191,0.1757814586162567,-0.19822335243225098,-0.352177232503891
6824,-0.011867426335811615,1.307047724723816,0.20870386064052582,-2.304447889328003
6825,-0.7131187319755554,-1.131675124168396,-0.8380579352378845,-1.2044588327407837
6826,-0.6956582069396973,0.4991205036640167,0.9464075565338135,0.017130210995674133
6827,-0.6582165360450745,0.1933792233467102,0.7486253380775452,0.8694229125976562
6828,-0.22123251855373383,-1.2945969104766846,-0.2727404236793518,0.9342384934425354
6829,0.1337174028158188,-1.1367733478546143,0.1264021098613739,-1.179339051246643
6830,-0.8993541598320007,-1.4692540168762207,0.9053053259849548,0.5124750733375549
6831,-0.35325589776039124,0.11266795545816422,-0.19164898991584778,0.08297242224216461
6832,0.7435742616653442,-0.8504247665405273,0.6733525395393372,-1.058081030845642
6833,-0.8992412686347961,0.2526843845844269,-2.2614259719848633,-1.1993342638015747
6834,0.15128889679908752,0.30547380447387695,0.5483495593070984,-0.4341520071029663
6835,1.469810128211975,-1.147059440612793,-1.4609639644622803,0.29322218894958496
6836,-0.5204225778579712,0.7723225355148315,0.16347210109233856,-1.3981108665466309
6837,0.8950828313827515,0.5989124774932861,0.20203691720962524,0.4575122594833374
6838,1.3169221878051758,-0.5113365054130554,-0.9298181533813477,0.36729830503463745
6839,-0.5432139039039612,1.6418651342391968,0.5693787932395935,-0.1584225744009018
6840,-0.2493916153907776,-2.117311954498291,0.34950509667396545,-1.221983790397644
6841,-0.1896284818649292,-1.4130516052246094,0.11490146815776825,-2.045072555541992
6842,1.8243228197097778,-1.3262630701065063,-0.01108841598033905,2.0718488693237305
6843,0.015053670853376389,-1.0181790590286255,-0.36604127287864685,1.3565319776535034
6844,-0.3408636450767517,-1.1567270755767822,0.2923435568809509,-0.13533753156661987
6845,-0.009588204324245453,-0.111918605864048,0.2254239320755005,-0.32883426547050476
6846,1.0651674270629883,0.69747394323349,-1.9099680185317993,1.0528556108474731
6847,0.5738344192504883,-0.23839518427848816,0.7434483766555786,0.12071472406387329
6848,0.5266655683517456,-0.40613800287246704,-0.18629412353038788,0.549362301826477
6849,0.9251749515533447,0.8981109261512756,-0.31358563899993896,0.4131197929382324
6850,0.8720198273658752,-0.7728384137153625,-1.636080265045166,1.6780827045440674
6851,-0.4037669599056244,0.1546275019645691,0.4232795238494873,1.305465817451477
6852,-1.865838885307312,-0.5773845911026001,-1.6237198114395142,0.01374618336558342
6853,-1.4486243724822998,1.246458649635315,0.7310996651649475,0.21952098608016968
6854,-0.7919213771820068,0.28635045886039734,0.44197309017181396,1.2805862426757812
6855,1.769972324371338,-0.42556774616241455,-2.203134536743164,-1.4579086303710938
6856,-0.02704913169145584,-0.5701846480369568,-1.6236120462417603,1.1025816202163696
6857,0.3230494260787964,0.22671476006507874,-0.6596555709838867,-1.5190197229385376
6858,0.08558414876461029,-0.4460669159889221,-0.06948353350162506,0.5108788013458252
6859,0.15045484900474548,0.6502949595451355,-0.07957586646080017,0.5862265825271606
6860,-0.8971364498138428,-0.1740068793296814,-0.38603198528289795,1.1453853845596313
6861,-0.23720282316207886,0.46105116605758667,0.6000297665596008,0.14571955800056458
6862,-0.2795891761779785,-0.35497888922691345,0.21886460483074188,-1.2726460695266724
6863,-0.7114905118942261,-1.5212430953979492,-0.8158968687057495,-0.15148091316223145
6864,-0.9605924487113953,-0.18945832550525665,-0.4861946403980255,-1.5112663507461548
6865,0.36983272433280945,-1.0201690196990967,-0.29549267888069153,0.1726226955652237
6866,2.0042483806610107,1.025833010673523,0.33526116609573364,2.027254343032837
6867,0.8160855770111084,1.5659579038619995,0.8156164884567261,-1.3449968099594116
6868,0.2444642186164856,-0.7905107140541077,-0.02892974019050598,-0.5650527477264404
6869,-0.8407557010650635,-0.6458457112312317,0.8464315533638,0.8649588227272034
6870,-0.5313326716423035,0.7371556758880615,0.6804938316345215,-1.9358301162719727
6871,-0.4051692485809326,0.9602993726730347,0.21237632632255554,1.8232364654541016
6872,-0.9152923822402954,0.660078763961792,0.6048200130462646,1.9640262126922607
6873,-2.0575122833251953,0.5113606452941895,1.7059574127197266,-0.28795284032821655
6874,0.9347366094589233,-0.49480998516082764,0.04324541985988617,0.561172366142273
6875,-0.021992899477481842,0.5151004791259766,2.4093899726867676,-0.619214653968811
6876,-0.7507070899009705,-0.9391196370124817,2.585628032684326,-0.7738199234008789
6877,1.6685607433319092,0.3230249881744385,-0.2850434482097626,-0.6639316082000732
6878,-0.7756785750389099,-0.7864205241203308,0.762943685054779,-2.018435478210449
6879,0.7267265915870667,-1.2311474084854126,-0.19558121263980865,-0.08442318439483643
6880,-0.9457778334617615,-2.145502805709839,1.0931988954544067,1.0204179286956787
6881,-0.025723285973072052,2.312762498855591,0.288290411233902,0.061281293630599976
6882,0.5769433379173279,0.029211606830358505,-0.3045107126235962,1.0377352237701416
6883,0.23468118906021118,-0.29975181818008423,0.7034729719161987,0.47655585408210754
6884,-0.4015359878540039,0.3618103563785553,1.0413336753845215,-0.2133188396692276
6885,1.1456491947174072,1.7340450286865234,0.9834815263748169,-0.03404641151428223
6886,-2.5149426460266113,0.7143538594245911,0.33292993903160095,-0.6699985861778259
6887,0.2671576738357544,-1.0717147588729858,0.1324629783630371,-1.8149826526641846
6888,-0.7101861834526062,-1.3938370943069458,-0.5016440749168396,-1.6172107458114624
6889,0.3126223385334015,-0.4189765155315399,-0.594666600227356,-0.19796162843704224
6890,0.4329536259174347,-0.6550012826919556,-0.801689088344574,-1.409812569618225
6891,-0.017332587391138077,0.24174675345420837,-1.0563433170318604,-0.04850710555911064
6892,0.47265395522117615,0.5761658549308777,-1.2986292839050293,-0.33922216296195984
6893,-0.17862749099731445,0.982356607913971,1.4507842063903809,0.5080235004425049
6894,0.18497443199157715,-1.2400094270706177,-0.8643621802330017,-0.4356275200843811
6895,-0.28143423795700073,-0.8624736070632935,-0.29450786113739014,-0.8528208136558533
6896,0.41963890194892883,0.1463133990764618,-0.7014796137809753,0.39204245805740356
6897,-0.8124191164970398,-0.728740930557251,0.1770530641078949,0.3555133044719696
6898,-1.9797613620758057,0.16115427017211914,1.0350583791732788,0.35430797934532166
6899,-1.988217830657959,1.460766315460205,0.2261771857738495,-0.47576457262039185
6900,-1.4299523830413818,-0.08596598356962204,0.5165829658508301,-0.17619015276432037
6901,-0.2929328680038452,0.38373249769210815,0.1434078961610794,0.45691436529159546
6902,1.1144276857376099,-0.810785710811615,-0.28556475043296814,-2.28519344329834
6903,0.6133919358253479,-0.48345741629600525,-1.8249626159667969,-2.033766984939575
6904,0.9211338758468628,-0.9363595843315125,0.07014313340187073,-0.17812715470790863
6905,-0.6879978179931641,-1.3017501831054688,-1.0891077518463135,0.3531268537044525
6906,1.1816515922546387,0.8605778217315674,-0.28365227580070496,-0.4511678218841553
6907,-1.054209589958191,-1.5262806415557861,1.3963888883590698,0.6392360329627991
6908,-1.0916162729263306,2.673151731491089,-2.069432258605957,-0.6111278533935547
6909,0.6266092658042908,-0.5999341011047363,2.2847375869750977,-1.2342407703399658
6910,1.185225248336792,0.37544387578964233,0.6079246401786804,-1.1668812036514282
6911,0.9470800757408142,0.4537445306777954,0.982372522354126,1.7214628458023071
6912,0.18438048660755157,-2.3997244834899902,-1.064695954322815,-0.06375640630722046
6913,0.8357306122779846,-0.7205941081047058,2.4516966342926025,-2.361450672149658
6914,-1.0940773487091064,-0.5734170079231262,-0.42721056938171387,-2.1087653636932373
6915,1.3429580926895142,-0.16308847069740295,1.6343544721603394,-0.7468490600585938
6916,1.9541208744049072,-0.7799092531204224,0.5792425870895386,-1.5531820058822632
6917,0.010789703577756882,0.8912302851676941,0.3241373598575592,1.948289155960083
6918,-1.708033561706543,0.3361205458641052,-0.3290760815143585,-0.17792099714279175
6919,1.3524315357208252,0.4173344373703003,0.22735273838043213,0.34823092818260193
6920,1.0433388948440552,-0.6248541474342346,1.291914701461792,0.12016105651855469
6921,1.2018623352050781,0.33434563875198364,-0.6163206696510315,-0.23196391761302948
6922,-0.10732720792293549,0.196870356798172,0.1339181363582611,-3.1692681312561035
6923,0.7743167877197266,-0.1765306442975998,0.8605356812477112,0.5623608827590942
6924,-0.5707132816314697,1.1122387647628784,-0.8041272163391113,0.33694323897361755
6925,0.9308519959449768,-0.7045255303382874,1.0108696222305298,0.9376630187034607
6926,2.203204870223999,-1.5661933422088623,0.34168463945388794,0.05205695703625679
6927,0.8019623756408691,-0.5000978708267212,-1.102684497833252,-0.9275453090667725
6928,-0.8247060775756836,-1.016707420349121,-0.4545517563819885,-0.32041135430336
6929,1.2530962228775024,0.26016002893447876,-1.5469201803207397,-0.5237270593643188
6930,-0.24718573689460754,-1.1039369106292725,-0.13697519898414612,-0.2459411919116974
6931,-0.5788927674293518,1.0946400165557861,-0.9309203028678894,-0.22322224080562592
6932,-0.5961186289787292,0.22901391983032227,-0.8272078633308411,-1.015766978263855
6933,0.03472646698355675,-0.4580842852592468,1.8389196395874023,-1.2813289165496826
6934,-0.05795653536915779,-0.5357885956764221,-0.30534976720809937,1.7456902265548706
6935,0.7856699824333191,-0.5332450866699219,0.322970986366272,-0.44496703147888184
6936,-0.3217565715312958,-1.2719805240631104,-1.673551321029663,0.9458755850791931
6937,-0.10365468263626099,0.2845305800437927,0.012016581371426582,-0.18460462987422943
6938,0.6329330205917358,0.12342578172683716,-0.10277779400348663,-0.38602155447006226
6939,-0.8914687037467957,1.8743799924850464,-0.3568649888038635,0.7881525754928589
6940,-1.326468586921692,2.5361099243164062,-1.4656963348388672,-0.8169059753417969
6941,-0.20144157111644745,0.7394639849662781,-0.229156494140625,3.419719696044922
6942,0.11500760912895203,0.8865745663642883,0.7117934823036194,-1.7726911306381226
6943,-0.38625332713127136,-0.5729933381080627,-0.457959920167923,0.17587769031524658
6944,-0.6294405460357666,-0.3835674822330475,-1.1543694734573364,0.46549203991889954
6945,-2.4523329734802246,0.5127878189086914,-1.4103729724884033,-1.1282628774642944
6946,0.21166478097438812,-0.7815279960632324,-0.0005867928266525269,-1.8969933986663818
6947,-0.9579064249992371,-1.4397352933883667,0.529818058013916,-1.4379764795303345
6948,-0.04630148783326149,0.5395690202713013,0.6224262118339539,-1.2320855855941772
6949,1.217830777168274,0.5333826541900635,-0.2069544941186905,-1.0566771030426025
6950,0.6504047513008118,0.9924451112747192,0.14072805643081665,-1.1980867385864258
6951,-0.035394780337810516,0.6053414344787598,-0.17845214903354645,0.35391178727149963
6952,-0.589938759803772,-0.3014780879020691,0.19332660734653473,1.3603488206863403
6953,0.35051244497299194,0.6048603057861328,0.31271106004714966,1.2667207717895508
6954,1.174603819847107,-0.20978263020515442,-0.10762201249599457,-1.0012751817703247
6955,0.8074245452880859,0.9392012357711792,-0.2141648828983307,-0.12776581943035126
6956,-0.005862588062882423,0.5143337249755859,0.2819666862487793,-1.904266119003296
6957,0.581631600856781,-0.3209230601787567,-0.23758088052272797,0.593635082244873
6958,0.23177921772003174,0.7454586625099182,-0.4358355700969696,-1.6841963529586792
6959,-0.5915406942367554,-1.3495713472366333,-1.1326018571853638,-0.08278854936361313
6960,-0.07637862116098404,-1.35417640209198,0.13779644668102264,0.5306879281997681
6961,-1.0991215705871582,-1.201907992362976,0.04399917274713516,0.5337339043617249
6962,0.9330936670303345,1.0209156274795532,-0.4909818172454834,0.6860028505325317
6963,0.7599220275878906,1.2858567237854004,0.1864481121301651,-0.03717900812625885
6964,0.08966302871704102,-0.5067545175552368,0.9423315525054932,0.9275147914886475
6965,2.0710177421569824,0.16529157757759094,0.4805855453014374,0.4742199182510376
6966,0.26125437021255493,-0.03268441557884216,0.12474554032087326,1.3476483821868896
6967,-0.5829426646232605,0.8635455369949341,-0.14102023839950562,-0.7501419186592102
6968,-0.40735962986946106,1.5217036008834839,-0.3405870199203491,0.4225436747074127
6969,-0.8795278072357178,-2.9356281757354736,0.7320382595062256,-0.2782778739929199
6970,0.12019021809101105,-0.04991017282009125,-0.3362077474594116,-1.3346312046051025
6971,0.05055238679051399,1.2173073291778564,0.22847899794578552,-0.016854049637913704
6972,-0.5071410536766052,1.0775201320648193,0.34958013892173767,-0.8921253085136414
6973,-1.9891345500946045,0.6138581037521362,0.6996653079986572,-0.10225079953670502
6974,-1.4417837858200073,1.4252560138702393,1.0894722938537598,-1.9492926597595215
6975,-1.1927130222320557,-0.834488570690155,-1.0539181232452393,-1.342725396156311
6976,-0.088399738073349,0.7396642565727234,-0.10449421405792236,1.8957397937774658
6977,0.9220551252365112,-1.5684102773666382,0.14871986210346222,0.6365166306495667
6978,-1.709751844406128,-0.9105709195137024,0.5097302198410034,1.0951306819915771
6979,-1.288820505142212,-0.21625491976737976,-0.4211370348930359,-0.8722003698348999
6980,0.5019615888595581,-0.32540953159332275,2.8896069526672363,1.741043210029602
6981,0.48654186725616455,-0.4558928608894348,1.5287412405014038,-1.3759316205978394
6982,-1.8616009950637817,0.2373388111591339,-0.28667399287223816,-1.4753957986831665
6983,-0.5528728365898132,-0.7144882082939148,-0.6290150880813599,0.024959754198789597
6984,-0.3231632113456726,-0.1837683618068695,0.8481076955795288,0.4381120502948761
6985,0.5539137125015259,0.2070041447877884,0.4443528354167938,-0.9290610551834106
6986,0.6581642627716064,0.39816340804100037,0.776309609413147,-0.32627567648887634
6987,1.0561624765396118,0.7222789525985718,0.4323517680168152,1.0304756164550781
6988,-2.3827123641967773,0.5237001180648804,-0.08737709373235703,0.6429431438446045
6989,0.5966799259185791,1.350160002708435,0.2634843587875366,-0.6001814603805542
6990,0.32775527238845825,-1.1833415031433105,-0.4293705224990845,0.37301960587501526
6991,-1.0771856307983398,0.532172441482544,-0.08678805828094482,0.009958216920495033
6992,0.025743387639522552,0.8960040211677551,-0.5509477853775024,-1.0702502727508545
6993,-0.1255762130022049,0.43728524446487427,0.9754908680915833,2.5014452934265137
6994,1.898982286453247,0.905177652835846,-0.053349778056144714,1.7448910474777222
6995,0.0765816941857338,-0.3777502179145813,-1.802883267402649,-2.8163793087005615
6996,0.29818904399871826,0.4459306597709656,2.8120357990264893,-0.11720718443393707
6997,-0.1427273452281952,-0.28163641691207886,0.7593674063682556,-1.706903338432312
6998,0.06205391883850098,-0.4672877788543701,-0.4986049234867096,0.8319968581199646
6999,0.39931976795196533,0.39172232151031494,0.3445320129394531,-0.6993468403816223
7000,0.11760838329792023,-0.13909924030303955,0.7115246653556824,-1.3594014644622803
7001,-0.3444468677043915,0.6791681051254272,-2.25614857673645,0.25753453373908997
7002,2.498504638671875,-1.1217882633209229,0.15919145941734314,0.40668320655822754
7003,0.0762476846575737,-0.5210320353507996,-0.7883034348487854,0.5941693186759949
7004,0.9786486029624939,-2.2813003063201904,-0.056143902242183685,0.22535553574562073
7005,0.9776992201805115,-0.9924135804176331,-0.5844898223876953,-0.3915575444698334
7006,-0.6237335801124573,-0.053864117711782455,-1.4178309440612793,0.6468419432640076
7007,0.9899086952209473,0.6516538858413696,-0.09735912084579468,-1.3199102878570557
7008,1.0149985551834106,1.2852975130081177,-2.0716753005981445,-0.16541263461112976
7009,0.3645089566707611,2.063993215560913,-0.41752752661705017,0.515601634979248
7010,-0.21788010001182556,0.3065940737724304,-0.3874884247779846,1.1224818229675293
7011,-2.320390462875366,1.346907377243042,0.14336462318897247,-3.40437650680542
7012,-0.22432449460029602,0.8731421828269958,0.17463991045951843,0.8253787159919739
7013,-0.08127684891223907,-0.7037715315818787,1.4205409288406372,-1.0901904106140137
7014,0.5209298133850098,-0.5955332517623901,-0.5636839270591736,1.3029173612594604
7015,1.694481611251831,0.17804789543151855,-1.0176663398742676,-0.20868909358978271
7016,-0.3632670044898987,0.16493961215019226,0.027906063944101334,0.42975664138793945
7017,0.8980404138565063,-1.570058822631836,0.548335611820221,0.5560004711151123
7018,2.5674314498901367,0.44419845938682556,-0.7839472889900208,0.40178629755973816
7019,-1.1480718851089478,-1.679186224937439,-0.33204275369644165,-0.4309874176979065
7020,2.0592637062072754,0.8092101216316223,-0.3168036639690399,-0.21134182810783386
7021,-1.899962306022644,-0.13977763056755066,-0.951754629611969,-0.6759768128395081
7022,0.33514896035194397,0.38720273971557617,-0.09701921045780182,0.837354302406311
7023,0.7711097002029419,0.8808242678642273,0.8658015727996826,-0.549186646938324
7024,-0.9047428369522095,-0.8932451009750366,0.9443067908287048,-0.7564388513565063
7025,-0.35271409153938293,-0.9723068475723267,-0.6140134930610657,-0.6547583937644958
7026,-0.29603856801986694,-1.8575575351715088,0.6590600609779358,0.936858057975769
7027,-1.6739054918289185,-0.032690972089767456,0.4124595820903778,0.19884023070335388
7028,0.8216089606285095,-0.9139783382415771,-0.04793573170900345,0.8348855972290039
7029,1.477501630783081,0.9396651983261108,1.4502440690994263,1.0089503526687622
7030,-0.9994882941246033,0.5570888519287109,0.18594235181808472,1.222560167312622
7031,0.07335327565670013,0.49515435099601746,1.06131911277771,-0.21696172654628754
7032,1.136647343635559,0.6255277395248413,-0.8236061930656433,-1.1099557876586914
7033,0.6510214805603027,-1.0303113460540771,0.20422381162643433,0.9085016250610352
7034,-1.1556280851364136,0.5543384552001953,-1.2054804563522339,0.06054505333304405
7035,0.08333132416009903,-1.6587574481964111,-0.15023532509803772,-0.6754570007324219
7036,1.0005741119384766,0.8087901473045349,-0.11268390715122223,1.29508638381958
7037,0.9119347929954529,1.566549301147461,0.46925944089889526,-0.0008475407958030701
7038,0.5552820563316345,0.8639228343963623,-0.7663909792900085,0.993297278881073
7039,-1.4628139734268188,1.267885446548462,1.4693291187286377,0.392424613237381
7040,0.6159566044807434,-0.6328238844871521,-1.1668320894241333,0.9006171822547913
7041,1.0543867349624634,-0.42496681213378906,0.3421229422092438,-0.8374048471450806
7042,0.7964608073234558,-3.3123490810394287,0.27073562145233154,-0.8890663981437683
7043,2.029520034790039,-0.37083178758621216,1.1337177753448486,-1.5759963989257812
7044,-1.3103713989257812,-0.13317112624645233,1.4804941415786743,1.4048264026641846
7045,-0.21340957283973694,-0.5342121720314026,-0.008421789854764938,-0.028167717158794403
7046,-1.4397363662719727,-0.6227726340293884,1.221156120300293,0.20730939507484436
7047,0.5671992301940918,-0.03290117532014847,-0.5652977228164673,-0.00212223082780838
7048,0.5225452184677124,0.47132331132888794,0.7325760722160339,-0.054883021861314774
7049,2.6208090782165527,0.8606089949607849,0.5177047252655029,-1.1976457834243774
7050,-0.33146828413009644,-0.34887492656707764,0.8766847252845764,0.15731185674667358
7051,-0.05165423825383186,-0.7765520811080933,0.35535138845443726,-3.180163860321045
7052,0.7635241150856018,0.6167339086532593,-0.5251697301864624,-0.3374917805194855
7053,1.0802960395812988,-1.2790511846542358,-0.5682812929153442,-1.4838175773620605
7054,0.10041385889053345,-1.1392364501953125,0.14533907175064087,0.17891386151313782
7055,0.35999447107315063,0.12599529325962067,-0.8238582015037537,-0.7992387413978577
7056,-1.5203931331634521,-0.173867866396904,-0.9448050856590271,1.610414743423462
7057,0.4872020483016968,0.09656970202922821,0.587411642074585,-0.6553544402122498
7058,0.016687631607055664,1.6462485790252686,-0.12048406153917313,0.8817139863967896
7059,-0.06275708973407745,0.5461742877960205,1.68240487575531,-0.07549600303173065
7060,1.2059738636016846,1.328250765800476,0.12981510162353516,-2.108443021774292
7061,0.6386705040931702,0.2872886657714844,-0.11590789258480072,2.5747272968292236
7062,-0.18100540339946747,-1.3561396598815918,-0.6302787661552429,0.4190976321697235
7063,0.2260117381811142,1.3414616584777832,-0.6409304141998291,1.1874048709869385
7064,0.44986653327941895,0.07076054811477661,-1.6053863763809204,-1.0274330377578735
7065,-0.08850584924221039,0.6360282897949219,2.3817780017852783,-0.04007543623447418
7066,-0.8939834237098694,0.3810405433177948,-1.1428741216659546,0.5464555621147156
7067,-0.12078395485877991,0.6197187900543213,-0.21964240074157715,-0.299479603767395
7068,0.10188767313957214,0.8432871699333191,0.027172014117240906,0.2833733856678009
7069,2.464561700820923,0.3749094009399414,0.14233539998531342,2.316633939743042
7070,-0.14791619777679443,-1.0227947235107422,-0.3551897406578064,-0.00783611461520195
7071,0.16680070757865906,-1.0343760251998901,0.5486074090003967,-1.1366900205612183
7072,0.01953491009771824,0.5636888742446899,0.5501741170883179,0.7102782726287842
7073,-2.0712108612060547,-0.9564051628112793,0.8180478811264038,-1.2273361682891846
7074,0.46748414635658264,-0.6426117420196533,-1.243107795715332,0.5307851433753967
7075,0.3811218738555908,-1.514699101448059,-1.1885582208633423,0.22048035264015198
7076,-1.7574068307876587,-0.3159709870815277,1.7595902681350708,1.280049204826355
7077,1.1525167226791382,-0.2505509853363037,-0.3595748245716095,0.4055953919887543
7078,0.8580299019813538,0.42086082696914673,1.4694772958755493,0.43774184584617615
7079,1.418123722076416,-0.6303710341453552,-1.6742780208587646,-1.514591097831726
7080,0.8178235292434692,-2.177264928817749,-1.4603567123413086,1.3653453588485718
7081,0.7567124962806702,0.9823850393295288,-1.0852272510528564,-0.6133855581283569
7082,-0.4290267825126648,-0.8652114272117615,-0.17260931432247162,-0.11160330474376678
7083,-0.36391517519950867,0.5935817956924438,0.3731018006801605,0.8571633696556091
7084,-0.34950727224349976,2.360201120376587,1.2024239301681519,-2.8015236854553223
7085,-0.02119741030037403,-0.7086325287818909,-1.4259525537490845,1.2807940244674683
7086,1.6070972681045532,1.1862208843231201,-0.6903040409088135,-0.48522886633872986
7087,-0.45296019315719604,-2.7078921794891357,0.4142911732196808,-3.057145595550537
7088,0.7946763634681702,-1.2307113409042358,-0.6944453120231628,0.15656863152980804
7089,0.23522496223449707,1.3359686136245728,1.1948810815811157,-0.13629992306232452
7090,-0.22187168896198273,1.7645727396011353,-2.326733112335205,0.5802556872367859
7091,0.11821115016937256,0.26397162675857544,-0.6785886287689209,2.0386836528778076
7092,-0.35858356952667236,0.0915757566690445,0.8848538994789124,-1.2949198484420776
7093,-0.9112791419029236,0.31570011377334595,-0.8174027800559998,-1.8859723806381226
7094,-1.4296276569366455,-0.21699440479278564,-0.6574039459228516,0.4864470660686493
7095,-0.08684099465608597,-0.24302460253238678,1.3859467506408691,-0.17711147665977478
7096,-0.27100670337677,0.5534015893936157,-0.7561675906181335,-0.31628990173339844
7097,1.6583278179168701,-1.5300489664077759,-0.13692183792591095,-0.3331485688686371
7098,0.08472287654876709,-0.9355131983757019,0.364139199256897,0.021401889622211456
7099,0.4177507162094116,1.5989596843719482,-0.7655789852142334,-0.7380828857421875
7100,0.44835275411605835,0.4572978615760803,-0.7713073492050171,-0.1216079592704773
7101,-1.2687890529632568,1.4209609031677246,0.871187686920166,0.16763050854206085
7102,-0.397599995136261,0.07782061398029327,-0.09276933968067169,-0.27349886298179626
7103,-0.18508818745613098,-0.7507152557373047,2.164386749267578,-0.008816394954919815
7104,-0.7952033877372742,-0.8227784633636475,0.4289522171020508,-1.685356855392456
7105,1.5490883588790894,-0.438950777053833,0.2909657657146454,1.1826708316802979
7106,-0.2738548815250397,0.03958321735262871,-0.6160366535186768,1.0688447952270508
7107,0.47997528314590454,0.7092863321304321,-0.008921157568693161,-0.6762626767158508
7108,-2.6479573249816895,0.3699633777141571,-2.5070836544036865,0.18793146312236786
7109,-0.6142268776893616,0.03589494526386261,1.0522011518478394,-0.56220942735672
7110,-0.2174844890832901,-0.7902889251708984,0.6849364638328552,0.6801419258117676
7111,-0.28685832023620605,1.1690469980239868,0.2578023374080658,-0.7835562825202942
7112,-0.04815959185361862,0.5275185108184814,-0.5153143405914307,0.6376186609268188
7113,1.8633308410644531,0.5446029305458069,0.46831974387168884,0.4321558475494385
7114,0.17604561150074005,0.8045498728752136,0.8004653453826904,-0.10289400815963745
7115,-1.3163148164749146,1.456076979637146,-0.6699222326278687,-1.3401912450790405
7116,0.46897056698799133,-0.44565117359161377,0.8718826174736023,0.16383890807628632
7117,0.17211392521858215,0.44486069679260254,2.5884082317352295,-1.1196998357772827
7118,1.1978484392166138,0.9402393698692322,1.0367356538772583,2.0322508811950684
7119,-0.11717583239078522,2.1453685760498047,1.0123628377914429,0.5415880680084229
7120,-1.1475433111190796,1.5855175256729126,-1.0962480306625366,-0.41971343755722046
7121,1.0346901416778564,0.24981020390987396,-0.2641109228134155,-1.5823887586593628
7122,-0.08790616691112518,0.31940552592277527,-0.6452591419219971,-1.1715493202209473
7123,1.3953715562820435,1.289341688156128,0.5811274647712708,0.36810731887817383
7124,0.8318713903427124,0.07126346230506897,1.7150307893753052,0.7482625246047974
7125,2.4918246269226074,-1.0998146533966064,-0.20130464434623718,1.830441951751709
7126,1.1849594116210938,1.4253896474838257,1.0823345184326172,0.11877775192260742
7127,-1.0458773374557495,0.5944242477416992,-0.5253737568855286,-1.0523982048034668
7128,-1.1554648876190186,0.9568277597427368,-2.0404908657073975,-0.01827448047697544
7129,0.04416292533278465,-0.12846730649471283,2.618837833404541,1.3095970153808594
7130,-0.346651166677475,1.2838385105133057,-1.4209038019180298,2.379556179046631
7131,-1.556104302406311,-1.2036845684051514,-0.2264622151851654,0.09468348324298859
7132,1.7641385793685913,0.5033178329467773,-1.8176409006118774,-0.9785940647125244
7133,1.5801832675933838,0.11024141311645508,-2.511323928833008,-0.9940401911735535
7134,0.4241085350513458,0.03170549124479294,1.2710304260253906,-0.19383504986763
7135,-0.6430914998054504,1.414251446723938,-0.8363014459609985,0.47010210156440735
7136,-0.539423942565918,0.07236970216035843,-0.18390876054763794,2.656240224838257
7137,2.085524320602417,1.720890760421753,-1.2237749099731445,-0.450891375541687
7138,-1.2948668003082275,-0.5536197423934937,-0.6114720702171326,0.8487731218338013
7139,0.422865092754364,0.6567085385322571,0.47899171710014343,1.0512150526046753
7140,-1.0168638229370117,-0.6206106543540955,1.3315017223358154,-1.1194871664047241
7141,-0.5288136601448059,1.4147663116455078,-2.31575345993042,1.2441325187683105
7142,-0.762624979019165,-0.0724586471915245,-0.9914239048957825,-0.782684862613678
7143,0.5730347037315369,1.495503544807434,1.3124454021453857,0.21906374394893646
7144,0.08841514587402344,1.1282470226287842,-0.139342799782753,-0.2623477280139923
7145,0.9416075348854065,-0.6905248165130615,-0.18908381462097168,-0.6702651977539062
7146,-0.5288926362991333,1.2328306436538696,0.01907305233180523,1.6596773862838745
7147,0.5335928797721863,-0.1856967806816101,-1.156593918800354,1.7312123775482178
7148,0.41193264722824097,-0.5965579748153687,0.917942225933075,0.22332298755645752
7149,0.17537648975849152,0.16866421699523926,1.1268517971038818,0.05066867172718048
7150,2.295456886291504,-0.41606956720352173,-0.6964818835258484,-1.2391445636749268
7151,0.31979691982269287,-0.8360123038291931,0.24974802136421204,0.5635783076286316
7152,-0.26240548491477966,-0.38020890951156616,0.3481445014476776,1.2884821891784668
7153,-0.8286182880401611,0.32468944787979126,0.30032527446746826,-1.0695642232894897
7154,1.3151081800460815,0.12070485949516296,0.9405003786087036,0.2296570986509323
7155,0.5714688301086426,-1.010667085647583,0.4814680218696594,-0.7073969841003418
7156,0.512361466884613,-0.49651533365249634,-0.5464949607849121,0.903486430644989
7157,-0.3722362518310547,-0.11334283649921417,0.5367417931556702,-0.06266404688358307
7158,0.06405609846115112,-1.1791229248046875,0.7444649934768677,-0.4343646168708801
7159,0.722100555896759,-1.346483588218689,-0.10408348590135574,0.7256384491920471
7160,0.5936126112937927,0.3502340018749237,0.37299004197120667,0.1257653832435608
7161,-1.046592354774475,-0.17534904181957245,-1.514575719833374,0.08458483219146729
7162,-0.5448578596115112,-0.26852262020111084,1.1803754568099976,-0.5607581734657288
7163,0.23121832311153412,0.015041902661323547,1.5768502950668335,0.16924038529396057
7164,-1.6438322067260742,1.001493215560913,-0.5977660417556763,1.239238977432251
7165,-1.6324018239974976,0.26384371519088745,0.4948166012763977,1.5162681341171265
7166,1.024154543876648,0.9656081795692444,-0.7850264310836792,2.4832305908203125
7167,0.9985629916191101,0.6046721935272217,-0.07523178309202194,-0.7925413846969604
7168,1.0943876504898071,1.8776174783706665,-2.3382959365844727,-0.22373078763484955
7169,-0.6340662240982056,-0.44927722215652466,0.4199948012828827,-1.310825228691101
7170,-1.12690269947052,0.2634321451187134,-1.016384243965149,1.200330138206482
7171,-0.9441983699798584,0.17670780420303345,1.6841398477554321,0.15766799449920654
7172,-1.0531586408615112,0.9467161297798157,0.19974644482135773,-0.24958069622516632
7173,-1.4557678699493408,-0.4815806448459625,1.1107958555221558,-0.6191766858100891
7174,1.240930438041687,-1.5101981163024902,-0.5809321403503418,-2.291975259780884
7175,1.1367342472076416,-0.3566347360610962,1.2135299444198608,-1.0744189023971558
7176,1.3511013984680176,0.15979398787021637,-0.39320725202560425,-2.3422486782073975
7177,0.43858006596565247,-1.699744701385498,-0.16806639730930328,-0.06642474234104156
7178,-0.3857547640800476,1.7179768085479736,-0.7981308102607727,-1.3356777429580688
7179,1.2702490091323853,-0.05658729374408722,-2.9164621829986572,0.22303730249404907
7180,-0.7328683137893677,0.32260751724243164,-1.3930294513702393,-0.6059290766716003
7181,0.35290786623954773,0.5602749586105347,-0.41859734058380127,1.2376213073730469
7182,-0.07096336781978607,0.8029986619949341,0.17037662863731384,1.6942095756530762
7183,-1.176604986190796,0.18173140287399292,-0.09282843768596649,-0.9793233275413513
7184,-0.27654922008514404,-0.1522066295146942,1.3049554824829102,0.6000028252601624
7185,0.5400630831718445,-0.4914532005786896,-0.7356914281845093,-0.22151437401771545
7186,-0.6462283134460449,-0.5587565302848816,1.5275659561157227,-0.061819493770599365
7187,1.6886016130447388,0.04542660713195801,0.3084045350551605,-0.5159947276115417
7188,0.1826810985803604,-0.24672159552574158,-0.08698603510856628,2.5801143646240234
7189,1.2282164096832275,0.32296308875083923,-0.3545532524585724,0.8956876993179321
7190,0.833686113357544,-0.5030852556228638,0.6370663642883301,0.22073030471801758
7191,0.2491377890110016,-0.3069862425327301,-1.3199752569198608,-2.3171985149383545
7192,-1.4715540409088135,2.995706558227539,-0.2568188011646271,0.1282844990491867
7193,0.84767085313797,-0.19206923246383667,1.2185289859771729,1.0401084423065186
7194,-1.1076996326446533,-0.6640254855155945,-1.7629975080490112,0.25714507699012756
7195,-0.7280933856964111,1.441049337387085,0.39438408613204956,0.3217533826828003
7196,-0.8571648597717285,1.6898221969604492,-0.4950529932975769,0.10192690789699554
7197,1.0533784627914429,0.0792555883526802,1.756927490234375,-1.9248676300048828
7198,-0.5744341611862183,0.139717698097229,0.9570354223251343,-0.46442273259162903
7199,-0.46076974272727966,-1.427229404449463,0.7843326926231384,0.552402138710022
7200,-0.9775952100753784,-0.3966691792011261,0.4516802132129669,-2.0122928619384766
7201,2.550661325454712,0.10189072042703629,2.484680414199829,0.18943996727466583
7202,-0.7821044921875,0.8916612267494202,1.7846018075942993,-0.8216249942779541
7203,-0.31295865774154663,-0.49478864669799805,1.0972927808761597,1.687035322189331
7204,-0.4407600164413452,0.3110140562057495,-0.8044558167457581,2.0218844413757324
7205,-1.1591119766235352,1.1487780809402466,1.1976463794708252,0.2898745536804199
7206,-0.3028586506843567,-0.9090181589126587,-1.2711836099624634,-0.4923059642314911
7207,-1.0651204586029053,-0.958848237991333,0.6275820136070251,1.4026368856430054
7208,0.8920187950134277,0.02779194340109825,2.2788610458374023,-0.27256348729133606
7209,-0.7433511018753052,-1.2455796003341675,0.8227967023849487,0.3561345338821411
7210,0.37854069471359253,0.029720056802034378,-1.3195486068725586,0.1993638426065445
7211,1.89089834690094,0.5230609774589539,-0.5084233283996582,-0.6089637279510498
7212,0.8619994521141052,-0.6625308394432068,-0.08860846608877182,-1.0218424797058105
7213,-1.0495235919952393,0.6646118760108948,-1.663816213607788,0.6466145515441895
7214,-1.2736544609069824,-1.253906011581421,0.45734503865242004,-0.20783953368663788
7215,-0.7843683958053589,0.6374518275260925,0.9507171511650085,0.36705321073532104
7216,-0.5626516938209534,-0.4183412790298462,0.12581564486026764,0.500205397605896
7217,-0.10412653535604477,0.4720015525817871,-0.8279991149902344,0.6111170649528503
7218,-1.0868346691131592,2.102916955947876,-0.2299688309431076,0.5172485709190369
7219,0.3160005211830139,-0.3477427065372467,-1.9545527696609497,-0.30378374457359314
7220,1.9912972450256348,-0.27825793623924255,0.22490650415420532,-0.055013030767440796
7221,0.31544190645217896,-1.3952114582061768,1.2053008079528809,1.3139846324920654
7222,-0.5606468319892883,-0.4994867742061615,0.29884007573127747,0.3588871955871582
7223,0.04727056249976158,-0.8313173651695251,-1.4574923515319824,-0.21340514719486237
7224,-1.2065975666046143,-0.5772482752799988,0.2652224600315094,-0.23872336745262146
7225,-0.051489345729351044,0.049324337393045425,0.6687880754470825,0.3676387667655945
7226,1.5346527099609375,-1.9203299283981323,-0.09386759996414185,0.09980075061321259
7227,0.839131772518158,-0.8209341168403625,0.6853926777839661,-1.0785272121429443
7228,0.1583482027053833,-0.07548263669013977,1.638039469718933,-0.28032445907592773
7229,0.6684022545814514,0.476337194442749,0.7112216353416443,-0.20655035972595215
7230,1.0257489681243896,-1.3487539291381836,-0.5169338583946228,0.10074786841869354
7231,0.8239645957946777,-0.9463942646980286,-0.22546645998954773,-0.28776389360427856
7232,-0.07149017602205276,-0.709835946559906,-0.2615293860435486,-0.604385256767273
7233,-1.9606176614761353,0.8130820393562317,0.5560945272445679,-0.8901004791259766
7234,0.3543590009212494,0.2537694275379181,1.5691587924957275,0.16824600100517273
7235,-0.11180109530687332,0.5017609596252441,-0.41316625475883484,-1.9375804662704468
7236,-0.07098366320133209,1.8438622951507568,1.7606422901153564,-0.4807567298412323
7237,1.8471959829330444,-0.2062031626701355,0.010157926008105278,0.42210114002227783
7238,0.620060920715332,2.043234348297119,0.5949720144271851,-0.05282433331012726
7239,-0.6807488203048706,-0.21932923793792725,-0.15008270740509033,1.281167984008789
7240,1.0717483758926392,-0.15080101788043976,-0.42911481857299805,-0.4453880786895752
7241,-0.01889747381210327,-1.030800461769104,-0.47052836418151855,0.035172995179891586
7242,-0.9617461562156677,0.8737174272537231,-0.27141180634498596,-0.44770535826683044
7243,-0.054669126868247986,0.5055809020996094,-0.025899628177285194,-0.010030359029769897
7244,-0.08943380415439606,-0.26106107234954834,0.043938908725976944,-0.3692748248577118
7245,-0.9364252686500549,0.2243381291627884,1.1590209007263184,2.027151584625244
7246,1.2837245464324951,-0.3001803159713745,-0.4170169532299042,-0.9976775050163269
7247,1.0145760774612427,0.8747871518135071,0.31171542406082153,-0.1941293179988861
7248,0.27703189849853516,-0.7966492772102356,-0.3229796886444092,-0.10462519526481628
7249,1.050459861755371,-0.7645819187164307,0.5970510840415955,-0.5982374548912048
7250,0.7017985582351685,0.41735562682151794,0.19254834949970245,-0.8284908533096313
7251,-0.18426544964313507,-0.7983736395835876,1.1538361310958862,-0.4058634638786316
7252,0.5369327664375305,-0.9227968454360962,-0.9323714375495911,1.6232528686523438
7253,-0.03728408366441727,-0.2479262799024582,-0.03761715441942215,0.03412194550037384
7254,-2.509727716445923,-0.7868258953094482,0.8995904922485352,-0.1639539897441864
7255,0.42002400755882263,-0.010402984917163849,0.8441749811172485,0.41346025466918945
7256,-0.254499614238739,2.1124536991119385,0.2469990998506546,-0.05670417845249176
7257,0.803503155708313,1.1497882604599,-0.46262598037719727,-0.48789405822753906
7258,0.5361079573631287,-0.4846976399421692,1.620496153831482,0.19655652344226837
7259,-0.41601699590682983,2.129744291305542,0.625385582447052,-0.8439649939537048
7260,-0.14043551683425903,-1.2979578971862793,-1.2580946683883667,1.0452513694763184
7261,0.45125776529312134,0.15406528115272522,-1.1367599964141846,0.13140717148780823
7262,-0.10909710079431534,-1.9587504863739014,0.5310956239700317,0.14639399945735931
7263,-0.5260258316993713,0.203583225607872,-0.8504242897033691,-0.6867917776107788
7264,-1.7916936874389648,0.5888740420341492,0.1039951890707016,-0.059823036193847656
7265,-0.5488070249557495,0.19468337297439575,-1.854547142982483,-1.4530270099639893
7266,-1.574981451034546,0.8501210808753967,1.7374731302261353,-0.23732012510299683
7267,1.4065190553665161,1.3201013803482056,-1.3407195806503296,2.2294366359710693
7268,-1.4664807319641113,-1.0286921262741089,-2.7166481018066406,0.849052906036377
7269,0.9644037485122681,0.009343475103378296,-0.7654344439506531,-0.6783215999603271
7270,1.636696219444275,-0.769911527633667,-0.4189535081386566,0.5653053522109985
7271,1.0271713733673096,-0.7594881057739258,-0.44840487837791443,-0.42074447870254517
7272,0.053568340837955475,-1.8432754278182983,-0.2862905263900757,1.2481324672698975
7273,-0.5035404562950134,0.7769337892532349,-1.0763251781463623,0.6894416809082031
7274,0.7564621567726135,-1.045945405960083,0.8610855937004089,0.7391424179077148
7275,0.15459084510803223,0.36760929226875305,1.6358857154846191,-1.930022120475769
7276,0.022333906963467598,2.0957603454589844,0.3755122423171997,2.297060251235962
7277,0.08499694615602493,0.4735087752342224,-0.18963146209716797,-0.0382118858397007
7278,0.7967690229415894,0.14223778247833252,0.5458858013153076,0.8640847206115723
7279,1.057145357131958,1.980214238166809,-0.7705487012863159,-0.14438515901565552
7280,0.05385135859251022,-0.7787167429924011,-0.6924019455909729,-0.4858708679676056
7281,-0.5478259325027466,-0.2795071601867676,0.09020565450191498,0.36011049151420593
7282,-0.7388675808906555,-0.12382936477661133,1.3165637254714966,-0.22892436385154724
7283,0.2212969809770584,-1.0444273948669434,1.9089607000350952,0.25087282061576843
7284,-0.9295694231987,-0.5778310894966125,0.43990930914878845,-1.6909846067428589
7285,0.10060001909732819,0.8949366807937622,0.0008243098855018616,-1.302150011062622
7286,-0.26039212942123413,0.8262722492218018,1.2833778858184814,-0.0596020370721817
7287,-1.8412562608718872,0.4799257814884186,0.583812952041626,-1.217118501663208
7288,-0.3936961889266968,0.5595207810401917,1.363718867301941,-0.3357481360435486
7289,-0.1401924192905426,1.3947134017944336,0.8427363634109497,-0.559662938117981
7290,-0.9010425209999084,-0.30365538597106934,-0.7468712329864502,0.18662701547145844
7291,0.06224660202860832,-1.2907456159591675,0.9165094494819641,0.43225666880607605
7292,1.9902197122573853,-0.07136880606412888,-2.72841215133667,-0.8630812764167786
7293,-0.2261558622121811,-1.482110857963562,-0.40602558851242065,-0.7498854398727417
7294,-0.5124471187591553,-1.0036346912384033,-0.1903756558895111,1.1672803163528442
7295,1.6253440380096436,-1.2015626430511475,-0.23460543155670166,-0.7836369276046753
7296,-1.2806460857391357,-0.30230963230133057,0.5061743259429932,1.2454781532287598
7297,-0.42437925934791565,1.6225035190582275,-1.1871042251586914,0.9082537293434143
7298,-0.5944259762763977,-1.3622082471847534,-1.8145172595977783,1.7248504161834717
7299,-1.2519938945770264,0.016134031116962433,1.393350601196289,0.026554487645626068
7300,-0.07222029566764832,-0.3322964906692505,-1.6241952180862427,-0.1440848857164383
7301,0.3649306297302246,-0.4081364572048187,0.6415825486183167,-0.5897920727729797
7302,0.7306668758392334,-0.09823249280452728,-0.9695623517036438,-0.41996434330940247
7303,-0.11986947059631348,-0.7359491586685181,0.09251245856285095,-1.8174660205841064
7304,-0.7277842164039612,1.4617750644683838,0.33933284878730774,-0.690565824508667
7305,-0.7625242471694946,-1.475040316581726,0.6427475810050964,-1.0575405359268188
7306,-0.6631504893302917,0.1927025467157364,1.1487139463424683,-0.10557642579078674
7307,0.8711943626403809,0.9388980865478516,-0.9371337294578552,0.8935635685920715
7308,0.27944207191467285,0.7969096899032593,-1.5797773599624634,-0.128531813621521
7309,1.007948398590088,0.3789590001106262,-0.39786145091056824,-0.04185040667653084
7310,0.4220024645328522,0.8584738969802856,-1.6535574197769165,-1.5423297882080078
7311,-1.292306661605835,2.0404043197631836,0.12321905791759491,-0.46702098846435547
7312,0.7643641233444214,0.753079891204834,1.2434484958648682,-0.5311604738235474
7313,-0.6662888526916504,2.2735979557037354,1.3454079627990723,-0.5782557725906372
7314,0.44438374042510986,0.22842277586460114,0.43763333559036255,2.3120110034942627
7315,1.661012887954712,0.20591285824775696,-0.8887473940849304,1.2793585062026978
7316,1.5607434511184692,-0.05072106420993805,1.9082027673721313,-0.20658785104751587
7317,-2.1779680252075195,-0.5849490761756897,-1.257364273071289,-0.03526439890265465
7318,-1.0003622770309448,0.1161215603351593,-0.682895302772522,-1.7501754760742188
7319,-0.6564474105834961,-0.9435650110244751,-1.5236358642578125,-0.9581610560417175
7320,-0.13059286773204803,0.9711770415306091,0.2687373161315918,-0.7768200039863586
7321,0.7835144996643066,0.03883933275938034,0.4404502511024475,1.3571007251739502
7322,-0.30431321263313293,0.011822499334812164,-0.19814413785934448,0.23506049811840057
7323,1.3457813262939453,1.1758116483688354,1.4151053428649902,0.28278636932373047
7324,-0.2674667239189148,0.3214483857154846,0.8736130595207214,0.538125216960907
7325,-0.25738024711608887,0.9205594062805176,1.6072999238967896,-0.910647988319397
7326,-0.22096630930900574,1.8153351545333862,1.619199275970459,2.377429246902466
7327,1.1213018894195557,0.9273788928985596,-1.3795711994171143,-1.2405524253845215
7328,-1.776663064956665,0.9760459661483765,1.3085469007492065,-0.5949986577033997
7329,-0.4345395863056183,-0.3612549901008606,0.07252803444862366,-2.2190945148468018
7330,-0.28184616565704346,0.6717681884765625,0.15261878073215485,-1.089680790901184
7331,1.0265363454818726,0.5821936726570129,-1.9205676317214966,1.0065702199935913
7332,2.3347764015197754,1.925955057144165,-0.4794731140136719,-0.4602460563182831
7333,-0.05751065909862518,-0.07228945195674896,0.9082525372505188,-2.285900354385376
7334,-0.00039158575236797333,0.5961685180664062,0.2605004608631134,0.13482162356376648
7335,0.8275137543678284,1.7415145635604858,0.7375012040138245,0.17694441974163055
7336,0.4788879454135895,-0.6351856589317322,0.9136300086975098,-1.303688883781433
7337,-0.06457635760307312,-1.8434332609176636,0.5782175064086914,-0.15983495116233826
7338,-0.6300073266029358,0.2678098976612091,1.3669065237045288,-0.7318508625030518
7339,0.7498064041137695,0.18622037768363953,-0.8381778597831726,-1.0166300535202026
7340,-0.01401241309940815,-1.6711176633834839,0.5829217433929443,-1.0686894655227661
7341,0.40418994426727295,-0.06193319708108902,-2.3559536933898926,1.7641220092773438
7342,1.2995638847351074,-2.025526523590088,-1.4464702606201172,-0.6600127220153809
7343,0.18934780359268188,-0.2046836018562317,-1.0207806825637817,0.6104152798652649
7344,-1.0543298721313477,-0.8923848867416382,-0.42904189229011536,0.6303959488868713
7345,-0.9196730256080627,-2.3056750297546387,-0.8036257028579712,1.6182175874710083
7346,-1.2508784532546997,0.892049252986908,0.009293626993894577,2.016218662261963
7347,1.4926601648330688,-0.15041795372962952,1.7564682960510254,-0.47768864035606384
7348,-0.1757512241601944,-1.4217499494552612,-0.4957558214664459,0.6811656951904297
7349,1.2354118824005127,-0.9059876799583435,-0.09940396249294281,2.4862136840820312
7350,-1.0925685167312622,0.30260568857192993,1.258786678314209,-0.6874173879623413
7351,-1.2905055284500122,0.8887994885444641,1.1376725435256958,-0.04137880355119705
7352,0.2806395888328552,-0.9573682546615601,1.7196402549743652,0.5042970180511475
7353,0.29125818610191345,1.1555652618408203,0.5590036511421204,1.0479966402053833
7354,-0.013278843834996223,-0.1537923812866211,1.1389946937561035,-0.6310415863990784
7355,0.5206468105316162,-0.559572696685791,-0.4877120852470398,1.5020756721496582
7356,0.12928657233715057,-0.19444262981414795,0.9054559469223022,0.09994255006313324
7357,-0.8574220538139343,-1.6887983083724976,1.0859349966049194,-0.016197653487324715
7358,-0.6845525503158569,2.771968126296997,0.24666284024715424,-0.6155688762664795
7359,-0.348061740398407,1.861033320426941,0.21090508997440338,-0.9437686800956726
7360,-1.811103343963623,-0.574910581111908,0.22783927619457245,-1.4621583223342896
7361,0.5260705351829529,-0.852346658706665,0.46512526273727417,-0.346685528755188
7362,-1.627374529838562,0.37992048263549805,0.8187295198440552,1.0958648920059204
7363,-1.392640233039856,0.47414442896842957,0.3651524782180786,1.568136215209961
7364,0.9137558937072754,0.23597705364227295,1.1264373064041138,0.6044219732284546
7365,0.5280745625495911,1.3622334003448486,0.6544167995452881,-0.520409345626831
7366,-0.39364299178123474,0.22918979823589325,0.4205886721611023,-0.7795906066894531
7367,0.31856340169906616,0.9219484329223633,-0.5382978320121765,-0.2940163314342499
7368,-0.19449719786643982,0.6973607540130615,-0.15298214554786682,2.3006017208099365
7369,-0.14873826503753662,0.7290334701538086,-2.405815601348877,0.28320592641830444
7370,-0.9424353241920471,-0.22648192942142487,1.5317997932434082,-0.5218657851219177
7371,-0.14081917703151703,0.6537715792655945,0.056473083794116974,0.8363544344902039
7372,0.7490106225013733,-1.5432770252227783,-1.8909516334533691,-1.021187663078308
7373,-0.8581523299217224,2.6839160919189453,-0.5451273918151855,-1.200095295906067
7374,-1.309222936630249,-1.1017298698425293,0.21876002848148346,-1.2345210313796997
7375,0.7021697759628296,1.0937035083770752,-0.814224898815155,1.547979474067688
7376,-1.120828628540039,0.8816108703613281,-0.31677180528640747,-1.4551879167556763
7377,0.7513288259506226,-0.09033548831939697,-0.026216384023427963,-0.10396275669336319
7378,-1.1362758874893188,1.5496429204940796,1.482596516609192,0.1452830731868744
7379,-1.1586216688156128,-0.15510396659374237,0.19316551089286804,-0.0006310567259788513
7380,-0.13629324734210968,-0.9189663529396057,0.9072754979133606,-0.9291032552719116
7381,0.9734626412391663,0.8884921669960022,0.7214898467063904,-0.693160891532898
7382,-0.3175872564315796,-1.3947663307189941,0.889663577079773,-0.9178845882415771
7383,0.3330230712890625,-0.4770647883415222,0.6520930528640747,-1.0468635559082031
7384,0.6553571224212646,-0.33862853050231934,-1.7717816829681396,-0.9925571084022522
7385,1.3521620035171509,-0.6699424386024475,-0.9944853782653809,-0.11648130416870117
7386,-0.873802900314331,-0.6276532411575317,0.12460315227508545,0.33758649230003357
7387,-0.07939086854457855,0.5903827548027039,1.203782081604004,-1.3879363536834717
7388,0.2641776204109192,-0.11627842485904694,-0.7746527194976807,1.0883711576461792
7389,1.940504789352417,-0.2890285551548004,-0.26791495084762573,0.833274781703949
7390,1.921959638595581,-0.6653856039047241,-0.08323755115270615,1.2117304801940918
7391,0.14929579198360443,1.6179721355438232,0.2696990966796875,1.3131341934204102
7392,-1.028362512588501,-1.2651617527008057,-0.4872175455093384,-0.10029219090938568
7393,-1.183278203010559,0.007949650287628174,-0.1405935138463974,-1.0308550596237183
7394,-2.3424952030181885,0.2680215835571289,-0.8226940035820007,-0.7140971422195435
7395,1.202254056930542,-0.21182702481746674,-0.1776426136493683,-0.4586694538593292
7396,-1.7542260885238647,-0.2551512122154236,0.676180362701416,1.2884163856506348
7397,-0.7839965224266052,-0.8040546178817749,-1.5571666955947876,-0.5000882744789124
7398,1.9075181484222412,-1.2967007160186768,-1.2750575542449951,-0.5099025368690491
7399,-0.8372182846069336,-0.07481586933135986,0.4315435290336609,1.4637700319290161
7400,-1.5486160516738892,1.709898829460144,-0.3903060555458069,1.093141794204712
7401,0.3170013427734375,-0.15567290782928467,1.9514461755752563,-0.50568026304245
7402,-1.536299467086792,-0.7453179955482483,-1.5552467107772827,0.5856866240501404
7403,-1.6121348142623901,1.0545194149017334,0.3479514718055725,0.5581104159355164
7404,-0.32076478004455566,-2.3374087810516357,-0.3816228210926056,0.4047388434410095
7405,-0.08964717388153076,1.447845220565796,-1.2958106994628906,0.8872776031494141
7406,0.02477937936782837,1.4400042295455933,-0.09913954138755798,-0.6637406349182129
7407,-1.4836440086364746,0.5817391872406006,-0.3595377206802368,0.7938807606697083
7408,1.969582438468933,-0.24691133201122284,0.03586048260331154,-0.8453179001808167
7409,-0.10186637938022614,0.39892327785491943,-0.7070016264915466,-1.0371769666671753
7410,-0.32418811321258545,-0.8689852952957153,1.5952528715133667,-0.1825636327266693
7411,1.0095152854919434,0.12198071926832199,-0.08853369951248169,-1.1608103513717651
7412,0.7956576943397522,-0.7601386904716492,0.06646203994750977,1.019927740097046
7413,-1.1519825458526611,0.5641523599624634,1.1726442575454712,-0.683144748210907
7414,-0.8292213678359985,0.3423013985157013,-0.5767467617988586,-0.48463425040245056
7415,-0.0866335928440094,0.620240330696106,1.1117284297943115,-1.4106703996658325
7416,0.19447214901447296,-0.5799493193626404,0.23538553714752197,-0.6999215483665466
7417,0.36125025153160095,0.3996296226978302,-0.808713436126709,0.483751505613327
7418,0.6558840274810791,0.07974864542484283,-0.6590970754623413,-1.036117672920227
7419,0.6861352324485779,1.1956909894943237,1.0091261863708496,0.3084983825683594
7420,-1.7429513931274414,1.063223958015442,0.07289931178092957,-0.8818686008453369
7421,-0.4661191701889038,1.3278626203536987,1.9536819458007812,-0.785018265247345
7422,-0.25279489159584045,-0.9217156171798706,0.7781710028648376,-0.2992907166481018
7423,-1.4283801317214966,-0.6466377973556519,-0.4289437532424927,-0.6487712860107422
7424,1.2210438251495361,-0.5424634218215942,-0.7941591739654541,-0.6560574769973755
7425,0.21991585195064545,2.229966402053833,0.350827693939209,-1.2475630044937134
7426,-0.8312779068946838,-1.5460922718048096,1.148201823234558,1.8018964529037476
7427,1.7454040050506592,0.9247269034385681,1.4790315628051758,-1.3927518129348755
7428,1.6890116930007935,-0.8049660921096802,0.06606143712997437,-0.3764247000217438
7429,-0.2756906747817993,0.29486578702926636,0.5755113959312439,0.2550855278968811
7430,-0.20489752292633057,-1.0890660285949707,-0.6800457835197449,-0.21832241117954254
7431,-0.2987586259841919,-0.9636523723602295,0.51275235414505,-0.26493191719055176
7432,0.39750757813453674,0.8275725245475769,0.290653795003891,-0.27586662769317627
7433,1.951591968536377,0.8029665350914001,1.2005469799041748,0.563238263130188
7434,-1.1208516359329224,0.8333868384361267,1.5658953189849854,-2.9078900814056396
7435,-0.1173081025481224,-0.259246826171875,-0.9654484987258911,0.48444366455078125
7436,1.1547977924346924,-1.0106719732284546,1.6446171998977661,-0.26966509222984314
7437,-0.3381916582584381,0.9992880821228027,0.030598601326346397,-1.1155922412872314
7438,-0.16548709571361542,1.273911714553833,-0.4144379198551178,-0.22706329822540283
7439,-0.729568600654602,-0.3742801547050476,0.7915316820144653,0.02039453759789467
7440,-0.013139858841896057,0.06598054617643356,0.07446351647377014,0.17460432648658752
7441,-0.8862317800521851,1.0153841972351074,-1.0057209730148315,-0.8981140851974487
7442,-0.5786881446838379,1.563294529914856,0.013207219541072845,0.6776864528656006
7443,1.3296514749526978,1.885601282119751,0.757819414138794,1.460296869277954
7444,0.016455665230751038,0.8185243606567383,-0.46540921926498413,-0.41895735263824463
7445,-0.8619691133499146,0.6295590400695801,3.0193774700164795,-0.07158146798610687
7446,0.14520183205604553,-1.0552619695663452,1.2874534130096436,-0.01596175879240036
7447,-0.6490886807441711,0.17867721617221832,-0.1180795431137085,-0.5170747637748718
7448,0.7312840819358826,-0.8756412267684937,0.7783536314964294,-1.9987059831619263
7449,0.18376415967941284,0.8852792978286743,1.6633769273757935,-0.22505627572536469
7450,-0.5584734678268433,0.27945083379745483,-0.7049946784973145,0.07367929816246033
7451,-0.7565945386886597,1.6581320762634277,-0.48951834440231323,-0.3771097958087921
7452,0.5869994759559631,0.3020728826522827,1.8229954242706299,-0.852423906326294
7453,2.088111400604248,-2.022353172302246,2.3980600833892822,-0.9264986515045166
7454,0.7701876163482666,-0.20683328807353973,-0.8692145943641663,1.540710210800171
7455,0.13109168410301208,-1.6565682888031006,0.23045551776885986,-0.38937613368034363
7456,-0.8639082312583923,-0.13233639299869537,1.387153148651123,0.6493947505950928
7457,-0.9173293113708496,0.6572405695915222,0.11523647606372833,0.41553235054016113
7458,-0.0755949467420578,-2.2047805786132812,-0.817696750164032,0.1283484697341919
7459,-0.6503933668136597,-1.1602166891098022,0.6669877171516418,-0.9829710721969604
7460,-0.1764712929725647,0.41135773062705994,-1.5929402112960815,0.3388845920562744
7461,-0.18987098336219788,0.2717917859554291,0.7658669948577881,-0.9624596238136292
7462,0.0768585354089737,1.1822361946105957,-0.08921054005622864,-0.8432725667953491
7463,-2.4641575813293457,1.2533345222473145,-0.18242497742176056,2.0069620609283447
7464,0.6789110898971558,-0.4257369339466095,1.0798238515853882,0.6539939641952515
7465,1.8485640287399292,-0.08529488742351532,-0.21174585819244385,0.37243881821632385
7466,-0.6555172801017761,-0.2484402060508728,0.09938989579677582,-1.1334584951400757
7467,0.49937039613723755,0.20543953776359558,0.06415972858667374,0.44788017868995667
7468,-0.15757223963737488,-1.8823742866516113,-0.3319198787212372,-1.380407452583313
7469,-0.757319450378418,1.2756637334823608,1.0377392768859863,0.29422685503959656
7470,0.4274624288082123,0.11364574730396271,1.3437438011169434,0.15582649409770966
7471,-0.37245944142341614,-0.5734834671020508,1.8491989374160767,1.4755092859268188
7472,-0.18975600600242615,-0.060030341148376465,0.8987832069396973,0.8404413461685181
7473,-1.1909183263778687,-0.2188967764377594,-0.24571682512760162,1.8418115377426147
7474,-1.5866641998291016,-0.44836458563804626,-1.5390408039093018,-0.4823451042175293
7475,-1.3346600532531738,-0.7067444324493408,0.06610704213380814,1.0051308870315552
7476,-1.2339776754379272,1.187447190284729,0.6158133745193481,-0.08209913969039917
7477,0.26718175411224365,-1.1388649940490723,-1.2488572597503662,-0.9834672212600708
7478,-1.1130701303482056,0.3468438982963562,0.19574667513370514,0.5206634402275085
7479,-0.08822118490934372,0.04877234250307083,0.8752123713493347,-1.8729333877563477
7480,0.8207643628120422,-0.4736252725124359,-0.5230497717857361,-1.0039217472076416
7481,0.8377496600151062,-0.4604523181915283,1.1479556560516357,-0.1344420313835144
7482,0.47467702627182007,-0.40786418318748474,0.4127820134162903,0.3794208765029907
7483,-0.9795210957527161,0.14491045475006104,1.1681740283966064,1.049546480178833
7484,-1.5027133226394653,-0.6009654402732849,1.6859668493270874,-1.0313966274261475
7485,0.7752112150192261,-0.025747306644916534,1.1442921161651611,0.37954652309417725
7486,-0.6365943551063538,-1.1559690237045288,0.38153910636901855,-1.5942586660385132
7487,1.3417104482650757,-1.1223770380020142,-1.0192289352416992,1.3541430234909058
7488,-0.39654144644737244,0.7795181274414062,-0.6862756609916687,-0.5393864512443542
7489,-0.8764343857765198,0.24948114156723022,-0.6398583650588989,-0.47333192825317383
7490,-0.08559136092662811,1.5188231468200684,1.3897039890289307,-0.9493565559387207
7491,-0.8268261551856995,-0.02161651849746704,-0.33113041520118713,1.632917046546936
7492,-0.056826040148735046,0.6889781951904297,-0.15003955364227295,-0.2081311047077179
7493,-0.16755016148090363,-0.4903237521648407,0.4579313397407532,-1.388960838317871
7494,-0.9018647074699402,1.0103559494018555,0.9461921453475952,-0.1070956140756607
7495,-0.27596476674079895,0.8374053835868835,-0.4792434871196747,-0.8504845499992371
7496,0.4237874746322632,-0.6094669699668884,1.3751938343048096,0.6739404201507568
7497,-1.5068098306655884,0.22422492504119873,-1.260847806930542,-0.0044523850083351135
7498,-0.9494354128837585,-2.0572152137756348,-0.4527403712272644,-0.41447558999061584
7499,-0.3060530424118042,-1.7431541681289673,-0.7319761514663696,-0.3094397187232971
7500,1.8888546228408813,0.10408832132816315,0.8912985324859619,0.10292106866836548
7501,1.4328778982162476,-0.562339186668396,-0.8505523204803467,-1.299125075340271
7502,-0.21281251311302185,-0.38081738352775574,-0.36068734526634216,-1.5010254383087158
7503,0.029941022396087646,1.1289366483688354,1.2413010597229004,-0.3933474123477936
7504,0.286104679107666,-0.5731687545776367,0.7295812368392944,0.43252772092819214
7505,-0.4103181064128876,2.1361494064331055,0.5541130900382996,-1.554018497467041
7506,1.9987812042236328,-0.6093195676803589,0.3813537657260895,1.7606395483016968
7507,-0.9908458590507507,0.9739092588424683,-0.4474943280220032,0.07330301403999329
7508,0.3138417601585388,0.4333956241607666,-0.7430025339126587,-0.09664097428321838
7509,-0.015707597136497498,1.9596879482269287,0.8442174792289734,-0.17843008041381836
7510,1.3402087688446045,-0.4892883896827698,1.881415605545044,1.052247405052185
7511,-1.2401176691055298,-2.6131393909454346,0.6094179749488831,0.08204753696918488
7512,0.002244087867438793,-0.8328584432601929,-2.067669153213501,-0.5251509547233582
7513,1.2897799015045166,-0.21718540787696838,-0.11323869228363037,-0.884880542755127
7514,1.5610764026641846,0.38520288467407227,0.06486718356609344,-1.041486382484436
7515,-1.10337233543396,-0.20336231589317322,0.6236152648925781,-1.7430102825164795
7516,0.18842577934265137,0.5122613906860352,-0.8095653653144836,-1.6077425479888916
7517,-0.47781723737716675,0.6335577964782715,-0.6426966786384583,0.030744828283786774
7518,0.3432527482509613,-0.826033890247345,-0.4328957200050354,-1.1446928977966309
7519,0.7268257737159729,-0.5824512839317322,1.1985135078430176,0.465260773897171
7520,-1.2224193811416626,-0.7260298728942871,-1.2411948442459106,-0.24947205185890198
7521,3.133510112762451,0.24329471588134766,-0.5127493143081665,0.6207823157310486
7522,1.2953475713729858,-0.4419712424278259,0.216831237077713,-0.04553401842713356
7523,1.0603387355804443,-0.06498578190803528,2.4479758739471436,0.2396172136068344
7524,-0.2127932608127594,-0.12642896175384521,0.9284270405769348,0.2783336639404297
7525,-0.05493425577878952,0.3577854335308075,1.2138177156448364,-1.5013056993484497
7526,0.5301241278648376,-2.055751085281372,-0.19910083711147308,-2.041119337081909
7527,0.09777255356311798,-0.18967722356319427,1.0479987859725952,-0.38817670941352844
7528,0.3939270079135895,-0.3193279206752777,2.0846076011657715,-0.22079481184482574
7529,1.226410150527954,0.31375521421432495,-0.13576065003871918,1.2838836908340454
7530,-1.2825648784637451,-1.902526617050171,-0.7773216366767883,-0.8503546118736267
7531,1.2161052227020264,-1.206373929977417,0.9324622750282288,-1.330472469329834
7532,-1.8640334606170654,0.06523700058460236,-0.1487484574317932,2.5670762062072754
7533,1.0797394514083862,0.4723689556121826,0.6583539247512817,0.40516191720962524
7534,-0.17542698979377747,0.7681401968002319,0.5570610761642456,-0.2529130280017853
7535,-0.3515455722808838,2.0285966396331787,-0.8614118099212646,0.8898018002510071
7536,-0.5052040815353394,-0.20621439814567566,0.6570040583610535,0.3755621016025543
7537,0.6572433710098267,2.6494040489196777,0.8809364438056946,-1.0140360593795776
7538,0.9462881088256836,0.6840050220489502,0.4068405032157898,0.6739561557769775
7539,0.5798580050468445,-1.2048479318618774,0.30151650309562683,-1.5669447183609009
7540,0.09032691270112991,-0.6118075251579285,1.2256680727005005,-0.32398903369903564
7541,0.11359275877475739,-0.10112302005290985,0.8190329074859619,1.9189118146896362
7542,-0.4289720058441162,-0.07907313108444214,-0.2851007282733917,0.09472416341304779
7543,0.6112446784973145,0.09391983598470688,0.040145572274923325,0.3730911910533905
7544,-1.2673097848892212,-0.2821398377418518,-0.13430413603782654,-0.2831812798976898
7545,0.6019541025161743,-0.23381273448467255,0.3987467288970947,0.9711773991584778
7546,-0.2396535873413086,-0.6700178384780884,0.32583343982696533,1.3601576089859009
7547,1.6958982944488525,1.7855650186538696,0.7156937122344971,-1.8244514465332031
7548,-0.8784958720207214,0.5346549153327942,0.9768809080123901,1.555734395980835
7549,-1.8633136749267578,0.5691124796867371,0.19877000153064728,-0.33970963954925537
7550,-0.816550612449646,0.7686121463775635,0.4926609694957733,0.6467453241348267
7551,-0.8998022675514221,1.4296820163726807,0.9704044461250305,0.027254361659288406
7552,-0.613341212272644,2.806002140045166,1.9289038181304932,-1.7377140522003174
7553,0.2701621651649475,-0.7610814571380615,-0.3261067867279053,0.05355329066514969
7554,0.6936702132225037,1.1501240730285645,-0.5529548525810242,0.5715795755386353
7555,1.1766369342803955,-1.5510213375091553,-0.4244896173477173,0.807283878326416
7556,1.2603437900543213,0.5831384658813477,0.29951179027557373,0.23494911193847656
7557,-0.607513427734375,0.2854105830192566,0.12646223604679108,1.2092761993408203
7558,0.9721108078956604,-0.5929849147796631,0.569823682308197,-1.9106358289718628
7559,0.38514769077301025,-0.6269190907478333,0.0015064254403114319,0.6380231380462646
7560,-1.5834908485412598,-0.8179900050163269,-0.6107019186019897,0.39887735247612
7561,-0.3752549886703491,-0.16104304790496826,-0.00019440799951553345,-0.2013351321220398
7562,0.24739761650562286,0.23777423799037933,0.30764228105545044,-0.03155362978577614
7563,-1.5924335718154907,-2.014115810394287,-0.9014095664024353,-2.5580267906188965
7564,-1.5302432775497437,1.1967742443084717,0.13072557747364044,-0.7710708379745483
7565,-0.9080866575241089,-0.06385397911071777,0.17895205318927765,-1.8278133869171143
7566,-0.5811978578567505,0.5121787190437317,0.5572401881217957,-0.05098261311650276
7567,0.24033968150615692,-1.1195018291473389,-0.49702098965644836,-0.3963185250759125
7568,-0.7356016635894775,1.283462643623352,0.06376606225967407,0.39367324113845825
7569,-1.0057053565979004,-0.9113332033157349,0.6585843563079834,-0.7853959798812866
7570,-2.1051173210144043,0.7119693756103516,1.649148941040039,1.1717263460159302
7571,1.0309828519821167,-1.7527581453323364,-0.7855930924415588,-1.2572088241577148
7572,-1.4369126558303833,-0.03591077774763107,0.34662026166915894,0.6501027941703796
7573,0.8127643465995789,-0.7526158094406128,0.36125871539115906,-0.05907221511006355
7574,-0.24226044118404388,-0.6060905456542969,2.1827170848846436,-0.36853399872779846
7575,0.7908725142478943,-0.5640844106674194,-0.39184069633483887,0.09961230307817459
7576,-1.5339692831039429,0.05321231484413147,1.5380535125732422,-0.5458059310913086
7577,-1.4854527711868286,-0.18849214911460876,-0.6322000026702881,-0.1838396042585373
7578,-0.6901695132255554,0.25946974754333496,0.8330070972442627,0.7675498723983765
7579,-0.16893841326236725,-1.604642629623413,0.8177536725997925,-2.098114013671875
7580,-0.4486086964607239,0.8882077932357788,-1.3528162240982056,1.041966199874878
7581,-0.22579818964004517,0.3854503631591797,-1.339762568473816,0.4211674630641937
7582,-1.1377519369125366,2.1876423358917236,0.04495222494006157,0.4578656554222107
7583,-1.2976154088974,0.8598487973213196,0.8817356824874878,1.3907424211502075
7584,-0.962679386138916,-0.7455054521560669,-0.38521042466163635,0.7738372087478638
7585,0.16275113821029663,-0.9839349389076233,0.576608419418335,0.2507222294807434
7586,-1.59053373336792,0.5912320017814636,-0.5844700336456299,1.0526659488677979
7587,0.4818309545516968,0.39190810918807983,-0.7755411267280579,0.9371939897537231
7588,0.027074415236711502,0.3861127495765686,-0.6888190507888794,0.09921841323375702
7589,0.86471027135849,0.49130013585090637,1.226455807685852,-0.8750712871551514
7590,-2.777740955352783,0.19261939823627472,-0.8161993622779846,-0.009544560685753822
7591,1.6269488334655762,-0.6484819650650024,0.4271385371685028,0.9709155559539795
7592,-1.3487548828125,-0.05459855496883392,0.7003858685493469,-0.8111578822135925
7593,0.7028161883354187,0.5260888934135437,-1.8874143362045288,0.9797223806381226
7594,0.7349683046340942,-0.15914347767829895,-0.6760549545288086,0.7392749190330505
7595,1.3492155075073242,0.259255588054657,-0.8584584593772888,-1.2653759717941284
7596,0.40275514125823975,1.254930019378662,0.16984708607196808,0.8380289673805237
7597,-0.7649730443954468,0.6467830538749695,-0.9657835364341736,-3.0975382328033447
7598,-0.8267315626144409,-1.5312718152999878,1.3132418394088745,-0.06353148818016052
7599,1.0173507928848267,-0.7060816884040833,-0.7569621801376343,0.42416006326675415
7600,-0.3713865280151367,2.447592258453369,1.0829271078109741,-1.0867596864700317
7601,0.1833859086036682,-0.18547779321670532,-0.38972076773643494,0.25435009598731995
7602,-0.1584652066230774,0.1561368852853775,-0.2914683520793915,1.2075860500335693
7603,-1.8260719776153564,0.6386862397193909,0.5130568742752075,-0.18207845091819763
7604,1.6326303482055664,1.9027179479599,1.095014214515686,0.34077805280685425
7605,0.18965238332748413,0.19090771675109863,-2.0490434169769287,-0.4138551950454712
7606,1.6398026943206787,0.6230859756469727,-0.1844925582408905,-0.7029610872268677
7607,0.6125354766845703,-2.3954761028289795,0.7042133212089539,-0.19501212239265442
7608,-0.8195180296897888,0.4740932583808899,-1.7973201274871826,-0.11535724252462387
7609,0.5595429539680481,-0.07012960314750671,-1.5076255798339844,-0.30687040090560913
7610,0.3527596890926361,-0.32297050952911377,2.1164798736572266,0.2468874752521515
7611,-0.0892704501748085,-0.2596716284751892,0.46199649572372437,-0.25455203652381897
7612,-0.8132120966911316,0.7546974420547485,-0.8450790643692017,1.0628324747085571
7613,-0.5638207793235779,0.29617059230804443,-1.2696336507797241,-0.3995477557182312
7614,0.048080939799547195,-0.7419640421867371,-1.6102910041809082,-1.852562665939331
7615,-1.2306228876113892,0.32571256160736084,1.0381613969802856,-0.4252745807170868
7616,1.4248124361038208,1.0446949005126953,0.7418532967567444,0.259854793548584
7617,-1.8087276220321655,1.3559454679489136,-0.41865918040275574,-0.1314558982849121
7618,1.4415849447250366,-0.8503598570823669,-1.8352688550949097,0.31938183307647705
7619,-0.4039328694343567,-0.8255720734596252,0.8266852498054504,1.0874751806259155
7620,1.8796305656433105,-0.6370499134063721,-2.509882688522339,0.9661840796470642
7621,0.9753634929656982,0.348894327878952,-1.8100612163543701,0.6730449795722961
7622,0.33187609910964966,-0.02887306734919548,0.3452970087528229,-0.4202869236469269
7623,-1.0269173383712769,1.1344352960586548,-0.27962154150009155,0.9929403066635132
7624,-1.8790218830108643,-0.5536603331565857,-0.565378725528717,-1.5384459495544434
7625,1.0037331581115723,-0.13527873158454895,-0.339179128408432,-1.2152073383331299
7626,-1.6203932762145996,-0.6428013443946838,-1.4404321908950806,-0.3161536455154419
7627,-0.12677094340324402,0.3988543450832367,0.5324531197547913,-1.4695852994918823
7628,1.5221810340881348,-0.6028741598129272,-1.7225492000579834,0.5377097725868225
7629,0.2855435609817505,-0.284292608499527,-1.064642071723938,-0.40400949120521545
7630,1.2342827320098877,-0.1521107703447342,-0.6737818717956543,0.10420716553926468
7631,-0.29905596375465393,-1.4379189014434814,-1.2133952379226685,1.2965142726898193
7632,0.7171987295150757,0.31680530309677124,0.9693828225135803,-1.2191331386566162
7633,-0.8014124035835266,0.7639434337615967,0.4063999652862549,-0.6592611074447632
7634,0.5963723659515381,-1.2427732944488525,-0.41895681619644165,-0.8339248895645142
7635,0.18889497220516205,-0.5762211084365845,-0.24520748853683472,-0.05765283480286598
7636,-1.5593315362930298,-1.4004896879196167,-0.6690369248390198,-1.5693808794021606
7637,0.32633188366889954,-1.1301648616790771,1.5803757905960083,1.1944944858551025
7638,-0.3927941620349884,-0.009405232965946198,1.1258798837661743,-2.836033582687378
7639,0.1777709573507309,-0.18293792009353638,-0.1870943307876587,1.4021687507629395
7640,-1.995069980621338,-0.9471330046653748,-1.0227748155593872,-0.3207681477069855
7641,0.6300687193870544,1.8179107904434204,-0.19278334081172943,-0.926145613193512
7642,-1.1032626628875732,0.23749572038650513,0.22254380583763123,1.0090312957763672
7643,-0.45108506083488464,-0.8206585049629211,0.5721181631088257,-1.3865101337432861
7644,0.7807839512825012,0.2161720097064972,0.516547679901123,-1.7491624355316162
7645,-0.027839668095111847,0.8071001768112183,0.7646621465682983,-0.7761794924736023
7646,0.23205344378948212,-1.3309332132339478,-0.06174536794424057,-1.8462902307510376
7647,-0.7915167808532715,-1.3869200944900513,0.028043566271662712,-1.9598805904388428
7648,-0.5931873321533203,-0.40210533142089844,-0.9202226996421814,-0.9853372573852539
7649,0.6102518439292908,-0.22969970107078552,1.3426295518875122,-0.338379442691803
7650,1.4539527893066406,2.2309679985046387,-1.187022089958191,-0.5473430156707764
7651,-2.3385379314422607,0.13855627179145813,1.157179594039917,0.5263495445251465
7652,-1.191572666168213,-0.04854325205087662,0.6765286922454834,-0.6756941676139832
7653,0.01709767058491707,0.3927820324897766,0.06515085697174072,0.9905059933662415
7654,-0.5159545540809631,-0.03923680633306503,-0.04669959843158722,-0.6235092282295227
7655,0.7574213743209839,0.09977853298187256,1.2532230615615845,-0.3418136239051819
7656,-0.6395499110221863,-0.9150761365890503,0.18948662281036377,0.3868473768234253
7657,0.7805279493331909,-0.6716370582580566,-1.5753692388534546,0.3012104332447052
7658,-0.5565939545631409,0.6408492922782898,0.884346604347229,0.4551589787006378
7659,-0.9684550762176514,1.3470733165740967,-0.3098953664302826,1.2165653705596924
7660,0.3783574104309082,1.3996427059173584,0.4741479754447937,-0.9957955479621887
7661,0.1927294135093689,1.8415812253952026,0.46878814697265625,-0.036561936140060425
7662,0.06457483768463135,0.6695664525032043,-1.906593680381775,1.6993755102157593
7663,0.5150782465934753,-0.6902336478233337,0.4776937663555145,0.7023025155067444
7664,-2.1936819553375244,-0.3674165904521942,0.30843016505241394,0.9683887362480164
7665,-0.29940998554229736,2.3161189556121826,0.6796313524246216,-0.5319985747337341
7666,0.42751839756965637,-0.6830430030822754,0.19365426898002625,-0.18454355001449585
7667,1.268839955329895,0.6467084884643555,-1.2559940814971924,0.9601335525512695
7668,-0.5875187516212463,0.7996287941932678,1.1493154764175415,0.35578399896621704
7669,-0.10009639710187912,1.6317965984344482,-0.4178853929042816,-1.153277039527893
7670,0.7398766279220581,0.2700556516647339,0.8005385398864746,-1.0203003883361816
7671,-0.09911509603261948,-0.5113869905471802,0.009034557268023491,0.45457181334495544
7672,0.5068612694740295,-0.7093074321746826,-0.022425096482038498,-0.5924595594406128
7673,-0.07436515390872955,0.11462923139333725,0.12354856729507446,0.9511528015136719
7674,0.009667718783020973,-0.08270394802093506,-0.7002295851707458,0.9711705446243286
7675,0.1998363882303238,0.5310373902320862,0.25245401263237,0.4011274576187134
7676,-1.8564484119415283,-0.8270367383956909,1.4472466707229614,0.6411394476890564
7677,-0.20848917961120605,1.0630192756652832,1.3692995309829712,-0.05285077542066574
7678,-0.6457129120826721,-0.5520316362380981,2.301483392715454,-0.11956436932086945
7679,-0.9700220227241516,0.34915512800216675,-0.17778855562210083,2.0748040676116943
7680,1.6843360662460327,0.28843140602111816,0.35861480236053467,-0.9494170546531677
7681,0.13689260184764862,0.9409225583076477,0.18069137632846832,-0.36996757984161377
7682,0.2950363755226135,0.521245002746582,1.0270371437072754,0.003511611372232437
7683,-0.18092669546604156,1.2250760793685913,-1.324672818183899,0.1975397765636444
7684,-0.48985129594802856,-0.6962128281593323,-0.33602768182754517,0.09400899708271027
7685,0.11971775442361832,2.2353761196136475,-0.18877597153186798,-0.8638317584991455
7686,0.5415428280830383,0.07639914005994797,0.2224273979663849,0.3402756154537201
7687,-0.6039656400680542,1.2015551328659058,-0.6099309325218201,0.2672942578792572
7688,-0.11760835349559784,-1.4622470140457153,0.6657217741012573,-0.19747643172740936
7689,-1.0440518856048584,1.263149380683899,-0.11460377275943756,0.3453823924064636
7690,-0.6921205520629883,-0.5900793671607971,1.0996202230453491,0.020735595375299454
7691,0.2831995189189911,-0.23990555107593536,0.7355520725250244,3.068063497543335
7692,-1.837286353111267,-1.2686883211135864,-1.4840688705444336,-0.027777865529060364
7693,-0.860465943813324,0.31830883026123047,-1.5694591999053955,0.12482745945453644
7694,0.17300990223884583,-1.726046085357666,-0.23061174154281616,-0.3164398670196533
7695,0.6610165238380432,-1.2699532508850098,-0.14198234677314758,-1.002788782119751
7696,1.9532283544540405,-0.6952062845230103,0.25803887844085693,1.5825387239456177
7697,0.032048556953668594,0.9237839579582214,0.0556783527135849,-0.47027304768562317
7698,0.21733592450618744,-1.201357364654541,0.9066417813301086,1.595562219619751
7699,0.5968641042709351,-0.7346867322921753,-0.2593500018119812,-1.2144250869750977
7700,1.05726158618927,1.4065520763397217,-0.42663633823394775,-0.6355925798416138
7701,-0.2181956171989441,-0.5000380277633667,1.0081266164779663,-1.4784905910491943
7702,-0.7979629635810852,-0.3150191009044647,-0.2878198027610779,0.6422467827796936
7703,0.9842473864555359,0.11719857156276703,-0.352161169052124,0.22821447253227234
7704,0.7535403370857239,0.3386400043964386,0.6574723720550537,-0.1873168647289276
7705,-1.6155848503112793,1.7250717878341675,-0.2182808518409729,-2.976684093475342
7706,-0.8907337784767151,-0.3730785846710205,0.49769553542137146,-0.4213966727256775
7707,-0.13336089253425598,1.6851414442062378,-1.9591213464736938,0.49798381328582764
7708,-0.21061065793037415,-0.44517141580581665,-0.056337594985961914,1.4867016077041626
7709,-1.3552683591842651,-0.09333662688732147,1.480575442314148,2.7563323974609375
7710,-0.488278329372406,0.39087626338005066,0.9200792908668518,-0.012910984456539154
7711,-0.8232513666152954,1.4643220901489258,0.09719876199960709,1.3220970630645752
7712,1.1886316537857056,-0.41540589928627014,-0.1606052815914154,0.15988467633724213
7713,0.7794787287712097,-0.05100805312395096,1.9889600276947021,-0.8534335494041443
7714,0.16555392742156982,-0.21331563591957092,0.19271869957447052,-0.5440686941146851
7715,0.38332492113113403,-0.7966727614402771,1.1974629163742065,-1.7566744089126587
7716,0.2513435184955597,-0.8601520657539368,0.12205900251865387,-1.071448564529419
7717,-0.46198177337646484,-1.948377251625061,-1.0342520475387573,-1.141893982887268
7718,-0.2126772403717041,-1.537795066833496,1.992199420928955,-0.1908881515264511
7719,-0.6559220552444458,-1.1058508157730103,1.2573702335357666,-0.25405436754226685
7720,0.8008003830909729,-0.7526987791061401,-0.20156872272491455,-0.761374294757843
7721,-0.6743630766868591,0.238768070936203,-0.4349993169307709,-0.35411521792411804
7722,-2.3695030212402344,-1.3552846908569336,1.914379358291626,1.7127692699432373
7723,-0.027167245745658875,0.7062843441963196,-0.4833783805370331,-0.5783881545066833
7724,1.7159172296524048,1.5149685144424438,-0.010281328111886978,-1.403911828994751
7725,-0.3155083656311035,-1.4171831607818604,0.35881295800209045,1.2240049839019775
7726,1.2226446866989136,-0.681484580039978,1.9579991102218628,-0.6341502666473389
7727,-1.136113166809082,0.1325652152299881,-1.0664864778518677,0.49939993023872375
7728,-0.7557438611984253,-0.051463354378938675,0.3110741674900055,0.3201588988304138
7729,-1.4192296266555786,-0.020411957055330276,0.8346077799797058,-1.3864935636520386
7730,0.054772622883319855,-0.5918331146240234,-0.007954851724207401,-0.8777873516082764
7731,-1.0710960626602173,-0.5119536519050598,-0.9885648488998413,-2.4717822074890137
7732,-1.9495574235916138,-0.03048444166779518,-0.23558713495731354,-1.6420122385025024
7733,0.6440662145614624,-0.03532855585217476,0.6817834377288818,0.9926595687866211
7734,-0.4912896752357483,0.3535245358943939,1.6188873052597046,-0.9936462044715881
7735,0.48508280515670776,-1.3695369958877563,0.06759443879127502,0.4487744867801666
7736,0.9792891144752502,1.0553004741668701,-0.21680621802806854,0.8474352955818176
7737,2.4041905403137207,0.025583405047655106,0.7697815299034119,0.2971058785915375
7738,0.010993711650371552,0.13746517896652222,0.5177525877952576,0.13309425115585327
7739,-0.47502824664115906,-1.1615266799926758,-0.2805216312408447,-0.2626144587993622
7740,1.2007414102554321,0.00020501762628555298,1.5697866678237915,-0.8533804416656494
7741,-1.1358619928359985,0.24775093793869019,-0.4073469936847687,1.2689741849899292
7742,0.14715611934661865,0.11981160938739777,1.7307441234588623,0.9714117646217346
7743,-1.2024741172790527,1.0627021789550781,0.44254639744758606,0.16156628727912903
7744,-1.085376262664795,0.5036729574203491,0.9909597039222717,0.3286273181438446
7745,1.2292040586471558,0.46549153327941895,0.47944146394729614,-0.5318253636360168
7746,-1.3710442781448364,-1.003988265991211,-0.3774338662624359,0.13114683330059052
7747,-6.416812539100647e-05,1.532017707824707,0.0869334489107132,1.007164716720581
7748,0.8538841009140015,0.395696759223938,-0.6234531998634338,1.403326153755188
7749,-0.706467866897583,-1.2574028968811035,-0.42525479197502136,1.4007762670516968
7750,0.967889666557312,-0.47740456461906433,1.0922939777374268,-0.8624659776687622
7751,0.9338980317115784,1.2853254079818726,0.1458515077829361,0.9330872893333435
7752,1.0916918516159058,0.17499956488609314,0.1336691975593567,-0.43141764402389526
7753,-0.43682289123535156,-1.3052111864089966,1.1868903636932373,1.1693224906921387
7754,1.4237219095230103,-0.7708093523979187,-0.31067919731140137,0.06709855794906616
7755,-1.6446349620819092,0.01887809857726097,-0.5161235332489014,1.103014349937439
7756,-0.2529504597187042,-0.49153342843055725,1.3870978355407715,0.1021735742688179
7757,0.32560819387435913,2.469460964202881,1.3247668743133545,0.8670312166213989
7758,-0.8744025230407715,1.2831758260726929,1.1555198431015015,0.2514314353466034
7759,-0.016948431730270386,0.24689283967018127,1.0074864625930786,0.21336424350738525
7760,0.27622026205062866,0.39440038800239563,-0.7435835003852844,-1.2444573640823364
7761,1.1062877178192139,0.6160040497779846,0.5774353742599487,-1.9918904304504395
7762,0.25974804162979126,-0.2639925479888916,1.4733728170394897,-0.20528016984462738
7763,0.28495484590530396,-0.7008060216903687,-0.1650313436985016,1.3933640718460083
7764,-0.03409354388713837,0.8986231088638306,-0.027664773166179657,-0.710823655128479
7765,0.19697876274585724,-1.2766753435134888,-2.1240451335906982,1.3640038967132568
7766,2.1053411960601807,-0.043698668479919434,-1.712159276008606,0.0988229289650917
7767,-0.5869297981262207,0.046352021396160126,0.13787072896957397,1.334930419921875
7768,0.8679556250572205,2.327777624130249,-1.2834523916244507,0.1785898506641388
7769,-0.8566429018974304,0.3944386839866638,1.9021000862121582,0.7986340522766113
7770,0.28970086574554443,0.1453952193260193,0.20347516238689423,0.055968381464481354
7771,-1.940053105354309,-0.46584975719451904,-0.21080613136291504,0.41500577330589294
7772,0.36395642161369324,0.6818403005599976,-1.2304210662841797,0.6868643760681152
7773,0.7383447885513306,0.18845686316490173,0.5020321011543274,-0.4582810699939728
7774,0.843499481678009,-1.2167468070983887,-0.324057400226593,0.422444224357605
7775,0.9770879745483398,-1.1514283418655396,1.0626637935638428,-0.9275861978530884
7776,-0.3148522675037384,0.11579851061105728,-0.43675440549850464,-0.7059686183929443
7777,0.02054126188158989,0.5550949573516846,0.009203050285577774,0.9615442752838135
7778,-1.5596307516098022,0.45033347606658936,-0.16782143712043762,0.15806514024734497
7779,-1.4176515340805054,-0.47897565364837646,-0.78931725025177,0.6578909754753113
7780,-0.32270705699920654,1.2380210161209106,-2.3638315200805664,0.09364920854568481
7781,0.14926601946353912,1.982741117477417,0.5932517647743225,-1.2543333768844604
7782,0.2652459740638733,-1.5110067129135132,-1.9944263696670532,-0.8400526642799377
7783,-1.1543699502944946,-0.9545994997024536,-1.0186116695404053,-1.175676941871643
7784,0.4928622245788574,0.6618130207061768,-0.7210777401924133,2.0096590518951416
7785,0.5314474105834961,-0.7091913223266602,0.023046530783176422,0.2961471974849701
7786,-1.9594539403915405,-0.1717624068260193,1.2437541484832764,0.4474501609802246
7787,0.9693207144737244,1.9643667936325073,-1.3536560535430908,0.32610082626342773
7788,-0.3840581774711609,-0.6794448494911194,1.1690020561218262,-0.8405848145484924
7789,1.4861310720443726,-0.13742046058177948,-1.33729887008667,-0.14361326396465302
7790,0.009451452642679214,-1.2816816568374634,-0.9694648385047913,0.5140359401702881
7791,1.0420001745224,-1.1869879961013794,0.13575683534145355,-0.6262792348861694
7792,-0.32967984676361084,0.576225996017456,0.11306120455265045,-0.2117866575717926
7793,0.10517731308937073,-1.1074835062026978,-1.6317037343978882,-0.9406257271766663
7794,1.7640761137008667,-0.15809538960456848,-0.5106887817382812,-0.5740437507629395
7795,-0.419391393661499,0.6309295892715454,0.4303327798843384,-3.250652313232422
7796,-0.8795872926712036,-1.3628956079483032,0.3742089569568634,0.21720871329307556
7797,-1.4014861583709717,-0.5106561779975891,-0.5337168574333191,-0.7422491312026978
7798,-2.3819878101348877,0.49966150522232056,-0.6917164921760559,-0.4887368381023407
7799,-0.10991348326206207,1.0138359069824219,-0.3003948926925659,0.6314172744750977
7800,0.555787205696106,-0.00997767224907875,0.10664074867963791,-0.7012593150138855
7801,-0.7675691843032837,0.05958069860935211,-0.1117502972483635,-0.5709013342857361
7802,1.0149791240692139,1.2705092430114746,0.08189177513122559,0.9970537424087524
7803,0.8465784192085266,0.36136001348495483,1.9642300605773926,-0.780492901802063
7804,-1.0370831489562988,-1.3586620092391968,0.2521541118621826,-0.7782957553863525
7805,-0.050884395837783813,1.1185780763626099,0.2278701812028885,-0.7374867796897888
7806,-1.8135019540786743,-0.9062290191650391,-0.476040780544281,0.08447197824716568
7807,0.3417855501174927,-0.49120450019836426,0.5196051597595215,0.45087140798568726
7808,1.7776567935943604,0.13097751140594482,0.8544504642486572,0.8016235828399658
7809,0.6000301837921143,-0.13756683468818665,-0.01097087748348713,1.7450697422027588
7810,0.8979320526123047,-0.8606040477752686,0.19796092808246613,1.2691683769226074
7811,0.032620035111904144,0.05228395015001297,0.30283498764038086,-0.2910099923610687
7812,-1.0400805473327637,1.3564413785934448,2.190011739730835,-0.7554116249084473
7813,-1.1205403804779053,0.14971354603767395,-2.101773738861084,0.8799393177032471
7814,1.1431704759597778,2.3116085529327393,-0.29113900661468506,0.652436375617981
7815,-0.32919007539749146,-0.5684596300125122,0.4696824550628662,0.1798785775899887
7816,0.8494629263877869,-0.4484407901763916,0.1599826216697693,-0.04789619892835617
7817,-1.0502017736434937,-1.0600435733795166,0.8385749459266663,-1.9738632440567017
7818,-0.3752228617668152,0.1799272894859314,-0.2578960359096527,-0.6371355056762695
7819,-1.1215558052062988,-0.8818206787109375,-0.36340129375457764,0.5966837406158447
7820,-0.5965590476989746,-0.3572224974632263,-1.0129976272583008,0.757671058177948
7821,0.23089754581451416,-0.363533079624176,-0.3116816282272339,1.5796805620193481
7822,-0.1039673238992691,0.6083991527557373,-0.21290656924247742,-0.0015520229935646057
7823,-0.28947913646698,-0.26341715455055237,-0.4343644380569458,-1.2241007089614868
7824,-0.9765681028366089,1.0607463121414185,1.2359073162078857,2.0252346992492676
7825,-0.07438837736845016,-0.042770981788635254,-0.6604456305503845,-1.4183415174484253
7826,0.29118236899375916,-0.23361331224441528,-1.5614932775497437,-0.7848079800605774
7827,0.8596295118331909,0.03436465933918953,0.5575169324874878,1.7059212923049927
7828,-1.6803150177001953,-0.20700842142105103,-0.443729966878891,-0.8555402159690857
7829,-0.996334433555603,0.39459100365638733,1.7663449048995972,1.6068071126937866
7830,-0.016471434384584427,1.1730433702468872,1.9533368349075317,0.18513479828834534
7831,0.8227176666259766,-0.7918787002563477,-0.549863874912262,1.1815969944000244
7832,0.48273199796676636,-0.02097545564174652,0.9225692749023438,-0.1933659017086029
7833,0.9941461086273193,0.11261126399040222,0.698018491268158,-1.603103756904602
7834,-0.40493130683898926,2.0289344787597656,-1.4018956422805786,-0.3966042995452881
7835,1.127872109413147,-0.420901894569397,-1.2934268712997437,-1.3531097173690796
7836,-0.33228370547294617,0.3589944541454315,0.6336130499839783,-0.08244120329618454
7837,-0.7534533739089966,-0.04502473771572113,0.5098796486854553,1.8412585258483887
7838,0.37942713499069214,0.16382145881652832,0.437597393989563,1.0130970478057861
7839,-0.5439863801002502,0.1783713847398758,0.6234238743782043,0.7607638835906982
7840,-0.1818983256816864,0.7438536286354065,-0.3791181445121765,0.8183727264404297
7841,2.236180305480957,0.5593879222869873,0.17812593281269073,-1.268041968345642
7842,0.4338095486164093,-1.6313892602920532,-0.7641514539718628,-0.4819766879081726
7843,-0.08264623582363129,-0.9637276530265808,1.1257060766220093,0.03267586603760719
7844,-0.5063056945800781,1.4762970209121704,0.3024156987667084,0.307955801486969
7845,0.24173058569431305,0.8055828213691711,-0.2926134467124939,-0.10532601177692413
7846,-0.8910330533981323,0.6172574162483215,1.409769892692566,1.674723505973816
7847,2.590268850326538,0.4182063341140747,-0.3251209855079651,-0.1311957687139511
7848,-1.339884877204895,-0.35816073417663574,-0.9597052335739136,0.8894701600074768
7849,-0.5554604530334473,-0.04617268219590187,1.7181991338729858,0.8412675857543945
7850,-1.1404706239700317,0.9284101724624634,0.7090497612953186,-0.37673690915107727
7851,1.5453219413757324,0.7631020545959473,1.038457989692688,1.4265072345733643
7852,1.621193766593933,0.8109562397003174,0.13523566722869873,0.00900944136083126
7853,0.22905275225639343,0.778917670249939,0.3429669737815857,0.024773186072707176
7854,0.7319474816322327,0.7272407412528992,-0.18627969920635223,2.2326292991638184
7855,-1.9604088068008423,-1.558795690536499,1.2865073680877686,0.8243753910064697
7856,-1.4390686750411987,0.791191577911377,1.6854543685913086,0.3321598172187805
7857,-1.2461438179016113,-0.390948086977005,-0.05257776007056236,-0.7432599663734436
7858,-1.096535563468933,-2.4297897815704346,2.063051223754883,-0.045982956886291504
7859,1.406373381614685,0.8734701871871948,1.4361435174942017,-0.3941372334957123
7860,-0.021335117518901825,1.1603715419769287,0.6379995346069336,-0.4916257858276367
7861,1.5455182790756226,-0.5588814616203308,-0.8499336242675781,-0.6815553307533264
7862,1.969177007675171,-0.11725321412086487,0.15595804154872894,-0.8638443350791931
7863,0.7646599411964417,-0.9217179417610168,0.004822881892323494,-1.684112548828125
7864,-1.7609976530075073,0.6189151406288147,-0.4000820219516754,-0.034622713923454285
7865,0.742219090461731,0.17168381810188293,1.9038547277450562,0.149176687002182
7866,-0.15736114978790283,-0.3177304267883301,1.0089162588119507,2.1178860664367676
7867,0.23233553767204285,-0.6628621816635132,0.324994295835495,-0.4537971317768097
7868,0.3673763573169708,-0.24877333641052246,0.6221255660057068,-1.7518681287765503
7869,-0.3610031306743622,-0.8520370125770569,0.3173852264881134,-2.3163630962371826
7870,-2.382269859313965,-0.8046225905418396,-0.17807073891162872,-1.4767093658447266
7871,-0.9259163737297058,1.3741973638534546,-0.42354702949523926,0.6083472371101379
7872,-0.7485033273696899,0.48046356439590454,-0.25174444913864136,-0.20629684627056122
7873,2.3248682022094727,0.1326032429933548,-0.5659084320068359,3.3349452018737793
7874,1.2698379755020142,2.67195725440979,0.7763182520866394,0.9449382424354553
7875,0.16693678498268127,-0.5294020175933838,0.7362349629402161,1.9430092573165894
7876,-0.15723279118537903,-1.7751270532608032,-0.7644122242927551,0.3989900052547455
7877,0.6767837405204773,0.5181304216384888,1.4584927558898926,0.7649127244949341
7878,0.2974691092967987,-0.026119939982891083,-0.8382080793380737,-0.8245754837989807
7879,0.4657192528247833,1.0999481678009033,-1.5950610637664795,0.05424993857741356
7880,-0.20986267924308777,-1.0769492387771606,1.494144082069397,-0.9754067659378052
7881,2.3758656978607178,0.9189106225967407,0.30745020508766174,1.3635327816009521
7882,0.41792720556259155,0.5144621133804321,1.3078789710998535,1.912226915359497
7883,0.7004002332687378,0.3430449366569519,0.9551675915718079,1.1290487051010132
7884,-0.591375470161438,0.4958515763282776,-0.9670137763023376,-1.0878115892410278
7885,1.4446896314620972,-0.7344447374343872,-0.05231478065252304,1.572606086730957
7886,0.9727465510368347,2.2826192378997803,0.36914655566215515,0.03792359679937363
7887,-0.5881965756416321,0.12411508709192276,-1.315477728843689,-0.6765053868293762
7888,-0.331234335899353,-0.4413008987903595,-1.0866457223892212,-2.070965051651001
7889,0.6517236232757568,-1.282530665397644,0.37769007682800293,-0.8029354810714722
7890,-0.9107308983802795,0.5772461891174316,-0.9795973896980286,-0.2922501862049103
7891,1.6686278581619263,0.011182714253664017,-1.0693422555923462,-0.9102274775505066
7892,1.3541226387023926,1.6862236261367798,-1.2160440683364868,0.8311452269554138
7893,-0.21075522899627686,-0.6018207669258118,-0.11727119982242584,-0.6479451060295105
7894,-1.2746926546096802,1.23233163356781,-2.3527514934539795,-0.15997979044914246
7895,0.4795756936073303,-0.6398646235466003,1.0724766254425049,-0.885532021522522
7896,0.5467822551727295,0.17009703814983368,-0.4299965500831604,-0.899974524974823
7897,0.1933283805847168,-0.6739842891693115,0.008242698386311531,-0.5253528952598572
7898,0.5873925685882568,-1.666373610496521,0.07349366694688797,1.1065768003463745
7899,-1.1012585163116455,0.7499779462814331,-0.11769253760576248,0.3356802463531494
7900,-0.5876734852790833,1.176944375038147,-0.8584633469581604,-1.0597903728485107
7901,0.2964829206466675,0.03644512593746185,-1.4461750984191895,0.45767393708229065
7902,-1.1830122470855713,0.5283857583999634,1.250664234161377,-0.4031817615032196
7903,-0.5629642009735107,-0.5317273736000061,-0.6602473855018616,2.27528977394104
7904,-0.42278504371643066,-0.655347466468811,-0.9125784635543823,-1.6326525211334229
7905,-1.8239096403121948,-0.7404436469078064,0.9910860657691956,-1.521018385887146
7906,1.492181420326233,0.2827174663543701,0.27701058983802795,-0.059121161699295044
7907,1.1055303812026978,-0.3359687328338623,0.007275497540831566,-0.8036773800849915
7908,-0.6928857564926147,-0.41241663694381714,-1.6033982038497925,0.22915707528591156
7909,-0.24713364243507385,1.2924572229385376,-0.3010183274745941,-0.11677294969558716
7910,0.335264652967453,-1.3452277183532715,-1.0070618391036987,1.253695011138916
7911,-1.1102917194366455,-0.09100716561079025,1.2346110343933105,-0.6700091361999512
7912,0.3696795403957367,1.3765202760696411,2.0640807151794434,2.601663589477539
7913,-1.7532711029052734,-0.3233557343482971,-2.275259494781494,0.08680685609579086
7914,2.2120563983917236,0.07609982043504715,0.6811693906784058,0.36675238609313965
7915,-1.3509740829467773,0.40880143642425537,1.7983598709106445,-0.0738457515835762
7916,-0.5880204439163208,-0.987993597984314,0.36048078536987305,-1.939540147781372
7917,-0.9246212840080261,-0.22426900267601013,-0.7017097473144531,0.2049686759710312
7918,-0.2009715437889099,-0.1993924081325531,0.16604924201965332,0.36265459656715393
7919,2.226022243499756,-0.06253786385059357,-0.5247290134429932,0.29370397329330444
7920,0.23043112456798553,0.49359244108200073,1.4997313022613525,-1.550941824913025
7921,1.4154024124145508,-0.6381763219833374,-0.5820790529251099,0.9441999793052673
7922,-0.08401157706975937,-1.2389754056930542,-0.020796608179807663,-0.8391439318656921
7923,0.6506386995315552,1.3675734996795654,0.9582300186157227,0.15603117644786835
7924,-0.41086864471435547,1.0013046264648438,2.4327478408813477,0.3196842670440674
7925,-0.8302912712097168,-0.018236517906188965,1.7890353202819824,-0.5637894868850708
7926,-0.17514494061470032,-0.3659641444683075,0.8783896565437317,-0.3969379663467407
7927,-0.40581923723220825,-0.21719063818454742,0.1287386417388916,0.49734869599342346
7928,0.8787925243377686,0.07040484994649887,-0.12588182091712952,0.11787611246109009
7929,0.999252200126648,0.49693456292152405,2.0560452938079834,1.4044002294540405
7930,0.01559432502835989,-0.7478624582290649,0.3171992301940918,1.5318832397460938
7931,-0.8233279585838318,-1.9029995203018188,0.22375912964344025,-0.3735467195510864
7932,1.0234133005142212,-1.7283296585083008,-0.5785449147224426,0.25918757915496826
7933,1.1738858222961426,0.35469555854797363,1.227662444114685,-0.6187535524368286
7934,0.13973435759544373,-0.14696422219276428,-0.3384326994419098,-0.06352069973945618
7935,-0.1093919575214386,-0.6859148740768433,0.053939953446388245,-2.051790952682495
7936,-0.8024708032608032,0.43524622917175293,0.32381802797317505,2.029186725616455
7937,1.280516266822815,-1.0197376012802124,-1.0901883840560913,-1.1804821491241455
7938,1.0859702825546265,-0.08155753463506699,-2.0973618030548096,-0.8387397527694702
7939,0.04804416373372078,1.0426597595214844,0.6375641226768494,1.704287052154541
7940,0.3036644458770752,-0.426689475774765,-1.306164264678955,-0.3103052079677582
7941,0.23134031891822815,0.5863234996795654,-0.36359819769859314,-1.6425544023513794
7942,0.5779902935028076,-0.9529425501823425,1.759385585784912,0.3049793541431427
7943,-0.2905413806438446,1.0139997005462646,1.4115980863571167,0.8992817997932434
7944,-0.6092001795768738,-0.3208511471748352,0.3032183051109314,-0.3636591136455536
7945,1.75729501247406,-1.944008469581604,-0.5795183181762695,-1.8001495599746704
7946,0.6614325642585754,-0.014649521559476852,2.125765562057495,0.860405683517456
7947,0.6887041926383972,1.0460237264633179,0.11327974498271942,0.7311354875564575
7948,-0.4426496624946594,1.3701786994934082,0.9073315262794495,0.1425485461950302
7949,0.9157940745353699,0.8611197471618652,0.6140666007995605,2.097471237182617
7950,1.1722456216812134,2.22210693359375,0.48822054266929626,1.8668185472488403
7951,0.7467969655990601,1.5217751264572144,-0.4383005201816559,-0.17522700130939484
7952,-2.5682485103607178,-1.0283979177474976,1.1700938940048218,0.6581167578697205
7953,0.3078669607639313,-0.4959777891635895,1.441009283065796,-0.3556232750415802
7954,0.6274746060371399,1.1663110256195068,-0.10379042476415634,-0.2607665956020355
7955,0.27068957686424255,0.19385328888893127,-0.3760608434677124,-0.9596914649009705
7956,0.385491281747818,0.27425718307495117,0.87631756067276,-0.7426779866218567
7957,-1.7162244319915771,-1.4774338006973267,0.29734688997268677,0.10062482208013535
7958,1.1305190324783325,-0.3188409209251404,-0.5122319459915161,1.2201871871948242
7959,0.4248458743095398,0.8792725801467896,0.002467063255608082,0.20410141348838806
7960,-0.9274237155914307,0.8323582410812378,0.12294910103082657,-1.6240073442459106
7961,0.20267052948474884,-0.422069787979126,0.028395824134349823,0.37492844462394714
7962,-1.423540472984314,-0.200826033949852,0.44269004464149475,-1.2773642539978027
7963,-1.110959529876709,0.9476343393325806,0.8424245119094849,-0.31388339400291443
7964,0.07590658217668533,-0.3743298053741455,-1.1780661344528198,1.0721958875656128
7965,-1.1083331108093262,-0.5225576758384705,1.4285695552825928,0.9227020740509033
7966,-0.5964282751083374,1.1566847562789917,1.2289544343948364,-0.07193591445684433
7967,-0.9877622723579407,-0.20771461725234985,0.5660353899002075,-2.408461570739746
7968,0.26157447695732117,0.10211044549942017,-0.21001160144805908,0.07241299748420715
7969,0.7360939979553223,-0.20463566482067108,0.7467721700668335,-1.386973261833191
7970,2.5244202613830566,0.5882507562637329,-1.4109022617340088,-0.20610228180885315
7971,0.5015777349472046,-0.05807352438569069,1.0471124649047852,0.7372580170631409
7972,-0.4053163528442383,-1.5659632682800293,0.3460392951965332,-0.8532273769378662
7973,-0.11663413792848587,0.10820119082927704,1.794275164604187,0.6395294666290283
7974,0.4691382348537445,-2.303492546081543,-0.5474298000335693,-0.4269324243068695
7975,0.7315532565116882,-0.4694727659225464,-1.0830342769622803,-0.6611171364784241
7976,-0.08594883978366852,-0.19320428371429443,-1.153520941734314,0.5645356774330139
7977,0.9081042408943176,3.2410776615142822,2.1548385620117188,-0.043579764664173126
7978,0.3527803122997284,0.6742687821388245,-2.1957554817199707,1.1547975540161133
7979,-0.2546238899230957,-1.7924466133117676,-1.897024154663086,1.5031163692474365
7980,0.3637807369232178,0.8340617418289185,0.9176742434501648,-0.06904833018779755
7981,1.7437845468521118,0.3542059063911438,-0.3816031813621521,-0.9196407198905945
7982,0.8986190557479858,1.2143480777740479,0.9266230463981628,1.3026094436645508
7983,-1.2804337739944458,0.25357550382614136,-1.0235352516174316,2.121134042739868
7984,-0.2655719518661499,-0.4420315623283386,-1.0824036598205566,-0.16676290333271027
7985,-0.5847878456115723,0.1292618364095688,0.2427733689546585,1.4867630004882812
7986,1.27068293094635,-0.10748589783906937,-1.6781848669052124,0.11635753512382507
7987,0.06840486824512482,-0.0016406364738941193,0.525266706943512,1.8683985471725464
7988,1.904210090637207,-0.27305835485458374,0.9335362911224365,1.3216452598571777
7989,0.2622741460800171,-0.7426130175590515,-0.7718909978866577,-2.3295538425445557
7990,-0.05150069296360016,-1.262052059173584,1.2471492290496826,-1.2328695058822632
7991,0.20754671096801758,2.140998363494873,-0.8181935548782349,-0.7118314504623413
7992,0.06126576289534569,-0.17435970902442932,-1.1623575687408447,-0.29995545744895935
7993,0.3650210499763489,0.25412896275520325,0.16380968689918518,0.5243569612503052
7994,-2.2740278244018555,1.3384519815444946,0.245009183883667,1.3170894384384155
7995,-0.46493157744407654,1.544486165046692,0.006450638175010681,0.16030140221118927
7996,0.8136220574378967,0.06844504922628403,0.8719438910484314,0.2856268584728241
7997,-0.2513495683670044,0.7676708698272705,0.46205249428749084,-0.5748262405395508
7998,0.45048338174819946,0.06313301622867584,-1.6200979948043823,-1.5359916687011719
7999,-0.10626854002475739,0.44510042667388916,0.19169774651527405,-0.5241581201553345
8000,-1.0850776433944702,1.6365453004837036,-1.0052661895751953,2.2305519580841064
8001,1.1554913520812988,0.38084521889686584,-1.7112971544265747,0.2209954559803009
8002,-0.04063183814287186,0.7202514410018921,-0.2856816053390503,0.09888385981321335
8003,0.27797192335128784,-1.281037449836731,-1.4417146444320679,-0.2680927813053131
8004,-0.08519422262907028,0.19608306884765625,-1.5020142793655396,0.5843484401702881
8005,0.3051493465900421,0.8860680460929871,0.3007449209690094,-0.048317380249500275
8006,-0.2727571427822113,-0.5030542016029358,1.455705165863037,-0.454923540353775
8007,0.5322011113166809,-3.3396682739257812,-0.7871103286743164,1.0020089149475098
8008,-0.9548057317733765,-1.3340518474578857,-0.550310492515564,1.3971500396728516
8009,0.29551076889038086,0.9020243287086487,0.6587216258049011,1.5859078168869019
8010,2.2225916385650635,0.14916251599788666,-1.1118888854980469,-0.8124171495437622
8011,0.7598466873168945,-0.8636544942855835,0.1917668581008911,0.1347922533750534
8012,0.28952738642692566,0.2120683193206787,-2.650862216949463,-0.1385849267244339
8013,0.6483397483825684,0.714141845703125,-1.6393581628799438,0.10250094532966614
8014,1.1604870557785034,-0.2582520842552185,0.3528294861316681,-1.2639682292938232
8015,0.7804473042488098,-0.013117138296365738,1.554649829864502,-0.22585678100585938
8016,0.25053995847702026,-1.0097553730010986,-0.41683921217918396,1.862764835357666
8017,0.6869858503341675,-1.2323890924453735,-0.45320308208465576,0.7226098775863647
8018,0.052178964018821716,-0.5865277647972107,0.2617444694042206,0.6430736184120178
8019,0.8163465261459351,-0.6619367599487305,-1.9856644868850708,-0.704532265663147
8020,0.5573235154151917,0.10297852754592896,1.4026836156845093,0.9488667845726013
8021,0.6252899765968323,-0.7031555771827698,-0.6567367315292358,-0.7964794635772705
8022,-1.0433599948883057,-0.6841868758201599,-0.8512975573539734,-1.2611548900604248
8023,-0.09525515139102936,0.3491984009742737,-1.0054535865783691,-1.6300989389419556
8024,-1.57803475856781,-0.24518707394599915,0.39853599667549133,-1.441619634628296
8025,-0.06069342792034149,-1.4395697116851807,-1.819582223892212,0.4252776801586151
8026,-0.7179356217384338,-0.09794865548610687,0.2950398027896881,-1.1551517248153687
8027,-0.5260643362998962,1.6136778593063354,1.5681185722351074,2.0223143100738525
8028,-1.702071189880371,-0.26586511731147766,1.1560180187225342,0.031584013253450394
8029,-0.7259098887443542,0.21707089245319366,-1.4880244731903076,-0.3325209319591522
8030,0.43766069412231445,0.6392498016357422,0.36611422896385193,0.8867061138153076
8031,0.14013883471488953,3.1240251064300537,-0.42679235339164734,0.5171230435371399
8032,-0.0027461424469947815,-0.8488056659698486,1.590949296951294,-1.630401372909546
8033,-0.32210850715637207,0.19146813452243805,-2.0599701404571533,-1.4134019613265991
8034,1.061398983001709,0.5047072172164917,-0.6050311326980591,-1.8881529569625854
8035,-0.2106742262840271,0.8807892203330994,0.021164819598197937,0.45827391743659973
8036,-0.9026603698730469,1.1789666414260864,-1.169643521308899,0.797265887260437
8037,-0.6710797548294067,0.8417686223983765,-0.8794772624969482,-0.39705950021743774
8038,2.549699306488037,-0.32913070917129517,-1.0354886054992676,-0.7815503478050232
8039,1.9309346675872803,-0.19237291812896729,-0.9280598759651184,1.229070782661438
8040,-0.11263676732778549,1.3740897178649902,0.22844953835010529,-0.04104587808251381
8041,1.8986567258834839,0.3588489294052124,0.15695083141326904,-0.5977319478988647
8042,-0.2557104825973511,0.28936120867729187,-0.46130305528640747,0.7564806342124939
8043,0.4080508053302765,-0.01574413850903511,-0.8615594506263733,0.1419498175382614
8044,0.6767438650131226,-0.5865455865859985,0.7914462089538574,0.05300251394510269
8045,0.08744354546070099,-0.8268862962722778,0.12304551154375076,-0.7377755045890808
8046,1.1242417097091675,1.869257926940918,0.34948617219924927,0.1667022556066513
8047,-0.04547564685344696,-0.7741877436637878,-0.5098170042037964,-1.6495665311813354
8048,-1.5524816513061523,-1.1235289573669434,-0.07838000357151031,1.4665052890777588
8049,-0.4124680757522583,1.52418053150177,-0.5438725352287292,-0.3389246165752411
8050,1.2234513759613037,0.8478384613990784,0.0802554041147232,0.1501149833202362
8051,-0.6159219741821289,1.343960165977478,-1.861428141593933,0.34007954597473145
8052,-0.881435215473175,0.20536395907402039,-0.39938223361968994,0.9328485727310181
8053,1.3667004108428955,-2.3525078296661377,0.6087585687637329,0.9505990147590637
8054,0.6237610578536987,-0.32276251912117004,-0.6172932386398315,1.2409294843673706
8055,-1.107475996017456,0.22374564409255981,-0.05833090469241142,-0.148598775267601
8056,1.8309944868087769,-1.3887890577316284,-0.13273553550243378,1.372298240661621
8057,-0.7486432790756226,0.907922625541687,-0.9403152465820312,0.20192073285579681
8058,-1.2718524932861328,0.5664661526679993,-0.07560152560472488,0.9613303542137146
8059,0.5599797368049622,0.17354050278663635,2.380941867828369,1.3915132284164429
8060,2.199270248413086,-1.3020867109298706,0.0023250384256243706,-1.1973520517349243
8061,-0.2412114441394806,-0.7068939805030823,0.689613938331604,-1.193734049797058
8062,-2.016859292984009,-0.0363115593791008,0.06871017813682556,-1.70981764793396
8063,-0.9742520451545715,-0.23865008354187012,-1.9176033735275269,0.48670750856399536
8064,-0.5317736268043518,0.38568148016929626,0.21675223112106323,-0.9315943717956543
8065,1.017688512802124,0.027952060103416443,0.4538668692111969,-1.0483691692352295
8066,-1.5862960815429688,0.8335578441619873,-0.4979386627674103,1.6930856704711914
8067,-1.1822479963302612,-0.8025293350219727,-1.672324299812317,1.3325351476669312
8068,2.264984607696533,0.0004525482654571533,-1.2970536947250366,0.1746739000082016
8069,0.3204291760921478,1.215386152267456,-0.06033063307404518,-0.3346044719219208
8070,1.0331339836120605,0.04222763329744339,-1.652696967124939,0.7302406430244446
8071,-2.6258203983306885,1.5806231498718262,0.28104379773139954,2.093970537185669
8072,0.5336825251579285,0.2628028392791748,1.3961745500564575,2.709541082382202
8073,0.5484814643859863,-0.17857708036899567,1.675896167755127,0.25631392002105713
8074,-0.4796409010887146,0.34133005142211914,-1.1955453157424927,-1.5841424465179443
8075,-1.703644037246704,0.048912372440099716,-0.7492164373397827,0.5978304743766785
8076,0.649994432926178,-0.8910132646560669,-0.7704485654830933,0.8189753890037537
8077,1.6353822946548462,-1.0591334104537964,0.41956546902656555,-0.06461905688047409
8078,-0.4955221712589264,1.258514165878296,1.1582939624786377,1.409306526184082
8079,1.040785789489746,-0.48670801520347595,-1.8675836324691772,-0.016307255253195763
8080,0.7444459199905396,0.30861178040504456,1.437853455543518,-0.9083992838859558
8081,-0.2623828053474426,1.1185678243637085,-1.5632033348083496,0.9279930591583252
8082,-0.44153931736946106,-0.5094506740570068,-0.07180816680192947,-1.3930411338806152
8083,0.10039220005273819,-0.7445001602172852,0.8960115313529968,-1.0439131259918213
8084,0.7454164028167725,0.3545924425125122,0.7070617079734802,-0.653819739818573
8085,1.6474077701568604,-0.4712728261947632,-0.3276310861110687,-1.0652337074279785
8086,0.9667518138885498,-1.2491809129714966,0.4837428629398346,-0.6686493754386902
8087,0.12088245898485184,0.35018256306648254,0.5908079743385315,-1.968400478363037
8088,-0.8084824085235596,-1.2331143617630005,-0.3712274432182312,0.05641522258520126
8089,0.44330668449401855,-0.34240737557411194,-0.02922162413597107,-1.9533748626708984
8090,1.499998927116394,0.013503648340702057,-0.7140471339225769,1.3956217765808105
8091,0.8056981563568115,0.6702545881271362,2.0934970378875732,-2.141104221343994
8092,0.4170439839363098,-1.08242666721344,-0.1929544061422348,-1.6849453449249268
8093,1.0972278118133545,1.697677731513977,1.169084072113037,2.677966594696045
8094,1.372353434562683,-1.180325984954834,-0.6631224155426025,-0.20315229892730713
8095,0.7155592441558838,-1.1168709993362427,-1.0439391136169434,-0.460523396730423
8096,1.2238430976867676,0.646622359752655,-0.21112923324108124,1.8261544704437256
8097,1.2124463319778442,0.6825133562088013,-0.105939120054245,-1.2078766822814941
8098,0.23155993223190308,-1.6662681102752686,0.07463549077510834,0.33323389291763306
8099,-1.3653490543365479,1.4758390188217163,0.4532100260257721,0.5890802145004272
8100,-1.6791239976882935,-0.19373781979084015,0.7658921480178833,1.112060546875
8101,0.2830231487751007,0.6927539706230164,1.4303950071334839,-1.3625863790512085
8102,-0.9554060101509094,0.5651310086250305,-1.2924937009811401,-1.5712629556655884
8103,1.0718992948532104,-1.4552937746047974,-0.2499546855688095,1.236360788345337
8104,0.1377943605184555,0.9957611560821533,-1.058323860168457,0.22276051342487335
8105,1.0005100965499878,-1.303284764289856,-0.05935242027044296,1.1214821338653564
8106,0.22625237703323364,-0.3060598075389862,0.42925840616226196,-1.435218334197998
8107,0.0850699320435524,-0.20535396039485931,0.9653576016426086,-0.4438858926296234
8108,-1.3387242555618286,0.1282755583524704,-0.3630642592906952,-0.9796764254570007
8109,-1.0051321983337402,-1.5768133401870728,-0.775581955909729,-1.134034514427185
8110,-0.06682364642620087,-0.0028566457331180573,1.8451604843139648,0.7136657238006592
8111,-0.3784036338329315,-0.20516444742679596,-0.8659924268722534,-0.2063673436641693
8112,0.510871410369873,-0.4863433241844177,-1.2947694063186646,-0.9831122159957886
8113,-0.23574091494083405,-0.1601533591747284,-0.3970051407814026,2.405003786087036
8114,-1.0098150968551636,0.7071651816368103,-0.06166892498731613,-0.3841167390346527
8115,0.773905336856842,-0.0016888827085494995,-2.5964601039886475,-0.6934812664985657
8116,0.27669697999954224,0.1385425627231598,-0.8328612446784973,-0.5692198276519775
8117,0.597270667552948,-0.15181274712085724,0.5022673606872559,-0.44135409593582153
8118,0.6091263890266418,1.6087830066680908,-1.5535863637924194,1.1292519569396973
8119,0.15264910459518433,1.8146556615829468,-1.5969767570495605,0.3548610508441925
8120,0.6722918152809143,1.5860891342163086,0.6247637271881104,-0.3490796983242035
8121,-0.13517245650291443,1.2392218112945557,-0.26213064789772034,0.21608489751815796
8122,1.9930840730667114,1.062835693359375,0.9688335061073303,-0.8816215395927429
8123,0.4350842237472534,1.1223241090774536,0.4088399410247803,0.07070060074329376
8124,0.09690579026937485,0.8093884587287903,-0.6279900670051575,0.2551308274269104
8125,-1.2100787162780762,0.6545519828796387,0.4151657819747925,-0.16366314888000488
8126,0.570583164691925,-0.7756247520446777,-0.3881191909313202,-0.19928425550460815
8127,0.2568378448486328,0.25204890966415405,0.9557462334632874,0.014805983752012253
8128,0.5802165269851685,-0.30258554220199585,-0.5237823724746704,-0.4060027301311493
8129,-1.4740630388259888,-0.7422313094139099,-1.820715308189392,0.13218916952610016
8130,-0.23144495487213135,-0.9435933828353882,-0.3193874955177307,-0.758092999458313
8131,1.224165439605713,-0.09684202075004578,-0.5925562977790833,-0.11083006113767624
8132,-0.5557281970977783,1.398918628692627,-1.0530366897583008,0.5602007508277893
8133,-1.7231953144073486,-0.22497053444385529,-0.22006599605083466,-1.382427453994751
8134,1.4863967895507812,-1.0494537353515625,-0.634404182434082,0.3403036892414093
8135,1.0549103021621704,0.2733660638332367,-1.4892665147781372,-0.7793503999710083
8136,0.014001365751028061,-0.40134015679359436,0.7917643785476685,-0.41714417934417725
8137,1.1417555809020996,0.30888986587524414,-0.14478717744350433,-0.12043194472789764
8138,0.13249176740646362,-0.4928959906101227,1.1002557277679443,3.091973304748535
8139,0.2500022351741791,1.2051951885223389,-0.03341282159090042,-0.002871699631214142
8140,0.0889357179403305,1.1328922510147095,-1.1476080417633057,-0.38962551951408386
8141,-1.3611112833023071,0.08502950519323349,1.0926647186279297,0.6793132424354553
8142,0.866858184337616,2.319235324859619,-0.009258118458092213,-0.10705611109733582
8143,-0.7481542229652405,1.0306087732315063,-0.4485566020011902,1.0813652276992798
8144,1.0913984775543213,0.4083457589149475,-0.34410205483436584,0.09800101816654205
8145,-0.6892696022987366,-1.2638319730758667,2.163613796234131,1.6920374631881714
8146,0.39486193656921387,-0.1305943727493286,0.7462759017944336,1.3299294710159302
8147,1.1625659465789795,1.0030903816223145,1.9041084051132202,0.24125607311725616
8148,0.7228955030441284,0.7718132734298706,0.3243628740310669,1.9434095621109009
8149,-0.4973524808883667,1.586219310760498,1.0034736394882202,0.9290328621864319
8150,0.4388156831264496,1.2749967575073242,-0.050951190292835236,-0.03240174800157547
8151,0.8883894085884094,0.5583894848823547,-0.19933854043483734,-0.08301124721765518
8152,0.4058707058429718,-2.0718789100646973,1.3186372518539429,-0.5841816067695618
8153,-0.0702497661113739,-0.9471600651741028,-0.9578720927238464,1.716071367263794
8154,-0.018411047756671906,-2.4499449729919434,-0.04188471660017967,-0.5806747674942017
8155,-0.1801912933588028,1.5975669622421265,-0.6473795771598816,0.1373002529144287
8156,1.1709468364715576,0.718222439289093,-1.8401368856430054,-0.702755331993103
8157,0.17533764243125916,0.8126170635223389,2.1968631744384766,-0.7489827871322632
8158,-1.2168503999710083,-0.4151507318019867,-1.437828540802002,0.6444147825241089
8159,0.30850517749786377,0.6858819127082825,0.45656657218933105,-0.10782448947429657
8160,-0.12222407013177872,1.4329689741134644,0.7576735019683838,-0.7852715849876404
8161,0.6884018182754517,0.6680899858474731,-1.0470244884490967,0.3020978271961212
8162,-0.31521522998809814,1.2957371473312378,0.3802148401737213,-1.350565791130066
8163,1.4518276453018188,0.6652272343635559,-1.1699315309524536,-1.1092140674591064
8164,-0.12714412808418274,1.8309202194213867,-0.636258602142334,-0.17936751246452332
8165,-0.43211397528648376,1.3006646633148193,-0.0997430756688118,-1.0403825044631958
8166,0.7432458996772766,-0.32171717286109924,1.1793086528778076,0.1614815890789032
8167,0.44435977935791016,-0.8633885383605957,0.23277419805526733,0.4455459713935852
8168,0.8801714777946472,0.7148904204368591,-1.4507514238357544,-0.380393385887146
8169,-0.6302364468574524,1.0786378383636475,0.5702501535415649,1.016268014907837
8170,-1.090093970298767,0.5208315253257751,1.9318760633468628,1.7656077146530151
8171,1.6080076694488525,-0.2706613838672638,-1.3255013227462769,0.9893209338188171
8172,-0.8032649755477905,-0.4984818398952484,-0.30057844519615173,-1.5942646265029907
8173,0.2410367727279663,-0.9798730611801147,-2.000102996826172,-1.6174103021621704
8174,-1.231736421585083,-0.5479742288589478,-0.9809743165969849,-0.48996275663375854
8175,0.29892969131469727,0.2603396475315094,-0.8357417583465576,-0.19891954958438873
8176,-0.2086704671382904,0.25934338569641113,1.5208038091659546,-1.8014094829559326
8177,0.9029335379600525,-0.2911739647388458,0.9983139634132385,-1.7445793151855469
8178,-0.3192862570285797,-1.552413821220398,1.127619981765747,-0.49697479605674744
8179,0.8239434957504272,0.06634528189897537,-1.0302084684371948,0.7398083806037903
8180,0.6920676231384277,-0.01756005361676216,-1.8127480745315552,-1.4103132486343384
8181,0.6464356780052185,0.16774387657642365,-1.5883325338363647,-0.9360881447792053
8182,1.2571972608566284,0.9405922889709473,0.7257450819015503,0.6635733246803284
8183,1.130846381187439,0.19662237167358398,-0.2781480848789215,1.5773093700408936
8184,-0.21717795729637146,-1.2763080596923828,-1.434712290763855,2.402733325958252
8185,0.24256563186645508,0.5545759201049805,0.8081085085868835,1.8958853483200073
8186,1.1418100595474243,-1.7259371280670166,0.2453678846359253,-1.3788437843322754
8187,1.050465703010559,1.0379867553710938,-0.11988180875778198,-0.6832712292671204
8188,-0.17022351920604706,2.1024413108825684,1.316962480545044,1.563190221786499
8189,0.09782397747039795,0.365031361579895,-0.5754420757293701,-0.9288585186004639
8190,0.7200914025306702,-0.006167326122522354,0.400195449590683,0.011677183210849762
8191,-0.5035222768783569,-1.739475131034851,0.8651553392410278,1.715441107749939
8192,-0.3165299892425537,-0.46108436584472656,-0.7221779823303223,-1.2271701097488403
8193,-0.13216666877269745,1.4083778858184814,0.2260918766260147,-0.37112948298454285
8194,-0.5871345400810242,1.4627093076705933,-0.044152043759822845,-1.493809461593628
8195,0.9731950759887695,-1.1629371643066406,-0.2780996263027191,0.4686771631240845
8196,-0.6923913359642029,-0.04912911355495453,0.18768899142742157,-1.1100361347198486
8197,-0.957327663898468,-0.49530744552612305,-2.042562484741211,0.17192672193050385
8198,-0.22614841163158417,0.6980288028717041,-0.20852895081043243,0.6871185898780823
8199,1.2925269603729248,-1.742099404335022,-0.5341278314590454,0.3254149556159973
8200,-0.693688690662384,1.0689085721969604,-1.8258041143417358,0.6929038166999817
8201,-0.888833224773407,1.849284052848816,0.7934195399284363,-0.12431538105010986
8202,0.9187942743301392,-0.20959745347499847,-1.4633164405822754,-0.7878811955451965
8203,-0.7157802581787109,0.10522935539484024,0.45695164799690247,-0.42925527691841125
8204,-1.0823204517364502,0.3955640196800232,1.3649269342422485,-1.8271745443344116
8205,-0.2521062195301056,0.128453329205513,0.5094727277755737,2.2652812004089355
8206,0.627855658531189,0.1347547173500061,-0.6657408475875854,0.3825421929359436
8207,-1.1217361688613892,1.6890950202941895,-0.6278060674667358,-0.991833508014679
8208,0.3226413428783417,0.7099039554595947,1.258894443511963,0.44241297245025635
8209,-1.635360836982727,-0.6268043518066406,1.3976176977157593,0.37000519037246704
8210,-1.5816715955734253,0.915094256401062,-1.3673185110092163,-0.4958552420139313
8211,0.2701132297515869,-0.30084002017974854,0.8289859294891357,-0.5301494598388672
8212,-0.33307355642318726,0.2667285203933716,-1.4662261009216309,0.5068776607513428
8213,-2.5164687633514404,-2.4179677963256836,0.5157074928283691,0.6662634611129761
8214,0.7241966128349304,0.7163049578666687,-1.1436972618103027,-0.13665278255939484
8215,-0.5567923784255981,-0.6548101902008057,-0.8708356022834778,-0.9263560771942139
8216,-0.0704311728477478,1.6693458557128906,-0.04538615792989731,-0.739823579788208
8217,1.066677451133728,1.1095671653747559,1.1951344013214111,0.6964983940124512
8218,0.311984121799469,-0.48470622301101685,-0.5511812567710876,0.5570513606071472
8219,0.5174162983894348,-0.8050341010093689,-0.8998783826828003,-0.883330762386322
8220,0.4658762812614441,0.8737468719482422,0.5781236886978149,-0.8652985095977783
8221,1.1750974655151367,1.2575335502624512,-1.6936182975769043,1.4915026426315308
8222,0.8038591742515564,0.19605064392089844,-0.24299980700016022,-0.37394842505455017
8223,1.21095609664917,-0.41451141238212585,-0.04668125882744789,-2.690737247467041
8224,-0.07989411056041718,-0.6777561902999878,0.2665026783943176,-2.002527952194214
8225,-0.2040674388408661,-0.15659891068935394,-0.6082571148872375,-1.3025277853012085
8226,0.045998167246580124,2.3697943687438965,-0.19820865988731384,0.26109498739242554
8227,-0.6083950400352478,-1.6862750053405762,0.44321316480636597,-0.9029919505119324
8228,-0.34462791681289673,-0.17645512521266937,-2.029043197631836,0.22136253118515015
8229,1.0705658197402954,1.3571751117706299,-0.036617059260606766,-1.2771072387695312
8230,1.004937767982483,-0.997668981552124,-0.7564638257026672,1.0963257551193237
8231,0.08479882776737213,1.7350636720657349,1.680495023727417,-0.7342318296432495
8232,0.07242363691329956,1.0509570837020874,1.595109224319458,-1.3986084461212158
8233,0.15548942983150482,-0.06112319231033325,0.4113481938838959,-0.37026578187942505
8234,1.5589059591293335,0.3439788222312927,-0.010769610293209553,-1.0410103797912598
8235,0.10642614215612411,-1.4620699882507324,-1.400047779083252,1.3213119506835938
8236,1.284824252128601,-0.44065290689468384,0.09047725796699524,-1.4387887716293335
8237,0.790433943271637,-1.9541016817092896,-1.0969269275665283,-1.3925470113754272
8238,-0.09887617826461792,1.5502126216888428,-0.812238872051239,1.0751197338104248
8239,2.268749475479126,-1.7710108757019043,-1.5464245080947876,-0.017728591337800026
8240,0.3590409457683563,0.4522261619567871,0.5639387965202332,0.06404992938041687
8241,1.6685116291046143,-0.17359749972820282,-0.4766119718551636,1.7634053230285645
8242,1.528162956237793,-0.38950806856155396,-0.2828657329082489,0.5736414194107056
8243,0.8440399169921875,1.3654042482376099,0.16313296556472778,-0.6469510793685913
8244,-0.03677011653780937,-0.2540435194969177,-0.12311412394046783,0.37402042746543884
8245,-0.5020798444747925,-0.31656360626220703,1.8703960180282593,-0.7767347097396851
8246,-0.03550156205892563,2.2638497352600098,-0.10768914222717285,-1.5963685512542725
8247,1.2542853355407715,0.9144088625907898,0.0734458789229393,-0.41384008526802063
8248,-0.22548246383666992,0.1649685502052307,0.467134952545166,1.1360398530960083
8249,-2.4345552921295166,-0.10564866662025452,0.7566614151000977,-0.1743018478155136
8250,-0.4715135395526886,-0.8009451627731323,0.08674401044845581,0.02426225319504738
8251,-0.8379440903663635,1.069234013557434,0.243093341588974,0.9190106391906738
8252,-1.01375150680542,-0.8132956027984619,-1.06432044506073,0.28369423747062683
8253,1.0160413980484009,0.9309308528900146,-2.022562026977539,-0.5520769953727722
8254,0.5295220017433167,0.4520951509475708,-0.7768816351890564,0.5455880165100098
8255,0.4351598620414734,-0.8476409316062927,-0.929040789604187,-2.0362305641174316
8256,-0.5124605894088745,-1.114815354347229,-0.20507922768592834,-0.26508787274360657
8257,0.273848295211792,0.9720151424407959,0.17935660481452942,1.5285265445709229
8258,-0.33122503757476807,2.0472798347473145,-0.5405200719833374,1.6442478895187378
8259,1.307341456413269,-0.4008118510246277,0.15338341891765594,-1.2437626123428345
8260,0.2830275297164917,0.206126868724823,0.8830586075782776,1.3624602556228638
8261,-0.7183994650840759,0.4953244924545288,-0.321318656206131,0.2696869373321533
8262,1.1849011182785034,0.3839470148086548,-0.9643771648406982,-0.15270395576953888
8263,1.1072551012039185,1.491838812828064,-0.6065416932106018,0.26887381076812744
8264,3.0095574855804443,0.6771911978721619,1.5168930292129517,0.7106609344482422
8265,0.7984040975570679,0.408905029296875,-0.3454554080963135,-1.2766294479370117
8266,-0.008465049788355827,-0.5676106214523315,-0.4191300570964813,-0.47473832964897156
8267,-0.13688911497592926,0.8653912544250488,-0.03525804728269577,1.6286574602127075
8268,0.9649350643157959,-0.36151403188705444,-0.2191956639289856,-1.8234082460403442
8269,-0.37358027696609497,0.9395413398742676,1.4085569381713867,-2.1108715534210205
8270,0.2822725176811218,0.21074137091636658,0.17434348165988922,0.9484156370162964
8271,-0.6770055890083313,0.4754483699798584,0.2197258472442627,-0.5650926232337952
8272,-0.027739664539694786,-1.9961076974868774,0.17857302725315094,1.866300106048584
8273,0.40969836711883545,-0.1518833488225937,-0.8741074204444885,2.0389764308929443
8274,-1.7071521282196045,0.16600807011127472,-0.48871055245399475,1.6017823219299316
8275,1.4588873386383057,1.3247824907302856,-1.1321320533752441,-0.7790824770927429
8276,-0.24015624821186066,2.324206829071045,1.5960299968719482,-2.839472770690918
8277,-1.3176178932189941,-1.2579267024993896,0.7036393880844116,0.23180042207241058
8278,-0.35148027539253235,1.022399663925171,-0.4004769027233124,0.8130236864089966
8279,-0.5073697566986084,-0.5342235565185547,1.0688997507095337,0.031108416616916656
8280,0.34134355187416077,-0.7076923847198486,-0.15612876415252686,0.7187743782997131
8281,1.7353954315185547,0.9186492562294006,-0.023550935089588165,0.2130347043275833
8282,0.4215361773967743,0.984555184841156,-0.27884095907211304,1.1352084875106812
8283,0.6384068727493286,3.1906392574310303,0.6171609163284302,0.4457094967365265
8284,1.062962293624878,-1.6395206451416016,0.16376762092113495,-0.39909857511520386
8285,-0.18793031573295593,0.3319031000137329,0.6595252156257629,0.513664722442627
8286,0.9217370748519897,1.3482998609542847,-0.26253947615623474,-0.670682430267334
8287,-0.9814974069595337,0.9550339579582214,1.4683893918991089,2.5712544918060303
8288,1.0861599445343018,-0.6014534831047058,-1.0671195983886719,1.4225125312805176
8289,-0.9024898409843445,0.2432405650615692,-0.10049407929182053,1.1404199600219727
8290,-0.40289947390556335,1.3184460401535034,0.781536340713501,-0.4065818190574646
8291,1.2278797626495361,-0.425950288772583,0.10160570591688156,-1.3396540880203247
8292,0.3128438889980316,1.5299503803253174,0.3902524411678314,0.012077439576387405
8293,-0.45871615409851074,2.69138503074646,0.9637039303779602,-0.11522804200649261
8294,0.2681143581867218,1.1264667510986328,-1.2662523984909058,0.6887387633323669
8295,-0.06615965068340302,-0.19708304107189178,0.63434237241745,-0.40308648347854614
8296,1.8975114822387695,-0.8141800165176392,0.3630484938621521,0.34072938561439514
8297,0.5128863453865051,0.9004343748092651,-0.34558844566345215,0.6089246273040771
8298,-0.23024308681488037,0.46883147954940796,0.15999186038970947,1.4099329710006714
8299,0.5843044519424438,-1.737496256828308,0.8266612887382507,0.6597628593444824
8300,-0.9424442648887634,0.7066071629524231,-1.4660203456878662,-0.8311882019042969
8301,-0.8697604537010193,-0.14132024347782135,0.45037978887557983,2.3427999019622803
8302,0.67823326587677,0.10278315842151642,1.3889520168304443,-0.4299815595149994
8303,-0.1222405657172203,-1.0999809503555298,1.4816924333572388,-0.034363750368356705
8304,1.0134460926055908,-0.35347282886505127,0.5697770118713379,-0.008972449228167534
8305,1.1271898746490479,-0.07140357792377472,-1.843849778175354,-0.4434109330177307
8306,-0.1029406487941742,0.8707835674285889,0.6885820627212524,-0.16171257197856903
8307,1.9286258220672607,-0.37373578548431396,-0.24406124651432037,0.4463981091976166
8308,-0.027284178882837296,-1.362308144569397,-1.0524529218673706,-0.6508535146713257
8309,0.3126671016216278,-0.5746769905090332,0.6673915982246399,0.24828997254371643
8310,-0.3321322798728943,-0.5877068638801575,0.13119852542877197,0.26527339220046997
8311,-0.48581600189208984,2.320798397064209,-1.2228991985321045,-0.5195479989051819
8312,0.13349409401416779,-1.1100791692733765,-0.46387380361557007,-0.9226666688919067
8313,-0.3014886975288391,1.442992925643921,-1.4660700559616089,-0.8321570158004761
8314,1.4969300031661987,0.03137308359146118,-1.0008275508880615,0.631975531578064
8315,-1.2380738258361816,-0.44735682010650635,0.9119108319282532,0.06566612422466278
8316,-2.0254251956939697,0.22273306548595428,-1.6240450143814087,-0.9059969186782837
8317,-0.7818416357040405,-1.9333279132843018,0.26524975895881653,1.4587432146072388
8318,1.2515289783477783,1.3868931531906128,-0.3127254545688629,0.2940886616706848
8319,2.230382204055786,0.5174949169158936,0.14153186976909637,-0.09806636720895767
8320,-0.8076938390731812,-0.48105862736701965,-0.07186242192983627,1.0265027284622192
8321,-0.07215498387813568,1.7410709857940674,0.7545651793479919,2.8268356323242188
8322,0.5867825150489807,0.45788896083831787,0.18297964334487915,0.24232593178749084
8323,-0.7453247308731079,1.3042703866958618,0.7315970063209534,0.341732382774353
8324,-0.14512351155281067,0.657719612121582,-1.1136215925216675,-0.31187954545021057
8325,-0.27347883582115173,0.7852609157562256,-0.09624641388654709,0.3575202226638794
8326,-0.9454644322395325,-0.7066763043403625,0.3498803675174713,-0.606126070022583
8327,-0.2242092490196228,-0.0749124139547348,0.26668745279312134,0.5723596811294556
8328,1.0203572511672974,-2.005718231201172,3.2602827548980713,0.8801145553588867
8329,0.543999195098877,1.0784704685211182,-0.8261901140213013,-0.05070894956588745
8330,1.733596920967102,1.2994396686553955,0.39720988273620605,2.239149570465088
8331,-0.16073094308376312,0.49770504236221313,-1.2512059211730957,-1.808796763420105
8332,-0.09922146797180176,1.2997870445251465,-0.09244274348020554,0.433061420917511
8333,2.391826868057251,0.367517352104187,-0.5441274046897888,0.5031958818435669
8334,-1.162236213684082,-0.6746219396591187,0.08189505338668823,0.9390719532966614
8335,-0.15237703919410706,-0.2041223794221878,0.8213052749633789,-1.1051758527755737
8336,-0.19385342299938202,0.13443803787231445,-0.25068795680999756,-1.264339804649353
8337,0.8039734959602356,0.5282522439956665,0.7038722634315491,2.1559267044067383
8338,-0.7791339159011841,0.23388195037841797,1.2280466556549072,0.5679690837860107
8339,-1.298179030418396,-0.8655446171760559,0.45255762338638306,-2.210291862487793
8340,0.46004703640937805,-1.9282312393188477,-1.429275393486023,0.03577351197600365
8341,0.5245029330253601,1.3578071594238281,2.8086791038513184,-0.030862385407090187
8342,0.8816066384315491,1.468215823173523,0.5976015329360962,-0.5425481796264648
8343,-0.07658646255731583,0.9390315413475037,-0.5885733962059021,0.8002427220344543
8344,0.5268516540527344,2.0779285430908203,1.1526061296463013,-0.6556076407432556
8345,0.7972399592399597,1.9780806303024292,0.9414807558059692,0.507995069026947
8346,1.449111819267273,-0.7590891122817993,-1.21921968460083,0.21645765006542206
8347,0.5860217213630676,-0.32004427909851074,-0.5635461211204529,0.6629769206047058
8348,0.1936151087284088,-0.9231138229370117,-1.823516607284546,0.13326901197433472
8349,-0.5108591318130493,0.5687114000320435,1.234296202659607,0.05344412475824356
8350,0.3993462920188904,-0.8390686511993408,1.7319624423980713,0.8859332799911499
8351,-1.0057847499847412,-0.5081149339675903,0.22078081965446472,1.086190938949585
8352,0.9299946427345276,0.868582010269165,0.42142489552497864,-0.41819053888320923
8353,0.4986971914768219,-1.999503493309021,-0.7231109142303467,0.1681205779314041
8354,-0.08985646069049835,0.2279859185218811,0.7053229808807373,-1.9210662841796875
8355,-0.2664478123188019,-0.032683923840522766,-0.48433518409729004,-1.1293387413024902
8356,0.3468960225582123,-0.6844902634620667,-1.0671197175979614,1.1151885986328125
8357,-0.6781524419784546,-0.345050573348999,-0.6956769824028015,0.9735705852508545
8358,-0.5198197364807129,-0.0003877878189086914,-0.07647264748811722,1.1287293434143066
8359,-0.9823262691497803,1.2589738368988037,0.6222022771835327,0.1816658079624176
8360,-0.36934739351272583,1.9849693775177002,0.3279677629470825,0.4302160441875458
8361,0.4151599407196045,0.49707382917404175,-0.9139835834503174,-0.47118493914604187
8362,-0.1451665759086609,-0.19451086223125458,-0.5951746106147766,0.6282110810279846
8363,0.9388249516487122,-0.5127035975456238,1.0673021078109741,1.844375491142273
8364,0.7690340876579285,-0.5021569728851318,-1.112977147102356,-0.5406762957572937
8365,0.4000091254711151,0.03734930604696274,0.6668317914009094,-0.5019727945327759
8366,0.3617871403694153,1.2705790996551514,0.34522369503974915,-0.6657639741897583
8367,2.6233630180358887,0.2769271731376648,-0.4861595332622528,1.646234154701233
8368,1.1771118640899658,0.1461215764284134,1.7555017471313477,0.791251003742218
8369,0.054833292961120605,-1.3638403415679932,-0.4706439673900604,-0.42918291687965393
8370,1.3821942806243896,-0.34043121337890625,0.8974817991256714,1.560781478881836
8371,-0.9764218330383301,2.0824670791625977,-1.029068946838379,-1.5348129272460938
8372,-0.26492828130722046,0.9070362448692322,0.7154538631439209,0.2590438723564148
8373,0.8883107304573059,-0.5786993503570557,0.8143577575683594,-0.03341836854815483
8374,-0.7553685903549194,-0.44937074184417725,0.44949325919151306,-0.42068395018577576
8375,-0.9805688261985779,0.8697815537452698,0.4912641644477844,0.9240323901176453
8376,0.15361768007278442,-1.5249838829040527,0.5030248165130615,-0.521486222743988
8377,2.441514730453491,-0.2124919444322586,0.7498202919960022,1.0558826923370361
8378,-1.7870818376541138,0.5832890272140503,-0.09598476439714432,-1.1142276525497437
8379,-1.0303623676300049,-0.48100292682647705,-0.07147277891635895,0.3972768187522888
8380,-1.020134449005127,0.7169950008392334,0.23998352885246277,-0.5674196481704712
8381,0.13142430782318115,0.041374027729034424,0.25940313935279846,-0.8966732621192932
8382,-0.5185708403587341,0.17355221509933472,-0.5503431558609009,-0.6774114370346069
8383,1.5384037494659424,-0.3217605948448181,-0.3691909909248352,-0.9825958609580994
8384,0.7960259914398193,1.1168285608291626,-1.073050618171692,-0.9846599698066711
8385,-0.007643193006515503,-0.4599480628967285,2.078087568283081,-0.1233506053686142
8386,0.11114589124917984,1.5318794250488281,-0.6467028856277466,-0.0580645389854908
8387,0.30724436044692993,0.7287416458129883,2.174734354019165,-0.9733363389968872
8388,1.1916451454162598,0.9942478537559509,-0.9698473215103149,1.2954598665237427
8389,2.2836596965789795,0.4535461664199829,-0.24230001866817474,0.40369951725006104
8390,-0.4481005072593689,-0.5055018067359924,-1.470044493675232,-0.1958850771188736
8391,-0.10377481579780579,2.278430938720703,0.017839234322309494,1.360869288444519
8392,0.6632131338119507,-0.5058230757713318,-0.9193386435508728,-0.780520498752594
8393,-0.5607808828353882,-0.2270672768354416,-0.9709646105766296,0.20073670148849487
8394,0.5736836194992065,0.4597035050392151,0.24296149611473083,-1.5902529954910278
8395,-2.3487775325775146,0.4660298824310303,-0.02625628188252449,1.0959663391113281
8396,-0.21747565269470215,-0.7006170153617859,0.6491633653640747,0.18992048501968384
8397,-1.5738176107406616,0.17118047177791595,0.7586159706115723,0.2783675789833069
8398,-1.2584154605865479,1.6441892385482788,0.0939495861530304,-0.715715229511261
8399,-0.7779338359832764,-0.6557551622390747,-0.02849794365465641,-0.22564861178398132
8400,0.10502060502767563,-0.274681031703949,-0.6527897119522095,-1.3718394041061401
8401,0.6744084358215332,0.07500293850898743,-0.6681652069091797,-0.0003161579370498657
8402,0.3516033887863159,-0.2023778259754181,-1.2150499820709229,-1.030288577079773
8403,-0.8141496181488037,-0.41891300678253174,-0.6889164447784424,3.410586357116699
8404,0.513411819934845,-0.2113720029592514,-0.08266334980726242,0.43996742367744446
8405,1.2794893980026245,0.7683419585227966,-0.5391545295715332,-2.0301060676574707
8406,0.4855608642101288,1.3866184949874878,0.5863175392150879,0.4369763135910034
8407,-1.3505346775054932,-0.6719094514846802,-0.03473643958568573,-0.41596508026123047
8408,-0.9312746524810791,-0.7130681872367859,0.19949883222579956,-0.6553695201873779
8409,-1.4344534873962402,0.07771067321300507,0.3662014305591583,0.810354471206665
8410,-1.0949798822402954,-0.7812786102294922,0.5011231899261475,-0.7844623923301697
8411,-0.8970876932144165,-0.22049270570278168,-0.013255218975245953,-1.097592830657959
8412,-0.3810754418373108,-0.20884783565998077,0.8763200640678406,0.47106990218162537
8413,-0.18136419355869293,0.3654051423072815,0.7357549071311951,-0.7870557308197021
8414,-0.35503795742988586,-0.4357032775878906,2.1430587768554688,0.6135222911834717
8415,0.8989670276641846,0.01701962947845459,-0.44308605790138245,0.10459165275096893
8416,2.251765727996826,-0.7643641233444214,0.7259570956230164,0.21716679632663727
8417,0.1071861982345581,0.8694273233413696,-0.26455745100975037,1.0244884490966797
8418,-0.14189621806144714,0.28022605180740356,-0.6099491119384766,-1.2493482828140259
8419,0.20455597341060638,-1.1382908821105957,1.1626300811767578,0.3510764539241791
8420,0.9612149596214294,0.45059311389923096,-0.16308268904685974,1.1474651098251343
8421,0.035749927163124084,0.714965283870697,0.6870599985122681,0.6894819736480713
8422,-0.4759039878845215,1.5185205936431885,-0.027375128120183945,1.396588683128357
8423,1.7579882144927979,1.5688793659210205,1.0612486600875854,0.10299599170684814
8424,-0.29492366313934326,0.5814152956008911,0.7865197658538818,-0.43825387954711914
8425,-1.194271206855774,-0.6882221102714539,0.562009871006012,-0.07498127967119217
8426,1.0372014045715332,2.6379988193511963,0.8551504611968994,-1.2713069915771484
8427,0.9144385457038879,-0.13455380499362946,0.3993355929851532,-0.65525883436203
8428,-0.19835418462753296,0.3031806945800781,1.2542757987976074,0.7974939346313477
8429,0.9447190165519714,-0.7829530835151672,-0.30007413029670715,-0.894695520401001
8430,0.05796097218990326,-0.3757593631744385,0.5374451279640198,-0.8978658318519592
8431,-0.7794021964073181,0.06937994062900543,0.016986167058348656,1.1313554048538208
8432,0.1131257563829422,1.009021282196045,-0.3945702612400055,0.31536298990249634
8433,-1.6007486581802368,-0.7894737124443054,-0.8833799362182617,-0.02275969460606575
8434,-0.36523258686065674,2.014244556427002,-1.4652068614959717,-0.25084394216537476
8435,0.6308238506317139,2.378220319747925,-1.6484276056289673,0.16743989288806915
8436,1.1612892150878906,-1.7560107707977295,0.43679311871528625,0.8037505149841309
8437,-0.5883641242980957,0.138688862323761,0.8243400454521179,-0.9741223454475403
8438,1.3575479984283447,0.2702332139015198,-0.862949013710022,-1.2769083976745605
8439,1.5586172342300415,0.9447018504142761,0.4030665159225464,1.4406788349151611
8440,0.06984041631221771,0.3946097493171692,0.5072940587997437,1.8937596082687378
8441,-0.05605551600456238,0.037118107080459595,1.0917689800262451,-0.5612651705741882
8442,1.3370022773742676,0.4726467430591583,-0.31747403740882874,0.6056131720542908
8443,0.20614349842071533,0.13331201672554016,-1.0784683227539062,-0.4232661724090576
8444,0.009115699678659439,-1.296921730041504,1.5207746028900146,1.9014227390289307
8445,-0.7357527017593384,-0.12365241348743439,0.4427262544631958,2.731133222579956
8446,2.5840604305267334,0.15432000160217285,-0.19346021115779877,-0.09546852111816406
8447,-0.38851097226142883,0.19696688652038574,0.14972206950187683,-0.9860674738883972
8448,0.3213385045528412,-0.8268759250640869,0.9838826060295105,-0.08894579112529755
8449,2.1045210361480713,0.44055861234664917,0.28139063715934753,0.2860824763774872
8450,-1.4942049980163574,-0.9122933149337769,1.0017986297607422,-1.9992388486862183
8451,0.9530214667320251,-2.784405469894409,-0.10245110839605331,0.40878167748451233
8452,0.4376472234725952,-0.31821104884147644,0.6446612477302551,-1.874342679977417
8453,-1.384997010231018,-0.1455623209476471,0.737638533115387,-0.6902597546577454
8454,-0.7396840453147888,0.148347407579422,-0.7008294463157654,-2.0692129135131836
8455,-0.5981693267822266,-1.5465961694717407,-0.1251544952392578,-1.0717196464538574
8456,1.4286091327667236,-0.7186827659606934,2.3319287300109863,-0.0802316963672638
8457,0.2092689722776413,-0.05319172143936157,0.014618773944675922,-0.6793793439865112
8458,2.494464635848999,0.5467333793640137,-0.06432734429836273,-0.6584808230400085
8459,-0.5276092290878296,-0.129297137260437,1.0013880729675293,-1.3793654441833496
8460,-1.0889012813568115,0.24394837021827698,0.19776299595832825,-0.2870975136756897
8461,-1.606728434562683,-0.545812726020813,0.5623598694801331,1.2409939765930176
8462,-0.2852027118206024,0.6567911505699158,1.087290644645691,-1.0730382204055786
8463,-0.7065110206604004,-0.16998906433582306,-0.8290344476699829,-0.09906835854053497
8464,-0.7686908841133118,-0.10303591191768646,0.050444260239601135,0.4947793781757355
8465,1.9649810791015625,-0.8132907748222351,0.7235530614852905,-0.5657758116722107
8466,0.05815539509057999,0.8950263857841492,0.9651748538017273,-0.9495949149131775
8467,-1.1776478290557861,-0.31591907143592834,0.6364798545837402,-0.33511871099472046
8468,1.4993228912353516,0.4329502582550049,-1.363023281097412,-2.1676642894744873
8469,1.4331257343292236,1.8545392751693726,-0.2972047030925751,-0.22362415492534637
8470,-0.056303754448890686,0.10712933540344238,1.1525945663452148,0.9106603264808655
8471,0.573345959186554,-0.2122691571712494,-0.4963182508945465,-0.9498707056045532
8472,0.44509461522102356,1.9686845541000366,-0.18169990181922913,2.338031053543091
8473,-1.6635754108428955,-0.40035372972488403,0.670218288898468,0.5856541991233826
8474,0.5101841688156128,1.6346330642700195,-1.426177978515625,0.595775306224823
8475,-0.23718930780887604,0.35488855838775635,-0.7666617631912231,0.8614059686660767
8476,-1.3773459196090698,-0.4814301133155823,-1.5557847023010254,0.6722604632377625
8477,0.9670204520225525,-0.37589919567108154,0.7818573117256165,0.09602007269859314
8478,0.48455414175987244,2.5646729469299316,-0.6596013903617859,0.7695016264915466
8479,0.7364278435707092,0.1538672298192978,-0.4337206184864044,0.03163802996277809
8480,2.1490821838378906,-0.11230671405792236,-0.32095885276794434,0.4090435206890106
8481,0.09556946903467178,-2.7332777976989746,0.6276068687438965,-0.6531131863594055
8482,-0.4780898988246918,1.6116788387298584,0.8009670972824097,-1.3050754070281982
8483,-0.5493877530097961,0.1741204708814621,-1.2665188312530518,-0.13323348760604858
8484,0.7274993658065796,0.36763083934783936,-0.28933340311050415,0.9842716455459595
8485,-0.5795440673828125,-0.4759894609451294,1.0392260551452637,0.2831498980522156
8486,0.33737772703170776,-1.1056381464004517,-1.5885345935821533,-1.0021722316741943
8487,-0.5862724781036377,-1.0581166744232178,-0.4219488203525543,-0.1888684332370758
8488,-1.7920197248458862,-1.4020851850509644,0.9524030685424805,-1.1383960247039795
8489,1.1401262283325195,0.25647443532943726,1.5311561822891235,-0.337005615234375
8490,-0.976781964302063,-1.242814302444458,-0.030328545719385147,-2.3964924812316895
8491,0.8518041372299194,0.2953864336013794,-0.5348291397094727,0.04218018800020218
8492,1.3219877481460571,0.23732733726501465,1.2897883653640747,-0.9574576020240784
8493,-1.2819478511810303,1.5713355541229248,0.5479287505149841,0.5255681276321411
8494,0.5898522734642029,0.053462669253349304,0.8033578395843506,0.3662857711315155
8495,-0.5071027278900146,0.11226797103881836,0.7726685404777527,0.20252764225006104
8496,-0.09155081957578659,0.46538448333740234,0.41305068135261536,0.5704246759414673
8497,1.2399266958236694,1.4710110425949097,0.036885280162096024,-0.37024879455566406
8498,1.8520992994308472,-0.26374977827072144,-0.9701595902442932,-0.48460811376571655
8499,-0.6339629888534546,-1.785727858543396,-0.1261686086654663,-1.2334299087524414
8500,-0.5273098349571228,0.1965399831533432,-1.273563265800476,-0.13893631100654602
8501,-0.6767696142196655,2.329601764678955,-0.23791244626045227,-0.9583905935287476
8502,1.3989427089691162,-0.7083662748336792,-2.5260658264160156,0.34823518991470337
8503,0.3040641248226166,0.4025195240974426,1.006812572479248,-0.6201615929603577
8504,1.3314087390899658,0.9006054997444153,-0.4002133309841156,-0.33009451627731323
8505,0.27375808358192444,0.31373152136802673,-0.5532784461975098,-0.002940259873867035
8506,1.04412841796875,0.9317607879638672,0.8428491353988647,-0.3945295810699463
8507,-0.011192478239536285,-0.6020556688308716,-0.44633540511131287,0.09465229511260986
8508,-0.6330442428588867,2.257873773574829,0.30912700295448303,-1.2691360712051392
8509,0.4683692455291748,-0.037380069494247437,-0.6009251475334167,-0.4942981004714966
8510,-0.7957422733306885,0.667816162109375,1.0024727582931519,-0.2556407153606415
8511,-0.2723831534385681,0.04215018451213837,-0.2961794137954712,-0.3487147390842438
8512,1.040547490119934,0.7020177245140076,-0.43669092655181885,0.3330462574958801
8513,0.9699739217758179,-1.0033122301101685,0.9339275360107422,-0.409031480550766
8514,0.6574448347091675,-1.5605546236038208,-0.4970428943634033,-0.25892138481140137
8515,0.48473334312438965,-0.6063411831855774,0.016551267355680466,0.39465275406837463
8516,0.6420413255691528,-0.8454771041870117,0.16124121844768524,0.2267119586467743
8517,-0.4229152500629425,0.897172749042511,0.9302293062210083,0.725606381893158
8518,-1.5623072385787964,0.41884446144104004,0.3312453329563141,-0.6355020999908447
8519,0.18588818609714508,0.02131853997707367,0.0749606341123581,-0.49045848846435547
8520,-0.40402752161026,-0.742311418056488,-0.7188951373100281,0.2704865336418152
8521,-0.7109299898147583,1.6399365663528442,0.8112032413482666,0.18930794298648834
8522,2.7225112915039062,1.9943791627883911,-0.2048361897468567,-1.168045163154602
8523,-1.360024333000183,-1.4693607091903687,-0.7410780191421509,-0.9149371385574341
8524,1.996224284172058,0.004783734679222107,0.07470495253801346,0.6169816255569458
8525,1.5273128747940063,-0.6812307238578796,-0.8366820812225342,1.190598964691162
8526,-0.9270076155662537,1.5283581018447876,-1.6462867259979248,-1.2390918731689453
8527,0.4355839192867279,-0.8503788709640503,-2.3413941860198975,1.186328411102295
8528,0.6349104642868042,0.5742897987365723,0.15089033544063568,-0.5475116968154907
8529,-1.017425537109375,-2.1154303550720215,-0.8257489204406738,-0.21679534018039703
8530,0.7880807518959045,0.029943116009235382,-0.8932726979255676,0.03171584755182266
8531,-0.9090596437454224,1.0078071355819702,0.31563249230384827,0.2551979422569275
8532,0.7755261659622192,0.625059962272644,-1.5096997022628784,1.5515666007995605
8533,-0.31243059039115906,0.28342723846435547,0.20261931419372559,-1.0607818365097046
8534,0.6767651438713074,1.4970217943191528,0.8562711477279663,2.4060404300689697
8535,0.8932635188102722,0.23382091522216797,-1.1845378875732422,-0.035617645829916
8536,0.21217134594917297,0.34463709592819214,0.2796626389026642,0.12971122562885284
8537,-1.591184139251709,-1.9982173442840576,0.2695518732070923,-0.5582213401794434
8538,-1.1870770454406738,-0.39623403549194336,-0.6883607506752014,-0.2408393919467926
8539,2.3245856761932373,-0.35440242290496826,2.0096888542175293,-0.21165059506893158
8540,-1.0919543504714966,-0.5386795401573181,0.5729190707206726,-1.150133728981018
8541,-0.29512080550193787,1.6446770429611206,-2.225621461868286,-1.3934264183044434
8542,0.00446548406034708,-0.045345500111579895,-0.47430023550987244,0.2018147110939026
8543,0.4668319523334503,0.6521033048629761,-1.2058091163635254,0.6081878542900085
8544,1.7893788814544678,1.4208987951278687,0.9703491926193237,0.9165339469909668
8545,-0.10388868302106857,-0.6174067258834839,2.2662200927734375,-1.174565315246582
8546,-1.8267391920089722,-0.6789251565933228,-0.25032851099967957,-1.9367984533309937
8547,-1.3720718622207642,-0.3258403539657593,-0.09157370775938034,0.05095250532031059
8548,-0.5933369994163513,0.6516584753990173,1.738050937652588,-1.5191993713378906
8549,1.259886384010315,-0.838353157043457,1.053887128829956,1.6973243951797485
8550,1.6361159086227417,-2.0716004371643066,-1.4213006496429443,-1.4620327949523926
8551,0.0008267350494861603,2.7525758743286133,0.6652421355247498,0.15560990571975708
8552,-0.1037839725613594,1.0621837377548218,1.3907161951065063,-0.14756885170936584
8553,1.814540982246399,1.74551260471344,1.0242464542388916,1.9220809936523438
8554,1.334372878074646,-1.4404041767120361,0.3972579836845398,-0.03152298182249069
8555,0.6922551393508911,0.01580311357975006,0.9065605401992798,1.2369823455810547
8556,-0.28443819284439087,0.766226589679718,0.6696987152099609,1.6747171878814697
8557,-0.9611222743988037,-1.2725056409835815,-1.9992469549179077,0.6200968027114868
8558,1.9623483419418335,0.5939943790435791,0.0272587351500988,0.5303794145584106
8559,0.16021227836608887,0.13750478625297546,1.2091858386993408,0.7886663675308228
8560,0.6389684677124023,-0.35318639874458313,0.2692089378833771,0.3742155134677887
8561,0.5767821073532104,0.27791088819503784,-0.4138438105583191,-0.027538590133190155
8562,-0.6994155049324036,-0.21635733544826508,-0.38129058480262756,0.4765635132789612
8563,0.131804421544075,1.7172807455062866,-0.3729000985622406,-1.5820975303649902
8564,1.7800428867340088,-1.1079646348953247,1.652864694595337,-0.6441904902458191
8565,0.7400266528129578,0.751612663269043,0.676520586013794,1.9868497848510742
8566,-1.4604021310806274,0.9398766160011292,0.2608400285243988,-0.14887413382530212
8567,-1.3887102603912354,-0.7103233337402344,-0.21275585889816284,1.173995018005371
8568,-0.318362832069397,-0.8060442805290222,1.1155024766921997,0.7232071161270142
8569,0.3340950310230255,0.721899688243866,-1.682415246963501,-0.9067214727401733
8570,0.003674895968288183,0.474601149559021,-0.0030185244977474213,0.039092592895030975
8571,0.4946790635585785,-0.7713350653648376,0.1489831507205963,-0.1205609068274498
8572,-0.9555461406707764,-0.3164008557796478,0.3366720676422119,0.7344945073127747
8573,-0.05894077569246292,1.2800060510635376,0.7019281387329102,1.1089471578598022
8574,-0.6020548939704895,-0.994877815246582,-0.3105105757713318,-0.5080523490905762
8575,-0.19721662998199463,0.8166791200637817,-1.064544439315796,-0.9054895639419556
8576,-1.3786123991012573,0.2105536162853241,-0.891520619392395,0.8494781851768494
8577,-0.20729389786720276,0.05710887163877487,0.3269902467727661,0.3940494656562805
8578,-0.9462023377418518,-0.5200297832489014,0.17923659086227417,-0.01009289175271988
8579,-0.016246115788817406,0.296195387840271,0.1298476755619049,-0.0021458715200424194
8580,-1.1301124095916748,1.7602530717849731,0.20739202201366425,-0.8920401334762573
8581,0.9249681830406189,-0.8542797565460205,0.04351206123828888,-0.18772396445274353
8582,0.15594129264354706,0.8968489170074463,-0.5577530264854431,0.8375661373138428
8583,1.1092818975448608,-1.24149751663208,1.086671233177185,1.0956445932388306
8584,0.4307120144367218,-0.20185250043869019,-0.04799697548151016,-0.36417242884635925
8585,-1.066680908203125,1.1054742336273193,-1.787906289100647,-1.3291035890579224
8586,1.1009055376052856,1.318291425704956,-0.25030532479286194,-1.262824296951294
8587,-0.7456784248352051,0.43978098034858704,0.7329055070877075,-2.064274311065674
8588,1.5513627529144287,-1.7176275253295898,0.07142583280801773,-2.1088192462921143
8589,-0.18781507015228271,1.7205125093460083,-0.9079437255859375,0.56343013048172
8590,1.7567287683486938,-0.3645538091659546,-1.0545265674591064,-0.18341919779777527
8591,-0.4698457419872284,0.035693295300006866,0.3877025842666626,1.784494400024414
8592,-1.6624743938446045,0.45584940910339355,0.30956682562828064,0.0008092783391475677
8593,-0.5337679386138916,1.4675055742263794,0.623108446598053,0.6140048503875732
8594,0.3372759521007538,-0.910552978515625,-0.30587437748908997,-0.2673383355140686
8595,-1.5197887420654297,0.5710222125053406,-0.04215032234787941,0.2484739124774933
8596,0.9723042845726013,0.6248964071273804,-1.290053367614746,-0.7212096452713013
8597,-0.059623025357723236,-0.1726788729429245,-0.7796834707260132,0.91141676902771
8598,-0.5987918972969055,-1.2764983177185059,-0.9680597186088562,0.7519479393959045
8599,-1.890500545501709,0.7537992000579834,0.7389092445373535,0.9722050428390503
8600,0.9174525737762451,-1.3491979837417603,0.27400463819503784,-1.1044294834136963
8601,-0.4919946491718292,0.26335078477859497,-0.46196088194847107,0.7714207172393799
8602,-0.6142885684967041,0.8055077791213989,0.1693369299173355,1.59103524684906
8603,0.42075127363204956,0.534525990486145,0.1830349862575531,-1.3979172706604004
8604,1.6721701622009277,2.4010283946990967,0.977819561958313,-0.08439239859580994
8605,1.3295769691467285,0.08760485798120499,-0.8360076546669006,-0.18458548188209534
8606,1.1450139284133911,0.603280782699585,-1.7393736839294434,-0.08328481018543243
8607,-0.12994323670864105,1.898621916770935,-1.1856944561004639,0.4499666094779968
8608,1.096727728843689,-0.1879594326019287,-0.8636149764060974,-1.914926528930664
8609,-1.552915334701538,-1.9141230583190918,-0.19234216213226318,0.2940143346786499
8610,-1.5005444288253784,-0.7162037491798401,0.9793410897254944,0.48158061504364014
8611,0.11977554112672806,-0.8039154410362244,0.02018539048731327,0.7794761657714844
8612,-0.30816417932510376,0.9704551696777344,0.8411768078804016,1.330729603767395
8613,-0.017585093155503273,-0.8394762277603149,-1.1955645084381104,0.24090628325939178
8614,0.6399035453796387,1.1619670391082764,0.7549775242805481,-0.5017938017845154
8615,-0.7139613032341003,1.624717354774475,0.014888818375766277,-0.230141282081604
8616,0.09534947574138641,-0.5694608688354492,-0.5418758988380432,-2.096086025238037
8617,1.178581714630127,-0.6206787824630737,1.5894602537155151,0.41462114453315735
8618,0.5259454250335693,0.8817849159240723,-0.7717396020889282,-0.11359795928001404
8619,-0.23214419186115265,0.13526389002799988,0.22454933822155,1.175014853477478
8620,-0.24067595601081848,0.844436764717102,0.6684583425521851,-0.6586394309997559
8621,0.5004030466079712,-0.00985988974571228,1.021173357963562,-0.12509578466415405
8622,0.4634251296520233,-0.08770127594470978,-0.04840536415576935,-1.5731743574142456
8623,0.1663099229335785,0.2940671145915985,-0.06322803348302841,0.28657957911491394
8624,0.27292290329933167,0.7896264791488647,-0.47429221868515015,-0.7209118008613586
8625,-1.906124472618103,1.236663579940796,-1.3237497806549072,-2.18986177444458
8626,0.009171713143587112,-0.47583866119384766,-0.29543474316596985,-2.1346521377563477
8627,-0.22505545616149902,-0.31284552812576294,0.5719882845878601,0.0912209078669548
8628,0.45012447237968445,-0.9894362688064575,-0.2894589900970459,0.9090067148208618
8629,-0.18545351922512054,0.29010748863220215,-0.9374268054962158,-1.1708869934082031
8630,0.5059726238250732,0.5903759002685547,0.8310580849647522,0.8933761119842529
8631,0.7170133590698242,1.3877508640289307,0.359630286693573,0.4815289378166199
8632,0.10509564727544785,-0.8061072826385498,0.2914547622203827,-1.0524708032608032
8633,0.6741113662719727,-1.033616065979004,-0.0892055481672287,-0.4478221535682678
8634,0.2866826057434082,-0.07046522200107574,-1.1401211023330688,-1.3535772562026978
8635,1.9326300621032715,0.6148041486740112,0.41024890542030334,1.128275990486145
8636,0.08267231285572052,-0.2839357256889343,-0.13643717765808105,-1.5438354015350342
8637,-2.587167739868164,-0.13764099776744843,-1.0585790872573853,-1.3284943103790283
8638,-0.20424297451972961,0.06585384905338287,1.1111185550689697,1.7547308206558228
8639,-0.3814496695995331,1.3094689846038818,0.10426848381757736,2.174928665161133
8640,-1.703468680381775,-0.7150508165359497,-1.1766372919082642,0.768278181552887
8641,1.8338357210159302,-0.8369093537330627,-1.2575799226760864,-0.27017393708229065
8642,-0.9140346050262451,-0.34431612491607666,-0.2115010768175125,0.050177473574876785
8643,0.20902757346630096,1.6105356216430664,1.330228328704834,-0.4803889989852905
8644,0.44053465127944946,0.47026318311691284,-0.5869762301445007,0.6245168447494507
8645,-0.5763295292854309,-1.8755414485931396,1.0323982238769531,0.03349079564213753
8646,0.3575347065925598,-0.19548769295215607,-1.8139874935150146,0.7731111645698547
8647,-0.8236424922943115,-0.021022334694862366,1.1743919849395752,-0.4198864996433258
8648,-0.18566203117370605,0.8737437725067139,-0.3283085227012634,-1.566430687904358
8649,-0.7890604138374329,-0.13497859239578247,1.0934858322143555,-0.22044047713279724
8650,-1.1988155841827393,1.1662623882293701,-1.5261527299880981,1.5082321166992188
8651,0.13574445247650146,2.2127816677093506,-0.7790734767913818,-0.13051362335681915
8652,-0.14802882075309753,-0.552208662033081,-1.3405972719192505,1.3287386894226074
8653,-0.9826858639717102,0.5980626344680786,-1.191293716430664,-0.6642923355102539
8654,-0.12891601026058197,1.322561502456665,-1.2778297662734985,0.7266935110092163
8655,0.17279207706451416,-0.5842918157577515,0.39530324935913086,-0.9002448916435242
8656,1.4922033548355103,-1.7196292877197266,-1.3075909614562988,-2.003007650375366
8657,0.08262278884649277,0.06489021331071854,-0.438495934009552,-1.830423355102539
8658,-0.9072868227958679,0.11836740374565125,0.9454094171524048,0.4481111168861389
8659,-0.8869723081588745,0.5321517586708069,-0.42027658224105835,-0.3439951539039612
8660,1.7179834842681885,-0.6677407622337341,1.138152003288269,0.4517742693424225
8661,2.082597494125366,-0.3375508785247803,-0.1425086408853531,-1.689262866973877
8662,-0.31190362572669983,1.7755730152130127,-1.0158162117004395,-1.2614023685455322
8663,0.7791311740875244,1.4323148727416992,0.5109178423881531,-0.8207567930221558
8664,0.40069782733917236,0.8430401086807251,0.2892644703388214,1.1900500059127808
8665,-0.056048981845378876,-1.679294228553772,0.791856586933136,-0.31449630856513977
8666,0.2764985263347626,0.6438436508178711,0.10599373281002045,-0.602899432182312
8667,-2.4414918422698975,-0.31216323375701904,-1.3034560680389404,-1.6593351364135742
8668,-0.05361517146229744,-1.307944893836975,-0.18566058576107025,1.8747953176498413
8669,0.24047565460205078,0.4769975543022156,0.06800058484077454,-0.9586228728294373
8670,-0.37919190526008606,-0.2751418352127075,0.7948809266090393,0.3413875699043274
8671,1.5167949199676514,0.12638597190380096,-0.8884299993515015,-1.1177948713302612
8672,0.6771685481071472,1.4021570682525635,-1.2268437147140503,-0.07169006764888763
8673,0.737570583820343,1.0881255865097046,1.3365873098373413,-0.4084135890007019
8674,-1.0711690187454224,0.9816269874572754,-0.5131585597991943,-0.853412926197052
8675,-1.3120955228805542,2.4285571575164795,0.9334605932235718,-0.04396272823214531
8676,0.24971389770507812,2.0398402214050293,-1.806618094444275,-0.06552843749523163
8677,1.1414430141448975,0.14944863319396973,-3.0321943759918213,0.8012502789497375
8678,-0.11239863187074661,-0.9624354839324951,0.8545477986335754,-0.6133341789245605
8679,-0.9238097667694092,-1.1082156896591187,-2.451820135116577,0.14589433372020721
8680,1.5137168169021606,-1.8880811929702759,0.23763275146484375,0.055971987545490265
8681,-1.2916070222854614,0.9350114464759827,0.4253021776676178,-1.4928616285324097
8682,-1.4736658334732056,0.12971673905849457,-0.5538814663887024,0.7139596343040466
8683,-0.8074188232421875,0.8004992604255676,-0.5263605713844299,1.4832760095596313
8684,-0.3294655680656433,0.07853298634290695,0.23232094943523407,0.05184312164783478
8685,-0.5427297353744507,0.3966548442840576,-0.6903966069221497,-1.2896939516067505
8686,1.3668179512023926,0.8782202005386353,1.0608038902282715,-1.3744490146636963
8687,-0.29528480768203735,1.1988186836242676,0.8763595819473267,-1.7794392108917236
8688,0.7139111161231995,0.03952449560165405,-0.8362663984298706,-1.3050284385681152
8689,-0.11157563328742981,1.0311775207519531,0.079668790102005,1.1221959590911865
8690,-1.7352895736694336,1.5299086570739746,0.8257109522819519,-0.4941750466823578
8691,-1.194782018661499,-0.09117543697357178,0.41740235686302185,-0.5795484781265259
8692,-1.1536768674850464,-1.181817650794983,-0.2771967947483063,0.2658153176307678
8693,0.6233720779418945,-0.014050006866455078,0.1756715178489685,0.9106785655021667
8694,-0.515184760093689,-0.2687537670135498,1.561434268951416,-1.2417813539505005
8695,-0.3807322084903717,-0.6200506687164307,-2.645271062850952,0.6370184421539307
8696,0.3138045072555542,-0.6379299163818359,-0.75197833776474,-0.06902579963207245
8697,-0.08044052124023438,-0.07680469751358032,-0.4391428828239441,-0.40299007296562195
8698,0.4679626524448395,-0.12104733288288116,0.8850868940353394,1.6589168310165405
8699,0.7344875931739807,0.25819236040115356,-0.3909075856208801,2.2745485305786133
8700,-0.026068979874253273,1.2293074131011963,1.314414381980896,-0.1531180739402771
8701,-1.0825011730194092,0.3453714847564697,-1.1719515323638916,0.3450912535190582
8702,0.7354417443275452,-0.6922844052314758,-1.3244105577468872,-0.5265650153160095
8703,-0.203547403216362,-0.9865970611572266,-0.5550681948661804,-1.346040964126587
8704,-1.1409127712249756,1.3791134357452393,1.22003173828125,1.4526584148406982
8705,-2.3922886848449707,0.483138769865036,0.36256617307662964,0.04002411663532257
8706,-0.8061507344245911,0.5698912739753723,2.3129260540008545,-1.2466483116149902
8707,0.15513092279434204,1.2987546920776367,-0.7679142951965332,-1.6965584754943848
8708,1.289555549621582,1.6921159029006958,-0.3492804765701294,-0.255687952041626
8709,0.7167285084724426,-0.9570809602737427,0.8121047616004944,-0.44750702381134033
8710,-0.6714872717857361,0.16994409263134003,-1.4597080945968628,0.12062783539295197
8711,0.18004848062992096,0.06834166496992111,0.43445447087287903,1.0297656059265137
8712,-0.20983071625232697,1.2924127578735352,1.1192712783813477,0.13149282336235046
8713,-0.06966286152601242,-0.1305903047323227,-1.1075993776321411,0.26056066155433655
8714,0.3322448432445526,-1.3419684171676636,1.0041558742523193,0.7942513227462769
8715,-0.6803088784217834,1.1089694499969482,0.5289710760116577,-0.47641927003860474
8716,0.6413221955299377,1.5274925231933594,-0.2627176344394684,-0.03524778038263321
8717,0.26281866431236267,-0.5860880613327026,1.134047269821167,-0.035796381533145905
8718,-1.1655324697494507,0.7778176069259644,-0.6737587451934814,-1.1674044132232666
8719,0.22424010932445526,-0.9595873355865479,0.8255650401115417,-1.4043610095977783
8720,-0.8115352988243103,-1.914064645767212,-1.3280692100524902,-0.7746412754058838
8721,-0.8399760127067566,0.48053035140037537,0.29720765352249146,0.5217950940132141
8722,-0.11559037864208221,-0.9739400148391724,-0.958564817905426,2.0429575443267822
8723,-0.43423351645469666,-1.3606184720993042,0.9370660781860352,-0.32379400730133057
8724,0.007487830240279436,0.6744083166122437,-1.3693175315856934,0.9864515066146851
8725,-0.2518811821937561,1.0167680978775024,-0.1538306176662445,1.8204774856567383
8726,-1.028027892112732,-0.6582132577896118,-0.41309720277786255,0.5872846245765686
8727,-0.05001050606369972,-0.16008888185024261,0.933315634727478,0.12073821574449539
8728,-0.3288114368915558,-0.28478068113327026,-0.5126693844795227,1.067954421043396
8729,0.6289771199226379,1.4419536590576172,0.9726858735084534,1.4528521299362183
8730,0.5940985679626465,-1.5231401920318604,-1.1567455530166626,0.3178514838218689
8731,2.1272590160369873,1.0490680932998657,1.0656484365463257,-0.9324445128440857
8732,0.7355990409851074,-0.03905247151851654,-0.13695888221263885,-0.28900909423828125
8733,-2.7679731845855713,0.2362171858549118,1.5473088026046753,0.5326810479164124
8734,1.427547574043274,-0.795049250125885,0.7086067199707031,0.9033877849578857
8735,0.7018697261810303,1.471947431564331,-0.09744627773761749,0.3457271456718445
8736,-0.25519081950187683,0.7615116238594055,0.5054346919059753,-1.1512057781219482
8737,0.2626877427101135,-1.395302653312683,-0.738734781742096,0.28495630621910095
8738,0.3472815752029419,1.883122444152832,-0.7125887274742126,1.0154848098754883
8739,1.0056363344192505,0.2795308828353882,0.05448298901319504,0.07159199565649033
8740,0.4054461419582367,0.13568361103534698,-1.622664213180542,-0.5708767175674438
8741,0.47874611616134644,-0.14103345572948456,-1.096266746520996,0.5955841541290283
8742,0.6088680028915405,-0.02760450541973114,2.3432929515838623,0.614924430847168
8743,-0.3211456835269928,0.3816322684288025,-0.6461674571037292,0.43114128708839417
8744,-0.6464105844497681,0.14105303585529327,1.052999496459961,-1.5333648920059204
8745,1.1424251794815063,0.46355360746383667,-1.0747318267822266,0.6676191091537476
8746,0.30100178718566895,-0.019803479313850403,-1.7860034704208374,-0.08354461193084717
8747,-0.7812221646308899,0.4194321036338806,1.5175048112869263,1.2838796377182007
8748,-0.35107746720314026,-0.19339580833911896,-0.7210110425949097,-0.548618495464325
8749,-1.8065484762191772,-0.43929851055145264,1.1693722009658813,-1.4450371265411377
8750,0.9393142461776733,-0.012234285473823547,1.0018835067749023,-0.4964548349380493
8751,-0.20661650598049164,-0.15543876588344574,1.2409487962722778,-1.0105589628219604
8752,1.1829111576080322,-0.2689957022666931,-0.24480833113193512,0.4633937478065491
8753,-0.423431396484375,0.48088204860687256,-0.3990544080734253,-0.6454336643218994
8754,-1.2487614154815674,0.7214335799217224,-0.48488593101501465,-1.9063873291015625
8755,1.2139209508895874,0.8789248466491699,-1.5150558948516846,1.4243414402008057
8756,-1.1194112300872803,1.1894984245300293,-0.48274070024490356,-2.2849345207214355
8757,0.6186767816543579,0.24954304099082947,0.4436960220336914,0.8542507886886597
8758,-1.173048973083496,0.6224396824836731,0.4415748715400696,-0.34386759996414185
8759,0.7250651121139526,-0.8215713500976562,0.522071897983551,1.1650575399398804
8760,1.2677594423294067,-0.6265369057655334,1.4719387292861938,-0.5958353877067566
8761,-0.8674653768539429,0.7210078239440918,-0.5156154632568359,0.6194183230400085
8762,1.421804428100586,1.3383698463439941,-1.1898669004440308,-0.1277567744255066
8763,-0.8255240321159363,0.1696200966835022,-0.5410527586936951,-1.6365691423416138
8764,-0.83530592918396,1.4145315885543823,-0.16126017272472382,-1.4011567831039429
8765,-0.3945578336715698,0.9601373672485352,-2.17063045501709,-0.7239808440208435
8766,0.7941030263900757,-0.23448528349399567,-0.6017937660217285,-0.7777791619300842
8767,-0.4527375102043152,-1.0350775718688965,-0.21979208290576935,0.01415877416729927
8768,0.37208235263824463,1.3303613662719727,0.5788891911506653,-0.9773553609848022
8769,1.0067245960235596,-0.11370395123958588,-0.37549105286598206,0.16653022170066833
8770,0.317444771528244,0.23761078715324402,0.33604076504707336,-0.048247601836919785
8771,-1.1398361921310425,-1.3512462377548218,-0.49383264780044556,-0.22221389412879944
8772,-0.15989437699317932,-0.515278160572052,0.992594301700592,-0.16761423647403717
8773,1.7543212175369263,0.6468692421913147,0.2996951937675476,-1.789882779121399
8774,0.002415861003100872,-0.6796716451644897,-1.550122618675232,0.5755117535591125
8775,-0.14342400431632996,-0.7060366868972778,0.27339059114456177,1.3965225219726562
8776,0.21641257405281067,-0.6619425415992737,2.574589729309082,0.6070873737335205
8777,-0.455720990896225,-2.065516710281372,-2.0580506324768066,0.29095759987831116
8778,-1.1118656396865845,-0.0024352818727493286,-1.9567558765411377,-1.1314387321472168
8779,0.6414434313774109,0.11981816589832306,-0.5186434388160706,-0.7391811609268188
8780,0.15226370096206665,-0.11849941313266754,-1.4139808416366577,-1.4801373481750488
8781,0.5934401750564575,1.5465953350067139,-0.8280010223388672,-0.7167959213256836
8782,1.6645264625549316,0.6691231727600098,-0.46723467111587524,-0.8548256158828735
8783,0.5847180485725403,1.3406412601470947,-0.815652072429657,0.41296952962875366
8784,0.3969435691833496,1.4062614440917969,-0.5877780914306641,-1.2598419189453125
8785,0.9856740832328796,-0.9802988171577454,-0.3476808965206146,-0.26211410760879517
8786,-0.5721173882484436,-1.0110021829605103,1.493706464767456,-0.1817874312400818
8787,1.1918978691101074,0.4178965985774994,2.5635154247283936,-0.9844945669174194
8788,-0.3672856092453003,-0.40483492612838745,0.3043895661830902,-0.9827467203140259
8789,0.8762443661689758,-0.5853689908981323,-0.9795762300491333,0.49195700883865356
8790,-2.1306209564208984,-0.18804718554019928,-0.8187137842178345,0.4895983040332794
8791,1.2996593713760376,-0.25307780504226685,-0.7144283056259155,-0.5082947611808777
8792,-1.5768786668777466,-0.26343590021133423,0.6805495023727417,-0.2662004828453064
8793,-0.23252928256988525,0.7492316961288452,0.9050539135932922,-0.1357661932706833
8794,-0.6292123198509216,-0.16683615744113922,0.517004668712616,0.44828274846076965
8795,1.5100481510162354,-0.4166260361671448,-0.5235270857810974,-1.1098296642303467
8796,1.6178866624832153,0.46498292684555054,-1.4097601175308228,0.1326550543308258
8797,0.17664772272109985,0.4985108971595764,1.4860438108444214,0.07442142069339752
8798,0.09238442778587341,0.33315664529800415,0.302556574344635,0.7090386748313904
8799,-1.4154274463653564,-1.4062952995300293,-0.19102618098258972,0.10553653538227081
8800,0.5354558229446411,-0.01608435809612274,-0.1358204334974289,0.42400282621383667
8801,0.4121909737586975,0.43570494651794434,0.30403372645378113,0.3672069311141968
8802,-0.7543195486068726,1.5848448276519775,0.9034866690635681,-0.9756954312324524
8803,0.006926142610609531,-0.13565786182880402,-2.023144483566284,0.918971061706543
8804,-0.5565812587738037,0.6172804236412048,-0.17765413224697113,-1.3248029947280884
8805,-1.1097570657730103,0.46007394790649414,0.11969853937625885,-0.6223847270011902
8806,0.4948064088821411,-0.2446475476026535,-0.026526540517807007,-1.0968899726867676
8807,-1.5997121334075928,-0.627289354801178,-1.1764159202575684,0.19568663835525513
8808,-0.10170868784189224,1.2853726148605347,0.496566504240036,-0.15177786350250244
8809,0.445205420255661,0.2988162636756897,-0.4229583144187927,1.6436108350753784
8810,-0.05103897675871849,0.7731403708457947,1.0130137205123901,0.5070899724960327
8811,-1.0508809089660645,2.7720799446105957,-1.5021902322769165,-0.29153522849082947
8812,1.051568865776062,1.3789464235305786,-0.8413525819778442,1.8946655988693237
8813,1.3246917724609375,-1.2306385040283203,0.2518678903579712,1.3738222122192383
8814,1.5435878038406372,0.2511104941368103,1.2908053398132324,0.6471130847930908
8815,0.6198520660400391,0.9157196879386902,0.14660955965518951,0.580112636089325
8816,-0.6232749819755554,-0.717253565788269,0.32581159472465515,0.05431327596306801
8817,0.0225160364061594,0.07639247924089432,0.2905835211277008,-0.017605463042855263
8818,0.4307354688644409,-0.7117252349853516,0.964405357837677,0.23687267303466797
8819,0.8886753916740417,0.8433794379234314,0.07787491381168365,0.600339949131012
8820,-0.454726904630661,0.051367565989494324,0.06383483111858368,0.4679884612560272
8821,0.6402913331985474,-1.363865852355957,-0.2744066119194031,1.6104156970977783
8822,0.6539584994316101,2.6309916973114014,-1.395586609840393,-0.21920402348041534
8823,1.1619682312011719,1.0584592819213867,-0.21962128579616547,1.027613639831543
8824,0.6725606918334961,1.9958618879318237,1.9886268377304077,-0.14528018236160278
8825,0.7036172151565552,-0.38277482986450195,1.1993414163589478,-1.4612960815429688
8826,1.122529149055481,-1.3545044660568237,-0.04124614968895912,0.04332132264971733
8827,-0.5043337941169739,0.14403392374515533,-0.050905946642160416,0.4949665069580078
8828,-0.7151133418083191,0.23349061608314514,-0.8498099446296692,-0.24203088879585266
8829,2.1063919067382812,1.2195435762405396,0.7306089401245117,0.3890001177787781
8830,-1.8821358680725098,1.1884809732437134,0.34890973567962646,-1.6673227548599243
8831,0.8749482035636902,0.28063416481018066,0.009185581468045712,-1.5642833709716797
8832,0.6250216960906982,0.08280162513256073,0.5725748538970947,1.7139289379119873
8833,-0.5031147599220276,-0.5614445209503174,0.8114492893218994,2.3182144165039062
8834,-1.2522504329681396,-0.08381128311157227,0.3130109906196594,-1.2728748321533203
8835,-2.6365609169006348,-0.6513615846633911,-1.4588466882705688,-1.130297064781189
8836,-0.21036477386951447,1.2730333805084229,-1.3585518598556519,1.1388310194015503
8837,-0.8849393129348755,0.2743940055370331,-0.28095245361328125,-1.0841045379638672
8838,-0.7630899548530579,1.2017066478729248,-2.648132801055908,2.5784964561462402
8839,-1.2054498195648193,-1.0497024059295654,1.2844691276550293,-1.0221636295318604
8840,0.33861714601516724,0.07254378497600555,-0.7100122570991516,0.10021337121725082
8841,0.5489872694015503,0.33697202801704407,-0.9279482960700989,-0.49975866079330444
8842,2.099045753479004,0.4322000741958618,1.831804871559143,0.7713375687599182
8843,0.37382519245147705,-0.639201819896698,0.2765808403491974,0.5364548563957214
8844,0.5216115117073059,-1.1218011379241943,1.084768533706665,0.7181342244148254
8845,-0.0002534235827624798,1.4201796054840088,0.9259332418441772,-0.2446640133857727
8846,-0.4386003315448761,-0.3788851499557495,1.4064887762069702,1.3481525182724
8847,0.048115991055965424,0.980339765548706,-0.0014816801995038986,0.4629874527454376
8848,0.36364784836769104,2.6607627868652344,-0.41427841782569885,-0.5944676995277405
8849,0.5689738988876343,0.6375519037246704,0.789008378982544,-1.2092983722686768
8850,-0.6488871574401855,-2.4462201595306396,1.366833209991455,-0.09328516572713852
8851,1.1860166788101196,0.20187850296497345,-0.03068944439291954,1.7982367277145386
8852,0.04096979275345802,0.3230351209640503,-0.2673138380050659,-0.6482913494110107
8853,-1.4637031555175781,0.23144955933094025,-0.3683725893497467,-1.2207268476486206
8854,1.0952883958816528,0.9168919920921326,-2.311598062515259,1.1446820497512817
8855,0.08072520792484283,-0.3618127703666687,-0.29890888929367065,-1.8678534030914307
8856,-0.6875776648521423,0.33879175782203674,-0.31219303607940674,-0.8119845390319824
8857,0.1345139890909195,-0.9727495312690735,-0.9130181074142456,0.38098132610321045
8858,1.5219537019729614,-0.34139949083328247,0.3156253695487976,0.29754722118377686
8859,0.9168244004249573,-0.7487117052078247,0.07916532456874847,0.6177600026130676
8860,0.6276502013206482,-0.2449745237827301,0.4954455494880676,0.46097829937934875
8861,-0.014474419876933098,0.8628063201904297,1.1757115125656128,0.9709903001785278
8862,0.01700379140675068,-0.16355915367603302,0.06447231769561768,-2.2308125495910645
8863,-0.40586593747138977,0.529278039932251,-0.40004217624664307,-0.7128254175186157
8864,-0.6489629745483398,-0.2654610872268677,-0.8507552146911621,-0.9117624759674072
8865,-0.1964225172996521,1.8585293292999268,1.5822454690933228,-0.3538927137851715
8866,-0.8468961715698242,1.2722346782684326,1.3923392295837402,-0.5044357776641846
8867,0.9101065993309021,-0.24092090129852295,-0.07095552980899811,-0.3365115523338318
8868,2.299835681915283,0.8710005879402161,-0.7274370193481445,0.8837692141532898
8869,-0.21074819564819336,0.3416045904159546,0.6701977849006653,-0.16776776313781738
8870,-0.08286142349243164,0.16111381351947784,0.36008691787719727,0.15455561876296997
8871,1.1859586238861084,0.985091507434845,0.3085167706012726,0.2520509958267212
8872,-0.7590727806091309,1.2251033782958984,-0.574787437915802,-2.5897037982940674
8873,0.24480251967906952,-1.0323827266693115,1.059323787689209,-0.006748560816049576
8874,0.31077614426612854,0.10937122255563736,0.05374949425458908,-2.4669761657714844
8875,-2.0584378242492676,-0.5333426594734192,-0.7105710506439209,-1.0457628965377808
8876,-0.83169025182724,0.5793216228485107,0.04596145823597908,-1.0805346965789795
8877,0.7672163844108582,0.5497664213180542,0.7138018608093262,1.0682140588760376
8878,-0.057963885366916656,0.7286772131919861,2.0280568599700928,0.1641356348991394
8879,-0.8171064257621765,0.54102623462677,0.03635368496179581,2.312317132949829
8880,-0.09713180363178253,-1.0166738033294678,-0.3211198151111603,0.3482843041419983
8881,0.48516812920570374,-1.3148200511932373,1.2290923595428467,1.1040860414505005
8882,-0.010977786965668201,-0.1895342618227005,-0.6328526735305786,-0.4959469139575958
8883,0.6204156279563904,0.14289236068725586,-0.08831764757633209,-0.26820406317710876
8884,0.7788051962852478,1.1177308559417725,0.5845732688903809,-1.6881719827651978
8885,-0.44010311365127563,-0.8329412937164307,1.008323311805725,0.014377698302268982
8886,-1.2790354490280151,-0.23478493094444275,-0.756156325340271,-2.199204921722412
8887,1.517508625984192,0.22691096365451813,-0.24928520619869232,-0.9644582271575928
8888,2.699191093444824,1.03805410861969,0.2967301607131958,0.8499913811683655
8889,-0.2138391137123108,0.30557578802108765,0.958440363407135,-0.8160438537597656
8890,0.9648854732513428,0.6488339304924011,0.7113358378410339,-0.26169654726982117
8891,0.36396047472953796,0.2877797484397888,0.460870623588562,0.8141767382621765
8892,1.163754940032959,-0.7151661515235901,0.2768791615962982,-0.34150367975234985
8893,0.8682568073272705,-0.2460728883743286,0.58858722448349,0.5328412652015686
8894,-0.6807326078414917,0.4616968333721161,-0.8854551911354065,-0.18887963891029358
8895,-0.12911170721054077,-0.37308913469314575,0.4520326852798462,-0.704261064529419
8896,0.1526201367378235,0.9972496628761292,-0.05092599615454674,0.392566442489624
8897,-1.2096199989318848,-1.1752128601074219,0.5193315744400024,-1.1847964525222778
8898,0.014481551945209503,0.009853243827819824,0.2192651629447937,0.6883584856987
8899,-0.8189655542373657,0.33277755975723267,0.47016841173171997,0.47269418835639954
8900,-0.7469528317451477,1.2848366498947144,-0.8267511129379272,1.5319443941116333
8901,0.6749005317687988,0.19531504809856415,1.398431658744812,-0.25352904200553894
8902,1.0156675577163696,0.10580283403396606,-0.8035963773727417,0.11333705484867096
8903,2.740422487258911,1.2229915857315063,0.32108959555625916,-0.7636121511459351
8904,-0.29786017537117004,-0.306148886680603,0.6979733109474182,-0.6744188070297241
8905,-0.07812497764825821,-1.6904046535491943,-0.5163565874099731,1.0704290866851807
8906,1.0584546327590942,-1.2720414400100708,1.9528337717056274,1.7042040824890137
8907,-0.31905031204223633,-1.2962168455123901,-0.13177528977394104,0.26249638199806213
8908,-0.7019491195678711,-0.07486549019813538,-0.28890976309776306,-1.2365142107009888
8909,0.641453742980957,1.3028721809387207,0.5197367072105408,1.0125690698623657
8910,-1.1918532848358154,2.192290782928467,1.2252455949783325,-0.2894899547100067
8911,-0.1887773722410202,-0.3851260542869568,-1.7580732107162476,-2.396038770675659
8912,0.02705877646803856,0.23900245130062103,-0.024238642305135727,-0.8217465281486511
8913,0.25901731848716736,2.337831974029541,-1.268224835395813,-0.22876472771167755
8914,-0.292308509349823,-0.40660423040390015,0.26579126715660095,-0.45414337515830994
8915,-1.7282638549804688,0.07591044902801514,0.7347250580787659,0.8427411913871765
8916,0.024774370715022087,-1.029223918914795,-0.27195626497268677,-0.900312602519989
8917,-0.1316525936126709,0.5497701168060303,0.16840368509292603,-0.7994533181190491
8918,-0.9940135478973389,-0.06661997735500336,-1.2847089767456055,-0.798157811164856
8919,-0.25201597809791565,-0.7987697124481201,-1.4914616346359253,0.4801976680755615
8920,-0.06786587089300156,0.6369344592094421,-0.4451946020126343,0.7249629497528076
8921,0.13333562016487122,-0.4176011085510254,-0.7338663935661316,0.42090582847595215
8922,0.6812594532966614,-2.8566524982452393,0.4447352886199951,-0.7194263339042664
8923,-0.7711044549942017,-0.39219605922698975,0.0032127797603607178,-0.5237228274345398
8924,-0.3070206642150879,0.21913748979568481,0.44935792684555054,-1.528607726097107
8925,-0.8447685241699219,0.39644962549209595,-2.274880886077881,-1.7007583379745483
8926,-1.2982839345932007,-1.3252803087234497,1.7110141515731812,-0.10206971317529678
8927,0.20884308218955994,-0.3972698152065277,-1.7083007097244263,1.6993850469589233
8928,-0.5956647992134094,0.39413273334503174,-0.32880115509033203,0.19485381245613098
8929,-0.17940208315849304,1.3616180419921875,-1.1994657516479492,-0.49681511521339417
8930,0.8545241951942444,1.7108583450317383,0.17842568457126617,-0.06817474216222763
8931,0.8345851302146912,-0.698085606098175,0.3018462061882019,-0.7809771299362183
8932,-0.3596334457397461,0.4987550675868988,0.7736517190933228,-0.6536334156990051
8933,-1.3248945474624634,0.8255303502082825,1.194411277770996,2.4250082969665527
8934,-0.0675775557756424,-0.47677820920944214,-0.7772403955459595,0.08403453230857849
8935,-1.5491540431976318,-1.2716892957687378,0.20521867275238037,0.06403301656246185
8936,-0.3154217302799225,-0.016611620783805847,-0.8746815323829651,1.3679280281066895
8937,0.2427099198102951,-0.02110449969768524,0.4949364960193634,2.4849071502685547
8938,0.3028174340724945,0.9227887392044067,-0.6523423194885254,-0.012431636452674866
8939,-0.1961105614900589,1.2485747337341309,-0.5985440015792847,1.2997575998306274
8940,0.5551748275756836,0.252876877784729,1.107305884361267,0.99198317527771
8941,0.7076480388641357,0.22204160690307617,-1.8669408559799194,0.014291714876890182
8942,1.9720348119735718,-0.9628281593322754,-2.1873459815979004,-0.8552806973457336
8943,0.958606481552124,-0.8051637411117554,-0.8354130387306213,-0.7661055326461792
8944,-0.4436159133911133,0.8073323965072632,0.5585172176361084,-1.9672002792358398
8945,-0.021928073838353157,1.359856128692627,-1.0650357007980347,0.03714684769511223
8946,0.24307234585285187,-1.13511323928833,-0.5357792377471924,-2.2752368450164795
8947,-0.2623414993286133,0.30025190114974976,-0.4297707974910736,0.37576064467430115
8948,-1.7660024166107178,-0.4355439245700836,1.4547393321990967,-1.6904231309890747
8949,-0.7052110433578491,-1.5992567539215088,0.7328892350196838,-0.09311933070421219
8950,-0.21436163783073425,-0.46949315071105957,-0.1837804615497589,0.008667059242725372
8951,-1.8877341747283936,-0.640586256980896,0.5195167064666748,-1.4606068134307861
8952,0.04652658849954605,0.038068242371082306,-0.402276873588562,-1.3327674865722656
8953,0.7032635807991028,-0.6279772520065308,-0.5844094753265381,0.07979975640773773
8954,0.52656489610672,0.07739192247390747,1.796311616897583,-0.20820266008377075
8955,0.766565203666687,0.18535590171813965,-0.5166621804237366,-0.8001589775085449
8956,-0.7356917262077332,-1.7687318325042725,0.010291412472724915,2.0647737979888916
8957,0.8091564774513245,0.44817793369293213,0.6563379168510437,-1.8593028783798218
8958,-1.571426510810852,-0.6538810729980469,0.7804413437843323,0.3119170367717743
8959,-0.39284589886665344,-0.4129462242126465,1.8714056015014648,0.5857454538345337
8960,-1.251625418663025,0.4687057137489319,0.27944961190223694,-0.6914492845535278
8961,-0.5071575045585632,-0.4826962351799011,-0.5347785949707031,0.18299353122711182
8962,-1.1901326179504395,0.8831419944763184,-0.03631618991494179,0.39182335138320923
8963,0.3720364272594452,-0.058607712388038635,-1.901344895362854,-0.729271650314331
8964,0.4378170073032379,0.5009632110595703,-0.8701817989349365,0.551490068435669
8965,-0.34445980191230774,1.6531171798706055,-0.11069093644618988,0.8647733926773071
8966,-0.8149573802947998,-0.3374030590057373,-0.5745425224304199,-1.756767988204956
8967,0.553534746170044,-0.17707858979701996,0.13516512513160706,-0.43749383091926575
8968,-1.7865232229232788,-0.34206676483154297,1.0210754871368408,0.049635667353868484
8969,-0.7186931371688843,-0.06970341503620148,-1.9123265743255615,-0.4899404048919678
8970,-0.22533859312534332,-0.10586155951023102,-0.2559478282928467,-0.6717115044593811
8971,0.9065259099006653,0.09112750738859177,-0.6550369262695312,-0.056804969906806946
8972,-0.19538672268390656,-0.5165789723396301,0.9570613503456116,-0.6481167674064636
8973,0.06794470548629761,-0.20510543882846832,1.442133903503418,-0.8085436224937439
8974,1.212720513343811,-0.9593080282211304,-0.5798370838165283,2.942279815673828
8975,-0.2495940625667572,1.0815593004226685,-0.6241956353187561,0.3155447542667389
8976,0.803489089012146,1.1978037357330322,0.22011376917362213,-1.5563997030258179
8977,1.828528881072998,0.6717683672904968,-1.9128382205963135,1.07373046875
8978,-1.1178882122039795,-0.32837095856666565,-0.5438160300254822,-0.02629026025533676
8979,-0.8910452723503113,0.5642387866973877,-0.008953873068094254,0.13237956166267395
8980,1.4194172620773315,1.2956342697143555,-2.3519744873046875,1.502372145652771
8981,-0.28008145093917847,-1.3396698236465454,0.5569490194320679,0.40805429220199585
8982,0.4453301429748535,-0.5961064100265503,-0.2249298393726349,-0.9699006676673889
8983,0.5671313405036926,-0.35773932933807373,0.12561823427677155,-0.13125485181808472
8984,0.32689207792282104,-0.3846748471260071,0.9296953082084656,-0.1011325865983963
8985,-0.5140780210494995,0.7763777375221252,-0.4199477434158325,-1.498618483543396
8986,-1.3714362382888794,0.5567592978477478,1.1773138046264648,1.2618169784545898
8987,0.8780357241630554,0.12696196138858795,-0.62894207239151,-0.08779537677764893
8988,0.1219429299235344,-0.30668970942497253,-0.28349432349205017,-1.1990605592727661
8989,-1.0067565441131592,2.5474205017089844,-0.9266931414604187,1.263329267501831
8990,-0.501715362071991,0.24458768963813782,-1.8651819229125977,-1.2913756370544434
8991,0.6547066569328308,-0.11869402229785919,0.3269261121749878,1.9102376699447632
8992,-0.007012574467808008,0.2478865683078766,1.0674858093261719,1.1088074445724487
8993,-1.0568199157714844,0.6734564304351807,1.133609652519226,-0.06644085794687271
8994,0.028579378500580788,0.7233445644378662,-1.166177749633789,-0.5592573881149292
8995,1.0337878465652466,-1.524806022644043,0.9386404156684875,-0.2555033266544342
8996,-0.49090415239334106,1.4876863956451416,1.011413335800171,0.41955769062042236
8997,1.3435333967208862,-0.08902250230312347,1.1718629598617554,1.177181363105774
8998,-0.3091747462749481,0.49492716789245605,-0.27304428815841675,-0.5658599734306335
8999,-0.7989750504493713,1.4912647008895874,-0.6785442233085632,0.985215961933136
9000,0.9526696801185608,-1.0837255716323853,-0.37867745757102966,0.2074986845254898
9001,-0.21400180459022522,0.661839485168457,0.019874827936291695,-0.17082872986793518
9002,1.5584901571273804,-0.8444274663925171,-0.8828628659248352,0.8961849212646484
9003,-1.1962180137634277,2.5832180976867676,1.087087631225586,-0.2560619115829468
9004,-0.2679956555366516,-0.5475475192070007,0.20943447947502136,-0.12812860310077667
9005,0.32211288809776306,1.0740286111831665,-0.8061925768852234,0.58829265832901
9006,-1.4436297416687012,-0.6495006084442139,0.5878168940544128,0.923107922077179
9007,-0.19314143061637878,-0.3310745358467102,-0.11019940674304962,-0.4238164722919464
9008,0.8467437028884888,1.875754714012146,-0.8988414406776428,-1.5305827856063843
9009,-0.2530202567577362,0.13095632195472717,1.1885943412780762,-0.26184508204460144
9010,-0.3612571358680725,-0.6449236273765564,0.45299360156059265,-1.1256588697433472
9011,-0.21221482753753662,0.40352320671081543,1.487269401550293,-0.015002850443124771
9012,-0.7210567593574524,-1.7015665769577026,-0.8866912722587585,-0.7714635133743286
9013,1.749367356300354,-0.5897639989852905,0.732772707939148,-0.4826429486274719
9014,-0.5563549995422363,-1.5221686363220215,-0.4042762815952301,1.7722972631454468
9015,0.7255818247795105,1.3459076881408691,0.7029536366462708,-1.066604495048523
9016,2.159729242324829,0.3996620774269104,1.7428004741668701,0.5910472869873047
9017,0.33567652106285095,1.113402009010315,0.7985861301422119,-0.5176135897636414
9018,-1.3622777462005615,0.6989706754684448,-2.803637981414795,-0.690014660358429
9019,0.10734231024980545,-0.1663593053817749,-0.05250797048211098,-0.24495820701122284
9020,0.7945892810821533,0.34515371918678284,-1.2903317213058472,-0.21044529974460602
9021,-0.3611931800842285,0.3763825297355652,0.5459274053573608,1.0918580293655396
9022,-0.6901760697364807,-0.7329294681549072,-0.4740923047065735,0.2753152847290039
9023,-2.18180251121521,-1.2957652807235718,-0.009775962680578232,-0.09511984884738922
9024,-0.6244568824768066,-0.36452627182006836,0.5689845681190491,0.19784951210021973
9025,-0.7129482626914978,1.3512401580810547,-1.1980623006820679,-1.87954580783844
9026,1.2868341207504272,-1.5367740392684937,-0.35895925760269165,0.27545562386512756
9027,-0.18631523847579956,-0.6308852434158325,1.5987968444824219,0.5803800225257874
9028,-0.30602341890335083,0.09994399547576904,-1.1018054485321045,0.5987123847007751
9029,-0.9690069556236267,1.602075457572937,-0.5875367522239685,1.517037272453308
9030,-0.9989606142044067,-1.3408167362213135,1.0972784757614136,0.3207804262638092
9031,-0.5305830240249634,-0.5431625843048096,-0.6215266585350037,0.3783769905567169
9032,-1.1403653621673584,0.5791194438934326,-0.1389751136302948,-1.1036999225616455
9033,-1.372850775718689,-1.8303526639938354,0.5828291177749634,3.124871015548706
9034,-1.3613463640213013,0.6936595439910889,0.19947339594364166,0.11186744272708893
9035,0.5544435381889343,-1.3888609409332275,-2.754920482635498,0.4586675763130188
9036,1.645326852798462,-0.559354305267334,-0.9009559154510498,0.2549355626106262
9037,-0.9603813886642456,1.1764049530029297,-0.05543316528201103,0.07867033034563065
9038,-0.06408290565013885,-0.2493956983089447,-0.8430959582328796,0.18556109070777893
9039,0.0819801315665245,-1.351593255996704,0.47936540842056274,-0.12137314677238464
9040,0.9778842329978943,-0.3794896602630615,-1.1315799951553345,0.28433704376220703
9041,0.6793121695518494,-0.19589222967624664,1.850861668586731,-1.5301940441131592
9042,-0.31292328238487244,1.4410734176635742,0.17549851536750793,0.8230078816413879
9043,-0.35064780712127686,1.2311971187591553,2.7093021869659424,1.427067756652832
9044,1.1060643196105957,-0.297688364982605,1.5488404035568237,-1.751424789428711
9045,-1.2156435251235962,-0.7551354169845581,1.3264461755752563,-0.697799801826477
9046,-0.19983282685279846,-0.7363143563270569,-0.3638308048248291,0.6216455698013306
9047,-0.5105102062225342,0.7735375165939331,0.2858226001262665,-0.7519814968109131
9048,-1.873612403869629,0.6466614007949829,-0.8991698622703552,1.0176893472671509
9049,-0.36229366064071655,0.7086053490638733,1.879353404045105,0.22923433780670166
9050,0.7918360233306885,1.5695561170578003,0.9709513783454895,-1.2867012023925781
9051,-0.760930061340332,1.7286680936813354,-0.06802482903003693,0.8576920628547668
9052,1.9260857105255127,0.12017899751663208,0.8545080423355103,1.7049559354782104
9053,0.8296641707420349,-1.6645807027816772,2.081779956817627,0.12712037563323975
9054,-0.5571883320808411,-1.0180422067642212,-0.4526222050189972,-0.0632273331284523
9055,-0.5942721366882324,-0.32570335268974304,0.2624758780002594,2.365328311920166
9056,1.103342056274414,-0.003910332918167114,-1.566986083984375,1.1430504322052002
9057,-1.171469807624817,0.45644068717956543,1.0302938222885132,0.9236851930618286
9058,-0.7838903665542603,0.7068269848823547,2.003709554672241,-0.817606508731842
9059,0.34800344705581665,0.9168286323547363,-0.4018864035606384,-0.7716131210327148
9060,-0.3392294645309448,-0.6825723648071289,-0.7109819650650024,-0.1759384721517563
9061,1.3401230573654175,-1.3143950700759888,-0.10899947583675385,-0.1161116287112236
9062,-0.5511044263839722,0.7267748713493347,-0.16652092337608337,1.0468780994415283
9063,0.5989998579025269,0.4022042453289032,-0.11961677670478821,-2.6008806228637695
9064,2.150388717651367,0.2203449010848999,0.4498036801815033,-1.5115481615066528
9065,0.18912574648857117,0.35841840505599976,2.3393263816833496,1.020457148551941
9066,0.05980045720934868,0.6293368935585022,-0.8698694109916687,-0.8621625304222107
9067,-0.6124153733253479,-1.3123763799667358,-0.2807747721672058,-0.7062576413154602
9068,1.665285587310791,-0.3572639226913452,-1.9129250049591064,2.4079127311706543
9069,-0.09623336791992188,0.5795172452926636,0.8881769180297852,-2.6672675609588623
9070,-0.30215680599212646,1.2839645147323608,-2.710771083831787,-2.159782886505127
9071,1.538426399230957,0.6984404921531677,0.7643259167671204,-0.4270426034927368
9072,0.3248934745788574,1.1405385732650757,-0.5096858739852905,-1.3307437896728516
9073,-1.1971861124038696,-0.9455397725105286,-0.2333446443080902,-0.1852525919675827
9074,0.5732700228691101,0.7501649856567383,0.7872408628463745,-1.3295488357543945
9075,1.765438199043274,-1.0139763355255127,-0.8472815155982971,0.6868801116943359
9076,-0.8629990816116333,-0.2816223204135895,1.0505094528198242,1.4427835941314697
9077,0.3655208647251129,0.23665639758110046,2.2895195484161377,-1.4575546979904175
9078,0.24970018863677979,-1.453714370727539,0.7513725161552429,-0.23208117485046387
9079,1.952463984489441,0.0417180210351944,-0.9223253726959229,-0.09685753285884857
9080,-1.4650318622589111,0.9908430576324463,-0.9645718336105347,-1.6098930835723877
9081,0.4378863573074341,-0.42271143198013306,0.6358081698417664,-1.648733377456665
9082,0.4464944005012512,-0.6170290112495422,1.1702104806900024,0.47693949937820435
9083,-1.0430505275726318,-0.38454633951187134,-2.158620834350586,-1.6012852191925049
9084,0.29630014300346375,-0.024933427572250366,1.0686209201812744,0.8617238998413086
9085,-1.2681846618652344,1.209904670715332,-0.3973311185836792,1.20710289478302
9086,0.828911542892456,-1.3691434860229492,1.64754056930542,0.23654067516326904
9087,0.015196673572063446,-0.00981813669204712,-1.5923405885696411,0.7556542158126831
9088,0.6750653982162476,-0.4881538152694702,0.11661295592784882,0.7064054012298584
9089,-0.13195131719112396,0.9807059168815613,-1.0122199058532715,-0.6146604418754578
9090,0.24502237141132355,1.0833860635757446,0.7255814671516418,-1.3667229413986206
9091,-0.5969703197479248,0.12440502643585205,-1.5059804916381836,1.327518105506897
9092,0.23656116425991058,0.14581096172332764,-0.7538754343986511,-0.26331937313079834
9093,0.8244592547416687,-0.9573290348052979,-1.3929998874664307,1.1301730871200562
9094,-0.7870640158653259,-0.6799687743186951,1.1599560976028442,-1.4343370199203491
9095,-0.43577927350997925,-0.021759033203125,0.35124003887176514,0.8407148718833923
9096,-0.3758183419704437,-1.1323537826538086,0.5801581144332886,0.852424681186676
9097,1.3176761865615845,-0.024552300572395325,0.16799013316631317,-0.6844785809516907
9098,0.04004582762718201,-0.8640336394309998,-1.777100920677185,-0.4795398712158203
9099,0.664795458316803,0.6831662058830261,-0.433508962392807,-0.8252540230751038
9100,2.1487104892730713,1.7781400680541992,1.9747990369796753,1.9672356843948364
9101,1.658498764038086,2.131028175354004,-1.258288025856018,-0.4932869076728821
9102,0.2553316652774811,-1.0687462091445923,0.32433292269706726,1.8691807985305786
9103,0.8985441327095032,-0.8008641600608826,0.29485636949539185,0.7044853568077087
9104,0.26676449179649353,-0.49010974168777466,0.5452519059181213,-1.0237536430358887
9105,-2.9700746536254883,0.3242419958114624,1.7940895557403564,1.1704521179199219
9106,-1.2909828424453735,0.22348502278327942,0.388033390045166,0.2114139199256897
9107,-1.5408881902694702,-0.7501057386398315,-0.9489852786064148,-0.3275080621242523
9108,-0.6605755686759949,-0.1555582880973816,-0.2624199092388153,0.37697523832321167
9109,-0.9068800806999207,-0.8483837842941284,-1.4234188795089722,1.7725815773010254
9110,0.7573540806770325,-0.4322988986968994,-1.650991678237915,-0.27647173404693604
9111,0.27942782640457153,0.849976658821106,0.16174522042274475,0.3083069920539856
9112,-0.07237089425325394,-1.1716372966766357,0.7043480277061462,-0.537545382976532
9113,-0.62396240234375,0.2183975875377655,0.810508668422699,0.32717248797416687
9114,0.7213621735572815,-0.6460239887237549,-0.979408860206604,-0.6287088394165039
9115,0.8311758637428284,-1.1634931564331055,-0.6548715233802795,0.15568149089813232
9116,0.46605056524276733,2.2010395526885986,0.7278652787208557,-1.4159067869186401
9117,1.3822181224822998,-1.6144983768463135,-1.0922287702560425,-0.300068199634552
9118,2.1774075031280518,-1.8382078409194946,-0.236347958445549,0.459943950176239
9119,-0.29888397455215454,0.8667227625846863,0.11442127823829651,-3.0670812129974365
9120,0.43250608444213867,-0.114315465092659,0.32724761962890625,1.7288302183151245
9121,1.6478350162506104,1.4248450994491577,1.0919885635375977,2.099311351776123
9122,1.2188071012496948,0.18122565746307373,0.7026074528694153,0.9751997590065002
9123,0.10131164640188217,1.7617586851119995,0.785403847694397,0.6574743390083313
9124,-1.266093373298645,0.32234054803848267,-0.8589076995849609,0.6387577056884766
9125,0.16092729568481445,-0.6865865588188171,0.9953269362449646,-1.0714285373687744
9126,0.933066189289093,-0.059559836983680725,-1.975570559501648,-0.2907312512397766
9127,1.4796661138534546,0.32074832916259766,0.16364739835262299,-0.8356676697731018
9128,-0.31152766942977905,0.5942890644073486,-0.6313818693161011,-0.08448289334774017
9129,0.7092921137809753,-1.1915453672409058,1.3469637632369995,0.9091102480888367
9130,-0.6984594464302063,0.1682203859090805,0.6095529198646545,1.1186249256134033
9131,0.45572057366371155,-0.7427435517311096,-0.7617974877357483,0.93994140625
9132,1.1156885623931885,-0.0818282961845398,-0.5735648274421692,-0.38415616750717163
9133,-0.2130855768918991,-0.21361969411373138,-0.6557486057281494,1.2976402044296265
9134,-1.1612091064453125,-0.52302086353302,1.0070345401763916,-0.012929966673254967
9135,0.35165685415267944,-1.2089744806289673,0.41959667205810547,-0.4180307984352112
9136,-1.875014066696167,-0.7981420755386353,-0.1983613520860672,1.1655353307724
9137,-0.8646235466003418,-1.3673293590545654,-0.08267772942781448,-1.8391520977020264
9138,-0.7606431245803833,0.6435465812683105,0.9832953214645386,0.7398886680603027
9139,1.0069355964660645,-0.6801043748855591,0.10045503824949265,-0.4434722661972046
9140,-0.29445332288742065,0.4643145203590393,2.3413076400756836,0.5613816976547241
9141,-1.0240651369094849,0.1288340836763382,-0.6742761135101318,1.3558406829833984
9142,0.17674921452999115,1.9556760787963867,1.8404043912887573,-0.990362286567688
9143,0.4655151069164276,0.5943295359611511,1.8557428121566772,0.15384803712368011
9144,0.6804383993148804,2.122323989868164,-0.6229628920555115,-0.03238608315587044
9145,-0.12609703838825226,0.1979016661643982,-0.3046621084213257,0.9724970459938049
9146,-2.529182195663452,-1.0432345867156982,-1.288321614265442,-1.9663424491882324
9147,-0.28806450963020325,0.987903356552124,0.02510136179625988,-3.0167160034179688
9148,0.004371344577521086,-1.1113638877868652,-2.3852179050445557,-0.3400351107120514
9149,-0.4520188271999359,2.5377981662750244,1.382552981376648,-0.48865407705307007
9150,-1.5487103462219238,-0.21131475269794464,-0.21855098009109497,0.16453859210014343
9151,-0.05310244485735893,-0.10282669961452484,0.6835376024246216,-0.9282422065734863
9152,0.10546998679637909,0.421760618686676,0.24096664786338806,-0.7977175712585449
9153,-2.393589735031128,2.5577738285064697,-0.8880923986434937,0.5727700591087341
9154,0.1968243569135666,-0.5931200981140137,-0.30476856231689453,0.15943513810634613
9155,-1.460653305053711,0.5067126154899597,-1.104884386062622,0.13909386098384857
9156,-1.0546482801437378,-0.5361663699150085,0.3876796364784241,-1.704300880432129
9157,-0.6860251426696777,1.4292197227478027,-2.4951889514923096,0.22879597544670105
9158,1.1726244688034058,-0.0440841019153595,2.0343048572540283,-0.35039013624191284
9159,1.2551027536392212,1.3525291681289673,0.6297157406806946,-0.4484964907169342
9160,-0.8032925724983215,-0.1576913446187973,1.802618384361267,2.1427321434020996
9161,0.5611070990562439,-0.005157545208930969,0.612386167049408,-0.2879476547241211
9162,-0.1748160570859909,-2.234848976135254,0.6541012525558472,-0.7848549485206604
9163,0.5825956463813782,-0.4441105127334595,-1.381779432296753,-0.937553882598877
9164,1.997103214263916,-0.9420546293258667,1.0459930896759033,0.23844380676746368
9165,1.0531837940216064,-1.2525001764297485,-0.5220140218734741,0.969822883605957
9166,1.38176691532135,0.040874890983104706,-0.48950350284576416,0.45587700605392456
9167,1.2496399879455566,0.47543931007385254,1.2586009502410889,-0.5475832223892212
9168,0.30060476064682007,2.596616744995117,0.22898703813552856,0.914402186870575
9169,0.8260656595230103,-1.4841214418411255,-0.0314556285738945,1.4799174070358276
9170,-0.02531648613512516,0.9257701635360718,-0.025417622178792953,-0.4660124182701111
9171,-0.2255610227584839,0.6773338913917542,-0.05629263445734978,-0.2574487030506134
9172,-0.4057558476924896,1.7888727188110352,-0.6332532167434692,0.510554313659668
9173,0.7506139278411865,1.0355217456817627,-0.1129094809293747,1.1941648721694946
9174,-1.9770234823226929,1.0188140869140625,1.0066306591033936,0.12487979233264923
9175,-0.6568575501441956,-0.013613998889923096,0.22832664847373962,-0.8161861896514893
9176,1.6378862857818604,0.14461749792099,-0.9753512740135193,0.3499349355697632
9177,-0.5808348059654236,-1.6850391626358032,1.6063116788864136,-1.4152607917785645
9178,-1.4177305698394775,1.456874966621399,1.2428539991378784,-0.29457780718803406
9179,0.24698705971240997,1.1175450086593628,1.481223225593567,1.0855932235717773
9180,-1.026923418045044,0.6465091109275818,-0.8829061985015869,-0.2556230425834656
9181,0.015435505658388138,-2.453695058822632,1.885061264038086,-0.21973232924938202
9182,0.5352545380592346,1.4468549489974976,1.2142316102981567,0.6604925990104675
9183,-0.982935905456543,0.883358359336853,-1.773858904838562,-0.106815867125988
9184,1.0254039764404297,-0.7386748194694519,-0.558975338935852,0.9630040526390076
9185,1.151041865348816,2.0359745025634766,-0.32066160440444946,0.3510955572128296
9186,-0.0667136013507843,0.41706326603889465,0.1890752911567688,-1.5462089776992798
9187,-1.6733348369598389,1.3552343845367432,-0.4904618561267853,0.9393101334571838
9188,1.1312601566314697,0.9015368223190308,0.397245854139328,-1.2639495134353638
9189,-0.43355363607406616,0.6051027774810791,0.18129892647266388,-0.6347829699516296
9190,0.035674333572387695,-0.14067165553569794,-1.007418155670166,-0.9158700704574585
9191,0.6396969556808472,0.857815146446228,0.533886194229126,-0.4115244150161743
9192,0.6835211515426636,-0.5386260151863098,-1.2812941074371338,-0.5508161783218384
9193,-0.5925711989402771,0.5304733514785767,0.5240907669067383,-0.47632813453674316
9194,0.03237415850162506,1.2128463983535767,-1.0926499366760254,-0.4069867730140686
9195,0.1538200080394745,-0.007390126585960388,1.1701964139938354,0.4395872950553894
9196,-0.2088126540184021,0.36986297369003296,-2.0604355335235596,-0.8790977597236633
9197,0.6585381627082825,0.7163060903549194,-0.46965235471725464,0.7573039531707764
9198,0.4932865798473358,0.25287747383117676,-1.23171865940094,0.9948417544364929
9199,-0.3718019127845764,0.5437315702438354,0.3150445222854614,0.4897748827934265
9200,-0.11507581919431686,0.19322994351387024,1.5158977508544922,-0.3476414680480957
9201,-0.47153669595718384,1.3348383903503418,1.849541187286377,-0.825851321220398
9202,0.993553638458252,-0.22114433348178864,0.17766034603118896,0.3719974160194397
9203,-0.4720444083213806,1.5167319774627686,0.0007875226438045502,0.6237385272979736
9204,1.1761080026626587,-0.5248989462852478,-0.726919412612915,0.46004796028137207
9205,0.019965505227446556,0.3510015308856964,0.4801531434059143,1.015397071838379
9206,-0.2849181294441223,0.6170473098754883,0.14528019726276398,-0.0728067010641098
9207,0.8656050562858582,-0.5749995708465576,-0.7006451487541199,-1.4873002767562866
9208,1.2978283166885376,-0.04092895984649658,1.8391109704971313,-0.016512639820575714
9209,0.012906529009342194,1.2311327457427979,-0.3487970530986786,-0.4169244170188904
9210,0.12694045901298523,-0.19451841711997986,-1.261347770690918,-0.8034670948982239
9211,-0.9667156338691711,-0.4721965789794922,-0.003704231232404709,0.4939364492893219
9212,1.1801612377166748,0.2978972792625427,-0.14606019854545593,-0.44118618965148926
9213,-0.7469061017036438,1.7329185009002686,0.012606333941221237,-1.419149398803711
9214,-1.0634241104125977,-1.788712978363037,-1.133955717086792,0.24208980798721313
9215,1.0600775480270386,0.052707359194755554,0.07518212497234344,0.05691004917025566
9216,-1.2579936981201172,-1.309730887413025,-0.5360584259033203,1.0615366697311401
9217,-0.03316141664981842,-2.044623613357544,0.7773861289024353,-0.9533621072769165
9218,-0.34777724742889404,0.03321016579866409,-1.1628695726394653,-1.1647887229919434
9219,-0.4235468804836273,-1.0557019710540771,0.7809857130050659,-1.6072936058044434
9220,0.7117665410041809,0.7941496968269348,-0.8755651712417603,-0.5834914445877075
9221,-0.5668736696243286,-0.008372917771339417,0.5670341849327087,-1.621745228767395
9222,-0.21774987876415253,-1.89066743850708,0.32038506865501404,0.875863790512085
9223,-0.6057940721511841,-1.1646997928619385,0.9694936871528625,0.3804478943347931
9224,-0.7172585725784302,0.7011345624923706,2.5955488681793213,-0.5542591214179993
9225,0.09780162572860718,-0.11115823686122894,-0.6683637499809265,-0.5935502052307129
9226,-1.5471760034561157,0.15856744349002838,-0.15663421154022217,-0.27386942505836487
9227,-1.2393991947174072,1.6002802848815918,-1.4774004220962524,1.07584810256958
9228,-1.0146682262420654,1.3223801851272583,0.5413949489593506,-0.20325492322444916
9229,1.4513732194900513,0.9991102814674377,1.7766973972320557,-0.08705633878707886
9230,-0.6556223034858704,-0.317081093788147,1.336717128753662,-2.6216726303100586
9231,0.7125072479248047,-0.6943903565406799,-1.280184030532837,-0.28224703669548035
9232,-0.3627007305622101,1.7322028875350952,-0.7912231683731079,-1.7270745038986206
9233,-1.226783275604248,-0.9291608333587646,0.8470544815063477,-0.42092448472976685
9234,-2.1621458530426025,0.04476776719093323,-1.3447978496551514,1.3013274669647217
9235,0.6504086852073669,-0.17420850694179535,-0.12494636327028275,-0.6694036722183228
9236,-0.09361535310745239,1.715559720993042,-0.7936235666275024,-1.0317902565002441
9237,-0.38100168108940125,0.06446728110313416,1.0445648431777954,-0.5420920252799988
9238,0.3347758948802948,0.8525582551956177,2.098102569580078,0.9605314135551453
9239,-0.4139431416988373,0.04462040960788727,-0.15893615782260895,-0.7858688831329346
9240,0.26323187351226807,-1.191442608833313,1.5754884481430054,0.5154411792755127
9241,-0.500903844833374,-0.2876109480857849,0.18490540981292725,-0.4892462193965912
9242,-1.4183003902435303,0.08042124658823013,-0.81242436170578,1.5270276069641113
9243,-1.5290523767471313,-0.9949252009391785,1.030666708946228,-1.235239863395691
9244,0.34470272064208984,0.10508503019809723,-1.483738899230957,-0.815640926361084
9245,0.03177889809012413,-0.3891640901565552,1.3133530616760254,-1.19036865234375
9246,0.9001783132553101,1.048537254333496,-0.623703122138977,-0.38633066415786743
9247,-1.6415680646896362,-1.1690998077392578,1.4333614110946655,1.0592317581176758
9248,-1.1589287519454956,0.7556337118148804,0.7939029932022095,0.24951739609241486
9249,-1.1807831525802612,-0.41443705558776855,0.5383087396621704,0.6180135011672974
9250,1.0799880027770996,0.5207488536834717,1.2193598747253418,-1.0478776693344116
9251,1.4154795408248901,0.2920278012752533,-0.009791344404220581,0.17348140478134155
9252,0.6799446940422058,0.9486569166183472,1.5493888854980469,-2.307040214538574
9253,-1.2959131002426147,-0.21016909182071686,-0.1487175077199936,-0.21738499402999878
9254,-1.1692932844161987,-0.5194457769393921,-0.11591073870658875,-1.7673746347427368
9255,0.10483977943658829,0.20605021715164185,1.4059916734695435,0.9419655799865723
9256,0.9207502007484436,-0.4043336808681488,-1.8090182542800903,-0.8417440056800842
9257,-0.29744651913642883,0.16743525862693787,-0.9819909334182739,-2.460808753967285
9258,-0.09308170527219772,-0.3353346586227417,0.459175705909729,-1.4038009643554688
9259,-0.5697523355484009,-2.408653497695923,0.5733258128166199,-0.4600251019001007
9260,0.7980254888534546,-1.6806186437606812,0.6674555540084839,0.3463762402534485
9261,0.4182790517807007,1.6796520948410034,-1.7687556743621826,-0.20635643601417542
9262,-0.9907069206237793,-1.9367376565933228,-0.852429211139679,0.2701949179172516
9263,0.6772767305374146,-0.7631404399871826,0.4973568022251129,1.1690105199813843
9264,-1.3166615962982178,0.2762818932533264,0.7033466100692749,-0.9086653590202332
9265,-0.43248194456100464,-2.483687400817871,1.0582541227340698,0.3784085512161255
9266,-0.8727164268493652,1.0902515649795532,0.5451149940490723,0.8069351315498352
9267,-1.6675269603729248,-0.3126833140850067,-0.3205134868621826,-0.3303009569644928
9268,0.30497151613235474,0.8006528615951538,-0.2376716583967209,-0.8769145607948303
9269,-0.2907385230064392,-0.17798666656017303,1.253549575805664,-1.6735990047454834
9270,0.6952524781227112,0.754492998123169,-0.0921374261379242,-0.6542834043502808
9271,-1.8753435611724854,1.2302935123443604,-0.4736715257167816,-0.14909686148166656
9272,1.2384915351867676,0.18330059945583344,1.0380961894989014,-1.1091482639312744
9273,1.0002588033676147,2.556671619415283,-1.3046096563339233,-0.4257856011390686
9274,-0.6587253212928772,-0.35359811782836914,-0.41479894518852234,1.159051537513733
9275,0.5620540380477905,-0.4988456070423126,-0.5032748579978943,0.1433962881565094
9276,0.2163432240486145,0.2698878049850464,0.9453309178352356,-0.31026074290275574
9277,1.2392196655273438,0.7625830769538879,0.9725471138954163,0.2503175735473633
9278,0.26483777165412903,-1.0951744318008423,-0.4268062710762024,1.8612898588180542
9279,1.7411019802093506,-0.02336898446083069,0.8400015830993652,0.7968087196350098
9280,-2.1920125484466553,0.2639067471027374,0.10217328369617462,-0.27984586358070374
9281,-0.9574902057647705,-1.2500896453857422,0.09998582303524017,0.11974451690912247
9282,0.4811943471431732,-1.1792532205581665,-0.7223052978515625,1.0036262273788452
9283,-1.791268229484558,-0.10416679084300995,1.6843807697296143,0.9719715118408203
9284,0.36797991394996643,2.2582061290740967,0.7649936676025391,-1.3384394645690918
9285,0.527231752872467,1.0440447330474854,0.5949400663375854,0.343313604593277
9286,0.09088750183582306,-0.33885014057159424,0.03270258381962776,-0.4670430123806
9287,-0.44054991006851196,1.0956850051879883,-0.6340315341949463,-0.6874722838401794
9288,-1.2378532886505127,-0.8438183069229126,-0.6318470239639282,0.916440486907959
9289,-1.0850377082824707,0.5308137536048889,-0.4844009578227997,-0.7817972898483276
9290,1.9218554496765137,0.18199007213115692,0.03228522837162018,0.021831810474395752
9291,1.4931074380874634,0.2866800129413605,-0.6568619608879089,-1.6190415620803833
9292,0.14705073833465576,-0.14254771173000336,-0.241334930062294,1.0056650638580322
9293,-0.3857017159461975,0.724371075630188,-1.1532983779907227,2.1860671043395996
9294,-1.287673830986023,-0.20748740434646606,1.0268993377685547,-0.18084712326526642
9295,-0.6111550331115723,-0.6781953573226929,0.07222216576337814,1.4762250185012817
9296,-0.3209739327430725,0.8960703015327454,-0.14271388947963715,0.890816867351532
9297,-0.04044121503829956,1.9348022937774658,0.9154564142227173,0.36138826608657837
9298,0.7793651223182678,-1.3190672397613525,-0.7435834407806396,0.5528863072395325
9299,-1.1266438961029053,0.6892407536506653,0.36897897720336914,0.48335739970207214
9300,0.8785023093223572,0.19085516035556793,-0.6907744407653809,-0.9148223996162415
9301,0.7448798418045044,-0.4484391212463379,-1.434729814529419,-1.6132138967514038
9302,-0.46495765447616577,-0.20659101009368896,2.68291974067688,0.12390448898077011
9303,1.001930832862854,1.184637427330017,1.0409406423568726,0.2774781584739685
9304,0.9075446724891663,1.2631940841674805,-1.2690271139144897,0.9237430691719055
9305,2.578587770462036,0.5267631411552429,-1.374442458152771,-1.4189680814743042
9306,0.08025964349508286,0.3490925431251526,0.16099558770656586,-0.9139318466186523
9307,-0.45677363872528076,-0.19236290454864502,0.7007577419281006,0.7217240333557129
9308,-0.1235446110367775,-0.6529140472412109,-1.269789457321167,1.6745426654815674
9309,-0.4235801100730896,0.042482711374759674,-0.08028331398963928,0.06103820353746414
9310,0.4505447745323181,-1.2863078117370605,1.7129517793655396,-1.2108417749404907
9311,-0.41364455223083496,0.40207409858703613,1.2003387212753296,0.5493011474609375
9312,-0.533058762550354,-1.3946235179901123,0.5966495871543884,0.8073148727416992
9313,-1.0194827318191528,0.2359677106142044,2.473970651626587,-1.3018132448196411
9314,0.08349928259849548,0.8394044637680054,-2.044373035430908,-0.7640718221664429
9315,0.11765526235103607,-0.12775437533855438,-1.655804991722107,0.8152347803115845
9316,-0.05719240754842758,-1.4062066078186035,0.8623020648956299,0.9130872488021851
9317,-1.3674708604812622,2.0811777114868164,0.797150731086731,-1.2011348009109497
9318,0.26687100529670715,0.16477008163928986,0.9449073672294617,-0.9490527510643005
9319,0.7311077117919922,-0.17065846920013428,0.2637284994125366,-1.4771125316619873
9320,-1.3244004249572754,1.8359309434890747,0.1894483119249344,0.04063284397125244
9321,0.4624255299568176,0.08649719506502151,-0.14513200521469116,-0.026904411613941193
9322,-0.12416215240955353,-0.956818699836731,-0.5213823318481445,0.040141064673662186
9323,0.1877336949110031,-0.2313605695962906,-0.6763405203819275,1.0969328880310059
9324,-0.557591438293457,1.4792487621307373,-0.1491212695837021,-0.9768681526184082
9325,-0.3881895840167999,1.4428631067276,0.6830691695213318,0.5459451675415039
9326,-0.11397089809179306,1.2665241956710815,0.36276671290397644,0.031068649142980576
9327,-0.07683724910020828,1.0019218921661377,0.6970047950744629,-0.8131427764892578
9328,1.3018897771835327,0.7134337425231934,0.498015820980072,0.7884156703948975
9329,0.6662920713424683,0.7219018936157227,1.0074026584625244,0.6357095837593079
9330,-0.4762638807296753,1.9124106168746948,-1.372581124305725,1.9249529838562012
9331,-0.1702108532190323,-0.30998772382736206,0.42527180910110474,-0.46463334560394287
9332,0.1322198212146759,2.9089131355285645,-0.7336810827255249,0.10761669278144836
9333,-2.770472526550293,0.2294844090938568,1.546509027481079,-0.8507145643234253
9334,0.19494272768497467,-0.3365652561187744,-1.1605408191680908,-1.001780390739441
9335,-1.7625190019607544,-0.6449859142303467,0.1820146143436432,-1.235896110534668
9336,1.0147405862808228,1.2750190496444702,0.2433801144361496,0.5448999404907227
9337,1.5923926830291748,0.5250486135482788,-0.23353593051433563,0.4673202335834503
9338,0.5209888815879822,-0.2510886788368225,0.8576861619949341,-0.14064531028270721
9339,-1.4195212125778198,0.9993773698806763,-0.1978718340396881,-1.6847410202026367
9340,-0.37760692834854126,0.6584858298301697,-0.4574762284755707,-2.5863754749298096
9341,1.3649452924728394,-1.0539476871490479,-0.9141905903816223,-0.48983436822891235
9342,-1.660485029220581,-1.0330649614334106,0.378963440656662,0.5609798431396484
9343,2.0771212577819824,-0.507537841796875,-0.632716178894043,0.7084486484527588
9344,-0.9334797263145447,-1.1298184394836426,-0.7442923784255981,-0.7355974912643433
9345,0.15992242097854614,-1.1478837728500366,0.46690094470977783,-0.15268994867801666
9346,1.5473527908325195,-1.167259931564331,-1.9749438762664795,-0.5506395101547241
9347,-1.113195538520813,0.8302967548370361,0.5797949433326721,-0.03167494386434555
9348,0.4102711081504822,1.268099069595337,1.244685411453247,0.17160139977931976
9349,-0.601262629032135,1.3817812204360962,-0.9629015922546387,-0.3852463364601135
9350,-0.1273614466190338,-0.16812141239643097,-0.1108378991484642,0.5820325016975403
9351,1.844936490058899,0.1649750918149948,0.7941180467605591,-0.8846335411071777
9352,0.9281623959541321,-0.014334484934806824,0.18231363594532013,1.3453260660171509
9353,-1.3643994331359863,-0.461539089679718,-0.28527411818504333,1.011304259300232
9354,0.5164313912391663,-0.851876437664032,1.8065178394317627,0.9473550319671631
9355,-0.6372225880622864,-0.5388290286064148,-0.4939153492450714,1.0997587442398071
9356,0.3270721733570099,-0.07524025440216064,-0.8678291440010071,-0.21584860980510712
9357,0.27315065264701843,1.4834462404251099,-1.2654985189437866,0.022329464554786682
9358,-0.4546588659286499,-0.4659382104873657,0.183020681142807,1.3542625904083252
9359,-0.1677347719669342,-1.1217578649520874,-0.3764689266681671,-0.41673991084098816
9360,0.9828583598136902,2.1901204586029053,1.9758050441741943,-0.6699038743972778
9361,1.6477307081222534,-0.5929539203643799,0.5993993878364563,0.8849649429321289
9362,0.4447872042655945,1.5158294439315796,-0.751129686832428,0.48977676033973694
9363,-1.1591383218765259,2.1681320667266846,1.931311845779419,0.08227436244487762
9364,0.8162925839424133,-0.6691316366195679,2.5361411571502686,-0.7537100911140442
9365,-1.2774803638458252,-0.9774726629257202,-0.6738136410713196,-0.741223156452179
9366,2.0426225662231445,-1.2688136100769043,-0.2825499176979065,-0.18107479810714722
9367,0.8147155046463013,-0.6552426218986511,-1.4398987293243408,0.657371461391449
9368,1.3273423910140991,1.7887240648269653,-0.8264566659927368,1.2368621826171875
9369,-0.5435672402381897,0.01260252296924591,0.21635252237319946,-0.4830739498138428
9370,0.20582883059978485,-0.532171905040741,1.2913658618927002,-0.20567983388900757
9371,-0.13471728563308716,0.46635210514068604,0.1302611529827118,-0.9494783282279968
9372,-0.2885810136795044,1.5177335739135742,1.1125589609146118,1.1792460680007935
9373,1.6605803966522217,0.4051937460899353,0.6741890907287598,0.535037636756897
9374,-1.1281923055648804,0.637200653553009,0.07784221321344376,-2.1068308353424072
9375,1.1566498279571533,-0.8407038450241089,2.282909870147705,-0.6770427227020264
9376,0.6921870112419128,-0.9631590247154236,0.7401836514472961,-0.7518033385276794
9377,-1.9245401620864868,-1.1139979362487793,1.2079607248306274,1.1802667379379272
9378,0.8646185398101807,-1.5848758220672607,0.19832153618335724,0.7847835421562195
9379,-0.5042704343795776,1.2297805547714233,-0.9794211983680725,0.931409478187561
9380,1.0814751386642456,0.43260788917541504,0.8889065384864807,-1.3007668256759644
9381,-0.4151868224143982,-0.577786386013031,0.19389595091342926,-2.1564431190490723
9382,-0.044109463691711426,1.0852673053741455,1.4488422870635986,-0.5738619565963745
9383,1.599950909614563,0.7203486561775208,-2.3289244174957275,-1.6245380640029907
9384,0.3446911573410034,0.9636617302894592,-0.12620189785957336,-1.790894865989685
9385,-0.49058449268341064,-0.07847113907337189,0.29438450932502747,-0.5361161828041077
9386,-1.2957844734191895,1.8666267395019531,0.5356460809707642,1.9095672369003296
9387,-0.7376763820648193,-0.6217535138130188,0.3989436626434326,-0.04891034588217735
9388,0.7180553674697876,0.24144457280635834,0.17034684121608734,0.3559413254261017
9389,-0.7504814267158508,0.5574811100959778,-0.3336125910282135,1.1589479446411133
9390,-1.1673749685287476,1.2217954397201538,-1.1757813692092896,0.7373024821281433
9391,-0.5204730033874512,0.7850645184516907,-1.0786502361297607,0.5828446745872498
9392,-0.0899096429347992,0.5707868933677673,-0.24973097443580627,1.030368447303772
9393,-0.7726718187332153,-0.3012937903404236,0.3004835247993469,0.14039620757102966
9394,-1.7857345342636108,0.21421295404434204,1.0907719135284424,-0.1660437285900116
9395,0.058102138340473175,-0.2754960060119629,1.8769887685775757,1.6840343475341797
9396,-0.09811563044786453,-1.6031463146209717,1.4010963439941406,0.523134708404541
9397,-0.19183941185474396,1.4830750226974487,0.2750929892063141,2.346057176589966
9398,-0.815711259841919,-0.2876392602920532,1.4585843086242676,-0.940956711769104
9399,-0.09422639012336731,1.0574493408203125,-0.9679732918739319,0.3484831750392914
9400,0.20319312810897827,-1.0060110092163086,0.5571132302284241,-0.8567759394645691
9401,0.4615173041820526,-0.29854896664619446,-0.7723481059074402,0.15253803133964539
9402,-0.09227370470762253,0.31800663471221924,-1.1569606065750122,-0.2278193235397339
9403,1.24966299533844,-1.3502153158187866,-0.210940420627594,-0.8432461619377136
9404,1.801923394203186,-0.11491475999355316,-0.695368766784668,1.854952096939087
9405,-1.32882559299469,1.2771717309951782,0.3574505150318146,1.1335722208023071
9406,-0.19779162108898163,-0.42608505487442017,-2.4821274280548096,-0.013850545510649681
9407,-0.399490088224411,0.8390988111495972,0.296766459941864,-0.48226261138916016
9408,-0.22060641646385193,-1.2753363847732544,-0.2285500019788742,-0.17295023798942566
9409,0.060179390013217926,-0.4791376292705536,1.187498688697815,1.12503182888031
9410,-0.8449346423149109,0.47306376695632935,0.14252443611621857,0.9563827514648438
9411,-1.0226809978485107,0.7506805658340454,-0.9972922205924988,-0.18542072176933289
9412,-0.8717328906059265,0.6343442797660828,0.38982510566711426,-1.727479338645935
9413,-1.4621570110321045,1.7840256690979004,3.1955654621124268,0.5445966124534607
9414,-2.537571668624878,0.7432059645652771,-0.9992600083351135,2.239598512649536
9415,0.8833027482032776,-0.7141437530517578,0.7581261992454529,0.865981936454773
9416,-0.4447883069515228,0.46212607622146606,-2.54244065284729,0.6437051296234131
9417,-0.9305358529090881,1.778192162513733,-1.3743387460708618,-0.502179741859436
9418,1.867409586906433,1.2013262510299683,-0.9608839750289917,-0.41781532764434814
9419,-0.14046013355255127,1.6384663581848145,2.757612466812134,0.2930785119533539
9420,-1.1167495250701904,0.4043845534324646,-0.5404704809188843,0.8460878133773804
9421,-0.8849642872810364,-1.6367597579956055,0.5107056498527527,-0.023217033594846725
9422,0.42283445596694946,0.07906068116426468,-0.8856139779090881,-1.3123486042022705
9423,1.2944072484970093,0.28733816742897034,0.15068957209587097,-1.6540483236312866
9424,-0.6168400049209595,0.49857431650161743,2.0431714057922363,0.05942920595407486
9425,1.9460368156433105,0.5503450632095337,-2.065250873565674,-1.2878299951553345
9426,-1.8216105699539185,0.14872534573078156,-0.5092418193817139,-1.6302026510238647
9427,-0.34389016032218933,0.13679155707359314,0.45846179127693176,1.143011450767517
9428,-0.7922589778900146,-0.6061172485351562,-0.9452176690101624,1.9651620388031006
9429,-0.9401925206184387,1.7091294527053833,1.6022883653640747,-0.4941500425338745
9430,1.1512115001678467,0.4449611306190491,0.9435800313949585,0.9294401407241821
9431,-0.7356890439987183,-0.20586024224758148,-1.2401049137115479,1.6813288927078247
9432,1.7859504222869873,2.0333597660064697,-0.5669280886650085,-0.35749587416648865
9433,1.6829643249511719,-0.19679062068462372,2.338956117630005,-0.22890906035900116
9434,-0.9336314797401428,1.6362649202346802,-0.17780601978302002,-0.9056254029273987
9435,-1.2014286518096924,2.173290967941284,-0.24267733097076416,-0.7498587965965271
9436,-0.637578010559082,0.7765164375305176,0.5531127452850342,-1.1869170665740967
9437,0.5129409432411194,-1.0038801431655884,0.0991601049900055,-0.08726833760738373
9438,-0.07293878495693207,-0.6483491063117981,-1.452112078666687,0.32554805278778076
9439,-0.2635243535041809,1.7319180965423584,-1.0691869258880615,-0.5130019783973694
9440,-1.0894275903701782,1.8755351305007935,0.5050795674324036,0.2991824150085449
9441,-0.21097078919410706,-0.7120271921157837,-0.38032668828964233,0.019303493201732635
9442,1.4199161529541016,0.24000906944274902,-0.7921203970909119,-0.8828103542327881
9443,-0.42342862486839294,1.3869563341140747,-0.3012760579586029,-0.17447352409362793
9444,0.7704259753227234,1.068173885345459,-0.8485331535339355,0.7461893558502197
9445,0.545474648475647,0.8279396295547485,0.0969095304608345,-0.9131289720535278
9446,1.4005991220474243,0.09683705866336823,0.2244333177804947,-0.12733441591262817
9447,2.1871120929718018,1.305161952972412,0.8055807948112488,-2.000298023223877
9448,-0.2810075283050537,0.40959858894348145,0.523625373840332,-0.5677562355995178
9449,-0.014601971954107285,-1.3883302211761475,1.9432168006896973,-0.17647844552993774
9450,1.4422463178634644,1.7597883939743042,1.6248375177383423,-0.1713474988937378
9451,0.041494641453027725,1.0933420658111572,-0.6114519834518433,-0.8147571682929993
9452,-0.8376061320304871,0.9875281453132629,-0.7615823745727539,0.15147477388381958
9453,-1.2381469011306763,1.2186599969863892,-0.8250908851623535,2.7785253524780273
9454,-0.8661823272705078,1.5426863431930542,-0.39067506790161133,-0.05634400621056557
9455,0.13046453893184662,0.9514684081077576,-0.4099012613296509,0.7558689117431641
9456,-0.970608651638031,1.5203291177749634,0.5681288838386536,0.43497252464294434
9457,-0.32763800024986267,0.20672407746315002,-0.9598209261894226,0.332727313041687
9458,0.741331934928894,-0.44608545303344727,0.06299152225255966,1.505314826965332
9459,0.23160363733768463,-1.8694920539855957,1.29673171043396,1.727876901626587
9460,-0.1771859973669052,-1.6853907108306885,0.7777625918388367,1.7704119682312012
9461,0.31778690218925476,0.9390788674354553,0.026037048548460007,-0.9312356114387512
9462,-1.0444749593734741,1.4813491106033325,-1.2061474323272705,0.12162281572818756
9463,1.2412450313568115,-0.5541788935661316,0.05435663089156151,-0.26488012075424194
9464,0.022536136209964752,-0.13229766488075256,-0.3718605041503906,-0.20834776759147644
9465,-0.6852120757102966,-0.4332795739173889,-1.3863705396652222,0.14735147356987
9466,0.15270954370498657,-0.8510786294937134,-0.15512530505657196,-0.6147915124893188
9467,0.3199561536312103,0.32826030254364014,-0.016707368195056915,-1.1385600566864014
9468,1.2445030212402344,-0.3377552032470703,-0.6532939672470093,-1.534974455833435
9469,-0.3877401351928711,0.9423762559890747,-1.4752306938171387,-0.5903632044792175
9470,1.7966630458831787,1.5711599588394165,-0.021565783768892288,0.5203726887702942
9471,0.5903388261795044,-0.4409022331237793,1.4635894298553467,0.8153388500213623
9472,-0.6974179744720459,-1.396475911140442,0.0375792495906353,-0.6321315765380859
9473,0.8843593001365662,-0.1394277811050415,0.043075982481241226,-0.3123709261417389
9474,1.299668788909912,0.9582176208496094,1.5701968669891357,-0.8887555003166199
9475,-0.8797599077224731,-0.9599999189376831,1.8616206645965576,-0.19296187162399292
9476,0.9310232400894165,1.0680129528045654,1.078211784362793,-0.7262009382247925
9477,0.3402157425880432,0.33084720373153687,1.6026142835617065,-1.5872552394866943
9478,-0.26884526014328003,1.2695802450180054,0.6963606476783752,0.39003798365592957
9479,-0.9260879755020142,0.6593968272209167,0.778475821018219,-1.3374954462051392
9480,-0.23332731425762177,-1.517604112625122,-1.1408655643463135,-1.1970058679580688
9481,1.711510419845581,-1.2180474996566772,0.7458102703094482,-0.3462378680706024
9482,0.6533459424972534,0.35150888562202454,1.311726689338684,1.5234020948410034
9483,-0.6701381206512451,0.4319447875022888,1.1272552013397217,1.9413045644760132
9484,-0.3695722818374634,-1.4768168926239014,0.0640367791056633,0.0936230719089508
9485,-0.5746574997901917,-0.5977369546890259,0.054264433681964874,0.1852864921092987
9486,1.1051448583602905,-0.22080539166927338,-1.182645320892334,0.4411775767803192
9487,0.1987810879945755,-0.5220627188682556,-0.14471584558486938,-1.1736646890640259
9488,-1.4505994319915771,-1.227526068687439,1.6537362337112427,-0.5122324228286743
9489,0.4240805506706238,-0.36427491903305054,1.289456844329834,-0.2632567584514618
9490,0.517601728439331,0.8743554949760437,0.6412436962127686,-0.6077470779418945
9491,0.04294427111744881,0.5968018174171448,-1.90311861038208,-1.029045581817627
9492,-0.5361202359199524,-0.6862791776657104,0.4312081038951874,-0.3061431646347046
9493,0.3213181495666504,-1.3483617305755615,-0.32837241888046265,-0.674836277961731
9494,-0.1199493408203125,0.23396113514900208,1.3249064683914185,1.3108166456222534
9495,-0.7898050546646118,1.5422413349151611,-2.678126335144043,-1.8101156949996948
9496,1.0218812227249146,2.1645309925079346,-0.05878535285592079,-0.7924551367759705
9497,0.43170592188835144,0.597902774810791,-0.03297372907400131,0.3220337927341461
9498,-1.504072904586792,1.140689730644226,-0.07297877222299576,0.5936583876609802
9499,-1.4145957231521606,-1.5976022481918335,-0.2854893207550049,0.9392198324203491
9500,-1.9552021026611328,0.6612314581871033,1.0077131986618042,-0.03922620043158531
9501,0.12586085498332977,0.567995011806488,0.5437953472137451,0.04595883935689926
9502,-1.0326570272445679,-0.2005532681941986,0.3390386700630188,0.3749070167541504
9503,-0.9164671897888184,1.6001596450805664,0.14034368097782135,0.6622424125671387
9504,-0.14598087966442108,0.09330571442842484,-0.32757437229156494,-0.11166249960660934
9505,0.8383327722549438,-0.5329582691192627,1.5806149244308472,1.008392572402954
9506,2.1792917251586914,2.2292871475219727,-0.019754821434617043,-0.5855856537818909
9507,0.4611946642398834,0.2668248414993286,-0.16841207444667816,0.39969414472579956
9508,1.0105067491531372,1.0556106567382812,-0.15275077521800995,-0.5813080668449402
9509,0.13674089312553406,0.3677775263786316,-0.031184984371066093,-1.0428658723831177
9510,1.1911046504974365,-0.10298076272010803,1.0423470735549927,-0.17542384564876556
9511,-0.1316007375717163,0.28125545382499695,0.7090393900871277,-0.11899962276220322
9512,0.25776004791259766,-1.1091445684432983,-0.7667648196220398,1.0818049907684326
9513,-0.3890519440174103,0.11168743669986725,-0.9604640007019043,-1.0657033920288086
9514,-0.2566419839859009,-0.39904093742370605,-1.1905008554458618,0.8548542261123657
9515,-0.7416725754737854,-0.03179663419723511,1.1510065793991089,-1.4013134241104126
9516,-1.6585230827331543,1.2423202991485596,-0.9788199067115784,-0.9754749536514282
9517,-0.7072973847389221,1.2551325559616089,0.15403838455677032,0.9840418100357056
9518,-0.8022592067718506,-0.3957986831665039,-0.04065261408686638,1.6412769556045532
9519,-0.8402368426322937,-0.2739315330982208,1.1726447343826294,-1.7665804624557495
9520,1.4833624362945557,-1.5041840076446533,-2.7873787879943848,-2.1465885639190674
9521,0.5130587220191956,-0.20485128462314606,-0.9325124621391296,1.0940930843353271
9522,1.3650968074798584,-0.5436701774597168,0.1448095589876175,0.16880924999713898
9523,-0.15941336750984192,0.7868172526359558,-0.1974712312221527,0.15436317026615143
9524,-2.344769239425659,1.7325570583343506,-1.2928738594055176,-0.7618886232376099
9525,0.12322517484426498,-1.1227785348892212,0.28306180238723755,-0.6907575726509094
9526,-1.6624923944473267,-0.48078784346580505,-1.4246197938919067,1.8646008968353271
9527,-0.9477453827857971,1.0531375408172607,0.8887465596199036,-3.030862331390381
9528,1.231613278388977,0.9412283897399902,0.5844927430152893,-0.8654950261116028
9529,2.353807210922241,-0.3199135661125183,1.0735365152359009,-0.7993099689483643
9530,-0.6484918594360352,-0.2536824941635132,0.6143808364868164,-0.039586931467056274
9531,2.2201249599456787,0.26286086440086365,0.957567036151886,2.4561853408813477
9532,0.5135065317153931,-1.3274569511413574,0.6053210496902466,1.4427379369735718
9533,-0.08148211240768433,-1.4388158321380615,1.2028287649154663,0.2518976330757141
9534,0.012101195752620697,0.08624835312366486,0.3165649175643921,-2.142819881439209
9535,-1.7327425479888916,-1.547383189201355,0.31136780977249146,-0.7201727032661438
9536,2.5035550594329834,0.9079939723014832,0.44432586431503296,0.9832724332809448
9537,0.5008216500282288,1.1221102476119995,-0.6814443469047546,0.8748499155044556
9538,-2.1336097717285156,1.925844430923462,-0.14968007802963257,-0.7761083245277405
9539,-0.14233343303203583,0.5550667643547058,1.7356806993484497,1.4704362154006958
9540,0.8204120993614197,0.861796498298645,-0.6446878910064697,-0.33652180433273315
9541,1.081076741218567,0.042525626718997955,-1.1782149076461792,-1.0358684062957764
9542,0.27148935198783875,-0.29212525486946106,0.4994439482688904,-0.9000299572944641
9543,-0.15898869931697845,-0.9982872009277344,0.8205996155738831,0.29457324743270874
9544,-0.6026340126991272,-1.6506117582321167,-0.7247059345245361,0.5356186628341675
9545,0.31532377004623413,0.4183005094528198,-1.0680911540985107,0.060208216309547424
9546,-0.7939772009849548,0.32563358545303345,-0.6816534996032715,-0.9066088795661926
9547,-0.8631722331047058,-1.8921715021133423,1.0736644268035889,1.1842761039733887
9548,1.055466651916504,-0.4211537837982178,-1.8139824867248535,-1.9968174695968628
9549,-0.2655493915081024,1.4619734287261963,-1.1443958282470703,-0.5362090468406677
9550,-1.4005696773529053,-0.020401030778884888,-0.048974305391311646,-1.023889183998108
9551,-1.1909239292144775,-0.13187243044376373,-2.1437478065490723,-1.8164012432098389
9552,-0.5257557034492493,0.23583684861660004,0.6185426115989685,-1.0190681219100952
9553,-1.4277012348175049,-0.016463935375213623,1.0146557092666626,0.4068456292152405
9554,0.24139532446861267,-0.3344597816467285,0.14014452695846558,0.287413626909256
9555,1.0236905813217163,1.1794708967208862,1.260580062866211,-0.06054304540157318
9556,-0.11730843037366867,-1.4128758907318115,0.776766300201416,0.4344807267189026
9557,-1.0985723733901978,0.657513439655304,0.016319282352924347,1.6073805093765259
9558,0.7855405211448669,0.22297224402427673,-0.8682529330253601,0.2721903324127197
9559,0.7421062588691711,-0.24585482478141785,0.1467360407114029,0.7546337246894836
9560,0.276712566614151,-0.46654099225997925,-0.7780362963676453,-0.25623029470443726
9561,0.8402585983276367,1.7736849784851074,0.6884742379188538,-0.14796781539916992
9562,0.17085425555706024,-1.3987963199615479,-0.3307323753833771,-1.0676485300064087
9563,-0.07321788370609283,1.3055452108383179,-0.2042478770017624,1.3480429649353027
9564,-1.1506520509719849,0.7792280316352844,-0.9369691014289856,1.2850282192230225
9565,-1.4024566411972046,0.7352060675621033,-0.6201237440109253,0.17284144461154938
9566,0.9262926578521729,0.5019121766090393,0.5045502781867981,-0.6442788243293762
9567,-0.24687275290489197,-0.5636464953422546,-0.7987818717956543,1.9675930738449097
9568,-0.9452301859855652,0.9500049352645874,-2.7777860164642334,-1.059875726699829
9569,-0.3546401262283325,0.23161785304546356,-0.14608775079250336,-1.2358132600784302
9570,1.425115704536438,-0.08338811993598938,-1.0040918588638306,0.8786014318466187
9571,0.5179173350334167,0.7840152382850647,2.234177827835083,1.0828577280044556
9572,0.9772224426269531,0.8576671481132507,0.40979132056236267,0.5281082391738892
9573,0.8160717487335205,0.2756851315498352,-0.10224533081054688,0.2531651258468628
9574,-1.430049180984497,0.25713106989860535,-0.721258282661438,-0.9304167628288269
9575,-1.812583088874817,-0.06058083474636078,-0.2231048345565796,0.4754374027252197
9576,1.2388850450515747,1.4514979124069214,-0.6607645750045776,-0.5492926836013794
9577,0.47778594493865967,0.7904974222183228,0.4846106469631195,-0.5709792971611023
9578,0.7875384092330933,0.7265121936798096,0.05283308029174805,-0.321689635515213
9579,0.7786444425582886,1.191606044769287,0.2515467405319214,-0.6803289651870728
9580,-0.804711103439331,0.9603797793388367,0.8559345006942749,1.2373757362365723
9581,1.1350722312927246,-0.12384931743144989,0.06512754410505295,-0.2614091634750366
9582,0.9552895426750183,-0.3475185036659241,0.8826810121536255,0.4310937523841858
9583,1.6368968486785889,-0.7257258892059326,-1.1036607027053833,0.8665872812271118
9584,-0.4836719036102295,1.274061679840088,-0.5802465081214905,1.9385170936584473
9585,2.353084087371826,1.4074276685714722,-1.1541424989700317,0.06854867935180664
9586,-0.12324823439121246,0.450639009475708,-1.9127177000045776,0.603214681148529
9587,-0.3060014247894287,0.2857500910758972,0.262703001499176,0.9631348848342896
9588,-0.2163822054862976,-0.05989374220371246,-0.23046046495437622,0.7625967860221863
9589,-0.39545997977256775,-0.38097143173217773,-0.021194521337747574,1.4568078517913818
9590,1.6552790403366089,0.8999668955802917,0.5570883750915527,-0.16130933165550232
9591,0.05599238723516464,-0.49234041571617126,0.2132381647825241,-0.7718901038169861
9592,-0.13564836978912354,0.5857679843902588,-0.010198399424552917,0.603128969669342
9593,0.5121976137161255,-0.7169449329376221,-0.0842868760228157,1.7265045642852783
9594,0.6925769448280334,-0.18972282111644745,-0.020410887897014618,0.8793028593063354
9595,-0.5705385804176331,0.47864532470703125,-0.9132471680641174,-0.640121579170227
9596,-0.5231790542602539,1.07887864112854,0.11252234876155853,-0.3016398847103119
9597,0.08207196742296219,0.6419129371643066,1.5846389532089233,1.6369343996047974
9598,-1.0675504207611084,-0.293678343296051,-1.1968321800231934,1.6782842874526978
9599,0.06978791952133179,0.4884151816368103,-1.0122706890106201,-0.017860237509012222
9600,-0.009294098243117332,2.6173274517059326,0.3746037185192108,0.6856614351272583
9601,0.483134388923645,-0.8512330651283264,-1.233885407447815,1.4380549192428589
9602,0.8686472177505493,-0.6838346123695374,0.4892870783805847,0.7394965887069702
9603,0.7747458815574646,-1.4338815212249756,0.7282528281211853,-0.173746719956398
9604,0.8924540281295776,1.1419413089752197,-0.653058648109436,0.527364194393158
9605,-1.3077075481414795,-0.06510823965072632,-0.5677084922790527,-2.7944157123565674
9606,2.5610857009887695,0.24438105523586273,0.06498456001281738,0.09923757612705231
9607,-1.0436487197875977,0.553566575050354,1.2694885730743408,0.030147116631269455
9608,0.015691760927438736,0.44042885303497314,1.2397949695587158,-0.04176962375640869
9609,-0.37689530849456787,2.2908213138580322,-0.16576196253299713,1.5805140733718872
9610,0.5585679411888123,0.6773364543914795,-0.15181978046894073,0.6706472635269165
9611,-0.41378486156463623,0.08356556296348572,-0.6035088300704956,0.7647120952606201
9612,-1.2035342454910278,1.0129938125610352,2.073693037033081,-0.5020439624786377
9613,0.606715738773346,0.6399128437042236,-0.5654125809669495,0.7263534665107727
9614,-1.0013659000396729,-0.19121916592121124,0.18131887912750244,0.03813480585813522
9615,-0.07664034515619278,0.37466514110565186,1.199872612953186,0.5715698599815369
9616,-1.4013677835464478,0.7256393432617188,0.08382035791873932,-0.1471908837556839
9617,1.3393558263778687,-0.7232134938240051,-1.065346598625183,0.1546255499124527
9618,0.9388272762298584,0.691794753074646,1.7244220972061157,-0.7224278450012207
9619,-0.06436800211668015,-1.5448083877563477,0.45429927110671997,0.34863021969795227
9620,0.7517892718315125,0.6485354900360107,0.4426121413707733,0.28969234228134155
9621,-0.07894938439130783,0.8818981647491455,0.9574645161628723,-0.5653157234191895
9622,0.0859757661819458,0.515372097492218,0.0705181434750557,-1.7045361995697021
9623,-0.047813780605793,-0.8807164430618286,0.5473533868789673,1.0501999855041504
9624,0.12169799953699112,1.3818045854568481,-1.6095777750015259,0.9729398488998413
9625,-0.5268905162811279,0.21896877884864807,-0.4981498122215271,-1.0500071048736572
9626,0.5275797247886658,-0.43141651153564453,0.0868944376707077,-0.6089544296264648
9627,-2.145805835723877,0.32371553778648376,-0.6821088194847107,-0.22446423768997192
9628,0.2883025109767914,-0.6916042566299438,-0.3101373612880707,-0.6237868070602417
9629,-0.22026820480823517,0.408721923828125,-0.42726847529411316,-2.2001988887786865
9630,-0.9017322063446045,0.8328996896743774,-1.4108030796051025,2.3118338584899902
9631,0.34512823820114136,1.0564849376678467,-0.1922587901353836,-2.5119645595550537
9632,1.046163558959961,0.9167397022247314,1.1599760055541992,0.2341681271791458
9633,-0.5009070634841919,0.5336369276046753,-0.37802210450172424,-0.6526751518249512
9634,-0.376041978597641,2.664966583251953,-0.8327285051345825,1.0351494550704956
9635,0.20298300683498383,0.0354723259806633,0.044227082282304764,-0.917793869972229
9636,0.03479481488466263,-0.3436649441719055,-1.3780441284179688,1.2842907905578613
9637,-0.6297467947006226,0.23315845429897308,-0.568764865398407,-0.22253283858299255
9638,-0.20261253416538239,0.4605991244316101,0.5801000595092773,-1.0648950338363647
9639,-0.8696746230125427,-0.11473077535629272,0.3873860836029053,0.26938027143478394
9640,-0.2948218584060669,0.5096826553344727,0.345352441072464,0.9065641164779663
9641,0.4540656507015228,0.7492002248764038,0.38004741072654724,-0.6532244086265564
9642,-1.3985950946807861,-0.368543803691864,0.29659128189086914,0.2871295213699341
9643,0.2703496813774109,1.5609267950057983,0.14195533096790314,-0.8267954587936401
9644,0.9983937740325928,2.0248091220855713,-0.21726419031620026,-0.8993043899536133
9645,-0.08025645464658737,-1.2042806148529053,0.10571160912513733,0.7932562232017517
9646,0.4151598811149597,-0.09025172889232635,0.8291317224502563,0.04146793112158775
9647,-1.4265047311782837,-0.08997116982936859,-1.2356493473052979,-0.22501155734062195
9648,0.35890039801597595,2.2465529441833496,0.5612096190452576,2.0571682453155518
9649,-0.8391517400741577,0.9608387351036072,-0.522034764289856,-0.8080286383628845
9650,-1.0607447624206543,0.36804553866386414,-1.5190014839172363,1.2582132816314697
9651,-1.116271734237671,0.16241641342639923,1.841949701309204,1.2683486938476562
9652,-0.8463011980056763,0.5702434182167053,0.45023494958877563,-0.4617977738380432
9653,0.18509440124034882,-2.2098255157470703,1.7259548902511597,-0.11606445163488388
9654,-1.3784096240997314,-0.14486193656921387,-0.9736332297325134,-0.6607512831687927
9655,-0.7092087864875793,-0.10636216402053833,-1.6756188869476318,2.350722312927246
9656,1.7291350364685059,0.004939466714859009,-0.05816306918859482,-1.0390758514404297
9657,-0.002595781348645687,-0.9844887852668762,1.7267370223999023,-1.3348958492279053
9658,2.023428440093994,-0.7698379158973694,-1.661980390548706,-1.2577325105667114
9659,-1.2838438749313354,-0.6351606845855713,1.351818323135376,-0.8847663402557373
9660,0.09683048725128174,0.9613842964172363,1.0041730403900146,-0.8096951842308044
9661,0.6777670383453369,0.7278982400894165,-0.7527341246604919,1.3413747549057007
9662,0.5701598525047302,-1.6441670656204224,-0.0890534520149231,-1.3555266857147217
9663,0.37276947498321533,-0.23175625503063202,-0.2851303219795227,0.8907243609428406
9664,-0.18513543903827667,-0.18530422449111938,-0.8786776065826416,0.6679098606109619
9665,1.210103988647461,-0.637294352054596,0.4292241930961609,-0.2979739308357239
9666,-1.2993541955947876,1.4860128164291382,0.8077036142349243,-0.15816965699195862
9667,0.453515887260437,1.4280047416687012,-1.2932093143463135,0.22422577440738678
9668,0.5361286997795105,0.7942700386047363,-1.681168556213379,-0.8201959729194641
9669,0.6832107901573181,0.005347639322280884,1.8313463926315308,-1.7789331674575806
9670,0.14776669442653656,1.4926844835281372,0.5352200269699097,-0.9240829348564148
9671,-0.45513275265693665,1.6628936529159546,0.9743883013725281,-1.5995155572891235
9672,-1.1336132287979126,0.07136853039264679,-0.9909563064575195,0.6059920787811279
9673,-0.47461602091789246,-0.970121443271637,4.445713043212891,0.2336931675672531
9674,0.8467015624046326,-0.3399377763271332,1.2470333576202393,1.162050724029541
9675,-0.39726653695106506,-0.08673867583274841,0.1866828203201294,-1.5644060373306274
9676,-2.0382938385009766,1.5397056341171265,0.3912585973739624,-0.550194263458252
9677,0.5670892596244812,0.4869157075881958,-0.10230095684528351,0.2867663502693176
9678,0.04910440742969513,0.07294142991304398,-0.24052277207374573,1.120683193206787
9679,-0.10327708721160889,1.8171190023422241,0.4218236804008484,1.3405065536499023
9680,0.3659016191959381,0.5868628025054932,0.09280602633953094,0.2697395384311676
9681,0.47298017144203186,2.047899007797241,0.4563048481941223,-0.15236255526542664
9682,1.1908925771713257,-0.9496009945869446,-0.022179603576660156,0.14759564399719238
9683,0.8394848108291626,1.0709503889083862,0.4098520278930664,0.8655457496643066
9684,0.7937721014022827,0.1690419763326645,0.7630571126937866,0.47554463148117065
9685,0.8323323130607605,-0.6718394160270691,-0.6271832585334778,0.9766245484352112
9686,0.6322250962257385,-0.3827815055847168,1.0295162200927734,-0.9161121249198914
9687,-3.042780637741089,0.7120193243026733,-0.22016635537147522,-0.3959311246871948
9688,0.5368236303329468,-0.6005402207374573,-1.2417941093444824,0.8189668655395508
9689,0.6272122263908386,-0.8767133355140686,0.6759222745895386,1.2274819612503052
9690,-0.04195773974061012,1.4007755517959595,0.11368297040462494,-0.06299398094415665
9691,-0.20665661990642548,0.3293706774711609,2.4271697998046875,-0.9994550943374634
9692,0.2779073119163513,0.34705081582069397,-0.18602460622787476,-0.4281157851219177
9693,0.38789138197898865,-0.7455605268478394,0.6512986421585083,-0.7255127429962158
9694,0.9658460021018982,0.9082471132278442,0.9285939931869507,-1.0664739608764648
9695,0.9515259861946106,-0.8239514231681824,0.683373212814331,-0.13426686823368073
9696,-0.1629977971315384,-1.1649813652038574,0.12733590602874756,-1.254477858543396
9697,2.0422565937042236,-0.665911078453064,-0.17644791305065155,0.08588328212499619
9698,-0.36446520686149597,-1.314836025238037,1.7694780826568604,0.3350984752178192
9699,-0.5005666017532349,-1.497883677482605,-2.29447603225708,-0.2563242018222809
9700,1.2012392282485962,0.7920758128166199,2.555115222930908,0.1324978917837143
9701,0.4216614365577698,0.8052121996879578,-0.8674008250236511,-1.1594878435134888
9702,0.6083647012710571,-0.2788735032081604,-0.6365182995796204,0.1357227861881256
9703,-0.7994057536125183,1.2437810897827148,1.6150270700454712,0.5906043648719788
9704,0.4619780480861664,-0.5689414143562317,0.3577938377857208,-0.6781067252159119
9705,-0.8520039319992065,-1.284281849861145,-1.4177802801132202,-0.14423061907291412
9706,-1.7146108150482178,0.491290807723999,0.1898270547389984,1.8098770380020142
9707,-0.6789553761482239,0.3950650691986084,0.3943582773208618,1.0873836278915405
9708,0.5566084980964661,0.8640055060386658,-1.7579147815704346,-1.3034406900405884
9709,-0.8787732124328613,1.506468653678894,-1.0553085803985596,-0.8294229507446289
9710,-0.6990782022476196,1.6075958013534546,2.2833516597747803,-0.7441622018814087
9711,-0.7048936486244202,0.41140806674957275,0.47239282727241516,1.1266099214553833
9712,-1.409752607345581,1.5257006883621216,0.963741660118103,0.19543416798114777
9713,-1.2604941129684448,0.6197694540023804,-1.5583926439285278,2.6621909141540527
9714,0.6107531189918518,0.38664257526397705,0.3037083148956299,-1.260197639465332
9715,0.7451915740966797,-0.8746757507324219,-1.3324506282806396,-0.8232991695404053
9716,0.7197311520576477,-1.0014469623565674,1.0911853313446045,1.051555871963501
9717,-0.9166709184646606,0.416279137134552,2.2107996940612793,0.1933739185333252
9718,-0.05621337890625,2.222909927368164,1.4754747152328491,0.14494726061820984
9719,-0.5929036736488342,-0.4762309789657593,-0.2615285813808441,-0.48690924048423767
9720,0.5099737048149109,-0.5384660959243774,-0.016083385795354843,0.32170918583869934
9721,-1.914499044418335,-1.3502037525177002,0.27828535437583923,-0.5459628701210022
9722,-0.3167213499546051,-1.1368721723556519,-1.876889944076538,1.2958927154541016
9723,0.7182824015617371,0.6131172180175781,0.0886426493525505,1.2020149230957031
9724,0.7601549625396729,0.17867915332317352,-1.039711594581604,0.44040408730506897
9725,0.5004255771636963,-0.431985080242157,1.87938392162323,-0.9754409790039062
9726,-0.9372971653938293,0.0657372698187828,-1.8472065925598145,-0.17881745100021362
9727,-0.8198355436325073,0.5645091533660889,-0.7623618841171265,-0.8749915361404419
9728,0.2266002595424652,-0.46213066577911377,0.38865500688552856,-0.5792312622070312
9729,0.8748046159744263,1.6390726566314697,-0.3105394244194031,-0.5178341865539551
9730,-0.6064649224281311,0.738853931427002,0.1621711701154709,-0.7422053813934326
9731,0.14752592146396637,0.8935638070106506,1.3136796951293945,-0.19802811741828918
9732,0.0392022430896759,0.6629511713981628,1.4533119201660156,0.8038673400878906
9733,-0.6284998059272766,-0.5069518089294434,-0.6019072532653809,1.4353853464126587
9734,0.4168529808521271,1.690059781074524,-0.4621460735797882,0.4887615740299225
9735,-1.146735429763794,0.10830502212047577,1.4004740715026855,0.43454501032829285
9736,0.5565760135650635,0.24507704377174377,-0.26592621207237244,1.4861559867858887
9737,0.3129551410675049,-0.8622846603393555,-0.6476024389266968,-0.6609514951705933
9738,0.5474463701248169,-1.0790300369262695,-0.11344379186630249,-0.35300111770629883
9739,0.0026371972635388374,1.5147924423217773,0.3838064670562744,-1.771209955215454
9740,0.28062885999679565,0.757488489151001,1.862837553024292,0.09291436523199081
9741,0.42694008350372314,1.4158406257629395,1.9627374410629272,-1.1406210660934448
9742,-0.7903459072113037,-0.9660696983337402,0.6578434705734253,0.8619560599327087
9743,-0.2692563235759735,0.9909800291061401,-1.5360333919525146,0.8355748653411865
9744,1.3889527320861816,-0.1352488249540329,-1.5281944274902344,-1.152990460395813
9745,-1.0703270435333252,0.6047480702400208,-0.7351047992706299,-0.0023357756435871124
9746,0.3260587751865387,-0.24303750693798065,1.0399386882781982,1.0298658609390259
9747,0.04850031062960625,-0.2825627326965332,-0.8879681825637817,-0.6447567939758301
9748,-0.5213237404823303,0.1558317393064499,-0.3105887174606323,-0.14939655363559723
9749,-0.7915694117546082,0.971508264541626,-0.4355378746986389,-2.5958807468414307
9750,2.1573264598846436,-0.374859482049942,-1.111356496810913,-0.06754428148269653
9751,-0.6776102781295776,0.6096842885017395,-0.3471783697605133,0.10964155197143555
9752,0.18281172215938568,0.099016934633255,0.20664924383163452,-0.6435166597366333
9753,1.6907440423965454,-0.8734748363494873,-1.1563106775283813,1.2677351236343384
9754,0.9475395679473877,0.27996116876602173,0.8929459452629089,0.7393277883529663
9755,-0.369915634393692,-0.7138550877571106,-0.20041704177856445,-1.7558526992797852
9756,1.2991324663162231,1.179848074913025,0.8005200624465942,-0.08717590570449829
9757,1.532751202583313,-1.5219411849975586,-0.7981652617454529,0.2551467716693878
9758,0.5934316515922546,-1.0422624349594116,1.6720209121704102,-1.1147624254226685
9759,-1.5238406658172607,-0.41670042276382446,-1.6932477951049805,-1.7348159551620483
9760,-0.34198206663131714,0.0861220508813858,-1.178245186805725,0.22047093510627747
9761,0.21608248353004456,-0.48183250427246094,-1.6805596351623535,-0.01064429059624672
9762,-0.455211877822876,-0.4763414263725281,0.30851349234580994,-0.010818365961313248
9763,0.09087900817394257,2.4320740699768066,-0.1121709942817688,1.2719287872314453
9764,-1.2878974676132202,-1.3250917196273804,-0.6614404916763306,-0.3279992640018463
9765,-0.15696245431900024,2.7337429523468018,0.7176675796508789,-1.2075973749160767
9766,-2.3770639896392822,-1.1567286252975464,0.1552724987268448,1.5633251667022705
9767,-0.7055420279502869,-0.17210473120212555,1.4619224071502686,-0.45859313011169434
9768,0.9229018092155457,-0.24148117005825043,-0.6884214878082275,-0.139745831489563
9769,0.05218677595257759,0.29648637771606445,0.9165937304496765,-0.8819221258163452
9770,1.2084378004074097,1.884380578994751,-0.20480288565158844,0.6123102307319641
9771,0.8959452509880066,1.7614068984985352,0.021287109702825546,-1.6025248765945435
9772,-0.47124430537223816,0.10809258371591568,-0.019199155271053314,1.1053400039672852
9773,-3.044222831726074,0.3138290047645569,-0.20283567905426025,0.7449513673782349
9774,0.5276536345481873,-0.6723858118057251,-0.25666922330856323,-0.6865126490592957
9775,-0.9051554203033447,0.8678120970726013,-0.5626263618469238,0.18640977144241333
9776,0.33777692914009094,1.1931860446929932,-0.8867083787918091,-1.8346035480499268
9777,1.7828550338745117,-1.14852774143219,0.6050894260406494,-0.3710275888442993
9778,-0.23344960808753967,-0.24984760582447052,-0.061403993517160416,-0.42343005537986755
9779,1.1292195320129395,0.8853378295898438,-0.29729872941970825,1.6456226110458374
9780,1.9576393365859985,-0.025095418095588684,-1.3615976572036743,-0.862270176410675
9781,1.2907111644744873,0.9931789040565491,-0.5773656368255615,1.2253249883651733
9782,-0.4680784344673157,-0.9152905344963074,-0.4694761633872986,-2.043333053588867
9783,1.0202752351760864,0.8095985054969788,1.0452040433883667,-0.7698706388473511
9784,1.0899758338928223,-0.900693953037262,-0.9226696491241455,0.4952866733074188
9785,0.8937939405441284,0.4690802991390228,0.8039466142654419,-1.0987451076507568
9786,0.25736379623413086,0.8537154793739319,0.013950088992714882,0.15448516607284546
9787,-1.4648246765136719,0.5303714871406555,0.18749074637889862,-1.4603585004806519
9788,1.0233691930770874,0.3654596209526062,-0.5569093227386475,-0.5595313906669617
9789,-0.07435224205255508,-0.5119484066963196,-0.3287977874279022,-0.37650245428085327
9790,-3.327347755432129,-0.160934716463089,1.0299859046936035,-1.601657748222351
9791,-1.2519726753234863,0.13592159748077393,0.1514711081981659,0.7698208093643188
9792,2.311838150024414,1.5799427032470703,0.16196586191654205,-0.74437016248703
9793,0.48417866230010986,-0.7217090129852295,0.8509933352470398,0.6499225497245789
9794,-0.19001328945159912,1.670727252960205,-0.1371593177318573,0.15772461891174316
9795,-0.45132070779800415,-1.2913590669631958,-0.709381103515625,0.3791840374469757
9796,1.3140766620635986,-0.7911635637283325,-1.0443440675735474,-0.4033159613609314
9797,0.062436435371637344,0.7695178985595703,2.3636162281036377,-0.1391218900680542
9798,-0.9059972167015076,0.22088083624839783,-0.8016048073768616,-1.1445746421813965
9799,-0.9180378317832947,0.512491762638092,0.7845340371131897,-1.6249089241027832
9800,-1.8555866479873657,-0.23625804483890533,1.381205677986145,-0.7445759773254395
9801,-0.7349433898925781,1.5269874334335327,-0.43119731545448303,-1.3664512634277344
9802,-0.624828577041626,-0.34074294567108154,0.12791164219379425,0.0720197856426239
9803,0.7656182646751404,-2.8098363876342773,0.25368136167526245,2.719269275665283
9804,0.11637987941503525,-0.9472823739051819,0.23121000826358795,0.26601478457450867
9805,-0.24772289395332336,-0.14461608231067657,-0.1514395922422409,-0.2767253518104553
9806,0.3550487458705902,0.1585945039987564,0.21814952790737152,-0.5804358720779419
9807,-0.32513073086738586,1.7893098592758179,1.0218976736068726,-1.2632602453231812
9808,-0.6347870230674744,0.5375577807426453,-0.04374677315354347,0.021176643669605255
9809,-0.4234134554862976,0.0677734836935997,-1.7109814882278442,0.027753058820962906
9810,1.9326016902923584,0.8863575458526611,0.023072829470038414,-0.11139832437038422
9811,-0.09557239711284637,1.446549415588379,0.09893158078193665,0.5417814254760742
9812,-0.26358529925346375,-0.2160363346338272,-0.3183547556400299,-0.5152565240859985
9813,0.5388574004173279,-1.2445193529129028,0.04498165845870972,-0.7298440933227539
9814,-1.6781363487243652,0.27202528715133667,-1.0898168087005615,-0.7662338018417358
9815,0.428559809923172,-0.6657610535621643,-1.519405484199524,1.1525466442108154
9816,0.25328558683395386,-1.695388674736023,1.497146487236023,0.2717849314212799
9817,0.6124969720840454,0.28692626953125,-0.2537963092327118,-0.4232655465602875
9818,1.0708701610565186,-1.7491254806518555,1.5638096332550049,-0.495974600315094
9819,-0.7058458924293518,0.886942982673645,-2.619640827178955,0.617786705493927
9820,-0.02834087237715721,2.010272979736328,1.2480419874191284,-1.2272816896438599
9821,-1.135206937789917,-1.6686279773712158,-1.2203770875930786,0.5647898316383362
9822,0.15403719246387482,-0.42358338832855225,0.40415439009666443,0.6424885392189026
9823,-0.07105432450771332,-0.14637093245983124,-0.9280409216880798,0.9820914268493652
9824,2.0907657146453857,-0.8681927919387817,0.02660188637673855,0.28749606013298035
9825,-0.4226963520050049,0.5756610631942749,-1.5809301137924194,1.185591220855713
9826,-0.7367595434188843,-0.64776611328125,0.5336388945579529,-0.5657168626785278
9827,0.13712634146213531,0.06591460108757019,-0.23331913352012634,-0.3689923584461212
9828,0.0569094754755497,0.9151467680931091,1.2580231428146362,-0.04327181726694107
9829,-1.5629664659500122,0.415749192237854,-0.20085711777210236,0.017139486968517303
9830,0.6479887962341309,-2.2810628414154053,0.28399983048439026,-1.5371944904327393
9831,-0.6984722018241882,1.5499531030654907,1.667206048965454,-0.6830847859382629
9832,-0.15440236032009125,0.9742879867553711,1.1649006605148315,0.6720428466796875
9833,-0.3200693428516388,0.01226051151752472,-0.5210608839988708,0.013091258704662323
9834,0.8876577019691467,1.3657596111297607,0.283830463886261,1.970682144165039
9835,0.33899828791618347,-0.41561996936798096,1.4663314819335938,-1.757200837135315
9836,1.0188230276107788,-0.8287625312805176,-0.5056161880493164,-1.4981731176376343
9837,-0.44933244585990906,0.5855991840362549,-0.15256625413894653,-1.0316578149795532
9838,1.2079691886901855,0.7656494379043579,-0.35788223147392273,1.093177080154419
9839,1.3490686416625977,1.3939253091812134,0.14840582013130188,0.9502377510070801
9840,0.8101234436035156,1.292679786682129,0.61308354139328,-0.6074765920639038
9841,-1.054147481918335,-0.841498851776123,-2.538954019546509,-0.2255273163318634
9842,0.7285709381103516,0.6868557333946228,-0.5144190192222595,0.6425378322601318
9843,-0.3807871639728546,0.8772006034851074,-0.10555481910705566,1.84833824634552
9844,0.04392306134104729,1.4333319664001465,-0.48716169595718384,-0.1626981794834137
9845,1.4406780004501343,1.1561474800109863,1.0869262218475342,-1.223287582397461
9846,-0.6434260606765747,-0.41209256649017334,-1.014227032661438,0.9871563911437988
9847,-0.07638854533433914,-0.17018292844295502,0.04178249090909958,-0.5453731417655945
9848,0.5447689890861511,-0.024560973048210144,-0.35753941535949707,-0.5717087984085083
9849,0.9232777953147888,0.2172527313232422,-1.0807411670684814,0.13813818991184235
9850,0.9399498701095581,0.11939266324043274,0.8754592537879944,-2.6553823947906494
9851,-1.7123414278030396,1.1021513938903809,0.0917583703994751,-0.8575548529624939
9852,-0.751344621181488,-0.3111000061035156,0.6937121748924255,-0.6779775619506836
9853,0.2585015594959259,0.9898508787155151,-0.44320037961006165,-0.5811310410499573
9854,1.2730348110198975,-0.08067455887794495,0.4254917800426483,-2.684072256088257
9855,0.27984991669654846,0.13508546352386475,-0.5924322009086609,0.14977067708969116
9856,-0.4908752739429474,-1.3036350011825562,0.28237786889076233,-1.4569683074951172
9857,-0.3889947235584259,0.09125042706727982,-0.08984784781932831,0.8862511515617371
9858,-0.21652749180793762,-0.2219889611005783,1.531058430671692,2.228630304336548
9859,-0.9806896448135376,-0.6292952299118042,-0.24953585863113403,1.0879405736923218
9860,-0.04335527494549751,-0.5066453218460083,-0.15516047179698944,1.628675103187561
9861,-0.5943523645401001,1.3481158018112183,0.650408148765564,0.39594972133636475
9862,0.20278477668762207,1.1739845275878906,0.9229580760002136,-0.2062390148639679
9863,0.6526151895523071,0.17888598144054413,-0.2720945477485657,0.11595802009105682
9864,-1.7080978155136108,-0.013007432222366333,1.176622986793518,-1.1428601741790771
9865,-1.0501031875610352,2.063936233520508,0.58876633644104,-0.0015831775963306427
9866,-0.4544905424118042,1.790396809577942,0.9977083206176758,1.669877529144287
9867,-0.8411895632743835,-0.06254330277442932,-0.7517580986022949,-0.6748791933059692
9868,1.2733654975891113,-1.2134344577789307,-1.4029396772384644,-0.7358596324920654
9869,1.562168836593628,1.9663933515548706,-0.12385982275009155,-0.2631252408027649
9870,-1.067175030708313,-1.0609198808670044,-1.3795071840286255,-0.7973293662071228
9871,1.4883302450180054,-0.7295373678207397,1.1365666389465332,-0.9684699773788452
9872,-2.1721434593200684,-0.4848787188529968,0.6577823162078857,1.001853108406067
9873,-1.1517411470413208,1.1091094017028809,-1.3080484867095947,0.6857270002365112
9874,-0.06013051047921181,0.0008002817630767822,-0.7935281991958618,0.3891451358795166
9875,0.9516150951385498,2.492504119873047,-0.8007606267929077,1.9286282062530518
9876,0.12240711599588394,1.452528715133667,1.347574234008789,0.2687138617038727
9877,-1.0025396347045898,-0.5084282755851746,-0.558695912361145,0.6708940863609314
9878,-0.05142364278435707,0.399139404296875,0.15108861029148102,-0.207050159573555
9879,0.3255728483200073,-0.4003503918647766,0.8557989001274109,-2.1247310638427734
9880,0.17436331510543823,0.9907775521278381,1.8838129043579102,0.8762875199317932
9881,-2.140261650085449,0.7098272442817688,-1.883563756942749,0.7990375757217407
9882,-0.7156869173049927,1.451369285583496,-1.5126285552978516,1.3736072778701782
9883,-0.2765577733516693,-0.8173298239707947,-2.6695737838745117,-0.8828462362289429
9884,0.030895989388227463,2.427208423614502,-0.044263288378715515,-0.9358327388763428
9885,0.04525191709399223,-0.6420618891716003,0.5598359107971191,-1.0510756969451904
9886,-0.8133012056350708,-1.1272244453430176,-1.4553356170654297,0.550182580947876
9887,1.0146894454956055,0.05454717576503754,3.0319273471832275,1.027065396308899
9888,1.06087327003479,0.5986742973327637,-0.2866755425930023,1.7885944843292236
9889,-1.4620848894119263,1.171177625656128,1.391692042350769,0.13574478030204773
9890,-0.756946861743927,-1.4658735990524292,-1.0401180982589722,0.5086862444877625
9891,1.5150314569473267,1.8614702224731445,0.04877341166138649,0.24215903878211975
9892,1.1755633354187012,2.0609750747680664,-0.2804819941520691,0.43290454149246216
9893,0.00774869741871953,-0.7382336854934692,-0.0008074389770627022,1.6409591436386108
9894,0.5415970087051392,-0.8785751461982727,-2.493340492248535,-0.14737467467784882
9895,0.3421437442302704,0.9098566174507141,-0.5365546345710754,-0.20221827924251556
9896,1.6729447841644287,-0.26400578022003174,-0.8352816104888916,1.6355488300323486
9897,-2.848670482635498,0.3671756386756897,0.6766557097434998,1.2132782936096191
9898,1.438672661781311,-0.3742932081222534,1.1671991348266602,-1.489754557609558
9899,-2.033036231994629,1.172423243522644,1.2739813327789307,0.5518325567245483
9900,1.5435397624969482,0.5623131394386292,-0.21549122035503387,-1.185558795928955
9901,-0.5901808142662048,0.25143176317214966,0.32630792260169983,-0.17760878801345825
9902,2.5685579776763916,0.7095627784729004,0.4222508668899536,-0.11644268035888672
9903,-0.25101256370544434,1.9998970031738281,-0.5470247268676758,0.01260695606470108
9904,0.5049576759338379,-0.09046359360218048,-0.5714297294616699,-0.4100046455860138
9905,0.09830079972743988,-0.16948933899402618,0.7767320871353149,-1.9069690704345703
9906,0.4945419430732727,0.4488527178764343,2.0955870151519775,-1.7935982942581177
9907,1.8209651708602905,0.2781083583831787,0.14761972427368164,0.31913337111473083
9908,1.0450682640075684,-1.7503470182418823,-0.2914005517959595,0.9943894147872925
9909,0.11857350915670395,-1.4601280689239502,1.5231589078903198,-1.8237535953521729
9910,0.08892583101987839,-1.8257811069488525,0.1979905068874359,0.09355121105909348
9911,0.5635645985603333,-0.2405044436454773,0.4916878342628479,1.3340575695037842
9912,-0.26402372121810913,0.14882861077785492,-0.18686211109161377,0.15664784610271454
9913,1.7041985988616943,2.482527732849121,0.6430160403251648,-1.7075467109680176
9914,-1.2592823505401611,0.0170697420835495,-0.7813438773155212,-0.6137440800666809
9915,1.479557991027832,-1.7533578872680664,2.8929288387298584,-1.615039348602295
9916,1.2014790773391724,-0.3806384801864624,0.8034577369689941,0.7065768241882324
9917,0.04116850718855858,0.6012543439865112,0.31494054198265076,0.43159356713294983
9918,-0.02093283087015152,-1.2929624319076538,-1.7407139539718628,0.6825719475746155
9919,-0.7361588478088379,1.3131531476974487,-1.7893164157867432,1.1308296918869019
9920,-0.5422136783599854,0.815734326839447,-0.4016747772693634,1.0294157266616821
9921,-0.06645935773849487,-0.9519083499908447,1.15781831741333,-0.07986555248498917
9922,0.0781068354845047,0.8335328698158264,-0.9858843088150024,2.1156389713287354
9923,-0.013985924422740936,-0.37614721059799194,-1.287736177444458,0.621139407157898
9924,-0.30580246448516846,-0.26424717903137207,-0.4680625796318054,1.1893481016159058
9925,-1.646021842956543,-0.6311244368553162,0.17450305819511414,0.24595507979393005
9926,0.09270329028367996,1.3795125484466553,1.1927399635314941,-0.1503686159849167
9927,-0.9070778489112854,0.3019624650478363,0.5115313529968262,-0.1095251739025116
9928,0.13423386216163635,-1.0611628293991089,-0.8704811334609985,-0.45087164640426636
9929,-0.13982923328876495,0.9982484579086304,1.0133668184280396,-0.5556203722953796
9930,0.42691099643707275,1.095456600189209,0.2807179093360901,-2.455972671508789
9931,-0.1773381531238556,-0.6137545704841614,0.5773370265960693,1.3022023439407349
9932,-0.034950435161590576,1.0664228200912476,1.6852425336837769,-0.7816148400306702
9933,-0.9968622326850891,0.4958841800689697,-0.8800840377807617,0.03432769328355789
9934,0.06474653631448746,-0.09033709764480591,1.4969103336334229,-0.7058704495429993
9935,0.5146622657775879,0.6296579837799072,1.3355398178100586,0.3204962909221649
9936,-0.7013087868690491,-0.6142162084579468,-0.9297265410423279,0.5547616481781006
9937,1.6791083812713623,-0.1866195648908615,-0.20277926325798035,0.7493348121643066
9938,-0.08997941762208939,-0.47913628816604614,0.19804829359054565,-1.4414194822311401
9939,1.7057557106018066,0.9451518058776855,-0.3837977647781372,-0.7187315821647644
9940,-0.36224767565727234,0.7982386946678162,-0.9833671450614929,0.820936381816864
9941,0.4884178042411804,-0.14342202246189117,-2.070253610610962,-0.4488567113876343
9942,1.9055002927780151,2.01847505569458,-1.8544272184371948,0.4352723956108093
9943,-1.0575165748596191,-0.10049507021903992,0.7793936729431152,0.6240488290786743
9944,0.625885009765625,2.0015501976013184,0.41138777136802673,0.8059669733047485
9945,-1.672386646270752,0.2244669646024704,-0.7241529226303101,-0.40093445777893066
9946,-0.012737281620502472,1.2228245735168457,-0.23926779627799988,0.11375293880701065
9947,1.063591480255127,0.9391319155693054,-0.6186745166778564,-1.1540772914886475
9948,0.4510638117790222,1.3250441551208496,1.5963783264160156,0.3724172115325928
9949,0.5438266396522522,-0.5358852744102478,-0.7087394595146179,-2.1305956840515137
9950,0.4495457708835602,-0.2886616587638855,-1.3078663349151611,-0.6816961765289307
9951,-1.1698170900344849,1.1854106187820435,0.6137785315513611,-0.33176708221435547
9952,0.2511529326438904,0.3359866142272949,0.11042700707912445,-0.36894556879997253
9953,-0.05557367205619812,0.16078658401966095,-0.6992451548576355,-0.2719818353652954
9954,-1.0107314586639404,1.5350065231323242,-0.8073223829269409,0.9361358880996704
9955,0.5331050157546997,-0.15497355163097382,1.7486319541931152,-0.020741378888487816
9956,-0.3696976602077484,-2.351142168045044,-0.2645062804222107,0.007593173533678055
9957,0.6520561575889587,1.7896533012390137,1.0600584745407104,-0.16754749417304993
9958,1.207273244857788,0.33995482325553894,-0.23868852853775024,0.7846730947494507
9959,0.6170498728752136,0.7544262409210205,-0.9477028250694275,0.5409577488899231
9960,0.5056132078170776,-0.49818480014801025,0.11860446631908417,0.36783692240715027
9961,0.05691983550786972,1.3764071464538574,1.7930805683135986,-0.08205188810825348
9962,0.5624939799308777,0.24854454398155212,1.0710582733154297,2.1672608852386475
9963,0.8545904755592346,-0.891136109828949,1.8496692180633545,1.5164203643798828
9964,-0.6682294011116028,-0.9699278473854065,0.06681989133358002,-2.5706374645233154
9965,-0.3064059615135193,1.7000517845153809,-0.8378309011459351,-0.612812876701355
9966,0.521282970905304,0.6207296848297119,-0.5364813804626465,1.128438949584961
9967,-1.2104641199111938,0.5236254930496216,0.44741520285606384,-0.4293045103549957
9968,0.9772711396217346,0.062172725796699524,-0.6421583890914917,0.4124253988265991
9969,1.966819167137146,-0.5379958152770996,0.2749999761581421,-0.5858785510063171
9970,0.3908098042011261,0.8174980282783508,0.3756067752838135,-0.9775627851486206
9971,1.1490437984466553,2.427064895629883,1.6820716857910156,-0.6628093719482422
9972,0.8537081480026245,0.5784182548522949,0.5874091386795044,-1.8341193199157715
9973,-0.40578433871269226,1.0747168064117432,-1.0054945945739746,-1.226137399673462
9974,-1.2258375883102417,-0.23013615608215332,1.2146092653274536,0.6048847436904907
9975,1.345009207725525,0.7108232378959656,0.35463663935661316,0.0027522817254066467
9976,-0.7581433653831482,-0.6609612107276917,0.34078872203826904,-0.8654033541679382
9977,-0.11841114610433578,2.5367350578308105,1.0053167343139648,-1.0514196157455444
9978,-0.08579125255346298,3.162362813949585,-0.757483184337616,-0.6683405637741089
9979,1.3427101373672485,1.0659035444259644,-0.807331383228302,-1.1882524490356445
9980,0.3010683059692383,0.9233291149139404,-1.5294334888458252,0.31362900137901306
9981,0.28389808535575867,-0.9848455190658569,-0.4093366265296936,-0.4870185852050781
9982,0.3971770405769348,-1.198798418045044,-0.025781046599149704,-0.747712254524231
9983,-0.3662319481372833,1.5970182418823242,0.7670158743858337,0.36317145824432373
9984,0.6227049231529236,-1.4958912134170532,0.11186008155345917,1.0407965183258057
9985,-0.46056491136550903,2.3621816635131836,0.09535165131092072,0.6673582196235657
9986,0.11023841798305511,1.6377835273742676,-0.23409722745418549,0.36543118953704834
9987,0.7913140654563904,-0.41216957569122314,1.4596842527389526,1.104324221611023
9988,-0.7239818572998047,-0.226946622133255,0.596824586391449,-0.42791983485221863
9989,-0.32364699244499207,0.258124977350235,0.10304541885852814,1.1350312232971191
9990,-1.0885517597198486,2.7555806636810303,-0.9531876444816589,-0.3951186239719391
9991,-0.7454845905303955,1.1419901847839355,-0.1793517917394638,0.9562810063362122
9992,-0.5851368308067322,-0.6655416488647461,0.6690986752510071,0.47140491008758545
9993,-0.655552089214325,-0.4296170175075531,-0.11819662153720856,0.18049576878547668
9994,-0.82724529504776,0.16982106864452362,1.1737350225448608,-0.8454549908638
9995,0.6484839916229248,-1.2584283351898193,1.2804980278015137,0.3282872438430786
9996,0.04983802139759064,0.05735769867897034,1.7155117988586426,1.2281086444854736
9997,-1.0454797744750977,-1.3770769834518433,1.4754605293273926,-1.2858803272247314
9998,-1.6298383474349976,0.7387270927429199,1.1140466928482056,-0.6018219590187073
9999,1.6096420288085938,1.2884315252304077,-0.3477577567100525,0.17801062762737274
10000,0.9347968101501465,0.6686024069786072,-1.3500906229019165,-0.7585764527320862
10001,-0.31777215003967285,0.7871200442314148,-0.6119846701622009,-0.13191212713718414
10002,2.6211745738983154,-1.0587700605392456,-0.4375517964363098,-1.7610092163085938
10003,0.32138243317604065,2.746274471282959,1.0392253398895264,2.3348019123077393
10004,-0.49511831998825073,-0.7673168778419495,1.750868558883667,1.3359111547470093
10005,1.0354973077774048,-0.12050081789493561,-1.177703619003296,0.4612957239151001
10006,0.9470881223678589,-0.06226973235607147,0.5661427974700928,1.3212453126907349
10007,-0.502196729183197,1.8997210264205933,-1.4633433818817139,-0.9180941581726074
10008,-0.9904160499572754,-1.1142299175262451,0.7870017290115356,0.14302963018417358
10009,-0.04018836095929146,1.1749554872512817,1.4476101398468018,-1.254362940788269
10010,-0.3138183653354645,1.1231560707092285,-1.1587446928024292,-0.5493045449256897
10011,-0.15356779098510742,-0.03829635679721832,2.1515426635742188,0.3894791603088379
10012,-0.6333440542221069,-1.4773333072662354,1.4022173881530762,-0.1373695731163025
10013,-2.1010351181030273,-1.4210023880004883,0.7075858116149902,-1.8149101734161377
10014,-0.06550620496273041,0.13565388321876526,-0.47276708483695984,0.8227775692939758
10015,1.3886229991912842,0.5257917046546936,0.23950964212417603,0.18943139910697937
10016,0.5323395729064941,0.5633224248886108,0.207249253988266,-0.032638221979141235
10017,-1.6445127725601196,1.4193600416183472,-0.29644569754600525,-0.786674439907074
10018,0.9470611810684204,-0.6370034217834473,1.3944199085235596,-1.2058979272842407
10019,1.0497404336929321,1.7896065711975098,-0.9984396696090698,0.2847185432910919
10020,-1.8743081092834473,0.47348397970199585,-0.3707636594772339,-0.2775288224220276
10021,-0.8537429571151733,0.7491238117218018,-1.5690637826919556,-0.709846556186676
10022,-0.06592638045549393,1.5728727579116821,0.28557318449020386,0.9576203227043152
10023,0.10169532895088196,3.485825777053833,0.5114868879318237,-0.3873589336872101
10024,-0.09573019295930862,-0.47862446308135986,-0.8666953444480896,-1.3980077505111694
10025,-0.37009307742118835,1.0298500061035156,-0.49050045013427734,1.6498754024505615
10026,-1.246268630027771,0.2903248071670532,1.333961009979248,0.009295854717493057
10027,-0.17556187510490417,0.5075448155403137,-0.9067310094833374,0.09878958761692047
10028,-1.1652393341064453,0.9265612959861755,0.624098002910614,-1.1231435537338257
10029,-0.24112312495708466,-1.3428127765655518,1.6709914207458496,-1.7869559526443481
10030,-1.865295171737671,-0.1399531364440918,-2.0624077320098877,-0.016011707484722137
10031,0.3109768331050873,-0.3005989193916321,-1.4311457872390747,0.16233040392398834
10032,-0.036787249147892,-0.14045996963977814,1.8743090629577637,0.4385353922843933
10033,0.5335738658905029,1.1448509693145752,-1.35125732421875,-0.7362042665481567
10034,-0.31000176072120667,1.1659802198410034,-0.9386035203933716,0.878069281578064
10035,0.06794735789299011,1.2155961990356445,-0.15681800246238708,-0.48253166675567627
10036,1.2770203351974487,0.7987490892410278,-0.45683175325393677,-0.30422019958496094
10037,-0.49314144253730774,-1.1848710775375366,-0.4452585279941559,-1.5648117065429688
10038,-0.9489894509315491,-0.4284105896949768,-0.8602265119552612,0.8398960828781128
10039,-0.46428775787353516,0.6904771327972412,0.22886398434638977,0.23343029618263245
10040,-0.14727501571178436,1.425417423248291,-1.4033560752868652,0.7513415813446045
10041,0.6328918933868408,-0.31797102093696594,0.436169296503067,-0.7311095595359802
10042,-0.2487902045249939,0.6769343614578247,0.961062490940094,-1.6109894514083862
10043,0.6330350637435913,1.7305763959884644,-0.0033924393355846405,-0.833674430847168
10044,-1.2134926319122314,0.3927358388900757,-0.1836051046848297,0.4648754894733429
10045,0.4008707106113434,0.8894574642181396,-0.3703992962837219,-1.1895034313201904
10046,-0.6852201223373413,2.620845317840576,1.0223842859268188,0.5243465900421143
10047,0.5434324741363525,-0.2497779279947281,-0.4176749587059021,0.9622913599014282
10048,1.1183152198791504,0.5885390043258667,-0.3307703733444214,-1.3965699672698975
10049,0.6715598702430725,1.2651878595352173,-0.742372989654541,-0.447588175535202
10050,-1.1404942274093628,1.348994493484497,0.409335732460022,0.696620762348175
10051,0.11791124939918518,0.9362937211990356,0.008191276341676712,0.7470847368240356
10052,-0.12226460874080658,2.297264814376831,-0.6521839499473572,-1.152058482170105
10053,-2.052361488342285,-1.3615981340408325,-0.9059122800827026,-0.3676343262195587
10054,-0.3897271752357483,-1.1447975635528564,-0.6358766555786133,-1.6333141326904297
10055,0.47038984298706055,-0.8144505620002747,0.6123769879341125,0.30938684940338135
10056,0.3277219533920288,2.516737222671509,0.2697323262691498,-1.0255993604660034
10057,-1.3256072998046875,-0.15915511548519135,-2.3297154903411865,-0.5038143992424011
10058,0.8883815407752991,0.5066171884536743,0.6437508463859558,2.117206573486328
10059,-0.7838097214698792,-0.3474414348602295,0.07693982124328613,0.4685274362564087
10060,0.6711587309837341,0.18677818775177002,-0.9041028618812561,0.463295578956604
10061,-0.7278211116790771,0.9013037085533142,0.040799580514431,-1.140613317489624
10062,-1.0911643505096436,1.137513518333435,-0.4049305319786072,-2.1705386638641357
10063,0.7862561941146851,1.342860460281372,-0.14910495281219482,-1.9597539901733398
10064,-0.8422457575798035,2.0829739570617676,2.2678873538970947,0.988207995891571
10065,0.5971428751945496,1.0371521711349487,-0.7511531114578247,-0.2772866487503052
10066,-0.564210832118988,0.6061046719551086,0.27348408102989197,1.176483154296875
10067,-1.1051721572875977,-0.4437805414199829,1.971793532371521,-2.4246039390563965
10068,1.508402943611145,0.48720645904541016,-0.41830331087112427,-0.5943931937217712
10069,-0.6366422176361084,-0.12938928604125977,-0.02889430522918701,0.8257483839988708
10070,1.4623477458953857,0.13856323063373566,0.6882432103157043,0.3740018308162689
10071,-1.554526686668396,0.9286144375801086,0.5148614048957825,-2.7667298316955566
10072,0.1932622641324997,-0.02350093424320221,0.2433447241783142,0.39255133271217346
10073,-2.2459769248962402,-1.4604060649871826,-1.0637160539627075,0.027565043419599533
10074,0.06919681280851364,-0.0011558830738067627,1.205548882484436,1.7978994846343994
10075,0.574354350566864,-0.05873118340969086,-0.8592307567596436,1.588369369506836
10076,1.9365912675857544,-0.020232707262039185,-0.4932006895542145,-0.06613251566886902
10077,0.3019539415836334,0.5000902414321899,0.3037456274032593,0.1735132783651352
10078,0.31808438897132874,0.3991202712059021,0.6990079879760742,-0.12894514203071594
10079,-0.3170328140258789,1.0750184059143066,1.7094759941101074,0.665073812007904
10080,-0.49863046407699585,0.9043378233909607,1.5718847513198853,0.2184603214263916
10081,0.7699341177940369,-0.634431779384613,0.04228566586971283,-0.5567580461502075
10082,2.3323609828948975,0.013444378972053528,-1.735507845878601,-0.265195369720459
10083,-2.325084924697876,1.7502726316452026,-0.3634151518344879,0.6794925928115845
10084,0.0895487368106842,-0.8490091562271118,0.1605023294687271,1.4426125288009644
10085,-1.1787995100021362,-0.8500403165817261,-0.10637202858924866,1.8674501180648804
10086,0.5685356259346008,-1.0636062622070312,0.5171113610267639,-1.3126912117004395
10087,0.68732088804245,0.17742423713207245,0.009044969454407692,-0.6754330396652222
10088,-0.06913461536169052,0.12211989611387253,0.97394859790802,-0.03795291483402252
10089,0.42756640911102295,-0.3624171018600464,-0.5075802206993103,-0.25929221510887146
10090,-1.675464153289795,1.1485755443572998,0.3929140865802765,-0.6377519369125366
10091,0.008919799700379372,-0.016852423548698425,-1.2296226024627686,0.2018425017595291
10092,1.4008482694625854,0.3780602216720581,2.4393718242645264,-0.44812503457069397
10093,0.017178412526845932,-1.619457721710205,0.838915228843689,0.7009063959121704
10094,0.4813002049922943,-1.265853762626648,0.41892263293266296,0.19654887914657593
10095,0.44123515486717224,1.9124224185943604,-0.44862303137779236,-0.7613707780838013
10096,0.3362732231616974,-0.4626781940460205,0.46788978576660156,0.15260082483291626
10097,-1.5093380212783813,-0.394456684589386,-0.512382984161377,0.21710358560085297
10098,0.34194841980934143,0.3199435770511627,-0.635369598865509,-0.07357802987098694
10099,-0.9113117456436157,-0.40673983097076416,-0.5980056524276733,0.5934336185455322
10100,0.11685862392187119,0.5583125352859497,-0.01834859512746334,-1.2467972040176392
10101,-1.527735948562622,-1.1319236755371094,-1.1179310083389282,0.7531850934028625
10102,-0.6989133954048157,0.7253033518791199,0.37051641941070557,-1.2459925413131714
10103,-0.5428416728973389,-1.2094810009002686,0.49311602115631104,-0.35397905111312866
10104,0.8245158195495605,0.1562066227197647,-0.2573240399360657,0.5223696827888489
10105,-0.1403443068265915,0.20078667998313904,-0.6477403044700623,0.29568037390708923
10106,-0.22911375761032104,1.5324466228485107,-0.40586864948272705,-0.8782962560653687
10107,-0.7236261367797852,-0.283855140209198,1.8666642904281616,0.1041940301656723
10108,-0.025362757965922356,0.702460765838623,0.7485454082489014,1.4862741231918335
10109,-1.0572826862335205,0.6584226489067078,-0.23419404029846191,0.37544527649879456
10110,-0.6788974404335022,-0.3242063820362091,-0.9800034761428833,0.17565792798995972
10111,-1.3430650234222412,-1.3643461465835571,-1.051173448562622,-0.8773313760757446
10112,-0.5641440153121948,-1.1540964841842651,-0.2517865300178528,-0.12225241214036942
10113,-0.6829641461372375,0.2943103313446045,0.4793632924556732,-0.2513253688812256
10114,-0.7139732241630554,-0.2766188383102417,-0.08892745524644852,-0.27239587903022766
10115,1.5220158100128174,-0.36811214685440063,-0.801978349685669,0.7170711159706116
10116,-2.336796760559082,-0.7479322552680969,-1.3254011869430542,0.5413331985473633
10117,0.1027316153049469,-1.6585627794265747,0.8672733306884766,-0.9864575862884521
10118,0.06698566675186157,-1.2397212982177734,-0.05635929852724075,-0.14832483232021332
10119,-0.43576866388320923,1.9063833951950073,-0.7981341481208801,-1.1833124160766602
10120,-0.747513473033905,1.0677504539489746,-1.1725810766220093,0.2982970178127289
10121,-0.2279203087091446,-1.0754008293151855,-0.42715010046958923,-0.3404885530471802
10122,-0.8935758471488953,-0.11497893929481506,-1.0118145942687988,0.6805755496025085
10123,-0.37128010392189026,-0.27994561195373535,1.8315194845199585,-1.224417805671692
10124,0.10417363792657852,0.1265549212694168,-0.9126943945884705,-0.5126515030860901
10125,0.587765634059906,0.058164410293102264,2.499401807785034,-0.962141752243042
10126,-0.2202269285917282,1.9187582731246948,-1.226491928100586,1.895824670791626
10127,0.4142117500305176,-1.0078531503677368,-0.08735115826129913,0.8769553899765015
10128,0.6627451181411743,0.7244251370429993,-0.3272361755371094,-0.1992347538471222
10129,-0.5021892786026001,-0.38909995555877686,0.2621210217475891,-0.08317916095256805
10130,-1.5250017642974854,0.9311218857765198,-0.33753490447998047,-1.4486478567123413
10131,0.7557613253593445,0.2018333077430725,-0.17858406901359558,-1.0431632995605469
10132,-0.8552946448326111,-0.5802897810935974,0.6962537169456482,-1.824021339416504
10133,1.0255036354064941,0.08117257058620453,0.07823220640420914,0.3763783872127533
10134,-1.0017642974853516,0.20055872201919556,-0.1966017484664917,0.0800366997718811
10135,-0.3103037476539612,-1.5370521545410156,-0.17092111706733704,0.9414434432983398
10136,-0.3243166506290436,1.2197177410125732,-1.2252593040466309,0.7866036891937256
10137,0.9131627082824707,1.2574712038040161,-0.32940372824668884,0.09097705781459808
10138,0.7016704082489014,-0.39921140670776367,-2.356245994567871,-0.6275411248207092
10139,-0.6474626660346985,1.3712217807769775,-0.6940908432006836,0.25463026762008667
10140,0.6874088644981384,1.0616168975830078,0.48813173174858093,-0.5950106382369995
10141,-0.7520331740379333,1.2262606620788574,-0.21910056471824646,0.7472330331802368
10142,0.35212746262550354,-0.2624298930168152,-1.8124239444732666,-1.508324384689331
10143,2.2635066509246826,0.4319821000099182,-1.14909029006958,-2.0774519443511963
10144,-0.7674851417541504,1.6982661485671997,-1.0078377723693848,-0.0848640501499176
10145,-1.6329983472824097,-0.3154727816581726,-1.407022476196289,-0.8397975564002991
10146,-0.08792424201965332,0.17861656844615936,0.9668744206428528,0.705327033996582
10147,-0.09227991104125977,2.7974445819854736,0.2592514157295227,-1.5731639862060547
10148,-1.1557035446166992,-0.8358144760131836,-0.11488959193229675,-0.573230504989624
10149,-0.43497273325920105,-0.43303534388542175,1.8219819068908691,-1.1606271266937256
10150,-1.3880969285964966,0.2652672827243805,0.2542278468608856,0.7097167372703552
10151,0.16665896773338318,-0.3799653649330139,0.1297406256198883,-1.0749595165252686
10152,1.0998286008834839,-0.48651108145713806,-0.4829004406929016,1.0167545080184937
10153,0.9136689901351929,0.5729866027832031,-0.8056183457374573,-0.13010479509830475
10154,-1.2047233581542969,0.03214089572429657,0.8443159461021423,-1.300952672958374
10155,0.5037403106689453,-1.3683315515518188,1.3280529975891113,-0.657278299331665
10156,0.29934293031692505,1.2250276803970337,0.12206174433231354,-1.1919291019439697
10157,0.8327351212501526,1.6018810272216797,-0.2705845832824707,-0.36722421646118164
10158,-0.6022756099700928,-0.3874346613883972,1.2480523586273193,-1.4937744140625
10159,-0.6639676690101624,1.4295240640640259,0.6069929003715515,-0.5105737447738647
10160,0.6560152769088745,-2.4591429233551025,-0.05800238251686096,-0.8824834227561951
10161,0.12572355568408966,2.0000319480895996,0.4455983340740204,-0.859306275844574
10162,0.9183768630027771,0.5145255327224731,1.0819122791290283,0.27436619997024536
10163,0.44217270612716675,0.3369118273258209,-0.22951140999794006,0.9645103812217712
10164,1.6457840204238892,0.03821609169244766,-1.2727822065353394,-0.2073269784450531
10165,0.2724471092224121,0.6242591738700867,0.03239104896783829,-1.3560831546783447
10166,-0.31402692198753357,-0.7861356735229492,0.39528343081474304,-0.549531102180481
10167,2.0548698902130127,0.2199450135231018,-0.5370301008224487,-0.938130795955658
10168,2.0083558559417725,2.210052728652954,-2.4003844261169434,1.8239082098007202
10169,1.5191606283187866,-0.16559050977230072,1.3223247528076172,0.9288007020950317
10170,1.0179733037948608,-0.028145641088485718,-0.8828979134559631,0.02379497140645981
10171,-1.973974347114563,0.4525454044342041,-0.15200383961200714,-0.7870423197746277
10172,-0.5269977450370789,-0.5394161939620972,3.8321129977703094e-05,-0.22813209891319275
10173,0.22652044892311096,1.8668919801712036,-0.3451245427131653,2.1009163856506348
10174,-1.1696857213974,-0.32004594802856445,0.6546919345855713,-1.8774164915084839
10175,1.0024055242538452,1.9427642822265625,-1.1403930187225342,1.1861958503723145
10176,-0.2548776865005493,-0.2297048568725586,-0.943062424659729,0.4377647042274475
10177,0.05496446043252945,1.679141879081726,0.9890208840370178,0.4375026226043701
10178,-1.1975820064544678,1.4874162673950195,1.0425206422805786,1.442842721939087
10179,0.6729397177696228,2.682677984237671,-0.1623097062110901,-0.24685069918632507
10180,0.0483953133225441,0.3579380512237549,-0.2179882973432541,-1.974217176437378
10181,-0.7381004691123962,0.2799595296382904,-2.1774325370788574,1.0343183279037476
10182,0.6667129397392273,0.5750572681427002,-0.66632080078125,0.04564432427287102
10183,-0.12720564007759094,-0.18441112339496613,1.9793146848678589,-0.185992032289505
10184,-0.8694003820419312,-0.5170484781265259,-0.3871050775051117,0.6203505992889404
10185,1.1078588962554932,0.708807110786438,-0.4106331467628479,-0.23037827014923096
10186,-0.24059508740901947,0.8847315907478333,-0.6992818713188171,0.5722737908363342
10187,0.35453975200653076,2.626032829284668,1.0267367362976074,-1.2214980125427246
10188,1.1533111333847046,1.4333066940307617,1.061204433441162,-2.4069178104400635
10189,0.20896384119987488,-1.249783992767334,-0.8542941808700562,-0.2849927246570587
10190,0.8857893943786621,-0.5010023713111877,0.42411136627197266,-1.3911011219024658
10191,0.6716883778572083,-0.3672395944595337,-1.6032449007034302,-0.1905081421136856
10192,-1.296468734741211,1.8106231689453125,2.691119432449341,0.008110474795103073
10193,0.5362514853477478,0.10237666964530945,-0.5622625350952148,-1.5923079252243042
10194,0.7073253989219666,-1.0389039516448975,-1.0397077798843384,-0.7198376059532166
10195,0.35460034012794495,-0.48351019620895386,1.1375361680984497,-2.5783169269561768
10196,1.2262204885482788,0.14236901700496674,0.810655951499939,-1.1986767053604126
10197,-0.7362509369850159,0.5931183695793152,-1.2506000995635986,-1.5394097566604614
10198,-1.4802899360656738,-1.0742864608764648,-0.9173872470855713,-0.05163227394223213
10199,0.6098152995109558,-0.3790581226348877,-1.8791173696517944,0.21203944087028503
10200,0.6398265957832336,0.03546661138534546,-0.11913666874170303,-1.9137670993804932
10201,-0.06293939799070358,-0.19849734008312225,-0.07663019746541977,-0.6411431431770325
10202,-0.7346451878547668,0.7225252985954285,-0.14875054359436035,-0.09354376792907715
10203,0.2563338875770569,-0.4615599513053894,-0.9504857659339905,1.0986965894699097
10204,-0.44744521379470825,0.8943554759025574,-2.1859591007232666,0.1624268889427185
10205,-1.185929298400879,1.1567730903625488,1.9704571962356567,0.3290480971336365
10206,1.7361209392547607,1.0117945671081543,1.5510143041610718,-0.6182376742362976
10207,-2.2615740299224854,0.24668654799461365,0.6057871580123901,0.7418314814567566
10208,-0.141793355345726,-1.1502838134765625,0.4821075201034546,1.177091121673584
10209,-0.6779773235321045,-0.9947630763053894,0.26589033007621765,0.8654005527496338
10210,-0.560433030128479,-0.6538152694702148,-0.3399198353290558,1.0877093076705933
10211,0.7640345692634583,-0.49152255058288574,1.2230316400527954,-0.4451279640197754
10212,0.6286444664001465,-1.2765190601348877,-0.14545175433158875,0.33274492621421814
10213,-0.27119356393814087,-0.05736649036407471,-0.9741317629814148,-0.20019352436065674
10214,-0.6087385416030884,-0.7233583331108093,-0.731177031993866,0.8986897468566895
10215,-0.5692296624183655,1.0183104276657104,0.6117004156112671,1.621834397315979
10216,0.4561384916305542,0.7636516094207764,0.23869827389717102,-0.6521048545837402
10217,0.04157814010977745,-0.7333857417106628,-1.1431621313095093,1.9378589391708374
10218,-0.21023054420948029,-0.06801749765872955,0.8879169225692749,0.1573363095521927
10219,0.6894112229347229,-1.2631274461746216,1.0961850881576538,-0.6684417128562927
10220,1.0404160022735596,0.036125220358371735,-1.2669062614440918,1.4663938283920288
10221,-0.5370604395866394,-0.09503647685050964,-0.5595387816429138,1.0955874919891357
10222,0.2722284495830536,0.08337926119565964,0.34066519141197205,0.12189865112304688
10223,0.7992628812789917,0.5407143235206604,1.1843675374984741,-1.7904678583145142
10224,-1.8292559385299683,1.5321273803710938,2.8708999156951904,-0.8983846306800842
10225,-0.29604804515838623,-0.9373384118080139,-0.6580089926719666,0.26817765831947327
10226,0.01195340882986784,0.7358148097991943,1.4624979496002197,0.41565975546836853
10227,-0.4565972685813904,1.457633137702942,-0.011545608751475811,1.583849310874939
10228,-0.3950984477996826,-0.8890936374664307,0.7402421832084656,0.6653580069541931
10229,0.31910693645477295,1.0692806243896484,0.5378953814506531,-0.058802612125873566
10230,-1.3070183992385864,-0.8369636535644531,0.31656986474990845,0.6325042247772217
10231,-0.8495127558708191,0.9570423364639282,0.09214791655540466,1.0942769050598145
10232,0.27781814336776733,0.5760734677314758,0.0946451798081398,1.6013444662094116
10233,-0.29657498002052307,-0.5042798519134521,-0.3760996460914612,-0.6474133133888245
10234,0.34223073720932007,1.1838452816009521,-0.8306438326835632,0.9459162950515747
10235,2.485307216644287,0.36646580696105957,0.8715370893478394,0.386957585811615
10236,1.429320216178894,-1.9272313117980957,1.1552575826644897,0.9996212124824524
10237,-2.3060853481292725,-0.28406959772109985,1.1160361766815186,-0.6891115307807922
10238,0.30825451016426086,0.9339438676834106,0.9990994930267334,1.6879401206970215
10239,-1.0238724946975708,1.3847852945327759,-0.03653215989470482,0.6651327013969421
10240,0.07980963587760925,-1.823911428451538,-0.7456530332565308,-2.0840530395507812
